{"type":"FeatureCollection","features":[{"type":"Feature","geometry":{"type":"Point","coordinates":[19.81985,50.043294]},"properties":{"name":"Bielany","band":0,"modes":"bus","arr":["102","609"],"off":[0,-0.8]}},{"type":"Feature","geometry":{"type":"Point","coordinates":[19.81985,50.043294]},"properties":{"line":"102","mode":"bus","color":"#0059a9","colorDark":"#00294f","band":0,"off":[-1.7,1.1]}},{"type":"Feature","geometry":{"type":"Point","coordinates":[19.81985,50.043294]},"properties":{"line":"609","mode":"bus","color":"#0059a9","colorDark":"#00294f","band":0,"off":[1.7,1.1]}},{"type":"Feature","geometry":{"type":"Point","coordinates":[19.903677,50.063013]},"properties":{"name":"Cichy Kącik","band":0,"modes":"bus","arr":["706"],"off":[0,-0.8]}},{"type":"Feature","geometry":{"type":"Point","coordinates":[19.903677,50.063013]},"properties":{"line":"706","mode":"bus","color":"#0059a9","colorDark":"#00294f","band":0,"off":[0,1.1]}},{"type":"Feature","geometry":{"type":"Point","coordinates":[19.931992,50.08864]},"properties":{"name":"Krowodrza Górka P+R","band":0,"modes":"tram,bus","arr":["3","5","102","168","194","207","220","227","240","267","290","937"],"off":[0,-0.8]}},{"type":"Feature","geometry":{"type":"Point","coordinates":[19.931992,50.08864]},"properties":{"line":"3","mode":"tram","color":"#d6212b","colorDark":"#7c1116","band":0,"off":[-6.8,1.1]}},{"type":"Feature","geometry":{"type":"Point","coordinates":[19.931992,50.08864]},"properties":{"line":"5","mode":"tram","color":"#d6212b","colorDark":"#7c1116","band":0,"off":[-3.4,1.1]}},{"type":"Feature","geometry":{"type":"Point","coordinates":[19.931992,50.08864]},"properties":{"line":"102","mode":"bus","color":"#0059a9","colorDark":"#00294f","band":0,"off":[0,1.1]}},{"type":"Feature","geometry":{"type":"Point","coordinates":[19.931992,50.08864]},"properties":{"line":"168","mode":"bus","color":"#0059a9","colorDark":"#00294f","band":0,"off":[3.4,1.1]}},{"type":"Feature","geometry":{"type":"Point","coordinates":[19.931992,50.08864]},"properties":{"line":"194","mode":"bus","color":"#0059a9","colorDark":"#00294f","band":0,"off":[6.8,1.1]}},{"type":"Feature","geometry":{"type":"Point","coordinates":[19.931992,50.08864]},"properties":{"line":"207","mode":"bus","color":"#0059a9","colorDark":"#00294f","band":0,"off":[-6.8,3.1]}},{"type":"Feature","geometry":{"type":"Point","coordinates":[19.931992,50.08864]},"properties":{"line":"220","mode":"bus","color":"#0059a9","colorDark":"#00294f","band":0,"off":[-3.4,3.1]}},{"type":"Feature","geometry":{"type":"Point","coordinates":[19.931992,50.08864]},"properties":{"line":"227","mode":"bus","color":"#0059a9","colorDark":"#00294f","band":0,"off":[0,3.1]}},{"type":"Feature","geometry":{"type":"Point","coordinates":[19.931992,50.08864]},"properties":{"line":"240","mode":"bus","color":"#0059a9","colorDark":"#00294f","band":0,"off":[3.4,3.1]}},{"type":"Feature","geometry":{"type":"Point","coordinates":[19.931992,50.08864]},"properties":{"line":"267","mode":"bus","color":"#0059a9","colorDark":"#00294f","band":0,"off":[6.8,3.1]}},{"type":"Feature","geometry":{"type":"Point","coordinates":[19.931992,50.08864]},"properties":{"line":"290","mode":"bus","color":"#0059a9","colorDark":"#00294f","band":0,"off":[-1.7,5.1]}},{"type":"Feature","geometry":{"type":"Point","coordinates":[19.931992,50.08864]},"properties":{"line":"937","mode":"bus","color":"#0059a9","colorDark":"#00294f","band":0,"off":[1.7,5.1]}},{"type":"Feature","geometry":{"type":"Point","coordinates":[19.927736,49.999781]},"properties":{"name":"Swoszowice SKA","band":0,"modes":"bus","arr":["104","155"],"off":[0,-0.8]}},{"type":"Feature","geometry":{"type":"Point","coordinates":[19.927736,49.999781]},"properties":{"line":"104","mode":"bus","color":"#0059a9","colorDark":"#00294f","band":0,"off":[-1.7,1.1]}},{"type":"Feature","geometry":{"type":"Point","coordinates":[19.927736,49.999781]},"properties":{"line":"155","mode":"bus","color":"#0059a9","colorDark":"#00294f","band":0,"off":[1.7,1.1]}},{"type":"Feature","geometry":{"type":"Point","coordinates":[19.89718,49.998657]},"properties":{"name":"Os. Pod Fortem","band":0,"modes":"bus","arr":["151","191","194","494","608"],"off":[0,-0.8]}},{"type":"Feature","geometry":{"type":"Point","coordinates":[19.89718,49.998657]},"properties":{"line":"151","mode":"bus","color":"#0059a9","colorDark":"#00294f","band":0,"off":[-6.8,1.1]}},{"type":"Feature","geometry":{"type":"Point","coordinates":[19.89718,49.998657]},"properties":{"line":"191","mode":"bus","color":"#0059a9","colorDark":"#00294f","band":0,"off":[-3.4,1.1]}},{"type":"Feature","geometry":{"type":"Point","coordinates":[19.89718,49.998657]},"properties":{"line":"194","mode":"bus","color":"#0059a9","colorDark":"#00294f","band":0,"off":[0,1.1]}},{"type":"Feature","geometry":{"type":"Point","coordinates":[19.89718,49.998657]},"properties":{"line":"494","mode":"bus","color":"#0059a9","colorDark":"#00294f","band":0,"off":[3.4,1.1]}},{"type":"Feature","geometry":{"type":"Point","coordinates":[19.89718,49.998657]},"properties":{"line":"608","mode":"bus","color":"#0059a9","colorDark":"#00294f","band":0,"off":[6.8,1.1]}},{"type":"Feature","geometry":{"type":"Point","coordinates":[19.889249,50.01809]},"properties":{"name":"Czerwone Maki P+R","band":0,"modes":"tram,bus","arr":["11","17","18","52","62","104","116","156","203","204","223","233","253","283","476","662","903"],"off":[0,-0.8],"sc":0.9}},{"type":"Feature","geometry":{"type":"Point","coordinates":[19.889249,50.01809]},"properties":{"line":"11","mode":"tram","color":"#d6212b","colorDark":"#7c1116","band":0,"sc":0.9,"off":[-6.8,1.1]}},{"type":"Feature","geometry":{"type":"Point","coordinates":[19.889249,50.01809]},"properties":{"line":"17","mode":"tram","color":"#d6212b","colorDark":"#7c1116","band":0,"sc":0.9,"off":[-3.4,1.1]}},{"type":"Feature","geometry":{"type":"Point","coordinates":[19.889249,50.01809]},"properties":{"line":"18","mode":"tram","color":"#d6212b","colorDark":"#7c1116","band":0,"sc":0.9,"off":[0,1.1]}},{"type":"Feature","geometry":{"type":"Point","coordinates":[19.889249,50.01809]},"properties":{"line":"52","mode":"tram","color":"#d6212b","colorDark":"#7c1116","band":0,"sc":0.9,"off":[3.4,1.1]}},{"type":"Feature","geometry":{"type":"Point","coordinates":[19.889249,50.01809]},"properties":{"line":"62","mode":"tram","color":"#d6212b","colorDark":"#7c1116","band":0,"sc":0.9,"off":[6.8,1.1]}},{"type":"Feature","geometry":{"type":"Point","coordinates":[19.889249,50.01809]},"properties":{"line":"104","mode":"bus","color":"#0059a9","colorDark":"#00294f","band":0,"sc":0.9,"off":[-6.8,3.1]}},{"type":"Feature","geometry":{"type":"Point","coordinates":[19.889249,50.01809]},"properties":{"line":"116","mode":"bus","color":"#0059a9","colorDark":"#00294f","band":0,"sc":0.9,"off":[-3.4,3.1]}},{"type":"Feature","geometry":{"type":"Point","coordinates":[19.889249,50.01809]},"properties":{"line":"156","mode":"bus","color":"#0059a9","colorDark":"#00294f","band":0,"sc":0.9,"off":[0,3.1]}},{"type":"Feature","geometry":{"type":"Point","coordinates":[19.889249,50.01809]},"properties":{"line":"203","mode":"bus","color":"#0059a9","colorDark":"#00294f","band":0,"sc":0.9,"off":[3.4,3.1]}},{"type":"Feature","geometry":{"type":"Point","coordinates":[19.889249,50.01809]},"properties":{"line":"204","mode":"bus","color":"#0059a9","colorDark":"#00294f","band":0,"sc":0.9,"off":[6.8,3.1]}},{"type":"Feature","geometry":{"type":"Point","coordinates":[19.889249,50.01809]},"properties":{"line":"223","mode":"bus","color":"#0059a9","colorDark":"#00294f","band":0,"sc":0.9,"off":[-6.8,5.1]}},{"type":"Feature","geometry":{"type":"Point","coordinates":[19.889249,50.01809]},"properties":{"line":"233","mode":"bus","color":"#0059a9","colorDark":"#00294f","band":0,"sc":0.9,"off":[-3.4,5.1]}},{"type":"Feature","geometry":{"type":"Point","coordinates":[19.889249,50.01809]},"properties":{"line":"253","mode":"bus","color":"#0059a9","colorDark":"#00294f","band":0,"sc":0.9,"off":[0,5.1]}},{"type":"Feature","geometry":{"type":"Point","coordinates":[19.889249,50.01809]},"properties":{"line":"283","mode":"bus","color":"#0059a9","colorDark":"#00294f","band":0,"sc":0.9,"off":[3.4,5.1]}},{"type":"Feature","geometry":{"type":"Point","coordinates":[19.889249,50.01809]},"properties":{"line":"476","mode":"bus","color":"#0059a9","colorDark":"#00294f","band":0,"sc":0.9,"off":[6.8,5.1]}},{"type":"Feature","geometry":{"type":"Point","coordinates":[19.889249,50.01809]},"properties":{"line":"662","mode":"bus","color":"#0059a9","colorDark":"#00294f","band":0,"sc":0.9,"off":[-1.7,7.1]}},{"type":"Feature","geometry":{"type":"Point","coordinates":[19.889249,50.01809]},"properties":{"line":"903","mode":"bus","color":"#0059a9","colorDark":"#00294f","band":0,"sc":0.9,"off":[1.7,7.1]}},{"type":"Feature","geometry":{"type":"Point","coordinates":[20.012427,50.102005]},"properties":{"name":"Os. Piastów","band":0,"modes":"tram,bus","arr":["21","52","64","105","664"],"off":[0,-0.8]}},{"type":"Feature","geometry":{"type":"Point","coordinates":[20.012427,50.102005]},"properties":{"line":"21","mode":"tram","color":"#d6212b","colorDark":"#7c1116","band":0,"off":[-6.8,1.1]}},{"type":"Feature","geometry":{"type":"Point","coordinates":[20.012427,50.102005]},"properties":{"line":"52","mode":"tram","color":"#d6212b","colorDark":"#7c1116","band":0,"off":[-3.4,1.1]}},{"type":"Feature","geometry":{"type":"Point","coordinates":[20.012427,50.102005]},"properties":{"line":"64","mode":"tram","color":"#d6212b","colorDark":"#7c1116","band":0,"off":[0,1.1]}},{"type":"Feature","geometry":{"type":"Point","coordinates":[20.012427,50.102005]},"properties":{"line":"105","mode":"bus","color":"#0059a9","colorDark":"#00294f","band":0,"off":[3.4,1.1]}},{"type":"Feature","geometry":{"type":"Point","coordinates":[20.012427,50.102005]},"properties":{"line":"664","mode":"bus","color":"#0059a9","colorDark":"#00294f","band":0,"off":[6.8,1.1]}},{"type":"Feature","geometry":{"type":"Point","coordinates":[19.974273,50.09678]},"properties":{"name":"Prądnik Czerwony P+R","band":0,"modes":"bus","arr":["199","250","260","270","405","610"],"off":[0,-0.8]}},{"type":"Feature","geometry":{"type":"Point","coordinates":[19.974273,50.09678]},"properties":{"line":"199","mode":"bus","color":"#0059a9","colorDark":"#00294f","band":0,"off":[-6.8,1.1]}},{"type":"Feature","geometry":{"type":"Point","coordinates":[19.974273,50.09678]},"properties":{"line":"250","mode":"bus","color":"#0059a9","colorDark":"#00294f","band":0,"off":[-3.4,1.1]}},{"type":"Feature","geometry":{"type":"Point","coordinates":[19.974273,50.09678]},"properties":{"line":"260","mode":"bus","color":"#0059a9","colorDark":"#00294f","band":0,"off":[0,1.1]}},{"type":"Feature","geometry":{"type":"Point","coordinates":[19.974273,50.09678]},"properties":{"line":"270","mode":"bus","color":"#0059a9","colorDark":"#00294f","band":0,"off":[3.4,1.1]}},{"type":"Feature","geometry":{"type":"Point","coordinates":[19.974273,50.09678]},"properties":{"line":"405","mode":"bus","color":"#0059a9","colorDark":"#00294f","band":0,"off":[6.8,1.1]}},{"type":"Feature","geometry":{"type":"Point","coordinates":[19.974273,50.09678]},"properties":{"line":"610","mode":"bus","color":"#0059a9","colorDark":"#00294f","band":0,"off":[0,3.1]}},{"type":"Feature","geometry":{"type":"Point","coordinates":[19.946089,50.067322]},"properties":{"name":"Teatr Słowackiego","band":0,"modes":"bus","arr":["105","125","130","132","179","182","192","304","317","405","482","605","609","902"],"off":[0,-0.8],"sc":0.95}},{"type":"Feature","geometry":{"type":"Point","coordinates":[19.946089,50.067322]},"properties":{"name":"Dworzec Główny Zachód","band":0,"modes":"bus","arr":["105","125","130","132","179","182","192","304","317","405","482","605","609","902"],"off":[0,-1.9],"sc":0.95}},{"type":"Feature","geometry":{"type":"Point","coordinates":[19.946089,50.067322]},"properties":{"name":"Dworzec Główny Wschód","band":0,"modes":"bus","arr":["105","125","130","132","179","182","192","304","317","405","482","605","609","902"],"off":[0,-4.1],"sc":0.95}},{"type":"Feature","geometry":{"type":"Point","coordinates":[19.946089,50.067322]},"properties":{"line":"105","mode":"bus","color":"#0059a9","colorDark":"#00294f","band":0,"sc":0.95,"off":[-6.8,1.1]}},{"type":"Feature","geometry":{"type":"Point","coordinates":[19.946089,50.067322]},"properties":{"line":"125","mode":"bus","color":"#0059a9","colorDark":"#00294f","band":0,"sc":0.95,"off":[-3.4,1.1]}},{"type":"Feature","geometry":{"type":"Point","coordinates":[19.946089,50.067322]},"properties":{"line":"130","mode":"bus","color":"#0059a9","colorDark":"#00294f","band":0,"sc":0.95,"off":[0,1.1]}},{"type":"Feature","geometry":{"type":"Point","coordinates":[19.946089,50.067322]},"properties":{"line":"132","mode":"bus","color":"#0059a9","colorDark":"#00294f","band":0,"sc":0.95,"off":[3.4,1.1]}},{"type":"Feature","geometry":{"type":"Point","coordinates":[19.946089,50.067322]},"properties":{"line":"179","mode":"bus","color":"#0059a9","colorDark":"#00294f","band":0,"sc":0.95,"off":[6.8,1.1]}},{"type":"Feature","geometry":{"type":"Point","coordinates":[19.946089,50.067322]},"properties":{"line":"182","mode":"bus","color":"#0059a9","colorDark":"#00294f","band":0,"sc":0.95,"off":[-6.8,3.1]}},{"type":"Feature","geometry":{"type":"Point","coordinates":[19.946089,50.067322]},"properties":{"line":"192","mode":"bus","color":"#0059a9","colorDark":"#00294f","band":0,"sc":0.95,"off":[-3.4,3.1]}},{"type":"Feature","geometry":{"type":"Point","coordinates":[19.946089,50.067322]},"properties":{"line":"304","mode":"bus","color":"#0059a9","colorDark":"#00294f","band":0,"sc":0.95,"off":[0,3.1]}},{"type":"Feature","geometry":{"type":"Point","coordinates":[19.946089,50.067322]},"properties":{"line":"317","mode":"bus","color":"#0059a9","colorDark":"#00294f","band":0,"sc":0.95,"off":[3.4,3.1]}},{"type":"Feature","geometry":{"type":"Point","coordinates":[19.946089,50.067322]},"properties":{"line":"405","mode":"bus","color":"#0059a9","colorDark":"#00294f","band":0,"sc":0.95,"off":[6.8,3.1]}},{"type":"Feature","geometry":{"type":"Point","coordinates":[19.946089,50.067322]},"properties":{"line":"482","mode":"bus","color":"#0059a9","colorDark":"#00294f","band":0,"sc":0.95,"off":[-5.1,5.1]}},{"type":"Feature","geometry":{"type":"Point","coordinates":[19.946089,50.067322]},"properties":{"line":"605","mode":"bus","color":"#0059a9","colorDark":"#00294f","band":0,"sc":0.95,"off":[-1.7,5.1]}},{"type":"Feature","geometry":{"type":"Point","coordinates":[19.946089,50.067322]},"properties":{"line":"609","mode":"bus","color":"#0059a9","colorDark":"#00294f","band":0,"sc":0.95,"off":[1.7,5.1]}},{"type":"Feature","geometry":{"type":"Point","coordinates":[19.946089,50.067322]},"properties":{"line":"902","mode":"bus","color":"#0059a9","colorDark":"#00294f","band":0,"sc":0.95,"off":[5.1,5.1]}},{"type":"Feature","geometry":{"type":"Point","coordinates":[19.96038,50.023325]},"properties":{"name":"Zajezdnia Wola Duchacka","band":0,"modes":"bus","arr":["107","169"],"off":[0,-0.8]}},{"type":"Feature","geometry":{"type":"Point","coordinates":[19.96038,50.023325]},"properties":{"line":"107","mode":"bus","color":"#0059a9","colorDark":"#00294f","band":0,"off":[-1.7,1.1]}},{"type":"Feature","geometry":{"type":"Point","coordinates":[19.96038,50.023325]},"properties":{"line":"169","mode":"bus","color":"#0059a9","colorDark":"#00294f","band":0,"off":[1.7,1.1]}},{"type":"Feature","geometry":{"type":"Point","coordinates":[19.990101,49.979669]},"properties":{"name":"Soboniowice","band":0,"modes":"bus","arr":["107"],"off":[0,-0.8]}},{"type":"Feature","geometry":{"type":"Point","coordinates":[19.990101,49.979669]},"properties":{"line":"107","mode":"bus","color":"#0059a9","colorDark":"#00294f","band":0,"off":[0,1.1]}},{"type":"Feature","geometry":{"type":"Point","coordinates":[20.117277,50.07294]},"properties":{"name":"Pleszów","band":0,"modes":"tram,bus","arr":["10","21","111","160","161","171","211","271"],"off":[0,-0.8]}},{"type":"Feature","geometry":{"type":"Point","coordinates":[20.117277,50.07294]},"properties":{"line":"10","mode":"tram","color":"#d6212b","colorDark":"#7c1116","band":0,"off":[-6.8,1.1]}},{"type":"Feature","geometry":{"type":"Point","coordinates":[20.117277,50.07294]},"properties":{"line":"21","mode":"tram","color":"#d6212b","colorDark":"#7c1116","band":0,"off":[-3.4,1.1]}},{"type":"Feature","geometry":{"type":"Point","coordinates":[20.117277,50.07294]},"properties":{"line":"111","mode":"bus","color":"#0059a9","colorDark":"#00294f","band":0,"off":[0,1.1]}},{"type":"Feature","geometry":{"type":"Point","coordinates":[20.117277,50.07294]},"properties":{"line":"160","mode":"bus","color":"#0059a9","colorDark":"#00294f","band":0,"off":[3.4,1.1]}},{"type":"Feature","geometry":{"type":"Point","coordinates":[20.117277,50.07294]},"properties":{"line":"161","mode":"bus","color":"#0059a9","colorDark":"#00294f","band":0,"off":[6.8,1.1]}},{"type":"Feature","geometry":{"type":"Point","coordinates":[20.117277,50.07294]},"properties":{"line":"171","mode":"bus","color":"#0059a9","colorDark":"#00294f","band":0,"off":[-3.4,3.1]}},{"type":"Feature","geometry":{"type":"Point","coordinates":[20.117277,50.07294]},"properties":{"line":"211","mode":"bus","color":"#0059a9","colorDark":"#00294f","band":0,"off":[0,3.1]}},{"type":"Feature","geometry":{"type":"Point","coordinates":[20.117277,50.07294]},"properties":{"line":"271","mode":"bus","color":"#0059a9","colorDark":"#00294f","band":0,"off":[3.4,3.1]}},{"type":"Feature","geometry":{"type":"Point","coordinates":[19.932715,50.046697]},"properties":{"name":"Os. Podwawelskie","band":0,"modes":"bus","arr":["112","124","126","146","162","219","300","424"],"off":[0,-0.8]}},{"type":"Feature","geometry":{"type":"Point","coordinates":[19.932715,50.046697]},"properties":{"line":"112","mode":"bus","color":"#0059a9","colorDark":"#00294f","band":0,"off":[-6.8,1.1]}},{"type":"Feature","geometry":{"type":"Point","coordinates":[19.932715,50.046697]},"properties":{"line":"124","mode":"bus","color":"#0059a9","colorDark":"#00294f","band":0,"off":[-3.4,1.1]}},{"type":"Feature","geometry":{"type":"Point","coordinates":[19.932715,50.046697]},"properties":{"line":"126","mode":"bus","color":"#0059a9","colorDark":"#00294f","band":0,"off":[0,1.1]}},{"type":"Feature","geometry":{"type":"Point","coordinates":[19.932715,50.046697]},"properties":{"line":"146","mode":"bus","color":"#0059a9","colorDark":"#00294f","band":0,"off":[3.4,1.1]}},{"type":"Feature","geometry":{"type":"Point","coordinates":[19.932715,50.046697]},"properties":{"line":"162","mode":"bus","color":"#0059a9","colorDark":"#00294f","band":0,"off":[6.8,1.1]}},{"type":"Feature","geometry":{"type":"Point","coordinates":[19.932715,50.046697]},"properties":{"line":"219","mode":"bus","color":"#0059a9","colorDark":"#00294f","band":0,"off":[-3.4,3.1]}},{"type":"Feature","geometry":{"type":"Point","coordinates":[19.932715,50.046697]},"properties":{"line":"300","mode":"bus","color":"#0059a9","colorDark":"#00294f","band":0,"off":[0,3.1]}},{"type":"Feature","geometry":{"type":"Point","coordinates":[19.932715,50.046697]},"properties":{"line":"424","mode":"bus","color":"#0059a9","colorDark":"#00294f","band":0,"off":[3.4,3.1]}},{"type":"Feature","geometry":{"type":"Point","coordinates":[19.814497,50.008312]},"properties":{"name":"Tyniec Kamieniołom","band":0,"modes":"bus","arr":["112"],"off":[0,-0.8]}},{"type":"Feature","geometry":{"type":"Point","coordinates":[19.814497,50.008312]},"properties":{"line":"112","mode":"bus","color":"#0059a9","colorDark":"#00294f","band":0,"off":[0,1.1]}},{"type":"Feature","geometry":{"type":"Point","coordinates":[19.844449,50.006403]},"properties":{"name":"Podgórki Tynieckie","band":0,"modes":"bus","arr":["116","162"],"off":[0,-0.8]}},{"type":"Feature","geometry":{"type":"Point","coordinates":[19.844449,50.006403]},"properties":{"line":"116","mode":"bus","color":"#0059a9","colorDark":"#00294f","band":0,"off":[-1.7,1.1]}},{"type":"Feature","geometry":{"type":"Point","coordinates":[19.844449,50.006403]},"properties":{"line":"162","mode":"bus","color":"#0059a9","colorDark":"#00294f","band":0,"off":[1.7,1.1]}},{"type":"Feature","geometry":{"type":"Point","coordinates":[19.880909,50.080862]},"properties":{"name":"Bronowice Małe","band":0,"modes":"bus","arr":["120","126","200","210","218","228","230","238","248","258","268","278","288","298","572","664","910","918","948"],"off":[0,-0.8],"sc":0.87}},{"type":"Feature","geometry":{"type":"Point","coordinates":[19.880909,50.080862]},"properties":{"line":"120","mode":"bus","color":"#0059a9","colorDark":"#00294f","band":0,"sc":0.87,"off":[-6.8,1.1]}},{"type":"Feature","geometry":{"type":"Point","coordinates":[19.880909,50.080862]},"properties":{"line":"126","mode":"bus","color":"#0059a9","colorDark":"#00294f","band":0,"sc":0.87,"off":[-3.4,1.1]}},{"type":"Feature","geometry":{"type":"Point","coordinates":[19.880909,50.080862]},"properties":{"line":"200","mode":"bus","color":"#0059a9","colorDark":"#00294f","band":0,"sc":0.87,"off":[0,1.1]}},{"type":"Feature","geometry":{"type":"Point","coordinates":[19.880909,50.080862]},"properties":{"line":"210","mode":"bus","color":"#0059a9","colorDark":"#00294f","band":0,"sc":0.87,"off":[3.4,1.1]}},{"type":"Feature","geometry":{"type":"Point","coordinates":[19.880909,50.080862]},"properties":{"line":"218","mode":"bus","color":"#0059a9","colorDark":"#00294f","band":0,"sc":0.87,"off":[6.8,1.1]}},{"type":"Feature","geometry":{"type":"Point","coordinates":[19.880909,50.080862]},"properties":{"line":"228","mode":"bus","color":"#0059a9","colorDark":"#00294f","band":0,"sc":0.87,"off":[-6.8,3.1]}},{"type":"Feature","geometry":{"type":"Point","coordinates":[19.880909,50.080862]},"properties":{"line":"230","mode":"bus","color":"#0059a9","colorDark":"#00294f","band":0,"sc":0.87,"off":[-3.4,3.1]}},{"type":"Feature","geometry":{"type":"Point","coordinates":[19.880909,50.080862]},"properties":{"line":"238","mode":"bus","color":"#0059a9","colorDark":"#00294f","band":0,"sc":0.87,"off":[0,3.1]}},{"type":"Feature","geometry":{"type":"Point","coordinates":[19.880909,50.080862]},"properties":{"line":"248","mode":"bus","color":"#0059a9","colorDark":"#00294f","band":0,"sc":0.87,"off":[3.4,3.1]}},{"type":"Feature","geometry":{"type":"Point","coordinates":[19.880909,50.080862]},"properties":{"line":"258","mode":"bus","color":"#0059a9","colorDark":"#00294f","band":0,"sc":0.87,"off":[6.8,3.1]}},{"type":"Feature","geometry":{"type":"Point","coordinates":[19.880909,50.080862]},"properties":{"line":"268","mode":"bus","color":"#0059a9","colorDark":"#00294f","band":0,"sc":0.87,"off":[-6.8,5.1]}},{"type":"Feature","geometry":{"type":"Point","coordinates":[19.880909,50.080862]},"properties":{"line":"278","mode":"bus","color":"#0059a9","colorDark":"#00294f","band":0,"sc":0.87,"off":[-3.4,5.1]}},{"type":"Feature","geometry":{"type":"Point","coordinates":[19.880909,50.080862]},"properties":{"line":"288","mode":"bus","color":"#0059a9","colorDark":"#00294f","band":0,"sc":0.87,"off":[0,5.1]}},{"type":"Feature","geometry":{"type":"Point","coordinates":[19.880909,50.080862]},"properties":{"line":"298","mode":"bus","color":"#0059a9","colorDark":"#00294f","band":0,"sc":0.87,"off":[3.4,5.1]}},{"type":"Feature","geometry":{"type":"Point","coordinates":[19.880909,50.080862]},"properties":{"line":"572","mode":"bus","color":"#0059a9","colorDark":"#00294f","band":0,"sc":0.87,"off":[6.8,5.1]}},{"type":"Feature","geometry":{"type":"Point","coordinates":[19.880909,50.080862]},"properties":{"line":"664","mode":"bus","color":"#0059a9","colorDark":"#00294f","band":0,"sc":0.87,"off":[-5.1,7.1]}},{"type":"Feature","geometry":{"type":"Point","coordinates":[19.880909,50.080862]},"properties":{"line":"910","mode":"bus","color":"#0059a9","colorDark":"#00294f","band":0,"sc":0.87,"off":[-1.7,7.1]}},{"type":"Feature","geometry":{"type":"Point","coordinates":[19.880909,50.080862]},"properties":{"line":"918","mode":"bus","color":"#0059a9","colorDark":"#00294f","band":0,"sc":0.87,"off":[1.7,7.1]}},{"type":"Feature","geometry":{"type":"Point","coordinates":[19.880909,50.080862]},"properties":{"line":"948","mode":"bus","color":"#0059a9","colorDark":"#00294f","band":0,"sc":0.87,"off":[5.1,7.1]}},{"type":"Feature","geometry":{"type":"Point","coordinates":[19.938258,50.075395]},"properties":{"name":"Nowy Kleparz","band":0,"modes":"tram,bus","arr":["14","17","120","140","189","301","337","420"],"off":[0,-0.8]}},{"type":"Feature","geometry":{"type":"Point","coordinates":[19.938258,50.075395]},"properties":{"name":"Dworzec Towarowy","band":0,"modes":"tram,bus","arr":["14","17","120","140","189","301","337","420"],"off":[0,-1.9]}},{"type":"Feature","geometry":{"type":"Point","coordinates":[19.938258,50.075395]},"properties":{"line":"14","mode":"tram","color":"#d6212b","colorDark":"#7c1116","band":0,"off":[-6.8,1.1]}},{"type":"Feature","geometry":{"type":"Point","coordinates":[19.938258,50.075395]},"properties":{"line":"17","mode":"tram","color":"#d6212b","colorDark":"#7c1116","band":0,"off":[-3.4,1.1]}},{"type":"Feature","geometry":{"type":"Point","coordinates":[19.938258,50.075395]},"properties":{"line":"120","mode":"bus","color":"#0059a9","colorDark":"#00294f","band":0,"off":[0,1.1]}},{"type":"Feature","geometry":{"type":"Point","coordinates":[19.938258,50.075395]},"properties":{"line":"140","mode":"bus","color":"#0059a9","colorDark":"#00294f","band":0,"off":[3.4,1.1]}},{"type":"Feature","geometry":{"type":"Point","coordinates":[19.938258,50.075395]},"properties":{"line":"189","mode":"bus","color":"#0059a9","colorDark":"#00294f","band":0,"off":[6.8,1.1]}},{"type":"Feature","geometry":{"type":"Point","coordinates":[19.938258,50.075395]},"properties":{"line":"301","mode":"bus","color":"#0059a9","colorDark":"#00294f","band":0,"off":[-3.4,3.1]}},{"type":"Feature","geometry":{"type":"Point","coordinates":[19.938258,50.075395]},"properties":{"line":"337","mode":"bus","color":"#0059a9","colorDark":"#00294f","band":0,"off":[0,3.1]}},{"type":"Feature","geometry":{"type":"Point","coordinates":[19.938258,50.075395]},"properties":{"line":"420","mode":"bus","color":"#0059a9","colorDark":"#00294f","band":0,"off":[3.4,3.1]}},{"type":"Feature","geometry":{"type":"Point","coordinates":[19.926829,50.012217]},"properties":{"name":"Borek Fałęcki","band":0,"modes":"tram,bus","arr":["22","50","121","151","175","191","214","215","225","235","243","245","254","255","265","275","285","293","475"],"off":[0,-0.8],"sc":0.87}},{"type":"Feature","geometry":{"type":"Point","coordinates":[19.926829,50.012217]},"properties":{"line":"22","mode":"tram","color":"#d6212b","colorDark":"#7c1116","band":0,"sc":0.87,"off":[-6.8,1.1]}},{"type":"Feature","geometry":{"type":"Point","coordinates":[19.926829,50.012217]},"properties":{"line":"50","mode":"tram","color":"#d6212b","colorDark":"#7c1116","band":0,"sc":0.87,"off":[-3.4,1.1]}},{"type":"Feature","geometry":{"type":"Point","coordinates":[19.926829,50.012217]},"properties":{"line":"121","mode":"bus","color":"#0059a9","colorDark":"#00294f","band":0,"sc":0.87,"off":[0,1.1]}},{"type":"Feature","geometry":{"type":"Point","coordinates":[19.926829,50.012217]},"properties":{"line":"151","mode":"bus","color":"#0059a9","colorDark":"#00294f","band":0,"sc":0.87,"off":[3.4,1.1]}},{"type":"Feature","geometry":{"type":"Point","coordinates":[19.926829,50.012217]},"properties":{"line":"175","mode":"bus","color":"#0059a9","colorDark":"#00294f","band":0,"sc":0.87,"off":[6.8,1.1]}},{"type":"Feature","geometry":{"type":"Point","coordinates":[19.926829,50.012217]},"properties":{"line":"191","mode":"bus","color":"#0059a9","colorDark":"#00294f","band":0,"sc":0.87,"off":[-6.8,3.1]}},{"type":"Feature","geometry":{"type":"Point","coordinates":[19.926829,50.012217]},"properties":{"line":"214","mode":"bus","color":"#0059a9","colorDark":"#00294f","band":0,"sc":0.87,"off":[-3.4,3.1]}},{"type":"Feature","geometry":{"type":"Point","coordinates":[19.926829,50.012217]},"properties":{"line":"215","mode":"bus","color":"#0059a9","colorDark":"#00294f","band":0,"sc":0.87,"off":[0,3.1]}},{"type":"Feature","geometry":{"type":"Point","coordinates":[19.926829,50.012217]},"properties":{"line":"225","mode":"bus","color":"#0059a9","colorDark":"#00294f","band":0,"sc":0.87,"off":[3.4,3.1]}},{"type":"Feature","geometry":{"type":"Point","coordinates":[19.926829,50.012217]},"properties":{"line":"235","mode":"bus","color":"#0059a9","colorDark":"#00294f","band":0,"sc":0.87,"off":[6.8,3.1]}},{"type":"Feature","geometry":{"type":"Point","coordinates":[19.926829,50.012217]},"properties":{"line":"243","mode":"bus","color":"#0059a9","colorDark":"#00294f","band":0,"sc":0.87,"off":[-6.8,5.1]}},{"type":"Feature","geometry":{"type":"Point","coordinates":[19.926829,50.012217]},"properties":{"line":"245","mode":"bus","color":"#0059a9","colorDark":"#00294f","band":0,"sc":0.87,"off":[-3.4,5.1]}},{"type":"Feature","geometry":{"type":"Point","coordinates":[19.926829,50.012217]},"properties":{"line":"254","mode":"bus","color":"#0059a9","colorDark":"#00294f","band":0,"sc":0.87,"off":[0,5.1]}},{"type":"Feature","geometry":{"type":"Point","coordinates":[19.926829,50.012217]},"properties":{"line":"255","mode":"bus","color":"#0059a9","colorDark":"#00294f","band":0,"sc":0.87,"off":[3.4,5.1]}},{"type":"Feature","geometry":{"type":"Point","coordinates":[19.926829,50.012217]},"properties":{"line":"265","mode":"bus","color":"#0059a9","colorDark":"#00294f","band":0,"sc":0.87,"off":[6.8,5.1]}},{"type":"Feature","geometry":{"type":"Point","coordinates":[19.926829,50.012217]},"properties":{"line":"275","mode":"bus","color":"#0059a9","colorDark":"#00294f","band":0,"sc":0.87,"off":[-5.1,7.1]}},{"type":"Feature","geometry":{"type":"Point","coordinates":[19.926829,50.012217]},"properties":{"line":"285","mode":"bus","color":"#0059a9","colorDark":"#00294f","band":0,"sc":0.87,"off":[-1.7,7.1]}},{"type":"Feature","geometry":{"type":"Point","coordinates":[19.926829,50.012217]},"properties":{"line":"293","mode":"bus","color":"#0059a9","colorDark":"#00294f","band":0,"sc":0.87,"off":[1.7,7.1]}},{"type":"Feature","geometry":{"type":"Point","coordinates":[19.926829,50.012217]},"properties":{"line":"475","mode":"bus","color":"#0059a9","colorDark":"#00294f","band":0,"sc":0.87,"off":[5.1,7.1]}},{"type":"Feature","geometry":{"type":"Point","coordinates":[19.911619,49.995364]},"properties":{"name":"Kliny Poranne","band":0,"modes":"bus","arr":["121"],"off":[0,-0.8]}},{"type":"Feature","geometry":{"type":"Point","coordinates":[19.911619,49.995364]},"properties":{"line":"121","mode":"bus","color":"#0059a9","colorDark":"#00294f","band":0,"off":[0,1.1]}},{"type":"Feature","geometry":{"type":"Point","coordinates":[20.033967,50.075209]},"properties":{"name":"Aleja Przyjaźni","band":0,"modes":"bus","arr":["122","160","572"],"off":[0,-0.8]}},{"type":"Feature","geometry":{"type":"Point","coordinates":[20.033967,50.075209]},"properties":{"line":"122","mode":"bus","color":"#0059a9","colorDark":"#00294f","band":0,"off":[-3.4,1.1]}},{"type":"Feature","geometry":{"type":"Point","coordinates":[20.033967,50.075209]},"properties":{"line":"160","mode":"bus","color":"#0059a9","colorDark":"#00294f","band":0,"off":[0,1.1]}},{"type":"Feature","geometry":{"type":"Point","coordinates":[20.033967,50.075209]},"properties":{"line":"572","mode":"bus","color":"#0059a9","colorDark":"#00294f","band":0,"off":[3.4,1.1]}},{"type":"Feature","geometry":{"type":"Point","coordinates":[20.03276,50.091185]},"properties":{"name":"Zajezdnia Bieńczyce","band":0,"modes":"bus","arr":["601"],"off":[0,-0.8]}},{"type":"Feature","geometry":{"type":"Point","coordinates":[20.03276,50.091185]},"properties":{"line":"601","mode":"bus","color":"#0059a9","colorDark":"#00294f","band":0,"off":[0,1.1]}},{"type":"Feature","geometry":{"type":"Point","coordinates":[20.043839,50.106225]},"properties":{"name":"Zesławice","band":0,"modes":"bus","arr":["122"],"off":[0,-0.8]}},{"type":"Feature","geometry":{"type":"Point","coordinates":[20.043839,50.106225]},"properties":{"line":"122","mode":"bus","color":"#0059a9","colorDark":"#00294f","band":0,"off":[0,1.1]}},{"type":"Feature","geometry":{"type":"Point","coordinates":[19.998167,50.09516]},"properties":{"name":"Mistrzejowice","band":0,"modes":"tram,bus","arr":["14","123","482"],"off":[0,-0.8]}},{"type":"Feature","geometry":{"type":"Point","coordinates":[19.998167,50.09516]},"properties":{"name":"Miśnieńska","band":0,"modes":"tram,bus","arr":["14","123","482"],"off":[0,-1.9]}},{"type":"Feature","geometry":{"type":"Point","coordinates":[19.998167,50.09516]},"properties":{"line":"14","mode":"tram","color":"#d6212b","colorDark":"#7c1116","band":0,"off":[-3.4,1.1]}},{"type":"Feature","geometry":{"type":"Point","coordinates":[19.998167,50.09516]},"properties":{"line":"123","mode":"bus","color":"#0059a9","colorDark":"#00294f","band":0,"off":[0,1.1]}},{"type":"Feature","geometry":{"type":"Point","coordinates":[19.998167,50.09516]},"properties":{"line":"482","mode":"bus","color":"#0059a9","colorDark":"#00294f","band":0,"off":[3.4,1.1]}},{"type":"Feature","geometry":{"type":"Point","coordinates":[20.00118,50.040177]},"properties":{"name":"Mały Płaszów P+R","band":0,"modes":"tram,bus","arr":["11","20","76","123","195","221","264"],"off":[0,-0.8]}},{"type":"Feature","geometry":{"type":"Point","coordinates":[20.00118,50.040177]},"properties":{"line":"11","mode":"tram","color":"#d6212b","colorDark":"#7c1116","band":0,"off":[-6.8,1.1]}},{"type":"Feature","geometry":{"type":"Point","coordinates":[20.00118,50.040177]},"properties":{"line":"20","mode":"tram","color":"#d6212b","colorDark":"#7c1116","band":0,"off":[-3.4,1.1]}},{"type":"Feature","geometry":{"type":"Point","coordinates":[20.00118,50.040177]},"properties":{"line":"76","mode":"tram","color":"#d6212b","colorDark":"#7c1116","band":0,"off":[0,1.1]}},{"type":"Feature","geometry":{"type":"Point","coordinates":[20.00118,50.040177]},"properties":{"line":"123","mode":"bus","color":"#0059a9","colorDark":"#00294f","band":0,"off":[3.4,1.1]}},{"type":"Feature","geometry":{"type":"Point","coordinates":[20.00118,50.040177]},"properties":{"line":"195","mode":"bus","color":"#0059a9","colorDark":"#00294f","band":0,"off":[6.8,1.1]}},{"type":"Feature","geometry":{"type":"Point","coordinates":[20.00118,50.040177]},"properties":{"line":"221","mode":"bus","color":"#0059a9","colorDark":"#00294f","band":0,"off":[-1.7,3.1]}},{"type":"Feature","geometry":{"type":"Point","coordinates":[20.00118,50.040177]},"properties":{"line":"264","mode":"bus","color":"#0059a9","colorDark":"#00294f","band":0,"off":[1.7,3.1]}},{"type":"Feature","geometry":{"type":"Point","coordinates":[20.045374,50.054047]},"properties":{"name":"Lesisko","band":0,"modes":"bus","arr":["149"],"off":[0,-0.8]}},{"type":"Feature","geometry":{"type":"Point","coordinates":[20.045374,50.054047]},"properties":{"line":"149","mode":"bus","color":"#0059a9","colorDark":"#00294f","band":0,"off":[0,1.1]}},{"type":"Feature","geometry":{"type":"Point","coordinates":[19.983764,50.071975]},"properties":{"name":"TAURON Arena Kraków Wieczysta","band":0,"modes":"tram,bus","arr":["49","124"],"off":[0,-0.8]}},{"type":"Feature","geometry":{"type":"Point","coordinates":[19.983764,50.071975]},"properties":{"line":"49","mode":"tram","color":"#d6212b","colorDark":"#7c1116","band":0,"off":[-1.7,1.1]}},{"type":"Feature","geometry":{"type":"Point","coordinates":[19.983764,50.071975]},"properties":{"line":"124","mode":"bus","color":"#0059a9","colorDark":"#00294f","band":0,"off":[1.7,1.1]}},{"type":"Feature","geometry":{"type":"Point","coordinates":[20.051215,50.021847]},"properties":{"name":"Złocień","band":0,"modes":"bus","arr":["125","605"],"off":[0,-0.8]}},{"type":"Feature","geometry":{"type":"Point","coordinates":[20.051215,50.021847]},"properties":{"line":"125","mode":"bus","color":"#0059a9","colorDark":"#00294f","band":0,"off":[-1.7,1.1]}},{"type":"Feature","geometry":{"type":"Point","coordinates":[20.051215,50.021847]},"properties":{"line":"605","mode":"bus","color":"#0059a9","colorDark":"#00294f","band":0,"off":[1.7,1.1]}},{"type":"Feature","geometry":{"type":"Point","coordinates":[19.962874,50.042128]},"properties":{"name":"Podgórze SKA","band":0,"modes":"bus","arr":["127","155","158"],"off":[0,-0.8]}},{"type":"Feature","geometry":{"type":"Point","coordinates":[19.962874,50.042128]},"properties":{"line":"127","mode":"bus","color":"#0059a9","colorDark":"#00294f","band":0,"off":[-3.4,1.1]}},{"type":"Feature","geometry":{"type":"Point","coordinates":[19.962874,50.042128]},"properties":{"line":"155","mode":"bus","color":"#0059a9","colorDark":"#00294f","band":0,"off":[0,1.1]}},{"type":"Feature","geometry":{"type":"Point","coordinates":[19.962874,50.042128]},"properties":{"line":"158","mode":"bus","color":"#0059a9","colorDark":"#00294f","band":0,"off":[3.4,1.1]}},{"type":"Feature","geometry":{"type":"Point","coordinates":[19.995285,50.034046]},"properties":{"name":"Bagry","band":0,"modes":"bus","arr":["127"],"off":[0,-0.8]}},{"type":"Feature","geometry":{"type":"Point","coordinates":[19.995285,50.034046]},"properties":{"line":"127","mode":"bus","color":"#0059a9","colorDark":"#00294f","band":0,"off":[0,1.1]}},{"type":"Feature","geometry":{"type":"Point","coordinates":[20.011678,50.035488]},"properties":{"name":"Zajezdnia Płaszów","band":0,"modes":"bus","arr":["128","148"],"off":[0,-0.8]}},{"type":"Feature","geometry":{"type":"Point","coordinates":[20.011678,50.035488]},"properties":{"line":"128","mode":"bus","color":"#0059a9","colorDark":"#00294f","band":0,"off":[-1.7,1.1]}},{"type":"Feature","geometry":{"type":"Point","coordinates":[20.011678,50.035488]},"properties":{"line":"148","mode":"bus","color":"#0059a9","colorDark":"#00294f","band":0,"off":[1.7,1.1]}},{"type":"Feature","geometry":{"type":"Point","coordinates":[19.961146,50.103866]},"properties":{"name":"Papierni Prądnickich","band":0,"modes":"tram,bus","arr":["18","50","69","75","128","169","217","247","257","277","280","297","469","503","669","917"],"off":[0,-0.8],"sc":0.92}},{"type":"Feature","geometry":{"type":"Point","coordinates":[19.961146,50.103866]},"properties":{"name":"Górka Narodowa P+R","band":0,"modes":"tram,bus","arr":["18","50","69","75","128","169","217","247","257","277","280","297","469","503","669","917"],"off":[0,-3],"sc":0.92}},{"type":"Feature","geometry":{"type":"Point","coordinates":[19.961146,50.103866]},"properties":{"line":"18","mode":"tram","color":"#d6212b","colorDark":"#7c1116","band":0,"sc":0.92,"off":[-6.8,1.1]}},{"type":"Feature","geometry":{"type":"Point","coordinates":[19.961146,50.103866]},"properties":{"line":"50","mode":"tram","color":"#d6212b","colorDark":"#7c1116","band":0,"sc":0.92,"off":[-3.4,1.1]}},{"type":"Feature","geometry":{"type":"Point","coordinates":[19.961146,50.103866]},"properties":{"line":"69","mode":"tram","color":"#d6212b","colorDark":"#7c1116","band":0,"sc":0.92,"off":[0,1.1]}},{"type":"Feature","geometry":{"type":"Point","coordinates":[19.961146,50.103866]},"properties":{"line":"75","mode":"tram","color":"#d6212b","colorDark":"#7c1116","band":0,"sc":0.92,"off":[3.4,1.1]}},{"type":"Feature","geometry":{"type":"Point","coordinates":[19.961146,50.103866]},"properties":{"line":"128","mode":"bus","color":"#0059a9","colorDark":"#00294f","band":0,"sc":0.92,"off":[6.8,1.1]}},{"type":"Feature","geometry":{"type":"Point","coordinates":[19.961146,50.103866]},"properties":{"line":"169","mode":"bus","color":"#0059a9","colorDark":"#00294f","band":0,"sc":0.92,"off":[-6.8,3.1]}},{"type":"Feature","geometry":{"type":"Point","coordinates":[19.961146,50.103866]},"properties":{"line":"217","mode":"bus","color":"#0059a9","colorDark":"#00294f","band":0,"sc":0.92,"off":[-3.4,3.1]}},{"type":"Feature","geometry":{"type":"Point","coordinates":[19.961146,50.103866]},"properties":{"line":"247","mode":"bus","color":"#0059a9","colorDark":"#00294f","band":0,"sc":0.92,"off":[0,3.1]}},{"type":"Feature","geometry":{"type":"Point","coordinates":[19.961146,50.103866]},"properties":{"line":"257","mode":"bus","color":"#0059a9","colorDark":"#00294f","band":0,"sc":0.92,"off":[3.4,3.1]}},{"type":"Feature","geometry":{"type":"Point","coordinates":[19.961146,50.103866]},"properties":{"line":"277","mode":"bus","color":"#0059a9","colorDark":"#00294f","band":0,"sc":0.92,"off":[6.8,3.1]}},{"type":"Feature","geometry":{"type":"Point","coordinates":[19.961146,50.103866]},"properties":{"line":"280","mode":"bus","color":"#0059a9","colorDark":"#00294f","band":0,"sc":0.92,"off":[-6.8,5.1]}},{"type":"Feature","geometry":{"type":"Point","coordinates":[19.961146,50.103866]},"properties":{"line":"297","mode":"bus","color":"#0059a9","colorDark":"#00294f","band":0,"sc":0.92,"off":[-3.4,5.1]}},{"type":"Feature","geometry":{"type":"Point","coordinates":[19.961146,50.103866]},"properties":{"line":"469","mode":"bus","color":"#0059a9","colorDark":"#00294f","band":0,"sc":0.92,"off":[0,5.1]}},{"type":"Feature","geometry":{"type":"Point","coordinates":[19.961146,50.103866]},"properties":{"line":"503","mode":"bus","color":"#0059a9","colorDark":"#00294f","band":0,"sc":0.92,"off":[3.4,5.1]}},{"type":"Feature","geometry":{"type":"Point","coordinates":[19.961146,50.103866]},"properties":{"line":"669","mode":"bus","color":"#0059a9","colorDark":"#00294f","band":0,"sc":0.92,"off":[6.8,5.1]}},{"type":"Feature","geometry":{"type":"Point","coordinates":[19.961146,50.103866]},"properties":{"line":"917","mode":"bus","color":"#0059a9","colorDark":"#00294f","band":0,"sc":0.92,"off":[0,7.1]}},{"type":"Feature","geometry":{"type":"Point","coordinates":[19.908846,50.086781]},"properties":{"name":"Azory","band":0,"modes":"bus","arr":["130","138","173","494"],"off":[0,-0.8]}},{"type":"Feature","geometry":{"type":"Point","coordinates":[19.908846,50.086781]},"properties":{"line":"130","mode":"bus","color":"#0059a9","colorDark":"#00294f","band":0,"off":[-5.1,1.1]}},{"type":"Feature","geometry":{"type":"Point","coordinates":[19.908846,50.086781]},"properties":{"line":"138","mode":"bus","color":"#0059a9","colorDark":"#00294f","band":0,"off":[-1.7,1.1]}},{"type":"Feature","geometry":{"type":"Point","coordinates":[19.908846,50.086781]},"properties":{"line":"173","mode":"bus","color":"#0059a9","colorDark":"#00294f","band":0,"off":[1.7,1.1]}},{"type":"Feature","geometry":{"type":"Point","coordinates":[19.908846,50.086781]},"properties":{"line":"494","mode":"bus","color":"#0059a9","colorDark":"#00294f","band":0,"off":[5.1,1.1]}},{"type":"Feature","geometry":{"type":"Point","coordinates":[20.066521,50.078569]},"properties":{"name":"Kombinat","band":0,"modes":"bus","arr":["132","138","139","174","242","272"],"off":[0,-0.8]}},{"type":"Feature","geometry":{"type":"Point","coordinates":[20.066521,50.078569]},"properties":{"line":"132","mode":"bus","color":"#0059a9","colorDark":"#00294f","band":0,"off":[-6.8,1.1]}},{"type":"Feature","geometry":{"type":"Point","coordinates":[20.066521,50.078569]},"properties":{"line":"138","mode":"bus","color":"#0059a9","colorDark":"#00294f","band":0,"off":[-3.4,1.1]}},{"type":"Feature","geometry":{"type":"Point","coordinates":[20.066521,50.078569]},"properties":{"line":"139","mode":"bus","color":"#0059a9","colorDark":"#00294f","band":0,"off":[0,1.1]}},{"type":"Feature","geometry":{"type":"Point","coordinates":[20.066521,50.078569]},"properties":{"line":"174","mode":"bus","color":"#0059a9","colorDark":"#00294f","band":0,"off":[3.4,1.1]}},{"type":"Feature","geometry":{"type":"Point","coordinates":[20.066521,50.078569]},"properties":{"line":"242","mode":"bus","color":"#0059a9","colorDark":"#00294f","band":0,"off":[6.8,1.1]}},{"type":"Feature","geometry":{"type":"Point","coordinates":[20.066521,50.078569]},"properties":{"line":"272","mode":"bus","color":"#0059a9","colorDark":"#00294f","band":0,"off":[0,3.1]}},{"type":"Feature","geometry":{"type":"Point","coordinates":[19.922589,50.05849]},"properties":{"name":"Cracovia Stadion","band":0,"modes":"bus","arr":["134","307"],"off":[0,-0.8]}},{"type":"Feature","geometry":{"type":"Point","coordinates":[19.922589,50.05849]},"properties":{"line":"134","mode":"bus","color":"#0059a9","colorDark":"#00294f","band":0,"off":[-1.7,1.1]}},{"type":"Feature","geometry":{"type":"Point","coordinates":[19.922589,50.05849]},"properties":{"line":"307","mode":"bus","color":"#0059a9","colorDark":"#00294f","band":0,"off":[1.7,1.1]}},{"type":"Feature","geometry":{"type":"Point","coordinates":[19.85538,50.055082]},"properties":{"name":"ZOO","band":0,"modes":"bus","arr":["134"],"off":[0,-0.8]}},{"type":"Feature","geometry":{"type":"Point","coordinates":[19.85538,50.055082]},"properties":{"line":"134","mode":"bus","color":"#0059a9","colorDark":"#00294f","band":0,"off":[0,1.1]}},{"type":"Feature","geometry":{"type":"Point","coordinates":[19.899008,50.070696]},"properties":{"name":"Przybyszewskiego","band":0,"modes":"bus","arr":["139"],"off":[0,-0.8]}},{"type":"Feature","geometry":{"type":"Point","coordinates":[19.899008,50.070696]},"properties":{"line":"139","mode":"bus","color":"#0059a9","colorDark":"#00294f","band":0,"off":[0,1.1]}},{"type":"Feature","geometry":{"type":"Point","coordinates":[19.89403,50.08625]},"properties":{"name":"Radzikowskiego Osiedle","band":0,"modes":"bus","arr":["140"],"off":[0,-0.8]}},{"type":"Feature","geometry":{"type":"Point","coordinates":[19.89403,50.08625]},"properties":{"line":"140","mode":"bus","color":"#0059a9","colorDark":"#00294f","band":0,"off":[0,1.1]}},{"type":"Feature","geometry":{"type":"Point","coordinates":[20.011008,50.006305]},"properties":{"name":"Rżąka","band":0,"modes":"bus","arr":["144","195"],"off":[0,-0.8]}},{"type":"Feature","geometry":{"type":"Point","coordinates":[20.011008,50.006305]},"properties":{"line":"144","mode":"bus","color":"#0059a9","colorDark":"#00294f","band":0,"off":[-1.7,1.1]}},{"type":"Feature","geometry":{"type":"Point","coordinates":[20.011008,50.006305]},"properties":{"line":"195","mode":"bus","color":"#0059a9","colorDark":"#00294f","band":0,"off":[1.7,1.1]}},{"type":"Feature","geometry":{"type":"Point","coordinates":[19.930328,50.096258]},"properties":{"name":"Prądnik Biały","band":0,"modes":"bus","arr":["144","904"],"off":[0,-0.8]}},{"type":"Feature","geometry":{"type":"Point","coordinates":[19.930328,50.096258]},"properties":{"line":"144","mode":"bus","color":"#0059a9","colorDark":"#00294f","band":0,"off":[-1.7,1.1]}},{"type":"Feature","geometry":{"type":"Point","coordinates":[19.930328,50.096258]},"properties":{"line":"904","mode":"bus","color":"#0059a9","colorDark":"#00294f","band":0,"off":[1.7,1.1]}},{"type":"Feature","geometry":{"type":"Point","coordinates":[19.811858,50.041919]},"properties":{"name":"Bielany Obwodnica","band":0,"modes":"bus","arr":["146"],"off":[0,-0.8]}},{"type":"Feature","geometry":{"type":"Point","coordinates":[19.811858,50.041919]},"properties":{"line":"146","mode":"bus","color":"#0059a9","colorDark":"#00294f","band":0,"off":[0,1.1]}},{"type":"Feature","geometry":{"type":"Point","coordinates":[20.015141,50.075117]},"properties":{"name":"Czyżyny Dworzec","band":0,"modes":"bus","arr":["148","202","212","222","232","262","611"],"off":[0,-0.8]}},{"type":"Feature","geometry":{"type":"Point","coordinates":[20.015141,50.075117]},"properties":{"line":"148","mode":"bus","color":"#0059a9","colorDark":"#00294f","band":0,"off":[-6.8,1.1]}},{"type":"Feature","geometry":{"type":"Point","coordinates":[20.015141,50.075117]},"properties":{"line":"202","mode":"bus","color":"#0059a9","colorDark":"#00294f","band":0,"off":[-3.4,1.1]}},{"type":"Feature","geometry":{"type":"Point","coordinates":[20.015141,50.075117]},"properties":{"line":"212","mode":"bus","color":"#0059a9","colorDark":"#00294f","band":0,"off":[0,1.1]}},{"type":"Feature","geometry":{"type":"Point","coordinates":[20.015141,50.075117]},"properties":{"line":"222","mode":"bus","color":"#0059a9","colorDark":"#00294f","band":0,"off":[3.4,1.1]}},{"type":"Feature","geometry":{"type":"Point","coordinates":[20.015141,50.075117]},"properties":{"line":"232","mode":"bus","color":"#0059a9","colorDark":"#00294f","band":0,"off":[6.8,1.1]}},{"type":"Feature","geometry":{"type":"Point","coordinates":[20.015141,50.075117]},"properties":{"line":"262","mode":"bus","color":"#0059a9","colorDark":"#00294f","band":0,"off":[-1.7,3.1]}},{"type":"Feature","geometry":{"type":"Point","coordinates":[20.015141,50.075117]},"properties":{"line":"611","mode":"bus","color":"#0059a9","colorDark":"#00294f","band":0,"off":[1.7,3.1]}},{"type":"Feature","geometry":{"type":"Point","coordinates":[20.064063,50.099457]},"properties":{"name":"Szpital Okulistyczny","band":0,"modes":"bus","arr":["149"],"off":[0,-0.8]}},{"type":"Feature","geometry":{"type":"Point","coordinates":[20.064063,50.099457]},"properties":{"line":"149","mode":"bus","color":"#0059a9","colorDark":"#00294f","band":0,"off":[0,1.1]}},{"type":"Feature","geometry":{"type":"Point","coordinates":[20.003628,50.009332]},"properties":{"name":"Miejskie Centrum Opieki","band":0,"modes":"bus","arr":["153","513"],"off":[0,-0.8]}},{"type":"Feature","geometry":{"type":"Point","coordinates":[20.003628,50.009332]},"properties":{"line":"153","mode":"bus","color":"#0059a9","colorDark":"#00294f","band":0,"off":[-1.7,1.1]}},{"type":"Feature","geometry":{"type":"Point","coordinates":[20.003628,50.009332]},"properties":{"line":"513","mode":"bus","color":"#0059a9","colorDark":"#00294f","band":0,"off":[1.7,1.1]}},{"type":"Feature","geometry":{"type":"Point","coordinates":[20.052868,50.008396]},"properties":{"name":"Bieżanów Potrzask","band":0,"modes":"bus","arr":["153"],"off":[0,-0.8]}},{"type":"Feature","geometry":{"type":"Point","coordinates":[20.052868,50.008396]},"properties":{"line":"153","mode":"bus","color":"#0059a9","colorDark":"#00294f","band":0,"off":[0,1.1]}},{"type":"Feature","geometry":{"type":"Point","coordinates":[20.020573,50.014492]},"properties":{"name":"Nowy Bieżanów Południe","band":0,"modes":"tram,bus","arr":["3","9","13","49","69","173","234","244","274","284","503","669"],"off":[0,-0.8]}},{"type":"Feature","geometry":{"type":"Point","coordinates":[20.020573,50.014492]},"properties":{"name":"Nowy Bieżanów P+R","band":0,"modes":"tram,bus","arr":["3","9","13","49","69","173","234","244","274","284","503","669"],"off":[0,-3]}},{"type":"Feature","geometry":{"type":"Point","coordinates":[20.020573,50.014492]},"properties":{"line":"3","mode":"tram","color":"#d6212b","colorDark":"#7c1116","band":0,"off":[-6.8,1.1]}},{"type":"Feature","geometry":{"type":"Point","coordinates":[20.020573,50.014492]},"properties":{"line":"9","mode":"tram","color":"#d6212b","colorDark":"#7c1116","band":0,"off":[-3.4,1.1]}},{"type":"Feature","geometry":{"type":"Point","coordinates":[20.020573,50.014492]},"properties":{"line":"13","mode":"tram","color":"#d6212b","colorDark":"#7c1116","band":0,"off":[0,1.1]}},{"type":"Feature","geometry":{"type":"Point","coordinates":[20.020573,50.014492]},"properties":{"line":"49","mode":"tram","color":"#d6212b","colorDark":"#7c1116","band":0,"off":[3.4,1.1]}},{"type":"Feature","geometry":{"type":"Point","coordinates":[20.020573,50.014492]},"properties":{"line":"69","mode":"tram","color":"#d6212b","colorDark":"#7c1116","band":0,"off":[6.8,1.1]}},{"type":"Feature","geometry":{"type":"Point","coordinates":[20.020573,50.014492]},"properties":{"line":"173","mode":"bus","color":"#0059a9","colorDark":"#00294f","band":0,"off":[-6.8,3.1]}},{"type":"Feature","geometry":{"type":"Point","coordinates":[20.020573,50.014492]},"properties":{"line":"234","mode":"bus","color":"#0059a9","colorDark":"#00294f","band":0,"off":[-3.4,3.1]}},{"type":"Feature","geometry":{"type":"Point","coordinates":[20.020573,50.014492]},"properties":{"line":"244","mode":"bus","color":"#0059a9","colorDark":"#00294f","band":0,"off":[0,3.1]}},{"type":"Feature","geometry":{"type":"Point","coordinates":[20.020573,50.014492]},"properties":{"line":"274","mode":"bus","color":"#0059a9","colorDark":"#00294f","band":0,"off":[3.4,3.1]}},{"type":"Feature","geometry":{"type":"Point","coordinates":[20.020573,50.014492]},"properties":{"line":"284","mode":"bus","color":"#0059a9","colorDark":"#00294f","band":0,"off":[6.8,3.1]}},{"type":"Feature","geometry":{"type":"Point","coordinates":[20.020573,50.014492]},"properties":{"line":"503","mode":"bus","color":"#0059a9","colorDark":"#00294f","band":0,"off":[-1.7,5.1]}},{"type":"Feature","geometry":{"type":"Point","coordinates":[20.020573,50.014492]},"properties":{"line":"669","mode":"bus","color":"#0059a9","colorDark":"#00294f","band":0,"off":[1.7,5.1]}},{"type":"Feature","geometry":{"type":"Point","coordinates":[19.872223,49.988466]},"properties":{"name":"Sidzina","band":0,"modes":"bus","arr":["156","175","475","610"],"off":[0,-0.8]}},{"type":"Feature","geometry":{"type":"Point","coordinates":[19.872223,49.988466]},"properties":{"line":"156","mode":"bus","color":"#0059a9","colorDark":"#00294f","band":0,"off":[-5.1,1.1]}},{"type":"Feature","geometry":{"type":"Point","coordinates":[19.872223,49.988466]},"properties":{"line":"175","mode":"bus","color":"#0059a9","colorDark":"#00294f","band":0,"off":[-1.7,1.1]}},{"type":"Feature","geometry":{"type":"Point","coordinates":[19.872223,49.988466]},"properties":{"line":"475","mode":"bus","color":"#0059a9","colorDark":"#00294f","band":0,"off":[1.7,1.1]}},{"type":"Feature","geometry":{"type":"Point","coordinates":[19.872223,49.988466]},"properties":{"line":"610","mode":"bus","color":"#0059a9","colorDark":"#00294f","band":0,"off":[5.1,1.1]}},{"type":"Feature","geometry":{"type":"Point","coordinates":[20.060015,50.047636]},"properties":{"name":"Podwierzbie","band":0,"modes":"bus","arr":["158"],"off":[0,-0.8]}},{"type":"Feature","geometry":{"type":"Point","coordinates":[20.060015,50.047636]},"properties":{"line":"158","mode":"bus","color":"#0059a9","colorDark":"#00294f","band":0,"off":[0,1.1]}},{"type":"Feature","geometry":{"type":"Point","coordinates":[19.852131,50.028654]},"properties":{"name":"Kostrze OSP","band":0,"modes":"bus","arr":["176","476"],"off":[0,-0.8]}},{"type":"Feature","geometry":{"type":"Point","coordinates":[19.852131,50.028654]},"properties":{"line":"176","mode":"bus","color":"#0059a9","colorDark":"#00294f","band":0,"off":[-1.7,1.1]}},{"type":"Feature","geometry":{"type":"Point","coordinates":[19.852131,50.028654]},"properties":{"line":"476","mode":"bus","color":"#0059a9","colorDark":"#00294f","band":0,"off":[1.7,1.1]}},{"type":"Feature","geometry":{"type":"Point","coordinates":[19.970085,50.015255]},"properties":{"name":"Piaski Nowe","band":0,"modes":"bus","arr":["164"],"off":[0,-0.8]}},{"type":"Feature","geometry":{"type":"Point","coordinates":[19.970085,50.015255]},"properties":{"line":"164","mode":"bus","color":"#0059a9","colorDark":"#00294f","band":0,"off":[0,1.1]}},{"type":"Feature","geometry":{"type":"Point","coordinates":[19.840191,50.090888]},"properties":{"name":"Mydlniki Wapiennik P+R","band":0,"modes":"bus","arr":["164","199","601"],"off":[0,-0.8]}},{"type":"Feature","geometry":{"type":"Point","coordinates":[19.840191,50.090888]},"properties":{"line":"164","mode":"bus","color":"#0059a9","colorDark":"#00294f","band":0,"off":[-3.4,1.1]}},{"type":"Feature","geometry":{"type":"Point","coordinates":[19.840191,50.090888]},"properties":{"line":"199","mode":"bus","color":"#0059a9","colorDark":"#00294f","band":0,"off":[0,1.1]}},{"type":"Feature","geometry":{"type":"Point","coordinates":[19.840191,50.090888]},"properties":{"line":"601","mode":"bus","color":"#0059a9","colorDark":"#00294f","band":0,"off":[3.4,1.1]}},{"type":"Feature","geometry":{"type":"Point","coordinates":[19.897171,50.093306]},"properties":{"name":"Chełmońskiego Pętla","band":0,"modes":"bus","arr":["168","511","611"],"off":[0,-0.8]}},{"type":"Feature","geometry":{"type":"Point","coordinates":[19.897171,50.093306]},"properties":{"line":"168","mode":"bus","color":"#0059a9","colorDark":"#00294f","band":0,"off":[-3.4,1.1]}},{"type":"Feature","geometry":{"type":"Point","coordinates":[19.897171,50.093306]},"properties":{"line":"511","mode":"bus","color":"#0059a9","colorDark":"#00294f","band":0,"off":[0,1.1]}},{"type":"Feature","geometry":{"type":"Point","coordinates":[19.897171,50.093306]},"properties":{"line":"611","mode":"bus","color":"#0059a9","colorDark":"#00294f","band":0,"off":[3.4,1.1]}},{"type":"Feature","geometry":{"type":"Point","coordinates":[19.982916,50.005789]},"properties":{"name":"Piaski Wielkie","band":0,"modes":"bus","arr":["169","433","469"],"off":[0,-0.8]}},{"type":"Feature","geometry":{"type":"Point","coordinates":[19.982916,50.005789]},"properties":{"line":"169","mode":"bus","color":"#0059a9","colorDark":"#00294f","band":0,"off":[-3.4,1.1]}},{"type":"Feature","geometry":{"type":"Point","coordinates":[19.982916,50.005789]},"properties":{"line":"433","mode":"bus","color":"#0059a9","colorDark":"#00294f","band":0,"off":[0,1.1]}},{"type":"Feature","geometry":{"type":"Point","coordinates":[19.982916,50.005789]},"properties":{"line":"469","mode":"bus","color":"#0059a9","colorDark":"#00294f","band":0,"off":[3.4,1.1]}},{"type":"Feature","geometry":{"type":"Point","coordinates":[20.18965,50.113616]},"properties":{"name":"Wróżenice","band":0,"modes":"bus","arr":["171"],"off":[0,-0.8]}},{"type":"Feature","geometry":{"type":"Point","coordinates":[20.18965,50.113616]},"properties":{"line":"171","mode":"bus","color":"#0059a9","colorDark":"#00294f","band":0,"off":[0,1.1]}},{"type":"Feature","geometry":{"type":"Point","coordinates":[20.035573,50.071743]},"properties":{"name":"Plac Centralny im. R.Reagana","band":0,"modes":"tram,bus","arr":["62","189","662"],"off":[0,-0.8]}},{"type":"Feature","geometry":{"type":"Point","coordinates":[20.035573,50.071743]},"properties":{"line":"62","mode":"tram","color":"#d6212b","colorDark":"#7c1116","band":0,"off":[-3.4,1.1]}},{"type":"Feature","geometry":{"type":"Point","coordinates":[20.035573,50.071743]},"properties":{"line":"189","mode":"bus","color":"#0059a9","colorDark":"#00294f","band":0,"off":[0,1.1]}},{"type":"Feature","geometry":{"type":"Point","coordinates":[20.035573,50.071743]},"properties":{"line":"662","mode":"bus","color":"#0059a9","colorDark":"#00294f","band":0,"off":[3.4,1.1]}},{"type":"Feature","geometry":{"type":"Point","coordinates":[19.960371,50.004486]},"properties":{"name":"Os. Kurdwanów","band":0,"modes":"bus","arr":["174","179"],"off":[0,-0.8]}},{"type":"Feature","geometry":{"type":"Point","coordinates":[19.960371,50.004486]},"properties":{"line":"174","mode":"bus","color":"#0059a9","colorDark":"#00294f","band":0,"off":[-1.7,1.1]}},{"type":"Feature","geometry":{"type":"Point","coordinates":[19.960371,50.004486]},"properties":{"line":"179","mode":"bus","color":"#0059a9","colorDark":"#00294f","band":0,"off":[1.7,1.1]}},{"type":"Feature","geometry":{"type":"Point","coordinates":[19.867554,50.038702]},"properties":{"name":"Bodzów","band":0,"modes":"bus","arr":["176"],"off":[0,-0.8]}},{"type":"Feature","geometry":{"type":"Point","coordinates":[19.867554,50.038702]},"properties":{"line":"176","mode":"bus","color":"#0059a9","colorDark":"#00294f","band":0,"off":[0,1.1]}},{"type":"Feature","geometry":{"type":"Point","coordinates":[20.050117,50.097852]},"properties":{"name":"Os. Na Stoku","band":0,"modes":"bus","arr":["182","511","608"],"off":[0,-0.8]}},{"type":"Feature","geometry":{"type":"Point","coordinates":[20.050117,50.097852]},"properties":{"line":"182","mode":"bus","color":"#0059a9","colorDark":"#00294f","band":0,"off":[-3.4,1.1]}},{"type":"Feature","geometry":{"type":"Point","coordinates":[20.050117,50.097852]},"properties":{"line":"511","mode":"bus","color":"#0059a9","colorDark":"#00294f","band":0,"off":[0,1.1]}},{"type":"Feature","geometry":{"type":"Point","coordinates":[20.050117,50.097852]},"properties":{"line":"608","mode":"bus","color":"#0059a9","colorDark":"#00294f","band":0,"off":[3.4,1.1]}},{"type":"Feature","geometry":{"type":"Point","coordinates":[19.805885,50.061861]},"properties":{"name":"Olszanica Bory","band":0,"modes":"bus","arr":["192"],"off":[0,-0.8]}},{"type":"Feature","geometry":{"type":"Point","coordinates":[19.805885,50.061861]},"properties":{"line":"192","mode":"bus","color":"#0059a9","colorDark":"#00294f","band":0,"off":[0,1.1]}},{"type":"Feature","geometry":{"type":"Point","coordinates":[19.685756,50.237652]},"properties":{"name":"Przeginia Kościół","band":0,"modes":"bus","arr":["200"],"off":[0,-0.8]}},{"type":"Feature","geometry":{"type":"Point","coordinates":[19.685756,50.237652]},"properties":{"line":"200","mode":"bus","color":"#0059a9","colorDark":"#00294f","band":0,"off":[0,1.1]}},{"type":"Feature","geometry":{"type":"Point","coordinates":[20.113133,50.135106]},"properties":{"name":"Kocmyrzów-Luborzyca Urząd Gminy","band":0,"modes":"bus","arr":["272"],"off":[0,-0.8]}},{"type":"Feature","geometry":{"type":"Point","coordinates":[20.113133,50.135106]},"properties":{"line":"272","mode":"bus","color":"#0059a9","colorDark":"#00294f","band":0,"off":[0,1.1]}},{"type":"Feature","geometry":{"type":"Point","coordinates":[20.160164,50.187678]},"properties":{"name":"Łososkowice Remiza","band":0,"modes":"bus","arr":["202"],"off":[0,-0.8]}},{"type":"Feature","geometry":{"type":"Point","coordinates":[20.160164,50.187678]},"properties":{"line":"202","mode":"bus","color":"#0059a9","colorDark":"#00294f","band":0,"off":[0,1.1]}},{"type":"Feature","geometry":{"type":"Point","coordinates":[19.82984,49.968547]},"properties":{"name":"Skawina","band":0,"modes":"bus","arr":["203","243","245","283","293","903"],"off":[0,-0.8]}},{"type":"Feature","geometry":{"type":"Point","coordinates":[19.82984,49.968547]},"properties":{"line":"203","mode":"bus","color":"#0059a9","colorDark":"#00294f","band":0,"off":[-6.8,1.1]}},{"type":"Feature","geometry":{"type":"Point","coordinates":[19.82984,49.968547]},"properties":{"line":"243","mode":"bus","color":"#0059a9","colorDark":"#00294f","band":0,"off":[-3.4,1.1]}},{"type":"Feature","geometry":{"type":"Point","coordinates":[19.82984,49.968547]},"properties":{"line":"245","mode":"bus","color":"#0059a9","colorDark":"#00294f","band":0,"off":[0,1.1]}},{"type":"Feature","geometry":{"type":"Point","coordinates":[19.82984,49.968547]},"properties":{"line":"283","mode":"bus","color":"#0059a9","colorDark":"#00294f","band":0,"off":[3.4,1.1]}},{"type":"Feature","geometry":{"type":"Point","coordinates":[19.82984,49.968547]},"properties":{"line":"293","mode":"bus","color":"#0059a9","colorDark":"#00294f","band":0,"off":[6.8,1.1]}},{"type":"Feature","geometry":{"type":"Point","coordinates":[19.82984,49.968547]},"properties":{"line":"903","mode":"bus","color":"#0059a9","colorDark":"#00294f","band":0,"off":[0,3.1]}},{"type":"Feature","geometry":{"type":"Point","coordinates":[20.07487,49.986292]},"properties":{"name":"Wieliczka Kampus","band":0,"modes":"bus","arr":["204","224","244","304","904"],"off":[0,-0.8]}},{"type":"Feature","geometry":{"type":"Point","coordinates":[20.07487,49.986292]},"properties":{"line":"204","mode":"bus","color":"#0059a9","colorDark":"#00294f","band":0,"off":[-6.8,1.1]}},{"type":"Feature","geometry":{"type":"Point","coordinates":[20.07487,49.986292]},"properties":{"line":"224","mode":"bus","color":"#0059a9","colorDark":"#00294f","band":0,"off":[-3.4,1.1]}},{"type":"Feature","geometry":{"type":"Point","coordinates":[20.07487,49.986292]},"properties":{"line":"244","mode":"bus","color":"#0059a9","colorDark":"#00294f","band":0,"off":[0,1.1]}},{"type":"Feature","geometry":{"type":"Point","coordinates":[20.07487,49.986292]},"properties":{"line":"304","mode":"bus","color":"#0059a9","colorDark":"#00294f","band":0,"off":[3.4,1.1]}},{"type":"Feature","geometry":{"type":"Point","coordinates":[20.07487,49.986292]},"properties":{"line":"904","mode":"bus","color":"#0059a9","colorDark":"#00294f","band":0,"off":[6.8,1.1]}},{"type":"Feature","geometry":{"type":"Point","coordinates":[19.910906,50.141004]},"properties":{"name":"Trojanowice Pętla","band":0,"modes":"bus","arr":["207"],"off":[0,-0.8]}},{"type":"Feature","geometry":{"type":"Point","coordinates":[19.910906,50.141004]},"properties":{"line":"207","mode":"bus","color":"#0059a9","colorDark":"#00294f","band":0,"off":[0,1.1]}},{"type":"Feature","geometry":{"type":"Point","coordinates":[19.915203,50.052891]},"properties":{"name":"Salwator","band":0,"modes":"tram,bus","arr":["1","13","209","229","239","249","259","269","279","310"],"off":[0,-0.8]}},{"type":"Feature","geometry":{"type":"Point","coordinates":[19.915203,50.052891]},"properties":{"line":"1","mode":"tram","color":"#d6212b","colorDark":"#7c1116","band":0,"off":[-6.8,1.1]}},{"type":"Feature","geometry":{"type":"Point","coordinates":[19.915203,50.052891]},"properties":{"line":"13","mode":"tram","color":"#d6212b","colorDark":"#7c1116","band":0,"off":[-3.4,1.1]}},{"type":"Feature","geometry":{"type":"Point","coordinates":[19.915203,50.052891]},"properties":{"line":"209","mode":"bus","color":"#0059a9","colorDark":"#00294f","band":0,"off":[0,1.1]}},{"type":"Feature","geometry":{"type":"Point","coordinates":[19.915203,50.052891]},"properties":{"line":"229","mode":"bus","color":"#0059a9","colorDark":"#00294f","band":0,"off":[3.4,1.1]}},{"type":"Feature","geometry":{"type":"Point","coordinates":[19.915203,50.052891]},"properties":{"line":"239","mode":"bus","color":"#0059a9","colorDark":"#00294f","band":0,"off":[6.8,1.1]}},{"type":"Feature","geometry":{"type":"Point","coordinates":[19.915203,50.052891]},"properties":{"line":"249","mode":"bus","color":"#0059a9","colorDark":"#00294f","band":0,"off":[-6.8,3.1]}},{"type":"Feature","geometry":{"type":"Point","coordinates":[19.915203,50.052891]},"properties":{"line":"259","mode":"bus","color":"#0059a9","colorDark":"#00294f","band":0,"off":[-3.4,3.1]}},{"type":"Feature","geometry":{"type":"Point","coordinates":[19.915203,50.052891]},"properties":{"line":"269","mode":"bus","color":"#0059a9","colorDark":"#00294f","band":0,"off":[0,3.1]}},{"type":"Feature","geometry":{"type":"Point","coordinates":[19.915203,50.052891]},"properties":{"line":"279","mode":"bus","color":"#0059a9","colorDark":"#00294f","band":0,"off":[3.4,3.1]}},{"type":"Feature","geometry":{"type":"Point","coordinates":[19.915203,50.052891]},"properties":{"line":"310","mode":"bus","color":"#0059a9","colorDark":"#00294f","band":0,"off":[6.8,3.1]}},{"type":"Feature","geometry":{"type":"Point","coordinates":[19.707347,50.068849]},"properties":{"name":"Mników Skały","band":0,"modes":"bus","arr":["209"],"off":[0,-0.8]}},{"type":"Feature","geometry":{"type":"Point","coordinates":[19.707347,50.068849]},"properties":{"line":"209","mode":"bus","color":"#0059a9","colorDark":"#00294f","band":0,"off":[0,1.1]}},{"type":"Feature","geometry":{"type":"Point","coordinates":[19.800214,50.071704]},"properties":{"name":"Kraków Airport","band":0,"modes":"bus","arr":["300","902"],"off":[0,-0.8]}},{"type":"Feature","geometry":{"type":"Point","coordinates":[19.800214,50.071704]},"properties":{"line":"300","mode":"bus","color":"#0059a9","colorDark":"#00294f","band":0,"off":[-1.7,1.1]}},{"type":"Feature","geometry":{"type":"Point","coordinates":[19.800214,50.071704]},"properties":{"line":"902","mode":"bus","color":"#0059a9","colorDark":"#00294f","band":0,"off":[1.7,1.1]}},{"type":"Feature","geometry":{"type":"Point","coordinates":[19.840839,50.114288]},"properties":{"name":"Modlniczka Centrum Logistyczne","band":0,"modes":"bus","arr":["210"],"off":[0,-0.8]}},{"type":"Feature","geometry":{"type":"Point","coordinates":[19.840839,50.114288]},"properties":{"line":"210","mode":"bus","color":"#0059a9","colorDark":"#00294f","band":0,"off":[0,1.1]}},{"type":"Feature","geometry":{"type":"Point","coordinates":[20.352599,50.080184]},"properties":{"name":"Chobot Leśniczówka","band":0,"modes":"bus","arr":["211"],"off":[0,-0.8]}},{"type":"Feature","geometry":{"type":"Point","coordinates":[20.352599,50.080184]},"properties":{"line":"211","mode":"bus","color":"#0059a9","colorDark":"#00294f","band":0,"off":[0,1.1]}},{"type":"Feature","geometry":{"type":"Point","coordinates":[20.187997,50.126996]},"properties":{"name":"Czulice Kościół","band":0,"modes":"bus","arr":["212","271"],"off":[0,-0.8]}},{"type":"Feature","geometry":{"type":"Point","coordinates":[20.187997,50.126996]},"properties":{"line":"212","mode":"bus","color":"#0059a9","colorDark":"#00294f","band":0,"off":[-1.7,1.1]}},{"type":"Feature","geometry":{"type":"Point","coordinates":[20.187997,50.126996]},"properties":{"line":"271","mode":"bus","color":"#0059a9","colorDark":"#00294f","band":0,"off":[1.7,1.1]}},{"type":"Feature","geometry":{"type":"Point","coordinates":[19.997665,49.958498]},"properties":{"name":"Podstolice Centrum","band":0,"modes":"bus","arr":["214","P2"],"off":[0,-0.8]}},{"type":"Feature","geometry":{"type":"Point","coordinates":[19.997665,49.958498]},"properties":{"line":"214","mode":"bus","color":"#0059a9","colorDark":"#00294f","band":0,"off":[-1.7,1.1]}},{"type":"Feature","geometry":{"type":"Point","coordinates":[19.997665,49.958498]},"properties":{"line":"P2","mode":"bus","color":"#0059a9","colorDark":"#00294f","band":0,"off":[1.7,1.1]}},{"type":"Feature","geometry":{"type":"Point","coordinates":[19.999359,49.934868]},"properties":{"name":"Rzeszotary Panciawa Pętla","band":0,"modes":"bus","arr":["215"],"off":[0,-0.8]}},{"type":"Feature","geometry":{"type":"Point","coordinates":[19.999359,49.934868]},"properties":{"line":"215","mode":"bus","color":"#0059a9","colorDark":"#00294f","band":0,"off":[0,1.1]}},{"type":"Feature","geometry":{"type":"Point","coordinates":[19.946655,49.934314]},"properties":{"name":"Świątniki Górne Urząd Miasta i Gminy","band":0,"modes":"bus","arr":["225","915"],"off":[0,-0.8]}},{"type":"Feature","geometry":{"type":"Point","coordinates":[19.946655,49.934314]},"properties":{"line":"225","mode":"bus","color":"#0059a9","colorDark":"#00294f","band":0,"off":[-1.7,1.1]}},{"type":"Feature","geometry":{"type":"Point","coordinates":[19.946655,49.934314]},"properties":{"line":"915","mode":"bus","color":"#0059a9","colorDark":"#00294f","band":0,"off":[1.7,1.1]}},{"type":"Feature","geometry":{"type":"Point","coordinates":[19.974792,50.128748]},"properties":{"name":"Węgrzce Pętla","band":0,"modes":"bus","arr":["217"],"off":[0,-0.8]}},{"type":"Feature","geometry":{"type":"Point","coordinates":[19.974792,50.128748]},"properties":{"line":"217","mode":"bus","color":"#0059a9","colorDark":"#00294f","band":0,"off":[0,1.1]}},{"type":"Feature","geometry":{"type":"Point","coordinates":[19.801261,50.11952]},"properties":{"name":"Zabierzów Młyn","band":0,"modes":"bus","arr":["218","288"],"off":[0,-0.8]}},{"type":"Feature","geometry":{"type":"Point","coordinates":[19.801261,50.11952]},"properties":{"line":"218","mode":"bus","color":"#0059a9","colorDark":"#00294f","band":0,"off":[-1.7,1.1]}},{"type":"Feature","geometry":{"type":"Point","coordinates":[19.801261,50.11952]},"properties":{"line":"288","mode":"bus","color":"#0059a9","colorDark":"#00294f","band":0,"off":[1.7,1.1]}},{"type":"Feature","geometry":{"type":"Point","coordinates":[19.77852,49.98714]},"properties":{"name":"Jeziorzany Pętla","band":0,"modes":"bus","arr":["219"],"off":[0,-0.8]}},{"type":"Feature","geometry":{"type":"Point","coordinates":[19.77852,49.98714]},"properties":{"line":"219","mode":"bus","color":"#0059a9","colorDark":"#00294f","band":0,"off":[0,1.1]}},{"type":"Feature","geometry":{"type":"Point","coordinates":[19.871023,50.151602]},"properties":{"name":"Giebułtów Morgi","band":0,"modes":"bus","arr":["220"],"off":[0,-0.8]}},{"type":"Feature","geometry":{"type":"Point","coordinates":[19.871023,50.151602]},"properties":{"line":"220","mode":"bus","color":"#0059a9","colorDark":"#00294f","band":0,"off":[0,1.1]}},{"type":"Feature","geometry":{"type":"Point","coordinates":[20.216383,50.037957]},"properties":{"name":"Niepołomice Dworzec","band":0,"modes":"bus","arr":["221","301"],"off":[0,-0.8]}},{"type":"Feature","geometry":{"type":"Point","coordinates":[20.216383,50.037957]},"properties":{"line":"221","mode":"bus","color":"#0059a9","colorDark":"#00294f","band":0,"off":[-1.7,1.1]}},{"type":"Feature","geometry":{"type":"Point","coordinates":[20.216383,50.037957]},"properties":{"line":"301","mode":"bus","color":"#0059a9","colorDark":"#00294f","band":0,"off":[1.7,1.1]}},{"type":"Feature","geometry":{"type":"Point","coordinates":[20.084501,50.245301]},"properties":{"name":"Słomniki Osiedle","band":0,"modes":"bus","arr":["222"],"off":[0,-0.8]}},{"type":"Feature","geometry":{"type":"Point","coordinates":[20.084501,50.245301]},"properties":{"line":"222","mode":"bus","color":"#0059a9","colorDark":"#00294f","band":0,"off":[0,1.1]}},{"type":"Feature","geometry":{"type":"Point","coordinates":[19.628237,49.967187]},"properties":{"name":"Brzeźnica Dworzec","band":0,"modes":"bus","arr":["223"],"off":[0,-0.8]}},{"type":"Feature","geometry":{"type":"Point","coordinates":[19.628237,49.967187]},"properties":{"line":"223","mode":"bus","color":"#0059a9","colorDark":"#00294f","band":0,"off":[0,1.1]}},{"type":"Feature","geometry":{"type":"Point","coordinates":[19.937095,50.012393]},"properties":{"name":"Centrum JP II","band":0,"modes":"bus","arr":["224"],"off":[0,-0.8]}},{"type":"Feature","geometry":{"type":"Point","coordinates":[19.937095,50.012393]},"properties":{"line":"224","mode":"bus","color":"#0059a9","colorDark":"#00294f","band":0,"off":[0,1.1]}},{"type":"Feature","geometry":{"type":"Point","coordinates":[19.931582,50.150454]},"properties":{"name":"Wola Zachariaszowska Szkoła","band":0,"modes":"bus","arr":["280"],"off":[0,-0.8]}},{"type":"Feature","geometry":{"type":"Point","coordinates":[19.931582,50.150454]},"properties":{"line":"280","mode":"bus","color":"#0059a9","colorDark":"#00294f","band":0,"off":[0,1.1]}},{"type":"Feature","geometry":{"type":"Point","coordinates":[19.936106,50.162468]},"properties":{"name":"Górna Wieś Pętla","band":0,"modes":"bus","arr":["227","917"],"off":[0,-0.8]}},{"type":"Feature","geometry":{"type":"Point","coordinates":[19.936106,50.162468]},"properties":{"line":"227","mode":"bus","color":"#0059a9","colorDark":"#00294f","band":0,"off":[-1.7,1.1]}},{"type":"Feature","geometry":{"type":"Point","coordinates":[19.936106,50.162468]},"properties":{"line":"917","mode":"bus","color":"#0059a9","colorDark":"#00294f","band":0,"off":[1.7,1.1]}},{"type":"Feature","geometry":{"type":"Point","coordinates":[19.709536,50.082165]},"properties":{"name":"Chrosna Pętla","band":0,"modes":"bus","arr":["228"],"off":[0,-0.8]}},{"type":"Feature","geometry":{"type":"Point","coordinates":[19.709536,50.082165]},"properties":{"line":"228","mode":"bus","color":"#0059a9","colorDark":"#00294f","band":0,"off":[0,1.1]}},{"type":"Feature","geometry":{"type":"Point","coordinates":[19.586718,50.014955]},"properties":{"name":"Kamień Szkoła","band":0,"modes":"bus","arr":["229"],"off":[0,-0.8]}},{"type":"Feature","geometry":{"type":"Point","coordinates":[19.586718,50.014955]},"properties":{"line":"229","mode":"bus","color":"#0059a9","colorDark":"#00294f","band":0,"off":[0,1.1]}},{"type":"Feature","geometry":{"type":"Point","coordinates":[19.676513,49.98718]},"properties":{"name":"Czernichów Rynek","band":0,"modes":"bus","arr":["249","259"],"off":[0,-0.8]}},{"type":"Feature","geometry":{"type":"Point","coordinates":[19.676513,49.98718]},"properties":{"line":"249","mode":"bus","color":"#0059a9","colorDark":"#00294f","band":0,"off":[-1.7,1.1]}},{"type":"Feature","geometry":{"type":"Point","coordinates":[19.676513,49.98718]},"properties":{"line":"259","mode":"bus","color":"#0059a9","colorDark":"#00294f","band":0,"off":[1.7,1.1]}},{"type":"Feature","geometry":{"type":"Point","coordinates":[19.820314,50.135825]},"properties":{"name":"Ujazd Pętla","band":0,"modes":"bus","arr":["230"],"off":[0,-0.8]}},{"type":"Feature","geometry":{"type":"Point","coordinates":[19.820314,50.135825]},"properties":{"line":"230","mode":"bus","color":"#0059a9","colorDark":"#00294f","band":0,"off":[0,1.1]}},{"type":"Feature","geometry":{"type":"Point","coordinates":[20.109786,50.17753]},"properties":{"name":"Wilków Pętla","band":0,"modes":"bus","arr":["232"],"off":[0,-0.8]}},{"type":"Feature","geometry":{"type":"Point","coordinates":[20.109786,50.17753]},"properties":{"line":"232","mode":"bus","color":"#0059a9","colorDark":"#00294f","band":0,"off":[0,1.1]}},{"type":"Feature","geometry":{"type":"Point","coordinates":[19.821549,49.976504]},"properties":{"name":"Skawina SCK","band":0,"modes":"bus","arr":["233","273","295"],"off":[0,-0.8]}},{"type":"Feature","geometry":{"type":"Point","coordinates":[19.821549,49.976504]},"properties":{"line":"233","mode":"bus","color":"#0059a9","colorDark":"#00294f","band":0,"off":[-3.4,1.1]}},{"type":"Feature","geometry":{"type":"Point","coordinates":[19.821549,49.976504]},"properties":{"line":"273","mode":"bus","color":"#0059a9","colorDark":"#00294f","band":0,"off":[0,1.1]}},{"type":"Feature","geometry":{"type":"Point","coordinates":[19.821549,49.976504]},"properties":{"line":"295","mode":"bus","color":"#0059a9","colorDark":"#00294f","band":0,"off":[3.4,1.1]}},{"type":"Feature","geometry":{"type":"Point","coordinates":[20.115272,50.014811]},"properties":{"name":"Węgrzce Wielkie Pętla","band":0,"modes":"bus","arr":["234","W2","Z1"],"off":[0,-0.8]}},{"type":"Feature","geometry":{"type":"Point","coordinates":[20.115272,50.014811]},"properties":{"line":"234","mode":"bus","color":"#0059a9","colorDark":"#00294f","band":0,"off":[-3.4,1.1]}},{"type":"Feature","geometry":{"type":"Point","coordinates":[20.115272,50.014811]},"properties":{"line":"W2","mode":"bus","color":"#0059a9","colorDark":"#00294f","band":0,"off":[0,1.1]}},{"type":"Feature","geometry":{"type":"Point","coordinates":[20.115272,50.014811]},"properties":{"line":"Z1","mode":"bus","color":"#0059a9","colorDark":"#00294f","band":0,"off":[3.4,1.1]}},{"type":"Feature","geometry":{"type":"Point","coordinates":[19.750439,49.977803]},"properties":{"name":"Ochodza Odwiśle","band":0,"modes":"bus","arr":["235"],"off":[0,-0.8]}},{"type":"Feature","geometry":{"type":"Point","coordinates":[19.750439,49.977803]},"properties":{"line":"235","mode":"bus","color":"#0059a9","colorDark":"#00294f","band":0,"off":[0,1.1]}},{"type":"Feature","geometry":{"type":"Point","coordinates":[19.692375,50.111969]},"properties":{"name":"Młynka Pętla","band":0,"modes":"bus","arr":["238"],"off":[0,-0.8]}},{"type":"Feature","geometry":{"type":"Point","coordinates":[19.692375,50.111969]},"properties":{"line":"238","mode":"bus","color":"#0059a9","colorDark":"#00294f","band":0,"off":[0,1.1]}},{"type":"Feature","geometry":{"type":"Point","coordinates":[19.71184,50.122253]},"properties":{"name":"Rudawa Rynek","band":0,"modes":"bus","arr":["918"],"off":[0,-0.8]}},{"type":"Feature","geometry":{"type":"Point","coordinates":[19.71184,50.122253]},"properties":{"line":"918","mode":"bus","color":"#0059a9","colorDark":"#00294f","band":0,"off":[0,1.1]}},{"type":"Feature","geometry":{"type":"Point","coordinates":[19.727928,49.986356]},"properties":{"name":"Wołowice Kapliczka","band":0,"modes":"bus","arr":["239"],"off":[0,-0.8]}},{"type":"Feature","geometry":{"type":"Point","coordinates":[19.727928,49.986356]},"properties":{"line":"239","mode":"bus","color":"#0059a9","colorDark":"#00294f","band":0,"off":[0,1.1]}},{"type":"Feature","geometry":{"type":"Point","coordinates":[19.897778,50.128192]},"properties":{"name":"Pękowice Ojcowska","band":0,"modes":"bus","arr":["240","290"],"off":[0,-0.8]}},{"type":"Feature","geometry":{"type":"Point","coordinates":[19.897778,50.128192]},"properties":{"line":"240","mode":"bus","color":"#0059a9","colorDark":"#00294f","band":0,"off":[-1.7,1.1]}},{"type":"Feature","geometry":{"type":"Point","coordinates":[19.897778,50.128192]},"properties":{"line":"290","mode":"bus","color":"#0059a9","colorDark":"#00294f","band":0,"off":[1.7,1.1]}},{"type":"Feature","geometry":{"type":"Point","coordinates":[20.13828,50.115926]},"properties":{"name":"Krzysztoforzyce Pętla","band":0,"modes":"bus","arr":["242"],"off":[0,-0.8]}},{"type":"Feature","geometry":{"type":"Point","coordinates":[20.13828,50.115926]},"properties":{"line":"242","mode":"bus","color":"#0059a9","colorDark":"#00294f","band":0,"off":[0,1.1]}},{"type":"Feature","geometry":{"type":"Point","coordinates":[19.87085,49.944031]},"properties":{"name":"Mogilany Pętla","band":0,"modes":"bus","arr":["255"],"off":[0,-0.8]}},{"type":"Feature","geometry":{"type":"Point","coordinates":[19.87085,49.944031]},"properties":{"line":"255","mode":"bus","color":"#0059a9","colorDark":"#00294f","band":0,"off":[0,1.1]}},{"type":"Feature","geometry":{"type":"Point","coordinates":[19.939792,50.123608]},"properties":{"name":"Zielonki Marszowiec Pętla","band":0,"modes":"bus","arr":["247","317"],"off":[0,-0.8]}},{"type":"Feature","geometry":{"type":"Point","coordinates":[19.939792,50.123608]},"properties":{"line":"247","mode":"bus","color":"#0059a9","colorDark":"#00294f","band":0,"off":[-1.7,1.1]}},{"type":"Feature","geometry":{"type":"Point","coordinates":[19.939792,50.123608]},"properties":{"line":"317","mode":"bus","color":"#0059a9","colorDark":"#00294f","band":0,"off":[1.7,1.1]}},{"type":"Feature","geometry":{"type":"Point","coordinates":[19.811559,50.161429]},"properties":{"name":"Zelków Pętla","band":0,"modes":"bus","arr":["248","948"],"off":[0,-0.8]}},{"type":"Feature","geometry":{"type":"Point","coordinates":[19.811559,50.161429]},"properties":{"line":"248","mode":"bus","color":"#0059a9","colorDark":"#00294f","band":0,"off":[-1.7,1.1]}},{"type":"Feature","geometry":{"type":"Point","coordinates":[19.811559,50.161429]},"properties":{"line":"948","mode":"bus","color":"#0059a9","colorDark":"#00294f","band":0,"off":[1.7,1.1]}},{"type":"Feature","geometry":{"type":"Point","coordinates":[20.050642,50.121267]},"properties":{"name":"Zastów Pętla","band":0,"modes":"bus","arr":["250"],"off":[0,-0.8]}},{"type":"Feature","geometry":{"type":"Point","coordinates":[20.050642,50.121267]},"properties":{"line":"250","mode":"bus","color":"#0059a9","colorDark":"#00294f","band":0,"off":[0,1.1]}},{"type":"Feature","geometry":{"type":"Point","coordinates":[19.768405,49.902494]},"properties":{"name":"Wola Radziszowska Pętla","band":0,"modes":"bus","arr":["253"],"off":[0,-0.8]}},{"type":"Feature","geometry":{"type":"Point","coordinates":[19.768405,49.902494]},"properties":{"line":"253","mode":"bus","color":"#0059a9","colorDark":"#00294f","band":0,"off":[0,1.1]}},{"type":"Feature","geometry":{"type":"Point","coordinates":[19.967323,49.973872]},"properties":{"name":"Golkowice Pętla","band":0,"modes":"bus","arr":["254","G3"],"off":[0,-0.8]}},{"type":"Feature","geometry":{"type":"Point","coordinates":[19.967323,49.973872]},"properties":{"line":"254","mode":"bus","color":"#0059a9","colorDark":"#00294f","band":0,"off":[-1.7,1.1]}},{"type":"Feature","geometry":{"type":"Point","coordinates":[19.967323,49.973872]},"properties":{"line":"G3","mode":"bus","color":"#0059a9","colorDark":"#00294f","band":0,"off":[1.7,1.1]}},{"type":"Feature","geometry":{"type":"Point","coordinates":[19.932575,50.180688]},"properties":{"name":"Narama Remiza","band":0,"modes":"bus","arr":["257"],"off":[0,-0.8]}},{"type":"Feature","geometry":{"type":"Point","coordinates":[19.932575,50.180688]},"properties":{"line":"257","mode":"bus","color":"#0059a9","colorDark":"#00294f","band":0,"off":[0,1.1]}},{"type":"Feature","geometry":{"type":"Point","coordinates":[19.709609,50.106673]},"properties":{"name":"Nielepice Pętla","band":0,"modes":"bus","arr":["258","298"],"off":[0,-0.8]}},{"type":"Feature","geometry":{"type":"Point","coordinates":[19.709609,50.106673]},"properties":{"line":"258","mode":"bus","color":"#0059a9","colorDark":"#00294f","band":0,"off":[-1.7,1.1]}},{"type":"Feature","geometry":{"type":"Point","coordinates":[19.709609,50.106673]},"properties":{"line":"298","mode":"bus","color":"#0059a9","colorDark":"#00294f","band":0,"off":[1.7,1.1]}},{"type":"Feature","geometry":{"type":"Point","coordinates":[19.739154,49.999296]},"properties":{"name":"Dąbrowa Szlachecka Krzemiennik","band":0,"modes":"bus","arr":["279"],"off":[0,-0.8]}},{"type":"Feature","geometry":{"type":"Point","coordinates":[19.739154,49.999296]},"properties":{"line":"279","mode":"bus","color":"#0059a9","colorDark":"#00294f","band":0,"off":[0,1.1]}},{"type":"Feature","geometry":{"type":"Point","coordinates":[20.051438,50.14425]},"properties":{"name":"Pielgrzymowice Pętla","band":0,"modes":"bus","arr":["260","270"],"off":[0,-0.8]}},{"type":"Feature","geometry":{"type":"Point","coordinates":[20.051438,50.14425]},"properties":{"line":"260","mode":"bus","color":"#0059a9","colorDark":"#00294f","band":0,"off":[-1.7,1.1]}},{"type":"Feature","geometry":{"type":"Point","coordinates":[20.051438,50.14425]},"properties":{"line":"270","mode":"bus","color":"#0059a9","colorDark":"#00294f","band":0,"off":[1.7,1.1]}},{"type":"Feature","geometry":{"type":"Point","coordinates":[20.15545,50.166445]},"properties":{"name":"Rawałowice Kapliczka","band":0,"modes":"bus","arr":["262"],"off":[0,-0.8]}},{"type":"Feature","geometry":{"type":"Point","coordinates":[20.15545,50.166445]},"properties":{"line":"262","mode":"bus","color":"#0059a9","colorDark":"#00294f","band":0,"off":[0,1.1]}},{"type":"Feature","geometry":{"type":"Point","coordinates":[20.139398,50.040548]},"properties":{"name":"Grabie Kościół","band":0,"modes":"bus","arr":["264"],"off":[0,-0.8]}},{"type":"Feature","geometry":{"type":"Point","coordinates":[20.139398,50.040548]},"properties":{"line":"264","mode":"bus","color":"#0059a9","colorDark":"#00294f","band":0,"off":[0,1.1]}},{"type":"Feature","geometry":{"type":"Point","coordinates":[19.921219,49.944223]},"properties":{"name":"Konary Pętla","band":0,"modes":"bus","arr":["265"],"off":[0,-0.8]}},{"type":"Feature","geometry":{"type":"Point","coordinates":[19.921219,49.944223]},"properties":{"line":"265","mode":"bus","color":"#0059a9","colorDark":"#00294f","band":0,"off":[0,1.1]}},{"type":"Feature","geometry":{"type":"Point","coordinates":[19.85384,50.230306]},"properties":{"name":"Skała Rynek","band":0,"modes":"bus","arr":["267"],"off":[0,-0.8]}},{"type":"Feature","geometry":{"type":"Point","coordinates":[19.85384,50.230306]},"properties":{"line":"267","mode":"bus","color":"#0059a9","colorDark":"#00294f","band":0,"off":[0,1.1]}},{"type":"Feature","geometry":{"type":"Point","coordinates":[19.773918,50.152471]},"properties":{"name":"Karniowice Pętla","band":0,"modes":"bus","arr":["268"],"off":[0,-0.8]}},{"type":"Feature","geometry":{"type":"Point","coordinates":[19.773918,50.152471]},"properties":{"line":"268","mode":"bus","color":"#0059a9","colorDark":"#00294f","band":0,"off":[0,1.1]}},{"type":"Feature","geometry":{"type":"Point","coordinates":[19.679937,50.042324]},"properties":{"name":"Czułówek Kapliczka","band":0,"modes":"bus","arr":["269"],"off":[0,-0.8]}},{"type":"Feature","geometry":{"type":"Point","coordinates":[19.679937,50.042324]},"properties":{"line":"269","mode":"bus","color":"#0059a9","colorDark":"#00294f","band":0,"off":[0,1.1]}},{"type":"Feature","geometry":{"type":"Point","coordinates":[19.768024,49.932971]},"properties":{"name":"Polanka Hallera Centrum","band":0,"modes":"bus","arr":["273"],"off":[0,-0.8]}},{"type":"Feature","geometry":{"type":"Point","coordinates":[19.768024,49.932971]},"properties":{"line":"273","mode":"bus","color":"#0059a9","colorDark":"#00294f","band":0,"off":[0,1.1]}},{"type":"Feature","geometry":{"type":"Point","coordinates":[20.147059,49.957324]},"properties":{"name":"Trąbki P+R","band":0,"modes":"bus","arr":["274"],"off":[0,-0.8]}},{"type":"Feature","geometry":{"type":"Point","coordinates":[20.147059,49.957324]},"properties":{"line":"274","mode":"bus","color":"#0059a9","colorDark":"#00294f","band":0,"off":[0,1.1]}},{"type":"Feature","geometry":{"type":"Point","coordinates":[19.902952,49.913617]},"properties":{"name":"Włosań Centrum","band":0,"modes":"bus","arr":["275"],"off":[0,-0.8]}},{"type":"Feature","geometry":{"type":"Point","coordinates":[19.902952,49.913617]},"properties":{"line":"275","mode":"bus","color":"#0059a9","colorDark":"#00294f","band":0,"off":[0,1.1]}},{"type":"Feature","geometry":{"type":"Point","coordinates":[19.979629,50.220568]},"properties":{"name":"Iwanowice Dworskie Pętla","band":0,"modes":"bus","arr":["277"],"off":[0,-0.8]}},{"type":"Feature","geometry":{"type":"Point","coordinates":[19.979629,50.220568]},"properties":{"line":"277","mode":"bus","color":"#0059a9","colorDark":"#00294f","band":0,"off":[0,1.1]}},{"type":"Feature","geometry":{"type":"Point","coordinates":[19.709393,50.148281]},"properties":{"name":"Radwanowice Pętla","band":0,"modes":"bus","arr":["278"],"off":[0,-0.8]}},{"type":"Feature","geometry":{"type":"Point","coordinates":[19.709393,50.148281]},"properties":{"line":"278","mode":"bus","color":"#0059a9","colorDark":"#00294f","band":0,"off":[0,1.1]}},{"type":"Feature","geometry":{"type":"Point","coordinates":[20.057021,49.985142]},"properties":{"name":"Wieliczka Centrum Dw.","band":0,"modes":"bus","arr":["284","B2","D2","G3","G4","J1","L1","P2","R2","W2","Z1"],"off":[0,-0.8]}},{"type":"Feature","geometry":{"type":"Point","coordinates":[20.057021,49.985142]},"properties":{"name":"Wieliczka Centrum","band":0,"modes":"bus","arr":["284","B2","D2","G3","G4","J1","L1","P2","R2","W2","Z1"],"off":[0,-3]}},{"type":"Feature","geometry":{"type":"Point","coordinates":[20.057021,49.985142]},"properties":{"line":"284","mode":"bus","color":"#0059a9","colorDark":"#00294f","band":0,"off":[-6.8,1.1]}},{"type":"Feature","geometry":{"type":"Point","coordinates":[20.057021,49.985142]},"properties":{"line":"B2","mode":"bus","color":"#0059a9","colorDark":"#00294f","band":0,"off":[-3.4,1.1]}},{"type":"Feature","geometry":{"type":"Point","coordinates":[20.057021,49.985142]},"properties":{"line":"D2","mode":"bus","color":"#0059a9","colorDark":"#00294f","band":0,"off":[0,1.1]}},{"type":"Feature","geometry":{"type":"Point","coordinates":[20.057021,49.985142]},"properties":{"line":"G3","mode":"bus","color":"#0059a9","colorDark":"#00294f","band":0,"off":[3.4,1.1]}},{"type":"Feature","geometry":{"type":"Point","coordinates":[20.057021,49.985142]},"properties":{"line":"G4","mode":"bus","color":"#0059a9","colorDark":"#00294f","band":0,"off":[6.8,1.1]}},{"type":"Feature","geometry":{"type":"Point","coordinates":[20.057021,49.985142]},"properties":{"line":"J1","mode":"bus","color":"#0059a9","colorDark":"#00294f","band":0,"off":[-6.8,3.1]}},{"type":"Feature","geometry":{"type":"Point","coordinates":[20.057021,49.985142]},"properties":{"line":"L1","mode":"bus","color":"#0059a9","colorDark":"#00294f","band":0,"off":[-3.4,3.1]}},{"type":"Feature","geometry":{"type":"Point","coordinates":[20.057021,49.985142]},"properties":{"line":"P2","mode":"bus","color":"#0059a9","colorDark":"#00294f","band":0,"off":[0,3.1]}},{"type":"Feature","geometry":{"type":"Point","coordinates":[20.057021,49.985142]},"properties":{"line":"R2","mode":"bus","color":"#0059a9","colorDark":"#00294f","band":0,"off":[3.4,3.1]}},{"type":"Feature","geometry":{"type":"Point","coordinates":[20.057021,49.985142]},"properties":{"line":"W2","mode":"bus","color":"#0059a9","colorDark":"#00294f","band":0,"off":[6.8,3.1]}},{"type":"Feature","geometry":{"type":"Point","coordinates":[20.057021,49.985142]},"properties":{"line":"Z1","mode":"bus","color":"#0059a9","colorDark":"#00294f","band":0,"off":[0,5.1]}},{"type":"Feature","geometry":{"type":"Point","coordinates":[19.973933,49.954177]},"properties":{"name":"Ochojno Remiza","band":0,"modes":"bus","arr":["285"],"off":[0,-0.8]}},{"type":"Feature","geometry":{"type":"Point","coordinates":[19.973933,49.954177]},"properties":{"line":"285","mode":"bus","color":"#0059a9","colorDark":"#00294f","band":0,"off":[0,1.1]}},{"type":"Feature","geometry":{"type":"Point","coordinates":[19.735684,49.926523]},"properties":{"name":"Grabie Pętla","band":0,"modes":"bus","arr":["295"],"off":[0,-0.8]}},{"type":"Feature","geometry":{"type":"Point","coordinates":[19.735684,49.926523]},"properties":{"line":"295","mode":"bus","color":"#0059a9","colorDark":"#00294f","band":0,"off":[0,1.1]}},{"type":"Feature","geometry":{"type":"Point","coordinates":[19.98316,50.128605]},"properties":{"name":"Boleń Pętla","band":0,"modes":"bus","arr":["297"],"off":[0,-0.8]}},{"type":"Feature","geometry":{"type":"Point","coordinates":[19.98316,50.128605]},"properties":{"line":"297","mode":"bus","color":"#0059a9","colorDark":"#00294f","band":0,"off":[0,1.1]}},{"type":"Feature","geometry":{"type":"Point","coordinates":[19.978463,50.158847]},"properties":{"name":"Michałowice P+R","band":0,"modes":"bus","arr":["307"],"off":[0,-0.8]}},{"type":"Feature","geometry":{"type":"Point","coordinates":[19.978463,50.158847]},"properties":{"line":"307","mode":"bus","color":"#0059a9","colorDark":"#00294f","band":0,"off":[0,1.1]}},{"type":"Feature","geometry":{"type":"Point","coordinates":[19.747297,50.158629]},"properties":{"name":"Będkowice Pętla","band":0,"modes":"bus","arr":["310","910"],"off":[0,-0.8]}},{"type":"Feature","geometry":{"type":"Point","coordinates":[19.747297,50.158629]},"properties":{"line":"310","mode":"bus","color":"#0059a9","colorDark":"#00294f","band":0,"off":[-1.7,1.1]}},{"type":"Feature","geometry":{"type":"Point","coordinates":[19.747297,50.158629]},"properties":{"line":"910","mode":"bus","color":"#0059a9","colorDark":"#00294f","band":0,"off":[1.7,1.1]}},{"type":"Feature","geometry":{"type":"Point","coordinates":[19.913274,50.174296]},"properties":{"name":"Owczary Pętla","band":0,"modes":"bus","arr":["337","937"],"off":[0,-0.8]}},{"type":"Feature","geometry":{"type":"Point","coordinates":[19.913274,50.174296]},"properties":{"line":"337","mode":"bus","color":"#0059a9","colorDark":"#00294f","band":0,"off":[-1.7,1.1]}},{"type":"Feature","geometry":{"type":"Point","coordinates":[19.913274,50.174296]},"properties":{"line":"937","mode":"bus","color":"#0059a9","colorDark":"#00294f","band":0,"off":[1.7,1.1]}},{"type":"Feature","geometry":{"type":"Point","coordinates":[19.885921,50.10939]},"properties":{"name":"Tonie","band":0,"modes":"bus","arr":["420"],"off":[0,-0.8]}},{"type":"Feature","geometry":{"type":"Point","coordinates":[19.885921,50.10939]},"properties":{"line":"420","mode":"bus","color":"#0059a9","colorDark":"#00294f","band":0,"off":[0,1.1]}},{"type":"Feature","geometry":{"type":"Point","coordinates":[19.984158,50.077039]},"properties":{"name":"Ugorek","band":0,"modes":"bus","arr":["424"],"off":[0,-0.8]}},{"type":"Feature","geometry":{"type":"Point","coordinates":[19.984158,50.077039]},"properties":{"line":"424","mode":"bus","color":"#0059a9","colorDark":"#00294f","band":0,"off":[0,1.1]}},{"type":"Feature","geometry":{"type":"Point","coordinates":[19.936235,50.030094]},"properties":{"name":"Łagiewniki","band":0,"modes":"bus","arr":["433","915"],"off":[0,-0.8]}},{"type":"Feature","geometry":{"type":"Point","coordinates":[19.936235,50.030094]},"properties":{"line":"433","mode":"bus","color":"#0059a9","colorDark":"#00294f","band":0,"off":[-1.7,1.1]}},{"type":"Feature","geometry":{"type":"Point","coordinates":[19.936235,50.030094]},"properties":{"line":"915","mode":"bus","color":"#0059a9","colorDark":"#00294f","band":0,"off":[1.7,1.1]}},{"type":"Feature","geometry":{"type":"Point","coordinates":[19.924051,50.100539]},"properties":{"name":"Prądnik Biały Zachód","band":0,"modes":"bus","arr":["513"],"off":[0,-0.8]}},{"type":"Feature","geometry":{"type":"Point","coordinates":[19.924051,50.100539]},"properties":{"line":"513","mode":"bus","color":"#0059a9","colorDark":"#00294f","band":0,"off":[0,1.1]}},{"type":"Feature","geometry":{"type":"Point","coordinates":[19.932254,50.058355]},"properties":{"name":"Filharmonia","band":0,"modes":"bus","arr":["706"],"off":[0,-0.8]}},{"type":"Feature","geometry":{"type":"Point","coordinates":[19.932254,50.058355]},"properties":{"line":"706","mode":"bus","color":"#0059a9","colorDark":"#00294f","band":0,"off":[0,1.1]}},{"type":"Feature","geometry":{"type":"Point","coordinates":[20.094776,50.03133]},"properties":{"name":"Brzegi Pętla","band":0,"modes":"bus","arr":["B2","G4"],"off":[0,-0.8]}},{"type":"Feature","geometry":{"type":"Point","coordinates":[20.094776,50.03133]},"properties":{"line":"B2","mode":"bus","color":"#0059a9","colorDark":"#00294f","band":0,"off":[-1.7,1.1]}},{"type":"Feature","geometry":{"type":"Point","coordinates":[20.094776,50.03133]},"properties":{"line":"G4","mode":"bus","color":"#0059a9","colorDark":"#00294f","band":0,"off":[1.7,1.1]}},{"type":"Feature","geometry":{"type":"Point","coordinates":[20.116625,49.942639]},"properties":{"name":"Dobranowice Szkoła","band":0,"modes":"bus","arr":["D2"],"off":[0,-0.8]}},{"type":"Feature","geometry":{"type":"Point","coordinates":[20.116625,49.942639]},"properties":{"line":"D2","mode":"bus","color":"#0059a9","colorDark":"#00294f","band":0,"off":[0,1.1]}},{"type":"Feature","geometry":{"type":"Point","coordinates":[20.013111,49.95408]},"properties":{"name":"Janowice Szkoła","band":0,"modes":"bus","arr":["J1"],"off":[0,-0.8]}},{"type":"Feature","geometry":{"type":"Point","coordinates":[20.013111,49.95408]},"properties":{"line":"J1","mode":"bus","color":"#0059a9","colorDark":"#00294f","band":0,"off":[0,1.1]}},{"type":"Feature","geometry":{"type":"Point","coordinates":[20.086377,49.977513]},"properties":{"name":"Lednica Górna Zakręt","band":0,"modes":"bus","arr":["L1"],"off":[0,-0.8]}},{"type":"Feature","geometry":{"type":"Point","coordinates":[20.086377,49.977513]},"properties":{"line":"L1","mode":"bus","color":"#0059a9","colorDark":"#00294f","band":0,"off":[0,1.1]}},{"type":"Feature","geometry":{"type":"Point","coordinates":[20.062191,49.924355]},"properties":{"name":"Jankówka Skrzyżowanie","band":0,"modes":"bus","arr":["R2"],"off":[0,-0.8]}},{"type":"Feature","geometry":{"type":"Point","coordinates":[20.062191,49.924355]},"properties":{"line":"R2","mode":"bus","color":"#0059a9","colorDark":"#00294f","band":0,"off":[0,1.1]}},{"type":"Feature","geometry":{"type":"Point","coordinates":[20.064855,50.094596]},"properties":{"name":"Wzgórza Krzesławickie","band":0,"modes":"tram","arr":["1","5"],"off":[0,-0.8]}},{"type":"Feature","geometry":{"type":"Point","coordinates":[20.064855,50.094596]},"properties":{"line":"1","mode":"tram","color":"#d6212b","colorDark":"#7c1116","band":0,"off":[-1.7,1.1]}},{"type":"Feature","geometry":{"type":"Point","coordinates":[20.064855,50.094596]},"properties":{"line":"5","mode":"tram","color":"#d6212b","colorDark":"#7c1116","band":0,"off":[1.7,1.1]}},{"type":"Feature","geometry":{"type":"Point","coordinates":[20.065491,50.084208]},"properties":{"name":"PH","band":0,"modes":"tram","arr":["3","50","69"],"off":[0,-0.8]}},{"type":"Feature","geometry":{"type":"Point","coordinates":[20.065491,50.084208]},"properties":{"line":"3","mode":"tram","color":"#d6212b","colorDark":"#7c1116","band":0,"off":[-3.4,1.1]}},{"type":"Feature","geometry":{"type":"Point","coordinates":[20.065491,50.084208]},"properties":{"line":"50","mode":"tram","color":"#d6212b","colorDark":"#7c1116","band":0,"off":[0,1.1]}},{"type":"Feature","geometry":{"type":"Point","coordinates":[20.065491,50.084208]},"properties":{"line":"69","mode":"tram","color":"#d6212b","colorDark":"#7c1116","band":0,"off":[3.4,1.1]}},{"type":"Feature","geometry":{"type":"Point","coordinates":[20.021371,50.090091]},"properties":{"name":"Rondo Hipokratesa","band":0,"modes":"tram","arr":["9"],"off":[0,-0.8]}},{"type":"Feature","geometry":{"type":"Point","coordinates":[20.021371,50.090091]},"properties":{"line":"9","mode":"tram","color":"#d6212b","colorDark":"#7c1116","band":0,"off":[0,1.1]}},{"type":"Feature","geometry":{"type":"Point","coordinates":[20.065936,50.068738]},"properties":{"name":"Kopiec Wandy","band":0,"modes":"tram","arr":["22","75"],"off":[0,-0.8]}},{"type":"Feature","geometry":{"type":"Point","coordinates":[20.065936,50.068738]},"properties":{"name":"Bardosa","band":0,"modes":"tram","arr":["22","75"],"off":[0,-1.9]}},{"type":"Feature","geometry":{"type":"Point","coordinates":[20.065936,50.068738]},"properties":{"line":"22","mode":"tram","color":"#d6212b","colorDark":"#7c1116","band":0,"off":[-1.7,1.1]}},{"type":"Feature","geometry":{"type":"Point","coordinates":[20.065936,50.068738]},"properties":{"line":"75","mode":"tram","color":"#d6212b","colorDark":"#7c1116","band":0,"off":[1.7,1.1]}},{"type":"Feature","geometry":{"type":"Point","coordinates":[19.948094,50.014078]},"properties":{"name":"Kurdwanów P+R","band":0,"modes":"tram","arr":["10","24"],"off":[0,-0.8]}},{"type":"Feature","geometry":{"type":"Point","coordinates":[19.948094,50.014078]},"properties":{"line":"10","mode":"tram","color":"#d6212b","colorDark":"#7c1116","band":0,"off":[-1.7,1.1]}},{"type":"Feature","geometry":{"type":"Point","coordinates":[19.948094,50.014078]},"properties":{"line":"24","mode":"tram","color":"#d6212b","colorDark":"#7c1116","band":0,"off":[1.7,1.1]}},{"type":"Feature","geometry":{"type":"Point","coordinates":[19.9574,50.074278]},"properties":{"name":"Cmentarz Rakowicki","band":0,"modes":"tram","arr":["76"],"off":[0,-0.8]}},{"type":"Feature","geometry":{"type":"Point","coordinates":[19.9574,50.074278]},"properties":{"line":"76","mode":"tram","color":"#d6212b","colorDark":"#7c1116","band":0,"off":[0,1.1]}},{"type":"Feature","geometry":{"type":"Point","coordinates":[19.81985,50.043294]},"properties":{"name":"Bielany","band":1,"modes":"bus","arr":["102","609"],"off":[0,-0.8]}},{"type":"Feature","geometry":{"type":"Point","coordinates":[19.81985,50.043294]},"properties":{"line":"102","mode":"bus","color":"#0059a9","colorDark":"#00294f","band":1,"off":[-1.7,1.1]}},{"type":"Feature","geometry":{"type":"Point","coordinates":[19.81985,50.043294]},"properties":{"line":"609","mode":"bus","color":"#0059a9","colorDark":"#00294f","band":1,"off":[1.7,1.1]}},{"type":"Feature","geometry":{"type":"Point","coordinates":[19.903677,50.063013]},"properties":{"name":"Cichy Kącik","band":1,"modes":"bus","arr":["706"],"off":[0,-0.8]}},{"type":"Feature","geometry":{"type":"Point","coordinates":[19.903677,50.063013]},"properties":{"line":"706","mode":"bus","color":"#0059a9","colorDark":"#00294f","band":1,"off":[0,1.1]}},{"type":"Feature","geometry":{"type":"Point","coordinates":[19.931992,50.08864]},"properties":{"name":"Krowodrza Górka P+R","band":1,"modes":"tram,bus","arr":["3","5","102","168","194","207","220","227","240","267","290","937"],"off":[0,-0.8]}},{"type":"Feature","geometry":{"type":"Point","coordinates":[19.931992,50.08864]},"properties":{"line":"3","mode":"tram","color":"#d6212b","colorDark":"#7c1116","band":1,"off":[-6.8,1.1]}},{"type":"Feature","geometry":{"type":"Point","coordinates":[19.931992,50.08864]},"properties":{"line":"5","mode":"tram","color":"#d6212b","colorDark":"#7c1116","band":1,"off":[-3.4,1.1]}},{"type":"Feature","geometry":{"type":"Point","coordinates":[19.931992,50.08864]},"properties":{"line":"102","mode":"bus","color":"#0059a9","colorDark":"#00294f","band":1,"off":[0,1.1]}},{"type":"Feature","geometry":{"type":"Point","coordinates":[19.931992,50.08864]},"properties":{"line":"168","mode":"bus","color":"#0059a9","colorDark":"#00294f","band":1,"off":[3.4,1.1]}},{"type":"Feature","geometry":{"type":"Point","coordinates":[19.931992,50.08864]},"properties":{"line":"194","mode":"bus","color":"#0059a9","colorDark":"#00294f","band":1,"off":[6.8,1.1]}},{"type":"Feature","geometry":{"type":"Point","coordinates":[19.931992,50.08864]},"properties":{"line":"207","mode":"bus","color":"#0059a9","colorDark":"#00294f","band":1,"off":[-6.8,3.1]}},{"type":"Feature","geometry":{"type":"Point","coordinates":[19.931992,50.08864]},"properties":{"line":"220","mode":"bus","color":"#0059a9","colorDark":"#00294f","band":1,"off":[-3.4,3.1]}},{"type":"Feature","geometry":{"type":"Point","coordinates":[19.931992,50.08864]},"properties":{"line":"227","mode":"bus","color":"#0059a9","colorDark":"#00294f","band":1,"off":[0,3.1]}},{"type":"Feature","geometry":{"type":"Point","coordinates":[19.931992,50.08864]},"properties":{"line":"240","mode":"bus","color":"#0059a9","colorDark":"#00294f","band":1,"off":[3.4,3.1]}},{"type":"Feature","geometry":{"type":"Point","coordinates":[19.931992,50.08864]},"properties":{"line":"267","mode":"bus","color":"#0059a9","colorDark":"#00294f","band":1,"off":[6.8,3.1]}},{"type":"Feature","geometry":{"type":"Point","coordinates":[19.931992,50.08864]},"properties":{"line":"290","mode":"bus","color":"#0059a9","colorDark":"#00294f","band":1,"off":[-1.7,5.1]}},{"type":"Feature","geometry":{"type":"Point","coordinates":[19.931992,50.08864]},"properties":{"line":"937","mode":"bus","color":"#0059a9","colorDark":"#00294f","band":1,"off":[1.7,5.1]}},{"type":"Feature","geometry":{"type":"Point","coordinates":[19.927736,49.999781]},"properties":{"name":"Swoszowice SKA","band":1,"modes":"bus","arr":["104","155"],"off":[0,-0.8]}},{"type":"Feature","geometry":{"type":"Point","coordinates":[19.927736,49.999781]},"properties":{"line":"104","mode":"bus","color":"#0059a9","colorDark":"#00294f","band":1,"off":[-1.7,1.1]}},{"type":"Feature","geometry":{"type":"Point","coordinates":[19.927736,49.999781]},"properties":{"line":"155","mode":"bus","color":"#0059a9","colorDark":"#00294f","band":1,"off":[1.7,1.1]}},{"type":"Feature","geometry":{"type":"Point","coordinates":[19.89718,49.998657]},"properties":{"name":"Os. Pod Fortem","band":1,"modes":"bus","arr":["151","191","194","494","608"],"off":[0,-0.8]}},{"type":"Feature","geometry":{"type":"Point","coordinates":[19.89718,49.998657]},"properties":{"line":"151","mode":"bus","color":"#0059a9","colorDark":"#00294f","band":1,"off":[-6.8,1.1]}},{"type":"Feature","geometry":{"type":"Point","coordinates":[19.89718,49.998657]},"properties":{"line":"191","mode":"bus","color":"#0059a9","colorDark":"#00294f","band":1,"off":[-3.4,1.1]}},{"type":"Feature","geometry":{"type":"Point","coordinates":[19.89718,49.998657]},"properties":{"line":"194","mode":"bus","color":"#0059a9","colorDark":"#00294f","band":1,"off":[0,1.1]}},{"type":"Feature","geometry":{"type":"Point","coordinates":[19.89718,49.998657]},"properties":{"line":"494","mode":"bus","color":"#0059a9","colorDark":"#00294f","band":1,"off":[3.4,1.1]}},{"type":"Feature","geometry":{"type":"Point","coordinates":[19.89718,49.998657]},"properties":{"line":"608","mode":"bus","color":"#0059a9","colorDark":"#00294f","band":1,"off":[6.8,1.1]}},{"type":"Feature","geometry":{"type":"Point","coordinates":[19.889249,50.01809]},"properties":{"name":"Czerwone Maki P+R","band":1,"modes":"tram,bus","arr":["11","17","18","52","62","104","116","156","203","204","223","233","253","283","476","662","903"],"off":[0,-0.8],"sc":0.9}},{"type":"Feature","geometry":{"type":"Point","coordinates":[19.889249,50.01809]},"properties":{"line":"11","mode":"tram","color":"#d6212b","colorDark":"#7c1116","band":1,"sc":0.9,"off":[-6.8,1.1]}},{"type":"Feature","geometry":{"type":"Point","coordinates":[19.889249,50.01809]},"properties":{"line":"17","mode":"tram","color":"#d6212b","colorDark":"#7c1116","band":1,"sc":0.9,"off":[-3.4,1.1]}},{"type":"Feature","geometry":{"type":"Point","coordinates":[19.889249,50.01809]},"properties":{"line":"18","mode":"tram","color":"#d6212b","colorDark":"#7c1116","band":1,"sc":0.9,"off":[0,1.1]}},{"type":"Feature","geometry":{"type":"Point","coordinates":[19.889249,50.01809]},"properties":{"line":"52","mode":"tram","color":"#d6212b","colorDark":"#7c1116","band":1,"sc":0.9,"off":[3.4,1.1]}},{"type":"Feature","geometry":{"type":"Point","coordinates":[19.889249,50.01809]},"properties":{"line":"62","mode":"tram","color":"#d6212b","colorDark":"#7c1116","band":1,"sc":0.9,"off":[6.8,1.1]}},{"type":"Feature","geometry":{"type":"Point","coordinates":[19.889249,50.01809]},"properties":{"line":"104","mode":"bus","color":"#0059a9","colorDark":"#00294f","band":1,"sc":0.9,"off":[-6.8,3.1]}},{"type":"Feature","geometry":{"type":"Point","coordinates":[19.889249,50.01809]},"properties":{"line":"116","mode":"bus","color":"#0059a9","colorDark":"#00294f","band":1,"sc":0.9,"off":[-3.4,3.1]}},{"type":"Feature","geometry":{"type":"Point","coordinates":[19.889249,50.01809]},"properties":{"line":"156","mode":"bus","color":"#0059a9","colorDark":"#00294f","band":1,"sc":0.9,"off":[0,3.1]}},{"type":"Feature","geometry":{"type":"Point","coordinates":[19.889249,50.01809]},"properties":{"line":"203","mode":"bus","color":"#0059a9","colorDark":"#00294f","band":1,"sc":0.9,"off":[3.4,3.1]}},{"type":"Feature","geometry":{"type":"Point","coordinates":[19.889249,50.01809]},"properties":{"line":"204","mode":"bus","color":"#0059a9","colorDark":"#00294f","band":1,"sc":0.9,"off":[6.8,3.1]}},{"type":"Feature","geometry":{"type":"Point","coordinates":[19.889249,50.01809]},"properties":{"line":"223","mode":"bus","color":"#0059a9","colorDark":"#00294f","band":1,"sc":0.9,"off":[-6.8,5.1]}},{"type":"Feature","geometry":{"type":"Point","coordinates":[19.889249,50.01809]},"properties":{"line":"233","mode":"bus","color":"#0059a9","colorDark":"#00294f","band":1,"sc":0.9,"off":[-3.4,5.1]}},{"type":"Feature","geometry":{"type":"Point","coordinates":[19.889249,50.01809]},"properties":{"line":"253","mode":"bus","color":"#0059a9","colorDark":"#00294f","band":1,"sc":0.9,"off":[0,5.1]}},{"type":"Feature","geometry":{"type":"Point","coordinates":[19.889249,50.01809]},"properties":{"line":"283","mode":"bus","color":"#0059a9","colorDark":"#00294f","band":1,"sc":0.9,"off":[3.4,5.1]}},{"type":"Feature","geometry":{"type":"Point","coordinates":[19.889249,50.01809]},"properties":{"line":"476","mode":"bus","color":"#0059a9","colorDark":"#00294f","band":1,"sc":0.9,"off":[6.8,5.1]}},{"type":"Feature","geometry":{"type":"Point","coordinates":[19.889249,50.01809]},"properties":{"line":"662","mode":"bus","color":"#0059a9","colorDark":"#00294f","band":1,"sc":0.9,"off":[-1.7,7.1]}},{"type":"Feature","geometry":{"type":"Point","coordinates":[19.889249,50.01809]},"properties":{"line":"903","mode":"bus","color":"#0059a9","colorDark":"#00294f","band":1,"sc":0.9,"off":[1.7,7.1]}},{"type":"Feature","geometry":{"type":"Point","coordinates":[20.012427,50.102005]},"properties":{"name":"Os. Piastów","band":1,"modes":"tram,bus","arr":["21","52","64","105","664"],"off":[0,-0.8]}},{"type":"Feature","geometry":{"type":"Point","coordinates":[20.012427,50.102005]},"properties":{"line":"21","mode":"tram","color":"#d6212b","colorDark":"#7c1116","band":1,"off":[-6.8,1.1]}},{"type":"Feature","geometry":{"type":"Point","coordinates":[20.012427,50.102005]},"properties":{"line":"52","mode":"tram","color":"#d6212b","colorDark":"#7c1116","band":1,"off":[-3.4,1.1]}},{"type":"Feature","geometry":{"type":"Point","coordinates":[20.012427,50.102005]},"properties":{"line":"64","mode":"tram","color":"#d6212b","colorDark":"#7c1116","band":1,"off":[0,1.1]}},{"type":"Feature","geometry":{"type":"Point","coordinates":[20.012427,50.102005]},"properties":{"line":"105","mode":"bus","color":"#0059a9","colorDark":"#00294f","band":1,"off":[3.4,1.1]}},{"type":"Feature","geometry":{"type":"Point","coordinates":[20.012427,50.102005]},"properties":{"line":"664","mode":"bus","color":"#0059a9","colorDark":"#00294f","band":1,"off":[6.8,1.1]}},{"type":"Feature","geometry":{"type":"Point","coordinates":[19.974273,50.09678]},"properties":{"name":"Prądnik Czerwony P+R","band":1,"modes":"bus","arr":["199","250","260","270","405","610"],"off":[0,-0.8]}},{"type":"Feature","geometry":{"type":"Point","coordinates":[19.974273,50.09678]},"properties":{"line":"199","mode":"bus","color":"#0059a9","colorDark":"#00294f","band":1,"off":[-6.8,1.1]}},{"type":"Feature","geometry":{"type":"Point","coordinates":[19.974273,50.09678]},"properties":{"line":"250","mode":"bus","color":"#0059a9","colorDark":"#00294f","band":1,"off":[-3.4,1.1]}},{"type":"Feature","geometry":{"type":"Point","coordinates":[19.974273,50.09678]},"properties":{"line":"260","mode":"bus","color":"#0059a9","colorDark":"#00294f","band":1,"off":[0,1.1]}},{"type":"Feature","geometry":{"type":"Point","coordinates":[19.974273,50.09678]},"properties":{"line":"270","mode":"bus","color":"#0059a9","colorDark":"#00294f","band":1,"off":[3.4,1.1]}},{"type":"Feature","geometry":{"type":"Point","coordinates":[19.974273,50.09678]},"properties":{"line":"405","mode":"bus","color":"#0059a9","colorDark":"#00294f","band":1,"off":[6.8,1.1]}},{"type":"Feature","geometry":{"type":"Point","coordinates":[19.974273,50.09678]},"properties":{"line":"610","mode":"bus","color":"#0059a9","colorDark":"#00294f","band":1,"off":[0,3.1]}},{"type":"Feature","geometry":{"type":"Point","coordinates":[19.947032,50.068545]},"properties":{"name":"Dworzec Główny Zachód","band":1,"modes":"bus","arr":["105","125","130","132","179","182","192","304","317","405","482","609","902"],"off":[0,-0.8],"sc":0.98}},{"type":"Feature","geometry":{"type":"Point","coordinates":[19.947032,50.068545]},"properties":{"name":"Dworzec Główny Wschód","band":1,"modes":"bus","arr":["105","125","130","132","179","182","192","304","317","405","482","609","902"],"off":[0,-3],"sc":0.98}},{"type":"Feature","geometry":{"type":"Point","coordinates":[19.947032,50.068545]},"properties":{"line":"105","mode":"bus","color":"#0059a9","colorDark":"#00294f","band":1,"sc":0.98,"off":[-6.8,1.1]}},{"type":"Feature","geometry":{"type":"Point","coordinates":[19.947032,50.068545]},"properties":{"line":"125","mode":"bus","color":"#0059a9","colorDark":"#00294f","band":1,"sc":0.98,"off":[-3.4,1.1]}},{"type":"Feature","geometry":{"type":"Point","coordinates":[19.947032,50.068545]},"properties":{"line":"130","mode":"bus","color":"#0059a9","colorDark":"#00294f","band":1,"sc":0.98,"off":[0,1.1]}},{"type":"Feature","geometry":{"type":"Point","coordinates":[19.947032,50.068545]},"properties":{"line":"132","mode":"bus","color":"#0059a9","colorDark":"#00294f","band":1,"sc":0.98,"off":[3.4,1.1]}},{"type":"Feature","geometry":{"type":"Point","coordinates":[19.947032,50.068545]},"properties":{"line":"179","mode":"bus","color":"#0059a9","colorDark":"#00294f","band":1,"sc":0.98,"off":[6.8,1.1]}},{"type":"Feature","geometry":{"type":"Point","coordinates":[19.947032,50.068545]},"properties":{"line":"182","mode":"bus","color":"#0059a9","colorDark":"#00294f","band":1,"sc":0.98,"off":[-6.8,3.1]}},{"type":"Feature","geometry":{"type":"Point","coordinates":[19.947032,50.068545]},"properties":{"line":"192","mode":"bus","color":"#0059a9","colorDark":"#00294f","band":1,"sc":0.98,"off":[-3.4,3.1]}},{"type":"Feature","geometry":{"type":"Point","coordinates":[19.947032,50.068545]},"properties":{"line":"304","mode":"bus","color":"#0059a9","colorDark":"#00294f","band":1,"sc":0.98,"off":[0,3.1]}},{"type":"Feature","geometry":{"type":"Point","coordinates":[19.947032,50.068545]},"properties":{"line":"317","mode":"bus","color":"#0059a9","colorDark":"#00294f","band":1,"sc":0.98,"off":[3.4,3.1]}},{"type":"Feature","geometry":{"type":"Point","coordinates":[19.947032,50.068545]},"properties":{"line":"405","mode":"bus","color":"#0059a9","colorDark":"#00294f","band":1,"sc":0.98,"off":[6.8,3.1]}},{"type":"Feature","geometry":{"type":"Point","coordinates":[19.947032,50.068545]},"properties":{"line":"482","mode":"bus","color":"#0059a9","colorDark":"#00294f","band":1,"sc":0.98,"off":[-3.4,5.1]}},{"type":"Feature","geometry":{"type":"Point","coordinates":[19.947032,50.068545]},"properties":{"line":"609","mode":"bus","color":"#0059a9","colorDark":"#00294f","band":1,"sc":0.98,"off":[0,5.1]}},{"type":"Feature","geometry":{"type":"Point","coordinates":[19.947032,50.068545]},"properties":{"line":"902","mode":"bus","color":"#0059a9","colorDark":"#00294f","band":1,"sc":0.98,"off":[3.4,5.1]}},{"type":"Feature","geometry":{"type":"Point","coordinates":[19.96038,50.023325]},"properties":{"name":"Zajezdnia Wola Duchacka","band":1,"modes":"bus","arr":["107","169"],"off":[0,-0.8]}},{"type":"Feature","geometry":{"type":"Point","coordinates":[19.96038,50.023325]},"properties":{"line":"107","mode":"bus","color":"#0059a9","colorDark":"#00294f","band":1,"off":[-1.7,1.1]}},{"type":"Feature","geometry":{"type":"Point","coordinates":[19.96038,50.023325]},"properties":{"line":"169","mode":"bus","color":"#0059a9","colorDark":"#00294f","band":1,"off":[1.7,1.1]}},{"type":"Feature","geometry":{"type":"Point","coordinates":[19.990101,49.979669]},"properties":{"name":"Soboniowice","band":1,"modes":"bus","arr":["107"],"off":[0,-0.8]}},{"type":"Feature","geometry":{"type":"Point","coordinates":[19.990101,49.979669]},"properties":{"line":"107","mode":"bus","color":"#0059a9","colorDark":"#00294f","band":1,"off":[0,1.1]}},{"type":"Feature","geometry":{"type":"Point","coordinates":[20.117277,50.07294]},"properties":{"name":"Pleszów","band":1,"modes":"tram,bus","arr":["10","21","111","160","161","171","211","271"],"off":[0,-0.8]}},{"type":"Feature","geometry":{"type":"Point","coordinates":[20.117277,50.07294]},"properties":{"line":"10","mode":"tram","color":"#d6212b","colorDark":"#7c1116","band":1,"off":[-6.8,1.1]}},{"type":"Feature","geometry":{"type":"Point","coordinates":[20.117277,50.07294]},"properties":{"line":"21","mode":"tram","color":"#d6212b","colorDark":"#7c1116","band":1,"off":[-3.4,1.1]}},{"type":"Feature","geometry":{"type":"Point","coordinates":[20.117277,50.07294]},"properties":{"line":"111","mode":"bus","color":"#0059a9","colorDark":"#00294f","band":1,"off":[0,1.1]}},{"type":"Feature","geometry":{"type":"Point","coordinates":[20.117277,50.07294]},"properties":{"line":"160","mode":"bus","color":"#0059a9","colorDark":"#00294f","band":1,"off":[3.4,1.1]}},{"type":"Feature","geometry":{"type":"Point","coordinates":[20.117277,50.07294]},"properties":{"line":"161","mode":"bus","color":"#0059a9","colorDark":"#00294f","band":1,"off":[6.8,1.1]}},{"type":"Feature","geometry":{"type":"Point","coordinates":[20.117277,50.07294]},"properties":{"line":"171","mode":"bus","color":"#0059a9","colorDark":"#00294f","band":1,"off":[-3.4,3.1]}},{"type":"Feature","geometry":{"type":"Point","coordinates":[20.117277,50.07294]},"properties":{"line":"211","mode":"bus","color":"#0059a9","colorDark":"#00294f","band":1,"off":[0,3.1]}},{"type":"Feature","geometry":{"type":"Point","coordinates":[20.117277,50.07294]},"properties":{"line":"271","mode":"bus","color":"#0059a9","colorDark":"#00294f","band":1,"off":[3.4,3.1]}},{"type":"Feature","geometry":{"type":"Point","coordinates":[19.932715,50.046697]},"properties":{"name":"Os. Podwawelskie","band":1,"modes":"bus","arr":["112","124","126","146","162","219","300","424"],"off":[0,-0.8]}},{"type":"Feature","geometry":{"type":"Point","coordinates":[19.932715,50.046697]},"properties":{"line":"112","mode":"bus","color":"#0059a9","colorDark":"#00294f","band":1,"off":[-6.8,1.1]}},{"type":"Feature","geometry":{"type":"Point","coordinates":[19.932715,50.046697]},"properties":{"line":"124","mode":"bus","color":"#0059a9","colorDark":"#00294f","band":1,"off":[-3.4,1.1]}},{"type":"Feature","geometry":{"type":"Point","coordinates":[19.932715,50.046697]},"properties":{"line":"126","mode":"bus","color":"#0059a9","colorDark":"#00294f","band":1,"off":[0,1.1]}},{"type":"Feature","geometry":{"type":"Point","coordinates":[19.932715,50.046697]},"properties":{"line":"146","mode":"bus","color":"#0059a9","colorDark":"#00294f","band":1,"off":[3.4,1.1]}},{"type":"Feature","geometry":{"type":"Point","coordinates":[19.932715,50.046697]},"properties":{"line":"162","mode":"bus","color":"#0059a9","colorDark":"#00294f","band":1,"off":[6.8,1.1]}},{"type":"Feature","geometry":{"type":"Point","coordinates":[19.932715,50.046697]},"properties":{"line":"219","mode":"bus","color":"#0059a9","colorDark":"#00294f","band":1,"off":[-3.4,3.1]}},{"type":"Feature","geometry":{"type":"Point","coordinates":[19.932715,50.046697]},"properties":{"line":"300","mode":"bus","color":"#0059a9","colorDark":"#00294f","band":1,"off":[0,3.1]}},{"type":"Feature","geometry":{"type":"Point","coordinates":[19.932715,50.046697]},"properties":{"line":"424","mode":"bus","color":"#0059a9","colorDark":"#00294f","band":1,"off":[3.4,3.1]}},{"type":"Feature","geometry":{"type":"Point","coordinates":[19.814497,50.008312]},"properties":{"name":"Tyniec Kamieniołom","band":1,"modes":"bus","arr":["112"],"off":[0,-0.8]}},{"type":"Feature","geometry":{"type":"Point","coordinates":[19.814497,50.008312]},"properties":{"line":"112","mode":"bus","color":"#0059a9","colorDark":"#00294f","band":1,"off":[0,1.1]}},{"type":"Feature","geometry":{"type":"Point","coordinates":[19.844449,50.006403]},"properties":{"name":"Podgórki Tynieckie","band":1,"modes":"bus","arr":["116","162"],"off":[0,-0.8]}},{"type":"Feature","geometry":{"type":"Point","coordinates":[19.844449,50.006403]},"properties":{"line":"116","mode":"bus","color":"#0059a9","colorDark":"#00294f","band":1,"off":[-1.7,1.1]}},{"type":"Feature","geometry":{"type":"Point","coordinates":[19.844449,50.006403]},"properties":{"line":"162","mode":"bus","color":"#0059a9","colorDark":"#00294f","band":1,"off":[1.7,1.1]}},{"type":"Feature","geometry":{"type":"Point","coordinates":[19.880909,50.080862]},"properties":{"name":"Bronowice Małe","band":1,"modes":"bus","arr":["120","126","200","210","218","228","230","238","248","258","268","278","288","298","572","664","910","918","948"],"off":[0,-0.8],"sc":0.87}},{"type":"Feature","geometry":{"type":"Point","coordinates":[19.880909,50.080862]},"properties":{"line":"120","mode":"bus","color":"#0059a9","colorDark":"#00294f","band":1,"sc":0.87,"off":[-6.8,1.1]}},{"type":"Feature","geometry":{"type":"Point","coordinates":[19.880909,50.080862]},"properties":{"line":"126","mode":"bus","color":"#0059a9","colorDark":"#00294f","band":1,"sc":0.87,"off":[-3.4,1.1]}},{"type":"Feature","geometry":{"type":"Point","coordinates":[19.880909,50.080862]},"properties":{"line":"200","mode":"bus","color":"#0059a9","colorDark":"#00294f","band":1,"sc":0.87,"off":[0,1.1]}},{"type":"Feature","geometry":{"type":"Point","coordinates":[19.880909,50.080862]},"properties":{"line":"210","mode":"bus","color":"#0059a9","colorDark":"#00294f","band":1,"sc":0.87,"off":[3.4,1.1]}},{"type":"Feature","geometry":{"type":"Point","coordinates":[19.880909,50.080862]},"properties":{"line":"218","mode":"bus","color":"#0059a9","colorDark":"#00294f","band":1,"sc":0.87,"off":[6.8,1.1]}},{"type":"Feature","geometry":{"type":"Point","coordinates":[19.880909,50.080862]},"properties":{"line":"228","mode":"bus","color":"#0059a9","colorDark":"#00294f","band":1,"sc":0.87,"off":[-6.8,3.1]}},{"type":"Feature","geometry":{"type":"Point","coordinates":[19.880909,50.080862]},"properties":{"line":"230","mode":"bus","color":"#0059a9","colorDark":"#00294f","band":1,"sc":0.87,"off":[-3.4,3.1]}},{"type":"Feature","geometry":{"type":"Point","coordinates":[19.880909,50.080862]},"properties":{"line":"238","mode":"bus","color":"#0059a9","colorDark":"#00294f","band":1,"sc":0.87,"off":[0,3.1]}},{"type":"Feature","geometry":{"type":"Point","coordinates":[19.880909,50.080862]},"properties":{"line":"248","mode":"bus","color":"#0059a9","colorDark":"#00294f","band":1,"sc":0.87,"off":[3.4,3.1]}},{"type":"Feature","geometry":{"type":"Point","coordinates":[19.880909,50.080862]},"properties":{"line":"258","mode":"bus","color":"#0059a9","colorDark":"#00294f","band":1,"sc":0.87,"off":[6.8,3.1]}},{"type":"Feature","geometry":{"type":"Point","coordinates":[19.880909,50.080862]},"properties":{"line":"268","mode":"bus","color":"#0059a9","colorDark":"#00294f","band":1,"sc":0.87,"off":[-6.8,5.1]}},{"type":"Feature","geometry":{"type":"Point","coordinates":[19.880909,50.080862]},"properties":{"line":"278","mode":"bus","color":"#0059a9","colorDark":"#00294f","band":1,"sc":0.87,"off":[-3.4,5.1]}},{"type":"Feature","geometry":{"type":"Point","coordinates":[19.880909,50.080862]},"properties":{"line":"288","mode":"bus","color":"#0059a9","colorDark":"#00294f","band":1,"sc":0.87,"off":[0,5.1]}},{"type":"Feature","geometry":{"type":"Point","coordinates":[19.880909,50.080862]},"properties":{"line":"298","mode":"bus","color":"#0059a9","colorDark":"#00294f","band":1,"sc":0.87,"off":[3.4,5.1]}},{"type":"Feature","geometry":{"type":"Point","coordinates":[19.880909,50.080862]},"properties":{"line":"572","mode":"bus","color":"#0059a9","colorDark":"#00294f","band":1,"sc":0.87,"off":[6.8,5.1]}},{"type":"Feature","geometry":{"type":"Point","coordinates":[19.880909,50.080862]},"properties":{"line":"664","mode":"bus","color":"#0059a9","colorDark":"#00294f","band":1,"sc":0.87,"off":[-5.1,7.1]}},{"type":"Feature","geometry":{"type":"Point","coordinates":[19.880909,50.080862]},"properties":{"line":"910","mode":"bus","color":"#0059a9","colorDark":"#00294f","band":1,"sc":0.87,"off":[-1.7,7.1]}},{"type":"Feature","geometry":{"type":"Point","coordinates":[19.880909,50.080862]},"properties":{"line":"918","mode":"bus","color":"#0059a9","colorDark":"#00294f","band":1,"sc":0.87,"off":[1.7,7.1]}},{"type":"Feature","geometry":{"type":"Point","coordinates":[19.880909,50.080862]},"properties":{"line":"948","mode":"bus","color":"#0059a9","colorDark":"#00294f","band":1,"sc":0.87,"off":[5.1,7.1]}},{"type":"Feature","geometry":{"type":"Point","coordinates":[19.938258,50.075395]},"properties":{"name":"Nowy Kleparz","band":1,"modes":"tram,bus","arr":["14","17","120","140","189","301","337","420"],"off":[0,-0.8]}},{"type":"Feature","geometry":{"type":"Point","coordinates":[19.938258,50.075395]},"properties":{"name":"Dworzec Towarowy","band":1,"modes":"tram,bus","arr":["14","17","120","140","189","301","337","420"],"off":[0,-1.9]}},{"type":"Feature","geometry":{"type":"Point","coordinates":[19.938258,50.075395]},"properties":{"line":"14","mode":"tram","color":"#d6212b","colorDark":"#7c1116","band":1,"off":[-6.8,1.1]}},{"type":"Feature","geometry":{"type":"Point","coordinates":[19.938258,50.075395]},"properties":{"line":"17","mode":"tram","color":"#d6212b","colorDark":"#7c1116","band":1,"off":[-3.4,1.1]}},{"type":"Feature","geometry":{"type":"Point","coordinates":[19.938258,50.075395]},"properties":{"line":"120","mode":"bus","color":"#0059a9","colorDark":"#00294f","band":1,"off":[0,1.1]}},{"type":"Feature","geometry":{"type":"Point","coordinates":[19.938258,50.075395]},"properties":{"line":"140","mode":"bus","color":"#0059a9","colorDark":"#00294f","band":1,"off":[3.4,1.1]}},{"type":"Feature","geometry":{"type":"Point","coordinates":[19.938258,50.075395]},"properties":{"line":"189","mode":"bus","color":"#0059a9","colorDark":"#00294f","band":1,"off":[6.8,1.1]}},{"type":"Feature","geometry":{"type":"Point","coordinates":[19.938258,50.075395]},"properties":{"line":"301","mode":"bus","color":"#0059a9","colorDark":"#00294f","band":1,"off":[-3.4,3.1]}},{"type":"Feature","geometry":{"type":"Point","coordinates":[19.938258,50.075395]},"properties":{"line":"337","mode":"bus","color":"#0059a9","colorDark":"#00294f","band":1,"off":[0,3.1]}},{"type":"Feature","geometry":{"type":"Point","coordinates":[19.938258,50.075395]},"properties":{"line":"420","mode":"bus","color":"#0059a9","colorDark":"#00294f","band":1,"off":[3.4,3.1]}},{"type":"Feature","geometry":{"type":"Point","coordinates":[19.926646,50.011341]},"properties":{"name":"Borek Fałęcki","band":1,"modes":"bus","arr":["121","151","175","191","214","215","225","235","243","245","254","255","265","275","285","293","475"],"off":[0,-0.8],"sc":0.9}},{"type":"Feature","geometry":{"type":"Point","coordinates":[19.926646,50.011341]},"properties":{"line":"121","mode":"bus","color":"#0059a9","colorDark":"#00294f","band":1,"sc":0.9,"off":[-6.8,1.1]}},{"type":"Feature","geometry":{"type":"Point","coordinates":[19.926646,50.011341]},"properties":{"line":"151","mode":"bus","color":"#0059a9","colorDark":"#00294f","band":1,"sc":0.9,"off":[-3.4,1.1]}},{"type":"Feature","geometry":{"type":"Point","coordinates":[19.926646,50.011341]},"properties":{"line":"175","mode":"bus","color":"#0059a9","colorDark":"#00294f","band":1,"sc":0.9,"off":[0,1.1]}},{"type":"Feature","geometry":{"type":"Point","coordinates":[19.926646,50.011341]},"properties":{"line":"191","mode":"bus","color":"#0059a9","colorDark":"#00294f","band":1,"sc":0.9,"off":[3.4,1.1]}},{"type":"Feature","geometry":{"type":"Point","coordinates":[19.926646,50.011341]},"properties":{"line":"214","mode":"bus","color":"#0059a9","colorDark":"#00294f","band":1,"sc":0.9,"off":[6.8,1.1]}},{"type":"Feature","geometry":{"type":"Point","coordinates":[19.926646,50.011341]},"properties":{"line":"215","mode":"bus","color":"#0059a9","colorDark":"#00294f","band":1,"sc":0.9,"off":[-6.8,3.1]}},{"type":"Feature","geometry":{"type":"Point","coordinates":[19.926646,50.011341]},"properties":{"line":"225","mode":"bus","color":"#0059a9","colorDark":"#00294f","band":1,"sc":0.9,"off":[-3.4,3.1]}},{"type":"Feature","geometry":{"type":"Point","coordinates":[19.926646,50.011341]},"properties":{"line":"235","mode":"bus","color":"#0059a9","colorDark":"#00294f","band":1,"sc":0.9,"off":[0,3.1]}},{"type":"Feature","geometry":{"type":"Point","coordinates":[19.926646,50.011341]},"properties":{"line":"243","mode":"bus","color":"#0059a9","colorDark":"#00294f","band":1,"sc":0.9,"off":[3.4,3.1]}},{"type":"Feature","geometry":{"type":"Point","coordinates":[19.926646,50.011341]},"properties":{"line":"245","mode":"bus","color":"#0059a9","colorDark":"#00294f","band":1,"sc":0.9,"off":[6.8,3.1]}},{"type":"Feature","geometry":{"type":"Point","coordinates":[19.926646,50.011341]},"properties":{"line":"254","mode":"bus","color":"#0059a9","colorDark":"#00294f","band":1,"sc":0.9,"off":[-6.8,5.1]}},{"type":"Feature","geometry":{"type":"Point","coordinates":[19.926646,50.011341]},"properties":{"line":"255","mode":"bus","color":"#0059a9","colorDark":"#00294f","band":1,"sc":0.9,"off":[-3.4,5.1]}},{"type":"Feature","geometry":{"type":"Point","coordinates":[19.926646,50.011341]},"properties":{"line":"265","mode":"bus","color":"#0059a9","colorDark":"#00294f","band":1,"sc":0.9,"off":[0,5.1]}},{"type":"Feature","geometry":{"type":"Point","coordinates":[19.926646,50.011341]},"properties":{"line":"275","mode":"bus","color":"#0059a9","colorDark":"#00294f","band":1,"sc":0.9,"off":[3.4,5.1]}},{"type":"Feature","geometry":{"type":"Point","coordinates":[19.926646,50.011341]},"properties":{"line":"285","mode":"bus","color":"#0059a9","colorDark":"#00294f","band":1,"sc":0.9,"off":[6.8,5.1]}},{"type":"Feature","geometry":{"type":"Point","coordinates":[19.926646,50.011341]},"properties":{"line":"293","mode":"bus","color":"#0059a9","colorDark":"#00294f","band":1,"sc":0.9,"off":[-1.7,7.1]}},{"type":"Feature","geometry":{"type":"Point","coordinates":[19.926646,50.011341]},"properties":{"line":"475","mode":"bus","color":"#0059a9","colorDark":"#00294f","band":1,"sc":0.9,"off":[1.7,7.1]}},{"type":"Feature","geometry":{"type":"Point","coordinates":[19.911619,49.995364]},"properties":{"name":"Kliny Poranne","band":1,"modes":"bus","arr":["121"],"off":[0,-0.8]}},{"type":"Feature","geometry":{"type":"Point","coordinates":[19.911619,49.995364]},"properties":{"line":"121","mode":"bus","color":"#0059a9","colorDark":"#00294f","band":1,"off":[0,1.1]}},{"type":"Feature","geometry":{"type":"Point","coordinates":[20.033967,50.075209]},"properties":{"name":"Aleja Przyjaźni","band":1,"modes":"bus","arr":["122","160","572"],"off":[0,-0.8]}},{"type":"Feature","geometry":{"type":"Point","coordinates":[20.033967,50.075209]},"properties":{"line":"122","mode":"bus","color":"#0059a9","colorDark":"#00294f","band":1,"off":[-3.4,1.1]}},{"type":"Feature","geometry":{"type":"Point","coordinates":[20.033967,50.075209]},"properties":{"line":"160","mode":"bus","color":"#0059a9","colorDark":"#00294f","band":1,"off":[0,1.1]}},{"type":"Feature","geometry":{"type":"Point","coordinates":[20.033967,50.075209]},"properties":{"line":"572","mode":"bus","color":"#0059a9","colorDark":"#00294f","band":1,"off":[3.4,1.1]}},{"type":"Feature","geometry":{"type":"Point","coordinates":[20.03276,50.091185]},"properties":{"name":"Zajezdnia Bieńczyce","band":1,"modes":"bus","arr":["601"],"off":[0,-0.8]}},{"type":"Feature","geometry":{"type":"Point","coordinates":[20.03276,50.091185]},"properties":{"line":"601","mode":"bus","color":"#0059a9","colorDark":"#00294f","band":1,"off":[0,1.1]}},{"type":"Feature","geometry":{"type":"Point","coordinates":[20.043839,50.106225]},"properties":{"name":"Zesławice","band":1,"modes":"bus","arr":["122"],"off":[0,-0.8]}},{"type":"Feature","geometry":{"type":"Point","coordinates":[20.043839,50.106225]},"properties":{"line":"122","mode":"bus","color":"#0059a9","colorDark":"#00294f","band":1,"off":[0,1.1]}},{"type":"Feature","geometry":{"type":"Point","coordinates":[19.996156,50.095878]},"properties":{"name":"Mistrzejowice","band":1,"modes":"bus","arr":["123","482"],"off":[0,-0.8]}},{"type":"Feature","geometry":{"type":"Point","coordinates":[19.996156,50.095878]},"properties":{"line":"123","mode":"bus","color":"#0059a9","colorDark":"#00294f","band":1,"off":[-1.7,1.1]}},{"type":"Feature","geometry":{"type":"Point","coordinates":[19.996156,50.095878]},"properties":{"line":"482","mode":"bus","color":"#0059a9","colorDark":"#00294f","band":1,"off":[1.7,1.1]}},{"type":"Feature","geometry":{"type":"Point","coordinates":[20.00118,50.040177]},"properties":{"name":"Mały Płaszów P+R","band":1,"modes":"tram,bus","arr":["11","20","76","123","195","221","264"],"off":[0,-0.8]}},{"type":"Feature","geometry":{"type":"Point","coordinates":[20.00118,50.040177]},"properties":{"line":"11","mode":"tram","color":"#d6212b","colorDark":"#7c1116","band":1,"off":[-6.8,1.1]}},{"type":"Feature","geometry":{"type":"Point","coordinates":[20.00118,50.040177]},"properties":{"line":"20","mode":"tram","color":"#d6212b","colorDark":"#7c1116","band":1,"off":[-3.4,1.1]}},{"type":"Feature","geometry":{"type":"Point","coordinates":[20.00118,50.040177]},"properties":{"line":"76","mode":"tram","color":"#d6212b","colorDark":"#7c1116","band":1,"off":[0,1.1]}},{"type":"Feature","geometry":{"type":"Point","coordinates":[20.00118,50.040177]},"properties":{"line":"123","mode":"bus","color":"#0059a9","colorDark":"#00294f","band":1,"off":[3.4,1.1]}},{"type":"Feature","geometry":{"type":"Point","coordinates":[20.00118,50.040177]},"properties":{"line":"195","mode":"bus","color":"#0059a9","colorDark":"#00294f","band":1,"off":[6.8,1.1]}},{"type":"Feature","geometry":{"type":"Point","coordinates":[20.00118,50.040177]},"properties":{"line":"221","mode":"bus","color":"#0059a9","colorDark":"#00294f","band":1,"off":[-1.7,3.1]}},{"type":"Feature","geometry":{"type":"Point","coordinates":[20.00118,50.040177]},"properties":{"line":"264","mode":"bus","color":"#0059a9","colorDark":"#00294f","band":1,"off":[1.7,3.1]}},{"type":"Feature","geometry":{"type":"Point","coordinates":[20.045374,50.054047]},"properties":{"name":"Lesisko","band":1,"modes":"bus","arr":["149"],"off":[0,-0.8]}},{"type":"Feature","geometry":{"type":"Point","coordinates":[20.045374,50.054047]},"properties":{"line":"149","mode":"bus","color":"#0059a9","colorDark":"#00294f","band":1,"off":[0,1.1]}},{"type":"Feature","geometry":{"type":"Point","coordinates":[19.944203,50.064875]},"properties":{"name":"Teatr Słowackiego","band":1,"modes":"bus","arr":["605"],"off":[0,-0.8]}},{"type":"Feature","geometry":{"type":"Point","coordinates":[19.944203,50.064875]},"properties":{"line":"605","mode":"bus","color":"#0059a9","colorDark":"#00294f","band":1,"off":[0,1.1]}},{"type":"Feature","geometry":{"type":"Point","coordinates":[19.983764,50.071975]},"properties":{"name":"TAURON Arena Kraków Wieczysta","band":1,"modes":"tram,bus","arr":["49","124"],"off":[0,-0.8]}},{"type":"Feature","geometry":{"type":"Point","coordinates":[19.983764,50.071975]},"properties":{"line":"49","mode":"tram","color":"#d6212b","colorDark":"#7c1116","band":1,"off":[-1.7,1.1]}},{"type":"Feature","geometry":{"type":"Point","coordinates":[19.983764,50.071975]},"properties":{"line":"124","mode":"bus","color":"#0059a9","colorDark":"#00294f","band":1,"off":[1.7,1.1]}},{"type":"Feature","geometry":{"type":"Point","coordinates":[20.051215,50.021847]},"properties":{"name":"Złocień","band":1,"modes":"bus","arr":["125","605"],"off":[0,-0.8]}},{"type":"Feature","geometry":{"type":"Point","coordinates":[20.051215,50.021847]},"properties":{"line":"125","mode":"bus","color":"#0059a9","colorDark":"#00294f","band":1,"off":[-1.7,1.1]}},{"type":"Feature","geometry":{"type":"Point","coordinates":[20.051215,50.021847]},"properties":{"line":"605","mode":"bus","color":"#0059a9","colorDark":"#00294f","band":1,"off":[1.7,1.1]}},{"type":"Feature","geometry":{"type":"Point","coordinates":[19.962874,50.042128]},"properties":{"name":"Podgórze SKA","band":1,"modes":"bus","arr":["127","155","158"],"off":[0,-0.8]}},{"type":"Feature","geometry":{"type":"Point","coordinates":[19.962874,50.042128]},"properties":{"line":"127","mode":"bus","color":"#0059a9","colorDark":"#00294f","band":1,"off":[-3.4,1.1]}},{"type":"Feature","geometry":{"type":"Point","coordinates":[19.962874,50.042128]},"properties":{"line":"155","mode":"bus","color":"#0059a9","colorDark":"#00294f","band":1,"off":[0,1.1]}},{"type":"Feature","geometry":{"type":"Point","coordinates":[19.962874,50.042128]},"properties":{"line":"158","mode":"bus","color":"#0059a9","colorDark":"#00294f","band":1,"off":[3.4,1.1]}},{"type":"Feature","geometry":{"type":"Point","coordinates":[19.995285,50.034046]},"properties":{"name":"Bagry","band":1,"modes":"bus","arr":["127"],"off":[0,-0.8]}},{"type":"Feature","geometry":{"type":"Point","coordinates":[19.995285,50.034046]},"properties":{"line":"127","mode":"bus","color":"#0059a9","colorDark":"#00294f","band":1,"off":[0,1.1]}},{"type":"Feature","geometry":{"type":"Point","coordinates":[20.011678,50.035488]},"properties":{"name":"Zajezdnia Płaszów","band":1,"modes":"bus","arr":["128","148"],"off":[0,-0.8]}},{"type":"Feature","geometry":{"type":"Point","coordinates":[20.011678,50.035488]},"properties":{"line":"128","mode":"bus","color":"#0059a9","colorDark":"#00294f","band":1,"off":[-1.7,1.1]}},{"type":"Feature","geometry":{"type":"Point","coordinates":[20.011678,50.035488]},"properties":{"line":"148","mode":"bus","color":"#0059a9","colorDark":"#00294f","band":1,"off":[1.7,1.1]}},{"type":"Feature","geometry":{"type":"Point","coordinates":[19.961146,50.103866]},"properties":{"name":"Papierni Prądnickich","band":1,"modes":"tram,bus","arr":["18","50","69","75","128","169","217","247","257","277","280","297","469","503","669","917"],"off":[0,-0.8],"sc":0.92}},{"type":"Feature","geometry":{"type":"Point","coordinates":[19.961146,50.103866]},"properties":{"name":"Górka Narodowa P+R","band":1,"modes":"tram,bus","arr":["18","50","69","75","128","169","217","247","257","277","280","297","469","503","669","917"],"off":[0,-3],"sc":0.92}},{"type":"Feature","geometry":{"type":"Point","coordinates":[19.961146,50.103866]},"properties":{"line":"18","mode":"tram","color":"#d6212b","colorDark":"#7c1116","band":1,"sc":0.92,"off":[-6.8,1.1]}},{"type":"Feature","geometry":{"type":"Point","coordinates":[19.961146,50.103866]},"properties":{"line":"50","mode":"tram","color":"#d6212b","colorDark":"#7c1116","band":1,"sc":0.92,"off":[-3.4,1.1]}},{"type":"Feature","geometry":{"type":"Point","coordinates":[19.961146,50.103866]},"properties":{"line":"69","mode":"tram","color":"#d6212b","colorDark":"#7c1116","band":1,"sc":0.92,"off":[0,1.1]}},{"type":"Feature","geometry":{"type":"Point","coordinates":[19.961146,50.103866]},"properties":{"line":"75","mode":"tram","color":"#d6212b","colorDark":"#7c1116","band":1,"sc":0.92,"off":[3.4,1.1]}},{"type":"Feature","geometry":{"type":"Point","coordinates":[19.961146,50.103866]},"properties":{"line":"128","mode":"bus","color":"#0059a9","colorDark":"#00294f","band":1,"sc":0.92,"off":[6.8,1.1]}},{"type":"Feature","geometry":{"type":"Point","coordinates":[19.961146,50.103866]},"properties":{"line":"169","mode":"bus","color":"#0059a9","colorDark":"#00294f","band":1,"sc":0.92,"off":[-6.8,3.1]}},{"type":"Feature","geometry":{"type":"Point","coordinates":[19.961146,50.103866]},"properties":{"line":"217","mode":"bus","color":"#0059a9","colorDark":"#00294f","band":1,"sc":0.92,"off":[-3.4,3.1]}},{"type":"Feature","geometry":{"type":"Point","coordinates":[19.961146,50.103866]},"properties":{"line":"247","mode":"bus","color":"#0059a9","colorDark":"#00294f","band":1,"sc":0.92,"off":[0,3.1]}},{"type":"Feature","geometry":{"type":"Point","coordinates":[19.961146,50.103866]},"properties":{"line":"257","mode":"bus","color":"#0059a9","colorDark":"#00294f","band":1,"sc":0.92,"off":[3.4,3.1]}},{"type":"Feature","geometry":{"type":"Point","coordinates":[19.961146,50.103866]},"properties":{"line":"277","mode":"bus","color":"#0059a9","colorDark":"#00294f","band":1,"sc":0.92,"off":[6.8,3.1]}},{"type":"Feature","geometry":{"type":"Point","coordinates":[19.961146,50.103866]},"properties":{"line":"280","mode":"bus","color":"#0059a9","colorDark":"#00294f","band":1,"sc":0.92,"off":[-6.8,5.1]}},{"type":"Feature","geometry":{"type":"Point","coordinates":[19.961146,50.103866]},"properties":{"line":"297","mode":"bus","color":"#0059a9","colorDark":"#00294f","band":1,"sc":0.92,"off":[-3.4,5.1]}},{"type":"Feature","geometry":{"type":"Point","coordinates":[19.961146,50.103866]},"properties":{"line":"469","mode":"bus","color":"#0059a9","colorDark":"#00294f","band":1,"sc":0.92,"off":[0,5.1]}},{"type":"Feature","geometry":{"type":"Point","coordinates":[19.961146,50.103866]},"properties":{"line":"503","mode":"bus","color":"#0059a9","colorDark":"#00294f","band":1,"sc":0.92,"off":[3.4,5.1]}},{"type":"Feature","geometry":{"type":"Point","coordinates":[19.961146,50.103866]},"properties":{"line":"669","mode":"bus","color":"#0059a9","colorDark":"#00294f","band":1,"sc":0.92,"off":[6.8,5.1]}},{"type":"Feature","geometry":{"type":"Point","coordinates":[19.961146,50.103866]},"properties":{"line":"917","mode":"bus","color":"#0059a9","colorDark":"#00294f","band":1,"sc":0.92,"off":[0,7.1]}},{"type":"Feature","geometry":{"type":"Point","coordinates":[19.908846,50.086781]},"properties":{"name":"Azory","band":1,"modes":"bus","arr":["130","138","173","494"],"off":[0,-0.8]}},{"type":"Feature","geometry":{"type":"Point","coordinates":[19.908846,50.086781]},"properties":{"line":"130","mode":"bus","color":"#0059a9","colorDark":"#00294f","band":1,"off":[-5.1,1.1]}},{"type":"Feature","geometry":{"type":"Point","coordinates":[19.908846,50.086781]},"properties":{"line":"138","mode":"bus","color":"#0059a9","colorDark":"#00294f","band":1,"off":[-1.7,1.1]}},{"type":"Feature","geometry":{"type":"Point","coordinates":[19.908846,50.086781]},"properties":{"line":"173","mode":"bus","color":"#0059a9","colorDark":"#00294f","band":1,"off":[1.7,1.1]}},{"type":"Feature","geometry":{"type":"Point","coordinates":[19.908846,50.086781]},"properties":{"line":"494","mode":"bus","color":"#0059a9","colorDark":"#00294f","band":1,"off":[5.1,1.1]}},{"type":"Feature","geometry":{"type":"Point","coordinates":[20.066521,50.078569]},"properties":{"name":"Kombinat","band":1,"modes":"bus","arr":["132","138","139","174","242","272"],"off":[0,-0.8]}},{"type":"Feature","geometry":{"type":"Point","coordinates":[20.066521,50.078569]},"properties":{"line":"132","mode":"bus","color":"#0059a9","colorDark":"#00294f","band":1,"off":[-6.8,1.1]}},{"type":"Feature","geometry":{"type":"Point","coordinates":[20.066521,50.078569]},"properties":{"line":"138","mode":"bus","color":"#0059a9","colorDark":"#00294f","band":1,"off":[-3.4,1.1]}},{"type":"Feature","geometry":{"type":"Point","coordinates":[20.066521,50.078569]},"properties":{"line":"139","mode":"bus","color":"#0059a9","colorDark":"#00294f","band":1,"off":[0,1.1]}},{"type":"Feature","geometry":{"type":"Point","coordinates":[20.066521,50.078569]},"properties":{"line":"174","mode":"bus","color":"#0059a9","colorDark":"#00294f","band":1,"off":[3.4,1.1]}},{"type":"Feature","geometry":{"type":"Point","coordinates":[20.066521,50.078569]},"properties":{"line":"242","mode":"bus","color":"#0059a9","colorDark":"#00294f","band":1,"off":[6.8,1.1]}},{"type":"Feature","geometry":{"type":"Point","coordinates":[20.066521,50.078569]},"properties":{"line":"272","mode":"bus","color":"#0059a9","colorDark":"#00294f","band":1,"off":[0,3.1]}},{"type":"Feature","geometry":{"type":"Point","coordinates":[19.922589,50.05849]},"properties":{"name":"Cracovia Stadion","band":1,"modes":"bus","arr":["134","307"],"off":[0,-0.8]}},{"type":"Feature","geometry":{"type":"Point","coordinates":[19.922589,50.05849]},"properties":{"line":"134","mode":"bus","color":"#0059a9","colorDark":"#00294f","band":1,"off":[-1.7,1.1]}},{"type":"Feature","geometry":{"type":"Point","coordinates":[19.922589,50.05849]},"properties":{"line":"307","mode":"bus","color":"#0059a9","colorDark":"#00294f","band":1,"off":[1.7,1.1]}},{"type":"Feature","geometry":{"type":"Point","coordinates":[19.85538,50.055082]},"properties":{"name":"ZOO","band":1,"modes":"bus","arr":["134"],"off":[0,-0.8]}},{"type":"Feature","geometry":{"type":"Point","coordinates":[19.85538,50.055082]},"properties":{"line":"134","mode":"bus","color":"#0059a9","colorDark":"#00294f","band":1,"off":[0,1.1]}},{"type":"Feature","geometry":{"type":"Point","coordinates":[19.899008,50.070696]},"properties":{"name":"Przybyszewskiego","band":1,"modes":"bus","arr":["139"],"off":[0,-0.8]}},{"type":"Feature","geometry":{"type":"Point","coordinates":[19.899008,50.070696]},"properties":{"line":"139","mode":"bus","color":"#0059a9","colorDark":"#00294f","band":1,"off":[0,1.1]}},{"type":"Feature","geometry":{"type":"Point","coordinates":[19.89403,50.08625]},"properties":{"name":"Radzikowskiego Osiedle","band":1,"modes":"bus","arr":["140"],"off":[0,-0.8]}},{"type":"Feature","geometry":{"type":"Point","coordinates":[19.89403,50.08625]},"properties":{"line":"140","mode":"bus","color":"#0059a9","colorDark":"#00294f","band":1,"off":[0,1.1]}},{"type":"Feature","geometry":{"type":"Point","coordinates":[20.011008,50.006305]},"properties":{"name":"Rżąka","band":1,"modes":"bus","arr":["144","195"],"off":[0,-0.8]}},{"type":"Feature","geometry":{"type":"Point","coordinates":[20.011008,50.006305]},"properties":{"line":"144","mode":"bus","color":"#0059a9","colorDark":"#00294f","band":1,"off":[-1.7,1.1]}},{"type":"Feature","geometry":{"type":"Point","coordinates":[20.011008,50.006305]},"properties":{"line":"195","mode":"bus","color":"#0059a9","colorDark":"#00294f","band":1,"off":[1.7,1.1]}},{"type":"Feature","geometry":{"type":"Point","coordinates":[19.930328,50.096258]},"properties":{"name":"Prądnik Biały","band":1,"modes":"bus","arr":["144","904"],"off":[0,-0.8]}},{"type":"Feature","geometry":{"type":"Point","coordinates":[19.930328,50.096258]},"properties":{"line":"144","mode":"bus","color":"#0059a9","colorDark":"#00294f","band":1,"off":[-1.7,1.1]}},{"type":"Feature","geometry":{"type":"Point","coordinates":[19.930328,50.096258]},"properties":{"line":"904","mode":"bus","color":"#0059a9","colorDark":"#00294f","band":1,"off":[1.7,1.1]}},{"type":"Feature","geometry":{"type":"Point","coordinates":[19.811858,50.041919]},"properties":{"name":"Bielany Obwodnica","band":1,"modes":"bus","arr":["146"],"off":[0,-0.8]}},{"type":"Feature","geometry":{"type":"Point","coordinates":[19.811858,50.041919]},"properties":{"line":"146","mode":"bus","color":"#0059a9","colorDark":"#00294f","band":1,"off":[0,1.1]}},{"type":"Feature","geometry":{"type":"Point","coordinates":[20.015141,50.075117]},"properties":{"name":"Czyżyny Dworzec","band":1,"modes":"bus","arr":["148","202","212","222","232","262","611"],"off":[0,-0.8]}},{"type":"Feature","geometry":{"type":"Point","coordinates":[20.015141,50.075117]},"properties":{"line":"148","mode":"bus","color":"#0059a9","colorDark":"#00294f","band":1,"off":[-6.8,1.1]}},{"type":"Feature","geometry":{"type":"Point","coordinates":[20.015141,50.075117]},"properties":{"line":"202","mode":"bus","color":"#0059a9","colorDark":"#00294f","band":1,"off":[-3.4,1.1]}},{"type":"Feature","geometry":{"type":"Point","coordinates":[20.015141,50.075117]},"properties":{"line":"212","mode":"bus","color":"#0059a9","colorDark":"#00294f","band":1,"off":[0,1.1]}},{"type":"Feature","geometry":{"type":"Point","coordinates":[20.015141,50.075117]},"properties":{"line":"222","mode":"bus","color":"#0059a9","colorDark":"#00294f","band":1,"off":[3.4,1.1]}},{"type":"Feature","geometry":{"type":"Point","coordinates":[20.015141,50.075117]},"properties":{"line":"232","mode":"bus","color":"#0059a9","colorDark":"#00294f","band":1,"off":[6.8,1.1]}},{"type":"Feature","geometry":{"type":"Point","coordinates":[20.015141,50.075117]},"properties":{"line":"262","mode":"bus","color":"#0059a9","colorDark":"#00294f","band":1,"off":[-1.7,3.1]}},{"type":"Feature","geometry":{"type":"Point","coordinates":[20.015141,50.075117]},"properties":{"line":"611","mode":"bus","color":"#0059a9","colorDark":"#00294f","band":1,"off":[1.7,3.1]}},{"type":"Feature","geometry":{"type":"Point","coordinates":[20.064063,50.099457]},"properties":{"name":"Szpital Okulistyczny","band":1,"modes":"bus","arr":["149"],"off":[0,-0.8]}},{"type":"Feature","geometry":{"type":"Point","coordinates":[20.064063,50.099457]},"properties":{"line":"149","mode":"bus","color":"#0059a9","colorDark":"#00294f","band":1,"off":[0,1.1]}},{"type":"Feature","geometry":{"type":"Point","coordinates":[20.003628,50.009332]},"properties":{"name":"Miejskie Centrum Opieki","band":1,"modes":"bus","arr":["153","513"],"off":[0,-0.8]}},{"type":"Feature","geometry":{"type":"Point","coordinates":[20.003628,50.009332]},"properties":{"line":"153","mode":"bus","color":"#0059a9","colorDark":"#00294f","band":1,"off":[-1.7,1.1]}},{"type":"Feature","geometry":{"type":"Point","coordinates":[20.003628,50.009332]},"properties":{"line":"513","mode":"bus","color":"#0059a9","colorDark":"#00294f","band":1,"off":[1.7,1.1]}},{"type":"Feature","geometry":{"type":"Point","coordinates":[20.052868,50.008396]},"properties":{"name":"Bieżanów Potrzask","band":1,"modes":"bus","arr":["153"],"off":[0,-0.8]}},{"type":"Feature","geometry":{"type":"Point","coordinates":[20.052868,50.008396]},"properties":{"line":"153","mode":"bus","color":"#0059a9","colorDark":"#00294f","band":1,"off":[0,1.1]}},{"type":"Feature","geometry":{"type":"Point","coordinates":[20.02309,50.015391]},"properties":{"name":"Nowy Bieżanów P+R","band":1,"modes":"tram,bus","arr":["3","9","13","49","69","669"],"off":[0,-0.8]}},{"type":"Feature","geometry":{"type":"Point","coordinates":[20.02309,50.015391]},"properties":{"line":"3","mode":"tram","color":"#d6212b","colorDark":"#7c1116","band":1,"off":[-6.8,1.1]}},{"type":"Feature","geometry":{"type":"Point","coordinates":[20.02309,50.015391]},"properties":{"line":"9","mode":"tram","color":"#d6212b","colorDark":"#7c1116","band":1,"off":[-3.4,1.1]}},{"type":"Feature","geometry":{"type":"Point","coordinates":[20.02309,50.015391]},"properties":{"line":"13","mode":"tram","color":"#d6212b","colorDark":"#7c1116","band":1,"off":[0,1.1]}},{"type":"Feature","geometry":{"type":"Point","coordinates":[20.02309,50.015391]},"properties":{"line":"49","mode":"tram","color":"#d6212b","colorDark":"#7c1116","band":1,"off":[3.4,1.1]}},{"type":"Feature","geometry":{"type":"Point","coordinates":[20.02309,50.015391]},"properties":{"line":"69","mode":"tram","color":"#d6212b","colorDark":"#7c1116","band":1,"off":[6.8,1.1]}},{"type":"Feature","geometry":{"type":"Point","coordinates":[20.02309,50.015391]},"properties":{"line":"669","mode":"bus","color":"#0059a9","colorDark":"#00294f","band":1,"off":[0,3.1]}},{"type":"Feature","geometry":{"type":"Point","coordinates":[19.872223,49.988466]},"properties":{"name":"Sidzina","band":1,"modes":"bus","arr":["156","175","475","610"],"off":[0,-0.8]}},{"type":"Feature","geometry":{"type":"Point","coordinates":[19.872223,49.988466]},"properties":{"line":"156","mode":"bus","color":"#0059a9","colorDark":"#00294f","band":1,"off":[-5.1,1.1]}},{"type":"Feature","geometry":{"type":"Point","coordinates":[19.872223,49.988466]},"properties":{"line":"175","mode":"bus","color":"#0059a9","colorDark":"#00294f","band":1,"off":[-1.7,1.1]}},{"type":"Feature","geometry":{"type":"Point","coordinates":[19.872223,49.988466]},"properties":{"line":"475","mode":"bus","color":"#0059a9","colorDark":"#00294f","band":1,"off":[1.7,1.1]}},{"type":"Feature","geometry":{"type":"Point","coordinates":[19.872223,49.988466]},"properties":{"line":"610","mode":"bus","color":"#0059a9","colorDark":"#00294f","band":1,"off":[5.1,1.1]}},{"type":"Feature","geometry":{"type":"Point","coordinates":[20.060015,50.047636]},"properties":{"name":"Podwierzbie","band":1,"modes":"bus","arr":["158"],"off":[0,-0.8]}},{"type":"Feature","geometry":{"type":"Point","coordinates":[20.060015,50.047636]},"properties":{"line":"158","mode":"bus","color":"#0059a9","colorDark":"#00294f","band":1,"off":[0,1.1]}},{"type":"Feature","geometry":{"type":"Point","coordinates":[19.852131,50.028654]},"properties":{"name":"Kostrze OSP","band":1,"modes":"bus","arr":["176","476"],"off":[0,-0.8]}},{"type":"Feature","geometry":{"type":"Point","coordinates":[19.852131,50.028654]},"properties":{"line":"176","mode":"bus","color":"#0059a9","colorDark":"#00294f","band":1,"off":[-1.7,1.1]}},{"type":"Feature","geometry":{"type":"Point","coordinates":[19.852131,50.028654]},"properties":{"line":"476","mode":"bus","color":"#0059a9","colorDark":"#00294f","band":1,"off":[1.7,1.1]}},{"type":"Feature","geometry":{"type":"Point","coordinates":[19.970085,50.015255]},"properties":{"name":"Piaski Nowe","band":1,"modes":"bus","arr":["164"],"off":[0,-0.8]}},{"type":"Feature","geometry":{"type":"Point","coordinates":[19.970085,50.015255]},"properties":{"line":"164","mode":"bus","color":"#0059a9","colorDark":"#00294f","band":1,"off":[0,1.1]}},{"type":"Feature","geometry":{"type":"Point","coordinates":[19.840191,50.090888]},"properties":{"name":"Mydlniki Wapiennik P+R","band":1,"modes":"bus","arr":["164","199","601"],"off":[0,-0.8]}},{"type":"Feature","geometry":{"type":"Point","coordinates":[19.840191,50.090888]},"properties":{"line":"164","mode":"bus","color":"#0059a9","colorDark":"#00294f","band":1,"off":[-3.4,1.1]}},{"type":"Feature","geometry":{"type":"Point","coordinates":[19.840191,50.090888]},"properties":{"line":"199","mode":"bus","color":"#0059a9","colorDark":"#00294f","band":1,"off":[0,1.1]}},{"type":"Feature","geometry":{"type":"Point","coordinates":[19.840191,50.090888]},"properties":{"line":"601","mode":"bus","color":"#0059a9","colorDark":"#00294f","band":1,"off":[3.4,1.1]}},{"type":"Feature","geometry":{"type":"Point","coordinates":[19.897171,50.093306]},"properties":{"name":"Chełmońskiego Pętla","band":1,"modes":"bus","arr":["168","511","611"],"off":[0,-0.8]}},{"type":"Feature","geometry":{"type":"Point","coordinates":[19.897171,50.093306]},"properties":{"line":"168","mode":"bus","color":"#0059a9","colorDark":"#00294f","band":1,"off":[-3.4,1.1]}},{"type":"Feature","geometry":{"type":"Point","coordinates":[19.897171,50.093306]},"properties":{"line":"511","mode":"bus","color":"#0059a9","colorDark":"#00294f","band":1,"off":[0,1.1]}},{"type":"Feature","geometry":{"type":"Point","coordinates":[19.897171,50.093306]},"properties":{"line":"611","mode":"bus","color":"#0059a9","colorDark":"#00294f","band":1,"off":[3.4,1.1]}},{"type":"Feature","geometry":{"type":"Point","coordinates":[19.982916,50.005789]},"properties":{"name":"Piaski Wielkie","band":1,"modes":"bus","arr":["169","433","469"],"off":[0,-0.8]}},{"type":"Feature","geometry":{"type":"Point","coordinates":[19.982916,50.005789]},"properties":{"line":"169","mode":"bus","color":"#0059a9","colorDark":"#00294f","band":1,"off":[-3.4,1.1]}},{"type":"Feature","geometry":{"type":"Point","coordinates":[19.982916,50.005789]},"properties":{"line":"433","mode":"bus","color":"#0059a9","colorDark":"#00294f","band":1,"off":[0,1.1]}},{"type":"Feature","geometry":{"type":"Point","coordinates":[19.982916,50.005789]},"properties":{"line":"469","mode":"bus","color":"#0059a9","colorDark":"#00294f","band":1,"off":[3.4,1.1]}},{"type":"Feature","geometry":{"type":"Point","coordinates":[20.18965,50.113616]},"properties":{"name":"Wróżenice","band":1,"modes":"bus","arr":["171"],"off":[0,-0.8]}},{"type":"Feature","geometry":{"type":"Point","coordinates":[20.18965,50.113616]},"properties":{"line":"171","mode":"bus","color":"#0059a9","colorDark":"#00294f","band":1,"off":[0,1.1]}},{"type":"Feature","geometry":{"type":"Point","coordinates":[20.015539,50.012695]},"properties":{"name":"Nowy Bieżanów Południe","band":1,"modes":"bus","arr":["173","234","244","274","284","503"],"off":[0,-0.8]}},{"type":"Feature","geometry":{"type":"Point","coordinates":[20.015539,50.012695]},"properties":{"line":"173","mode":"bus","color":"#0059a9","colorDark":"#00294f","band":1,"off":[-6.8,1.1]}},{"type":"Feature","geometry":{"type":"Point","coordinates":[20.015539,50.012695]},"properties":{"line":"234","mode":"bus","color":"#0059a9","colorDark":"#00294f","band":1,"off":[-3.4,1.1]}},{"type":"Feature","geometry":{"type":"Point","coordinates":[20.015539,50.012695]},"properties":{"line":"244","mode":"bus","color":"#0059a9","colorDark":"#00294f","band":1,"off":[0,1.1]}},{"type":"Feature","geometry":{"type":"Point","coordinates":[20.015539,50.012695]},"properties":{"line":"274","mode":"bus","color":"#0059a9","colorDark":"#00294f","band":1,"off":[3.4,1.1]}},{"type":"Feature","geometry":{"type":"Point","coordinates":[20.015539,50.012695]},"properties":{"line":"284","mode":"bus","color":"#0059a9","colorDark":"#00294f","band":1,"off":[6.8,1.1]}},{"type":"Feature","geometry":{"type":"Point","coordinates":[20.015539,50.012695]},"properties":{"line":"503","mode":"bus","color":"#0059a9","colorDark":"#00294f","band":1,"off":[0,3.1]}},{"type":"Feature","geometry":{"type":"Point","coordinates":[20.035573,50.071743]},"properties":{"name":"Plac Centralny im. R.Reagana","band":1,"modes":"tram,bus","arr":["62","189","662"],"off":[0,-0.8]}},{"type":"Feature","geometry":{"type":"Point","coordinates":[20.035573,50.071743]},"properties":{"line":"62","mode":"tram","color":"#d6212b","colorDark":"#7c1116","band":1,"off":[-3.4,1.1]}},{"type":"Feature","geometry":{"type":"Point","coordinates":[20.035573,50.071743]},"properties":{"line":"189","mode":"bus","color":"#0059a9","colorDark":"#00294f","band":1,"off":[0,1.1]}},{"type":"Feature","geometry":{"type":"Point","coordinates":[20.035573,50.071743]},"properties":{"line":"662","mode":"bus","color":"#0059a9","colorDark":"#00294f","band":1,"off":[3.4,1.1]}},{"type":"Feature","geometry":{"type":"Point","coordinates":[19.960371,50.004486]},"properties":{"name":"Os. Kurdwanów","band":1,"modes":"bus","arr":["174","179"],"off":[0,-0.8]}},{"type":"Feature","geometry":{"type":"Point","coordinates":[19.960371,50.004486]},"properties":{"line":"174","mode":"bus","color":"#0059a9","colorDark":"#00294f","band":1,"off":[-1.7,1.1]}},{"type":"Feature","geometry":{"type":"Point","coordinates":[19.960371,50.004486]},"properties":{"line":"179","mode":"bus","color":"#0059a9","colorDark":"#00294f","band":1,"off":[1.7,1.1]}},{"type":"Feature","geometry":{"type":"Point","coordinates":[19.867554,50.038702]},"properties":{"name":"Bodzów","band":1,"modes":"bus","arr":["176"],"off":[0,-0.8]}},{"type":"Feature","geometry":{"type":"Point","coordinates":[19.867554,50.038702]},"properties":{"line":"176","mode":"bus","color":"#0059a9","colorDark":"#00294f","band":1,"off":[0,1.1]}},{"type":"Feature","geometry":{"type":"Point","coordinates":[20.050117,50.097852]},"properties":{"name":"Os. Na Stoku","band":1,"modes":"bus","arr":["182","511","608"],"off":[0,-0.8]}},{"type":"Feature","geometry":{"type":"Point","coordinates":[20.050117,50.097852]},"properties":{"line":"182","mode":"bus","color":"#0059a9","colorDark":"#00294f","band":1,"off":[-3.4,1.1]}},{"type":"Feature","geometry":{"type":"Point","coordinates":[20.050117,50.097852]},"properties":{"line":"511","mode":"bus","color":"#0059a9","colorDark":"#00294f","band":1,"off":[0,1.1]}},{"type":"Feature","geometry":{"type":"Point","coordinates":[20.050117,50.097852]},"properties":{"line":"608","mode":"bus","color":"#0059a9","colorDark":"#00294f","band":1,"off":[3.4,1.1]}},{"type":"Feature","geometry":{"type":"Point","coordinates":[19.805885,50.061861]},"properties":{"name":"Olszanica Bory","band":1,"modes":"bus","arr":["192"],"off":[0,-0.8]}},{"type":"Feature","geometry":{"type":"Point","coordinates":[19.805885,50.061861]},"properties":{"line":"192","mode":"bus","color":"#0059a9","colorDark":"#00294f","band":1,"off":[0,1.1]}},{"type":"Feature","geometry":{"type":"Point","coordinates":[19.685756,50.237652]},"properties":{"name":"Przeginia Kościół","band":1,"modes":"bus","arr":["200"],"off":[0,-0.8]}},{"type":"Feature","geometry":{"type":"Point","coordinates":[19.685756,50.237652]},"properties":{"line":"200","mode":"bus","color":"#0059a9","colorDark":"#00294f","band":1,"off":[0,1.1]}},{"type":"Feature","geometry":{"type":"Point","coordinates":[20.113133,50.135106]},"properties":{"name":"Kocmyrzów-Luborzyca Urząd Gminy","band":1,"modes":"bus","arr":["272"],"off":[0,-0.8]}},{"type":"Feature","geometry":{"type":"Point","coordinates":[20.113133,50.135106]},"properties":{"line":"272","mode":"bus","color":"#0059a9","colorDark":"#00294f","band":1,"off":[0,1.1]}},{"type":"Feature","geometry":{"type":"Point","coordinates":[20.160164,50.187678]},"properties":{"name":"Łososkowice Remiza","band":1,"modes":"bus","arr":["202"],"off":[0,-0.8]}},{"type":"Feature","geometry":{"type":"Point","coordinates":[20.160164,50.187678]},"properties":{"line":"202","mode":"bus","color":"#0059a9","colorDark":"#00294f","band":1,"off":[0,1.1]}},{"type":"Feature","geometry":{"type":"Point","coordinates":[19.82984,49.968547]},"properties":{"name":"Skawina","band":1,"modes":"bus","arr":["203","243","245","283","293","903"],"off":[0,-0.8]}},{"type":"Feature","geometry":{"type":"Point","coordinates":[19.82984,49.968547]},"properties":{"line":"203","mode":"bus","color":"#0059a9","colorDark":"#00294f","band":1,"off":[-6.8,1.1]}},{"type":"Feature","geometry":{"type":"Point","coordinates":[19.82984,49.968547]},"properties":{"line":"243","mode":"bus","color":"#0059a9","colorDark":"#00294f","band":1,"off":[-3.4,1.1]}},{"type":"Feature","geometry":{"type":"Point","coordinates":[19.82984,49.968547]},"properties":{"line":"245","mode":"bus","color":"#0059a9","colorDark":"#00294f","band":1,"off":[0,1.1]}},{"type":"Feature","geometry":{"type":"Point","coordinates":[19.82984,49.968547]},"properties":{"line":"283","mode":"bus","color":"#0059a9","colorDark":"#00294f","band":1,"off":[3.4,1.1]}},{"type":"Feature","geometry":{"type":"Point","coordinates":[19.82984,49.968547]},"properties":{"line":"293","mode":"bus","color":"#0059a9","colorDark":"#00294f","band":1,"off":[6.8,1.1]}},{"type":"Feature","geometry":{"type":"Point","coordinates":[19.82984,49.968547]},"properties":{"line":"903","mode":"bus","color":"#0059a9","colorDark":"#00294f","band":1,"off":[0,3.1]}},{"type":"Feature","geometry":{"type":"Point","coordinates":[20.07487,49.986292]},"properties":{"name":"Wieliczka Kampus","band":1,"modes":"bus","arr":["204","224","244","304","904"],"off":[0,-0.8]}},{"type":"Feature","geometry":{"type":"Point","coordinates":[20.07487,49.986292]},"properties":{"line":"204","mode":"bus","color":"#0059a9","colorDark":"#00294f","band":1,"off":[-6.8,1.1]}},{"type":"Feature","geometry":{"type":"Point","coordinates":[20.07487,49.986292]},"properties":{"line":"224","mode":"bus","color":"#0059a9","colorDark":"#00294f","band":1,"off":[-3.4,1.1]}},{"type":"Feature","geometry":{"type":"Point","coordinates":[20.07487,49.986292]},"properties":{"line":"244","mode":"bus","color":"#0059a9","colorDark":"#00294f","band":1,"off":[0,1.1]}},{"type":"Feature","geometry":{"type":"Point","coordinates":[20.07487,49.986292]},"properties":{"line":"304","mode":"bus","color":"#0059a9","colorDark":"#00294f","band":1,"off":[3.4,1.1]}},{"type":"Feature","geometry":{"type":"Point","coordinates":[20.07487,49.986292]},"properties":{"line":"904","mode":"bus","color":"#0059a9","colorDark":"#00294f","band":1,"off":[6.8,1.1]}},{"type":"Feature","geometry":{"type":"Point","coordinates":[19.910906,50.141004]},"properties":{"name":"Trojanowice Pętla","band":1,"modes":"bus","arr":["207"],"off":[0,-0.8]}},{"type":"Feature","geometry":{"type":"Point","coordinates":[19.910906,50.141004]},"properties":{"line":"207","mode":"bus","color":"#0059a9","colorDark":"#00294f","band":1,"off":[0,1.1]}},{"type":"Feature","geometry":{"type":"Point","coordinates":[19.915203,50.052891]},"properties":{"name":"Salwator","band":1,"modes":"tram,bus","arr":["1","13","209","229","239","249","259","269","279","310"],"off":[0,-0.8]}},{"type":"Feature","geometry":{"type":"Point","coordinates":[19.915203,50.052891]},"properties":{"line":"1","mode":"tram","color":"#d6212b","colorDark":"#7c1116","band":1,"off":[-6.8,1.1]}},{"type":"Feature","geometry":{"type":"Point","coordinates":[19.915203,50.052891]},"properties":{"line":"13","mode":"tram","color":"#d6212b","colorDark":"#7c1116","band":1,"off":[-3.4,1.1]}},{"type":"Feature","geometry":{"type":"Point","coordinates":[19.915203,50.052891]},"properties":{"line":"209","mode":"bus","color":"#0059a9","colorDark":"#00294f","band":1,"off":[0,1.1]}},{"type":"Feature","geometry":{"type":"Point","coordinates":[19.915203,50.052891]},"properties":{"line":"229","mode":"bus","color":"#0059a9","colorDark":"#00294f","band":1,"off":[3.4,1.1]}},{"type":"Feature","geometry":{"type":"Point","coordinates":[19.915203,50.052891]},"properties":{"line":"239","mode":"bus","color":"#0059a9","colorDark":"#00294f","band":1,"off":[6.8,1.1]}},{"type":"Feature","geometry":{"type":"Point","coordinates":[19.915203,50.052891]},"properties":{"line":"249","mode":"bus","color":"#0059a9","colorDark":"#00294f","band":1,"off":[-6.8,3.1]}},{"type":"Feature","geometry":{"type":"Point","coordinates":[19.915203,50.052891]},"properties":{"line":"259","mode":"bus","color":"#0059a9","colorDark":"#00294f","band":1,"off":[-3.4,3.1]}},{"type":"Feature","geometry":{"type":"Point","coordinates":[19.915203,50.052891]},"properties":{"line":"269","mode":"bus","color":"#0059a9","colorDark":"#00294f","band":1,"off":[0,3.1]}},{"type":"Feature","geometry":{"type":"Point","coordinates":[19.915203,50.052891]},"properties":{"line":"279","mode":"bus","color":"#0059a9","colorDark":"#00294f","band":1,"off":[3.4,3.1]}},{"type":"Feature","geometry":{"type":"Point","coordinates":[19.915203,50.052891]},"properties":{"line":"310","mode":"bus","color":"#0059a9","colorDark":"#00294f","band":1,"off":[6.8,3.1]}},{"type":"Feature","geometry":{"type":"Point","coordinates":[19.707347,50.068849]},"properties":{"name":"Mników Skały","band":1,"modes":"bus","arr":["209"],"off":[0,-0.8]}},{"type":"Feature","geometry":{"type":"Point","coordinates":[19.707347,50.068849]},"properties":{"line":"209","mode":"bus","color":"#0059a9","colorDark":"#00294f","band":1,"off":[0,1.1]}},{"type":"Feature","geometry":{"type":"Point","coordinates":[19.800214,50.071704]},"properties":{"name":"Kraków Airport","band":1,"modes":"bus","arr":["300","902"],"off":[0,-0.8]}},{"type":"Feature","geometry":{"type":"Point","coordinates":[19.800214,50.071704]},"properties":{"line":"300","mode":"bus","color":"#0059a9","colorDark":"#00294f","band":1,"off":[-1.7,1.1]}},{"type":"Feature","geometry":{"type":"Point","coordinates":[19.800214,50.071704]},"properties":{"line":"902","mode":"bus","color":"#0059a9","colorDark":"#00294f","band":1,"off":[1.7,1.1]}},{"type":"Feature","geometry":{"type":"Point","coordinates":[19.840839,50.114288]},"properties":{"name":"Modlniczka Centrum Logistyczne","band":1,"modes":"bus","arr":["210"],"off":[0,-0.8]}},{"type":"Feature","geometry":{"type":"Point","coordinates":[19.840839,50.114288]},"properties":{"line":"210","mode":"bus","color":"#0059a9","colorDark":"#00294f","band":1,"off":[0,1.1]}},{"type":"Feature","geometry":{"type":"Point","coordinates":[20.352599,50.080184]},"properties":{"name":"Chobot Leśniczówka","band":1,"modes":"bus","arr":["211"],"off":[0,-0.8]}},{"type":"Feature","geometry":{"type":"Point","coordinates":[20.352599,50.080184]},"properties":{"line":"211","mode":"bus","color":"#0059a9","colorDark":"#00294f","band":1,"off":[0,1.1]}},{"type":"Feature","geometry":{"type":"Point","coordinates":[20.187997,50.126996]},"properties":{"name":"Czulice Kościół","band":1,"modes":"bus","arr":["212","271"],"off":[0,-0.8]}},{"type":"Feature","geometry":{"type":"Point","coordinates":[20.187997,50.126996]},"properties":{"line":"212","mode":"bus","color":"#0059a9","colorDark":"#00294f","band":1,"off":[-1.7,1.1]}},{"type":"Feature","geometry":{"type":"Point","coordinates":[20.187997,50.126996]},"properties":{"line":"271","mode":"bus","color":"#0059a9","colorDark":"#00294f","band":1,"off":[1.7,1.1]}},{"type":"Feature","geometry":{"type":"Point","coordinates":[19.997665,49.958498]},"properties":{"name":"Podstolice Centrum","band":1,"modes":"bus","arr":["214","P2"],"off":[0,-0.8]}},{"type":"Feature","geometry":{"type":"Point","coordinates":[19.997665,49.958498]},"properties":{"line":"214","mode":"bus","color":"#0059a9","colorDark":"#00294f","band":1,"off":[-1.7,1.1]}},{"type":"Feature","geometry":{"type":"Point","coordinates":[19.997665,49.958498]},"properties":{"line":"P2","mode":"bus","color":"#0059a9","colorDark":"#00294f","band":1,"off":[1.7,1.1]}},{"type":"Feature","geometry":{"type":"Point","coordinates":[19.999359,49.934868]},"properties":{"name":"Rzeszotary Panciawa Pętla","band":1,"modes":"bus","arr":["215"],"off":[0,-0.8]}},{"type":"Feature","geometry":{"type":"Point","coordinates":[19.999359,49.934868]},"properties":{"line":"215","mode":"bus","color":"#0059a9","colorDark":"#00294f","band":1,"off":[0,1.1]}},{"type":"Feature","geometry":{"type":"Point","coordinates":[19.946655,49.934314]},"properties":{"name":"Świątniki Górne Urząd Miasta i Gminy","band":1,"modes":"bus","arr":["225","915"],"off":[0,-0.8]}},{"type":"Feature","geometry":{"type":"Point","coordinates":[19.946655,49.934314]},"properties":{"line":"225","mode":"bus","color":"#0059a9","colorDark":"#00294f","band":1,"off":[-1.7,1.1]}},{"type":"Feature","geometry":{"type":"Point","coordinates":[19.946655,49.934314]},"properties":{"line":"915","mode":"bus","color":"#0059a9","colorDark":"#00294f","band":1,"off":[1.7,1.1]}},{"type":"Feature","geometry":{"type":"Point","coordinates":[19.974792,50.128748]},"properties":{"name":"Węgrzce Pętla","band":1,"modes":"bus","arr":["217"],"off":[0,-0.8]}},{"type":"Feature","geometry":{"type":"Point","coordinates":[19.974792,50.128748]},"properties":{"line":"217","mode":"bus","color":"#0059a9","colorDark":"#00294f","band":1,"off":[0,1.1]}},{"type":"Feature","geometry":{"type":"Point","coordinates":[19.801261,50.11952]},"properties":{"name":"Zabierzów Młyn","band":1,"modes":"bus","arr":["218","288"],"off":[0,-0.8]}},{"type":"Feature","geometry":{"type":"Point","coordinates":[19.801261,50.11952]},"properties":{"line":"218","mode":"bus","color":"#0059a9","colorDark":"#00294f","band":1,"off":[-1.7,1.1]}},{"type":"Feature","geometry":{"type":"Point","coordinates":[19.801261,50.11952]},"properties":{"line":"288","mode":"bus","color":"#0059a9","colorDark":"#00294f","band":1,"off":[1.7,1.1]}},{"type":"Feature","geometry":{"type":"Point","coordinates":[19.77852,49.98714]},"properties":{"name":"Jeziorzany Pętla","band":1,"modes":"bus","arr":["219"],"off":[0,-0.8]}},{"type":"Feature","geometry":{"type":"Point","coordinates":[19.77852,49.98714]},"properties":{"line":"219","mode":"bus","color":"#0059a9","colorDark":"#00294f","band":1,"off":[0,1.1]}},{"type":"Feature","geometry":{"type":"Point","coordinates":[19.871023,50.151602]},"properties":{"name":"Giebułtów Morgi","band":1,"modes":"bus","arr":["220"],"off":[0,-0.8]}},{"type":"Feature","geometry":{"type":"Point","coordinates":[19.871023,50.151602]},"properties":{"line":"220","mode":"bus","color":"#0059a9","colorDark":"#00294f","band":1,"off":[0,1.1]}},{"type":"Feature","geometry":{"type":"Point","coordinates":[20.216383,50.037957]},"properties":{"name":"Niepołomice Dworzec","band":1,"modes":"bus","arr":["221","301"],"off":[0,-0.8]}},{"type":"Feature","geometry":{"type":"Point","coordinates":[20.216383,50.037957]},"properties":{"line":"221","mode":"bus","color":"#0059a9","colorDark":"#00294f","band":1,"off":[-1.7,1.1]}},{"type":"Feature","geometry":{"type":"Point","coordinates":[20.216383,50.037957]},"properties":{"line":"301","mode":"bus","color":"#0059a9","colorDark":"#00294f","band":1,"off":[1.7,1.1]}},{"type":"Feature","geometry":{"type":"Point","coordinates":[20.084501,50.245301]},"properties":{"name":"Słomniki Osiedle","band":1,"modes":"bus","arr":["222"],"off":[0,-0.8]}},{"type":"Feature","geometry":{"type":"Point","coordinates":[20.084501,50.245301]},"properties":{"line":"222","mode":"bus","color":"#0059a9","colorDark":"#00294f","band":1,"off":[0,1.1]}},{"type":"Feature","geometry":{"type":"Point","coordinates":[19.628237,49.967187]},"properties":{"name":"Brzeźnica Dworzec","band":1,"modes":"bus","arr":["223"],"off":[0,-0.8]}},{"type":"Feature","geometry":{"type":"Point","coordinates":[19.628237,49.967187]},"properties":{"line":"223","mode":"bus","color":"#0059a9","colorDark":"#00294f","band":1,"off":[0,1.1]}},{"type":"Feature","geometry":{"type":"Point","coordinates":[19.937095,50.012393]},"properties":{"name":"Centrum JP II","band":1,"modes":"bus","arr":["224"],"off":[0,-0.8]}},{"type":"Feature","geometry":{"type":"Point","coordinates":[19.937095,50.012393]},"properties":{"line":"224","mode":"bus","color":"#0059a9","colorDark":"#00294f","band":1,"off":[0,1.1]}},{"type":"Feature","geometry":{"type":"Point","coordinates":[19.931582,50.150454]},"properties":{"name":"Wola Zachariaszowska Szkoła","band":1,"modes":"bus","arr":["280"],"off":[0,-0.8]}},{"type":"Feature","geometry":{"type":"Point","coordinates":[19.931582,50.150454]},"properties":{"line":"280","mode":"bus","color":"#0059a9","colorDark":"#00294f","band":1,"off":[0,1.1]}},{"type":"Feature","geometry":{"type":"Point","coordinates":[19.936106,50.162468]},"properties":{"name":"Górna Wieś Pętla","band":1,"modes":"bus","arr":["227","917"],"off":[0,-0.8]}},{"type":"Feature","geometry":{"type":"Point","coordinates":[19.936106,50.162468]},"properties":{"line":"227","mode":"bus","color":"#0059a9","colorDark":"#00294f","band":1,"off":[-1.7,1.1]}},{"type":"Feature","geometry":{"type":"Point","coordinates":[19.936106,50.162468]},"properties":{"line":"917","mode":"bus","color":"#0059a9","colorDark":"#00294f","band":1,"off":[1.7,1.1]}},{"type":"Feature","geometry":{"type":"Point","coordinates":[19.709536,50.082165]},"properties":{"name":"Chrosna Pętla","band":1,"modes":"bus","arr":["228"],"off":[0,-0.8]}},{"type":"Feature","geometry":{"type":"Point","coordinates":[19.709536,50.082165]},"properties":{"line":"228","mode":"bus","color":"#0059a9","colorDark":"#00294f","band":1,"off":[0,1.1]}},{"type":"Feature","geometry":{"type":"Point","coordinates":[19.586718,50.014955]},"properties":{"name":"Kamień Szkoła","band":1,"modes":"bus","arr":["229"],"off":[0,-0.8]}},{"type":"Feature","geometry":{"type":"Point","coordinates":[19.586718,50.014955]},"properties":{"line":"229","mode":"bus","color":"#0059a9","colorDark":"#00294f","band":1,"off":[0,1.1]}},{"type":"Feature","geometry":{"type":"Point","coordinates":[19.676513,49.98718]},"properties":{"name":"Czernichów Rynek","band":1,"modes":"bus","arr":["249","259"],"off":[0,-0.8]}},{"type":"Feature","geometry":{"type":"Point","coordinates":[19.676513,49.98718]},"properties":{"line":"249","mode":"bus","color":"#0059a9","colorDark":"#00294f","band":1,"off":[-1.7,1.1]}},{"type":"Feature","geometry":{"type":"Point","coordinates":[19.676513,49.98718]},"properties":{"line":"259","mode":"bus","color":"#0059a9","colorDark":"#00294f","band":1,"off":[1.7,1.1]}},{"type":"Feature","geometry":{"type":"Point","coordinates":[19.820314,50.135825]},"properties":{"name":"Ujazd Pętla","band":1,"modes":"bus","arr":["230"],"off":[0,-0.8]}},{"type":"Feature","geometry":{"type":"Point","coordinates":[19.820314,50.135825]},"properties":{"line":"230","mode":"bus","color":"#0059a9","colorDark":"#00294f","band":1,"off":[0,1.1]}},{"type":"Feature","geometry":{"type":"Point","coordinates":[20.109786,50.17753]},"properties":{"name":"Wilków Pętla","band":1,"modes":"bus","arr":["232"],"off":[0,-0.8]}},{"type":"Feature","geometry":{"type":"Point","coordinates":[20.109786,50.17753]},"properties":{"line":"232","mode":"bus","color":"#0059a9","colorDark":"#00294f","band":1,"off":[0,1.1]}},{"type":"Feature","geometry":{"type":"Point","coordinates":[19.821549,49.976504]},"properties":{"name":"Skawina SCK","band":1,"modes":"bus","arr":["233","273","295"],"off":[0,-0.8]}},{"type":"Feature","geometry":{"type":"Point","coordinates":[19.821549,49.976504]},"properties":{"line":"233","mode":"bus","color":"#0059a9","colorDark":"#00294f","band":1,"off":[-3.4,1.1]}},{"type":"Feature","geometry":{"type":"Point","coordinates":[19.821549,49.976504]},"properties":{"line":"273","mode":"bus","color":"#0059a9","colorDark":"#00294f","band":1,"off":[0,1.1]}},{"type":"Feature","geometry":{"type":"Point","coordinates":[19.821549,49.976504]},"properties":{"line":"295","mode":"bus","color":"#0059a9","colorDark":"#00294f","band":1,"off":[3.4,1.1]}},{"type":"Feature","geometry":{"type":"Point","coordinates":[20.115272,50.014811]},"properties":{"name":"Węgrzce Wielkie Pętla","band":1,"modes":"bus","arr":["234","W2","Z1"],"off":[0,-0.8]}},{"type":"Feature","geometry":{"type":"Point","coordinates":[20.115272,50.014811]},"properties":{"line":"234","mode":"bus","color":"#0059a9","colorDark":"#00294f","band":1,"off":[-3.4,1.1]}},{"type":"Feature","geometry":{"type":"Point","coordinates":[20.115272,50.014811]},"properties":{"line":"W2","mode":"bus","color":"#0059a9","colorDark":"#00294f","band":1,"off":[0,1.1]}},{"type":"Feature","geometry":{"type":"Point","coordinates":[20.115272,50.014811]},"properties":{"line":"Z1","mode":"bus","color":"#0059a9","colorDark":"#00294f","band":1,"off":[3.4,1.1]}},{"type":"Feature","geometry":{"type":"Point","coordinates":[19.750439,49.977803]},"properties":{"name":"Ochodza Odwiśle","band":1,"modes":"bus","arr":["235"],"off":[0,-0.8]}},{"type":"Feature","geometry":{"type":"Point","coordinates":[19.750439,49.977803]},"properties":{"line":"235","mode":"bus","color":"#0059a9","colorDark":"#00294f","band":1,"off":[0,1.1]}},{"type":"Feature","geometry":{"type":"Point","coordinates":[19.692375,50.111969]},"properties":{"name":"Młynka Pętla","band":1,"modes":"bus","arr":["238"],"off":[0,-0.8]}},{"type":"Feature","geometry":{"type":"Point","coordinates":[19.692375,50.111969]},"properties":{"line":"238","mode":"bus","color":"#0059a9","colorDark":"#00294f","band":1,"off":[0,1.1]}},{"type":"Feature","geometry":{"type":"Point","coordinates":[19.71184,50.122253]},"properties":{"name":"Rudawa Rynek","band":1,"modes":"bus","arr":["918"],"off":[0,-0.8]}},{"type":"Feature","geometry":{"type":"Point","coordinates":[19.71184,50.122253]},"properties":{"line":"918","mode":"bus","color":"#0059a9","colorDark":"#00294f","band":1,"off":[0,1.1]}},{"type":"Feature","geometry":{"type":"Point","coordinates":[19.727928,49.986356]},"properties":{"name":"Wołowice Kapliczka","band":1,"modes":"bus","arr":["239"],"off":[0,-0.8]}},{"type":"Feature","geometry":{"type":"Point","coordinates":[19.727928,49.986356]},"properties":{"line":"239","mode":"bus","color":"#0059a9","colorDark":"#00294f","band":1,"off":[0,1.1]}},{"type":"Feature","geometry":{"type":"Point","coordinates":[19.897778,50.128192]},"properties":{"name":"Pękowice Ojcowska","band":1,"modes":"bus","arr":["240","290"],"off":[0,-0.8]}},{"type":"Feature","geometry":{"type":"Point","coordinates":[19.897778,50.128192]},"properties":{"line":"240","mode":"bus","color":"#0059a9","colorDark":"#00294f","band":1,"off":[-1.7,1.1]}},{"type":"Feature","geometry":{"type":"Point","coordinates":[19.897778,50.128192]},"properties":{"line":"290","mode":"bus","color":"#0059a9","colorDark":"#00294f","band":1,"off":[1.7,1.1]}},{"type":"Feature","geometry":{"type":"Point","coordinates":[20.13828,50.115926]},"properties":{"name":"Krzysztoforzyce Pętla","band":1,"modes":"bus","arr":["242"],"off":[0,-0.8]}},{"type":"Feature","geometry":{"type":"Point","coordinates":[20.13828,50.115926]},"properties":{"line":"242","mode":"bus","color":"#0059a9","colorDark":"#00294f","band":1,"off":[0,1.1]}},{"type":"Feature","geometry":{"type":"Point","coordinates":[19.87085,49.944031]},"properties":{"name":"Mogilany Pętla","band":1,"modes":"bus","arr":["255"],"off":[0,-0.8]}},{"type":"Feature","geometry":{"type":"Point","coordinates":[19.87085,49.944031]},"properties":{"line":"255","mode":"bus","color":"#0059a9","colorDark":"#00294f","band":1,"off":[0,1.1]}},{"type":"Feature","geometry":{"type":"Point","coordinates":[19.939792,50.123608]},"properties":{"name":"Zielonki Marszowiec Pętla","band":1,"modes":"bus","arr":["247","317"],"off":[0,-0.8]}},{"type":"Feature","geometry":{"type":"Point","coordinates":[19.939792,50.123608]},"properties":{"line":"247","mode":"bus","color":"#0059a9","colorDark":"#00294f","band":1,"off":[-1.7,1.1]}},{"type":"Feature","geometry":{"type":"Point","coordinates":[19.939792,50.123608]},"properties":{"line":"317","mode":"bus","color":"#0059a9","colorDark":"#00294f","band":1,"off":[1.7,1.1]}},{"type":"Feature","geometry":{"type":"Point","coordinates":[19.811559,50.161429]},"properties":{"name":"Zelków Pętla","band":1,"modes":"bus","arr":["248","948"],"off":[0,-0.8]}},{"type":"Feature","geometry":{"type":"Point","coordinates":[19.811559,50.161429]},"properties":{"line":"248","mode":"bus","color":"#0059a9","colorDark":"#00294f","band":1,"off":[-1.7,1.1]}},{"type":"Feature","geometry":{"type":"Point","coordinates":[19.811559,50.161429]},"properties":{"line":"948","mode":"bus","color":"#0059a9","colorDark":"#00294f","band":1,"off":[1.7,1.1]}},{"type":"Feature","geometry":{"type":"Point","coordinates":[20.050642,50.121267]},"properties":{"name":"Zastów Pętla","band":1,"modes":"bus","arr":["250"],"off":[0,-0.8]}},{"type":"Feature","geometry":{"type":"Point","coordinates":[20.050642,50.121267]},"properties":{"line":"250","mode":"bus","color":"#0059a9","colorDark":"#00294f","band":1,"off":[0,1.1]}},{"type":"Feature","geometry":{"type":"Point","coordinates":[19.768405,49.902494]},"properties":{"name":"Wola Radziszowska Pętla","band":1,"modes":"bus","arr":["253"],"off":[0,-0.8]}},{"type":"Feature","geometry":{"type":"Point","coordinates":[19.768405,49.902494]},"properties":{"line":"253","mode":"bus","color":"#0059a9","colorDark":"#00294f","band":1,"off":[0,1.1]}},{"type":"Feature","geometry":{"type":"Point","coordinates":[19.967323,49.973872]},"properties":{"name":"Golkowice Pętla","band":1,"modes":"bus","arr":["254","G3"],"off":[0,-0.8]}},{"type":"Feature","geometry":{"type":"Point","coordinates":[19.967323,49.973872]},"properties":{"line":"254","mode":"bus","color":"#0059a9","colorDark":"#00294f","band":1,"off":[-1.7,1.1]}},{"type":"Feature","geometry":{"type":"Point","coordinates":[19.967323,49.973872]},"properties":{"line":"G3","mode":"bus","color":"#0059a9","colorDark":"#00294f","band":1,"off":[1.7,1.1]}},{"type":"Feature","geometry":{"type":"Point","coordinates":[19.932575,50.180688]},"properties":{"name":"Narama Remiza","band":1,"modes":"bus","arr":["257"],"off":[0,-0.8]}},{"type":"Feature","geometry":{"type":"Point","coordinates":[19.932575,50.180688]},"properties":{"line":"257","mode":"bus","color":"#0059a9","colorDark":"#00294f","band":1,"off":[0,1.1]}},{"type":"Feature","geometry":{"type":"Point","coordinates":[19.709609,50.106673]},"properties":{"name":"Nielepice Pętla","band":1,"modes":"bus","arr":["258","298"],"off":[0,-0.8]}},{"type":"Feature","geometry":{"type":"Point","coordinates":[19.709609,50.106673]},"properties":{"line":"258","mode":"bus","color":"#0059a9","colorDark":"#00294f","band":1,"off":[-1.7,1.1]}},{"type":"Feature","geometry":{"type":"Point","coordinates":[19.709609,50.106673]},"properties":{"line":"298","mode":"bus","color":"#0059a9","colorDark":"#00294f","band":1,"off":[1.7,1.1]}},{"type":"Feature","geometry":{"type":"Point","coordinates":[19.739154,49.999296]},"properties":{"name":"Dąbrowa Szlachecka Krzemiennik","band":1,"modes":"bus","arr":["279"],"off":[0,-0.8]}},{"type":"Feature","geometry":{"type":"Point","coordinates":[19.739154,49.999296]},"properties":{"line":"279","mode":"bus","color":"#0059a9","colorDark":"#00294f","band":1,"off":[0,1.1]}},{"type":"Feature","geometry":{"type":"Point","coordinates":[20.051438,50.14425]},"properties":{"name":"Pielgrzymowice Pętla","band":1,"modes":"bus","arr":["260","270"],"off":[0,-0.8]}},{"type":"Feature","geometry":{"type":"Point","coordinates":[20.051438,50.14425]},"properties":{"line":"260","mode":"bus","color":"#0059a9","colorDark":"#00294f","band":1,"off":[-1.7,1.1]}},{"type":"Feature","geometry":{"type":"Point","coordinates":[20.051438,50.14425]},"properties":{"line":"270","mode":"bus","color":"#0059a9","colorDark":"#00294f","band":1,"off":[1.7,1.1]}},{"type":"Feature","geometry":{"type":"Point","coordinates":[20.15545,50.166445]},"properties":{"name":"Rawałowice Kapliczka","band":1,"modes":"bus","arr":["262"],"off":[0,-0.8]}},{"type":"Feature","geometry":{"type":"Point","coordinates":[20.15545,50.166445]},"properties":{"line":"262","mode":"bus","color":"#0059a9","colorDark":"#00294f","band":1,"off":[0,1.1]}},{"type":"Feature","geometry":{"type":"Point","coordinates":[20.139398,50.040548]},"properties":{"name":"Grabie Kościół","band":1,"modes":"bus","arr":["264"],"off":[0,-0.8]}},{"type":"Feature","geometry":{"type":"Point","coordinates":[20.139398,50.040548]},"properties":{"line":"264","mode":"bus","color":"#0059a9","colorDark":"#00294f","band":1,"off":[0,1.1]}},{"type":"Feature","geometry":{"type":"Point","coordinates":[19.921219,49.944223]},"properties":{"name":"Konary Pętla","band":1,"modes":"bus","arr":["265"],"off":[0,-0.8]}},{"type":"Feature","geometry":{"type":"Point","coordinates":[19.921219,49.944223]},"properties":{"line":"265","mode":"bus","color":"#0059a9","colorDark":"#00294f","band":1,"off":[0,1.1]}},{"type":"Feature","geometry":{"type":"Point","coordinates":[19.85384,50.230306]},"properties":{"name":"Skała Rynek","band":1,"modes":"bus","arr":["267"],"off":[0,-0.8]}},{"type":"Feature","geometry":{"type":"Point","coordinates":[19.85384,50.230306]},"properties":{"line":"267","mode":"bus","color":"#0059a9","colorDark":"#00294f","band":1,"off":[0,1.1]}},{"type":"Feature","geometry":{"type":"Point","coordinates":[19.773918,50.152471]},"properties":{"name":"Karniowice Pętla","band":1,"modes":"bus","arr":["268"],"off":[0,-0.8]}},{"type":"Feature","geometry":{"type":"Point","coordinates":[19.773918,50.152471]},"properties":{"line":"268","mode":"bus","color":"#0059a9","colorDark":"#00294f","band":1,"off":[0,1.1]}},{"type":"Feature","geometry":{"type":"Point","coordinates":[19.679937,50.042324]},"properties":{"name":"Czułówek Kapliczka","band":1,"modes":"bus","arr":["269"],"off":[0,-0.8]}},{"type":"Feature","geometry":{"type":"Point","coordinates":[19.679937,50.042324]},"properties":{"line":"269","mode":"bus","color":"#0059a9","colorDark":"#00294f","band":1,"off":[0,1.1]}},{"type":"Feature","geometry":{"type":"Point","coordinates":[19.768024,49.932971]},"properties":{"name":"Polanka Hallera Centrum","band":1,"modes":"bus","arr":["273"],"off":[0,-0.8]}},{"type":"Feature","geometry":{"type":"Point","coordinates":[19.768024,49.932971]},"properties":{"line":"273","mode":"bus","color":"#0059a9","colorDark":"#00294f","band":1,"off":[0,1.1]}},{"type":"Feature","geometry":{"type":"Point","coordinates":[20.147059,49.957324]},"properties":{"name":"Trąbki P+R","band":1,"modes":"bus","arr":["274"],"off":[0,-0.8]}},{"type":"Feature","geometry":{"type":"Point","coordinates":[20.147059,49.957324]},"properties":{"line":"274","mode":"bus","color":"#0059a9","colorDark":"#00294f","band":1,"off":[0,1.1]}},{"type":"Feature","geometry":{"type":"Point","coordinates":[19.902952,49.913617]},"properties":{"name":"Włosań Centrum","band":1,"modes":"bus","arr":["275"],"off":[0,-0.8]}},{"type":"Feature","geometry":{"type":"Point","coordinates":[19.902952,49.913617]},"properties":{"line":"275","mode":"bus","color":"#0059a9","colorDark":"#00294f","band":1,"off":[0,1.1]}},{"type":"Feature","geometry":{"type":"Point","coordinates":[19.979629,50.220568]},"properties":{"name":"Iwanowice Dworskie Pętla","band":1,"modes":"bus","arr":["277"],"off":[0,-0.8]}},{"type":"Feature","geometry":{"type":"Point","coordinates":[19.979629,50.220568]},"properties":{"line":"277","mode":"bus","color":"#0059a9","colorDark":"#00294f","band":1,"off":[0,1.1]}},{"type":"Feature","geometry":{"type":"Point","coordinates":[19.709393,50.148281]},"properties":{"name":"Radwanowice Pętla","band":1,"modes":"bus","arr":["278"],"off":[0,-0.8]}},{"type":"Feature","geometry":{"type":"Point","coordinates":[19.709393,50.148281]},"properties":{"line":"278","mode":"bus","color":"#0059a9","colorDark":"#00294f","band":1,"off":[0,1.1]}},{"type":"Feature","geometry":{"type":"Point","coordinates":[20.057021,49.985142]},"properties":{"name":"Wieliczka Centrum Dw.","band":1,"modes":"bus","arr":["284","B2","D2","G3","G4","J1","L1","P2","R2","W2","Z1"],"off":[0,-0.8]}},{"type":"Feature","geometry":{"type":"Point","coordinates":[20.057021,49.985142]},"properties":{"name":"Wieliczka Centrum","band":1,"modes":"bus","arr":["284","B2","D2","G3","G4","J1","L1","P2","R2","W2","Z1"],"off":[0,-3]}},{"type":"Feature","geometry":{"type":"Point","coordinates":[20.057021,49.985142]},"properties":{"line":"284","mode":"bus","color":"#0059a9","colorDark":"#00294f","band":1,"off":[-6.8,1.1]}},{"type":"Feature","geometry":{"type":"Point","coordinates":[20.057021,49.985142]},"properties":{"line":"B2","mode":"bus","color":"#0059a9","colorDark":"#00294f","band":1,"off":[-3.4,1.1]}},{"type":"Feature","geometry":{"type":"Point","coordinates":[20.057021,49.985142]},"properties":{"line":"D2","mode":"bus","color":"#0059a9","colorDark":"#00294f","band":1,"off":[0,1.1]}},{"type":"Feature","geometry":{"type":"Point","coordinates":[20.057021,49.985142]},"properties":{"line":"G3","mode":"bus","color":"#0059a9","colorDark":"#00294f","band":1,"off":[3.4,1.1]}},{"type":"Feature","geometry":{"type":"Point","coordinates":[20.057021,49.985142]},"properties":{"line":"G4","mode":"bus","color":"#0059a9","colorDark":"#00294f","band":1,"off":[6.8,1.1]}},{"type":"Feature","geometry":{"type":"Point","coordinates":[20.057021,49.985142]},"properties":{"line":"J1","mode":"bus","color":"#0059a9","colorDark":"#00294f","band":1,"off":[-6.8,3.1]}},{"type":"Feature","geometry":{"type":"Point","coordinates":[20.057021,49.985142]},"properties":{"line":"L1","mode":"bus","color":"#0059a9","colorDark":"#00294f","band":1,"off":[-3.4,3.1]}},{"type":"Feature","geometry":{"type":"Point","coordinates":[20.057021,49.985142]},"properties":{"line":"P2","mode":"bus","color":"#0059a9","colorDark":"#00294f","band":1,"off":[0,3.1]}},{"type":"Feature","geometry":{"type":"Point","coordinates":[20.057021,49.985142]},"properties":{"line":"R2","mode":"bus","color":"#0059a9","colorDark":"#00294f","band":1,"off":[3.4,3.1]}},{"type":"Feature","geometry":{"type":"Point","coordinates":[20.057021,49.985142]},"properties":{"line":"W2","mode":"bus","color":"#0059a9","colorDark":"#00294f","band":1,"off":[6.8,3.1]}},{"type":"Feature","geometry":{"type":"Point","coordinates":[20.057021,49.985142]},"properties":{"line":"Z1","mode":"bus","color":"#0059a9","colorDark":"#00294f","band":1,"off":[0,5.1]}},{"type":"Feature","geometry":{"type":"Point","coordinates":[19.973933,49.954177]},"properties":{"name":"Ochojno Remiza","band":1,"modes":"bus","arr":["285"],"off":[0,-0.8]}},{"type":"Feature","geometry":{"type":"Point","coordinates":[19.973933,49.954177]},"properties":{"line":"285","mode":"bus","color":"#0059a9","colorDark":"#00294f","band":1,"off":[0,1.1]}},{"type":"Feature","geometry":{"type":"Point","coordinates":[19.735684,49.926523]},"properties":{"name":"Grabie Pętla","band":1,"modes":"bus","arr":["295"],"off":[0,-0.8]}},{"type":"Feature","geometry":{"type":"Point","coordinates":[19.735684,49.926523]},"properties":{"line":"295","mode":"bus","color":"#0059a9","colorDark":"#00294f","band":1,"off":[0,1.1]}},{"type":"Feature","geometry":{"type":"Point","coordinates":[19.98316,50.128605]},"properties":{"name":"Boleń Pętla","band":1,"modes":"bus","arr":["297"],"off":[0,-0.8]}},{"type":"Feature","geometry":{"type":"Point","coordinates":[19.98316,50.128605]},"properties":{"line":"297","mode":"bus","color":"#0059a9","colorDark":"#00294f","band":1,"off":[0,1.1]}},{"type":"Feature","geometry":{"type":"Point","coordinates":[19.978463,50.158847]},"properties":{"name":"Michałowice P+R","band":1,"modes":"bus","arr":["307"],"off":[0,-0.8]}},{"type":"Feature","geometry":{"type":"Point","coordinates":[19.978463,50.158847]},"properties":{"line":"307","mode":"bus","color":"#0059a9","colorDark":"#00294f","band":1,"off":[0,1.1]}},{"type":"Feature","geometry":{"type":"Point","coordinates":[19.747297,50.158629]},"properties":{"name":"Będkowice Pętla","band":1,"modes":"bus","arr":["310","910"],"off":[0,-0.8]}},{"type":"Feature","geometry":{"type":"Point","coordinates":[19.747297,50.158629]},"properties":{"line":"310","mode":"bus","color":"#0059a9","colorDark":"#00294f","band":1,"off":[-1.7,1.1]}},{"type":"Feature","geometry":{"type":"Point","coordinates":[19.747297,50.158629]},"properties":{"line":"910","mode":"bus","color":"#0059a9","colorDark":"#00294f","band":1,"off":[1.7,1.1]}},{"type":"Feature","geometry":{"type":"Point","coordinates":[19.913274,50.174296]},"properties":{"name":"Owczary Pętla","band":1,"modes":"bus","arr":["337","937"],"off":[0,-0.8]}},{"type":"Feature","geometry":{"type":"Point","coordinates":[19.913274,50.174296]},"properties":{"line":"337","mode":"bus","color":"#0059a9","colorDark":"#00294f","band":1,"off":[-1.7,1.1]}},{"type":"Feature","geometry":{"type":"Point","coordinates":[19.913274,50.174296]},"properties":{"line":"937","mode":"bus","color":"#0059a9","colorDark":"#00294f","band":1,"off":[1.7,1.1]}},{"type":"Feature","geometry":{"type":"Point","coordinates":[19.885921,50.10939]},"properties":{"name":"Tonie","band":1,"modes":"bus","arr":["420"],"off":[0,-0.8]}},{"type":"Feature","geometry":{"type":"Point","coordinates":[19.885921,50.10939]},"properties":{"line":"420","mode":"bus","color":"#0059a9","colorDark":"#00294f","band":1,"off":[0,1.1]}},{"type":"Feature","geometry":{"type":"Point","coordinates":[19.984158,50.077039]},"properties":{"name":"Ugorek","band":1,"modes":"bus","arr":["424"],"off":[0,-0.8]}},{"type":"Feature","geometry":{"type":"Point","coordinates":[19.984158,50.077039]},"properties":{"line":"424","mode":"bus","color":"#0059a9","colorDark":"#00294f","band":1,"off":[0,1.1]}},{"type":"Feature","geometry":{"type":"Point","coordinates":[19.936235,50.030094]},"properties":{"name":"Łagiewniki","band":1,"modes":"bus","arr":["433","915"],"off":[0,-0.8]}},{"type":"Feature","geometry":{"type":"Point","coordinates":[19.936235,50.030094]},"properties":{"line":"433","mode":"bus","color":"#0059a9","colorDark":"#00294f","band":1,"off":[-1.7,1.1]}},{"type":"Feature","geometry":{"type":"Point","coordinates":[19.936235,50.030094]},"properties":{"line":"915","mode":"bus","color":"#0059a9","colorDark":"#00294f","band":1,"off":[1.7,1.1]}},{"type":"Feature","geometry":{"type":"Point","coordinates":[19.924051,50.100539]},"properties":{"name":"Prądnik Biały Zachód","band":1,"modes":"bus","arr":["513"],"off":[0,-0.8]}},{"type":"Feature","geometry":{"type":"Point","coordinates":[19.924051,50.100539]},"properties":{"line":"513","mode":"bus","color":"#0059a9","colorDark":"#00294f","band":1,"off":[0,1.1]}},{"type":"Feature","geometry":{"type":"Point","coordinates":[19.932254,50.058355]},"properties":{"name":"Filharmonia","band":1,"modes":"bus","arr":["706"],"off":[0,-0.8]}},{"type":"Feature","geometry":{"type":"Point","coordinates":[19.932254,50.058355]},"properties":{"line":"706","mode":"bus","color":"#0059a9","colorDark":"#00294f","band":1,"off":[0,1.1]}},{"type":"Feature","geometry":{"type":"Point","coordinates":[20.094776,50.03133]},"properties":{"name":"Brzegi Pętla","band":1,"modes":"bus","arr":["B2","G4"],"off":[0,-0.8]}},{"type":"Feature","geometry":{"type":"Point","coordinates":[20.094776,50.03133]},"properties":{"line":"B2","mode":"bus","color":"#0059a9","colorDark":"#00294f","band":1,"off":[-1.7,1.1]}},{"type":"Feature","geometry":{"type":"Point","coordinates":[20.094776,50.03133]},"properties":{"line":"G4","mode":"bus","color":"#0059a9","colorDark":"#00294f","band":1,"off":[1.7,1.1]}},{"type":"Feature","geometry":{"type":"Point","coordinates":[20.116625,49.942639]},"properties":{"name":"Dobranowice Szkoła","band":1,"modes":"bus","arr":["D2"],"off":[0,-0.8]}},{"type":"Feature","geometry":{"type":"Point","coordinates":[20.116625,49.942639]},"properties":{"line":"D2","mode":"bus","color":"#0059a9","colorDark":"#00294f","band":1,"off":[0,1.1]}},{"type":"Feature","geometry":{"type":"Point","coordinates":[20.013111,49.95408]},"properties":{"name":"Janowice Szkoła","band":1,"modes":"bus","arr":["J1"],"off":[0,-0.8]}},{"type":"Feature","geometry":{"type":"Point","coordinates":[20.013111,49.95408]},"properties":{"line":"J1","mode":"bus","color":"#0059a9","colorDark":"#00294f","band":1,"off":[0,1.1]}},{"type":"Feature","geometry":{"type":"Point","coordinates":[20.086377,49.977513]},"properties":{"name":"Lednica Górna Zakręt","band":1,"modes":"bus","arr":["L1"],"off":[0,-0.8]}},{"type":"Feature","geometry":{"type":"Point","coordinates":[20.086377,49.977513]},"properties":{"line":"L1","mode":"bus","color":"#0059a9","colorDark":"#00294f","band":1,"off":[0,1.1]}},{"type":"Feature","geometry":{"type":"Point","coordinates":[20.062191,49.924355]},"properties":{"name":"Jankówka Skrzyżowanie","band":1,"modes":"bus","arr":["R2"],"off":[0,-0.8]}},{"type":"Feature","geometry":{"type":"Point","coordinates":[20.062191,49.924355]},"properties":{"line":"R2","mode":"bus","color":"#0059a9","colorDark":"#00294f","band":1,"off":[0,1.1]}},{"type":"Feature","geometry":{"type":"Point","coordinates":[20.064855,50.094596]},"properties":{"name":"Wzgórza Krzesławickie","band":1,"modes":"tram","arr":["1","5"],"off":[0,-0.8]}},{"type":"Feature","geometry":{"type":"Point","coordinates":[20.064855,50.094596]},"properties":{"line":"1","mode":"tram","color":"#d6212b","colorDark":"#7c1116","band":1,"off":[-1.7,1.1]}},{"type":"Feature","geometry":{"type":"Point","coordinates":[20.064855,50.094596]},"properties":{"line":"5","mode":"tram","color":"#d6212b","colorDark":"#7c1116","band":1,"off":[1.7,1.1]}},{"type":"Feature","geometry":{"type":"Point","coordinates":[20.065491,50.084208]},"properties":{"name":"PH","band":1,"modes":"tram","arr":["3","50","69"],"off":[0,-0.8]}},{"type":"Feature","geometry":{"type":"Point","coordinates":[20.065491,50.084208]},"properties":{"line":"3","mode":"tram","color":"#d6212b","colorDark":"#7c1116","band":1,"off":[-3.4,1.1]}},{"type":"Feature","geometry":{"type":"Point","coordinates":[20.065491,50.084208]},"properties":{"line":"50","mode":"tram","color":"#d6212b","colorDark":"#7c1116","band":1,"off":[0,1.1]}},{"type":"Feature","geometry":{"type":"Point","coordinates":[20.065491,50.084208]},"properties":{"line":"69","mode":"tram","color":"#d6212b","colorDark":"#7c1116","band":1,"off":[3.4,1.1]}},{"type":"Feature","geometry":{"type":"Point","coordinates":[20.021371,50.090091]},"properties":{"name":"Rondo Hipokratesa","band":1,"modes":"tram","arr":["9"],"off":[0,-0.8]}},{"type":"Feature","geometry":{"type":"Point","coordinates":[20.021371,50.090091]},"properties":{"line":"9","mode":"tram","color":"#d6212b","colorDark":"#7c1116","band":1,"off":[0,1.1]}},{"type":"Feature","geometry":{"type":"Point","coordinates":[20.064912,50.067772]},"properties":{"name":"Bardosa","band":1,"modes":"tram","arr":["75"],"off":[0,-0.8]}},{"type":"Feature","geometry":{"type":"Point","coordinates":[20.064912,50.067772]},"properties":{"line":"75","mode":"tram","color":"#d6212b","colorDark":"#7c1116","band":1,"off":[0,1.1]}},{"type":"Feature","geometry":{"type":"Point","coordinates":[19.948094,50.014078]},"properties":{"name":"Kurdwanów P+R","band":1,"modes":"tram","arr":["10","24"],"off":[0,-0.8]}},{"type":"Feature","geometry":{"type":"Point","coordinates":[19.948094,50.014078]},"properties":{"line":"10","mode":"tram","color":"#d6212b","colorDark":"#7c1116","band":1,"off":[-1.7,1.1]}},{"type":"Feature","geometry":{"type":"Point","coordinates":[19.948094,50.014078]},"properties":{"line":"24","mode":"tram","color":"#d6212b","colorDark":"#7c1116","band":1,"off":[1.7,1.1]}},{"type":"Feature","geometry":{"type":"Point","coordinates":[20.000177,50.094441]},"properties":{"name":"Miśnieńska","band":1,"modes":"tram","arr":["14"],"off":[0,-0.8]}},{"type":"Feature","geometry":{"type":"Point","coordinates":[20.000177,50.094441]},"properties":{"line":"14","mode":"tram","color":"#d6212b","colorDark":"#7c1116","band":1,"off":[0,1.1]}},{"type":"Feature","geometry":{"type":"Point","coordinates":[20.06696,50.069703]},"properties":{"name":"Kopiec Wandy","band":1,"modes":"tram","arr":["22"],"off":[0,-0.8]}},{"type":"Feature","geometry":{"type":"Point","coordinates":[20.06696,50.069703]},"properties":{"line":"22","mode":"tram","color":"#d6212b","colorDark":"#7c1116","band":1,"off":[0,1.1]}},{"type":"Feature","geometry":{"type":"Point","coordinates":[19.927011,50.013093]},"properties":{"name":"Borek Fałęcki","band":1,"modes":"tram","arr":["22","50"],"off":[0,-0.8]}},{"type":"Feature","geometry":{"type":"Point","coordinates":[19.927011,50.013093]},"properties":{"line":"22","mode":"tram","color":"#d6212b","colorDark":"#7c1116","band":1,"off":[-1.7,1.1]}},{"type":"Feature","geometry":{"type":"Point","coordinates":[19.927011,50.013093]},"properties":{"line":"50","mode":"tram","color":"#d6212b","colorDark":"#7c1116","band":1,"off":[1.7,1.1]}},{"type":"Feature","geometry":{"type":"Point","coordinates":[19.9574,50.074278]},"properties":{"name":"Cmentarz Rakowicki","band":1,"modes":"tram","arr":["76"],"off":[0,-0.8]}},{"type":"Feature","geometry":{"type":"Point","coordinates":[19.9574,50.074278]},"properties":{"line":"76","mode":"tram","color":"#d6212b","colorDark":"#7c1116","band":1,"off":[0,1.1]}},{"type":"Feature","geometry":{"type":"Point","coordinates":[19.81985,50.043294]},"properties":{"name":"Bielany","band":2,"modes":"bus","arr":["102","609"],"off":[0,-0.8]}},{"type":"Feature","geometry":{"type":"Point","coordinates":[19.81985,50.043294]},"properties":{"line":"102","mode":"bus","color":"#0059a9","colorDark":"#00294f","band":2,"off":[-1.7,1.1]}},{"type":"Feature","geometry":{"type":"Point","coordinates":[19.81985,50.043294]},"properties":{"line":"609","mode":"bus","color":"#0059a9","colorDark":"#00294f","band":2,"off":[1.7,1.1]}},{"type":"Feature","geometry":{"type":"Point","coordinates":[19.903677,50.063013]},"properties":{"name":"Cichy Kącik","band":2,"modes":"bus","arr":["706"],"off":[0,-0.8]}},{"type":"Feature","geometry":{"type":"Point","coordinates":[19.903677,50.063013]},"properties":{"line":"706","mode":"bus","color":"#0059a9","colorDark":"#00294f","band":2,"off":[0,1.1]}},{"type":"Feature","geometry":{"type":"Point","coordinates":[19.931992,50.08864]},"properties":{"name":"Krowodrza Górka P+R","band":2,"modes":"tram,bus","arr":["3","5","102","168","194","207","220","227","240","267","290","937"],"off":[0,-0.8]}},{"type":"Feature","geometry":{"type":"Point","coordinates":[19.931992,50.08864]},"properties":{"line":"3","mode":"tram","color":"#d6212b","colorDark":"#7c1116","band":2,"off":[-6.8,1.1]}},{"type":"Feature","geometry":{"type":"Point","coordinates":[19.931992,50.08864]},"properties":{"line":"5","mode":"tram","color":"#d6212b","colorDark":"#7c1116","band":2,"off":[-3.4,1.1]}},{"type":"Feature","geometry":{"type":"Point","coordinates":[19.931992,50.08864]},"properties":{"line":"102","mode":"bus","color":"#0059a9","colorDark":"#00294f","band":2,"off":[0,1.1]}},{"type":"Feature","geometry":{"type":"Point","coordinates":[19.931992,50.08864]},"properties":{"line":"168","mode":"bus","color":"#0059a9","colorDark":"#00294f","band":2,"off":[3.4,1.1]}},{"type":"Feature","geometry":{"type":"Point","coordinates":[19.931992,50.08864]},"properties":{"line":"194","mode":"bus","color":"#0059a9","colorDark":"#00294f","band":2,"off":[6.8,1.1]}},{"type":"Feature","geometry":{"type":"Point","coordinates":[19.931992,50.08864]},"properties":{"line":"207","mode":"bus","color":"#0059a9","colorDark":"#00294f","band":2,"off":[-6.8,3.1]}},{"type":"Feature","geometry":{"type":"Point","coordinates":[19.931992,50.08864]},"properties":{"line":"220","mode":"bus","color":"#0059a9","colorDark":"#00294f","band":2,"off":[-3.4,3.1]}},{"type":"Feature","geometry":{"type":"Point","coordinates":[19.931992,50.08864]},"properties":{"line":"227","mode":"bus","color":"#0059a9","colorDark":"#00294f","band":2,"off":[0,3.1]}},{"type":"Feature","geometry":{"type":"Point","coordinates":[19.931992,50.08864]},"properties":{"line":"240","mode":"bus","color":"#0059a9","colorDark":"#00294f","band":2,"off":[3.4,3.1]}},{"type":"Feature","geometry":{"type":"Point","coordinates":[19.931992,50.08864]},"properties":{"line":"267","mode":"bus","color":"#0059a9","colorDark":"#00294f","band":2,"off":[6.8,3.1]}},{"type":"Feature","geometry":{"type":"Point","coordinates":[19.931992,50.08864]},"properties":{"line":"290","mode":"bus","color":"#0059a9","colorDark":"#00294f","band":2,"off":[-1.7,5.1]}},{"type":"Feature","geometry":{"type":"Point","coordinates":[19.931992,50.08864]},"properties":{"line":"937","mode":"bus","color":"#0059a9","colorDark":"#00294f","band":2,"off":[1.7,5.1]}},{"type":"Feature","geometry":{"type":"Point","coordinates":[19.927736,49.999781]},"properties":{"name":"Swoszowice SKA","band":2,"modes":"bus","arr":["104","155"],"off":[0,-0.8]}},{"type":"Feature","geometry":{"type":"Point","coordinates":[19.927736,49.999781]},"properties":{"line":"104","mode":"bus","color":"#0059a9","colorDark":"#00294f","band":2,"off":[-1.7,1.1]}},{"type":"Feature","geometry":{"type":"Point","coordinates":[19.927736,49.999781]},"properties":{"line":"155","mode":"bus","color":"#0059a9","colorDark":"#00294f","band":2,"off":[1.7,1.1]}},{"type":"Feature","geometry":{"type":"Point","coordinates":[19.89718,49.998657]},"properties":{"name":"Os. Pod Fortem","band":2,"modes":"bus","arr":["151","191","194","494","608"],"off":[0,-0.8]}},{"type":"Feature","geometry":{"type":"Point","coordinates":[19.89718,49.998657]},"properties":{"line":"151","mode":"bus","color":"#0059a9","colorDark":"#00294f","band":2,"off":[-6.8,1.1]}},{"type":"Feature","geometry":{"type":"Point","coordinates":[19.89718,49.998657]},"properties":{"line":"191","mode":"bus","color":"#0059a9","colorDark":"#00294f","band":2,"off":[-3.4,1.1]}},{"type":"Feature","geometry":{"type":"Point","coordinates":[19.89718,49.998657]},"properties":{"line":"194","mode":"bus","color":"#0059a9","colorDark":"#00294f","band":2,"off":[0,1.1]}},{"type":"Feature","geometry":{"type":"Point","coordinates":[19.89718,49.998657]},"properties":{"line":"494","mode":"bus","color":"#0059a9","colorDark":"#00294f","band":2,"off":[3.4,1.1]}},{"type":"Feature","geometry":{"type":"Point","coordinates":[19.89718,49.998657]},"properties":{"line":"608","mode":"bus","color":"#0059a9","colorDark":"#00294f","band":2,"off":[6.8,1.1]}},{"type":"Feature","geometry":{"type":"Point","coordinates":[19.889249,50.01809]},"properties":{"name":"Czerwone Maki P+R","band":2,"modes":"tram,bus","arr":["11","17","18","52","62","104","116","156","203","204","223","233","253","283","476","662","903"],"off":[0,-0.8],"sc":0.9}},{"type":"Feature","geometry":{"type":"Point","coordinates":[19.889249,50.01809]},"properties":{"line":"11","mode":"tram","color":"#d6212b","colorDark":"#7c1116","band":2,"sc":0.9,"off":[-6.8,1.1]}},{"type":"Feature","geometry":{"type":"Point","coordinates":[19.889249,50.01809]},"properties":{"line":"17","mode":"tram","color":"#d6212b","colorDark":"#7c1116","band":2,"sc":0.9,"off":[-3.4,1.1]}},{"type":"Feature","geometry":{"type":"Point","coordinates":[19.889249,50.01809]},"properties":{"line":"18","mode":"tram","color":"#d6212b","colorDark":"#7c1116","band":2,"sc":0.9,"off":[0,1.1]}},{"type":"Feature","geometry":{"type":"Point","coordinates":[19.889249,50.01809]},"properties":{"line":"52","mode":"tram","color":"#d6212b","colorDark":"#7c1116","band":2,"sc":0.9,"off":[3.4,1.1]}},{"type":"Feature","geometry":{"type":"Point","coordinates":[19.889249,50.01809]},"properties":{"line":"62","mode":"tram","color":"#d6212b","colorDark":"#7c1116","band":2,"sc":0.9,"off":[6.8,1.1]}},{"type":"Feature","geometry":{"type":"Point","coordinates":[19.889249,50.01809]},"properties":{"line":"104","mode":"bus","color":"#0059a9","colorDark":"#00294f","band":2,"sc":0.9,"off":[-6.8,3.1]}},{"type":"Feature","geometry":{"type":"Point","coordinates":[19.889249,50.01809]},"properties":{"line":"116","mode":"bus","color":"#0059a9","colorDark":"#00294f","band":2,"sc":0.9,"off":[-3.4,3.1]}},{"type":"Feature","geometry":{"type":"Point","coordinates":[19.889249,50.01809]},"properties":{"line":"156","mode":"bus","color":"#0059a9","colorDark":"#00294f","band":2,"sc":0.9,"off":[0,3.1]}},{"type":"Feature","geometry":{"type":"Point","coordinates":[19.889249,50.01809]},"properties":{"line":"203","mode":"bus","color":"#0059a9","colorDark":"#00294f","band":2,"sc":0.9,"off":[3.4,3.1]}},{"type":"Feature","geometry":{"type":"Point","coordinates":[19.889249,50.01809]},"properties":{"line":"204","mode":"bus","color":"#0059a9","colorDark":"#00294f","band":2,"sc":0.9,"off":[6.8,3.1]}},{"type":"Feature","geometry":{"type":"Point","coordinates":[19.889249,50.01809]},"properties":{"line":"223","mode":"bus","color":"#0059a9","colorDark":"#00294f","band":2,"sc":0.9,"off":[-6.8,5.1]}},{"type":"Feature","geometry":{"type":"Point","coordinates":[19.889249,50.01809]},"properties":{"line":"233","mode":"bus","color":"#0059a9","colorDark":"#00294f","band":2,"sc":0.9,"off":[-3.4,5.1]}},{"type":"Feature","geometry":{"type":"Point","coordinates":[19.889249,50.01809]},"properties":{"line":"253","mode":"bus","color":"#0059a9","colorDark":"#00294f","band":2,"sc":0.9,"off":[0,5.1]}},{"type":"Feature","geometry":{"type":"Point","coordinates":[19.889249,50.01809]},"properties":{"line":"283","mode":"bus","color":"#0059a9","colorDark":"#00294f","band":2,"sc":0.9,"off":[3.4,5.1]}},{"type":"Feature","geometry":{"type":"Point","coordinates":[19.889249,50.01809]},"properties":{"line":"476","mode":"bus","color":"#0059a9","colorDark":"#00294f","band":2,"sc":0.9,"off":[6.8,5.1]}},{"type":"Feature","geometry":{"type":"Point","coordinates":[19.889249,50.01809]},"properties":{"line":"662","mode":"bus","color":"#0059a9","colorDark":"#00294f","band":2,"sc":0.9,"off":[-1.7,7.1]}},{"type":"Feature","geometry":{"type":"Point","coordinates":[19.889249,50.01809]},"properties":{"line":"903","mode":"bus","color":"#0059a9","colorDark":"#00294f","band":2,"sc":0.9,"off":[1.7,7.1]}},{"type":"Feature","geometry":{"type":"Point","coordinates":[20.012427,50.102005]},"properties":{"name":"Os. Piastów","band":2,"modes":"tram,bus","arr":["21","52","64","105","664"],"off":[0,-0.8]}},{"type":"Feature","geometry":{"type":"Point","coordinates":[20.012427,50.102005]},"properties":{"line":"21","mode":"tram","color":"#d6212b","colorDark":"#7c1116","band":2,"off":[-6.8,1.1]}},{"type":"Feature","geometry":{"type":"Point","coordinates":[20.012427,50.102005]},"properties":{"line":"52","mode":"tram","color":"#d6212b","colorDark":"#7c1116","band":2,"off":[-3.4,1.1]}},{"type":"Feature","geometry":{"type":"Point","coordinates":[20.012427,50.102005]},"properties":{"line":"64","mode":"tram","color":"#d6212b","colorDark":"#7c1116","band":2,"off":[0,1.1]}},{"type":"Feature","geometry":{"type":"Point","coordinates":[20.012427,50.102005]},"properties":{"line":"105","mode":"bus","color":"#0059a9","colorDark":"#00294f","band":2,"off":[3.4,1.1]}},{"type":"Feature","geometry":{"type":"Point","coordinates":[20.012427,50.102005]},"properties":{"line":"664","mode":"bus","color":"#0059a9","colorDark":"#00294f","band":2,"off":[6.8,1.1]}},{"type":"Feature","geometry":{"type":"Point","coordinates":[19.974273,50.09678]},"properties":{"name":"Prądnik Czerwony P+R","band":2,"modes":"bus","arr":["199","250","260","270","405","610"],"off":[0,-0.8]}},{"type":"Feature","geometry":{"type":"Point","coordinates":[19.974273,50.09678]},"properties":{"line":"199","mode":"bus","color":"#0059a9","colorDark":"#00294f","band":2,"off":[-6.8,1.1]}},{"type":"Feature","geometry":{"type":"Point","coordinates":[19.974273,50.09678]},"properties":{"line":"250","mode":"bus","color":"#0059a9","colorDark":"#00294f","band":2,"off":[-3.4,1.1]}},{"type":"Feature","geometry":{"type":"Point","coordinates":[19.974273,50.09678]},"properties":{"line":"260","mode":"bus","color":"#0059a9","colorDark":"#00294f","band":2,"off":[0,1.1]}},{"type":"Feature","geometry":{"type":"Point","coordinates":[19.974273,50.09678]},"properties":{"line":"270","mode":"bus","color":"#0059a9","colorDark":"#00294f","band":2,"off":[3.4,1.1]}},{"type":"Feature","geometry":{"type":"Point","coordinates":[19.974273,50.09678]},"properties":{"line":"405","mode":"bus","color":"#0059a9","colorDark":"#00294f","band":2,"off":[6.8,1.1]}},{"type":"Feature","geometry":{"type":"Point","coordinates":[19.974273,50.09678]},"properties":{"line":"610","mode":"bus","color":"#0059a9","colorDark":"#00294f","band":2,"off":[0,3.1]}},{"type":"Feature","geometry":{"type":"Point","coordinates":[19.947032,50.068545]},"properties":{"name":"Dworzec Główny Zachód","band":2,"modes":"bus","arr":["105","125","130","132","179","182","192","304","317","405","482","609","902"],"off":[0,-0.8],"sc":0.98}},{"type":"Feature","geometry":{"type":"Point","coordinates":[19.947032,50.068545]},"properties":{"name":"Dworzec Główny Wschód","band":2,"modes":"bus","arr":["105","125","130","132","179","182","192","304","317","405","482","609","902"],"off":[0,-3],"sc":0.98}},{"type":"Feature","geometry":{"type":"Point","coordinates":[19.947032,50.068545]},"properties":{"line":"105","mode":"bus","color":"#0059a9","colorDark":"#00294f","band":2,"sc":0.98,"off":[-6.8,1.1]}},{"type":"Feature","geometry":{"type":"Point","coordinates":[19.947032,50.068545]},"properties":{"line":"125","mode":"bus","color":"#0059a9","colorDark":"#00294f","band":2,"sc":0.98,"off":[-3.4,1.1]}},{"type":"Feature","geometry":{"type":"Point","coordinates":[19.947032,50.068545]},"properties":{"line":"130","mode":"bus","color":"#0059a9","colorDark":"#00294f","band":2,"sc":0.98,"off":[0,1.1]}},{"type":"Feature","geometry":{"type":"Point","coordinates":[19.947032,50.068545]},"properties":{"line":"132","mode":"bus","color":"#0059a9","colorDark":"#00294f","band":2,"sc":0.98,"off":[3.4,1.1]}},{"type":"Feature","geometry":{"type":"Point","coordinates":[19.947032,50.068545]},"properties":{"line":"179","mode":"bus","color":"#0059a9","colorDark":"#00294f","band":2,"sc":0.98,"off":[6.8,1.1]}},{"type":"Feature","geometry":{"type":"Point","coordinates":[19.947032,50.068545]},"properties":{"line":"182","mode":"bus","color":"#0059a9","colorDark":"#00294f","band":2,"sc":0.98,"off":[-6.8,3.1]}},{"type":"Feature","geometry":{"type":"Point","coordinates":[19.947032,50.068545]},"properties":{"line":"192","mode":"bus","color":"#0059a9","colorDark":"#00294f","band":2,"sc":0.98,"off":[-3.4,3.1]}},{"type":"Feature","geometry":{"type":"Point","coordinates":[19.947032,50.068545]},"properties":{"line":"304","mode":"bus","color":"#0059a9","colorDark":"#00294f","band":2,"sc":0.98,"off":[0,3.1]}},{"type":"Feature","geometry":{"type":"Point","coordinates":[19.947032,50.068545]},"properties":{"line":"317","mode":"bus","color":"#0059a9","colorDark":"#00294f","band":2,"sc":0.98,"off":[3.4,3.1]}},{"type":"Feature","geometry":{"type":"Point","coordinates":[19.947032,50.068545]},"properties":{"line":"405","mode":"bus","color":"#0059a9","colorDark":"#00294f","band":2,"sc":0.98,"off":[6.8,3.1]}},{"type":"Feature","geometry":{"type":"Point","coordinates":[19.947032,50.068545]},"properties":{"line":"482","mode":"bus","color":"#0059a9","colorDark":"#00294f","band":2,"sc":0.98,"off":[-3.4,5.1]}},{"type":"Feature","geometry":{"type":"Point","coordinates":[19.947032,50.068545]},"properties":{"line":"609","mode":"bus","color":"#0059a9","colorDark":"#00294f","band":2,"sc":0.98,"off":[0,5.1]}},{"type":"Feature","geometry":{"type":"Point","coordinates":[19.947032,50.068545]},"properties":{"line":"902","mode":"bus","color":"#0059a9","colorDark":"#00294f","band":2,"sc":0.98,"off":[3.4,5.1]}},{"type":"Feature","geometry":{"type":"Point","coordinates":[19.96038,50.023325]},"properties":{"name":"Zajezdnia Wola Duchacka","band":2,"modes":"bus","arr":["107","169"],"off":[0,-0.8]}},{"type":"Feature","geometry":{"type":"Point","coordinates":[19.96038,50.023325]},"properties":{"line":"107","mode":"bus","color":"#0059a9","colorDark":"#00294f","band":2,"off":[-1.7,1.1]}},{"type":"Feature","geometry":{"type":"Point","coordinates":[19.96038,50.023325]},"properties":{"line":"169","mode":"bus","color":"#0059a9","colorDark":"#00294f","band":2,"off":[1.7,1.1]}},{"type":"Feature","geometry":{"type":"Point","coordinates":[19.990101,49.979669]},"properties":{"name":"Soboniowice","band":2,"modes":"bus","arr":["107"],"off":[0,-0.8]}},{"type":"Feature","geometry":{"type":"Point","coordinates":[19.990101,49.979669]},"properties":{"line":"107","mode":"bus","color":"#0059a9","colorDark":"#00294f","band":2,"off":[0,1.1]}},{"type":"Feature","geometry":{"type":"Point","coordinates":[20.117277,50.07294]},"properties":{"name":"Pleszów","band":2,"modes":"tram,bus","arr":["10","21","111","160","161","171","211","271"],"off":[0,-0.8]}},{"type":"Feature","geometry":{"type":"Point","coordinates":[20.117277,50.07294]},"properties":{"line":"10","mode":"tram","color":"#d6212b","colorDark":"#7c1116","band":2,"off":[-6.8,1.1]}},{"type":"Feature","geometry":{"type":"Point","coordinates":[20.117277,50.07294]},"properties":{"line":"21","mode":"tram","color":"#d6212b","colorDark":"#7c1116","band":2,"off":[-3.4,1.1]}},{"type":"Feature","geometry":{"type":"Point","coordinates":[20.117277,50.07294]},"properties":{"line":"111","mode":"bus","color":"#0059a9","colorDark":"#00294f","band":2,"off":[0,1.1]}},{"type":"Feature","geometry":{"type":"Point","coordinates":[20.117277,50.07294]},"properties":{"line":"160","mode":"bus","color":"#0059a9","colorDark":"#00294f","band":2,"off":[3.4,1.1]}},{"type":"Feature","geometry":{"type":"Point","coordinates":[20.117277,50.07294]},"properties":{"line":"161","mode":"bus","color":"#0059a9","colorDark":"#00294f","band":2,"off":[6.8,1.1]}},{"type":"Feature","geometry":{"type":"Point","coordinates":[20.117277,50.07294]},"properties":{"line":"171","mode":"bus","color":"#0059a9","colorDark":"#00294f","band":2,"off":[-3.4,3.1]}},{"type":"Feature","geometry":{"type":"Point","coordinates":[20.117277,50.07294]},"properties":{"line":"211","mode":"bus","color":"#0059a9","colorDark":"#00294f","band":2,"off":[0,3.1]}},{"type":"Feature","geometry":{"type":"Point","coordinates":[20.117277,50.07294]},"properties":{"line":"271","mode":"bus","color":"#0059a9","colorDark":"#00294f","band":2,"off":[3.4,3.1]}},{"type":"Feature","geometry":{"type":"Point","coordinates":[19.932715,50.046697]},"properties":{"name":"Os. Podwawelskie","band":2,"modes":"bus","arr":["112","124","126","146","162","219","300","424"],"off":[0,-0.8]}},{"type":"Feature","geometry":{"type":"Point","coordinates":[19.932715,50.046697]},"properties":{"line":"112","mode":"bus","color":"#0059a9","colorDark":"#00294f","band":2,"off":[-6.8,1.1]}},{"type":"Feature","geometry":{"type":"Point","coordinates":[19.932715,50.046697]},"properties":{"line":"124","mode":"bus","color":"#0059a9","colorDark":"#00294f","band":2,"off":[-3.4,1.1]}},{"type":"Feature","geometry":{"type":"Point","coordinates":[19.932715,50.046697]},"properties":{"line":"126","mode":"bus","color":"#0059a9","colorDark":"#00294f","band":2,"off":[0,1.1]}},{"type":"Feature","geometry":{"type":"Point","coordinates":[19.932715,50.046697]},"properties":{"line":"146","mode":"bus","color":"#0059a9","colorDark":"#00294f","band":2,"off":[3.4,1.1]}},{"type":"Feature","geometry":{"type":"Point","coordinates":[19.932715,50.046697]},"properties":{"line":"162","mode":"bus","color":"#0059a9","colorDark":"#00294f","band":2,"off":[6.8,1.1]}},{"type":"Feature","geometry":{"type":"Point","coordinates":[19.932715,50.046697]},"properties":{"line":"219","mode":"bus","color":"#0059a9","colorDark":"#00294f","band":2,"off":[-3.4,3.1]}},{"type":"Feature","geometry":{"type":"Point","coordinates":[19.932715,50.046697]},"properties":{"line":"300","mode":"bus","color":"#0059a9","colorDark":"#00294f","band":2,"off":[0,3.1]}},{"type":"Feature","geometry":{"type":"Point","coordinates":[19.932715,50.046697]},"properties":{"line":"424","mode":"bus","color":"#0059a9","colorDark":"#00294f","band":2,"off":[3.4,3.1]}},{"type":"Feature","geometry":{"type":"Point","coordinates":[19.814497,50.008312]},"properties":{"name":"Tyniec Kamieniołom","band":2,"modes":"bus","arr":["112"],"off":[0,-0.8]}},{"type":"Feature","geometry":{"type":"Point","coordinates":[19.814497,50.008312]},"properties":{"line":"112","mode":"bus","color":"#0059a9","colorDark":"#00294f","band":2,"off":[0,1.1]}},{"type":"Feature","geometry":{"type":"Point","coordinates":[19.844449,50.006403]},"properties":{"name":"Podgórki Tynieckie","band":2,"modes":"bus","arr":["116","162"],"off":[0,-0.8]}},{"type":"Feature","geometry":{"type":"Point","coordinates":[19.844449,50.006403]},"properties":{"line":"116","mode":"bus","color":"#0059a9","colorDark":"#00294f","band":2,"off":[-1.7,1.1]}},{"type":"Feature","geometry":{"type":"Point","coordinates":[19.844449,50.006403]},"properties":{"line":"162","mode":"bus","color":"#0059a9","colorDark":"#00294f","band":2,"off":[1.7,1.1]}},{"type":"Feature","geometry":{"type":"Point","coordinates":[19.881664,50.082185]},"properties":{"name":"Bronowice Małe","band":2,"modes":"bus","arr":["120","200","210","218","228","230","238","248","258","268","278","288","298","664","910","918","948"],"off":[0,-0.8],"sc":0.9}},{"type":"Feature","geometry":{"type":"Point","coordinates":[19.881664,50.082185]},"properties":{"line":"120","mode":"bus","color":"#0059a9","colorDark":"#00294f","band":2,"sc":0.9,"off":[-6.8,1.1]}},{"type":"Feature","geometry":{"type":"Point","coordinates":[19.881664,50.082185]},"properties":{"line":"200","mode":"bus","color":"#0059a9","colorDark":"#00294f","band":2,"sc":0.9,"off":[-3.4,1.1]}},{"type":"Feature","geometry":{"type":"Point","coordinates":[19.881664,50.082185]},"properties":{"line":"210","mode":"bus","color":"#0059a9","colorDark":"#00294f","band":2,"sc":0.9,"off":[0,1.1]}},{"type":"Feature","geometry":{"type":"Point","coordinates":[19.881664,50.082185]},"properties":{"line":"218","mode":"bus","color":"#0059a9","colorDark":"#00294f","band":2,"sc":0.9,"off":[3.4,1.1]}},{"type":"Feature","geometry":{"type":"Point","coordinates":[19.881664,50.082185]},"properties":{"line":"228","mode":"bus","color":"#0059a9","colorDark":"#00294f","band":2,"sc":0.9,"off":[6.8,1.1]}},{"type":"Feature","geometry":{"type":"Point","coordinates":[19.881664,50.082185]},"properties":{"line":"230","mode":"bus","color":"#0059a9","colorDark":"#00294f","band":2,"sc":0.9,"off":[-6.8,3.1]}},{"type":"Feature","geometry":{"type":"Point","coordinates":[19.881664,50.082185]},"properties":{"line":"238","mode":"bus","color":"#0059a9","colorDark":"#00294f","band":2,"sc":0.9,"off":[-3.4,3.1]}},{"type":"Feature","geometry":{"type":"Point","coordinates":[19.881664,50.082185]},"properties":{"line":"248","mode":"bus","color":"#0059a9","colorDark":"#00294f","band":2,"sc":0.9,"off":[0,3.1]}},{"type":"Feature","geometry":{"type":"Point","coordinates":[19.881664,50.082185]},"properties":{"line":"258","mode":"bus","color":"#0059a9","colorDark":"#00294f","band":2,"sc":0.9,"off":[3.4,3.1]}},{"type":"Feature","geometry":{"type":"Point","coordinates":[19.881664,50.082185]},"properties":{"line":"268","mode":"bus","color":"#0059a9","colorDark":"#00294f","band":2,"sc":0.9,"off":[6.8,3.1]}},{"type":"Feature","geometry":{"type":"Point","coordinates":[19.881664,50.082185]},"properties":{"line":"278","mode":"bus","color":"#0059a9","colorDark":"#00294f","band":2,"sc":0.9,"off":[-6.8,5.1]}},{"type":"Feature","geometry":{"type":"Point","coordinates":[19.881664,50.082185]},"properties":{"line":"288","mode":"bus","color":"#0059a9","colorDark":"#00294f","band":2,"sc":0.9,"off":[-3.4,5.1]}},{"type":"Feature","geometry":{"type":"Point","coordinates":[19.881664,50.082185]},"properties":{"line":"298","mode":"bus","color":"#0059a9","colorDark":"#00294f","band":2,"sc":0.9,"off":[0,5.1]}},{"type":"Feature","geometry":{"type":"Point","coordinates":[19.881664,50.082185]},"properties":{"line":"664","mode":"bus","color":"#0059a9","colorDark":"#00294f","band":2,"sc":0.9,"off":[3.4,5.1]}},{"type":"Feature","geometry":{"type":"Point","coordinates":[19.881664,50.082185]},"properties":{"line":"910","mode":"bus","color":"#0059a9","colorDark":"#00294f","band":2,"sc":0.9,"off":[6.8,5.1]}},{"type":"Feature","geometry":{"type":"Point","coordinates":[19.881664,50.082185]},"properties":{"line":"918","mode":"bus","color":"#0059a9","colorDark":"#00294f","band":2,"sc":0.9,"off":[-1.7,7.1]}},{"type":"Feature","geometry":{"type":"Point","coordinates":[19.881664,50.082185]},"properties":{"line":"948","mode":"bus","color":"#0059a9","colorDark":"#00294f","band":2,"sc":0.9,"off":[1.7,7.1]}},{"type":"Feature","geometry":{"type":"Point","coordinates":[19.936133,50.074864]},"properties":{"name":"Nowy Kleparz","band":2,"modes":"bus","arr":["120","140","189","301","337","420"],"off":[0,-0.8]}},{"type":"Feature","geometry":{"type":"Point","coordinates":[19.936133,50.074864]},"properties":{"line":"120","mode":"bus","color":"#0059a9","colorDark":"#00294f","band":2,"off":[-6.8,1.1]}},{"type":"Feature","geometry":{"type":"Point","coordinates":[19.936133,50.074864]},"properties":{"line":"140","mode":"bus","color":"#0059a9","colorDark":"#00294f","band":2,"off":[-3.4,1.1]}},{"type":"Feature","geometry":{"type":"Point","coordinates":[19.936133,50.074864]},"properties":{"line":"189","mode":"bus","color":"#0059a9","colorDark":"#00294f","band":2,"off":[0,1.1]}},{"type":"Feature","geometry":{"type":"Point","coordinates":[19.936133,50.074864]},"properties":{"line":"301","mode":"bus","color":"#0059a9","colorDark":"#00294f","band":2,"off":[3.4,1.1]}},{"type":"Feature","geometry":{"type":"Point","coordinates":[19.936133,50.074864]},"properties":{"line":"337","mode":"bus","color":"#0059a9","colorDark":"#00294f","band":2,"off":[6.8,1.1]}},{"type":"Feature","geometry":{"type":"Point","coordinates":[19.936133,50.074864]},"properties":{"line":"420","mode":"bus","color":"#0059a9","colorDark":"#00294f","band":2,"off":[0,3.1]}},{"type":"Feature","geometry":{"type":"Point","coordinates":[19.926646,50.011341]},"properties":{"name":"Borek Fałęcki","band":2,"modes":"bus","arr":["121","151","175","191","214","215","225","235","243","245","254","255","265","275","285","293","475"],"off":[0,-0.8],"sc":0.9}},{"type":"Feature","geometry":{"type":"Point","coordinates":[19.926646,50.011341]},"properties":{"line":"121","mode":"bus","color":"#0059a9","colorDark":"#00294f","band":2,"sc":0.9,"off":[-6.8,1.1]}},{"type":"Feature","geometry":{"type":"Point","coordinates":[19.926646,50.011341]},"properties":{"line":"151","mode":"bus","color":"#0059a9","colorDark":"#00294f","band":2,"sc":0.9,"off":[-3.4,1.1]}},{"type":"Feature","geometry":{"type":"Point","coordinates":[19.926646,50.011341]},"properties":{"line":"175","mode":"bus","color":"#0059a9","colorDark":"#00294f","band":2,"sc":0.9,"off":[0,1.1]}},{"type":"Feature","geometry":{"type":"Point","coordinates":[19.926646,50.011341]},"properties":{"line":"191","mode":"bus","color":"#0059a9","colorDark":"#00294f","band":2,"sc":0.9,"off":[3.4,1.1]}},{"type":"Feature","geometry":{"type":"Point","coordinates":[19.926646,50.011341]},"properties":{"line":"214","mode":"bus","color":"#0059a9","colorDark":"#00294f","band":2,"sc":0.9,"off":[6.8,1.1]}},{"type":"Feature","geometry":{"type":"Point","coordinates":[19.926646,50.011341]},"properties":{"line":"215","mode":"bus","color":"#0059a9","colorDark":"#00294f","band":2,"sc":0.9,"off":[-6.8,3.1]}},{"type":"Feature","geometry":{"type":"Point","coordinates":[19.926646,50.011341]},"properties":{"line":"225","mode":"bus","color":"#0059a9","colorDark":"#00294f","band":2,"sc":0.9,"off":[-3.4,3.1]}},{"type":"Feature","geometry":{"type":"Point","coordinates":[19.926646,50.011341]},"properties":{"line":"235","mode":"bus","color":"#0059a9","colorDark":"#00294f","band":2,"sc":0.9,"off":[0,3.1]}},{"type":"Feature","geometry":{"type":"Point","coordinates":[19.926646,50.011341]},"properties":{"line":"243","mode":"bus","color":"#0059a9","colorDark":"#00294f","band":2,"sc":0.9,"off":[3.4,3.1]}},{"type":"Feature","geometry":{"type":"Point","coordinates":[19.926646,50.011341]},"properties":{"line":"245","mode":"bus","color":"#0059a9","colorDark":"#00294f","band":2,"sc":0.9,"off":[6.8,3.1]}},{"type":"Feature","geometry":{"type":"Point","coordinates":[19.926646,50.011341]},"properties":{"line":"254","mode":"bus","color":"#0059a9","colorDark":"#00294f","band":2,"sc":0.9,"off":[-6.8,5.1]}},{"type":"Feature","geometry":{"type":"Point","coordinates":[19.926646,50.011341]},"properties":{"line":"255","mode":"bus","color":"#0059a9","colorDark":"#00294f","band":2,"sc":0.9,"off":[-3.4,5.1]}},{"type":"Feature","geometry":{"type":"Point","coordinates":[19.926646,50.011341]},"properties":{"line":"265","mode":"bus","color":"#0059a9","colorDark":"#00294f","band":2,"sc":0.9,"off":[0,5.1]}},{"type":"Feature","geometry":{"type":"Point","coordinates":[19.926646,50.011341]},"properties":{"line":"275","mode":"bus","color":"#0059a9","colorDark":"#00294f","band":2,"sc":0.9,"off":[3.4,5.1]}},{"type":"Feature","geometry":{"type":"Point","coordinates":[19.926646,50.011341]},"properties":{"line":"285","mode":"bus","color":"#0059a9","colorDark":"#00294f","band":2,"sc":0.9,"off":[6.8,5.1]}},{"type":"Feature","geometry":{"type":"Point","coordinates":[19.926646,50.011341]},"properties":{"line":"293","mode":"bus","color":"#0059a9","colorDark":"#00294f","band":2,"sc":0.9,"off":[-1.7,7.1]}},{"type":"Feature","geometry":{"type":"Point","coordinates":[19.926646,50.011341]},"properties":{"line":"475","mode":"bus","color":"#0059a9","colorDark":"#00294f","band":2,"sc":0.9,"off":[1.7,7.1]}},{"type":"Feature","geometry":{"type":"Point","coordinates":[19.911619,49.995364]},"properties":{"name":"Kliny Poranne","band":2,"modes":"bus","arr":["121"],"off":[0,-0.8]}},{"type":"Feature","geometry":{"type":"Point","coordinates":[19.911619,49.995364]},"properties":{"line":"121","mode":"bus","color":"#0059a9","colorDark":"#00294f","band":2,"off":[0,1.1]}},{"type":"Feature","geometry":{"type":"Point","coordinates":[20.033967,50.075209]},"properties":{"name":"Aleja Przyjaźni","band":2,"modes":"bus","arr":["122","160","572"],"off":[0,-0.8]}},{"type":"Feature","geometry":{"type":"Point","coordinates":[20.033967,50.075209]},"properties":{"line":"122","mode":"bus","color":"#0059a9","colorDark":"#00294f","band":2,"off":[-3.4,1.1]}},{"type":"Feature","geometry":{"type":"Point","coordinates":[20.033967,50.075209]},"properties":{"line":"160","mode":"bus","color":"#0059a9","colorDark":"#00294f","band":2,"off":[0,1.1]}},{"type":"Feature","geometry":{"type":"Point","coordinates":[20.033967,50.075209]},"properties":{"line":"572","mode":"bus","color":"#0059a9","colorDark":"#00294f","band":2,"off":[3.4,1.1]}},{"type":"Feature","geometry":{"type":"Point","coordinates":[20.03276,50.091185]},"properties":{"name":"Zajezdnia Bieńczyce","band":2,"modes":"bus","arr":["601"],"off":[0,-0.8]}},{"type":"Feature","geometry":{"type":"Point","coordinates":[20.03276,50.091185]},"properties":{"line":"601","mode":"bus","color":"#0059a9","colorDark":"#00294f","band":2,"off":[0,1.1]}},{"type":"Feature","geometry":{"type":"Point","coordinates":[20.043839,50.106225]},"properties":{"name":"Zesławice","band":2,"modes":"bus","arr":["122"],"off":[0,-0.8]}},{"type":"Feature","geometry":{"type":"Point","coordinates":[20.043839,50.106225]},"properties":{"line":"122","mode":"bus","color":"#0059a9","colorDark":"#00294f","band":2,"off":[0,1.1]}},{"type":"Feature","geometry":{"type":"Point","coordinates":[19.996156,50.095878]},"properties":{"name":"Mistrzejowice","band":2,"modes":"bus","arr":["123","482"],"off":[0,-0.8]}},{"type":"Feature","geometry":{"type":"Point","coordinates":[19.996156,50.095878]},"properties":{"line":"123","mode":"bus","color":"#0059a9","colorDark":"#00294f","band":2,"off":[-1.7,1.1]}},{"type":"Feature","geometry":{"type":"Point","coordinates":[19.996156,50.095878]},"properties":{"line":"482","mode":"bus","color":"#0059a9","colorDark":"#00294f","band":2,"off":[1.7,1.1]}},{"type":"Feature","geometry":{"type":"Point","coordinates":[20.00118,50.040177]},"properties":{"name":"Mały Płaszów P+R","band":2,"modes":"tram,bus","arr":["11","20","76","123","195","221","264"],"off":[0,-0.8]}},{"type":"Feature","geometry":{"type":"Point","coordinates":[20.00118,50.040177]},"properties":{"line":"11","mode":"tram","color":"#d6212b","colorDark":"#7c1116","band":2,"off":[-6.8,1.1]}},{"type":"Feature","geometry":{"type":"Point","coordinates":[20.00118,50.040177]},"properties":{"line":"20","mode":"tram","color":"#d6212b","colorDark":"#7c1116","band":2,"off":[-3.4,1.1]}},{"type":"Feature","geometry":{"type":"Point","coordinates":[20.00118,50.040177]},"properties":{"line":"76","mode":"tram","color":"#d6212b","colorDark":"#7c1116","band":2,"off":[0,1.1]}},{"type":"Feature","geometry":{"type":"Point","coordinates":[20.00118,50.040177]},"properties":{"line":"123","mode":"bus","color":"#0059a9","colorDark":"#00294f","band":2,"off":[3.4,1.1]}},{"type":"Feature","geometry":{"type":"Point","coordinates":[20.00118,50.040177]},"properties":{"line":"195","mode":"bus","color":"#0059a9","colorDark":"#00294f","band":2,"off":[6.8,1.1]}},{"type":"Feature","geometry":{"type":"Point","coordinates":[20.00118,50.040177]},"properties":{"line":"221","mode":"bus","color":"#0059a9","colorDark":"#00294f","band":2,"off":[-1.7,3.1]}},{"type":"Feature","geometry":{"type":"Point","coordinates":[20.00118,50.040177]},"properties":{"line":"264","mode":"bus","color":"#0059a9","colorDark":"#00294f","band":2,"off":[1.7,3.1]}},{"type":"Feature","geometry":{"type":"Point","coordinates":[20.045374,50.054047]},"properties":{"name":"Lesisko","band":2,"modes":"bus","arr":["149"],"off":[0,-0.8]}},{"type":"Feature","geometry":{"type":"Point","coordinates":[20.045374,50.054047]},"properties":{"line":"149","mode":"bus","color":"#0059a9","colorDark":"#00294f","band":2,"off":[0,1.1]}},{"type":"Feature","geometry":{"type":"Point","coordinates":[19.944203,50.064875]},"properties":{"name":"Teatr Słowackiego","band":2,"modes":"bus","arr":["605"],"off":[0,-0.8]}},{"type":"Feature","geometry":{"type":"Point","coordinates":[19.944203,50.064875]},"properties":{"line":"605","mode":"bus","color":"#0059a9","colorDark":"#00294f","band":2,"off":[0,1.1]}},{"type":"Feature","geometry":{"type":"Point","coordinates":[19.983764,50.071975]},"properties":{"name":"TAURON Arena Kraków Wieczysta","band":2,"modes":"tram,bus","arr":["49","124"],"off":[0,-0.8]}},{"type":"Feature","geometry":{"type":"Point","coordinates":[19.983764,50.071975]},"properties":{"line":"49","mode":"tram","color":"#d6212b","colorDark":"#7c1116","band":2,"off":[-1.7,1.1]}},{"type":"Feature","geometry":{"type":"Point","coordinates":[19.983764,50.071975]},"properties":{"line":"124","mode":"bus","color":"#0059a9","colorDark":"#00294f","band":2,"off":[1.7,1.1]}},{"type":"Feature","geometry":{"type":"Point","coordinates":[20.051215,50.021847]},"properties":{"name":"Złocień","band":2,"modes":"bus","arr":["125","605"],"off":[0,-0.8]}},{"type":"Feature","geometry":{"type":"Point","coordinates":[20.051215,50.021847]},"properties":{"line":"125","mode":"bus","color":"#0059a9","colorDark":"#00294f","band":2,"off":[-1.7,1.1]}},{"type":"Feature","geometry":{"type":"Point","coordinates":[20.051215,50.021847]},"properties":{"line":"605","mode":"bus","color":"#0059a9","colorDark":"#00294f","band":2,"off":[1.7,1.1]}},{"type":"Feature","geometry":{"type":"Point","coordinates":[19.880154,50.079538]},"properties":{"name":"Bronowice Małe","band":2,"modes":"bus","arr":["126","572"],"off":[0,-0.8]}},{"type":"Feature","geometry":{"type":"Point","coordinates":[19.880154,50.079538]},"properties":{"line":"126","mode":"bus","color":"#0059a9","colorDark":"#00294f","band":2,"off":[-1.7,1.1]}},{"type":"Feature","geometry":{"type":"Point","coordinates":[19.880154,50.079538]},"properties":{"line":"572","mode":"bus","color":"#0059a9","colorDark":"#00294f","band":2,"off":[1.7,1.1]}},{"type":"Feature","geometry":{"type":"Point","coordinates":[19.962874,50.042128]},"properties":{"name":"Podgórze SKA","band":2,"modes":"bus","arr":["127","155","158"],"off":[0,-0.8]}},{"type":"Feature","geometry":{"type":"Point","coordinates":[19.962874,50.042128]},"properties":{"line":"127","mode":"bus","color":"#0059a9","colorDark":"#00294f","band":2,"off":[-3.4,1.1]}},{"type":"Feature","geometry":{"type":"Point","coordinates":[19.962874,50.042128]},"properties":{"line":"155","mode":"bus","color":"#0059a9","colorDark":"#00294f","band":2,"off":[0,1.1]}},{"type":"Feature","geometry":{"type":"Point","coordinates":[19.962874,50.042128]},"properties":{"line":"158","mode":"bus","color":"#0059a9","colorDark":"#00294f","band":2,"off":[3.4,1.1]}},{"type":"Feature","geometry":{"type":"Point","coordinates":[19.995285,50.034046]},"properties":{"name":"Bagry","band":2,"modes":"bus","arr":["127"],"off":[0,-0.8]}},{"type":"Feature","geometry":{"type":"Point","coordinates":[19.995285,50.034046]},"properties":{"line":"127","mode":"bus","color":"#0059a9","colorDark":"#00294f","band":2,"off":[0,1.1]}},{"type":"Feature","geometry":{"type":"Point","coordinates":[20.011678,50.035488]},"properties":{"name":"Zajezdnia Płaszów","band":2,"modes":"bus","arr":["128","148"],"off":[0,-0.8]}},{"type":"Feature","geometry":{"type":"Point","coordinates":[20.011678,50.035488]},"properties":{"line":"128","mode":"bus","color":"#0059a9","colorDark":"#00294f","band":2,"off":[-1.7,1.1]}},{"type":"Feature","geometry":{"type":"Point","coordinates":[20.011678,50.035488]},"properties":{"line":"148","mode":"bus","color":"#0059a9","colorDark":"#00294f","band":2,"off":[1.7,1.1]}},{"type":"Feature","geometry":{"type":"Point","coordinates":[19.963066,50.104985]},"properties":{"name":"Górka Narodowa P+R","band":2,"modes":"tram,bus","arr":["18","50","69","75","128","169","217","247","257","277","280","297","469","503","669","917"],"off":[0,-0.8],"sc":0.92}},{"type":"Feature","geometry":{"type":"Point","coordinates":[19.963066,50.104985]},"properties":{"line":"18","mode":"tram","color":"#d6212b","colorDark":"#7c1116","band":2,"sc":0.92,"off":[-6.8,1.1]}},{"type":"Feature","geometry":{"type":"Point","coordinates":[19.963066,50.104985]},"properties":{"line":"50","mode":"tram","color":"#d6212b","colorDark":"#7c1116","band":2,"sc":0.92,"off":[-3.4,1.1]}},{"type":"Feature","geometry":{"type":"Point","coordinates":[19.963066,50.104985]},"properties":{"line":"69","mode":"tram","color":"#d6212b","colorDark":"#7c1116","band":2,"sc":0.92,"off":[0,1.1]}},{"type":"Feature","geometry":{"type":"Point","coordinates":[19.963066,50.104985]},"properties":{"line":"75","mode":"tram","color":"#d6212b","colorDark":"#7c1116","band":2,"sc":0.92,"off":[3.4,1.1]}},{"type":"Feature","geometry":{"type":"Point","coordinates":[19.963066,50.104985]},"properties":{"line":"128","mode":"bus","color":"#0059a9","colorDark":"#00294f","band":2,"sc":0.92,"off":[6.8,1.1]}},{"type":"Feature","geometry":{"type":"Point","coordinates":[19.963066,50.104985]},"properties":{"line":"169","mode":"bus","color":"#0059a9","colorDark":"#00294f","band":2,"sc":0.92,"off":[-6.8,3.1]}},{"type":"Feature","geometry":{"type":"Point","coordinates":[19.963066,50.104985]},"properties":{"line":"217","mode":"bus","color":"#0059a9","colorDark":"#00294f","band":2,"sc":0.92,"off":[-3.4,3.1]}},{"type":"Feature","geometry":{"type":"Point","coordinates":[19.963066,50.104985]},"properties":{"line":"247","mode":"bus","color":"#0059a9","colorDark":"#00294f","band":2,"sc":0.92,"off":[0,3.1]}},{"type":"Feature","geometry":{"type":"Point","coordinates":[19.963066,50.104985]},"properties":{"line":"257","mode":"bus","color":"#0059a9","colorDark":"#00294f","band":2,"sc":0.92,"off":[3.4,3.1]}},{"type":"Feature","geometry":{"type":"Point","coordinates":[19.963066,50.104985]},"properties":{"line":"277","mode":"bus","color":"#0059a9","colorDark":"#00294f","band":2,"sc":0.92,"off":[6.8,3.1]}},{"type":"Feature","geometry":{"type":"Point","coordinates":[19.963066,50.104985]},"properties":{"line":"280","mode":"bus","color":"#0059a9","colorDark":"#00294f","band":2,"sc":0.92,"off":[-6.8,5.1]}},{"type":"Feature","geometry":{"type":"Point","coordinates":[19.963066,50.104985]},"properties":{"line":"297","mode":"bus","color":"#0059a9","colorDark":"#00294f","band":2,"sc":0.92,"off":[-3.4,5.1]}},{"type":"Feature","geometry":{"type":"Point","coordinates":[19.963066,50.104985]},"properties":{"line":"469","mode":"bus","color":"#0059a9","colorDark":"#00294f","band":2,"sc":0.92,"off":[0,5.1]}},{"type":"Feature","geometry":{"type":"Point","coordinates":[19.963066,50.104985]},"properties":{"line":"503","mode":"bus","color":"#0059a9","colorDark":"#00294f","band":2,"sc":0.92,"off":[3.4,5.1]}},{"type":"Feature","geometry":{"type":"Point","coordinates":[19.963066,50.104985]},"properties":{"line":"669","mode":"bus","color":"#0059a9","colorDark":"#00294f","band":2,"sc":0.92,"off":[6.8,5.1]}},{"type":"Feature","geometry":{"type":"Point","coordinates":[19.963066,50.104985]},"properties":{"line":"917","mode":"bus","color":"#0059a9","colorDark":"#00294f","band":2,"sc":0.92,"off":[0,7.1]}},{"type":"Feature","geometry":{"type":"Point","coordinates":[19.908846,50.086781]},"properties":{"name":"Azory","band":2,"modes":"bus","arr":["130","138","173","494"],"off":[0,-0.8]}},{"type":"Feature","geometry":{"type":"Point","coordinates":[19.908846,50.086781]},"properties":{"line":"130","mode":"bus","color":"#0059a9","colorDark":"#00294f","band":2,"off":[-5.1,1.1]}},{"type":"Feature","geometry":{"type":"Point","coordinates":[19.908846,50.086781]},"properties":{"line":"138","mode":"bus","color":"#0059a9","colorDark":"#00294f","band":2,"off":[-1.7,1.1]}},{"type":"Feature","geometry":{"type":"Point","coordinates":[19.908846,50.086781]},"properties":{"line":"173","mode":"bus","color":"#0059a9","colorDark":"#00294f","band":2,"off":[1.7,1.1]}},{"type":"Feature","geometry":{"type":"Point","coordinates":[19.908846,50.086781]},"properties":{"line":"494","mode":"bus","color":"#0059a9","colorDark":"#00294f","band":2,"off":[5.1,1.1]}},{"type":"Feature","geometry":{"type":"Point","coordinates":[20.066521,50.078569]},"properties":{"name":"Kombinat","band":2,"modes":"bus","arr":["132","138","139","174","242","272"],"off":[0,-0.8]}},{"type":"Feature","geometry":{"type":"Point","coordinates":[20.066521,50.078569]},"properties":{"line":"132","mode":"bus","color":"#0059a9","colorDark":"#00294f","band":2,"off":[-6.8,1.1]}},{"type":"Feature","geometry":{"type":"Point","coordinates":[20.066521,50.078569]},"properties":{"line":"138","mode":"bus","color":"#0059a9","colorDark":"#00294f","band":2,"off":[-3.4,1.1]}},{"type":"Feature","geometry":{"type":"Point","coordinates":[20.066521,50.078569]},"properties":{"line":"139","mode":"bus","color":"#0059a9","colorDark":"#00294f","band":2,"off":[0,1.1]}},{"type":"Feature","geometry":{"type":"Point","coordinates":[20.066521,50.078569]},"properties":{"line":"174","mode":"bus","color":"#0059a9","colorDark":"#00294f","band":2,"off":[3.4,1.1]}},{"type":"Feature","geometry":{"type":"Point","coordinates":[20.066521,50.078569]},"properties":{"line":"242","mode":"bus","color":"#0059a9","colorDark":"#00294f","band":2,"off":[6.8,1.1]}},{"type":"Feature","geometry":{"type":"Point","coordinates":[20.066521,50.078569]},"properties":{"line":"272","mode":"bus","color":"#0059a9","colorDark":"#00294f","band":2,"off":[0,3.1]}},{"type":"Feature","geometry":{"type":"Point","coordinates":[19.922589,50.05849]},"properties":{"name":"Cracovia Stadion","band":2,"modes":"bus","arr":["134","307"],"off":[0,-0.8]}},{"type":"Feature","geometry":{"type":"Point","coordinates":[19.922589,50.05849]},"properties":{"line":"134","mode":"bus","color":"#0059a9","colorDark":"#00294f","band":2,"off":[-1.7,1.1]}},{"type":"Feature","geometry":{"type":"Point","coordinates":[19.922589,50.05849]},"properties":{"line":"307","mode":"bus","color":"#0059a9","colorDark":"#00294f","band":2,"off":[1.7,1.1]}},{"type":"Feature","geometry":{"type":"Point","coordinates":[19.85538,50.055082]},"properties":{"name":"ZOO","band":2,"modes":"bus","arr":["134"],"off":[0,-0.8]}},{"type":"Feature","geometry":{"type":"Point","coordinates":[19.85538,50.055082]},"properties":{"line":"134","mode":"bus","color":"#0059a9","colorDark":"#00294f","band":2,"off":[0,1.1]}},{"type":"Feature","geometry":{"type":"Point","coordinates":[19.899008,50.070696]},"properties":{"name":"Przybyszewskiego","band":2,"modes":"bus","arr":["139"],"off":[0,-0.8]}},{"type":"Feature","geometry":{"type":"Point","coordinates":[19.899008,50.070696]},"properties":{"line":"139","mode":"bus","color":"#0059a9","colorDark":"#00294f","band":2,"off":[0,1.1]}},{"type":"Feature","geometry":{"type":"Point","coordinates":[19.89403,50.08625]},"properties":{"name":"Radzikowskiego Osiedle","band":2,"modes":"bus","arr":["140"],"off":[0,-0.8]}},{"type":"Feature","geometry":{"type":"Point","coordinates":[19.89403,50.08625]},"properties":{"line":"140","mode":"bus","color":"#0059a9","colorDark":"#00294f","band":2,"off":[0,1.1]}},{"type":"Feature","geometry":{"type":"Point","coordinates":[20.011008,50.006305]},"properties":{"name":"Rżąka","band":2,"modes":"bus","arr":["144","195"],"off":[0,-0.8]}},{"type":"Feature","geometry":{"type":"Point","coordinates":[20.011008,50.006305]},"properties":{"line":"144","mode":"bus","color":"#0059a9","colorDark":"#00294f","band":2,"off":[-1.7,1.1]}},{"type":"Feature","geometry":{"type":"Point","coordinates":[20.011008,50.006305]},"properties":{"line":"195","mode":"bus","color":"#0059a9","colorDark":"#00294f","band":2,"off":[1.7,1.1]}},{"type":"Feature","geometry":{"type":"Point","coordinates":[19.930328,50.096258]},"properties":{"name":"Prądnik Biały","band":2,"modes":"bus","arr":["144","904"],"off":[0,-0.8]}},{"type":"Feature","geometry":{"type":"Point","coordinates":[19.930328,50.096258]},"properties":{"line":"144","mode":"bus","color":"#0059a9","colorDark":"#00294f","band":2,"off":[-1.7,1.1]}},{"type":"Feature","geometry":{"type":"Point","coordinates":[19.930328,50.096258]},"properties":{"line":"904","mode":"bus","color":"#0059a9","colorDark":"#00294f","band":2,"off":[1.7,1.1]}},{"type":"Feature","geometry":{"type":"Point","coordinates":[19.811858,50.041919]},"properties":{"name":"Bielany Obwodnica","band":2,"modes":"bus","arr":["146"],"off":[0,-0.8]}},{"type":"Feature","geometry":{"type":"Point","coordinates":[19.811858,50.041919]},"properties":{"line":"146","mode":"bus","color":"#0059a9","colorDark":"#00294f","band":2,"off":[0,1.1]}},{"type":"Feature","geometry":{"type":"Point","coordinates":[20.015141,50.075117]},"properties":{"name":"Czyżyny Dworzec","band":2,"modes":"bus","arr":["148","202","212","222","232","262","611"],"off":[0,-0.8]}},{"type":"Feature","geometry":{"type":"Point","coordinates":[20.015141,50.075117]},"properties":{"line":"148","mode":"bus","color":"#0059a9","colorDark":"#00294f","band":2,"off":[-6.8,1.1]}},{"type":"Feature","geometry":{"type":"Point","coordinates":[20.015141,50.075117]},"properties":{"line":"202","mode":"bus","color":"#0059a9","colorDark":"#00294f","band":2,"off":[-3.4,1.1]}},{"type":"Feature","geometry":{"type":"Point","coordinates":[20.015141,50.075117]},"properties":{"line":"212","mode":"bus","color":"#0059a9","colorDark":"#00294f","band":2,"off":[0,1.1]}},{"type":"Feature","geometry":{"type":"Point","coordinates":[20.015141,50.075117]},"properties":{"line":"222","mode":"bus","color":"#0059a9","colorDark":"#00294f","band":2,"off":[3.4,1.1]}},{"type":"Feature","geometry":{"type":"Point","coordinates":[20.015141,50.075117]},"properties":{"line":"232","mode":"bus","color":"#0059a9","colorDark":"#00294f","band":2,"off":[6.8,1.1]}},{"type":"Feature","geometry":{"type":"Point","coordinates":[20.015141,50.075117]},"properties":{"line":"262","mode":"bus","color":"#0059a9","colorDark":"#00294f","band":2,"off":[-1.7,3.1]}},{"type":"Feature","geometry":{"type":"Point","coordinates":[20.015141,50.075117]},"properties":{"line":"611","mode":"bus","color":"#0059a9","colorDark":"#00294f","band":2,"off":[1.7,3.1]}},{"type":"Feature","geometry":{"type":"Point","coordinates":[20.064063,50.099457]},"properties":{"name":"Szpital Okulistyczny","band":2,"modes":"bus","arr":["149"],"off":[0,-0.8]}},{"type":"Feature","geometry":{"type":"Point","coordinates":[20.064063,50.099457]},"properties":{"line":"149","mode":"bus","color":"#0059a9","colorDark":"#00294f","band":2,"off":[0,1.1]}},{"type":"Feature","geometry":{"type":"Point","coordinates":[20.003628,50.009332]},"properties":{"name":"Miejskie Centrum Opieki","band":2,"modes":"bus","arr":["153","513"],"off":[0,-0.8]}},{"type":"Feature","geometry":{"type":"Point","coordinates":[20.003628,50.009332]},"properties":{"line":"153","mode":"bus","color":"#0059a9","colorDark":"#00294f","band":2,"off":[-1.7,1.1]}},{"type":"Feature","geometry":{"type":"Point","coordinates":[20.003628,50.009332]},"properties":{"line":"513","mode":"bus","color":"#0059a9","colorDark":"#00294f","band":2,"off":[1.7,1.1]}},{"type":"Feature","geometry":{"type":"Point","coordinates":[20.052868,50.008396]},"properties":{"name":"Bieżanów Potrzask","band":2,"modes":"bus","arr":["153"],"off":[0,-0.8]}},{"type":"Feature","geometry":{"type":"Point","coordinates":[20.052868,50.008396]},"properties":{"line":"153","mode":"bus","color":"#0059a9","colorDark":"#00294f","band":2,"off":[0,1.1]}},{"type":"Feature","geometry":{"type":"Point","coordinates":[20.02309,50.015391]},"properties":{"name":"Nowy Bieżanów P+R","band":2,"modes":"tram,bus","arr":["3","9","13","49","69","669"],"off":[0,-0.8]}},{"type":"Feature","geometry":{"type":"Point","coordinates":[20.02309,50.015391]},"properties":{"line":"3","mode":"tram","color":"#d6212b","colorDark":"#7c1116","band":2,"off":[-6.8,1.1]}},{"type":"Feature","geometry":{"type":"Point","coordinates":[20.02309,50.015391]},"properties":{"line":"9","mode":"tram","color":"#d6212b","colorDark":"#7c1116","band":2,"off":[-3.4,1.1]}},{"type":"Feature","geometry":{"type":"Point","coordinates":[20.02309,50.015391]},"properties":{"line":"13","mode":"tram","color":"#d6212b","colorDark":"#7c1116","band":2,"off":[0,1.1]}},{"type":"Feature","geometry":{"type":"Point","coordinates":[20.02309,50.015391]},"properties":{"line":"49","mode":"tram","color":"#d6212b","colorDark":"#7c1116","band":2,"off":[3.4,1.1]}},{"type":"Feature","geometry":{"type":"Point","coordinates":[20.02309,50.015391]},"properties":{"line":"69","mode":"tram","color":"#d6212b","colorDark":"#7c1116","band":2,"off":[6.8,1.1]}},{"type":"Feature","geometry":{"type":"Point","coordinates":[20.02309,50.015391]},"properties":{"line":"669","mode":"bus","color":"#0059a9","colorDark":"#00294f","band":2,"off":[0,3.1]}},{"type":"Feature","geometry":{"type":"Point","coordinates":[19.872223,49.988466]},"properties":{"name":"Sidzina","band":2,"modes":"bus","arr":["156","175","475","610"],"off":[0,-0.8]}},{"type":"Feature","geometry":{"type":"Point","coordinates":[19.872223,49.988466]},"properties":{"line":"156","mode":"bus","color":"#0059a9","colorDark":"#00294f","band":2,"off":[-5.1,1.1]}},{"type":"Feature","geometry":{"type":"Point","coordinates":[19.872223,49.988466]},"properties":{"line":"175","mode":"bus","color":"#0059a9","colorDark":"#00294f","band":2,"off":[-1.7,1.1]}},{"type":"Feature","geometry":{"type":"Point","coordinates":[19.872223,49.988466]},"properties":{"line":"475","mode":"bus","color":"#0059a9","colorDark":"#00294f","band":2,"off":[1.7,1.1]}},{"type":"Feature","geometry":{"type":"Point","coordinates":[19.872223,49.988466]},"properties":{"line":"610","mode":"bus","color":"#0059a9","colorDark":"#00294f","band":2,"off":[5.1,1.1]}},{"type":"Feature","geometry":{"type":"Point","coordinates":[20.060015,50.047636]},"properties":{"name":"Podwierzbie","band":2,"modes":"bus","arr":["158"],"off":[0,-0.8]}},{"type":"Feature","geometry":{"type":"Point","coordinates":[20.060015,50.047636]},"properties":{"line":"158","mode":"bus","color":"#0059a9","colorDark":"#00294f","band":2,"off":[0,1.1]}},{"type":"Feature","geometry":{"type":"Point","coordinates":[19.852131,50.028654]},"properties":{"name":"Kostrze OSP","band":2,"modes":"bus","arr":["176","476"],"off":[0,-0.8]}},{"type":"Feature","geometry":{"type":"Point","coordinates":[19.852131,50.028654]},"properties":{"line":"176","mode":"bus","color":"#0059a9","colorDark":"#00294f","band":2,"off":[-1.7,1.1]}},{"type":"Feature","geometry":{"type":"Point","coordinates":[19.852131,50.028654]},"properties":{"line":"476","mode":"bus","color":"#0059a9","colorDark":"#00294f","band":2,"off":[1.7,1.1]}},{"type":"Feature","geometry":{"type":"Point","coordinates":[19.970085,50.015255]},"properties":{"name":"Piaski Nowe","band":2,"modes":"bus","arr":["164"],"off":[0,-0.8]}},{"type":"Feature","geometry":{"type":"Point","coordinates":[19.970085,50.015255]},"properties":{"line":"164","mode":"bus","color":"#0059a9","colorDark":"#00294f","band":2,"off":[0,1.1]}},{"type":"Feature","geometry":{"type":"Point","coordinates":[19.840191,50.090888]},"properties":{"name":"Mydlniki Wapiennik P+R","band":2,"modes":"bus","arr":["164","199","601"],"off":[0,-0.8]}},{"type":"Feature","geometry":{"type":"Point","coordinates":[19.840191,50.090888]},"properties":{"line":"164","mode":"bus","color":"#0059a9","colorDark":"#00294f","band":2,"off":[-3.4,1.1]}},{"type":"Feature","geometry":{"type":"Point","coordinates":[19.840191,50.090888]},"properties":{"line":"199","mode":"bus","color":"#0059a9","colorDark":"#00294f","band":2,"off":[0,1.1]}},{"type":"Feature","geometry":{"type":"Point","coordinates":[19.840191,50.090888]},"properties":{"line":"601","mode":"bus","color":"#0059a9","colorDark":"#00294f","band":2,"off":[3.4,1.1]}},{"type":"Feature","geometry":{"type":"Point","coordinates":[19.897171,50.093306]},"properties":{"name":"Chełmońskiego Pętla","band":2,"modes":"bus","arr":["168","511","611"],"off":[0,-0.8]}},{"type":"Feature","geometry":{"type":"Point","coordinates":[19.897171,50.093306]},"properties":{"line":"168","mode":"bus","color":"#0059a9","colorDark":"#00294f","band":2,"off":[-3.4,1.1]}},{"type":"Feature","geometry":{"type":"Point","coordinates":[19.897171,50.093306]},"properties":{"line":"511","mode":"bus","color":"#0059a9","colorDark":"#00294f","band":2,"off":[0,1.1]}},{"type":"Feature","geometry":{"type":"Point","coordinates":[19.897171,50.093306]},"properties":{"line":"611","mode":"bus","color":"#0059a9","colorDark":"#00294f","band":2,"off":[3.4,1.1]}},{"type":"Feature","geometry":{"type":"Point","coordinates":[19.982916,50.005789]},"properties":{"name":"Piaski Wielkie","band":2,"modes":"bus","arr":["169","433","469"],"off":[0,-0.8]}},{"type":"Feature","geometry":{"type":"Point","coordinates":[19.982916,50.005789]},"properties":{"line":"169","mode":"bus","color":"#0059a9","colorDark":"#00294f","band":2,"off":[-3.4,1.1]}},{"type":"Feature","geometry":{"type":"Point","coordinates":[19.982916,50.005789]},"properties":{"line":"433","mode":"bus","color":"#0059a9","colorDark":"#00294f","band":2,"off":[0,1.1]}},{"type":"Feature","geometry":{"type":"Point","coordinates":[19.982916,50.005789]},"properties":{"line":"469","mode":"bus","color":"#0059a9","colorDark":"#00294f","band":2,"off":[3.4,1.1]}},{"type":"Feature","geometry":{"type":"Point","coordinates":[20.18965,50.113616]},"properties":{"name":"Wróżenice","band":2,"modes":"bus","arr":["171"],"off":[0,-0.8]}},{"type":"Feature","geometry":{"type":"Point","coordinates":[20.18965,50.113616]},"properties":{"line":"171","mode":"bus","color":"#0059a9","colorDark":"#00294f","band":2,"off":[0,1.1]}},{"type":"Feature","geometry":{"type":"Point","coordinates":[20.015539,50.012695]},"properties":{"name":"Nowy Bieżanów Południe","band":2,"modes":"bus","arr":["173","234","244","274","284","503"],"off":[0,-0.8]}},{"type":"Feature","geometry":{"type":"Point","coordinates":[20.015539,50.012695]},"properties":{"line":"173","mode":"bus","color":"#0059a9","colorDark":"#00294f","band":2,"off":[-6.8,1.1]}},{"type":"Feature","geometry":{"type":"Point","coordinates":[20.015539,50.012695]},"properties":{"line":"234","mode":"bus","color":"#0059a9","colorDark":"#00294f","band":2,"off":[-3.4,1.1]}},{"type":"Feature","geometry":{"type":"Point","coordinates":[20.015539,50.012695]},"properties":{"line":"244","mode":"bus","color":"#0059a9","colorDark":"#00294f","band":2,"off":[0,1.1]}},{"type":"Feature","geometry":{"type":"Point","coordinates":[20.015539,50.012695]},"properties":{"line":"274","mode":"bus","color":"#0059a9","colorDark":"#00294f","band":2,"off":[3.4,1.1]}},{"type":"Feature","geometry":{"type":"Point","coordinates":[20.015539,50.012695]},"properties":{"line":"284","mode":"bus","color":"#0059a9","colorDark":"#00294f","band":2,"off":[6.8,1.1]}},{"type":"Feature","geometry":{"type":"Point","coordinates":[20.015539,50.012695]},"properties":{"line":"503","mode":"bus","color":"#0059a9","colorDark":"#00294f","band":2,"off":[0,3.1]}},{"type":"Feature","geometry":{"type":"Point","coordinates":[20.035573,50.071743]},"properties":{"name":"Plac Centralny im. R.Reagana","band":2,"modes":"tram,bus","arr":["62","189","662"],"off":[0,-0.8]}},{"type":"Feature","geometry":{"type":"Point","coordinates":[20.035573,50.071743]},"properties":{"line":"62","mode":"tram","color":"#d6212b","colorDark":"#7c1116","band":2,"off":[-3.4,1.1]}},{"type":"Feature","geometry":{"type":"Point","coordinates":[20.035573,50.071743]},"properties":{"line":"189","mode":"bus","color":"#0059a9","colorDark":"#00294f","band":2,"off":[0,1.1]}},{"type":"Feature","geometry":{"type":"Point","coordinates":[20.035573,50.071743]},"properties":{"line":"662","mode":"bus","color":"#0059a9","colorDark":"#00294f","band":2,"off":[3.4,1.1]}},{"type":"Feature","geometry":{"type":"Point","coordinates":[19.960371,50.004486]},"properties":{"name":"Os. Kurdwanów","band":2,"modes":"bus","arr":["174","179"],"off":[0,-0.8]}},{"type":"Feature","geometry":{"type":"Point","coordinates":[19.960371,50.004486]},"properties":{"line":"174","mode":"bus","color":"#0059a9","colorDark":"#00294f","band":2,"off":[-1.7,1.1]}},{"type":"Feature","geometry":{"type":"Point","coordinates":[19.960371,50.004486]},"properties":{"line":"179","mode":"bus","color":"#0059a9","colorDark":"#00294f","band":2,"off":[1.7,1.1]}},{"type":"Feature","geometry":{"type":"Point","coordinates":[19.867554,50.038702]},"properties":{"name":"Bodzów","band":2,"modes":"bus","arr":["176"],"off":[0,-0.8]}},{"type":"Feature","geometry":{"type":"Point","coordinates":[19.867554,50.038702]},"properties":{"line":"176","mode":"bus","color":"#0059a9","colorDark":"#00294f","band":2,"off":[0,1.1]}},{"type":"Feature","geometry":{"type":"Point","coordinates":[20.050117,50.097852]},"properties":{"name":"Os. Na Stoku","band":2,"modes":"bus","arr":["182","511","608"],"off":[0,-0.8]}},{"type":"Feature","geometry":{"type":"Point","coordinates":[20.050117,50.097852]},"properties":{"line":"182","mode":"bus","color":"#0059a9","colorDark":"#00294f","band":2,"off":[-3.4,1.1]}},{"type":"Feature","geometry":{"type":"Point","coordinates":[20.050117,50.097852]},"properties":{"line":"511","mode":"bus","color":"#0059a9","colorDark":"#00294f","band":2,"off":[0,1.1]}},{"type":"Feature","geometry":{"type":"Point","coordinates":[20.050117,50.097852]},"properties":{"line":"608","mode":"bus","color":"#0059a9","colorDark":"#00294f","band":2,"off":[3.4,1.1]}},{"type":"Feature","geometry":{"type":"Point","coordinates":[19.805885,50.061861]},"properties":{"name":"Olszanica Bory","band":2,"modes":"bus","arr":["192"],"off":[0,-0.8]}},{"type":"Feature","geometry":{"type":"Point","coordinates":[19.805885,50.061861]},"properties":{"line":"192","mode":"bus","color":"#0059a9","colorDark":"#00294f","band":2,"off":[0,1.1]}},{"type":"Feature","geometry":{"type":"Point","coordinates":[19.685756,50.237652]},"properties":{"name":"Przeginia Kościół","band":2,"modes":"bus","arr":["200"],"off":[0,-0.8]}},{"type":"Feature","geometry":{"type":"Point","coordinates":[19.685756,50.237652]},"properties":{"line":"200","mode":"bus","color":"#0059a9","colorDark":"#00294f","band":2,"off":[0,1.1]}},{"type":"Feature","geometry":{"type":"Point","coordinates":[20.113133,50.135106]},"properties":{"name":"Kocmyrzów-Luborzyca Urząd Gminy","band":2,"modes":"bus","arr":["272"],"off":[0,-0.8]}},{"type":"Feature","geometry":{"type":"Point","coordinates":[20.113133,50.135106]},"properties":{"line":"272","mode":"bus","color":"#0059a9","colorDark":"#00294f","band":2,"off":[0,1.1]}},{"type":"Feature","geometry":{"type":"Point","coordinates":[20.160164,50.187678]},"properties":{"name":"Łososkowice Remiza","band":2,"modes":"bus","arr":["202"],"off":[0,-0.8]}},{"type":"Feature","geometry":{"type":"Point","coordinates":[20.160164,50.187678]},"properties":{"line":"202","mode":"bus","color":"#0059a9","colorDark":"#00294f","band":2,"off":[0,1.1]}},{"type":"Feature","geometry":{"type":"Point","coordinates":[19.82984,49.968547]},"properties":{"name":"Skawina","band":2,"modes":"bus","arr":["203","243","245","283","293","903"],"off":[0,-0.8]}},{"type":"Feature","geometry":{"type":"Point","coordinates":[19.82984,49.968547]},"properties":{"line":"203","mode":"bus","color":"#0059a9","colorDark":"#00294f","band":2,"off":[-6.8,1.1]}},{"type":"Feature","geometry":{"type":"Point","coordinates":[19.82984,49.968547]},"properties":{"line":"243","mode":"bus","color":"#0059a9","colorDark":"#00294f","band":2,"off":[-3.4,1.1]}},{"type":"Feature","geometry":{"type":"Point","coordinates":[19.82984,49.968547]},"properties":{"line":"245","mode":"bus","color":"#0059a9","colorDark":"#00294f","band":2,"off":[0,1.1]}},{"type":"Feature","geometry":{"type":"Point","coordinates":[19.82984,49.968547]},"properties":{"line":"283","mode":"bus","color":"#0059a9","colorDark":"#00294f","band":2,"off":[3.4,1.1]}},{"type":"Feature","geometry":{"type":"Point","coordinates":[19.82984,49.968547]},"properties":{"line":"293","mode":"bus","color":"#0059a9","colorDark":"#00294f","band":2,"off":[6.8,1.1]}},{"type":"Feature","geometry":{"type":"Point","coordinates":[19.82984,49.968547]},"properties":{"line":"903","mode":"bus","color":"#0059a9","colorDark":"#00294f","band":2,"off":[0,3.1]}},{"type":"Feature","geometry":{"type":"Point","coordinates":[20.07487,49.986292]},"properties":{"name":"Wieliczka Kampus","band":2,"modes":"bus","arr":["204","224","244","304","904"],"off":[0,-0.8]}},{"type":"Feature","geometry":{"type":"Point","coordinates":[20.07487,49.986292]},"properties":{"line":"204","mode":"bus","color":"#0059a9","colorDark":"#00294f","band":2,"off":[-6.8,1.1]}},{"type":"Feature","geometry":{"type":"Point","coordinates":[20.07487,49.986292]},"properties":{"line":"224","mode":"bus","color":"#0059a9","colorDark":"#00294f","band":2,"off":[-3.4,1.1]}},{"type":"Feature","geometry":{"type":"Point","coordinates":[20.07487,49.986292]},"properties":{"line":"244","mode":"bus","color":"#0059a9","colorDark":"#00294f","band":2,"off":[0,1.1]}},{"type":"Feature","geometry":{"type":"Point","coordinates":[20.07487,49.986292]},"properties":{"line":"304","mode":"bus","color":"#0059a9","colorDark":"#00294f","band":2,"off":[3.4,1.1]}},{"type":"Feature","geometry":{"type":"Point","coordinates":[20.07487,49.986292]},"properties":{"line":"904","mode":"bus","color":"#0059a9","colorDark":"#00294f","band":2,"off":[6.8,1.1]}},{"type":"Feature","geometry":{"type":"Point","coordinates":[19.910906,50.141004]},"properties":{"name":"Trojanowice Pętla","band":2,"modes":"bus","arr":["207"],"off":[0,-0.8]}},{"type":"Feature","geometry":{"type":"Point","coordinates":[19.910906,50.141004]},"properties":{"line":"207","mode":"bus","color":"#0059a9","colorDark":"#00294f","band":2,"off":[0,1.1]}},{"type":"Feature","geometry":{"type":"Point","coordinates":[19.915203,50.052891]},"properties":{"name":"Salwator","band":2,"modes":"tram,bus","arr":["1","13","209","229","239","249","259","269","279","310"],"off":[0,-0.8]}},{"type":"Feature","geometry":{"type":"Point","coordinates":[19.915203,50.052891]},"properties":{"line":"1","mode":"tram","color":"#d6212b","colorDark":"#7c1116","band":2,"off":[-6.8,1.1]}},{"type":"Feature","geometry":{"type":"Point","coordinates":[19.915203,50.052891]},"properties":{"line":"13","mode":"tram","color":"#d6212b","colorDark":"#7c1116","band":2,"off":[-3.4,1.1]}},{"type":"Feature","geometry":{"type":"Point","coordinates":[19.915203,50.052891]},"properties":{"line":"209","mode":"bus","color":"#0059a9","colorDark":"#00294f","band":2,"off":[0,1.1]}},{"type":"Feature","geometry":{"type":"Point","coordinates":[19.915203,50.052891]},"properties":{"line":"229","mode":"bus","color":"#0059a9","colorDark":"#00294f","band":2,"off":[3.4,1.1]}},{"type":"Feature","geometry":{"type":"Point","coordinates":[19.915203,50.052891]},"properties":{"line":"239","mode":"bus","color":"#0059a9","colorDark":"#00294f","band":2,"off":[6.8,1.1]}},{"type":"Feature","geometry":{"type":"Point","coordinates":[19.915203,50.052891]},"properties":{"line":"249","mode":"bus","color":"#0059a9","colorDark":"#00294f","band":2,"off":[-6.8,3.1]}},{"type":"Feature","geometry":{"type":"Point","coordinates":[19.915203,50.052891]},"properties":{"line":"259","mode":"bus","color":"#0059a9","colorDark":"#00294f","band":2,"off":[-3.4,3.1]}},{"type":"Feature","geometry":{"type":"Point","coordinates":[19.915203,50.052891]},"properties":{"line":"269","mode":"bus","color":"#0059a9","colorDark":"#00294f","band":2,"off":[0,3.1]}},{"type":"Feature","geometry":{"type":"Point","coordinates":[19.915203,50.052891]},"properties":{"line":"279","mode":"bus","color":"#0059a9","colorDark":"#00294f","band":2,"off":[3.4,3.1]}},{"type":"Feature","geometry":{"type":"Point","coordinates":[19.915203,50.052891]},"properties":{"line":"310","mode":"bus","color":"#0059a9","colorDark":"#00294f","band":2,"off":[6.8,3.1]}},{"type":"Feature","geometry":{"type":"Point","coordinates":[19.707347,50.068849]},"properties":{"name":"Mników Skały","band":2,"modes":"bus","arr":["209"],"off":[0,-0.8]}},{"type":"Feature","geometry":{"type":"Point","coordinates":[19.707347,50.068849]},"properties":{"line":"209","mode":"bus","color":"#0059a9","colorDark":"#00294f","band":2,"off":[0,1.1]}},{"type":"Feature","geometry":{"type":"Point","coordinates":[19.800214,50.071704]},"properties":{"name":"Kraków Airport","band":2,"modes":"bus","arr":["300","902"],"off":[0,-0.8]}},{"type":"Feature","geometry":{"type":"Point","coordinates":[19.800214,50.071704]},"properties":{"line":"300","mode":"bus","color":"#0059a9","colorDark":"#00294f","band":2,"off":[-1.7,1.1]}},{"type":"Feature","geometry":{"type":"Point","coordinates":[19.800214,50.071704]},"properties":{"line":"902","mode":"bus","color":"#0059a9","colorDark":"#00294f","band":2,"off":[1.7,1.1]}},{"type":"Feature","geometry":{"type":"Point","coordinates":[19.840839,50.114288]},"properties":{"name":"Modlniczka Centrum Logistyczne","band":2,"modes":"bus","arr":["210"],"off":[0,-0.8]}},{"type":"Feature","geometry":{"type":"Point","coordinates":[19.840839,50.114288]},"properties":{"line":"210","mode":"bus","color":"#0059a9","colorDark":"#00294f","band":2,"off":[0,1.1]}},{"type":"Feature","geometry":{"type":"Point","coordinates":[20.352599,50.080184]},"properties":{"name":"Chobot Leśniczówka","band":2,"modes":"bus","arr":["211"],"off":[0,-0.8]}},{"type":"Feature","geometry":{"type":"Point","coordinates":[20.352599,50.080184]},"properties":{"line":"211","mode":"bus","color":"#0059a9","colorDark":"#00294f","band":2,"off":[0,1.1]}},{"type":"Feature","geometry":{"type":"Point","coordinates":[20.187997,50.126996]},"properties":{"name":"Czulice Kościół","band":2,"modes":"bus","arr":["212","271"],"off":[0,-0.8]}},{"type":"Feature","geometry":{"type":"Point","coordinates":[20.187997,50.126996]},"properties":{"line":"212","mode":"bus","color":"#0059a9","colorDark":"#00294f","band":2,"off":[-1.7,1.1]}},{"type":"Feature","geometry":{"type":"Point","coordinates":[20.187997,50.126996]},"properties":{"line":"271","mode":"bus","color":"#0059a9","colorDark":"#00294f","band":2,"off":[1.7,1.1]}},{"type":"Feature","geometry":{"type":"Point","coordinates":[19.997665,49.958498]},"properties":{"name":"Podstolice Centrum","band":2,"modes":"bus","arr":["214","P2"],"off":[0,-0.8]}},{"type":"Feature","geometry":{"type":"Point","coordinates":[19.997665,49.958498]},"properties":{"line":"214","mode":"bus","color":"#0059a9","colorDark":"#00294f","band":2,"off":[-1.7,1.1]}},{"type":"Feature","geometry":{"type":"Point","coordinates":[19.997665,49.958498]},"properties":{"line":"P2","mode":"bus","color":"#0059a9","colorDark":"#00294f","band":2,"off":[1.7,1.1]}},{"type":"Feature","geometry":{"type":"Point","coordinates":[19.999359,49.934868]},"properties":{"name":"Rzeszotary Panciawa Pętla","band":2,"modes":"bus","arr":["215"],"off":[0,-0.8]}},{"type":"Feature","geometry":{"type":"Point","coordinates":[19.999359,49.934868]},"properties":{"line":"215","mode":"bus","color":"#0059a9","colorDark":"#00294f","band":2,"off":[0,1.1]}},{"type":"Feature","geometry":{"type":"Point","coordinates":[19.946655,49.934314]},"properties":{"name":"Świątniki Górne Urząd Miasta i Gminy","band":2,"modes":"bus","arr":["225","915"],"off":[0,-0.8]}},{"type":"Feature","geometry":{"type":"Point","coordinates":[19.946655,49.934314]},"properties":{"line":"225","mode":"bus","color":"#0059a9","colorDark":"#00294f","band":2,"off":[-1.7,1.1]}},{"type":"Feature","geometry":{"type":"Point","coordinates":[19.946655,49.934314]},"properties":{"line":"915","mode":"bus","color":"#0059a9","colorDark":"#00294f","band":2,"off":[1.7,1.1]}},{"type":"Feature","geometry":{"type":"Point","coordinates":[19.974792,50.128748]},"properties":{"name":"Węgrzce Pętla","band":2,"modes":"bus","arr":["217"],"off":[0,-0.8]}},{"type":"Feature","geometry":{"type":"Point","coordinates":[19.974792,50.128748]},"properties":{"line":"217","mode":"bus","color":"#0059a9","colorDark":"#00294f","band":2,"off":[0,1.1]}},{"type":"Feature","geometry":{"type":"Point","coordinates":[19.801261,50.11952]},"properties":{"name":"Zabierzów Młyn","band":2,"modes":"bus","arr":["218","288"],"off":[0,-0.8]}},{"type":"Feature","geometry":{"type":"Point","coordinates":[19.801261,50.11952]},"properties":{"line":"218","mode":"bus","color":"#0059a9","colorDark":"#00294f","band":2,"off":[-1.7,1.1]}},{"type":"Feature","geometry":{"type":"Point","coordinates":[19.801261,50.11952]},"properties":{"line":"288","mode":"bus","color":"#0059a9","colorDark":"#00294f","band":2,"off":[1.7,1.1]}},{"type":"Feature","geometry":{"type":"Point","coordinates":[19.77852,49.98714]},"properties":{"name":"Jeziorzany Pętla","band":2,"modes":"bus","arr":["219"],"off":[0,-0.8]}},{"type":"Feature","geometry":{"type":"Point","coordinates":[19.77852,49.98714]},"properties":{"line":"219","mode":"bus","color":"#0059a9","colorDark":"#00294f","band":2,"off":[0,1.1]}},{"type":"Feature","geometry":{"type":"Point","coordinates":[19.871023,50.151602]},"properties":{"name":"Giebułtów Morgi","band":2,"modes":"bus","arr":["220"],"off":[0,-0.8]}},{"type":"Feature","geometry":{"type":"Point","coordinates":[19.871023,50.151602]},"properties":{"line":"220","mode":"bus","color":"#0059a9","colorDark":"#00294f","band":2,"off":[0,1.1]}},{"type":"Feature","geometry":{"type":"Point","coordinates":[20.216383,50.037957]},"properties":{"name":"Niepołomice Dworzec","band":2,"modes":"bus","arr":["221","301"],"off":[0,-0.8]}},{"type":"Feature","geometry":{"type":"Point","coordinates":[20.216383,50.037957]},"properties":{"line":"221","mode":"bus","color":"#0059a9","colorDark":"#00294f","band":2,"off":[-1.7,1.1]}},{"type":"Feature","geometry":{"type":"Point","coordinates":[20.216383,50.037957]},"properties":{"line":"301","mode":"bus","color":"#0059a9","colorDark":"#00294f","band":2,"off":[1.7,1.1]}},{"type":"Feature","geometry":{"type":"Point","coordinates":[20.084501,50.245301]},"properties":{"name":"Słomniki Osiedle","band":2,"modes":"bus","arr":["222"],"off":[0,-0.8]}},{"type":"Feature","geometry":{"type":"Point","coordinates":[20.084501,50.245301]},"properties":{"line":"222","mode":"bus","color":"#0059a9","colorDark":"#00294f","band":2,"off":[0,1.1]}},{"type":"Feature","geometry":{"type":"Point","coordinates":[19.628237,49.967187]},"properties":{"name":"Brzeźnica Dworzec","band":2,"modes":"bus","arr":["223"],"off":[0,-0.8]}},{"type":"Feature","geometry":{"type":"Point","coordinates":[19.628237,49.967187]},"properties":{"line":"223","mode":"bus","color":"#0059a9","colorDark":"#00294f","band":2,"off":[0,1.1]}},{"type":"Feature","geometry":{"type":"Point","coordinates":[19.937095,50.012393]},"properties":{"name":"Centrum JP II","band":2,"modes":"bus","arr":["224"],"off":[0,-0.8]}},{"type":"Feature","geometry":{"type":"Point","coordinates":[19.937095,50.012393]},"properties":{"line":"224","mode":"bus","color":"#0059a9","colorDark":"#00294f","band":2,"off":[0,1.1]}},{"type":"Feature","geometry":{"type":"Point","coordinates":[19.931582,50.150454]},"properties":{"name":"Wola Zachariaszowska Szkoła","band":2,"modes":"bus","arr":["280"],"off":[0,-0.8]}},{"type":"Feature","geometry":{"type":"Point","coordinates":[19.931582,50.150454]},"properties":{"line":"280","mode":"bus","color":"#0059a9","colorDark":"#00294f","band":2,"off":[0,1.1]}},{"type":"Feature","geometry":{"type":"Point","coordinates":[19.936106,50.162468]},"properties":{"name":"Górna Wieś Pętla","band":2,"modes":"bus","arr":["227","917"],"off":[0,-0.8]}},{"type":"Feature","geometry":{"type":"Point","coordinates":[19.936106,50.162468]},"properties":{"line":"227","mode":"bus","color":"#0059a9","colorDark":"#00294f","band":2,"off":[-1.7,1.1]}},{"type":"Feature","geometry":{"type":"Point","coordinates":[19.936106,50.162468]},"properties":{"line":"917","mode":"bus","color":"#0059a9","colorDark":"#00294f","band":2,"off":[1.7,1.1]}},{"type":"Feature","geometry":{"type":"Point","coordinates":[19.709536,50.082165]},"properties":{"name":"Chrosna Pętla","band":2,"modes":"bus","arr":["228"],"off":[0,-0.8]}},{"type":"Feature","geometry":{"type":"Point","coordinates":[19.709536,50.082165]},"properties":{"line":"228","mode":"bus","color":"#0059a9","colorDark":"#00294f","band":2,"off":[0,1.1]}},{"type":"Feature","geometry":{"type":"Point","coordinates":[19.586718,50.014955]},"properties":{"name":"Kamień Szkoła","band":2,"modes":"bus","arr":["229"],"off":[0,-0.8]}},{"type":"Feature","geometry":{"type":"Point","coordinates":[19.586718,50.014955]},"properties":{"line":"229","mode":"bus","color":"#0059a9","colorDark":"#00294f","band":2,"off":[0,1.1]}},{"type":"Feature","geometry":{"type":"Point","coordinates":[19.676513,49.98718]},"properties":{"name":"Czernichów Rynek","band":2,"modes":"bus","arr":["249","259"],"off":[0,-0.8]}},{"type":"Feature","geometry":{"type":"Point","coordinates":[19.676513,49.98718]},"properties":{"line":"249","mode":"bus","color":"#0059a9","colorDark":"#00294f","band":2,"off":[-1.7,1.1]}},{"type":"Feature","geometry":{"type":"Point","coordinates":[19.676513,49.98718]},"properties":{"line":"259","mode":"bus","color":"#0059a9","colorDark":"#00294f","band":2,"off":[1.7,1.1]}},{"type":"Feature","geometry":{"type":"Point","coordinates":[19.820314,50.135825]},"properties":{"name":"Ujazd Pętla","band":2,"modes":"bus","arr":["230"],"off":[0,-0.8]}},{"type":"Feature","geometry":{"type":"Point","coordinates":[19.820314,50.135825]},"properties":{"line":"230","mode":"bus","color":"#0059a9","colorDark":"#00294f","band":2,"off":[0,1.1]}},{"type":"Feature","geometry":{"type":"Point","coordinates":[20.109786,50.17753]},"properties":{"name":"Wilków Pętla","band":2,"modes":"bus","arr":["232"],"off":[0,-0.8]}},{"type":"Feature","geometry":{"type":"Point","coordinates":[20.109786,50.17753]},"properties":{"line":"232","mode":"bus","color":"#0059a9","colorDark":"#00294f","band":2,"off":[0,1.1]}},{"type":"Feature","geometry":{"type":"Point","coordinates":[19.821549,49.976504]},"properties":{"name":"Skawina SCK","band":2,"modes":"bus","arr":["233","273","295"],"off":[0,-0.8]}},{"type":"Feature","geometry":{"type":"Point","coordinates":[19.821549,49.976504]},"properties":{"line":"233","mode":"bus","color":"#0059a9","colorDark":"#00294f","band":2,"off":[-3.4,1.1]}},{"type":"Feature","geometry":{"type":"Point","coordinates":[19.821549,49.976504]},"properties":{"line":"273","mode":"bus","color":"#0059a9","colorDark":"#00294f","band":2,"off":[0,1.1]}},{"type":"Feature","geometry":{"type":"Point","coordinates":[19.821549,49.976504]},"properties":{"line":"295","mode":"bus","color":"#0059a9","colorDark":"#00294f","band":2,"off":[3.4,1.1]}},{"type":"Feature","geometry":{"type":"Point","coordinates":[20.115272,50.014811]},"properties":{"name":"Węgrzce Wielkie Pętla","band":2,"modes":"bus","arr":["234","W2","Z1"],"off":[0,-0.8]}},{"type":"Feature","geometry":{"type":"Point","coordinates":[20.115272,50.014811]},"properties":{"line":"234","mode":"bus","color":"#0059a9","colorDark":"#00294f","band":2,"off":[-3.4,1.1]}},{"type":"Feature","geometry":{"type":"Point","coordinates":[20.115272,50.014811]},"properties":{"line":"W2","mode":"bus","color":"#0059a9","colorDark":"#00294f","band":2,"off":[0,1.1]}},{"type":"Feature","geometry":{"type":"Point","coordinates":[20.115272,50.014811]},"properties":{"line":"Z1","mode":"bus","color":"#0059a9","colorDark":"#00294f","band":2,"off":[3.4,1.1]}},{"type":"Feature","geometry":{"type":"Point","coordinates":[19.750439,49.977803]},"properties":{"name":"Ochodza Odwiśle","band":2,"modes":"bus","arr":["235"],"off":[0,-0.8]}},{"type":"Feature","geometry":{"type":"Point","coordinates":[19.750439,49.977803]},"properties":{"line":"235","mode":"bus","color":"#0059a9","colorDark":"#00294f","band":2,"off":[0,1.1]}},{"type":"Feature","geometry":{"type":"Point","coordinates":[19.692375,50.111969]},"properties":{"name":"Młynka Pętla","band":2,"modes":"bus","arr":["238"],"off":[0,-0.8]}},{"type":"Feature","geometry":{"type":"Point","coordinates":[19.692375,50.111969]},"properties":{"line":"238","mode":"bus","color":"#0059a9","colorDark":"#00294f","band":2,"off":[0,1.1]}},{"type":"Feature","geometry":{"type":"Point","coordinates":[19.71184,50.122253]},"properties":{"name":"Rudawa Rynek","band":2,"modes":"bus","arr":["918"],"off":[0,-0.8]}},{"type":"Feature","geometry":{"type":"Point","coordinates":[19.71184,50.122253]},"properties":{"line":"918","mode":"bus","color":"#0059a9","colorDark":"#00294f","band":2,"off":[0,1.1]}},{"type":"Feature","geometry":{"type":"Point","coordinates":[19.727928,49.986356]},"properties":{"name":"Wołowice Kapliczka","band":2,"modes":"bus","arr":["239"],"off":[0,-0.8]}},{"type":"Feature","geometry":{"type":"Point","coordinates":[19.727928,49.986356]},"properties":{"line":"239","mode":"bus","color":"#0059a9","colorDark":"#00294f","band":2,"off":[0,1.1]}},{"type":"Feature","geometry":{"type":"Point","coordinates":[19.897778,50.128192]},"properties":{"name":"Pękowice Ojcowska","band":2,"modes":"bus","arr":["240","290"],"off":[0,-0.8]}},{"type":"Feature","geometry":{"type":"Point","coordinates":[19.897778,50.128192]},"properties":{"line":"240","mode":"bus","color":"#0059a9","colorDark":"#00294f","band":2,"off":[-1.7,1.1]}},{"type":"Feature","geometry":{"type":"Point","coordinates":[19.897778,50.128192]},"properties":{"line":"290","mode":"bus","color":"#0059a9","colorDark":"#00294f","band":2,"off":[1.7,1.1]}},{"type":"Feature","geometry":{"type":"Point","coordinates":[20.13828,50.115926]},"properties":{"name":"Krzysztoforzyce Pętla","band":2,"modes":"bus","arr":["242"],"off":[0,-0.8]}},{"type":"Feature","geometry":{"type":"Point","coordinates":[20.13828,50.115926]},"properties":{"line":"242","mode":"bus","color":"#0059a9","colorDark":"#00294f","band":2,"off":[0,1.1]}},{"type":"Feature","geometry":{"type":"Point","coordinates":[19.87085,49.944031]},"properties":{"name":"Mogilany Pętla","band":2,"modes":"bus","arr":["255"],"off":[0,-0.8]}},{"type":"Feature","geometry":{"type":"Point","coordinates":[19.87085,49.944031]},"properties":{"line":"255","mode":"bus","color":"#0059a9","colorDark":"#00294f","band":2,"off":[0,1.1]}},{"type":"Feature","geometry":{"type":"Point","coordinates":[19.939792,50.123608]},"properties":{"name":"Zielonki Marszowiec Pętla","band":2,"modes":"bus","arr":["247","317"],"off":[0,-0.8]}},{"type":"Feature","geometry":{"type":"Point","coordinates":[19.939792,50.123608]},"properties":{"line":"247","mode":"bus","color":"#0059a9","colorDark":"#00294f","band":2,"off":[-1.7,1.1]}},{"type":"Feature","geometry":{"type":"Point","coordinates":[19.939792,50.123608]},"properties":{"line":"317","mode":"bus","color":"#0059a9","colorDark":"#00294f","band":2,"off":[1.7,1.1]}},{"type":"Feature","geometry":{"type":"Point","coordinates":[19.811559,50.161429]},"properties":{"name":"Zelków Pętla","band":2,"modes":"bus","arr":["248","948"],"off":[0,-0.8]}},{"type":"Feature","geometry":{"type":"Point","coordinates":[19.811559,50.161429]},"properties":{"line":"248","mode":"bus","color":"#0059a9","colorDark":"#00294f","band":2,"off":[-1.7,1.1]}},{"type":"Feature","geometry":{"type":"Point","coordinates":[19.811559,50.161429]},"properties":{"line":"948","mode":"bus","color":"#0059a9","colorDark":"#00294f","band":2,"off":[1.7,1.1]}},{"type":"Feature","geometry":{"type":"Point","coordinates":[20.050642,50.121267]},"properties":{"name":"Zastów Pętla","band":2,"modes":"bus","arr":["250"],"off":[0,-0.8]}},{"type":"Feature","geometry":{"type":"Point","coordinates":[20.050642,50.121267]},"properties":{"line":"250","mode":"bus","color":"#0059a9","colorDark":"#00294f","band":2,"off":[0,1.1]}},{"type":"Feature","geometry":{"type":"Point","coordinates":[19.768405,49.902494]},"properties":{"name":"Wola Radziszowska Pętla","band":2,"modes":"bus","arr":["253"],"off":[0,-0.8]}},{"type":"Feature","geometry":{"type":"Point","coordinates":[19.768405,49.902494]},"properties":{"line":"253","mode":"bus","color":"#0059a9","colorDark":"#00294f","band":2,"off":[0,1.1]}},{"type":"Feature","geometry":{"type":"Point","coordinates":[19.967323,49.973872]},"properties":{"name":"Golkowice Pętla","band":2,"modes":"bus","arr":["254","G3"],"off":[0,-0.8]}},{"type":"Feature","geometry":{"type":"Point","coordinates":[19.967323,49.973872]},"properties":{"line":"254","mode":"bus","color":"#0059a9","colorDark":"#00294f","band":2,"off":[-1.7,1.1]}},{"type":"Feature","geometry":{"type":"Point","coordinates":[19.967323,49.973872]},"properties":{"line":"G3","mode":"bus","color":"#0059a9","colorDark":"#00294f","band":2,"off":[1.7,1.1]}},{"type":"Feature","geometry":{"type":"Point","coordinates":[19.932575,50.180688]},"properties":{"name":"Narama Remiza","band":2,"modes":"bus","arr":["257"],"off":[0,-0.8]}},{"type":"Feature","geometry":{"type":"Point","coordinates":[19.932575,50.180688]},"properties":{"line":"257","mode":"bus","color":"#0059a9","colorDark":"#00294f","band":2,"off":[0,1.1]}},{"type":"Feature","geometry":{"type":"Point","coordinates":[19.709609,50.106673]},"properties":{"name":"Nielepice Pętla","band":2,"modes":"bus","arr":["258","298"],"off":[0,-0.8]}},{"type":"Feature","geometry":{"type":"Point","coordinates":[19.709609,50.106673]},"properties":{"line":"258","mode":"bus","color":"#0059a9","colorDark":"#00294f","band":2,"off":[-1.7,1.1]}},{"type":"Feature","geometry":{"type":"Point","coordinates":[19.709609,50.106673]},"properties":{"line":"298","mode":"bus","color":"#0059a9","colorDark":"#00294f","band":2,"off":[1.7,1.1]}},{"type":"Feature","geometry":{"type":"Point","coordinates":[19.739154,49.999296]},"properties":{"name":"Dąbrowa Szlachecka Krzemiennik","band":2,"modes":"bus","arr":["279"],"off":[0,-0.8]}},{"type":"Feature","geometry":{"type":"Point","coordinates":[19.739154,49.999296]},"properties":{"line":"279","mode":"bus","color":"#0059a9","colorDark":"#00294f","band":2,"off":[0,1.1]}},{"type":"Feature","geometry":{"type":"Point","coordinates":[20.051438,50.14425]},"properties":{"name":"Pielgrzymowice Pętla","band":2,"modes":"bus","arr":["260","270"],"off":[0,-0.8]}},{"type":"Feature","geometry":{"type":"Point","coordinates":[20.051438,50.14425]},"properties":{"line":"260","mode":"bus","color":"#0059a9","colorDark":"#00294f","band":2,"off":[-1.7,1.1]}},{"type":"Feature","geometry":{"type":"Point","coordinates":[20.051438,50.14425]},"properties":{"line":"270","mode":"bus","color":"#0059a9","colorDark":"#00294f","band":2,"off":[1.7,1.1]}},{"type":"Feature","geometry":{"type":"Point","coordinates":[20.15545,50.166445]},"properties":{"name":"Rawałowice Kapliczka","band":2,"modes":"bus","arr":["262"],"off":[0,-0.8]}},{"type":"Feature","geometry":{"type":"Point","coordinates":[20.15545,50.166445]},"properties":{"line":"262","mode":"bus","color":"#0059a9","colorDark":"#00294f","band":2,"off":[0,1.1]}},{"type":"Feature","geometry":{"type":"Point","coordinates":[20.139398,50.040548]},"properties":{"name":"Grabie Kościół","band":2,"modes":"bus","arr":["264"],"off":[0,-0.8]}},{"type":"Feature","geometry":{"type":"Point","coordinates":[20.139398,50.040548]},"properties":{"line":"264","mode":"bus","color":"#0059a9","colorDark":"#00294f","band":2,"off":[0,1.1]}},{"type":"Feature","geometry":{"type":"Point","coordinates":[19.921219,49.944223]},"properties":{"name":"Konary Pętla","band":2,"modes":"bus","arr":["265"],"off":[0,-0.8]}},{"type":"Feature","geometry":{"type":"Point","coordinates":[19.921219,49.944223]},"properties":{"line":"265","mode":"bus","color":"#0059a9","colorDark":"#00294f","band":2,"off":[0,1.1]}},{"type":"Feature","geometry":{"type":"Point","coordinates":[19.85384,50.230306]},"properties":{"name":"Skała Rynek","band":2,"modes":"bus","arr":["267"],"off":[0,-0.8]}},{"type":"Feature","geometry":{"type":"Point","coordinates":[19.85384,50.230306]},"properties":{"line":"267","mode":"bus","color":"#0059a9","colorDark":"#00294f","band":2,"off":[0,1.1]}},{"type":"Feature","geometry":{"type":"Point","coordinates":[19.773918,50.152471]},"properties":{"name":"Karniowice Pętla","band":2,"modes":"bus","arr":["268"],"off":[0,-0.8]}},{"type":"Feature","geometry":{"type":"Point","coordinates":[19.773918,50.152471]},"properties":{"line":"268","mode":"bus","color":"#0059a9","colorDark":"#00294f","band":2,"off":[0,1.1]}},{"type":"Feature","geometry":{"type":"Point","coordinates":[19.679937,50.042324]},"properties":{"name":"Czułówek Kapliczka","band":2,"modes":"bus","arr":["269"],"off":[0,-0.8]}},{"type":"Feature","geometry":{"type":"Point","coordinates":[19.679937,50.042324]},"properties":{"line":"269","mode":"bus","color":"#0059a9","colorDark":"#00294f","band":2,"off":[0,1.1]}},{"type":"Feature","geometry":{"type":"Point","coordinates":[19.768024,49.932971]},"properties":{"name":"Polanka Hallera Centrum","band":2,"modes":"bus","arr":["273"],"off":[0,-0.8]}},{"type":"Feature","geometry":{"type":"Point","coordinates":[19.768024,49.932971]},"properties":{"line":"273","mode":"bus","color":"#0059a9","colorDark":"#00294f","band":2,"off":[0,1.1]}},{"type":"Feature","geometry":{"type":"Point","coordinates":[20.147059,49.957324]},"properties":{"name":"Trąbki P+R","band":2,"modes":"bus","arr":["274"],"off":[0,-0.8]}},{"type":"Feature","geometry":{"type":"Point","coordinates":[20.147059,49.957324]},"properties":{"line":"274","mode":"bus","color":"#0059a9","colorDark":"#00294f","band":2,"off":[0,1.1]}},{"type":"Feature","geometry":{"type":"Point","coordinates":[19.902952,49.913617]},"properties":{"name":"Włosań Centrum","band":2,"modes":"bus","arr":["275"],"off":[0,-0.8]}},{"type":"Feature","geometry":{"type":"Point","coordinates":[19.902952,49.913617]},"properties":{"line":"275","mode":"bus","color":"#0059a9","colorDark":"#00294f","band":2,"off":[0,1.1]}},{"type":"Feature","geometry":{"type":"Point","coordinates":[19.979629,50.220568]},"properties":{"name":"Iwanowice Dworskie Pętla","band":2,"modes":"bus","arr":["277"],"off":[0,-0.8]}},{"type":"Feature","geometry":{"type":"Point","coordinates":[19.979629,50.220568]},"properties":{"line":"277","mode":"bus","color":"#0059a9","colorDark":"#00294f","band":2,"off":[0,1.1]}},{"type":"Feature","geometry":{"type":"Point","coordinates":[19.709393,50.148281]},"properties":{"name":"Radwanowice Pętla","band":2,"modes":"bus","arr":["278"],"off":[0,-0.8]}},{"type":"Feature","geometry":{"type":"Point","coordinates":[19.709393,50.148281]},"properties":{"line":"278","mode":"bus","color":"#0059a9","colorDark":"#00294f","band":2,"off":[0,1.1]}},{"type":"Feature","geometry":{"type":"Point","coordinates":[20.057021,49.985142]},"properties":{"name":"Wieliczka Centrum Dw.","band":2,"modes":"bus","arr":["284","B2","D2","G3","G4","J1","L1","P2","R2","W2","Z1"],"off":[0,-0.8]}},{"type":"Feature","geometry":{"type":"Point","coordinates":[20.057021,49.985142]},"properties":{"name":"Wieliczka Centrum","band":2,"modes":"bus","arr":["284","B2","D2","G3","G4","J1","L1","P2","R2","W2","Z1"],"off":[0,-3]}},{"type":"Feature","geometry":{"type":"Point","coordinates":[20.057021,49.985142]},"properties":{"line":"284","mode":"bus","color":"#0059a9","colorDark":"#00294f","band":2,"off":[-6.8,1.1]}},{"type":"Feature","geometry":{"type":"Point","coordinates":[20.057021,49.985142]},"properties":{"line":"B2","mode":"bus","color":"#0059a9","colorDark":"#00294f","band":2,"off":[-3.4,1.1]}},{"type":"Feature","geometry":{"type":"Point","coordinates":[20.057021,49.985142]},"properties":{"line":"D2","mode":"bus","color":"#0059a9","colorDark":"#00294f","band":2,"off":[0,1.1]}},{"type":"Feature","geometry":{"type":"Point","coordinates":[20.057021,49.985142]},"properties":{"line":"G3","mode":"bus","color":"#0059a9","colorDark":"#00294f","band":2,"off":[3.4,1.1]}},{"type":"Feature","geometry":{"type":"Point","coordinates":[20.057021,49.985142]},"properties":{"line":"G4","mode":"bus","color":"#0059a9","colorDark":"#00294f","band":2,"off":[6.8,1.1]}},{"type":"Feature","geometry":{"type":"Point","coordinates":[20.057021,49.985142]},"properties":{"line":"J1","mode":"bus","color":"#0059a9","colorDark":"#00294f","band":2,"off":[-6.8,3.1]}},{"type":"Feature","geometry":{"type":"Point","coordinates":[20.057021,49.985142]},"properties":{"line":"L1","mode":"bus","color":"#0059a9","colorDark":"#00294f","band":2,"off":[-3.4,3.1]}},{"type":"Feature","geometry":{"type":"Point","coordinates":[20.057021,49.985142]},"properties":{"line":"P2","mode":"bus","color":"#0059a9","colorDark":"#00294f","band":2,"off":[0,3.1]}},{"type":"Feature","geometry":{"type":"Point","coordinates":[20.057021,49.985142]},"properties":{"line":"R2","mode":"bus","color":"#0059a9","colorDark":"#00294f","band":2,"off":[3.4,3.1]}},{"type":"Feature","geometry":{"type":"Point","coordinates":[20.057021,49.985142]},"properties":{"line":"W2","mode":"bus","color":"#0059a9","colorDark":"#00294f","band":2,"off":[6.8,3.1]}},{"type":"Feature","geometry":{"type":"Point","coordinates":[20.057021,49.985142]},"properties":{"line":"Z1","mode":"bus","color":"#0059a9","colorDark":"#00294f","band":2,"off":[0,5.1]}},{"type":"Feature","geometry":{"type":"Point","coordinates":[19.973933,49.954177]},"properties":{"name":"Ochojno Remiza","band":2,"modes":"bus","arr":["285"],"off":[0,-0.8]}},{"type":"Feature","geometry":{"type":"Point","coordinates":[19.973933,49.954177]},"properties":{"line":"285","mode":"bus","color":"#0059a9","colorDark":"#00294f","band":2,"off":[0,1.1]}},{"type":"Feature","geometry":{"type":"Point","coordinates":[19.735684,49.926523]},"properties":{"name":"Grabie Pętla","band":2,"modes":"bus","arr":["295"],"off":[0,-0.8]}},{"type":"Feature","geometry":{"type":"Point","coordinates":[19.735684,49.926523]},"properties":{"line":"295","mode":"bus","color":"#0059a9","colorDark":"#00294f","band":2,"off":[0,1.1]}},{"type":"Feature","geometry":{"type":"Point","coordinates":[19.98316,50.128605]},"properties":{"name":"Boleń Pętla","band":2,"modes":"bus","arr":["297"],"off":[0,-0.8]}},{"type":"Feature","geometry":{"type":"Point","coordinates":[19.98316,50.128605]},"properties":{"line":"297","mode":"bus","color":"#0059a9","colorDark":"#00294f","band":2,"off":[0,1.1]}},{"type":"Feature","geometry":{"type":"Point","coordinates":[19.978463,50.158847]},"properties":{"name":"Michałowice P+R","band":2,"modes":"bus","arr":["307"],"off":[0,-0.8]}},{"type":"Feature","geometry":{"type":"Point","coordinates":[19.978463,50.158847]},"properties":{"line":"307","mode":"bus","color":"#0059a9","colorDark":"#00294f","band":2,"off":[0,1.1]}},{"type":"Feature","geometry":{"type":"Point","coordinates":[19.747297,50.158629]},"properties":{"name":"Będkowice Pętla","band":2,"modes":"bus","arr":["310","910"],"off":[0,-0.8]}},{"type":"Feature","geometry":{"type":"Point","coordinates":[19.747297,50.158629]},"properties":{"line":"310","mode":"bus","color":"#0059a9","colorDark":"#00294f","band":2,"off":[-1.7,1.1]}},{"type":"Feature","geometry":{"type":"Point","coordinates":[19.747297,50.158629]},"properties":{"line":"910","mode":"bus","color":"#0059a9","colorDark":"#00294f","band":2,"off":[1.7,1.1]}},{"type":"Feature","geometry":{"type":"Point","coordinates":[19.913274,50.174296]},"properties":{"name":"Owczary Pętla","band":2,"modes":"bus","arr":["337","937"],"off":[0,-0.8]}},{"type":"Feature","geometry":{"type":"Point","coordinates":[19.913274,50.174296]},"properties":{"line":"337","mode":"bus","color":"#0059a9","colorDark":"#00294f","band":2,"off":[-1.7,1.1]}},{"type":"Feature","geometry":{"type":"Point","coordinates":[19.913274,50.174296]},"properties":{"line":"937","mode":"bus","color":"#0059a9","colorDark":"#00294f","band":2,"off":[1.7,1.1]}},{"type":"Feature","geometry":{"type":"Point","coordinates":[19.885921,50.10939]},"properties":{"name":"Tonie","band":2,"modes":"bus","arr":["420"],"off":[0,-0.8]}},{"type":"Feature","geometry":{"type":"Point","coordinates":[19.885921,50.10939]},"properties":{"line":"420","mode":"bus","color":"#0059a9","colorDark":"#00294f","band":2,"off":[0,1.1]}},{"type":"Feature","geometry":{"type":"Point","coordinates":[19.984158,50.077039]},"properties":{"name":"Ugorek","band":2,"modes":"bus","arr":["424"],"off":[0,-0.8]}},{"type":"Feature","geometry":{"type":"Point","coordinates":[19.984158,50.077039]},"properties":{"line":"424","mode":"bus","color":"#0059a9","colorDark":"#00294f","band":2,"off":[0,1.1]}},{"type":"Feature","geometry":{"type":"Point","coordinates":[19.936235,50.030094]},"properties":{"name":"Łagiewniki","band":2,"modes":"bus","arr":["433","915"],"off":[0,-0.8]}},{"type":"Feature","geometry":{"type":"Point","coordinates":[19.936235,50.030094]},"properties":{"line":"433","mode":"bus","color":"#0059a9","colorDark":"#00294f","band":2,"off":[-1.7,1.1]}},{"type":"Feature","geometry":{"type":"Point","coordinates":[19.936235,50.030094]},"properties":{"line":"915","mode":"bus","color":"#0059a9","colorDark":"#00294f","band":2,"off":[1.7,1.1]}},{"type":"Feature","geometry":{"type":"Point","coordinates":[19.924051,50.100539]},"properties":{"name":"Prądnik Biały Zachód","band":2,"modes":"bus","arr":["513"],"off":[0,-0.8]}},{"type":"Feature","geometry":{"type":"Point","coordinates":[19.924051,50.100539]},"properties":{"line":"513","mode":"bus","color":"#0059a9","colorDark":"#00294f","band":2,"off":[0,1.1]}},{"type":"Feature","geometry":{"type":"Point","coordinates":[19.932254,50.058355]},"properties":{"name":"Filharmonia","band":2,"modes":"bus","arr":["706"],"off":[0,-0.8]}},{"type":"Feature","geometry":{"type":"Point","coordinates":[19.932254,50.058355]},"properties":{"line":"706","mode":"bus","color":"#0059a9","colorDark":"#00294f","band":2,"off":[0,1.1]}},{"type":"Feature","geometry":{"type":"Point","coordinates":[20.094776,50.03133]},"properties":{"name":"Brzegi Pętla","band":2,"modes":"bus","arr":["B2","G4"],"off":[0,-0.8]}},{"type":"Feature","geometry":{"type":"Point","coordinates":[20.094776,50.03133]},"properties":{"line":"B2","mode":"bus","color":"#0059a9","colorDark":"#00294f","band":2,"off":[-1.7,1.1]}},{"type":"Feature","geometry":{"type":"Point","coordinates":[20.094776,50.03133]},"properties":{"line":"G4","mode":"bus","color":"#0059a9","colorDark":"#00294f","band":2,"off":[1.7,1.1]}},{"type":"Feature","geometry":{"type":"Point","coordinates":[20.116625,49.942639]},"properties":{"name":"Dobranowice Szkoła","band":2,"modes":"bus","arr":["D2"],"off":[0,-0.8]}},{"type":"Feature","geometry":{"type":"Point","coordinates":[20.116625,49.942639]},"properties":{"line":"D2","mode":"bus","color":"#0059a9","colorDark":"#00294f","band":2,"off":[0,1.1]}},{"type":"Feature","geometry":{"type":"Point","coordinates":[20.013111,49.95408]},"properties":{"name":"Janowice Szkoła","band":2,"modes":"bus","arr":["J1"],"off":[0,-0.8]}},{"type":"Feature","geometry":{"type":"Point","coordinates":[20.013111,49.95408]},"properties":{"line":"J1","mode":"bus","color":"#0059a9","colorDark":"#00294f","band":2,"off":[0,1.1]}},{"type":"Feature","geometry":{"type":"Point","coordinates":[20.086377,49.977513]},"properties":{"name":"Lednica Górna Zakręt","band":2,"modes":"bus","arr":["L1"],"off":[0,-0.8]}},{"type":"Feature","geometry":{"type":"Point","coordinates":[20.086377,49.977513]},"properties":{"line":"L1","mode":"bus","color":"#0059a9","colorDark":"#00294f","band":2,"off":[0,1.1]}},{"type":"Feature","geometry":{"type":"Point","coordinates":[20.062191,49.924355]},"properties":{"name":"Jankówka Skrzyżowanie","band":2,"modes":"bus","arr":["R2"],"off":[0,-0.8]}},{"type":"Feature","geometry":{"type":"Point","coordinates":[20.062191,49.924355]},"properties":{"line":"R2","mode":"bus","color":"#0059a9","colorDark":"#00294f","band":2,"off":[0,1.1]}},{"type":"Feature","geometry":{"type":"Point","coordinates":[20.064855,50.094596]},"properties":{"name":"Wzgórza Krzesławickie","band":2,"modes":"tram","arr":["1","5"],"off":[0,-0.8]}},{"type":"Feature","geometry":{"type":"Point","coordinates":[20.064855,50.094596]},"properties":{"line":"1","mode":"tram","color":"#d6212b","colorDark":"#7c1116","band":2,"off":[-1.7,1.1]}},{"type":"Feature","geometry":{"type":"Point","coordinates":[20.064855,50.094596]},"properties":{"line":"5","mode":"tram","color":"#d6212b","colorDark":"#7c1116","band":2,"off":[1.7,1.1]}},{"type":"Feature","geometry":{"type":"Point","coordinates":[19.940383,50.075925]},"properties":{"name":"Dworzec Towarowy","band":2,"modes":"tram","arr":["14","17"],"off":[0,-0.8]}},{"type":"Feature","geometry":{"type":"Point","coordinates":[19.940383,50.075925]},"properties":{"line":"14","mode":"tram","color":"#d6212b","colorDark":"#7c1116","band":2,"off":[-1.7,1.1]}},{"type":"Feature","geometry":{"type":"Point","coordinates":[19.940383,50.075925]},"properties":{"line":"17","mode":"tram","color":"#d6212b","colorDark":"#7c1116","band":2,"off":[1.7,1.1]}},{"type":"Feature","geometry":{"type":"Point","coordinates":[20.065491,50.084208]},"properties":{"name":"PH","band":2,"modes":"tram","arr":["3","50","69"],"off":[0,-0.8]}},{"type":"Feature","geometry":{"type":"Point","coordinates":[20.065491,50.084208]},"properties":{"line":"3","mode":"tram","color":"#d6212b","colorDark":"#7c1116","band":2,"off":[-3.4,1.1]}},{"type":"Feature","geometry":{"type":"Point","coordinates":[20.065491,50.084208]},"properties":{"line":"50","mode":"tram","color":"#d6212b","colorDark":"#7c1116","band":2,"off":[0,1.1]}},{"type":"Feature","geometry":{"type":"Point","coordinates":[20.065491,50.084208]},"properties":{"line":"69","mode":"tram","color":"#d6212b","colorDark":"#7c1116","band":2,"off":[3.4,1.1]}},{"type":"Feature","geometry":{"type":"Point","coordinates":[20.021371,50.090091]},"properties":{"name":"Rondo Hipokratesa","band":2,"modes":"tram","arr":["9"],"off":[0,-0.8]}},{"type":"Feature","geometry":{"type":"Point","coordinates":[20.021371,50.090091]},"properties":{"line":"9","mode":"tram","color":"#d6212b","colorDark":"#7c1116","band":2,"off":[0,1.1]}},{"type":"Feature","geometry":{"type":"Point","coordinates":[20.064912,50.067772]},"properties":{"name":"Bardosa","band":2,"modes":"tram","arr":["75"],"off":[0,-0.8]}},{"type":"Feature","geometry":{"type":"Point","coordinates":[20.064912,50.067772]},"properties":{"line":"75","mode":"tram","color":"#d6212b","colorDark":"#7c1116","band":2,"off":[0,1.1]}},{"type":"Feature","geometry":{"type":"Point","coordinates":[19.948094,50.014078]},"properties":{"name":"Kurdwanów P+R","band":2,"modes":"tram","arr":["10","24"],"off":[0,-0.8]}},{"type":"Feature","geometry":{"type":"Point","coordinates":[19.948094,50.014078]},"properties":{"line":"10","mode":"tram","color":"#d6212b","colorDark":"#7c1116","band":2,"off":[-1.7,1.1]}},{"type":"Feature","geometry":{"type":"Point","coordinates":[19.948094,50.014078]},"properties":{"line":"24","mode":"tram","color":"#d6212b","colorDark":"#7c1116","band":2,"off":[1.7,1.1]}},{"type":"Feature","geometry":{"type":"Point","coordinates":[20.000177,50.094441]},"properties":{"name":"Miśnieńska","band":2,"modes":"tram","arr":["14"],"off":[0,-0.8]}},{"type":"Feature","geometry":{"type":"Point","coordinates":[20.000177,50.094441]},"properties":{"line":"14","mode":"tram","color":"#d6212b","colorDark":"#7c1116","band":2,"off":[0,1.1]}},{"type":"Feature","geometry":{"type":"Point","coordinates":[19.957307,50.101629]},"properties":{"name":"Papierni Prądnickich","band":2,"modes":"tram","arr":["50","69"],"off":[0,-0.8]}},{"type":"Feature","geometry":{"type":"Point","coordinates":[19.957307,50.101629]},"properties":{"line":"50","mode":"tram","color":"#d6212b","colorDark":"#7c1116","band":2,"off":[-1.7,1.1]}},{"type":"Feature","geometry":{"type":"Point","coordinates":[19.957307,50.101629]},"properties":{"line":"69","mode":"tram","color":"#d6212b","colorDark":"#7c1116","band":2,"off":[1.7,1.1]}},{"type":"Feature","geometry":{"type":"Point","coordinates":[20.06696,50.069703]},"properties":{"name":"Kopiec Wandy","band":2,"modes":"tram","arr":["22"],"off":[0,-0.8]}},{"type":"Feature","geometry":{"type":"Point","coordinates":[20.06696,50.069703]},"properties":{"line":"22","mode":"tram","color":"#d6212b","colorDark":"#7c1116","band":2,"off":[0,1.1]}},{"type":"Feature","geometry":{"type":"Point","coordinates":[19.927011,50.013093]},"properties":{"name":"Borek Fałęcki","band":2,"modes":"tram","arr":["22","50"],"off":[0,-0.8]}},{"type":"Feature","geometry":{"type":"Point","coordinates":[19.927011,50.013093]},"properties":{"line":"22","mode":"tram","color":"#d6212b","colorDark":"#7c1116","band":2,"off":[-1.7,1.1]}},{"type":"Feature","geometry":{"type":"Point","coordinates":[19.927011,50.013093]},"properties":{"line":"50","mode":"tram","color":"#d6212b","colorDark":"#7c1116","band":2,"off":[1.7,1.1]}},{"type":"Feature","geometry":{"type":"Point","coordinates":[19.9574,50.074278]},"properties":{"name":"Cmentarz Rakowicki","band":2,"modes":"tram","arr":["76"],"off":[0,-0.8]}},{"type":"Feature","geometry":{"type":"Point","coordinates":[19.9574,50.074278]},"properties":{"line":"76","mode":"tram","color":"#d6212b","colorDark":"#7c1116","band":2,"off":[0,1.1]}},{"type":"Feature","geometry":{"type":"Point","coordinates":[19.81985,50.043294]},"properties":{"name":"Bielany","band":3,"modes":"bus","arr":["102","609"],"off":[0,-0.8]}},{"type":"Feature","geometry":{"type":"Point","coordinates":[19.81985,50.043294]},"properties":{"line":"102","mode":"bus","color":"#0059a9","colorDark":"#00294f","band":3,"off":[-1.7,1.1]}},{"type":"Feature","geometry":{"type":"Point","coordinates":[19.81985,50.043294]},"properties":{"line":"609","mode":"bus","color":"#0059a9","colorDark":"#00294f","band":3,"off":[1.7,1.1]}},{"type":"Feature","geometry":{"type":"Point","coordinates":[19.903677,50.063013]},"properties":{"name":"Cichy Kącik","band":3,"modes":"bus","arr":["706"],"off":[0,-0.8]}},{"type":"Feature","geometry":{"type":"Point","coordinates":[19.903677,50.063013]},"properties":{"line":"706","mode":"bus","color":"#0059a9","colorDark":"#00294f","band":3,"off":[0,1.1]}},{"type":"Feature","geometry":{"type":"Point","coordinates":[19.931992,50.08864]},"properties":{"name":"Krowodrza Górka P+R","band":3,"modes":"tram,bus","arr":["3","5","102","168","194","207","220","227","240","267","290","937"],"off":[0,-0.8]}},{"type":"Feature","geometry":{"type":"Point","coordinates":[19.931992,50.08864]},"properties":{"line":"3","mode":"tram","color":"#d6212b","colorDark":"#7c1116","band":3,"off":[-6.8,1.1]}},{"type":"Feature","geometry":{"type":"Point","coordinates":[19.931992,50.08864]},"properties":{"line":"5","mode":"tram","color":"#d6212b","colorDark":"#7c1116","band":3,"off":[-3.4,1.1]}},{"type":"Feature","geometry":{"type":"Point","coordinates":[19.931992,50.08864]},"properties":{"line":"102","mode":"bus","color":"#0059a9","colorDark":"#00294f","band":3,"off":[0,1.1]}},{"type":"Feature","geometry":{"type":"Point","coordinates":[19.931992,50.08864]},"properties":{"line":"168","mode":"bus","color":"#0059a9","colorDark":"#00294f","band":3,"off":[3.4,1.1]}},{"type":"Feature","geometry":{"type":"Point","coordinates":[19.931992,50.08864]},"properties":{"line":"194","mode":"bus","color":"#0059a9","colorDark":"#00294f","band":3,"off":[6.8,1.1]}},{"type":"Feature","geometry":{"type":"Point","coordinates":[19.931992,50.08864]},"properties":{"line":"207","mode":"bus","color":"#0059a9","colorDark":"#00294f","band":3,"off":[-6.8,3.1]}},{"type":"Feature","geometry":{"type":"Point","coordinates":[19.931992,50.08864]},"properties":{"line":"220","mode":"bus","color":"#0059a9","colorDark":"#00294f","band":3,"off":[-3.4,3.1]}},{"type":"Feature","geometry":{"type":"Point","coordinates":[19.931992,50.08864]},"properties":{"line":"227","mode":"bus","color":"#0059a9","colorDark":"#00294f","band":3,"off":[0,3.1]}},{"type":"Feature","geometry":{"type":"Point","coordinates":[19.931992,50.08864]},"properties":{"line":"240","mode":"bus","color":"#0059a9","colorDark":"#00294f","band":3,"off":[3.4,3.1]}},{"type":"Feature","geometry":{"type":"Point","coordinates":[19.931992,50.08864]},"properties":{"line":"267","mode":"bus","color":"#0059a9","colorDark":"#00294f","band":3,"off":[6.8,3.1]}},{"type":"Feature","geometry":{"type":"Point","coordinates":[19.931992,50.08864]},"properties":{"line":"290","mode":"bus","color":"#0059a9","colorDark":"#00294f","band":3,"off":[-1.7,5.1]}},{"type":"Feature","geometry":{"type":"Point","coordinates":[19.931992,50.08864]},"properties":{"line":"937","mode":"bus","color":"#0059a9","colorDark":"#00294f","band":3,"off":[1.7,5.1]}},{"type":"Feature","geometry":{"type":"Point","coordinates":[19.927736,49.999781]},"properties":{"name":"Swoszowice SKA","band":3,"modes":"bus","arr":["104","155"],"off":[0,-0.8]}},{"type":"Feature","geometry":{"type":"Point","coordinates":[19.927736,49.999781]},"properties":{"line":"104","mode":"bus","color":"#0059a9","colorDark":"#00294f","band":3,"off":[-1.7,1.1]}},{"type":"Feature","geometry":{"type":"Point","coordinates":[19.927736,49.999781]},"properties":{"line":"155","mode":"bus","color":"#0059a9","colorDark":"#00294f","band":3,"off":[1.7,1.1]}},{"type":"Feature","geometry":{"type":"Point","coordinates":[19.89718,49.998657]},"properties":{"name":"Os. Pod Fortem","band":3,"modes":"bus","arr":["151","191","194","494","608"],"off":[0,-0.8]}},{"type":"Feature","geometry":{"type":"Point","coordinates":[19.89718,49.998657]},"properties":{"line":"151","mode":"bus","color":"#0059a9","colorDark":"#00294f","band":3,"off":[-6.8,1.1]}},{"type":"Feature","geometry":{"type":"Point","coordinates":[19.89718,49.998657]},"properties":{"line":"191","mode":"bus","color":"#0059a9","colorDark":"#00294f","band":3,"off":[-3.4,1.1]}},{"type":"Feature","geometry":{"type":"Point","coordinates":[19.89718,49.998657]},"properties":{"line":"194","mode":"bus","color":"#0059a9","colorDark":"#00294f","band":3,"off":[0,1.1]}},{"type":"Feature","geometry":{"type":"Point","coordinates":[19.89718,49.998657]},"properties":{"line":"494","mode":"bus","color":"#0059a9","colorDark":"#00294f","band":3,"off":[3.4,1.1]}},{"type":"Feature","geometry":{"type":"Point","coordinates":[19.89718,49.998657]},"properties":{"line":"608","mode":"bus","color":"#0059a9","colorDark":"#00294f","band":3,"off":[6.8,1.1]}},{"type":"Feature","geometry":{"type":"Point","coordinates":[19.889249,50.01809]},"properties":{"name":"Czerwone Maki P+R","band":3,"modes":"tram,bus","arr":["11","17","18","52","62","104","116","156","203","204","223","233","253","283","476","662","903"],"off":[0,-0.8]}},{"type":"Feature","geometry":{"type":"Point","coordinates":[19.889249,50.01809]},"properties":{"line":"11","mode":"tram","color":"#d6212b","colorDark":"#7c1116","band":3,"off":[-6.8,1.1]}},{"type":"Feature","geometry":{"type":"Point","coordinates":[19.889249,50.01809]},"properties":{"line":"17","mode":"tram","color":"#d6212b","colorDark":"#7c1116","band":3,"off":[-3.4,1.1]}},{"type":"Feature","geometry":{"type":"Point","coordinates":[19.889249,50.01809]},"properties":{"line":"18","mode":"tram","color":"#d6212b","colorDark":"#7c1116","band":3,"off":[0,1.1]}},{"type":"Feature","geometry":{"type":"Point","coordinates":[19.889249,50.01809]},"properties":{"line":"52","mode":"tram","color":"#d6212b","colorDark":"#7c1116","band":3,"off":[3.4,1.1]}},{"type":"Feature","geometry":{"type":"Point","coordinates":[19.889249,50.01809]},"properties":{"line":"62","mode":"tram","color":"#d6212b","colorDark":"#7c1116","band":3,"off":[6.8,1.1]}},{"type":"Feature","geometry":{"type":"Point","coordinates":[19.889249,50.01809]},"properties":{"line":"104","mode":"bus","color":"#0059a9","colorDark":"#00294f","band":3,"off":[-6.8,3.1]}},{"type":"Feature","geometry":{"type":"Point","coordinates":[19.889249,50.01809]},"properties":{"line":"116","mode":"bus","color":"#0059a9","colorDark":"#00294f","band":3,"off":[-3.4,3.1]}},{"type":"Feature","geometry":{"type":"Point","coordinates":[19.889249,50.01809]},"properties":{"line":"156","mode":"bus","color":"#0059a9","colorDark":"#00294f","band":3,"off":[0,3.1]}},{"type":"Feature","geometry":{"type":"Point","coordinates":[19.889249,50.01809]},"properties":{"line":"203","mode":"bus","color":"#0059a9","colorDark":"#00294f","band":3,"off":[3.4,3.1]}},{"type":"Feature","geometry":{"type":"Point","coordinates":[19.889249,50.01809]},"properties":{"line":"204","mode":"bus","color":"#0059a9","colorDark":"#00294f","band":3,"off":[6.8,3.1]}},{"type":"Feature","geometry":{"type":"Point","coordinates":[19.889249,50.01809]},"properties":{"line":"223","mode":"bus","color":"#0059a9","colorDark":"#00294f","band":3,"off":[-6.8,5.1]}},{"type":"Feature","geometry":{"type":"Point","coordinates":[19.889249,50.01809]},"properties":{"line":"233","mode":"bus","color":"#0059a9","colorDark":"#00294f","band":3,"off":[-3.4,5.1]}},{"type":"Feature","geometry":{"type":"Point","coordinates":[19.889249,50.01809]},"properties":{"line":"253","mode":"bus","color":"#0059a9","colorDark":"#00294f","band":3,"off":[0,5.1]}},{"type":"Feature","geometry":{"type":"Point","coordinates":[19.889249,50.01809]},"properties":{"line":"283","mode":"bus","color":"#0059a9","colorDark":"#00294f","band":3,"off":[3.4,5.1]}},{"type":"Feature","geometry":{"type":"Point","coordinates":[19.889249,50.01809]},"properties":{"line":"476","mode":"bus","color":"#0059a9","colorDark":"#00294f","band":3,"off":[6.8,5.1]}},{"type":"Feature","geometry":{"type":"Point","coordinates":[19.889249,50.01809]},"properties":{"line":"662","mode":"bus","color":"#0059a9","colorDark":"#00294f","band":3,"off":[-1.7,7.1]}},{"type":"Feature","geometry":{"type":"Point","coordinates":[19.889249,50.01809]},"properties":{"line":"903","mode":"bus","color":"#0059a9","colorDark":"#00294f","band":3,"off":[1.7,7.1]}},{"type":"Feature","geometry":{"type":"Point","coordinates":[20.012427,50.102005]},"properties":{"name":"Os. Piastów","band":3,"modes":"tram,bus","arr":["21","52","64","105","664"],"off":[0,-0.8]}},{"type":"Feature","geometry":{"type":"Point","coordinates":[20.012427,50.102005]},"properties":{"line":"21","mode":"tram","color":"#d6212b","colorDark":"#7c1116","band":3,"off":[-6.8,1.1]}},{"type":"Feature","geometry":{"type":"Point","coordinates":[20.012427,50.102005]},"properties":{"line":"52","mode":"tram","color":"#d6212b","colorDark":"#7c1116","band":3,"off":[-3.4,1.1]}},{"type":"Feature","geometry":{"type":"Point","coordinates":[20.012427,50.102005]},"properties":{"line":"64","mode":"tram","color":"#d6212b","colorDark":"#7c1116","band":3,"off":[0,1.1]}},{"type":"Feature","geometry":{"type":"Point","coordinates":[20.012427,50.102005]},"properties":{"line":"105","mode":"bus","color":"#0059a9","colorDark":"#00294f","band":3,"off":[3.4,1.1]}},{"type":"Feature","geometry":{"type":"Point","coordinates":[20.012427,50.102005]},"properties":{"line":"664","mode":"bus","color":"#0059a9","colorDark":"#00294f","band":3,"off":[6.8,1.1]}},{"type":"Feature","geometry":{"type":"Point","coordinates":[19.974273,50.09678]},"properties":{"name":"Prądnik Czerwony P+R","band":3,"modes":"bus","arr":["199","250","260","270","405","610"],"off":[0,-0.8]}},{"type":"Feature","geometry":{"type":"Point","coordinates":[19.974273,50.09678]},"properties":{"line":"199","mode":"bus","color":"#0059a9","colorDark":"#00294f","band":3,"off":[-6.8,1.1]}},{"type":"Feature","geometry":{"type":"Point","coordinates":[19.974273,50.09678]},"properties":{"line":"250","mode":"bus","color":"#0059a9","colorDark":"#00294f","band":3,"off":[-3.4,1.1]}},{"type":"Feature","geometry":{"type":"Point","coordinates":[19.974273,50.09678]},"properties":{"line":"260","mode":"bus","color":"#0059a9","colorDark":"#00294f","band":3,"off":[0,1.1]}},{"type":"Feature","geometry":{"type":"Point","coordinates":[19.974273,50.09678]},"properties":{"line":"270","mode":"bus","color":"#0059a9","colorDark":"#00294f","band":3,"off":[3.4,1.1]}},{"type":"Feature","geometry":{"type":"Point","coordinates":[19.974273,50.09678]},"properties":{"line":"405","mode":"bus","color":"#0059a9","colorDark":"#00294f","band":3,"off":[6.8,1.1]}},{"type":"Feature","geometry":{"type":"Point","coordinates":[19.974273,50.09678]},"properties":{"line":"610","mode":"bus","color":"#0059a9","colorDark":"#00294f","band":3,"off":[0,3.1]}},{"type":"Feature","geometry":{"type":"Point","coordinates":[19.944591,50.068584]},"properties":{"name":"Dworzec Główny Zachód","band":3,"modes":"bus","arr":["105","130","132","179","304","405"],"off":[0,-0.8]}},{"type":"Feature","geometry":{"type":"Point","coordinates":[19.944591,50.068584]},"properties":{"line":"105","mode":"bus","color":"#0059a9","colorDark":"#00294f","band":3,"off":[-6.8,1.1]}},{"type":"Feature","geometry":{"type":"Point","coordinates":[19.944591,50.068584]},"properties":{"line":"130","mode":"bus","color":"#0059a9","colorDark":"#00294f","band":3,"off":[-3.4,1.1]}},{"type":"Feature","geometry":{"type":"Point","coordinates":[19.944591,50.068584]},"properties":{"line":"132","mode":"bus","color":"#0059a9","colorDark":"#00294f","band":3,"off":[0,1.1]}},{"type":"Feature","geometry":{"type":"Point","coordinates":[19.944591,50.068584]},"properties":{"line":"179","mode":"bus","color":"#0059a9","colorDark":"#00294f","band":3,"off":[3.4,1.1]}},{"type":"Feature","geometry":{"type":"Point","coordinates":[19.944591,50.068584]},"properties":{"line":"304","mode":"bus","color":"#0059a9","colorDark":"#00294f","band":3,"off":[6.8,1.1]}},{"type":"Feature","geometry":{"type":"Point","coordinates":[19.944591,50.068584]},"properties":{"line":"405","mode":"bus","color":"#0059a9","colorDark":"#00294f","band":3,"off":[0,3.1]}},{"type":"Feature","geometry":{"type":"Point","coordinates":[19.96038,50.023325]},"properties":{"name":"Zajezdnia Wola Duchacka","band":3,"modes":"bus","arr":["107","169"],"off":[0,-0.8]}},{"type":"Feature","geometry":{"type":"Point","coordinates":[19.96038,50.023325]},"properties":{"line":"107","mode":"bus","color":"#0059a9","colorDark":"#00294f","band":3,"off":[-1.7,1.1]}},{"type":"Feature","geometry":{"type":"Point","coordinates":[19.96038,50.023325]},"properties":{"line":"169","mode":"bus","color":"#0059a9","colorDark":"#00294f","band":3,"off":[1.7,1.1]}},{"type":"Feature","geometry":{"type":"Point","coordinates":[19.990101,49.979669]},"properties":{"name":"Soboniowice","band":3,"modes":"bus","arr":["107"],"off":[0,-0.8]}},{"type":"Feature","geometry":{"type":"Point","coordinates":[19.990101,49.979669]},"properties":{"line":"107","mode":"bus","color":"#0059a9","colorDark":"#00294f","band":3,"off":[0,1.1]}},{"type":"Feature","geometry":{"type":"Point","coordinates":[20.117277,50.07294]},"properties":{"name":"Pleszów","band":3,"modes":"tram,bus","arr":["10","21","111","160","161","171","211","271"],"off":[0,-0.8]}},{"type":"Feature","geometry":{"type":"Point","coordinates":[20.117277,50.07294]},"properties":{"line":"10","mode":"tram","color":"#d6212b","colorDark":"#7c1116","band":3,"off":[-6.8,1.1]}},{"type":"Feature","geometry":{"type":"Point","coordinates":[20.117277,50.07294]},"properties":{"line":"21","mode":"tram","color":"#d6212b","colorDark":"#7c1116","band":3,"off":[-3.4,1.1]}},{"type":"Feature","geometry":{"type":"Point","coordinates":[20.117277,50.07294]},"properties":{"line":"111","mode":"bus","color":"#0059a9","colorDark":"#00294f","band":3,"off":[0,1.1]}},{"type":"Feature","geometry":{"type":"Point","coordinates":[20.117277,50.07294]},"properties":{"line":"160","mode":"bus","color":"#0059a9","colorDark":"#00294f","band":3,"off":[3.4,1.1]}},{"type":"Feature","geometry":{"type":"Point","coordinates":[20.117277,50.07294]},"properties":{"line":"161","mode":"bus","color":"#0059a9","colorDark":"#00294f","band":3,"off":[6.8,1.1]}},{"type":"Feature","geometry":{"type":"Point","coordinates":[20.117277,50.07294]},"properties":{"line":"171","mode":"bus","color":"#0059a9","colorDark":"#00294f","band":3,"off":[-3.4,3.1]}},{"type":"Feature","geometry":{"type":"Point","coordinates":[20.117277,50.07294]},"properties":{"line":"211","mode":"bus","color":"#0059a9","colorDark":"#00294f","band":3,"off":[0,3.1]}},{"type":"Feature","geometry":{"type":"Point","coordinates":[20.117277,50.07294]},"properties":{"line":"271","mode":"bus","color":"#0059a9","colorDark":"#00294f","band":3,"off":[3.4,3.1]}},{"type":"Feature","geometry":{"type":"Point","coordinates":[19.932715,50.046697]},"properties":{"name":"Os. Podwawelskie","band":3,"modes":"bus","arr":["112","124","126","146","162","219","300","424"],"off":[0,-0.8]}},{"type":"Feature","geometry":{"type":"Point","coordinates":[19.932715,50.046697]},"properties":{"line":"112","mode":"bus","color":"#0059a9","colorDark":"#00294f","band":3,"off":[-6.8,1.1]}},{"type":"Feature","geometry":{"type":"Point","coordinates":[19.932715,50.046697]},"properties":{"line":"124","mode":"bus","color":"#0059a9","colorDark":"#00294f","band":3,"off":[-3.4,1.1]}},{"type":"Feature","geometry":{"type":"Point","coordinates":[19.932715,50.046697]},"properties":{"line":"126","mode":"bus","color":"#0059a9","colorDark":"#00294f","band":3,"off":[0,1.1]}},{"type":"Feature","geometry":{"type":"Point","coordinates":[19.932715,50.046697]},"properties":{"line":"146","mode":"bus","color":"#0059a9","colorDark":"#00294f","band":3,"off":[3.4,1.1]}},{"type":"Feature","geometry":{"type":"Point","coordinates":[19.932715,50.046697]},"properties":{"line":"162","mode":"bus","color":"#0059a9","colorDark":"#00294f","band":3,"off":[6.8,1.1]}},{"type":"Feature","geometry":{"type":"Point","coordinates":[19.932715,50.046697]},"properties":{"line":"219","mode":"bus","color":"#0059a9","colorDark":"#00294f","band":3,"off":[-3.4,3.1]}},{"type":"Feature","geometry":{"type":"Point","coordinates":[19.932715,50.046697]},"properties":{"line":"300","mode":"bus","color":"#0059a9","colorDark":"#00294f","band":3,"off":[0,3.1]}},{"type":"Feature","geometry":{"type":"Point","coordinates":[19.932715,50.046697]},"properties":{"line":"424","mode":"bus","color":"#0059a9","colorDark":"#00294f","band":3,"off":[3.4,3.1]}},{"type":"Feature","geometry":{"type":"Point","coordinates":[19.814497,50.008312]},"properties":{"name":"Tyniec Kamieniołom","band":3,"modes":"bus","arr":["112"],"off":[0,-0.8]}},{"type":"Feature","geometry":{"type":"Point","coordinates":[19.814497,50.008312]},"properties":{"line":"112","mode":"bus","color":"#0059a9","colorDark":"#00294f","band":3,"off":[0,1.1]}},{"type":"Feature","geometry":{"type":"Point","coordinates":[19.844449,50.006403]},"properties":{"name":"Podgórki Tynieckie","band":3,"modes":"bus","arr":["116","162"],"off":[0,-0.8]}},{"type":"Feature","geometry":{"type":"Point","coordinates":[19.844449,50.006403]},"properties":{"line":"116","mode":"bus","color":"#0059a9","colorDark":"#00294f","band":3,"off":[-1.7,1.1]}},{"type":"Feature","geometry":{"type":"Point","coordinates":[19.844449,50.006403]},"properties":{"line":"162","mode":"bus","color":"#0059a9","colorDark":"#00294f","band":3,"off":[1.7,1.1]}},{"type":"Feature","geometry":{"type":"Point","coordinates":[19.881664,50.082185]},"properties":{"name":"Bronowice Małe","band":3,"modes":"bus","arr":["120","200","210","218","228","230","238","248","258","268","278","288","298","664","910","918","948"],"off":[0,-0.8]}},{"type":"Feature","geometry":{"type":"Point","coordinates":[19.881664,50.082185]},"properties":{"line":"120","mode":"bus","color":"#0059a9","colorDark":"#00294f","band":3,"off":[-6.8,1.1]}},{"type":"Feature","geometry":{"type":"Point","coordinates":[19.881664,50.082185]},"properties":{"line":"200","mode":"bus","color":"#0059a9","colorDark":"#00294f","band":3,"off":[-3.4,1.1]}},{"type":"Feature","geometry":{"type":"Point","coordinates":[19.881664,50.082185]},"properties":{"line":"210","mode":"bus","color":"#0059a9","colorDark":"#00294f","band":3,"off":[0,1.1]}},{"type":"Feature","geometry":{"type":"Point","coordinates":[19.881664,50.082185]},"properties":{"line":"218","mode":"bus","color":"#0059a9","colorDark":"#00294f","band":3,"off":[3.4,1.1]}},{"type":"Feature","geometry":{"type":"Point","coordinates":[19.881664,50.082185]},"properties":{"line":"228","mode":"bus","color":"#0059a9","colorDark":"#00294f","band":3,"off":[6.8,1.1]}},{"type":"Feature","geometry":{"type":"Point","coordinates":[19.881664,50.082185]},"properties":{"line":"230","mode":"bus","color":"#0059a9","colorDark":"#00294f","band":3,"off":[-6.8,3.1]}},{"type":"Feature","geometry":{"type":"Point","coordinates":[19.881664,50.082185]},"properties":{"line":"238","mode":"bus","color":"#0059a9","colorDark":"#00294f","band":3,"off":[-3.4,3.1]}},{"type":"Feature","geometry":{"type":"Point","coordinates":[19.881664,50.082185]},"properties":{"line":"248","mode":"bus","color":"#0059a9","colorDark":"#00294f","band":3,"off":[0,3.1]}},{"type":"Feature","geometry":{"type":"Point","coordinates":[19.881664,50.082185]},"properties":{"line":"258","mode":"bus","color":"#0059a9","colorDark":"#00294f","band":3,"off":[3.4,3.1]}},{"type":"Feature","geometry":{"type":"Point","coordinates":[19.881664,50.082185]},"properties":{"line":"268","mode":"bus","color":"#0059a9","colorDark":"#00294f","band":3,"off":[6.8,3.1]}},{"type":"Feature","geometry":{"type":"Point","coordinates":[19.881664,50.082185]},"properties":{"line":"278","mode":"bus","color":"#0059a9","colorDark":"#00294f","band":3,"off":[-6.8,5.1]}},{"type":"Feature","geometry":{"type":"Point","coordinates":[19.881664,50.082185]},"properties":{"line":"288","mode":"bus","color":"#0059a9","colorDark":"#00294f","band":3,"off":[-3.4,5.1]}},{"type":"Feature","geometry":{"type":"Point","coordinates":[19.881664,50.082185]},"properties":{"line":"298","mode":"bus","color":"#0059a9","colorDark":"#00294f","band":3,"off":[0,5.1]}},{"type":"Feature","geometry":{"type":"Point","coordinates":[19.881664,50.082185]},"properties":{"line":"664","mode":"bus","color":"#0059a9","colorDark":"#00294f","band":3,"off":[3.4,5.1]}},{"type":"Feature","geometry":{"type":"Point","coordinates":[19.881664,50.082185]},"properties":{"line":"910","mode":"bus","color":"#0059a9","colorDark":"#00294f","band":3,"off":[6.8,5.1]}},{"type":"Feature","geometry":{"type":"Point","coordinates":[19.881664,50.082185]},"properties":{"line":"918","mode":"bus","color":"#0059a9","colorDark":"#00294f","band":3,"off":[-1.7,7.1]}},{"type":"Feature","geometry":{"type":"Point","coordinates":[19.881664,50.082185]},"properties":{"line":"948","mode":"bus","color":"#0059a9","colorDark":"#00294f","band":3,"off":[1.7,7.1]}},{"type":"Feature","geometry":{"type":"Point","coordinates":[19.936133,50.074864]},"properties":{"name":"Nowy Kleparz","band":3,"modes":"bus","arr":["120","140","189","301","337","420"],"off":[0,-0.8]}},{"type":"Feature","geometry":{"type":"Point","coordinates":[19.936133,50.074864]},"properties":{"line":"120","mode":"bus","color":"#0059a9","colorDark":"#00294f","band":3,"off":[-6.8,1.1]}},{"type":"Feature","geometry":{"type":"Point","coordinates":[19.936133,50.074864]},"properties":{"line":"140","mode":"bus","color":"#0059a9","colorDark":"#00294f","band":3,"off":[-3.4,1.1]}},{"type":"Feature","geometry":{"type":"Point","coordinates":[19.936133,50.074864]},"properties":{"line":"189","mode":"bus","color":"#0059a9","colorDark":"#00294f","band":3,"off":[0,1.1]}},{"type":"Feature","geometry":{"type":"Point","coordinates":[19.936133,50.074864]},"properties":{"line":"301","mode":"bus","color":"#0059a9","colorDark":"#00294f","band":3,"off":[3.4,1.1]}},{"type":"Feature","geometry":{"type":"Point","coordinates":[19.936133,50.074864]},"properties":{"line":"337","mode":"bus","color":"#0059a9","colorDark":"#00294f","band":3,"off":[6.8,1.1]}},{"type":"Feature","geometry":{"type":"Point","coordinates":[19.936133,50.074864]},"properties":{"line":"420","mode":"bus","color":"#0059a9","colorDark":"#00294f","band":3,"off":[0,3.1]}},{"type":"Feature","geometry":{"type":"Point","coordinates":[19.926646,50.011341]},"properties":{"name":"Borek Fałęcki","band":3,"modes":"bus","arr":["121","151","175","191","214","215","225","235","243","245","254","255","265","275","285","293","475"],"off":[0,-0.8]}},{"type":"Feature","geometry":{"type":"Point","coordinates":[19.926646,50.011341]},"properties":{"line":"121","mode":"bus","color":"#0059a9","colorDark":"#00294f","band":3,"off":[-6.8,1.1]}},{"type":"Feature","geometry":{"type":"Point","coordinates":[19.926646,50.011341]},"properties":{"line":"151","mode":"bus","color":"#0059a9","colorDark":"#00294f","band":3,"off":[-3.4,1.1]}},{"type":"Feature","geometry":{"type":"Point","coordinates":[19.926646,50.011341]},"properties":{"line":"175","mode":"bus","color":"#0059a9","colorDark":"#00294f","band":3,"off":[0,1.1]}},{"type":"Feature","geometry":{"type":"Point","coordinates":[19.926646,50.011341]},"properties":{"line":"191","mode":"bus","color":"#0059a9","colorDark":"#00294f","band":3,"off":[3.4,1.1]}},{"type":"Feature","geometry":{"type":"Point","coordinates":[19.926646,50.011341]},"properties":{"line":"214","mode":"bus","color":"#0059a9","colorDark":"#00294f","band":3,"off":[6.8,1.1]}},{"type":"Feature","geometry":{"type":"Point","coordinates":[19.926646,50.011341]},"properties":{"line":"215","mode":"bus","color":"#0059a9","colorDark":"#00294f","band":3,"off":[-6.8,3.1]}},{"type":"Feature","geometry":{"type":"Point","coordinates":[19.926646,50.011341]},"properties":{"line":"225","mode":"bus","color":"#0059a9","colorDark":"#00294f","band":3,"off":[-3.4,3.1]}},{"type":"Feature","geometry":{"type":"Point","coordinates":[19.926646,50.011341]},"properties":{"line":"235","mode":"bus","color":"#0059a9","colorDark":"#00294f","band":3,"off":[0,3.1]}},{"type":"Feature","geometry":{"type":"Point","coordinates":[19.926646,50.011341]},"properties":{"line":"243","mode":"bus","color":"#0059a9","colorDark":"#00294f","band":3,"off":[3.4,3.1]}},{"type":"Feature","geometry":{"type":"Point","coordinates":[19.926646,50.011341]},"properties":{"line":"245","mode":"bus","color":"#0059a9","colorDark":"#00294f","band":3,"off":[6.8,3.1]}},{"type":"Feature","geometry":{"type":"Point","coordinates":[19.926646,50.011341]},"properties":{"line":"254","mode":"bus","color":"#0059a9","colorDark":"#00294f","band":3,"off":[-6.8,5.1]}},{"type":"Feature","geometry":{"type":"Point","coordinates":[19.926646,50.011341]},"properties":{"line":"255","mode":"bus","color":"#0059a9","colorDark":"#00294f","band":3,"off":[-3.4,5.1]}},{"type":"Feature","geometry":{"type":"Point","coordinates":[19.926646,50.011341]},"properties":{"line":"265","mode":"bus","color":"#0059a9","colorDark":"#00294f","band":3,"off":[0,5.1]}},{"type":"Feature","geometry":{"type":"Point","coordinates":[19.926646,50.011341]},"properties":{"line":"275","mode":"bus","color":"#0059a9","colorDark":"#00294f","band":3,"off":[3.4,5.1]}},{"type":"Feature","geometry":{"type":"Point","coordinates":[19.926646,50.011341]},"properties":{"line":"285","mode":"bus","color":"#0059a9","colorDark":"#00294f","band":3,"off":[6.8,5.1]}},{"type":"Feature","geometry":{"type":"Point","coordinates":[19.926646,50.011341]},"properties":{"line":"293","mode":"bus","color":"#0059a9","colorDark":"#00294f","band":3,"off":[-1.7,7.1]}},{"type":"Feature","geometry":{"type":"Point","coordinates":[19.926646,50.011341]},"properties":{"line":"475","mode":"bus","color":"#0059a9","colorDark":"#00294f","band":3,"off":[1.7,7.1]}},{"type":"Feature","geometry":{"type":"Point","coordinates":[19.911619,49.995364]},"properties":{"name":"Kliny Poranne","band":3,"modes":"bus","arr":["121"],"off":[0,-0.8]}},{"type":"Feature","geometry":{"type":"Point","coordinates":[19.911619,49.995364]},"properties":{"line":"121","mode":"bus","color":"#0059a9","colorDark":"#00294f","band":3,"off":[0,1.1]}},{"type":"Feature","geometry":{"type":"Point","coordinates":[20.033967,50.075209]},"properties":{"name":"Aleja Przyjaźni","band":3,"modes":"bus","arr":["122","160","572"],"off":[0,-0.8]}},{"type":"Feature","geometry":{"type":"Point","coordinates":[20.033967,50.075209]},"properties":{"line":"122","mode":"bus","color":"#0059a9","colorDark":"#00294f","band":3,"off":[-3.4,1.1]}},{"type":"Feature","geometry":{"type":"Point","coordinates":[20.033967,50.075209]},"properties":{"line":"160","mode":"bus","color":"#0059a9","colorDark":"#00294f","band":3,"off":[0,1.1]}},{"type":"Feature","geometry":{"type":"Point","coordinates":[20.033967,50.075209]},"properties":{"line":"572","mode":"bus","color":"#0059a9","colorDark":"#00294f","band":3,"off":[3.4,1.1]}},{"type":"Feature","geometry":{"type":"Point","coordinates":[20.03276,50.091185]},"properties":{"name":"Zajezdnia Bieńczyce","band":3,"modes":"bus","arr":["601"],"off":[0,-0.8]}},{"type":"Feature","geometry":{"type":"Point","coordinates":[20.03276,50.091185]},"properties":{"line":"601","mode":"bus","color":"#0059a9","colorDark":"#00294f","band":3,"off":[0,1.1]}},{"type":"Feature","geometry":{"type":"Point","coordinates":[20.043839,50.106225]},"properties":{"name":"Zesławice","band":3,"modes":"bus","arr":["122"],"off":[0,-0.8]}},{"type":"Feature","geometry":{"type":"Point","coordinates":[20.043839,50.106225]},"properties":{"line":"122","mode":"bus","color":"#0059a9","colorDark":"#00294f","band":3,"off":[0,1.1]}},{"type":"Feature","geometry":{"type":"Point","coordinates":[19.996156,50.095878]},"properties":{"name":"Mistrzejowice","band":3,"modes":"bus","arr":["123","482"],"off":[0,-0.8]}},{"type":"Feature","geometry":{"type":"Point","coordinates":[19.996156,50.095878]},"properties":{"line":"123","mode":"bus","color":"#0059a9","colorDark":"#00294f","band":3,"off":[-1.7,1.1]}},{"type":"Feature","geometry":{"type":"Point","coordinates":[19.996156,50.095878]},"properties":{"line":"482","mode":"bus","color":"#0059a9","colorDark":"#00294f","band":3,"off":[1.7,1.1]}},{"type":"Feature","geometry":{"type":"Point","coordinates":[20.00118,50.040177]},"properties":{"name":"Mały Płaszów P+R","band":3,"modes":"tram,bus","arr":["11","20","76","123","195","221","264"],"off":[0,-0.8]}},{"type":"Feature","geometry":{"type":"Point","coordinates":[20.00118,50.040177]},"properties":{"line":"11","mode":"tram","color":"#d6212b","colorDark":"#7c1116","band":3,"off":[-6.8,1.1]}},{"type":"Feature","geometry":{"type":"Point","coordinates":[20.00118,50.040177]},"properties":{"line":"20","mode":"tram","color":"#d6212b","colorDark":"#7c1116","band":3,"off":[-3.4,1.1]}},{"type":"Feature","geometry":{"type":"Point","coordinates":[20.00118,50.040177]},"properties":{"line":"76","mode":"tram","color":"#d6212b","colorDark":"#7c1116","band":3,"off":[0,1.1]}},{"type":"Feature","geometry":{"type":"Point","coordinates":[20.00118,50.040177]},"properties":{"line":"123","mode":"bus","color":"#0059a9","colorDark":"#00294f","band":3,"off":[3.4,1.1]}},{"type":"Feature","geometry":{"type":"Point","coordinates":[20.00118,50.040177]},"properties":{"line":"195","mode":"bus","color":"#0059a9","colorDark":"#00294f","band":3,"off":[6.8,1.1]}},{"type":"Feature","geometry":{"type":"Point","coordinates":[20.00118,50.040177]},"properties":{"line":"221","mode":"bus","color":"#0059a9","colorDark":"#00294f","band":3,"off":[-1.7,3.1]}},{"type":"Feature","geometry":{"type":"Point","coordinates":[20.00118,50.040177]},"properties":{"line":"264","mode":"bus","color":"#0059a9","colorDark":"#00294f","band":3,"off":[1.7,3.1]}},{"type":"Feature","geometry":{"type":"Point","coordinates":[20.045374,50.054047]},"properties":{"name":"Lesisko","band":3,"modes":"bus","arr":["149"],"off":[0,-0.8]}},{"type":"Feature","geometry":{"type":"Point","coordinates":[20.045374,50.054047]},"properties":{"line":"149","mode":"bus","color":"#0059a9","colorDark":"#00294f","band":3,"off":[0,1.1]}},{"type":"Feature","geometry":{"type":"Point","coordinates":[19.944203,50.064875]},"properties":{"name":"Teatr Słowackiego","band":3,"modes":"bus","arr":["605"],"off":[0,-0.8]}},{"type":"Feature","geometry":{"type":"Point","coordinates":[19.944203,50.064875]},"properties":{"line":"605","mode":"bus","color":"#0059a9","colorDark":"#00294f","band":3,"off":[0,1.1]}},{"type":"Feature","geometry":{"type":"Point","coordinates":[19.98236,50.071849]},"properties":{"name":"TAURON Arena Kraków Wieczysta","band":3,"modes":"bus","arr":["124"],"off":[0,-0.8]}},{"type":"Feature","geometry":{"type":"Point","coordinates":[19.98236,50.071849]},"properties":{"line":"124","mode":"bus","color":"#0059a9","colorDark":"#00294f","band":3,"off":[0,1.1]}},{"type":"Feature","geometry":{"type":"Point","coordinates":[19.949473,50.068506]},"properties":{"name":"Dworzec Główny Wschód","band":3,"modes":"bus","arr":["125","182","192","317","482","609","902"],"off":[0,-0.8]}},{"type":"Feature","geometry":{"type":"Point","coordinates":[19.949473,50.068506]},"properties":{"line":"125","mode":"bus","color":"#0059a9","colorDark":"#00294f","band":3,"off":[-6.8,1.1]}},{"type":"Feature","geometry":{"type":"Point","coordinates":[19.949473,50.068506]},"properties":{"line":"182","mode":"bus","color":"#0059a9","colorDark":"#00294f","band":3,"off":[-3.4,1.1]}},{"type":"Feature","geometry":{"type":"Point","coordinates":[19.949473,50.068506]},"properties":{"line":"192","mode":"bus","color":"#0059a9","colorDark":"#00294f","band":3,"off":[0,1.1]}},{"type":"Feature","geometry":{"type":"Point","coordinates":[19.949473,50.068506]},"properties":{"line":"317","mode":"bus","color":"#0059a9","colorDark":"#00294f","band":3,"off":[3.4,1.1]}},{"type":"Feature","geometry":{"type":"Point","coordinates":[19.949473,50.068506]},"properties":{"line":"482","mode":"bus","color":"#0059a9","colorDark":"#00294f","band":3,"off":[6.8,1.1]}},{"type":"Feature","geometry":{"type":"Point","coordinates":[19.949473,50.068506]},"properties":{"line":"609","mode":"bus","color":"#0059a9","colorDark":"#00294f","band":3,"off":[-1.7,3.1]}},{"type":"Feature","geometry":{"type":"Point","coordinates":[19.949473,50.068506]},"properties":{"line":"902","mode":"bus","color":"#0059a9","colorDark":"#00294f","band":3,"off":[1.7,3.1]}},{"type":"Feature","geometry":{"type":"Point","coordinates":[20.051215,50.021847]},"properties":{"name":"Złocień","band":3,"modes":"bus","arr":["125","605"],"off":[0,-0.8]}},{"type":"Feature","geometry":{"type":"Point","coordinates":[20.051215,50.021847]},"properties":{"line":"125","mode":"bus","color":"#0059a9","colorDark":"#00294f","band":3,"off":[-1.7,1.1]}},{"type":"Feature","geometry":{"type":"Point","coordinates":[20.051215,50.021847]},"properties":{"line":"605","mode":"bus","color":"#0059a9","colorDark":"#00294f","band":3,"off":[1.7,1.1]}},{"type":"Feature","geometry":{"type":"Point","coordinates":[19.880154,50.079538]},"properties":{"name":"Bronowice Małe","band":3,"modes":"bus","arr":["126","572"],"off":[0,-0.8]}},{"type":"Feature","geometry":{"type":"Point","coordinates":[19.880154,50.079538]},"properties":{"line":"126","mode":"bus","color":"#0059a9","colorDark":"#00294f","band":3,"off":[-1.7,1.1]}},{"type":"Feature","geometry":{"type":"Point","coordinates":[19.880154,50.079538]},"properties":{"line":"572","mode":"bus","color":"#0059a9","colorDark":"#00294f","band":3,"off":[1.7,1.1]}},{"type":"Feature","geometry":{"type":"Point","coordinates":[19.962874,50.042128]},"properties":{"name":"Podgórze SKA","band":3,"modes":"bus","arr":["127","155","158"],"off":[0,-0.8]}},{"type":"Feature","geometry":{"type":"Point","coordinates":[19.962874,50.042128]},"properties":{"line":"127","mode":"bus","color":"#0059a9","colorDark":"#00294f","band":3,"off":[-3.4,1.1]}},{"type":"Feature","geometry":{"type":"Point","coordinates":[19.962874,50.042128]},"properties":{"line":"155","mode":"bus","color":"#0059a9","colorDark":"#00294f","band":3,"off":[0,1.1]}},{"type":"Feature","geometry":{"type":"Point","coordinates":[19.962874,50.042128]},"properties":{"line":"158","mode":"bus","color":"#0059a9","colorDark":"#00294f","band":3,"off":[3.4,1.1]}},{"type":"Feature","geometry":{"type":"Point","coordinates":[19.995285,50.034046]},"properties":{"name":"Bagry","band":3,"modes":"bus","arr":["127"],"off":[0,-0.8]}},{"type":"Feature","geometry":{"type":"Point","coordinates":[19.995285,50.034046]},"properties":{"line":"127","mode":"bus","color":"#0059a9","colorDark":"#00294f","band":3,"off":[0,1.1]}},{"type":"Feature","geometry":{"type":"Point","coordinates":[20.011678,50.035488]},"properties":{"name":"Zajezdnia Płaszów","band":3,"modes":"bus","arr":["128","148"],"off":[0,-0.8]}},{"type":"Feature","geometry":{"type":"Point","coordinates":[20.011678,50.035488]},"properties":{"line":"128","mode":"bus","color":"#0059a9","colorDark":"#00294f","band":3,"off":[-1.7,1.1]}},{"type":"Feature","geometry":{"type":"Point","coordinates":[20.011678,50.035488]},"properties":{"line":"148","mode":"bus","color":"#0059a9","colorDark":"#00294f","band":3,"off":[1.7,1.1]}},{"type":"Feature","geometry":{"type":"Point","coordinates":[19.963066,50.104985]},"properties":{"name":"Górka Narodowa P+R","band":3,"modes":"tram,bus","arr":["18","50","69","75","128","169","217","247","257","277","280","297","469","503","669","917"],"off":[0,-0.8]}},{"type":"Feature","geometry":{"type":"Point","coordinates":[19.963066,50.104985]},"properties":{"line":"18","mode":"tram","color":"#d6212b","colorDark":"#7c1116","band":3,"off":[-6.8,1.1]}},{"type":"Feature","geometry":{"type":"Point","coordinates":[19.963066,50.104985]},"properties":{"line":"50","mode":"tram","color":"#d6212b","colorDark":"#7c1116","band":3,"off":[-3.4,1.1]}},{"type":"Feature","geometry":{"type":"Point","coordinates":[19.963066,50.104985]},"properties":{"line":"69","mode":"tram","color":"#d6212b","colorDark":"#7c1116","band":3,"off":[0,1.1]}},{"type":"Feature","geometry":{"type":"Point","coordinates":[19.963066,50.104985]},"properties":{"line":"75","mode":"tram","color":"#d6212b","colorDark":"#7c1116","band":3,"off":[3.4,1.1]}},{"type":"Feature","geometry":{"type":"Point","coordinates":[19.963066,50.104985]},"properties":{"line":"128","mode":"bus","color":"#0059a9","colorDark":"#00294f","band":3,"off":[6.8,1.1]}},{"type":"Feature","geometry":{"type":"Point","coordinates":[19.963066,50.104985]},"properties":{"line":"169","mode":"bus","color":"#0059a9","colorDark":"#00294f","band":3,"off":[-6.8,3.1]}},{"type":"Feature","geometry":{"type":"Point","coordinates":[19.963066,50.104985]},"properties":{"line":"217","mode":"bus","color":"#0059a9","colorDark":"#00294f","band":3,"off":[-3.4,3.1]}},{"type":"Feature","geometry":{"type":"Point","coordinates":[19.963066,50.104985]},"properties":{"line":"247","mode":"bus","color":"#0059a9","colorDark":"#00294f","band":3,"off":[0,3.1]}},{"type":"Feature","geometry":{"type":"Point","coordinates":[19.963066,50.104985]},"properties":{"line":"257","mode":"bus","color":"#0059a9","colorDark":"#00294f","band":3,"off":[3.4,3.1]}},{"type":"Feature","geometry":{"type":"Point","coordinates":[19.963066,50.104985]},"properties":{"line":"277","mode":"bus","color":"#0059a9","colorDark":"#00294f","band":3,"off":[6.8,3.1]}},{"type":"Feature","geometry":{"type":"Point","coordinates":[19.963066,50.104985]},"properties":{"line":"280","mode":"bus","color":"#0059a9","colorDark":"#00294f","band":3,"off":[-6.8,5.1]}},{"type":"Feature","geometry":{"type":"Point","coordinates":[19.963066,50.104985]},"properties":{"line":"297","mode":"bus","color":"#0059a9","colorDark":"#00294f","band":3,"off":[-3.4,5.1]}},{"type":"Feature","geometry":{"type":"Point","coordinates":[19.963066,50.104985]},"properties":{"line":"469","mode":"bus","color":"#0059a9","colorDark":"#00294f","band":3,"off":[0,5.1]}},{"type":"Feature","geometry":{"type":"Point","coordinates":[19.963066,50.104985]},"properties":{"line":"503","mode":"bus","color":"#0059a9","colorDark":"#00294f","band":3,"off":[3.4,5.1]}},{"type":"Feature","geometry":{"type":"Point","coordinates":[19.963066,50.104985]},"properties":{"line":"669","mode":"bus","color":"#0059a9","colorDark":"#00294f","band":3,"off":[6.8,5.1]}},{"type":"Feature","geometry":{"type":"Point","coordinates":[19.963066,50.104985]},"properties":{"line":"917","mode":"bus","color":"#0059a9","colorDark":"#00294f","band":3,"off":[0,7.1]}},{"type":"Feature","geometry":{"type":"Point","coordinates":[19.908846,50.086781]},"properties":{"name":"Azory","band":3,"modes":"bus","arr":["130","138","173","494"],"off":[0,-0.8]}},{"type":"Feature","geometry":{"type":"Point","coordinates":[19.908846,50.086781]},"properties":{"line":"130","mode":"bus","color":"#0059a9","colorDark":"#00294f","band":3,"off":[-5.1,1.1]}},{"type":"Feature","geometry":{"type":"Point","coordinates":[19.908846,50.086781]},"properties":{"line":"138","mode":"bus","color":"#0059a9","colorDark":"#00294f","band":3,"off":[-1.7,1.1]}},{"type":"Feature","geometry":{"type":"Point","coordinates":[19.908846,50.086781]},"properties":{"line":"173","mode":"bus","color":"#0059a9","colorDark":"#00294f","band":3,"off":[1.7,1.1]}},{"type":"Feature","geometry":{"type":"Point","coordinates":[19.908846,50.086781]},"properties":{"line":"494","mode":"bus","color":"#0059a9","colorDark":"#00294f","band":3,"off":[5.1,1.1]}},{"type":"Feature","geometry":{"type":"Point","coordinates":[20.066521,50.078569]},"properties":{"name":"Kombinat","band":3,"modes":"bus","arr":["132","138","139","174","242","272"],"off":[0,-0.8]}},{"type":"Feature","geometry":{"type":"Point","coordinates":[20.066521,50.078569]},"properties":{"line":"132","mode":"bus","color":"#0059a9","colorDark":"#00294f","band":3,"off":[-6.8,1.1]}},{"type":"Feature","geometry":{"type":"Point","coordinates":[20.066521,50.078569]},"properties":{"line":"138","mode":"bus","color":"#0059a9","colorDark":"#00294f","band":3,"off":[-3.4,1.1]}},{"type":"Feature","geometry":{"type":"Point","coordinates":[20.066521,50.078569]},"properties":{"line":"139","mode":"bus","color":"#0059a9","colorDark":"#00294f","band":3,"off":[0,1.1]}},{"type":"Feature","geometry":{"type":"Point","coordinates":[20.066521,50.078569]},"properties":{"line":"174","mode":"bus","color":"#0059a9","colorDark":"#00294f","band":3,"off":[3.4,1.1]}},{"type":"Feature","geometry":{"type":"Point","coordinates":[20.066521,50.078569]},"properties":{"line":"242","mode":"bus","color":"#0059a9","colorDark":"#00294f","band":3,"off":[6.8,1.1]}},{"type":"Feature","geometry":{"type":"Point","coordinates":[20.066521,50.078569]},"properties":{"line":"272","mode":"bus","color":"#0059a9","colorDark":"#00294f","band":3,"off":[0,3.1]}},{"type":"Feature","geometry":{"type":"Point","coordinates":[19.922589,50.05849]},"properties":{"name":"Cracovia Stadion","band":3,"modes":"bus","arr":["134","307"],"off":[0,-0.8]}},{"type":"Feature","geometry":{"type":"Point","coordinates":[19.922589,50.05849]},"properties":{"line":"134","mode":"bus","color":"#0059a9","colorDark":"#00294f","band":3,"off":[-1.7,1.1]}},{"type":"Feature","geometry":{"type":"Point","coordinates":[19.922589,50.05849]},"properties":{"line":"307","mode":"bus","color":"#0059a9","colorDark":"#00294f","band":3,"off":[1.7,1.1]}},{"type":"Feature","geometry":{"type":"Point","coordinates":[19.85538,50.055082]},"properties":{"name":"ZOO","band":3,"modes":"bus","arr":["134"],"off":[0,-0.8]}},{"type":"Feature","geometry":{"type":"Point","coordinates":[19.85538,50.055082]},"properties":{"line":"134","mode":"bus","color":"#0059a9","colorDark":"#00294f","band":3,"off":[0,1.1]}},{"type":"Feature","geometry":{"type":"Point","coordinates":[19.899008,50.070696]},"properties":{"name":"Przybyszewskiego","band":3,"modes":"bus","arr":["139"],"off":[0,-0.8]}},{"type":"Feature","geometry":{"type":"Point","coordinates":[19.899008,50.070696]},"properties":{"line":"139","mode":"bus","color":"#0059a9","colorDark":"#00294f","band":3,"off":[0,1.1]}},{"type":"Feature","geometry":{"type":"Point","coordinates":[19.89403,50.08625]},"properties":{"name":"Radzikowskiego Osiedle","band":3,"modes":"bus","arr":["140"],"off":[0,-0.8]}},{"type":"Feature","geometry":{"type":"Point","coordinates":[19.89403,50.08625]},"properties":{"line":"140","mode":"bus","color":"#0059a9","colorDark":"#00294f","band":3,"off":[0,1.1]}},{"type":"Feature","geometry":{"type":"Point","coordinates":[20.011008,50.006305]},"properties":{"name":"Rżąka","band":3,"modes":"bus","arr":["144","195"],"off":[0,-0.8]}},{"type":"Feature","geometry":{"type":"Point","coordinates":[20.011008,50.006305]},"properties":{"line":"144","mode":"bus","color":"#0059a9","colorDark":"#00294f","band":3,"off":[-1.7,1.1]}},{"type":"Feature","geometry":{"type":"Point","coordinates":[20.011008,50.006305]},"properties":{"line":"195","mode":"bus","color":"#0059a9","colorDark":"#00294f","band":3,"off":[1.7,1.1]}},{"type":"Feature","geometry":{"type":"Point","coordinates":[19.930328,50.096258]},"properties":{"name":"Prądnik Biały","band":3,"modes":"bus","arr":["144","904"],"off":[0,-0.8]}},{"type":"Feature","geometry":{"type":"Point","coordinates":[19.930328,50.096258]},"properties":{"line":"144","mode":"bus","color":"#0059a9","colorDark":"#00294f","band":3,"off":[-1.7,1.1]}},{"type":"Feature","geometry":{"type":"Point","coordinates":[19.930328,50.096258]},"properties":{"line":"904","mode":"bus","color":"#0059a9","colorDark":"#00294f","band":3,"off":[1.7,1.1]}},{"type":"Feature","geometry":{"type":"Point","coordinates":[19.811858,50.041919]},"properties":{"name":"Bielany Obwodnica","band":3,"modes":"bus","arr":["146"],"off":[0,-0.8]}},{"type":"Feature","geometry":{"type":"Point","coordinates":[19.811858,50.041919]},"properties":{"line":"146","mode":"bus","color":"#0059a9","colorDark":"#00294f","band":3,"off":[0,1.1]}},{"type":"Feature","geometry":{"type":"Point","coordinates":[20.015141,50.075117]},"properties":{"name":"Czyżyny Dworzec","band":3,"modes":"bus","arr":["148","202","212","222","232","262","611"],"off":[0,-0.8]}},{"type":"Feature","geometry":{"type":"Point","coordinates":[20.015141,50.075117]},"properties":{"line":"148","mode":"bus","color":"#0059a9","colorDark":"#00294f","band":3,"off":[-6.8,1.1]}},{"type":"Feature","geometry":{"type":"Point","coordinates":[20.015141,50.075117]},"properties":{"line":"202","mode":"bus","color":"#0059a9","colorDark":"#00294f","band":3,"off":[-3.4,1.1]}},{"type":"Feature","geometry":{"type":"Point","coordinates":[20.015141,50.075117]},"properties":{"line":"212","mode":"bus","color":"#0059a9","colorDark":"#00294f","band":3,"off":[0,1.1]}},{"type":"Feature","geometry":{"type":"Point","coordinates":[20.015141,50.075117]},"properties":{"line":"222","mode":"bus","color":"#0059a9","colorDark":"#00294f","band":3,"off":[3.4,1.1]}},{"type":"Feature","geometry":{"type":"Point","coordinates":[20.015141,50.075117]},"properties":{"line":"232","mode":"bus","color":"#0059a9","colorDark":"#00294f","band":3,"off":[6.8,1.1]}},{"type":"Feature","geometry":{"type":"Point","coordinates":[20.015141,50.075117]},"properties":{"line":"262","mode":"bus","color":"#0059a9","colorDark":"#00294f","band":3,"off":[-1.7,3.1]}},{"type":"Feature","geometry":{"type":"Point","coordinates":[20.015141,50.075117]},"properties":{"line":"611","mode":"bus","color":"#0059a9","colorDark":"#00294f","band":3,"off":[1.7,3.1]}},{"type":"Feature","geometry":{"type":"Point","coordinates":[20.064063,50.099457]},"properties":{"name":"Szpital Okulistyczny","band":3,"modes":"bus","arr":["149"],"off":[0,-0.8]}},{"type":"Feature","geometry":{"type":"Point","coordinates":[20.064063,50.099457]},"properties":{"line":"149","mode":"bus","color":"#0059a9","colorDark":"#00294f","band":3,"off":[0,1.1]}},{"type":"Feature","geometry":{"type":"Point","coordinates":[20.003628,50.009332]},"properties":{"name":"Miejskie Centrum Opieki","band":3,"modes":"bus","arr":["153","513"],"off":[0,-0.8]}},{"type":"Feature","geometry":{"type":"Point","coordinates":[20.003628,50.009332]},"properties":{"line":"153","mode":"bus","color":"#0059a9","colorDark":"#00294f","band":3,"off":[-1.7,1.1]}},{"type":"Feature","geometry":{"type":"Point","coordinates":[20.003628,50.009332]},"properties":{"line":"513","mode":"bus","color":"#0059a9","colorDark":"#00294f","band":3,"off":[1.7,1.1]}},{"type":"Feature","geometry":{"type":"Point","coordinates":[20.052868,50.008396]},"properties":{"name":"Bieżanów Potrzask","band":3,"modes":"bus","arr":["153"],"off":[0,-0.8]}},{"type":"Feature","geometry":{"type":"Point","coordinates":[20.052868,50.008396]},"properties":{"line":"153","mode":"bus","color":"#0059a9","colorDark":"#00294f","band":3,"off":[0,1.1]}},{"type":"Feature","geometry":{"type":"Point","coordinates":[20.023117,50.015187]},"properties":{"name":"Nowy Bieżanów P+R","band":3,"modes":"bus","arr":["669"],"off":[0,-0.8]}},{"type":"Feature","geometry":{"type":"Point","coordinates":[20.023117,50.015187]},"properties":{"line":"669","mode":"bus","color":"#0059a9","colorDark":"#00294f","band":3,"off":[0,1.1]}},{"type":"Feature","geometry":{"type":"Point","coordinates":[19.872223,49.988466]},"properties":{"name":"Sidzina","band":3,"modes":"bus","arr":["156","175","475","610"],"off":[0,-0.8]}},{"type":"Feature","geometry":{"type":"Point","coordinates":[19.872223,49.988466]},"properties":{"line":"156","mode":"bus","color":"#0059a9","colorDark":"#00294f","band":3,"off":[-5.1,1.1]}},{"type":"Feature","geometry":{"type":"Point","coordinates":[19.872223,49.988466]},"properties":{"line":"175","mode":"bus","color":"#0059a9","colorDark":"#00294f","band":3,"off":[-1.7,1.1]}},{"type":"Feature","geometry":{"type":"Point","coordinates":[19.872223,49.988466]},"properties":{"line":"475","mode":"bus","color":"#0059a9","colorDark":"#00294f","band":3,"off":[1.7,1.1]}},{"type":"Feature","geometry":{"type":"Point","coordinates":[19.872223,49.988466]},"properties":{"line":"610","mode":"bus","color":"#0059a9","colorDark":"#00294f","band":3,"off":[5.1,1.1]}},{"type":"Feature","geometry":{"type":"Point","coordinates":[20.060015,50.047636]},"properties":{"name":"Podwierzbie","band":3,"modes":"bus","arr":["158"],"off":[0,-0.8]}},{"type":"Feature","geometry":{"type":"Point","coordinates":[20.060015,50.047636]},"properties":{"line":"158","mode":"bus","color":"#0059a9","colorDark":"#00294f","band":3,"off":[0,1.1]}},{"type":"Feature","geometry":{"type":"Point","coordinates":[19.852131,50.028654]},"properties":{"name":"Kostrze OSP","band":3,"modes":"bus","arr":["176","476"],"off":[0,-0.8]}},{"type":"Feature","geometry":{"type":"Point","coordinates":[19.852131,50.028654]},"properties":{"line":"176","mode":"bus","color":"#0059a9","colorDark":"#00294f","band":3,"off":[-1.7,1.1]}},{"type":"Feature","geometry":{"type":"Point","coordinates":[19.852131,50.028654]},"properties":{"line":"476","mode":"bus","color":"#0059a9","colorDark":"#00294f","band":3,"off":[1.7,1.1]}},{"type":"Feature","geometry":{"type":"Point","coordinates":[19.970085,50.015255]},"properties":{"name":"Piaski Nowe","band":3,"modes":"bus","arr":["164"],"off":[0,-0.8]}},{"type":"Feature","geometry":{"type":"Point","coordinates":[19.970085,50.015255]},"properties":{"line":"164","mode":"bus","color":"#0059a9","colorDark":"#00294f","band":3,"off":[0,1.1]}},{"type":"Feature","geometry":{"type":"Point","coordinates":[19.840191,50.090888]},"properties":{"name":"Mydlniki Wapiennik P+R","band":3,"modes":"bus","arr":["164","199","601"],"off":[0,-0.8]}},{"type":"Feature","geometry":{"type":"Point","coordinates":[19.840191,50.090888]},"properties":{"line":"164","mode":"bus","color":"#0059a9","colorDark":"#00294f","band":3,"off":[-3.4,1.1]}},{"type":"Feature","geometry":{"type":"Point","coordinates":[19.840191,50.090888]},"properties":{"line":"199","mode":"bus","color":"#0059a9","colorDark":"#00294f","band":3,"off":[0,1.1]}},{"type":"Feature","geometry":{"type":"Point","coordinates":[19.840191,50.090888]},"properties":{"line":"601","mode":"bus","color":"#0059a9","colorDark":"#00294f","band":3,"off":[3.4,1.1]}},{"type":"Feature","geometry":{"type":"Point","coordinates":[19.897171,50.093306]},"properties":{"name":"Chełmońskiego Pętla","band":3,"modes":"bus","arr":["168","511","611"],"off":[0,-0.8]}},{"type":"Feature","geometry":{"type":"Point","coordinates":[19.897171,50.093306]},"properties":{"line":"168","mode":"bus","color":"#0059a9","colorDark":"#00294f","band":3,"off":[-3.4,1.1]}},{"type":"Feature","geometry":{"type":"Point","coordinates":[19.897171,50.093306]},"properties":{"line":"511","mode":"bus","color":"#0059a9","colorDark":"#00294f","band":3,"off":[0,1.1]}},{"type":"Feature","geometry":{"type":"Point","coordinates":[19.897171,50.093306]},"properties":{"line":"611","mode":"bus","color":"#0059a9","colorDark":"#00294f","band":3,"off":[3.4,1.1]}},{"type":"Feature","geometry":{"type":"Point","coordinates":[19.982916,50.005789]},"properties":{"name":"Piaski Wielkie","band":3,"modes":"bus","arr":["169","433","469"],"off":[0,-0.8]}},{"type":"Feature","geometry":{"type":"Point","coordinates":[19.982916,50.005789]},"properties":{"line":"169","mode":"bus","color":"#0059a9","colorDark":"#00294f","band":3,"off":[-3.4,1.1]}},{"type":"Feature","geometry":{"type":"Point","coordinates":[19.982916,50.005789]},"properties":{"line":"433","mode":"bus","color":"#0059a9","colorDark":"#00294f","band":3,"off":[0,1.1]}},{"type":"Feature","geometry":{"type":"Point","coordinates":[19.982916,50.005789]},"properties":{"line":"469","mode":"bus","color":"#0059a9","colorDark":"#00294f","band":3,"off":[3.4,1.1]}},{"type":"Feature","geometry":{"type":"Point","coordinates":[20.18965,50.113616]},"properties":{"name":"Wróżenice","band":3,"modes":"bus","arr":["171"],"off":[0,-0.8]}},{"type":"Feature","geometry":{"type":"Point","coordinates":[20.18965,50.113616]},"properties":{"line":"171","mode":"bus","color":"#0059a9","colorDark":"#00294f","band":3,"off":[0,1.1]}},{"type":"Feature","geometry":{"type":"Point","coordinates":[20.015539,50.012695]},"properties":{"name":"Nowy Bieżanów Południe","band":3,"modes":"bus","arr":["173","234","244","274","284","503"],"off":[0,-0.8]}},{"type":"Feature","geometry":{"type":"Point","coordinates":[20.015539,50.012695]},"properties":{"line":"173","mode":"bus","color":"#0059a9","colorDark":"#00294f","band":3,"off":[-6.8,1.1]}},{"type":"Feature","geometry":{"type":"Point","coordinates":[20.015539,50.012695]},"properties":{"line":"234","mode":"bus","color":"#0059a9","colorDark":"#00294f","band":3,"off":[-3.4,1.1]}},{"type":"Feature","geometry":{"type":"Point","coordinates":[20.015539,50.012695]},"properties":{"line":"244","mode":"bus","color":"#0059a9","colorDark":"#00294f","band":3,"off":[0,1.1]}},{"type":"Feature","geometry":{"type":"Point","coordinates":[20.015539,50.012695]},"properties":{"line":"274","mode":"bus","color":"#0059a9","colorDark":"#00294f","band":3,"off":[3.4,1.1]}},{"type":"Feature","geometry":{"type":"Point","coordinates":[20.015539,50.012695]},"properties":{"line":"284","mode":"bus","color":"#0059a9","colorDark":"#00294f","band":3,"off":[6.8,1.1]}},{"type":"Feature","geometry":{"type":"Point","coordinates":[20.015539,50.012695]},"properties":{"line":"503","mode":"bus","color":"#0059a9","colorDark":"#00294f","band":3,"off":[0,3.1]}},{"type":"Feature","geometry":{"type":"Point","coordinates":[20.035573,50.071743]},"properties":{"name":"Plac Centralny im. R.Reagana","band":3,"modes":"tram,bus","arr":["62","189","662"],"off":[0,-0.8]}},{"type":"Feature","geometry":{"type":"Point","coordinates":[20.035573,50.071743]},"properties":{"line":"62","mode":"tram","color":"#d6212b","colorDark":"#7c1116","band":3,"off":[-3.4,1.1]}},{"type":"Feature","geometry":{"type":"Point","coordinates":[20.035573,50.071743]},"properties":{"line":"189","mode":"bus","color":"#0059a9","colorDark":"#00294f","band":3,"off":[0,1.1]}},{"type":"Feature","geometry":{"type":"Point","coordinates":[20.035573,50.071743]},"properties":{"line":"662","mode":"bus","color":"#0059a9","colorDark":"#00294f","band":3,"off":[3.4,1.1]}},{"type":"Feature","geometry":{"type":"Point","coordinates":[19.960371,50.004486]},"properties":{"name":"Os. Kurdwanów","band":3,"modes":"bus","arr":["174","179"],"off":[0,-0.8]}},{"type":"Feature","geometry":{"type":"Point","coordinates":[19.960371,50.004486]},"properties":{"line":"174","mode":"bus","color":"#0059a9","colorDark":"#00294f","band":3,"off":[-1.7,1.1]}},{"type":"Feature","geometry":{"type":"Point","coordinates":[19.960371,50.004486]},"properties":{"line":"179","mode":"bus","color":"#0059a9","colorDark":"#00294f","band":3,"off":[1.7,1.1]}},{"type":"Feature","geometry":{"type":"Point","coordinates":[19.867554,50.038702]},"properties":{"name":"Bodzów","band":3,"modes":"bus","arr":["176"],"off":[0,-0.8]}},{"type":"Feature","geometry":{"type":"Point","coordinates":[19.867554,50.038702]},"properties":{"line":"176","mode":"bus","color":"#0059a9","colorDark":"#00294f","band":3,"off":[0,1.1]}},{"type":"Feature","geometry":{"type":"Point","coordinates":[20.050117,50.097852]},"properties":{"name":"Os. Na Stoku","band":3,"modes":"bus","arr":["182","511","608"],"off":[0,-0.8]}},{"type":"Feature","geometry":{"type":"Point","coordinates":[20.050117,50.097852]},"properties":{"line":"182","mode":"bus","color":"#0059a9","colorDark":"#00294f","band":3,"off":[-3.4,1.1]}},{"type":"Feature","geometry":{"type":"Point","coordinates":[20.050117,50.097852]},"properties":{"line":"511","mode":"bus","color":"#0059a9","colorDark":"#00294f","band":3,"off":[0,1.1]}},{"type":"Feature","geometry":{"type":"Point","coordinates":[20.050117,50.097852]},"properties":{"line":"608","mode":"bus","color":"#0059a9","colorDark":"#00294f","band":3,"off":[3.4,1.1]}},{"type":"Feature","geometry":{"type":"Point","coordinates":[19.805885,50.061861]},"properties":{"name":"Olszanica Bory","band":3,"modes":"bus","arr":["192"],"off":[0,-0.8]}},{"type":"Feature","geometry":{"type":"Point","coordinates":[19.805885,50.061861]},"properties":{"line":"192","mode":"bus","color":"#0059a9","colorDark":"#00294f","band":3,"off":[0,1.1]}},{"type":"Feature","geometry":{"type":"Point","coordinates":[19.685756,50.237652]},"properties":{"name":"Przeginia Kościół","band":3,"modes":"bus","arr":["200"],"off":[0,-0.8]}},{"type":"Feature","geometry":{"type":"Point","coordinates":[19.685756,50.237652]},"properties":{"line":"200","mode":"bus","color":"#0059a9","colorDark":"#00294f","band":3,"off":[0,1.1]}},{"type":"Feature","geometry":{"type":"Point","coordinates":[20.113133,50.135106]},"properties":{"name":"Kocmyrzów-Luborzyca Urząd Gminy","band":3,"modes":"bus","arr":["272"],"off":[0,-0.8]}},{"type":"Feature","geometry":{"type":"Point","coordinates":[20.113133,50.135106]},"properties":{"line":"272","mode":"bus","color":"#0059a9","colorDark":"#00294f","band":3,"off":[0,1.1]}},{"type":"Feature","geometry":{"type":"Point","coordinates":[20.160164,50.187678]},"properties":{"name":"Łososkowice Remiza","band":3,"modes":"bus","arr":["202"],"off":[0,-0.8]}},{"type":"Feature","geometry":{"type":"Point","coordinates":[20.160164,50.187678]},"properties":{"line":"202","mode":"bus","color":"#0059a9","colorDark":"#00294f","band":3,"off":[0,1.1]}},{"type":"Feature","geometry":{"type":"Point","coordinates":[19.82984,49.968547]},"properties":{"name":"Skawina","band":3,"modes":"bus","arr":["203","243","245","283","293","903"],"off":[0,-0.8]}},{"type":"Feature","geometry":{"type":"Point","coordinates":[19.82984,49.968547]},"properties":{"line":"203","mode":"bus","color":"#0059a9","colorDark":"#00294f","band":3,"off":[-6.8,1.1]}},{"type":"Feature","geometry":{"type":"Point","coordinates":[19.82984,49.968547]},"properties":{"line":"243","mode":"bus","color":"#0059a9","colorDark":"#00294f","band":3,"off":[-3.4,1.1]}},{"type":"Feature","geometry":{"type":"Point","coordinates":[19.82984,49.968547]},"properties":{"line":"245","mode":"bus","color":"#0059a9","colorDark":"#00294f","band":3,"off":[0,1.1]}},{"type":"Feature","geometry":{"type":"Point","coordinates":[19.82984,49.968547]},"properties":{"line":"283","mode":"bus","color":"#0059a9","colorDark":"#00294f","band":3,"off":[3.4,1.1]}},{"type":"Feature","geometry":{"type":"Point","coordinates":[19.82984,49.968547]},"properties":{"line":"293","mode":"bus","color":"#0059a9","colorDark":"#00294f","band":3,"off":[6.8,1.1]}},{"type":"Feature","geometry":{"type":"Point","coordinates":[19.82984,49.968547]},"properties":{"line":"903","mode":"bus","color":"#0059a9","colorDark":"#00294f","band":3,"off":[0,3.1]}},{"type":"Feature","geometry":{"type":"Point","coordinates":[20.07487,49.986292]},"properties":{"name":"Wieliczka Kampus","band":3,"modes":"bus","arr":["204","224","244","304","904"],"off":[0,-0.8]}},{"type":"Feature","geometry":{"type":"Point","coordinates":[20.07487,49.986292]},"properties":{"line":"204","mode":"bus","color":"#0059a9","colorDark":"#00294f","band":3,"off":[-6.8,1.1]}},{"type":"Feature","geometry":{"type":"Point","coordinates":[20.07487,49.986292]},"properties":{"line":"224","mode":"bus","color":"#0059a9","colorDark":"#00294f","band":3,"off":[-3.4,1.1]}},{"type":"Feature","geometry":{"type":"Point","coordinates":[20.07487,49.986292]},"properties":{"line":"244","mode":"bus","color":"#0059a9","colorDark":"#00294f","band":3,"off":[0,1.1]}},{"type":"Feature","geometry":{"type":"Point","coordinates":[20.07487,49.986292]},"properties":{"line":"304","mode":"bus","color":"#0059a9","colorDark":"#00294f","band":3,"off":[3.4,1.1]}},{"type":"Feature","geometry":{"type":"Point","coordinates":[20.07487,49.986292]},"properties":{"line":"904","mode":"bus","color":"#0059a9","colorDark":"#00294f","band":3,"off":[6.8,1.1]}},{"type":"Feature","geometry":{"type":"Point","coordinates":[19.910906,50.141004]},"properties":{"name":"Trojanowice Pętla","band":3,"modes":"bus","arr":["207"],"off":[0,-0.8]}},{"type":"Feature","geometry":{"type":"Point","coordinates":[19.910906,50.141004]},"properties":{"line":"207","mode":"bus","color":"#0059a9","colorDark":"#00294f","band":3,"off":[0,1.1]}},{"type":"Feature","geometry":{"type":"Point","coordinates":[19.916672,50.053075]},"properties":{"name":"Salwator","band":3,"modes":"bus","arr":["209","229","239","249","259","269","279","310"],"off":[0,-0.8]}},{"type":"Feature","geometry":{"type":"Point","coordinates":[19.916672,50.053075]},"properties":{"line":"209","mode":"bus","color":"#0059a9","colorDark":"#00294f","band":3,"off":[-6.8,1.1]}},{"type":"Feature","geometry":{"type":"Point","coordinates":[19.916672,50.053075]},"properties":{"line":"229","mode":"bus","color":"#0059a9","colorDark":"#00294f","band":3,"off":[-3.4,1.1]}},{"type":"Feature","geometry":{"type":"Point","coordinates":[19.916672,50.053075]},"properties":{"line":"239","mode":"bus","color":"#0059a9","colorDark":"#00294f","band":3,"off":[0,1.1]}},{"type":"Feature","geometry":{"type":"Point","coordinates":[19.916672,50.053075]},"properties":{"line":"249","mode":"bus","color":"#0059a9","colorDark":"#00294f","band":3,"off":[3.4,1.1]}},{"type":"Feature","geometry":{"type":"Point","coordinates":[19.916672,50.053075]},"properties":{"line":"259","mode":"bus","color":"#0059a9","colorDark":"#00294f","band":3,"off":[6.8,1.1]}},{"type":"Feature","geometry":{"type":"Point","coordinates":[19.916672,50.053075]},"properties":{"line":"269","mode":"bus","color":"#0059a9","colorDark":"#00294f","band":3,"off":[-3.4,3.1]}},{"type":"Feature","geometry":{"type":"Point","coordinates":[19.916672,50.053075]},"properties":{"line":"279","mode":"bus","color":"#0059a9","colorDark":"#00294f","band":3,"off":[0,3.1]}},{"type":"Feature","geometry":{"type":"Point","coordinates":[19.916672,50.053075]},"properties":{"line":"310","mode":"bus","color":"#0059a9","colorDark":"#00294f","band":3,"off":[3.4,3.1]}},{"type":"Feature","geometry":{"type":"Point","coordinates":[19.707347,50.068849]},"properties":{"name":"Mników Skały","band":3,"modes":"bus","arr":["209"],"off":[0,-0.8]}},{"type":"Feature","geometry":{"type":"Point","coordinates":[19.707347,50.068849]},"properties":{"line":"209","mode":"bus","color":"#0059a9","colorDark":"#00294f","band":3,"off":[0,1.1]}},{"type":"Feature","geometry":{"type":"Point","coordinates":[19.800214,50.071704]},"properties":{"name":"Kraków Airport","band":3,"modes":"bus","arr":["300","902"],"off":[0,-0.8]}},{"type":"Feature","geometry":{"type":"Point","coordinates":[19.800214,50.071704]},"properties":{"line":"300","mode":"bus","color":"#0059a9","colorDark":"#00294f","band":3,"off":[-1.7,1.1]}},{"type":"Feature","geometry":{"type":"Point","coordinates":[19.800214,50.071704]},"properties":{"line":"902","mode":"bus","color":"#0059a9","colorDark":"#00294f","band":3,"off":[1.7,1.1]}},{"type":"Feature","geometry":{"type":"Point","coordinates":[19.840839,50.114288]},"properties":{"name":"Modlniczka Centrum Logistyczne","band":3,"modes":"bus","arr":["210"],"off":[0,-0.8]}},{"type":"Feature","geometry":{"type":"Point","coordinates":[19.840839,50.114288]},"properties":{"line":"210","mode":"bus","color":"#0059a9","colorDark":"#00294f","band":3,"off":[0,1.1]}},{"type":"Feature","geometry":{"type":"Point","coordinates":[20.352599,50.080184]},"properties":{"name":"Chobot Leśniczówka","band":3,"modes":"bus","arr":["211"],"off":[0,-0.8]}},{"type":"Feature","geometry":{"type":"Point","coordinates":[20.352599,50.080184]},"properties":{"line":"211","mode":"bus","color":"#0059a9","colorDark":"#00294f","band":3,"off":[0,1.1]}},{"type":"Feature","geometry":{"type":"Point","coordinates":[20.187997,50.126996]},"properties":{"name":"Czulice Kościół","band":3,"modes":"bus","arr":["212","271"],"off":[0,-0.8]}},{"type":"Feature","geometry":{"type":"Point","coordinates":[20.187997,50.126996]},"properties":{"line":"212","mode":"bus","color":"#0059a9","colorDark":"#00294f","band":3,"off":[-1.7,1.1]}},{"type":"Feature","geometry":{"type":"Point","coordinates":[20.187997,50.126996]},"properties":{"line":"271","mode":"bus","color":"#0059a9","colorDark":"#00294f","band":3,"off":[1.7,1.1]}},{"type":"Feature","geometry":{"type":"Point","coordinates":[19.997665,49.958498]},"properties":{"name":"Podstolice Centrum","band":3,"modes":"bus","arr":["214","P2"],"off":[0,-0.8]}},{"type":"Feature","geometry":{"type":"Point","coordinates":[19.997665,49.958498]},"properties":{"line":"214","mode":"bus","color":"#0059a9","colorDark":"#00294f","band":3,"off":[-1.7,1.1]}},{"type":"Feature","geometry":{"type":"Point","coordinates":[19.997665,49.958498]},"properties":{"line":"P2","mode":"bus","color":"#0059a9","colorDark":"#00294f","band":3,"off":[1.7,1.1]}},{"type":"Feature","geometry":{"type":"Point","coordinates":[19.999359,49.934868]},"properties":{"name":"Rzeszotary Panciawa Pętla","band":3,"modes":"bus","arr":["215"],"off":[0,-0.8]}},{"type":"Feature","geometry":{"type":"Point","coordinates":[19.999359,49.934868]},"properties":{"line":"215","mode":"bus","color":"#0059a9","colorDark":"#00294f","band":3,"off":[0,1.1]}},{"type":"Feature","geometry":{"type":"Point","coordinates":[19.946655,49.934314]},"properties":{"name":"Świątniki Górne Urząd Miasta i Gminy","band":3,"modes":"bus","arr":["225","915"],"off":[0,-0.8]}},{"type":"Feature","geometry":{"type":"Point","coordinates":[19.946655,49.934314]},"properties":{"line":"225","mode":"bus","color":"#0059a9","colorDark":"#00294f","band":3,"off":[-1.7,1.1]}},{"type":"Feature","geometry":{"type":"Point","coordinates":[19.946655,49.934314]},"properties":{"line":"915","mode":"bus","color":"#0059a9","colorDark":"#00294f","band":3,"off":[1.7,1.1]}},{"type":"Feature","geometry":{"type":"Point","coordinates":[19.974792,50.128748]},"properties":{"name":"Węgrzce Pętla","band":3,"modes":"bus","arr":["217"],"off":[0,-0.8]}},{"type":"Feature","geometry":{"type":"Point","coordinates":[19.974792,50.128748]},"properties":{"line":"217","mode":"bus","color":"#0059a9","colorDark":"#00294f","band":3,"off":[0,1.1]}},{"type":"Feature","geometry":{"type":"Point","coordinates":[19.801261,50.11952]},"properties":{"name":"Zabierzów Młyn","band":3,"modes":"bus","arr":["218","288"],"off":[0,-0.8]}},{"type":"Feature","geometry":{"type":"Point","coordinates":[19.801261,50.11952]},"properties":{"line":"218","mode":"bus","color":"#0059a9","colorDark":"#00294f","band":3,"off":[-1.7,1.1]}},{"type":"Feature","geometry":{"type":"Point","coordinates":[19.801261,50.11952]},"properties":{"line":"288","mode":"bus","color":"#0059a9","colorDark":"#00294f","band":3,"off":[1.7,1.1]}},{"type":"Feature","geometry":{"type":"Point","coordinates":[19.77852,49.98714]},"properties":{"name":"Jeziorzany Pętla","band":3,"modes":"bus","arr":["219"],"off":[0,-0.8]}},{"type":"Feature","geometry":{"type":"Point","coordinates":[19.77852,49.98714]},"properties":{"line":"219","mode":"bus","color":"#0059a9","colorDark":"#00294f","band":3,"off":[0,1.1]}},{"type":"Feature","geometry":{"type":"Point","coordinates":[19.871023,50.151602]},"properties":{"name":"Giebułtów Morgi","band":3,"modes":"bus","arr":["220"],"off":[0,-0.8]}},{"type":"Feature","geometry":{"type":"Point","coordinates":[19.871023,50.151602]},"properties":{"line":"220","mode":"bus","color":"#0059a9","colorDark":"#00294f","band":3,"off":[0,1.1]}},{"type":"Feature","geometry":{"type":"Point","coordinates":[20.216383,50.037957]},"properties":{"name":"Niepołomice Dworzec","band":3,"modes":"bus","arr":["221","301"],"off":[0,-0.8]}},{"type":"Feature","geometry":{"type":"Point","coordinates":[20.216383,50.037957]},"properties":{"line":"221","mode":"bus","color":"#0059a9","colorDark":"#00294f","band":3,"off":[-1.7,1.1]}},{"type":"Feature","geometry":{"type":"Point","coordinates":[20.216383,50.037957]},"properties":{"line":"301","mode":"bus","color":"#0059a9","colorDark":"#00294f","band":3,"off":[1.7,1.1]}},{"type":"Feature","geometry":{"type":"Point","coordinates":[20.084501,50.245301]},"properties":{"name":"Słomniki Osiedle","band":3,"modes":"bus","arr":["222"],"off":[0,-0.8]}},{"type":"Feature","geometry":{"type":"Point","coordinates":[20.084501,50.245301]},"properties":{"line":"222","mode":"bus","color":"#0059a9","colorDark":"#00294f","band":3,"off":[0,1.1]}},{"type":"Feature","geometry":{"type":"Point","coordinates":[19.628237,49.967187]},"properties":{"name":"Brzeźnica Dworzec","band":3,"modes":"bus","arr":["223"],"off":[0,-0.8]}},{"type":"Feature","geometry":{"type":"Point","coordinates":[19.628237,49.967187]},"properties":{"line":"223","mode":"bus","color":"#0059a9","colorDark":"#00294f","band":3,"off":[0,1.1]}},{"type":"Feature","geometry":{"type":"Point","coordinates":[19.937095,50.012393]},"properties":{"name":"Centrum JP II","band":3,"modes":"bus","arr":["224"],"off":[0,-0.8]}},{"type":"Feature","geometry":{"type":"Point","coordinates":[19.937095,50.012393]},"properties":{"line":"224","mode":"bus","color":"#0059a9","colorDark":"#00294f","band":3,"off":[0,1.1]}},{"type":"Feature","geometry":{"type":"Point","coordinates":[19.931582,50.150454]},"properties":{"name":"Wola Zachariaszowska Szkoła","band":3,"modes":"bus","arr":["280"],"off":[0,-0.8]}},{"type":"Feature","geometry":{"type":"Point","coordinates":[19.931582,50.150454]},"properties":{"line":"280","mode":"bus","color":"#0059a9","colorDark":"#00294f","band":3,"off":[0,1.1]}},{"type":"Feature","geometry":{"type":"Point","coordinates":[19.936106,50.162468]},"properties":{"name":"Górna Wieś Pętla","band":3,"modes":"bus","arr":["227","917"],"off":[0,-0.8]}},{"type":"Feature","geometry":{"type":"Point","coordinates":[19.936106,50.162468]},"properties":{"line":"227","mode":"bus","color":"#0059a9","colorDark":"#00294f","band":3,"off":[-1.7,1.1]}},{"type":"Feature","geometry":{"type":"Point","coordinates":[19.936106,50.162468]},"properties":{"line":"917","mode":"bus","color":"#0059a9","colorDark":"#00294f","band":3,"off":[1.7,1.1]}},{"type":"Feature","geometry":{"type":"Point","coordinates":[19.709536,50.082165]},"properties":{"name":"Chrosna Pętla","band":3,"modes":"bus","arr":["228"],"off":[0,-0.8]}},{"type":"Feature","geometry":{"type":"Point","coordinates":[19.709536,50.082165]},"properties":{"line":"228","mode":"bus","color":"#0059a9","colorDark":"#00294f","band":3,"off":[0,1.1]}},{"type":"Feature","geometry":{"type":"Point","coordinates":[19.586718,50.014955]},"properties":{"name":"Kamień Szkoła","band":3,"modes":"bus","arr":["229"],"off":[0,-0.8]}},{"type":"Feature","geometry":{"type":"Point","coordinates":[19.586718,50.014955]},"properties":{"line":"229","mode":"bus","color":"#0059a9","colorDark":"#00294f","band":3,"off":[0,1.1]}},{"type":"Feature","geometry":{"type":"Point","coordinates":[19.676513,49.98718]},"properties":{"name":"Czernichów Rynek","band":3,"modes":"bus","arr":["249","259"],"off":[0,-0.8]}},{"type":"Feature","geometry":{"type":"Point","coordinates":[19.676513,49.98718]},"properties":{"line":"249","mode":"bus","color":"#0059a9","colorDark":"#00294f","band":3,"off":[-1.7,1.1]}},{"type":"Feature","geometry":{"type":"Point","coordinates":[19.676513,49.98718]},"properties":{"line":"259","mode":"bus","color":"#0059a9","colorDark":"#00294f","band":3,"off":[1.7,1.1]}},{"type":"Feature","geometry":{"type":"Point","coordinates":[19.820314,50.135825]},"properties":{"name":"Ujazd Pętla","band":3,"modes":"bus","arr":["230"],"off":[0,-0.8]}},{"type":"Feature","geometry":{"type":"Point","coordinates":[19.820314,50.135825]},"properties":{"line":"230","mode":"bus","color":"#0059a9","colorDark":"#00294f","band":3,"off":[0,1.1]}},{"type":"Feature","geometry":{"type":"Point","coordinates":[20.109786,50.17753]},"properties":{"name":"Wilków Pętla","band":3,"modes":"bus","arr":["232"],"off":[0,-0.8]}},{"type":"Feature","geometry":{"type":"Point","coordinates":[20.109786,50.17753]},"properties":{"line":"232","mode":"bus","color":"#0059a9","colorDark":"#00294f","band":3,"off":[0,1.1]}},{"type":"Feature","geometry":{"type":"Point","coordinates":[19.821549,49.976504]},"properties":{"name":"Skawina SCK","band":3,"modes":"bus","arr":["233","273","295"],"off":[0,-0.8]}},{"type":"Feature","geometry":{"type":"Point","coordinates":[19.821549,49.976504]},"properties":{"line":"233","mode":"bus","color":"#0059a9","colorDark":"#00294f","band":3,"off":[-3.4,1.1]}},{"type":"Feature","geometry":{"type":"Point","coordinates":[19.821549,49.976504]},"properties":{"line":"273","mode":"bus","color":"#0059a9","colorDark":"#00294f","band":3,"off":[0,1.1]}},{"type":"Feature","geometry":{"type":"Point","coordinates":[19.821549,49.976504]},"properties":{"line":"295","mode":"bus","color":"#0059a9","colorDark":"#00294f","band":3,"off":[3.4,1.1]}},{"type":"Feature","geometry":{"type":"Point","coordinates":[20.115272,50.014811]},"properties":{"name":"Węgrzce Wielkie Pętla","band":3,"modes":"bus","arr":["234","W2","Z1"],"off":[0,-0.8]}},{"type":"Feature","geometry":{"type":"Point","coordinates":[20.115272,50.014811]},"properties":{"line":"234","mode":"bus","color":"#0059a9","colorDark":"#00294f","band":3,"off":[-3.4,1.1]}},{"type":"Feature","geometry":{"type":"Point","coordinates":[20.115272,50.014811]},"properties":{"line":"W2","mode":"bus","color":"#0059a9","colorDark":"#00294f","band":3,"off":[0,1.1]}},{"type":"Feature","geometry":{"type":"Point","coordinates":[20.115272,50.014811]},"properties":{"line":"Z1","mode":"bus","color":"#0059a9","colorDark":"#00294f","band":3,"off":[3.4,1.1]}},{"type":"Feature","geometry":{"type":"Point","coordinates":[19.750439,49.977803]},"properties":{"name":"Ochodza Odwiśle","band":3,"modes":"bus","arr":["235"],"off":[0,-0.8]}},{"type":"Feature","geometry":{"type":"Point","coordinates":[19.750439,49.977803]},"properties":{"line":"235","mode":"bus","color":"#0059a9","colorDark":"#00294f","band":3,"off":[0,1.1]}},{"type":"Feature","geometry":{"type":"Point","coordinates":[19.692375,50.111969]},"properties":{"name":"Młynka Pętla","band":3,"modes":"bus","arr":["238"],"off":[0,-0.8]}},{"type":"Feature","geometry":{"type":"Point","coordinates":[19.692375,50.111969]},"properties":{"line":"238","mode":"bus","color":"#0059a9","colorDark":"#00294f","band":3,"off":[0,1.1]}},{"type":"Feature","geometry":{"type":"Point","coordinates":[19.71184,50.122253]},"properties":{"name":"Rudawa Rynek","band":3,"modes":"bus","arr":["918"],"off":[0,-0.8]}},{"type":"Feature","geometry":{"type":"Point","coordinates":[19.71184,50.122253]},"properties":{"line":"918","mode":"bus","color":"#0059a9","colorDark":"#00294f","band":3,"off":[0,1.1]}},{"type":"Feature","geometry":{"type":"Point","coordinates":[19.727928,49.986356]},"properties":{"name":"Wołowice Kapliczka","band":3,"modes":"bus","arr":["239"],"off":[0,-0.8]}},{"type":"Feature","geometry":{"type":"Point","coordinates":[19.727928,49.986356]},"properties":{"line":"239","mode":"bus","color":"#0059a9","colorDark":"#00294f","band":3,"off":[0,1.1]}},{"type":"Feature","geometry":{"type":"Point","coordinates":[19.897778,50.128192]},"properties":{"name":"Pękowice Ojcowska","band":3,"modes":"bus","arr":["240","290"],"off":[0,-0.8]}},{"type":"Feature","geometry":{"type":"Point","coordinates":[19.897778,50.128192]},"properties":{"line":"240","mode":"bus","color":"#0059a9","colorDark":"#00294f","band":3,"off":[-1.7,1.1]}},{"type":"Feature","geometry":{"type":"Point","coordinates":[19.897778,50.128192]},"properties":{"line":"290","mode":"bus","color":"#0059a9","colorDark":"#00294f","band":3,"off":[1.7,1.1]}},{"type":"Feature","geometry":{"type":"Point","coordinates":[20.13828,50.115926]},"properties":{"name":"Krzysztoforzyce Pętla","band":3,"modes":"bus","arr":["242"],"off":[0,-0.8]}},{"type":"Feature","geometry":{"type":"Point","coordinates":[20.13828,50.115926]},"properties":{"line":"242","mode":"bus","color":"#0059a9","colorDark":"#00294f","band":3,"off":[0,1.1]}},{"type":"Feature","geometry":{"type":"Point","coordinates":[19.87085,49.944031]},"properties":{"name":"Mogilany Pętla","band":3,"modes":"bus","arr":["255"],"off":[0,-0.8]}},{"type":"Feature","geometry":{"type":"Point","coordinates":[19.87085,49.944031]},"properties":{"line":"255","mode":"bus","color":"#0059a9","colorDark":"#00294f","band":3,"off":[0,1.1]}},{"type":"Feature","geometry":{"type":"Point","coordinates":[19.939792,50.123608]},"properties":{"name":"Zielonki Marszowiec Pętla","band":3,"modes":"bus","arr":["247","317"],"off":[0,-0.8]}},{"type":"Feature","geometry":{"type":"Point","coordinates":[19.939792,50.123608]},"properties":{"line":"247","mode":"bus","color":"#0059a9","colorDark":"#00294f","band":3,"off":[-1.7,1.1]}},{"type":"Feature","geometry":{"type":"Point","coordinates":[19.939792,50.123608]},"properties":{"line":"317","mode":"bus","color":"#0059a9","colorDark":"#00294f","band":3,"off":[1.7,1.1]}},{"type":"Feature","geometry":{"type":"Point","coordinates":[19.811559,50.161429]},"properties":{"name":"Zelków Pętla","band":3,"modes":"bus","arr":["248","948"],"off":[0,-0.8]}},{"type":"Feature","geometry":{"type":"Point","coordinates":[19.811559,50.161429]},"properties":{"line":"248","mode":"bus","color":"#0059a9","colorDark":"#00294f","band":3,"off":[-1.7,1.1]}},{"type":"Feature","geometry":{"type":"Point","coordinates":[19.811559,50.161429]},"properties":{"line":"948","mode":"bus","color":"#0059a9","colorDark":"#00294f","band":3,"off":[1.7,1.1]}},{"type":"Feature","geometry":{"type":"Point","coordinates":[20.050642,50.121267]},"properties":{"name":"Zastów Pętla","band":3,"modes":"bus","arr":["250"],"off":[0,-0.8]}},{"type":"Feature","geometry":{"type":"Point","coordinates":[20.050642,50.121267]},"properties":{"line":"250","mode":"bus","color":"#0059a9","colorDark":"#00294f","band":3,"off":[0,1.1]}},{"type":"Feature","geometry":{"type":"Point","coordinates":[19.768405,49.902494]},"properties":{"name":"Wola Radziszowska Pętla","band":3,"modes":"bus","arr":["253"],"off":[0,-0.8]}},{"type":"Feature","geometry":{"type":"Point","coordinates":[19.768405,49.902494]},"properties":{"line":"253","mode":"bus","color":"#0059a9","colorDark":"#00294f","band":3,"off":[0,1.1]}},{"type":"Feature","geometry":{"type":"Point","coordinates":[19.967323,49.973872]},"properties":{"name":"Golkowice Pętla","band":3,"modes":"bus","arr":["254","G3"],"off":[0,-0.8]}},{"type":"Feature","geometry":{"type":"Point","coordinates":[19.967323,49.973872]},"properties":{"line":"254","mode":"bus","color":"#0059a9","colorDark":"#00294f","band":3,"off":[-1.7,1.1]}},{"type":"Feature","geometry":{"type":"Point","coordinates":[19.967323,49.973872]},"properties":{"line":"G3","mode":"bus","color":"#0059a9","colorDark":"#00294f","band":3,"off":[1.7,1.1]}},{"type":"Feature","geometry":{"type":"Point","coordinates":[19.932575,50.180688]},"properties":{"name":"Narama Remiza","band":3,"modes":"bus","arr":["257"],"off":[0,-0.8]}},{"type":"Feature","geometry":{"type":"Point","coordinates":[19.932575,50.180688]},"properties":{"line":"257","mode":"bus","color":"#0059a9","colorDark":"#00294f","band":3,"off":[0,1.1]}},{"type":"Feature","geometry":{"type":"Point","coordinates":[19.709609,50.106673]},"properties":{"name":"Nielepice Pętla","band":3,"modes":"bus","arr":["258","298"],"off":[0,-0.8]}},{"type":"Feature","geometry":{"type":"Point","coordinates":[19.709609,50.106673]},"properties":{"line":"258","mode":"bus","color":"#0059a9","colorDark":"#00294f","band":3,"off":[-1.7,1.1]}},{"type":"Feature","geometry":{"type":"Point","coordinates":[19.709609,50.106673]},"properties":{"line":"298","mode":"bus","color":"#0059a9","colorDark":"#00294f","band":3,"off":[1.7,1.1]}},{"type":"Feature","geometry":{"type":"Point","coordinates":[19.739154,49.999296]},"properties":{"name":"Dąbrowa Szlachecka Krzemiennik","band":3,"modes":"bus","arr":["279"],"off":[0,-0.8]}},{"type":"Feature","geometry":{"type":"Point","coordinates":[19.739154,49.999296]},"properties":{"line":"279","mode":"bus","color":"#0059a9","colorDark":"#00294f","band":3,"off":[0,1.1]}},{"type":"Feature","geometry":{"type":"Point","coordinates":[20.051438,50.14425]},"properties":{"name":"Pielgrzymowice Pętla","band":3,"modes":"bus","arr":["260","270"],"off":[0,-0.8]}},{"type":"Feature","geometry":{"type":"Point","coordinates":[20.051438,50.14425]},"properties":{"line":"260","mode":"bus","color":"#0059a9","colorDark":"#00294f","band":3,"off":[-1.7,1.1]}},{"type":"Feature","geometry":{"type":"Point","coordinates":[20.051438,50.14425]},"properties":{"line":"270","mode":"bus","color":"#0059a9","colorDark":"#00294f","band":3,"off":[1.7,1.1]}},{"type":"Feature","geometry":{"type":"Point","coordinates":[20.15545,50.166445]},"properties":{"name":"Rawałowice Kapliczka","band":3,"modes":"bus","arr":["262"],"off":[0,-0.8]}},{"type":"Feature","geometry":{"type":"Point","coordinates":[20.15545,50.166445]},"properties":{"line":"262","mode":"bus","color":"#0059a9","colorDark":"#00294f","band":3,"off":[0,1.1]}},{"type":"Feature","geometry":{"type":"Point","coordinates":[20.139398,50.040548]},"properties":{"name":"Grabie Kościół","band":3,"modes":"bus","arr":["264"],"off":[0,-0.8]}},{"type":"Feature","geometry":{"type":"Point","coordinates":[20.139398,50.040548]},"properties":{"line":"264","mode":"bus","color":"#0059a9","colorDark":"#00294f","band":3,"off":[0,1.1]}},{"type":"Feature","geometry":{"type":"Point","coordinates":[19.921219,49.944223]},"properties":{"name":"Konary Pętla","band":3,"modes":"bus","arr":["265"],"off":[0,-0.8]}},{"type":"Feature","geometry":{"type":"Point","coordinates":[19.921219,49.944223]},"properties":{"line":"265","mode":"bus","color":"#0059a9","colorDark":"#00294f","band":3,"off":[0,1.1]}},{"type":"Feature","geometry":{"type":"Point","coordinates":[19.85384,50.230306]},"properties":{"name":"Skała Rynek","band":3,"modes":"bus","arr":["267"],"off":[0,-0.8]}},{"type":"Feature","geometry":{"type":"Point","coordinates":[19.85384,50.230306]},"properties":{"line":"267","mode":"bus","color":"#0059a9","colorDark":"#00294f","band":3,"off":[0,1.1]}},{"type":"Feature","geometry":{"type":"Point","coordinates":[19.773918,50.152471]},"properties":{"name":"Karniowice Pętla","band":3,"modes":"bus","arr":["268"],"off":[0,-0.8]}},{"type":"Feature","geometry":{"type":"Point","coordinates":[19.773918,50.152471]},"properties":{"line":"268","mode":"bus","color":"#0059a9","colorDark":"#00294f","band":3,"off":[0,1.1]}},{"type":"Feature","geometry":{"type":"Point","coordinates":[19.679937,50.042324]},"properties":{"name":"Czułówek Kapliczka","band":3,"modes":"bus","arr":["269"],"off":[0,-0.8]}},{"type":"Feature","geometry":{"type":"Point","coordinates":[19.679937,50.042324]},"properties":{"line":"269","mode":"bus","color":"#0059a9","colorDark":"#00294f","band":3,"off":[0,1.1]}},{"type":"Feature","geometry":{"type":"Point","coordinates":[19.768024,49.932971]},"properties":{"name":"Polanka Hallera Centrum","band":3,"modes":"bus","arr":["273"],"off":[0,-0.8]}},{"type":"Feature","geometry":{"type":"Point","coordinates":[19.768024,49.932971]},"properties":{"line":"273","mode":"bus","color":"#0059a9","colorDark":"#00294f","band":3,"off":[0,1.1]}},{"type":"Feature","geometry":{"type":"Point","coordinates":[20.147059,49.957324]},"properties":{"name":"Trąbki P+R","band":3,"modes":"bus","arr":["274"],"off":[0,-0.8]}},{"type":"Feature","geometry":{"type":"Point","coordinates":[20.147059,49.957324]},"properties":{"line":"274","mode":"bus","color":"#0059a9","colorDark":"#00294f","band":3,"off":[0,1.1]}},{"type":"Feature","geometry":{"type":"Point","coordinates":[19.902952,49.913617]},"properties":{"name":"Włosań Centrum","band":3,"modes":"bus","arr":["275"],"off":[0,-0.8]}},{"type":"Feature","geometry":{"type":"Point","coordinates":[19.902952,49.913617]},"properties":{"line":"275","mode":"bus","color":"#0059a9","colorDark":"#00294f","band":3,"off":[0,1.1]}},{"type":"Feature","geometry":{"type":"Point","coordinates":[19.979629,50.220568]},"properties":{"name":"Iwanowice Dworskie Pętla","band":3,"modes":"bus","arr":["277"],"off":[0,-0.8]}},{"type":"Feature","geometry":{"type":"Point","coordinates":[19.979629,50.220568]},"properties":{"line":"277","mode":"bus","color":"#0059a9","colorDark":"#00294f","band":3,"off":[0,1.1]}},{"type":"Feature","geometry":{"type":"Point","coordinates":[19.709393,50.148281]},"properties":{"name":"Radwanowice Pętla","band":3,"modes":"bus","arr":["278"],"off":[0,-0.8]}},{"type":"Feature","geometry":{"type":"Point","coordinates":[19.709393,50.148281]},"properties":{"line":"278","mode":"bus","color":"#0059a9","colorDark":"#00294f","band":3,"off":[0,1.1]}},{"type":"Feature","geometry":{"type":"Point","coordinates":[20.057021,49.985142]},"properties":{"name":"Wieliczka Centrum Dw.","band":3,"modes":"bus","arr":["284","B2","D2","G3","G4","J1","L1","P2","R2","W2","Z1"],"off":[0,-0.8]}},{"type":"Feature","geometry":{"type":"Point","coordinates":[20.057021,49.985142]},"properties":{"name":"Wieliczka Centrum","band":3,"modes":"bus","arr":["284","B2","D2","G3","G4","J1","L1","P2","R2","W2","Z1"],"off":[0,-3]}},{"type":"Feature","geometry":{"type":"Point","coordinates":[20.057021,49.985142]},"properties":{"line":"284","mode":"bus","color":"#0059a9","colorDark":"#00294f","band":3,"off":[-6.8,1.1]}},{"type":"Feature","geometry":{"type":"Point","coordinates":[20.057021,49.985142]},"properties":{"line":"B2","mode":"bus","color":"#0059a9","colorDark":"#00294f","band":3,"off":[-3.4,1.1]}},{"type":"Feature","geometry":{"type":"Point","coordinates":[20.057021,49.985142]},"properties":{"line":"D2","mode":"bus","color":"#0059a9","colorDark":"#00294f","band":3,"off":[0,1.1]}},{"type":"Feature","geometry":{"type":"Point","coordinates":[20.057021,49.985142]},"properties":{"line":"G3","mode":"bus","color":"#0059a9","colorDark":"#00294f","band":3,"off":[3.4,1.1]}},{"type":"Feature","geometry":{"type":"Point","coordinates":[20.057021,49.985142]},"properties":{"line":"G4","mode":"bus","color":"#0059a9","colorDark":"#00294f","band":3,"off":[6.8,1.1]}},{"type":"Feature","geometry":{"type":"Point","coordinates":[20.057021,49.985142]},"properties":{"line":"J1","mode":"bus","color":"#0059a9","colorDark":"#00294f","band":3,"off":[-6.8,3.1]}},{"type":"Feature","geometry":{"type":"Point","coordinates":[20.057021,49.985142]},"properties":{"line":"L1","mode":"bus","color":"#0059a9","colorDark":"#00294f","band":3,"off":[-3.4,3.1]}},{"type":"Feature","geometry":{"type":"Point","coordinates":[20.057021,49.985142]},"properties":{"line":"P2","mode":"bus","color":"#0059a9","colorDark":"#00294f","band":3,"off":[0,3.1]}},{"type":"Feature","geometry":{"type":"Point","coordinates":[20.057021,49.985142]},"properties":{"line":"R2","mode":"bus","color":"#0059a9","colorDark":"#00294f","band":3,"off":[3.4,3.1]}},{"type":"Feature","geometry":{"type":"Point","coordinates":[20.057021,49.985142]},"properties":{"line":"W2","mode":"bus","color":"#0059a9","colorDark":"#00294f","band":3,"off":[6.8,3.1]}},{"type":"Feature","geometry":{"type":"Point","coordinates":[20.057021,49.985142]},"properties":{"line":"Z1","mode":"bus","color":"#0059a9","colorDark":"#00294f","band":3,"off":[0,5.1]}},{"type":"Feature","geometry":{"type":"Point","coordinates":[19.973933,49.954177]},"properties":{"name":"Ochojno Remiza","band":3,"modes":"bus","arr":["285"],"off":[0,-0.8]}},{"type":"Feature","geometry":{"type":"Point","coordinates":[19.973933,49.954177]},"properties":{"line":"285","mode":"bus","color":"#0059a9","colorDark":"#00294f","band":3,"off":[0,1.1]}},{"type":"Feature","geometry":{"type":"Point","coordinates":[19.735684,49.926523]},"properties":{"name":"Grabie Pętla","band":3,"modes":"bus","arr":["295"],"off":[0,-0.8]}},{"type":"Feature","geometry":{"type":"Point","coordinates":[19.735684,49.926523]},"properties":{"line":"295","mode":"bus","color":"#0059a9","colorDark":"#00294f","band":3,"off":[0,1.1]}},{"type":"Feature","geometry":{"type":"Point","coordinates":[19.98316,50.128605]},"properties":{"name":"Boleń Pętla","band":3,"modes":"bus","arr":["297"],"off":[0,-0.8]}},{"type":"Feature","geometry":{"type":"Point","coordinates":[19.98316,50.128605]},"properties":{"line":"297","mode":"bus","color":"#0059a9","colorDark":"#00294f","band":3,"off":[0,1.1]}},{"type":"Feature","geometry":{"type":"Point","coordinates":[19.978463,50.158847]},"properties":{"name":"Michałowice P+R","band":3,"modes":"bus","arr":["307"],"off":[0,-0.8]}},{"type":"Feature","geometry":{"type":"Point","coordinates":[19.978463,50.158847]},"properties":{"line":"307","mode":"bus","color":"#0059a9","colorDark":"#00294f","band":3,"off":[0,1.1]}},{"type":"Feature","geometry":{"type":"Point","coordinates":[19.747297,50.158629]},"properties":{"name":"Będkowice Pętla","band":3,"modes":"bus","arr":["310","910"],"off":[0,-0.8]}},{"type":"Feature","geometry":{"type":"Point","coordinates":[19.747297,50.158629]},"properties":{"line":"310","mode":"bus","color":"#0059a9","colorDark":"#00294f","band":3,"off":[-1.7,1.1]}},{"type":"Feature","geometry":{"type":"Point","coordinates":[19.747297,50.158629]},"properties":{"line":"910","mode":"bus","color":"#0059a9","colorDark":"#00294f","band":3,"off":[1.7,1.1]}},{"type":"Feature","geometry":{"type":"Point","coordinates":[19.913274,50.174296]},"properties":{"name":"Owczary Pętla","band":3,"modes":"bus","arr":["337","937"],"off":[0,-0.8]}},{"type":"Feature","geometry":{"type":"Point","coordinates":[19.913274,50.174296]},"properties":{"line":"337","mode":"bus","color":"#0059a9","colorDark":"#00294f","band":3,"off":[-1.7,1.1]}},{"type":"Feature","geometry":{"type":"Point","coordinates":[19.913274,50.174296]},"properties":{"line":"937","mode":"bus","color":"#0059a9","colorDark":"#00294f","band":3,"off":[1.7,1.1]}},{"type":"Feature","geometry":{"type":"Point","coordinates":[19.885921,50.10939]},"properties":{"name":"Tonie","band":3,"modes":"bus","arr":["420"],"off":[0,-0.8]}},{"type":"Feature","geometry":{"type":"Point","coordinates":[19.885921,50.10939]},"properties":{"line":"420","mode":"bus","color":"#0059a9","colorDark":"#00294f","band":3,"off":[0,1.1]}},{"type":"Feature","geometry":{"type":"Point","coordinates":[19.984158,50.077039]},"properties":{"name":"Ugorek","band":3,"modes":"bus","arr":["424"],"off":[0,-0.8]}},{"type":"Feature","geometry":{"type":"Point","coordinates":[19.984158,50.077039]},"properties":{"line":"424","mode":"bus","color":"#0059a9","colorDark":"#00294f","band":3,"off":[0,1.1]}},{"type":"Feature","geometry":{"type":"Point","coordinates":[19.936235,50.030094]},"properties":{"name":"Łagiewniki","band":3,"modes":"bus","arr":["433","915"],"off":[0,-0.8]}},{"type":"Feature","geometry":{"type":"Point","coordinates":[19.936235,50.030094]},"properties":{"line":"433","mode":"bus","color":"#0059a9","colorDark":"#00294f","band":3,"off":[-1.7,1.1]}},{"type":"Feature","geometry":{"type":"Point","coordinates":[19.936235,50.030094]},"properties":{"line":"915","mode":"bus","color":"#0059a9","colorDark":"#00294f","band":3,"off":[1.7,1.1]}},{"type":"Feature","geometry":{"type":"Point","coordinates":[19.924051,50.100539]},"properties":{"name":"Prądnik Biały Zachód","band":3,"modes":"bus","arr":["513"],"off":[0,-0.8]}},{"type":"Feature","geometry":{"type":"Point","coordinates":[19.924051,50.100539]},"properties":{"line":"513","mode":"bus","color":"#0059a9","colorDark":"#00294f","band":3,"off":[0,1.1]}},{"type":"Feature","geometry":{"type":"Point","coordinates":[19.932254,50.058355]},"properties":{"name":"Filharmonia","band":3,"modes":"bus","arr":["706"],"off":[0,-0.8]}},{"type":"Feature","geometry":{"type":"Point","coordinates":[19.932254,50.058355]},"properties":{"line":"706","mode":"bus","color":"#0059a9","colorDark":"#00294f","band":3,"off":[0,1.1]}},{"type":"Feature","geometry":{"type":"Point","coordinates":[20.094776,50.03133]},"properties":{"name":"Brzegi Pętla","band":3,"modes":"bus","arr":["B2","G4"],"off":[0,-0.8]}},{"type":"Feature","geometry":{"type":"Point","coordinates":[20.094776,50.03133]},"properties":{"line":"B2","mode":"bus","color":"#0059a9","colorDark":"#00294f","band":3,"off":[-1.7,1.1]}},{"type":"Feature","geometry":{"type":"Point","coordinates":[20.094776,50.03133]},"properties":{"line":"G4","mode":"bus","color":"#0059a9","colorDark":"#00294f","band":3,"off":[1.7,1.1]}},{"type":"Feature","geometry":{"type":"Point","coordinates":[20.116625,49.942639]},"properties":{"name":"Dobranowice Szkoła","band":3,"modes":"bus","arr":["D2"],"off":[0,-0.8]}},{"type":"Feature","geometry":{"type":"Point","coordinates":[20.116625,49.942639]},"properties":{"line":"D2","mode":"bus","color":"#0059a9","colorDark":"#00294f","band":3,"off":[0,1.1]}},{"type":"Feature","geometry":{"type":"Point","coordinates":[20.013111,49.95408]},"properties":{"name":"Janowice Szkoła","band":3,"modes":"bus","arr":["J1"],"off":[0,-0.8]}},{"type":"Feature","geometry":{"type":"Point","coordinates":[20.013111,49.95408]},"properties":{"line":"J1","mode":"bus","color":"#0059a9","colorDark":"#00294f","band":3,"off":[0,1.1]}},{"type":"Feature","geometry":{"type":"Point","coordinates":[20.086377,49.977513]},"properties":{"name":"Lednica Górna Zakręt","band":3,"modes":"bus","arr":["L1"],"off":[0,-0.8]}},{"type":"Feature","geometry":{"type":"Point","coordinates":[20.086377,49.977513]},"properties":{"line":"L1","mode":"bus","color":"#0059a9","colorDark":"#00294f","band":3,"off":[0,1.1]}},{"type":"Feature","geometry":{"type":"Point","coordinates":[20.062191,49.924355]},"properties":{"name":"Jankówka Skrzyżowanie","band":3,"modes":"bus","arr":["R2"],"off":[0,-0.8]}},{"type":"Feature","geometry":{"type":"Point","coordinates":[20.062191,49.924355]},"properties":{"line":"R2","mode":"bus","color":"#0059a9","colorDark":"#00294f","band":3,"off":[0,1.1]}},{"type":"Feature","geometry":{"type":"Point","coordinates":[19.913735,50.052706]},"properties":{"name":"Salwator","band":3,"modes":"tram","arr":["1","13"],"off":[0,-0.8]}},{"type":"Feature","geometry":{"type":"Point","coordinates":[19.913735,50.052706]},"properties":{"line":"1","mode":"tram","color":"#d6212b","colorDark":"#7c1116","band":3,"off":[-1.7,1.1]}},{"type":"Feature","geometry":{"type":"Point","coordinates":[19.913735,50.052706]},"properties":{"line":"13","mode":"tram","color":"#d6212b","colorDark":"#7c1116","band":3,"off":[1.7,1.1]}},{"type":"Feature","geometry":{"type":"Point","coordinates":[20.064855,50.094596]},"properties":{"name":"Wzgórza Krzesławickie","band":3,"modes":"tram","arr":["1","5"],"off":[0,-0.8]}},{"type":"Feature","geometry":{"type":"Point","coordinates":[20.064855,50.094596]},"properties":{"line":"1","mode":"tram","color":"#d6212b","colorDark":"#7c1116","band":3,"off":[-1.7,1.1]}},{"type":"Feature","geometry":{"type":"Point","coordinates":[20.064855,50.094596]},"properties":{"line":"5","mode":"tram","color":"#d6212b","colorDark":"#7c1116","band":3,"off":[1.7,1.1]}},{"type":"Feature","geometry":{"type":"Point","coordinates":[19.940383,50.075925]},"properties":{"name":"Dworzec Towarowy","band":3,"modes":"tram","arr":["14","17"],"off":[0,-0.8]}},{"type":"Feature","geometry":{"type":"Point","coordinates":[19.940383,50.075925]},"properties":{"line":"14","mode":"tram","color":"#d6212b","colorDark":"#7c1116","band":3,"off":[-1.7,1.1]}},{"type":"Feature","geometry":{"type":"Point","coordinates":[19.940383,50.075925]},"properties":{"line":"17","mode":"tram","color":"#d6212b","colorDark":"#7c1116","band":3,"off":[1.7,1.1]}},{"type":"Feature","geometry":{"type":"Point","coordinates":[20.065491,50.084208]},"properties":{"name":"PH","band":3,"modes":"tram","arr":["3","50","69"],"off":[0,-0.8]}},{"type":"Feature","geometry":{"type":"Point","coordinates":[20.065491,50.084208]},"properties":{"line":"3","mode":"tram","color":"#d6212b","colorDark":"#7c1116","band":3,"off":[-3.4,1.1]}},{"type":"Feature","geometry":{"type":"Point","coordinates":[20.065491,50.084208]},"properties":{"line":"50","mode":"tram","color":"#d6212b","colorDark":"#7c1116","band":3,"off":[0,1.1]}},{"type":"Feature","geometry":{"type":"Point","coordinates":[20.065491,50.084208]},"properties":{"line":"69","mode":"tram","color":"#d6212b","colorDark":"#7c1116","band":3,"off":[3.4,1.1]}},{"type":"Feature","geometry":{"type":"Point","coordinates":[20.023063,50.015594]},"properties":{"name":"Nowy Bieżanów P+R","band":3,"modes":"tram","arr":["3","9","13","49","69"],"off":[0,-0.8]}},{"type":"Feature","geometry":{"type":"Point","coordinates":[20.023063,50.015594]},"properties":{"line":"3","mode":"tram","color":"#d6212b","colorDark":"#7c1116","band":3,"off":[-6.8,1.1]}},{"type":"Feature","geometry":{"type":"Point","coordinates":[20.023063,50.015594]},"properties":{"line":"9","mode":"tram","color":"#d6212b","colorDark":"#7c1116","band":3,"off":[-3.4,1.1]}},{"type":"Feature","geometry":{"type":"Point","coordinates":[20.023063,50.015594]},"properties":{"line":"13","mode":"tram","color":"#d6212b","colorDark":"#7c1116","band":3,"off":[0,1.1]}},{"type":"Feature","geometry":{"type":"Point","coordinates":[20.023063,50.015594]},"properties":{"line":"49","mode":"tram","color":"#d6212b","colorDark":"#7c1116","band":3,"off":[3.4,1.1]}},{"type":"Feature","geometry":{"type":"Point","coordinates":[20.023063,50.015594]},"properties":{"line":"69","mode":"tram","color":"#d6212b","colorDark":"#7c1116","band":3,"off":[6.8,1.1]}},{"type":"Feature","geometry":{"type":"Point","coordinates":[20.021371,50.090091]},"properties":{"name":"Rondo Hipokratesa","band":3,"modes":"tram","arr":["9"],"off":[0,-0.8]}},{"type":"Feature","geometry":{"type":"Point","coordinates":[20.021371,50.090091]},"properties":{"line":"9","mode":"tram","color":"#d6212b","colorDark":"#7c1116","band":3,"off":[0,1.1]}},{"type":"Feature","geometry":{"type":"Point","coordinates":[20.064912,50.067772]},"properties":{"name":"Bardosa","band":3,"modes":"tram","arr":["75"],"off":[0,-0.8]}},{"type":"Feature","geometry":{"type":"Point","coordinates":[20.064912,50.067772]},"properties":{"line":"75","mode":"tram","color":"#d6212b","colorDark":"#7c1116","band":3,"off":[0,1.1]}},{"type":"Feature","geometry":{"type":"Point","coordinates":[19.948094,50.014078]},"properties":{"name":"Kurdwanów P+R","band":3,"modes":"tram","arr":["10","24"],"off":[0,-0.8]}},{"type":"Feature","geometry":{"type":"Point","coordinates":[19.948094,50.014078]},"properties":{"line":"10","mode":"tram","color":"#d6212b","colorDark":"#7c1116","band":3,"off":[-1.7,1.1]}},{"type":"Feature","geometry":{"type":"Point","coordinates":[19.948094,50.014078]},"properties":{"line":"24","mode":"tram","color":"#d6212b","colorDark":"#7c1116","band":3,"off":[1.7,1.1]}},{"type":"Feature","geometry":{"type":"Point","coordinates":[20.000177,50.094441]},"properties":{"name":"Miśnieńska","band":3,"modes":"tram","arr":["14"],"off":[0,-0.8]}},{"type":"Feature","geometry":{"type":"Point","coordinates":[20.000177,50.094441]},"properties":{"line":"14","mode":"tram","color":"#d6212b","colorDark":"#7c1116","band":3,"off":[0,1.1]}},{"type":"Feature","geometry":{"type":"Point","coordinates":[19.957307,50.101629]},"properties":{"name":"Papierni Prądnickich","band":3,"modes":"tram","arr":["50","69"],"off":[0,-0.8]}},{"type":"Feature","geometry":{"type":"Point","coordinates":[19.957307,50.101629]},"properties":{"line":"50","mode":"tram","color":"#d6212b","colorDark":"#7c1116","band":3,"off":[-1.7,1.1]}},{"type":"Feature","geometry":{"type":"Point","coordinates":[19.957307,50.101629]},"properties":{"line":"69","mode":"tram","color":"#d6212b","colorDark":"#7c1116","band":3,"off":[1.7,1.1]}},{"type":"Feature","geometry":{"type":"Point","coordinates":[20.06696,50.069703]},"properties":{"name":"Kopiec Wandy","band":3,"modes":"tram","arr":["22"],"off":[0,-0.8]}},{"type":"Feature","geometry":{"type":"Point","coordinates":[20.06696,50.069703]},"properties":{"line":"22","mode":"tram","color":"#d6212b","colorDark":"#7c1116","band":3,"off":[0,1.1]}},{"type":"Feature","geometry":{"type":"Point","coordinates":[19.927011,50.013093]},"properties":{"name":"Borek Fałęcki","band":3,"modes":"tram","arr":["22","50"],"off":[0,-0.8]}},{"type":"Feature","geometry":{"type":"Point","coordinates":[19.927011,50.013093]},"properties":{"line":"22","mode":"tram","color":"#d6212b","colorDark":"#7c1116","band":3,"off":[-1.7,1.1]}},{"type":"Feature","geometry":{"type":"Point","coordinates":[19.927011,50.013093]},"properties":{"line":"50","mode":"tram","color":"#d6212b","colorDark":"#7c1116","band":3,"off":[1.7,1.1]}},{"type":"Feature","geometry":{"type":"Point","coordinates":[19.985167,50.072101]},"properties":{"name":"TAURON Arena Kraków Wieczysta","band":3,"modes":"tram","arr":["49"],"off":[0,-0.8]}},{"type":"Feature","geometry":{"type":"Point","coordinates":[19.985167,50.072101]},"properties":{"line":"49","mode":"tram","color":"#d6212b","colorDark":"#7c1116","band":3,"off":[0,1.1]}},{"type":"Feature","geometry":{"type":"Point","coordinates":[19.9574,50.074278]},"properties":{"name":"Cmentarz Rakowicki","band":3,"modes":"tram","arr":["76"],"off":[0,-0.8]}},{"type":"Feature","geometry":{"type":"Point","coordinates":[19.9574,50.074278]},"properties":{"line":"76","mode":"tram","color":"#d6212b","colorDark":"#7c1116","band":3,"off":[0,1.1]}},{"type":"Feature","geometry":{"type":"Point","coordinates":[19.81985,50.043294]},"properties":{"name":"Bielany","band":4,"modes":"bus","arr":["102","609"],"off":[0,-0.8]}},{"type":"Feature","geometry":{"type":"Point","coordinates":[19.81985,50.043294]},"properties":{"line":"102","mode":"bus","color":"#0059a9","colorDark":"#00294f","band":4,"off":[-1.7,1.1]}},{"type":"Feature","geometry":{"type":"Point","coordinates":[19.81985,50.043294]},"properties":{"line":"609","mode":"bus","color":"#0059a9","colorDark":"#00294f","band":4,"off":[1.7,1.1]}},{"type":"Feature","geometry":{"type":"Point","coordinates":[19.903677,50.063013]},"properties":{"name":"Cichy Kącik","band":4,"modes":"bus","arr":["706"],"off":[0,-0.8]}},{"type":"Feature","geometry":{"type":"Point","coordinates":[19.903677,50.063013]},"properties":{"line":"706","mode":"bus","color":"#0059a9","colorDark":"#00294f","band":4,"off":[0,1.1]}},{"type":"Feature","geometry":{"type":"Point","coordinates":[19.931216,50.088526]},"properties":{"name":"Krowodrza Górka P+R","band":4,"modes":"bus","arr":["102","168","194","207","220","227","240","267","290","937"],"off":[0,-0.8]}},{"type":"Feature","geometry":{"type":"Point","coordinates":[19.931216,50.088526]},"properties":{"line":"102","mode":"bus","color":"#0059a9","colorDark":"#00294f","band":4,"off":[-6.8,1.1]}},{"type":"Feature","geometry":{"type":"Point","coordinates":[19.931216,50.088526]},"properties":{"line":"168","mode":"bus","color":"#0059a9","colorDark":"#00294f","band":4,"off":[-3.4,1.1]}},{"type":"Feature","geometry":{"type":"Point","coordinates":[19.931216,50.088526]},"properties":{"line":"194","mode":"bus","color":"#0059a9","colorDark":"#00294f","band":4,"off":[0,1.1]}},{"type":"Feature","geometry":{"type":"Point","coordinates":[19.931216,50.088526]},"properties":{"line":"207","mode":"bus","color":"#0059a9","colorDark":"#00294f","band":4,"off":[3.4,1.1]}},{"type":"Feature","geometry":{"type":"Point","coordinates":[19.931216,50.088526]},"properties":{"line":"220","mode":"bus","color":"#0059a9","colorDark":"#00294f","band":4,"off":[6.8,1.1]}},{"type":"Feature","geometry":{"type":"Point","coordinates":[19.931216,50.088526]},"properties":{"line":"227","mode":"bus","color":"#0059a9","colorDark":"#00294f","band":4,"off":[-6.8,3.1]}},{"type":"Feature","geometry":{"type":"Point","coordinates":[19.931216,50.088526]},"properties":{"line":"240","mode":"bus","color":"#0059a9","colorDark":"#00294f","band":4,"off":[-3.4,3.1]}},{"type":"Feature","geometry":{"type":"Point","coordinates":[19.931216,50.088526]},"properties":{"line":"267","mode":"bus","color":"#0059a9","colorDark":"#00294f","band":4,"off":[0,3.1]}},{"type":"Feature","geometry":{"type":"Point","coordinates":[19.931216,50.088526]},"properties":{"line":"290","mode":"bus","color":"#0059a9","colorDark":"#00294f","band":4,"off":[3.4,3.1]}},{"type":"Feature","geometry":{"type":"Point","coordinates":[19.931216,50.088526]},"properties":{"line":"937","mode":"bus","color":"#0059a9","colorDark":"#00294f","band":4,"off":[6.8,3.1]}},{"type":"Feature","geometry":{"type":"Point","coordinates":[19.927736,49.999781]},"properties":{"name":"Swoszowice SKA","band":4,"modes":"bus","arr":["104","155"],"off":[0,-0.8]}},{"type":"Feature","geometry":{"type":"Point","coordinates":[19.927736,49.999781]},"properties":{"line":"104","mode":"bus","color":"#0059a9","colorDark":"#00294f","band":4,"off":[-1.7,1.1]}},{"type":"Feature","geometry":{"type":"Point","coordinates":[19.927736,49.999781]},"properties":{"line":"155","mode":"bus","color":"#0059a9","colorDark":"#00294f","band":4,"off":[1.7,1.1]}},{"type":"Feature","geometry":{"type":"Point","coordinates":[19.89718,49.998657]},"properties":{"name":"Os. Pod Fortem","band":4,"modes":"bus","arr":["151","191","194","494","608"],"off":[0,-0.8]}},{"type":"Feature","geometry":{"type":"Point","coordinates":[19.89718,49.998657]},"properties":{"line":"151","mode":"bus","color":"#0059a9","colorDark":"#00294f","band":4,"off":[-6.8,1.1]}},{"type":"Feature","geometry":{"type":"Point","coordinates":[19.89718,49.998657]},"properties":{"line":"191","mode":"bus","color":"#0059a9","colorDark":"#00294f","band":4,"off":[-3.4,1.1]}},{"type":"Feature","geometry":{"type":"Point","coordinates":[19.89718,49.998657]},"properties":{"line":"194","mode":"bus","color":"#0059a9","colorDark":"#00294f","band":4,"off":[0,1.1]}},{"type":"Feature","geometry":{"type":"Point","coordinates":[19.89718,49.998657]},"properties":{"line":"494","mode":"bus","color":"#0059a9","colorDark":"#00294f","band":4,"off":[3.4,1.1]}},{"type":"Feature","geometry":{"type":"Point","coordinates":[19.89718,49.998657]},"properties":{"line":"608","mode":"bus","color":"#0059a9","colorDark":"#00294f","band":4,"off":[6.8,1.1]}},{"type":"Feature","geometry":{"type":"Point","coordinates":[19.889249,50.01809]},"properties":{"name":"Czerwone Maki P+R","band":4,"modes":"tram,bus","arr":["11","17","18","52","62","104","116","156","203","204","223","233","253","283","476","662","903"],"off":[0,-0.8]}},{"type":"Feature","geometry":{"type":"Point","coordinates":[19.889249,50.01809]},"properties":{"line":"11","mode":"tram","color":"#d6212b","colorDark":"#7c1116","band":4,"off":[-6.8,1.1]}},{"type":"Feature","geometry":{"type":"Point","coordinates":[19.889249,50.01809]},"properties":{"line":"17","mode":"tram","color":"#d6212b","colorDark":"#7c1116","band":4,"off":[-3.4,1.1]}},{"type":"Feature","geometry":{"type":"Point","coordinates":[19.889249,50.01809]},"properties":{"line":"18","mode":"tram","color":"#d6212b","colorDark":"#7c1116","band":4,"off":[0,1.1]}},{"type":"Feature","geometry":{"type":"Point","coordinates":[19.889249,50.01809]},"properties":{"line":"52","mode":"tram","color":"#d6212b","colorDark":"#7c1116","band":4,"off":[3.4,1.1]}},{"type":"Feature","geometry":{"type":"Point","coordinates":[19.889249,50.01809]},"properties":{"line":"62","mode":"tram","color":"#d6212b","colorDark":"#7c1116","band":4,"off":[6.8,1.1]}},{"type":"Feature","geometry":{"type":"Point","coordinates":[19.889249,50.01809]},"properties":{"line":"104","mode":"bus","color":"#0059a9","colorDark":"#00294f","band":4,"off":[-6.8,3.1]}},{"type":"Feature","geometry":{"type":"Point","coordinates":[19.889249,50.01809]},"properties":{"line":"116","mode":"bus","color":"#0059a9","colorDark":"#00294f","band":4,"off":[-3.4,3.1]}},{"type":"Feature","geometry":{"type":"Point","coordinates":[19.889249,50.01809]},"properties":{"line":"156","mode":"bus","color":"#0059a9","colorDark":"#00294f","band":4,"off":[0,3.1]}},{"type":"Feature","geometry":{"type":"Point","coordinates":[19.889249,50.01809]},"properties":{"line":"203","mode":"bus","color":"#0059a9","colorDark":"#00294f","band":4,"off":[3.4,3.1]}},{"type":"Feature","geometry":{"type":"Point","coordinates":[19.889249,50.01809]},"properties":{"line":"204","mode":"bus","color":"#0059a9","colorDark":"#00294f","band":4,"off":[6.8,3.1]}},{"type":"Feature","geometry":{"type":"Point","coordinates":[19.889249,50.01809]},"properties":{"line":"223","mode":"bus","color":"#0059a9","colorDark":"#00294f","band":4,"off":[-6.8,5.1]}},{"type":"Feature","geometry":{"type":"Point","coordinates":[19.889249,50.01809]},"properties":{"line":"233","mode":"bus","color":"#0059a9","colorDark":"#00294f","band":4,"off":[-3.4,5.1]}},{"type":"Feature","geometry":{"type":"Point","coordinates":[19.889249,50.01809]},"properties":{"line":"253","mode":"bus","color":"#0059a9","colorDark":"#00294f","band":4,"off":[0,5.1]}},{"type":"Feature","geometry":{"type":"Point","coordinates":[19.889249,50.01809]},"properties":{"line":"283","mode":"bus","color":"#0059a9","colorDark":"#00294f","band":4,"off":[3.4,5.1]}},{"type":"Feature","geometry":{"type":"Point","coordinates":[19.889249,50.01809]},"properties":{"line":"476","mode":"bus","color":"#0059a9","colorDark":"#00294f","band":4,"off":[6.8,5.1]}},{"type":"Feature","geometry":{"type":"Point","coordinates":[19.889249,50.01809]},"properties":{"line":"662","mode":"bus","color":"#0059a9","colorDark":"#00294f","band":4,"off":[-1.7,7.1]}},{"type":"Feature","geometry":{"type":"Point","coordinates":[19.889249,50.01809]},"properties":{"line":"903","mode":"bus","color":"#0059a9","colorDark":"#00294f","band":4,"off":[1.7,7.1]}},{"type":"Feature","geometry":{"type":"Point","coordinates":[20.012793,50.102029]},"properties":{"name":"Os. Piastów","band":4,"modes":"bus","arr":["105","664"],"off":[0,-0.8]}},{"type":"Feature","geometry":{"type":"Point","coordinates":[20.012793,50.102029]},"properties":{"line":"105","mode":"bus","color":"#0059a9","colorDark":"#00294f","band":4,"off":[-1.7,1.1]}},{"type":"Feature","geometry":{"type":"Point","coordinates":[20.012793,50.102029]},"properties":{"line":"664","mode":"bus","color":"#0059a9","colorDark":"#00294f","band":4,"off":[1.7,1.1]}},{"type":"Feature","geometry":{"type":"Point","coordinates":[19.974273,50.09678]},"properties":{"name":"Prądnik Czerwony P+R","band":4,"modes":"bus","arr":["199","250","260","270","405","610"],"off":[0,-0.8]}},{"type":"Feature","geometry":{"type":"Point","coordinates":[19.974273,50.09678]},"properties":{"line":"199","mode":"bus","color":"#0059a9","colorDark":"#00294f","band":4,"off":[-6.8,1.1]}},{"type":"Feature","geometry":{"type":"Point","coordinates":[19.974273,50.09678]},"properties":{"line":"250","mode":"bus","color":"#0059a9","colorDark":"#00294f","band":4,"off":[-3.4,1.1]}},{"type":"Feature","geometry":{"type":"Point","coordinates":[19.974273,50.09678]},"properties":{"line":"260","mode":"bus","color":"#0059a9","colorDark":"#00294f","band":4,"off":[0,1.1]}},{"type":"Feature","geometry":{"type":"Point","coordinates":[19.974273,50.09678]},"properties":{"line":"270","mode":"bus","color":"#0059a9","colorDark":"#00294f","band":4,"off":[3.4,1.1]}},{"type":"Feature","geometry":{"type":"Point","coordinates":[19.974273,50.09678]},"properties":{"line":"405","mode":"bus","color":"#0059a9","colorDark":"#00294f","band":4,"off":[6.8,1.1]}},{"type":"Feature","geometry":{"type":"Point","coordinates":[19.974273,50.09678]},"properties":{"line":"610","mode":"bus","color":"#0059a9","colorDark":"#00294f","band":4,"off":[0,3.1]}},{"type":"Feature","geometry":{"type":"Point","coordinates":[19.944591,50.068584]},"properties":{"name":"Dworzec Główny Zachód","band":4,"modes":"bus","arr":["105","130","132","179","304","405"],"off":[0,-0.8]}},{"type":"Feature","geometry":{"type":"Point","coordinates":[19.944591,50.068584]},"properties":{"line":"105","mode":"bus","color":"#0059a9","colorDark":"#00294f","band":4,"off":[-6.8,1.1]}},{"type":"Feature","geometry":{"type":"Point","coordinates":[19.944591,50.068584]},"properties":{"line":"130","mode":"bus","color":"#0059a9","colorDark":"#00294f","band":4,"off":[-3.4,1.1]}},{"type":"Feature","geometry":{"type":"Point","coordinates":[19.944591,50.068584]},"properties":{"line":"132","mode":"bus","color":"#0059a9","colorDark":"#00294f","band":4,"off":[0,1.1]}},{"type":"Feature","geometry":{"type":"Point","coordinates":[19.944591,50.068584]},"properties":{"line":"179","mode":"bus","color":"#0059a9","colorDark":"#00294f","band":4,"off":[3.4,1.1]}},{"type":"Feature","geometry":{"type":"Point","coordinates":[19.944591,50.068584]},"properties":{"line":"304","mode":"bus","color":"#0059a9","colorDark":"#00294f","band":4,"off":[6.8,1.1]}},{"type":"Feature","geometry":{"type":"Point","coordinates":[19.944591,50.068584]},"properties":{"line":"405","mode":"bus","color":"#0059a9","colorDark":"#00294f","band":4,"off":[0,3.1]}},{"type":"Feature","geometry":{"type":"Point","coordinates":[19.96038,50.023325]},"properties":{"name":"Zajezdnia Wola Duchacka","band":4,"modes":"bus","arr":["107","169"],"off":[0,-0.8]}},{"type":"Feature","geometry":{"type":"Point","coordinates":[19.96038,50.023325]},"properties":{"line":"107","mode":"bus","color":"#0059a9","colorDark":"#00294f","band":4,"off":[-1.7,1.1]}},{"type":"Feature","geometry":{"type":"Point","coordinates":[19.96038,50.023325]},"properties":{"line":"169","mode":"bus","color":"#0059a9","colorDark":"#00294f","band":4,"off":[1.7,1.1]}},{"type":"Feature","geometry":{"type":"Point","coordinates":[19.990101,49.979669]},"properties":{"name":"Soboniowice","band":4,"modes":"bus","arr":["107"],"off":[0,-0.8]}},{"type":"Feature","geometry":{"type":"Point","coordinates":[19.990101,49.979669]},"properties":{"line":"107","mode":"bus","color":"#0059a9","colorDark":"#00294f","band":4,"off":[0,1.1]}},{"type":"Feature","geometry":{"type":"Point","coordinates":[20.117665,50.072987]},"properties":{"name":"Pleszów","band":4,"modes":"bus","arr":["111","160","161","171","211","271"],"off":[0,-0.8]}},{"type":"Feature","geometry":{"type":"Point","coordinates":[20.117665,50.072987]},"properties":{"line":"111","mode":"bus","color":"#0059a9","colorDark":"#00294f","band":4,"off":[-6.8,1.1]}},{"type":"Feature","geometry":{"type":"Point","coordinates":[20.117665,50.072987]},"properties":{"line":"160","mode":"bus","color":"#0059a9","colorDark":"#00294f","band":4,"off":[-3.4,1.1]}},{"type":"Feature","geometry":{"type":"Point","coordinates":[20.117665,50.072987]},"properties":{"line":"161","mode":"bus","color":"#0059a9","colorDark":"#00294f","band":4,"off":[0,1.1]}},{"type":"Feature","geometry":{"type":"Point","coordinates":[20.117665,50.072987]},"properties":{"line":"171","mode":"bus","color":"#0059a9","colorDark":"#00294f","band":4,"off":[3.4,1.1]}},{"type":"Feature","geometry":{"type":"Point","coordinates":[20.117665,50.072987]},"properties":{"line":"211","mode":"bus","color":"#0059a9","colorDark":"#00294f","band":4,"off":[6.8,1.1]}},{"type":"Feature","geometry":{"type":"Point","coordinates":[20.117665,50.072987]},"properties":{"line":"271","mode":"bus","color":"#0059a9","colorDark":"#00294f","band":4,"off":[0,3.1]}},{"type":"Feature","geometry":{"type":"Point","coordinates":[19.932715,50.046697]},"properties":{"name":"Os. Podwawelskie","band":4,"modes":"bus","arr":["112","124","126","146","162","219","300","424"],"off":[0,-0.8]}},{"type":"Feature","geometry":{"type":"Point","coordinates":[19.932715,50.046697]},"properties":{"line":"112","mode":"bus","color":"#0059a9","colorDark":"#00294f","band":4,"off":[-6.8,1.1]}},{"type":"Feature","geometry":{"type":"Point","coordinates":[19.932715,50.046697]},"properties":{"line":"124","mode":"bus","color":"#0059a9","colorDark":"#00294f","band":4,"off":[-3.4,1.1]}},{"type":"Feature","geometry":{"type":"Point","coordinates":[19.932715,50.046697]},"properties":{"line":"126","mode":"bus","color":"#0059a9","colorDark":"#00294f","band":4,"off":[0,1.1]}},{"type":"Feature","geometry":{"type":"Point","coordinates":[19.932715,50.046697]},"properties":{"line":"146","mode":"bus","color":"#0059a9","colorDark":"#00294f","band":4,"off":[3.4,1.1]}},{"type":"Feature","geometry":{"type":"Point","coordinates":[19.932715,50.046697]},"properties":{"line":"162","mode":"bus","color":"#0059a9","colorDark":"#00294f","band":4,"off":[6.8,1.1]}},{"type":"Feature","geometry":{"type":"Point","coordinates":[19.932715,50.046697]},"properties":{"line":"219","mode":"bus","color":"#0059a9","colorDark":"#00294f","band":4,"off":[-3.4,3.1]}},{"type":"Feature","geometry":{"type":"Point","coordinates":[19.932715,50.046697]},"properties":{"line":"300","mode":"bus","color":"#0059a9","colorDark":"#00294f","band":4,"off":[0,3.1]}},{"type":"Feature","geometry":{"type":"Point","coordinates":[19.932715,50.046697]},"properties":{"line":"424","mode":"bus","color":"#0059a9","colorDark":"#00294f","band":4,"off":[3.4,3.1]}},{"type":"Feature","geometry":{"type":"Point","coordinates":[19.814497,50.008312]},"properties":{"name":"Tyniec Kamieniołom","band":4,"modes":"bus","arr":["112"],"off":[0,-0.8]}},{"type":"Feature","geometry":{"type":"Point","coordinates":[19.814497,50.008312]},"properties":{"line":"112","mode":"bus","color":"#0059a9","colorDark":"#00294f","band":4,"off":[0,1.1]}},{"type":"Feature","geometry":{"type":"Point","coordinates":[19.844449,50.006403]},"properties":{"name":"Podgórki Tynieckie","band":4,"modes":"bus","arr":["116","162"],"off":[0,-0.8]}},{"type":"Feature","geometry":{"type":"Point","coordinates":[19.844449,50.006403]},"properties":{"line":"116","mode":"bus","color":"#0059a9","colorDark":"#00294f","band":4,"off":[-1.7,1.1]}},{"type":"Feature","geometry":{"type":"Point","coordinates":[19.844449,50.006403]},"properties":{"line":"162","mode":"bus","color":"#0059a9","colorDark":"#00294f","band":4,"off":[1.7,1.1]}},{"type":"Feature","geometry":{"type":"Point","coordinates":[19.881664,50.082185]},"properties":{"name":"Bronowice Małe","band":4,"modes":"bus","arr":["120","200","210","218","228","230","238","248","258","268","278","288","298","664","910","918","948"],"off":[0,-0.8]}},{"type":"Feature","geometry":{"type":"Point","coordinates":[19.881664,50.082185]},"properties":{"line":"120","mode":"bus","color":"#0059a9","colorDark":"#00294f","band":4,"off":[-6.8,1.1]}},{"type":"Feature","geometry":{"type":"Point","coordinates":[19.881664,50.082185]},"properties":{"line":"200","mode":"bus","color":"#0059a9","colorDark":"#00294f","band":4,"off":[-3.4,1.1]}},{"type":"Feature","geometry":{"type":"Point","coordinates":[19.881664,50.082185]},"properties":{"line":"210","mode":"bus","color":"#0059a9","colorDark":"#00294f","band":4,"off":[0,1.1]}},{"type":"Feature","geometry":{"type":"Point","coordinates":[19.881664,50.082185]},"properties":{"line":"218","mode":"bus","color":"#0059a9","colorDark":"#00294f","band":4,"off":[3.4,1.1]}},{"type":"Feature","geometry":{"type":"Point","coordinates":[19.881664,50.082185]},"properties":{"line":"228","mode":"bus","color":"#0059a9","colorDark":"#00294f","band":4,"off":[6.8,1.1]}},{"type":"Feature","geometry":{"type":"Point","coordinates":[19.881664,50.082185]},"properties":{"line":"230","mode":"bus","color":"#0059a9","colorDark":"#00294f","band":4,"off":[-6.8,3.1]}},{"type":"Feature","geometry":{"type":"Point","coordinates":[19.881664,50.082185]},"properties":{"line":"238","mode":"bus","color":"#0059a9","colorDark":"#00294f","band":4,"off":[-3.4,3.1]}},{"type":"Feature","geometry":{"type":"Point","coordinates":[19.881664,50.082185]},"properties":{"line":"248","mode":"bus","color":"#0059a9","colorDark":"#00294f","band":4,"off":[0,3.1]}},{"type":"Feature","geometry":{"type":"Point","coordinates":[19.881664,50.082185]},"properties":{"line":"258","mode":"bus","color":"#0059a9","colorDark":"#00294f","band":4,"off":[3.4,3.1]}},{"type":"Feature","geometry":{"type":"Point","coordinates":[19.881664,50.082185]},"properties":{"line":"268","mode":"bus","color":"#0059a9","colorDark":"#00294f","band":4,"off":[6.8,3.1]}},{"type":"Feature","geometry":{"type":"Point","coordinates":[19.881664,50.082185]},"properties":{"line":"278","mode":"bus","color":"#0059a9","colorDark":"#00294f","band":4,"off":[-6.8,5.1]}},{"type":"Feature","geometry":{"type":"Point","coordinates":[19.881664,50.082185]},"properties":{"line":"288","mode":"bus","color":"#0059a9","colorDark":"#00294f","band":4,"off":[-3.4,5.1]}},{"type":"Feature","geometry":{"type":"Point","coordinates":[19.881664,50.082185]},"properties":{"line":"298","mode":"bus","color":"#0059a9","colorDark":"#00294f","band":4,"off":[0,5.1]}},{"type":"Feature","geometry":{"type":"Point","coordinates":[19.881664,50.082185]},"properties":{"line":"664","mode":"bus","color":"#0059a9","colorDark":"#00294f","band":4,"off":[3.4,5.1]}},{"type":"Feature","geometry":{"type":"Point","coordinates":[19.881664,50.082185]},"properties":{"line":"910","mode":"bus","color":"#0059a9","colorDark":"#00294f","band":4,"off":[6.8,5.1]}},{"type":"Feature","geometry":{"type":"Point","coordinates":[19.881664,50.082185]},"properties":{"line":"918","mode":"bus","color":"#0059a9","colorDark":"#00294f","band":4,"off":[-1.7,7.1]}},{"type":"Feature","geometry":{"type":"Point","coordinates":[19.881664,50.082185]},"properties":{"line":"948","mode":"bus","color":"#0059a9","colorDark":"#00294f","band":4,"off":[1.7,7.1]}},{"type":"Feature","geometry":{"type":"Point","coordinates":[19.936133,50.074864]},"properties":{"name":"Nowy Kleparz","band":4,"modes":"bus","arr":["120","140","189","301","337","420"],"off":[0,-0.8]}},{"type":"Feature","geometry":{"type":"Point","coordinates":[19.936133,50.074864]},"properties":{"line":"120","mode":"bus","color":"#0059a9","colorDark":"#00294f","band":4,"off":[-6.8,1.1]}},{"type":"Feature","geometry":{"type":"Point","coordinates":[19.936133,50.074864]},"properties":{"line":"140","mode":"bus","color":"#0059a9","colorDark":"#00294f","band":4,"off":[-3.4,1.1]}},{"type":"Feature","geometry":{"type":"Point","coordinates":[19.936133,50.074864]},"properties":{"line":"189","mode":"bus","color":"#0059a9","colorDark":"#00294f","band":4,"off":[0,1.1]}},{"type":"Feature","geometry":{"type":"Point","coordinates":[19.936133,50.074864]},"properties":{"line":"301","mode":"bus","color":"#0059a9","colorDark":"#00294f","band":4,"off":[3.4,1.1]}},{"type":"Feature","geometry":{"type":"Point","coordinates":[19.936133,50.074864]},"properties":{"line":"337","mode":"bus","color":"#0059a9","colorDark":"#00294f","band":4,"off":[6.8,1.1]}},{"type":"Feature","geometry":{"type":"Point","coordinates":[19.936133,50.074864]},"properties":{"line":"420","mode":"bus","color":"#0059a9","colorDark":"#00294f","band":4,"off":[0,3.1]}},{"type":"Feature","geometry":{"type":"Point","coordinates":[19.926646,50.011341]},"properties":{"name":"Borek Fałęcki","band":4,"modes":"bus","arr":["121","151","175","191","214","215","225","235","243","245","254","255","265","275","285","293","475"],"off":[0,-0.8]}},{"type":"Feature","geometry":{"type":"Point","coordinates":[19.926646,50.011341]},"properties":{"line":"121","mode":"bus","color":"#0059a9","colorDark":"#00294f","band":4,"off":[-6.8,1.1]}},{"type":"Feature","geometry":{"type":"Point","coordinates":[19.926646,50.011341]},"properties":{"line":"151","mode":"bus","color":"#0059a9","colorDark":"#00294f","band":4,"off":[-3.4,1.1]}},{"type":"Feature","geometry":{"type":"Point","coordinates":[19.926646,50.011341]},"properties":{"line":"175","mode":"bus","color":"#0059a9","colorDark":"#00294f","band":4,"off":[0,1.1]}},{"type":"Feature","geometry":{"type":"Point","coordinates":[19.926646,50.011341]},"properties":{"line":"191","mode":"bus","color":"#0059a9","colorDark":"#00294f","band":4,"off":[3.4,1.1]}},{"type":"Feature","geometry":{"type":"Point","coordinates":[19.926646,50.011341]},"properties":{"line":"214","mode":"bus","color":"#0059a9","colorDark":"#00294f","band":4,"off":[6.8,1.1]}},{"type":"Feature","geometry":{"type":"Point","coordinates":[19.926646,50.011341]},"properties":{"line":"215","mode":"bus","color":"#0059a9","colorDark":"#00294f","band":4,"off":[-6.8,3.1]}},{"type":"Feature","geometry":{"type":"Point","coordinates":[19.926646,50.011341]},"properties":{"line":"225","mode":"bus","color":"#0059a9","colorDark":"#00294f","band":4,"off":[-3.4,3.1]}},{"type":"Feature","geometry":{"type":"Point","coordinates":[19.926646,50.011341]},"properties":{"line":"235","mode":"bus","color":"#0059a9","colorDark":"#00294f","band":4,"off":[0,3.1]}},{"type":"Feature","geometry":{"type":"Point","coordinates":[19.926646,50.011341]},"properties":{"line":"243","mode":"bus","color":"#0059a9","colorDark":"#00294f","band":4,"off":[3.4,3.1]}},{"type":"Feature","geometry":{"type":"Point","coordinates":[19.926646,50.011341]},"properties":{"line":"245","mode":"bus","color":"#0059a9","colorDark":"#00294f","band":4,"off":[6.8,3.1]}},{"type":"Feature","geometry":{"type":"Point","coordinates":[19.926646,50.011341]},"properties":{"line":"254","mode":"bus","color":"#0059a9","colorDark":"#00294f","band":4,"off":[-6.8,5.1]}},{"type":"Feature","geometry":{"type":"Point","coordinates":[19.926646,50.011341]},"properties":{"line":"255","mode":"bus","color":"#0059a9","colorDark":"#00294f","band":4,"off":[-3.4,5.1]}},{"type":"Feature","geometry":{"type":"Point","coordinates":[19.926646,50.011341]},"properties":{"line":"265","mode":"bus","color":"#0059a9","colorDark":"#00294f","band":4,"off":[0,5.1]}},{"type":"Feature","geometry":{"type":"Point","coordinates":[19.926646,50.011341]},"properties":{"line":"275","mode":"bus","color":"#0059a9","colorDark":"#00294f","band":4,"off":[3.4,5.1]}},{"type":"Feature","geometry":{"type":"Point","coordinates":[19.926646,50.011341]},"properties":{"line":"285","mode":"bus","color":"#0059a9","colorDark":"#00294f","band":4,"off":[6.8,5.1]}},{"type":"Feature","geometry":{"type":"Point","coordinates":[19.926646,50.011341]},"properties":{"line":"293","mode":"bus","color":"#0059a9","colorDark":"#00294f","band":4,"off":[-1.7,7.1]}},{"type":"Feature","geometry":{"type":"Point","coordinates":[19.926646,50.011341]},"properties":{"line":"475","mode":"bus","color":"#0059a9","colorDark":"#00294f","band":4,"off":[1.7,7.1]}},{"type":"Feature","geometry":{"type":"Point","coordinates":[19.911619,49.995364]},"properties":{"name":"Kliny Poranne","band":4,"modes":"bus","arr":["121"],"off":[0,-0.8]}},{"type":"Feature","geometry":{"type":"Point","coordinates":[19.911619,49.995364]},"properties":{"line":"121","mode":"bus","color":"#0059a9","colorDark":"#00294f","band":4,"off":[0,1.1]}},{"type":"Feature","geometry":{"type":"Point","coordinates":[20.033967,50.075209]},"properties":{"name":"Aleja Przyjaźni","band":4,"modes":"bus","arr":["122","160","572"],"off":[0,-0.8]}},{"type":"Feature","geometry":{"type":"Point","coordinates":[20.033967,50.075209]},"properties":{"line":"122","mode":"bus","color":"#0059a9","colorDark":"#00294f","band":4,"off":[-3.4,1.1]}},{"type":"Feature","geometry":{"type":"Point","coordinates":[20.033967,50.075209]},"properties":{"line":"160","mode":"bus","color":"#0059a9","colorDark":"#00294f","band":4,"off":[0,1.1]}},{"type":"Feature","geometry":{"type":"Point","coordinates":[20.033967,50.075209]},"properties":{"line":"572","mode":"bus","color":"#0059a9","colorDark":"#00294f","band":4,"off":[3.4,1.1]}},{"type":"Feature","geometry":{"type":"Point","coordinates":[20.03276,50.091185]},"properties":{"name":"Zajezdnia Bieńczyce","band":4,"modes":"bus","arr":["601"],"off":[0,-0.8]}},{"type":"Feature","geometry":{"type":"Point","coordinates":[20.03276,50.091185]},"properties":{"line":"601","mode":"bus","color":"#0059a9","colorDark":"#00294f","band":4,"off":[0,1.1]}},{"type":"Feature","geometry":{"type":"Point","coordinates":[20.043839,50.106225]},"properties":{"name":"Zesławice","band":4,"modes":"bus","arr":["122"],"off":[0,-0.8]}},{"type":"Feature","geometry":{"type":"Point","coordinates":[20.043839,50.106225]},"properties":{"line":"122","mode":"bus","color":"#0059a9","colorDark":"#00294f","band":4,"off":[0,1.1]}},{"type":"Feature","geometry":{"type":"Point","coordinates":[19.996156,50.095878]},"properties":{"name":"Mistrzejowice","band":4,"modes":"bus","arr":["123","482"],"off":[0,-0.8]}},{"type":"Feature","geometry":{"type":"Point","coordinates":[19.996156,50.095878]},"properties":{"line":"123","mode":"bus","color":"#0059a9","colorDark":"#00294f","band":4,"off":[-1.7,1.1]}},{"type":"Feature","geometry":{"type":"Point","coordinates":[19.996156,50.095878]},"properties":{"line":"482","mode":"bus","color":"#0059a9","colorDark":"#00294f","band":4,"off":[1.7,1.1]}},{"type":"Feature","geometry":{"type":"Point","coordinates":[20.000856,50.040291]},"properties":{"name":"Mały Płaszów P+R","band":4,"modes":"bus","arr":["123","195","221","264"],"off":[0,-0.8]}},{"type":"Feature","geometry":{"type":"Point","coordinates":[20.000856,50.040291]},"properties":{"line":"123","mode":"bus","color":"#0059a9","colorDark":"#00294f","band":4,"off":[-5.1,1.1]}},{"type":"Feature","geometry":{"type":"Point","coordinates":[20.000856,50.040291]},"properties":{"line":"195","mode":"bus","color":"#0059a9","colorDark":"#00294f","band":4,"off":[-1.7,1.1]}},{"type":"Feature","geometry":{"type":"Point","coordinates":[20.000856,50.040291]},"properties":{"line":"221","mode":"bus","color":"#0059a9","colorDark":"#00294f","band":4,"off":[1.7,1.1]}},{"type":"Feature","geometry":{"type":"Point","coordinates":[20.000856,50.040291]},"properties":{"line":"264","mode":"bus","color":"#0059a9","colorDark":"#00294f","band":4,"off":[5.1,1.1]}},{"type":"Feature","geometry":{"type":"Point","coordinates":[20.045374,50.054047]},"properties":{"name":"Lesisko","band":4,"modes":"bus","arr":["149"],"off":[0,-0.8]}},{"type":"Feature","geometry":{"type":"Point","coordinates":[20.045374,50.054047]},"properties":{"line":"149","mode":"bus","color":"#0059a9","colorDark":"#00294f","band":4,"off":[0,1.1]}},{"type":"Feature","geometry":{"type":"Point","coordinates":[19.944203,50.064875]},"properties":{"name":"Teatr Słowackiego","band":4,"modes":"bus","arr":["605"],"off":[0,-0.8]}},{"type":"Feature","geometry":{"type":"Point","coordinates":[19.944203,50.064875]},"properties":{"line":"605","mode":"bus","color":"#0059a9","colorDark":"#00294f","band":4,"off":[0,1.1]}},{"type":"Feature","geometry":{"type":"Point","coordinates":[19.98236,50.071849]},"properties":{"name":"TAURON Arena Kraków Wieczysta","band":4,"modes":"bus","arr":["124"],"off":[0,-0.8]}},{"type":"Feature","geometry":{"type":"Point","coordinates":[19.98236,50.071849]},"properties":{"line":"124","mode":"bus","color":"#0059a9","colorDark":"#00294f","band":4,"off":[0,1.1]}},{"type":"Feature","geometry":{"type":"Point","coordinates":[19.949473,50.068506]},"properties":{"name":"Dworzec Główny Wschód","band":4,"modes":"bus","arr":["125","182","192","317","482","609","902"],"off":[0,-0.8]}},{"type":"Feature","geometry":{"type":"Point","coordinates":[19.949473,50.068506]},"properties":{"line":"125","mode":"bus","color":"#0059a9","colorDark":"#00294f","band":4,"off":[-6.8,1.1]}},{"type":"Feature","geometry":{"type":"Point","coordinates":[19.949473,50.068506]},"properties":{"line":"182","mode":"bus","color":"#0059a9","colorDark":"#00294f","band":4,"off":[-3.4,1.1]}},{"type":"Feature","geometry":{"type":"Point","coordinates":[19.949473,50.068506]},"properties":{"line":"192","mode":"bus","color":"#0059a9","colorDark":"#00294f","band":4,"off":[0,1.1]}},{"type":"Feature","geometry":{"type":"Point","coordinates":[19.949473,50.068506]},"properties":{"line":"317","mode":"bus","color":"#0059a9","colorDark":"#00294f","band":4,"off":[3.4,1.1]}},{"type":"Feature","geometry":{"type":"Point","coordinates":[19.949473,50.068506]},"properties":{"line":"482","mode":"bus","color":"#0059a9","colorDark":"#00294f","band":4,"off":[6.8,1.1]}},{"type":"Feature","geometry":{"type":"Point","coordinates":[19.949473,50.068506]},"properties":{"line":"609","mode":"bus","color":"#0059a9","colorDark":"#00294f","band":4,"off":[-1.7,3.1]}},{"type":"Feature","geometry":{"type":"Point","coordinates":[19.949473,50.068506]},"properties":{"line":"902","mode":"bus","color":"#0059a9","colorDark":"#00294f","band":4,"off":[1.7,3.1]}},{"type":"Feature","geometry":{"type":"Point","coordinates":[20.051215,50.021847]},"properties":{"name":"Złocień","band":4,"modes":"bus","arr":["125","605"],"off":[0,-0.8]}},{"type":"Feature","geometry":{"type":"Point","coordinates":[20.051215,50.021847]},"properties":{"line":"125","mode":"bus","color":"#0059a9","colorDark":"#00294f","band":4,"off":[-1.7,1.1]}},{"type":"Feature","geometry":{"type":"Point","coordinates":[20.051215,50.021847]},"properties":{"line":"605","mode":"bus","color":"#0059a9","colorDark":"#00294f","band":4,"off":[1.7,1.1]}},{"type":"Feature","geometry":{"type":"Point","coordinates":[19.880154,50.079538]},"properties":{"name":"Bronowice Małe","band":4,"modes":"bus","arr":["126","572"],"off":[0,-0.8]}},{"type":"Feature","geometry":{"type":"Point","coordinates":[19.880154,50.079538]},"properties":{"line":"126","mode":"bus","color":"#0059a9","colorDark":"#00294f","band":4,"off":[-1.7,1.1]}},{"type":"Feature","geometry":{"type":"Point","coordinates":[19.880154,50.079538]},"properties":{"line":"572","mode":"bus","color":"#0059a9","colorDark":"#00294f","band":4,"off":[1.7,1.1]}},{"type":"Feature","geometry":{"type":"Point","coordinates":[19.962874,50.042128]},"properties":{"name":"Podgórze SKA","band":4,"modes":"bus","arr":["127","155","158"],"off":[0,-0.8]}},{"type":"Feature","geometry":{"type":"Point","coordinates":[19.962874,50.042128]},"properties":{"line":"127","mode":"bus","color":"#0059a9","colorDark":"#00294f","band":4,"off":[-3.4,1.1]}},{"type":"Feature","geometry":{"type":"Point","coordinates":[19.962874,50.042128]},"properties":{"line":"155","mode":"bus","color":"#0059a9","colorDark":"#00294f","band":4,"off":[0,1.1]}},{"type":"Feature","geometry":{"type":"Point","coordinates":[19.962874,50.042128]},"properties":{"line":"158","mode":"bus","color":"#0059a9","colorDark":"#00294f","band":4,"off":[3.4,1.1]}},{"type":"Feature","geometry":{"type":"Point","coordinates":[19.995285,50.034046]},"properties":{"name":"Bagry","band":4,"modes":"bus","arr":["127"],"off":[0,-0.8]}},{"type":"Feature","geometry":{"type":"Point","coordinates":[19.995285,50.034046]},"properties":{"line":"127","mode":"bus","color":"#0059a9","colorDark":"#00294f","band":4,"off":[0,1.1]}},{"type":"Feature","geometry":{"type":"Point","coordinates":[20.011678,50.035488]},"properties":{"name":"Zajezdnia Płaszów","band":4,"modes":"bus","arr":["128","148"],"off":[0,-0.8]}},{"type":"Feature","geometry":{"type":"Point","coordinates":[20.011678,50.035488]},"properties":{"line":"128","mode":"bus","color":"#0059a9","colorDark":"#00294f","band":4,"off":[-1.7,1.1]}},{"type":"Feature","geometry":{"type":"Point","coordinates":[20.011678,50.035488]},"properties":{"line":"148","mode":"bus","color":"#0059a9","colorDark":"#00294f","band":4,"off":[1.7,1.1]}},{"type":"Feature","geometry":{"type":"Point","coordinates":[19.963667,50.105105]},"properties":{"name":"Górka Narodowa P+R","band":4,"modes":"bus","arr":["128","169","217","247","257","277","280","297","469","503","669","917"],"off":[0,-0.8]}},{"type":"Feature","geometry":{"type":"Point","coordinates":[19.963667,50.105105]},"properties":{"line":"128","mode":"bus","color":"#0059a9","colorDark":"#00294f","band":4,"off":[-6.8,1.1]}},{"type":"Feature","geometry":{"type":"Point","coordinates":[19.963667,50.105105]},"properties":{"line":"169","mode":"bus","color":"#0059a9","colorDark":"#00294f","band":4,"off":[-3.4,1.1]}},{"type":"Feature","geometry":{"type":"Point","coordinates":[19.963667,50.105105]},"properties":{"line":"217","mode":"bus","color":"#0059a9","colorDark":"#00294f","band":4,"off":[0,1.1]}},{"type":"Feature","geometry":{"type":"Point","coordinates":[19.963667,50.105105]},"properties":{"line":"247","mode":"bus","color":"#0059a9","colorDark":"#00294f","band":4,"off":[3.4,1.1]}},{"type":"Feature","geometry":{"type":"Point","coordinates":[19.963667,50.105105]},"properties":{"line":"257","mode":"bus","color":"#0059a9","colorDark":"#00294f","band":4,"off":[6.8,1.1]}},{"type":"Feature","geometry":{"type":"Point","coordinates":[19.963667,50.105105]},"properties":{"line":"277","mode":"bus","color":"#0059a9","colorDark":"#00294f","band":4,"off":[-6.8,3.1]}},{"type":"Feature","geometry":{"type":"Point","coordinates":[19.963667,50.105105]},"properties":{"line":"280","mode":"bus","color":"#0059a9","colorDark":"#00294f","band":4,"off":[-3.4,3.1]}},{"type":"Feature","geometry":{"type":"Point","coordinates":[19.963667,50.105105]},"properties":{"line":"297","mode":"bus","color":"#0059a9","colorDark":"#00294f","band":4,"off":[0,3.1]}},{"type":"Feature","geometry":{"type":"Point","coordinates":[19.963667,50.105105]},"properties":{"line":"469","mode":"bus","color":"#0059a9","colorDark":"#00294f","band":4,"off":[3.4,3.1]}},{"type":"Feature","geometry":{"type":"Point","coordinates":[19.963667,50.105105]},"properties":{"line":"503","mode":"bus","color":"#0059a9","colorDark":"#00294f","band":4,"off":[6.8,3.1]}},{"type":"Feature","geometry":{"type":"Point","coordinates":[19.963667,50.105105]},"properties":{"line":"669","mode":"bus","color":"#0059a9","colorDark":"#00294f","band":4,"off":[-1.7,5.1]}},{"type":"Feature","geometry":{"type":"Point","coordinates":[19.963667,50.105105]},"properties":{"line":"917","mode":"bus","color":"#0059a9","colorDark":"#00294f","band":4,"off":[1.7,5.1]}},{"type":"Feature","geometry":{"type":"Point","coordinates":[19.908846,50.086781]},"properties":{"name":"Azory","band":4,"modes":"bus","arr":["130","138","173","494"],"off":[0,-0.8]}},{"type":"Feature","geometry":{"type":"Point","coordinates":[19.908846,50.086781]},"properties":{"line":"130","mode":"bus","color":"#0059a9","colorDark":"#00294f","band":4,"off":[-5.1,1.1]}},{"type":"Feature","geometry":{"type":"Point","coordinates":[19.908846,50.086781]},"properties":{"line":"138","mode":"bus","color":"#0059a9","colorDark":"#00294f","band":4,"off":[-1.7,1.1]}},{"type":"Feature","geometry":{"type":"Point","coordinates":[19.908846,50.086781]},"properties":{"line":"173","mode":"bus","color":"#0059a9","colorDark":"#00294f","band":4,"off":[1.7,1.1]}},{"type":"Feature","geometry":{"type":"Point","coordinates":[19.908846,50.086781]},"properties":{"line":"494","mode":"bus","color":"#0059a9","colorDark":"#00294f","band":4,"off":[5.1,1.1]}},{"type":"Feature","geometry":{"type":"Point","coordinates":[20.066521,50.078569]},"properties":{"name":"Kombinat","band":4,"modes":"bus","arr":["132","138","139","174","242","272"],"off":[0,-0.8]}},{"type":"Feature","geometry":{"type":"Point","coordinates":[20.066521,50.078569]},"properties":{"line":"132","mode":"bus","color":"#0059a9","colorDark":"#00294f","band":4,"off":[-6.8,1.1]}},{"type":"Feature","geometry":{"type":"Point","coordinates":[20.066521,50.078569]},"properties":{"line":"138","mode":"bus","color":"#0059a9","colorDark":"#00294f","band":4,"off":[-3.4,1.1]}},{"type":"Feature","geometry":{"type":"Point","coordinates":[20.066521,50.078569]},"properties":{"line":"139","mode":"bus","color":"#0059a9","colorDark":"#00294f","band":4,"off":[0,1.1]}},{"type":"Feature","geometry":{"type":"Point","coordinates":[20.066521,50.078569]},"properties":{"line":"174","mode":"bus","color":"#0059a9","colorDark":"#00294f","band":4,"off":[3.4,1.1]}},{"type":"Feature","geometry":{"type":"Point","coordinates":[20.066521,50.078569]},"properties":{"line":"242","mode":"bus","color":"#0059a9","colorDark":"#00294f","band":4,"off":[6.8,1.1]}},{"type":"Feature","geometry":{"type":"Point","coordinates":[20.066521,50.078569]},"properties":{"line":"272","mode":"bus","color":"#0059a9","colorDark":"#00294f","band":4,"off":[0,3.1]}},{"type":"Feature","geometry":{"type":"Point","coordinates":[19.922589,50.05849]},"properties":{"name":"Cracovia Stadion","band":4,"modes":"bus","arr":["134","307"],"off":[0,-0.8]}},{"type":"Feature","geometry":{"type":"Point","coordinates":[19.922589,50.05849]},"properties":{"line":"134","mode":"bus","color":"#0059a9","colorDark":"#00294f","band":4,"off":[-1.7,1.1]}},{"type":"Feature","geometry":{"type":"Point","coordinates":[19.922589,50.05849]},"properties":{"line":"307","mode":"bus","color":"#0059a9","colorDark":"#00294f","band":4,"off":[1.7,1.1]}},{"type":"Feature","geometry":{"type":"Point","coordinates":[19.85538,50.055082]},"properties":{"name":"ZOO","band":4,"modes":"bus","arr":["134"],"off":[0,-0.8]}},{"type":"Feature","geometry":{"type":"Point","coordinates":[19.85538,50.055082]},"properties":{"line":"134","mode":"bus","color":"#0059a9","colorDark":"#00294f","band":4,"off":[0,1.1]}},{"type":"Feature","geometry":{"type":"Point","coordinates":[19.899008,50.070696]},"properties":{"name":"Przybyszewskiego","band":4,"modes":"bus","arr":["139"],"off":[0,-0.8]}},{"type":"Feature","geometry":{"type":"Point","coordinates":[19.899008,50.070696]},"properties":{"line":"139","mode":"bus","color":"#0059a9","colorDark":"#00294f","band":4,"off":[0,1.1]}},{"type":"Feature","geometry":{"type":"Point","coordinates":[19.89403,50.08625]},"properties":{"name":"Radzikowskiego Osiedle","band":4,"modes":"bus","arr":["140"],"off":[0,-0.8]}},{"type":"Feature","geometry":{"type":"Point","coordinates":[19.89403,50.08625]},"properties":{"line":"140","mode":"bus","color":"#0059a9","colorDark":"#00294f","band":4,"off":[0,1.1]}},{"type":"Feature","geometry":{"type":"Point","coordinates":[20.011008,50.006305]},"properties":{"name":"Rżąka","band":4,"modes":"bus","arr":["144","195"],"off":[0,-0.8]}},{"type":"Feature","geometry":{"type":"Point","coordinates":[20.011008,50.006305]},"properties":{"line":"144","mode":"bus","color":"#0059a9","colorDark":"#00294f","band":4,"off":[-1.7,1.1]}},{"type":"Feature","geometry":{"type":"Point","coordinates":[20.011008,50.006305]},"properties":{"line":"195","mode":"bus","color":"#0059a9","colorDark":"#00294f","band":4,"off":[1.7,1.1]}},{"type":"Feature","geometry":{"type":"Point","coordinates":[19.930328,50.096258]},"properties":{"name":"Prądnik Biały","band":4,"modes":"bus","arr":["144","904"],"off":[0,-0.8]}},{"type":"Feature","geometry":{"type":"Point","coordinates":[19.930328,50.096258]},"properties":{"line":"144","mode":"bus","color":"#0059a9","colorDark":"#00294f","band":4,"off":[-1.7,1.1]}},{"type":"Feature","geometry":{"type":"Point","coordinates":[19.930328,50.096258]},"properties":{"line":"904","mode":"bus","color":"#0059a9","colorDark":"#00294f","band":4,"off":[1.7,1.1]}},{"type":"Feature","geometry":{"type":"Point","coordinates":[19.811858,50.041919]},"properties":{"name":"Bielany Obwodnica","band":4,"modes":"bus","arr":["146"],"off":[0,-0.8]}},{"type":"Feature","geometry":{"type":"Point","coordinates":[19.811858,50.041919]},"properties":{"line":"146","mode":"bus","color":"#0059a9","colorDark":"#00294f","band":4,"off":[0,1.1]}},{"type":"Feature","geometry":{"type":"Point","coordinates":[20.015141,50.075117]},"properties":{"name":"Czyżyny Dworzec","band":4,"modes":"bus","arr":["148","202","212","222","232","262","611"],"off":[0,-0.8]}},{"type":"Feature","geometry":{"type":"Point","coordinates":[20.015141,50.075117]},"properties":{"line":"148","mode":"bus","color":"#0059a9","colorDark":"#00294f","band":4,"off":[-6.8,1.1]}},{"type":"Feature","geometry":{"type":"Point","coordinates":[20.015141,50.075117]},"properties":{"line":"202","mode":"bus","color":"#0059a9","colorDark":"#00294f","band":4,"off":[-3.4,1.1]}},{"type":"Feature","geometry":{"type":"Point","coordinates":[20.015141,50.075117]},"properties":{"line":"212","mode":"bus","color":"#0059a9","colorDark":"#00294f","band":4,"off":[0,1.1]}},{"type":"Feature","geometry":{"type":"Point","coordinates":[20.015141,50.075117]},"properties":{"line":"222","mode":"bus","color":"#0059a9","colorDark":"#00294f","band":4,"off":[3.4,1.1]}},{"type":"Feature","geometry":{"type":"Point","coordinates":[20.015141,50.075117]},"properties":{"line":"232","mode":"bus","color":"#0059a9","colorDark":"#00294f","band":4,"off":[6.8,1.1]}},{"type":"Feature","geometry":{"type":"Point","coordinates":[20.015141,50.075117]},"properties":{"line":"262","mode":"bus","color":"#0059a9","colorDark":"#00294f","band":4,"off":[-1.7,3.1]}},{"type":"Feature","geometry":{"type":"Point","coordinates":[20.015141,50.075117]},"properties":{"line":"611","mode":"bus","color":"#0059a9","colorDark":"#00294f","band":4,"off":[1.7,3.1]}},{"type":"Feature","geometry":{"type":"Point","coordinates":[20.064063,50.099457]},"properties":{"name":"Szpital Okulistyczny","band":4,"modes":"bus","arr":["149"],"off":[0,-0.8]}},{"type":"Feature","geometry":{"type":"Point","coordinates":[20.064063,50.099457]},"properties":{"line":"149","mode":"bus","color":"#0059a9","colorDark":"#00294f","band":4,"off":[0,1.1]}},{"type":"Feature","geometry":{"type":"Point","coordinates":[20.003628,50.009332]},"properties":{"name":"Miejskie Centrum Opieki","band":4,"modes":"bus","arr":["153","513"],"off":[0,-0.8]}},{"type":"Feature","geometry":{"type":"Point","coordinates":[20.003628,50.009332]},"properties":{"line":"153","mode":"bus","color":"#0059a9","colorDark":"#00294f","band":4,"off":[-1.7,1.1]}},{"type":"Feature","geometry":{"type":"Point","coordinates":[20.003628,50.009332]},"properties":{"line":"513","mode":"bus","color":"#0059a9","colorDark":"#00294f","band":4,"off":[1.7,1.1]}},{"type":"Feature","geometry":{"type":"Point","coordinates":[20.052868,50.008396]},"properties":{"name":"Bieżanów Potrzask","band":4,"modes":"bus","arr":["153"],"off":[0,-0.8]}},{"type":"Feature","geometry":{"type":"Point","coordinates":[20.052868,50.008396]},"properties":{"line":"153","mode":"bus","color":"#0059a9","colorDark":"#00294f","band":4,"off":[0,1.1]}},{"type":"Feature","geometry":{"type":"Point","coordinates":[20.023117,50.015187]},"properties":{"name":"Nowy Bieżanów P+R","band":4,"modes":"bus","arr":["669"],"off":[0,-0.8]}},{"type":"Feature","geometry":{"type":"Point","coordinates":[20.023117,50.015187]},"properties":{"line":"669","mode":"bus","color":"#0059a9","colorDark":"#00294f","band":4,"off":[0,1.1]}},{"type":"Feature","geometry":{"type":"Point","coordinates":[19.872223,49.988466]},"properties":{"name":"Sidzina","band":4,"modes":"bus","arr":["156","175","475","610"],"off":[0,-0.8]}},{"type":"Feature","geometry":{"type":"Point","coordinates":[19.872223,49.988466]},"properties":{"line":"156","mode":"bus","color":"#0059a9","colorDark":"#00294f","band":4,"off":[-5.1,1.1]}},{"type":"Feature","geometry":{"type":"Point","coordinates":[19.872223,49.988466]},"properties":{"line":"175","mode":"bus","color":"#0059a9","colorDark":"#00294f","band":4,"off":[-1.7,1.1]}},{"type":"Feature","geometry":{"type":"Point","coordinates":[19.872223,49.988466]},"properties":{"line":"475","mode":"bus","color":"#0059a9","colorDark":"#00294f","band":4,"off":[1.7,1.1]}},{"type":"Feature","geometry":{"type":"Point","coordinates":[19.872223,49.988466]},"properties":{"line":"610","mode":"bus","color":"#0059a9","colorDark":"#00294f","band":4,"off":[5.1,1.1]}},{"type":"Feature","geometry":{"type":"Point","coordinates":[20.060015,50.047636]},"properties":{"name":"Podwierzbie","band":4,"modes":"bus","arr":["158"],"off":[0,-0.8]}},{"type":"Feature","geometry":{"type":"Point","coordinates":[20.060015,50.047636]},"properties":{"line":"158","mode":"bus","color":"#0059a9","colorDark":"#00294f","band":4,"off":[0,1.1]}},{"type":"Feature","geometry":{"type":"Point","coordinates":[19.852131,50.028654]},"properties":{"name":"Kostrze OSP","band":4,"modes":"bus","arr":["176","476"],"off":[0,-0.8]}},{"type":"Feature","geometry":{"type":"Point","coordinates":[19.852131,50.028654]},"properties":{"line":"176","mode":"bus","color":"#0059a9","colorDark":"#00294f","band":4,"off":[-1.7,1.1]}},{"type":"Feature","geometry":{"type":"Point","coordinates":[19.852131,50.028654]},"properties":{"line":"476","mode":"bus","color":"#0059a9","colorDark":"#00294f","band":4,"off":[1.7,1.1]}},{"type":"Feature","geometry":{"type":"Point","coordinates":[19.970085,50.015255]},"properties":{"name":"Piaski Nowe","band":4,"modes":"bus","arr":["164"],"off":[0,-0.8]}},{"type":"Feature","geometry":{"type":"Point","coordinates":[19.970085,50.015255]},"properties":{"line":"164","mode":"bus","color":"#0059a9","colorDark":"#00294f","band":4,"off":[0,1.1]}},{"type":"Feature","geometry":{"type":"Point","coordinates":[19.840191,50.090888]},"properties":{"name":"Mydlniki Wapiennik P+R","band":4,"modes":"bus","arr":["164","199","601"],"off":[0,-0.8]}},{"type":"Feature","geometry":{"type":"Point","coordinates":[19.840191,50.090888]},"properties":{"line":"164","mode":"bus","color":"#0059a9","colorDark":"#00294f","band":4,"off":[-3.4,1.1]}},{"type":"Feature","geometry":{"type":"Point","coordinates":[19.840191,50.090888]},"properties":{"line":"199","mode":"bus","color":"#0059a9","colorDark":"#00294f","band":4,"off":[0,1.1]}},{"type":"Feature","geometry":{"type":"Point","coordinates":[19.840191,50.090888]},"properties":{"line":"601","mode":"bus","color":"#0059a9","colorDark":"#00294f","band":4,"off":[3.4,1.1]}},{"type":"Feature","geometry":{"type":"Point","coordinates":[19.897171,50.093306]},"properties":{"name":"Chełmońskiego Pętla","band":4,"modes":"bus","arr":["168","511","611"],"off":[0,-0.8]}},{"type":"Feature","geometry":{"type":"Point","coordinates":[19.897171,50.093306]},"properties":{"line":"168","mode":"bus","color":"#0059a9","colorDark":"#00294f","band":4,"off":[-3.4,1.1]}},{"type":"Feature","geometry":{"type":"Point","coordinates":[19.897171,50.093306]},"properties":{"line":"511","mode":"bus","color":"#0059a9","colorDark":"#00294f","band":4,"off":[0,1.1]}},{"type":"Feature","geometry":{"type":"Point","coordinates":[19.897171,50.093306]},"properties":{"line":"611","mode":"bus","color":"#0059a9","colorDark":"#00294f","band":4,"off":[3.4,1.1]}},{"type":"Feature","geometry":{"type":"Point","coordinates":[19.982916,50.005789]},"properties":{"name":"Piaski Wielkie","band":4,"modes":"bus","arr":["169","433","469"],"off":[0,-0.8]}},{"type":"Feature","geometry":{"type":"Point","coordinates":[19.982916,50.005789]},"properties":{"line":"169","mode":"bus","color":"#0059a9","colorDark":"#00294f","band":4,"off":[-3.4,1.1]}},{"type":"Feature","geometry":{"type":"Point","coordinates":[19.982916,50.005789]},"properties":{"line":"433","mode":"bus","color":"#0059a9","colorDark":"#00294f","band":4,"off":[0,1.1]}},{"type":"Feature","geometry":{"type":"Point","coordinates":[19.982916,50.005789]},"properties":{"line":"469","mode":"bus","color":"#0059a9","colorDark":"#00294f","band":4,"off":[3.4,1.1]}},{"type":"Feature","geometry":{"type":"Point","coordinates":[20.18965,50.113616]},"properties":{"name":"Wróżenice","band":4,"modes":"bus","arr":["171"],"off":[0,-0.8]}},{"type":"Feature","geometry":{"type":"Point","coordinates":[20.18965,50.113616]},"properties":{"line":"171","mode":"bus","color":"#0059a9","colorDark":"#00294f","band":4,"off":[0,1.1]}},{"type":"Feature","geometry":{"type":"Point","coordinates":[20.015539,50.012695]},"properties":{"name":"Nowy Bieżanów Południe","band":4,"modes":"bus","arr":["173","234","244","274","284","503"],"off":[0,-0.8]}},{"type":"Feature","geometry":{"type":"Point","coordinates":[20.015539,50.012695]},"properties":{"line":"173","mode":"bus","color":"#0059a9","colorDark":"#00294f","band":4,"off":[-6.8,1.1]}},{"type":"Feature","geometry":{"type":"Point","coordinates":[20.015539,50.012695]},"properties":{"line":"234","mode":"bus","color":"#0059a9","colorDark":"#00294f","band":4,"off":[-3.4,1.1]}},{"type":"Feature","geometry":{"type":"Point","coordinates":[20.015539,50.012695]},"properties":{"line":"244","mode":"bus","color":"#0059a9","colorDark":"#00294f","band":4,"off":[0,1.1]}},{"type":"Feature","geometry":{"type":"Point","coordinates":[20.015539,50.012695]},"properties":{"line":"274","mode":"bus","color":"#0059a9","colorDark":"#00294f","band":4,"off":[3.4,1.1]}},{"type":"Feature","geometry":{"type":"Point","coordinates":[20.015539,50.012695]},"properties":{"line":"284","mode":"bus","color":"#0059a9","colorDark":"#00294f","band":4,"off":[6.8,1.1]}},{"type":"Feature","geometry":{"type":"Point","coordinates":[20.015539,50.012695]},"properties":{"line":"503","mode":"bus","color":"#0059a9","colorDark":"#00294f","band":4,"off":[0,3.1]}},{"type":"Feature","geometry":{"type":"Point","coordinates":[20.035573,50.071743]},"properties":{"name":"Plac Centralny im. R.Reagana","band":4,"modes":"tram,bus","arr":["62","189","662"],"off":[0,-0.8]}},{"type":"Feature","geometry":{"type":"Point","coordinates":[20.035573,50.071743]},"properties":{"line":"62","mode":"tram","color":"#d6212b","colorDark":"#7c1116","band":4,"off":[-3.4,1.1]}},{"type":"Feature","geometry":{"type":"Point","coordinates":[20.035573,50.071743]},"properties":{"line":"189","mode":"bus","color":"#0059a9","colorDark":"#00294f","band":4,"off":[0,1.1]}},{"type":"Feature","geometry":{"type":"Point","coordinates":[20.035573,50.071743]},"properties":{"line":"662","mode":"bus","color":"#0059a9","colorDark":"#00294f","band":4,"off":[3.4,1.1]}},{"type":"Feature","geometry":{"type":"Point","coordinates":[19.960371,50.004486]},"properties":{"name":"Os. Kurdwanów","band":4,"modes":"bus","arr":["174","179"],"off":[0,-0.8]}},{"type":"Feature","geometry":{"type":"Point","coordinates":[19.960371,50.004486]},"properties":{"line":"174","mode":"bus","color":"#0059a9","colorDark":"#00294f","band":4,"off":[-1.7,1.1]}},{"type":"Feature","geometry":{"type":"Point","coordinates":[19.960371,50.004486]},"properties":{"line":"179","mode":"bus","color":"#0059a9","colorDark":"#00294f","band":4,"off":[1.7,1.1]}},{"type":"Feature","geometry":{"type":"Point","coordinates":[19.867554,50.038702]},"properties":{"name":"Bodzów","band":4,"modes":"bus","arr":["176"],"off":[0,-0.8]}},{"type":"Feature","geometry":{"type":"Point","coordinates":[19.867554,50.038702]},"properties":{"line":"176","mode":"bus","color":"#0059a9","colorDark":"#00294f","band":4,"off":[0,1.1]}},{"type":"Feature","geometry":{"type":"Point","coordinates":[20.050117,50.097852]},"properties":{"name":"Os. Na Stoku","band":4,"modes":"bus","arr":["182","511","608"],"off":[0,-0.8]}},{"type":"Feature","geometry":{"type":"Point","coordinates":[20.050117,50.097852]},"properties":{"line":"182","mode":"bus","color":"#0059a9","colorDark":"#00294f","band":4,"off":[-3.4,1.1]}},{"type":"Feature","geometry":{"type":"Point","coordinates":[20.050117,50.097852]},"properties":{"line":"511","mode":"bus","color":"#0059a9","colorDark":"#00294f","band":4,"off":[0,1.1]}},{"type":"Feature","geometry":{"type":"Point","coordinates":[20.050117,50.097852]},"properties":{"line":"608","mode":"bus","color":"#0059a9","colorDark":"#00294f","band":4,"off":[3.4,1.1]}},{"type":"Feature","geometry":{"type":"Point","coordinates":[19.805885,50.061861]},"properties":{"name":"Olszanica Bory","band":4,"modes":"bus","arr":["192"],"off":[0,-0.8]}},{"type":"Feature","geometry":{"type":"Point","coordinates":[19.805885,50.061861]},"properties":{"line":"192","mode":"bus","color":"#0059a9","colorDark":"#00294f","band":4,"off":[0,1.1]}},{"type":"Feature","geometry":{"type":"Point","coordinates":[19.685756,50.237652]},"properties":{"name":"Przeginia Kościół","band":4,"modes":"bus","arr":["200"],"off":[0,-0.8]}},{"type":"Feature","geometry":{"type":"Point","coordinates":[19.685756,50.237652]},"properties":{"line":"200","mode":"bus","color":"#0059a9","colorDark":"#00294f","band":4,"off":[0,1.1]}},{"type":"Feature","geometry":{"type":"Point","coordinates":[20.113133,50.135106]},"properties":{"name":"Kocmyrzów-Luborzyca Urząd Gminy","band":4,"modes":"bus","arr":["272"],"off":[0,-0.8]}},{"type":"Feature","geometry":{"type":"Point","coordinates":[20.113133,50.135106]},"properties":{"line":"272","mode":"bus","color":"#0059a9","colorDark":"#00294f","band":4,"off":[0,1.1]}},{"type":"Feature","geometry":{"type":"Point","coordinates":[20.160164,50.187678]},"properties":{"name":"Łososkowice Remiza","band":4,"modes":"bus","arr":["202"],"off":[0,-0.8]}},{"type":"Feature","geometry":{"type":"Point","coordinates":[20.160164,50.187678]},"properties":{"line":"202","mode":"bus","color":"#0059a9","colorDark":"#00294f","band":4,"off":[0,1.1]}},{"type":"Feature","geometry":{"type":"Point","coordinates":[19.82984,49.968547]},"properties":{"name":"Skawina","band":4,"modes":"bus","arr":["203","243","245","283","293","903"],"off":[0,-0.8]}},{"type":"Feature","geometry":{"type":"Point","coordinates":[19.82984,49.968547]},"properties":{"line":"203","mode":"bus","color":"#0059a9","colorDark":"#00294f","band":4,"off":[-6.8,1.1]}},{"type":"Feature","geometry":{"type":"Point","coordinates":[19.82984,49.968547]},"properties":{"line":"243","mode":"bus","color":"#0059a9","colorDark":"#00294f","band":4,"off":[-3.4,1.1]}},{"type":"Feature","geometry":{"type":"Point","coordinates":[19.82984,49.968547]},"properties":{"line":"245","mode":"bus","color":"#0059a9","colorDark":"#00294f","band":4,"off":[0,1.1]}},{"type":"Feature","geometry":{"type":"Point","coordinates":[19.82984,49.968547]},"properties":{"line":"283","mode":"bus","color":"#0059a9","colorDark":"#00294f","band":4,"off":[3.4,1.1]}},{"type":"Feature","geometry":{"type":"Point","coordinates":[19.82984,49.968547]},"properties":{"line":"293","mode":"bus","color":"#0059a9","colorDark":"#00294f","band":4,"off":[6.8,1.1]}},{"type":"Feature","geometry":{"type":"Point","coordinates":[19.82984,49.968547]},"properties":{"line":"903","mode":"bus","color":"#0059a9","colorDark":"#00294f","band":4,"off":[0,3.1]}},{"type":"Feature","geometry":{"type":"Point","coordinates":[20.07487,49.986292]},"properties":{"name":"Wieliczka Kampus","band":4,"modes":"bus","arr":["204","224","244","304","904"],"off":[0,-0.8]}},{"type":"Feature","geometry":{"type":"Point","coordinates":[20.07487,49.986292]},"properties":{"line":"204","mode":"bus","color":"#0059a9","colorDark":"#00294f","band":4,"off":[-6.8,1.1]}},{"type":"Feature","geometry":{"type":"Point","coordinates":[20.07487,49.986292]},"properties":{"line":"224","mode":"bus","color":"#0059a9","colorDark":"#00294f","band":4,"off":[-3.4,1.1]}},{"type":"Feature","geometry":{"type":"Point","coordinates":[20.07487,49.986292]},"properties":{"line":"244","mode":"bus","color":"#0059a9","colorDark":"#00294f","band":4,"off":[0,1.1]}},{"type":"Feature","geometry":{"type":"Point","coordinates":[20.07487,49.986292]},"properties":{"line":"304","mode":"bus","color":"#0059a9","colorDark":"#00294f","band":4,"off":[3.4,1.1]}},{"type":"Feature","geometry":{"type":"Point","coordinates":[20.07487,49.986292]},"properties":{"line":"904","mode":"bus","color":"#0059a9","colorDark":"#00294f","band":4,"off":[6.8,1.1]}},{"type":"Feature","geometry":{"type":"Point","coordinates":[19.910906,50.141004]},"properties":{"name":"Trojanowice Pętla","band":4,"modes":"bus","arr":["207"],"off":[0,-0.8]}},{"type":"Feature","geometry":{"type":"Point","coordinates":[19.910906,50.141004]},"properties":{"line":"207","mode":"bus","color":"#0059a9","colorDark":"#00294f","band":4,"off":[0,1.1]}},{"type":"Feature","geometry":{"type":"Point","coordinates":[19.916672,50.053075]},"properties":{"name":"Salwator","band":4,"modes":"bus","arr":["209","229","239","249","259","269","279","310"],"off":[0,-0.8]}},{"type":"Feature","geometry":{"type":"Point","coordinates":[19.916672,50.053075]},"properties":{"line":"209","mode":"bus","color":"#0059a9","colorDark":"#00294f","band":4,"off":[-6.8,1.1]}},{"type":"Feature","geometry":{"type":"Point","coordinates":[19.916672,50.053075]},"properties":{"line":"229","mode":"bus","color":"#0059a9","colorDark":"#00294f","band":4,"off":[-3.4,1.1]}},{"type":"Feature","geometry":{"type":"Point","coordinates":[19.916672,50.053075]},"properties":{"line":"239","mode":"bus","color":"#0059a9","colorDark":"#00294f","band":4,"off":[0,1.1]}},{"type":"Feature","geometry":{"type":"Point","coordinates":[19.916672,50.053075]},"properties":{"line":"249","mode":"bus","color":"#0059a9","colorDark":"#00294f","band":4,"off":[3.4,1.1]}},{"type":"Feature","geometry":{"type":"Point","coordinates":[19.916672,50.053075]},"properties":{"line":"259","mode":"bus","color":"#0059a9","colorDark":"#00294f","band":4,"off":[6.8,1.1]}},{"type":"Feature","geometry":{"type":"Point","coordinates":[19.916672,50.053075]},"properties":{"line":"269","mode":"bus","color":"#0059a9","colorDark":"#00294f","band":4,"off":[-3.4,3.1]}},{"type":"Feature","geometry":{"type":"Point","coordinates":[19.916672,50.053075]},"properties":{"line":"279","mode":"bus","color":"#0059a9","colorDark":"#00294f","band":4,"off":[0,3.1]}},{"type":"Feature","geometry":{"type":"Point","coordinates":[19.916672,50.053075]},"properties":{"line":"310","mode":"bus","color":"#0059a9","colorDark":"#00294f","band":4,"off":[3.4,3.1]}},{"type":"Feature","geometry":{"type":"Point","coordinates":[19.707347,50.068849]},"properties":{"name":"Mników Skały","band":4,"modes":"bus","arr":["209"],"off":[0,-0.8]}},{"type":"Feature","geometry":{"type":"Point","coordinates":[19.707347,50.068849]},"properties":{"line":"209","mode":"bus","color":"#0059a9","colorDark":"#00294f","band":4,"off":[0,1.1]}},{"type":"Feature","geometry":{"type":"Point","coordinates":[19.800214,50.071704]},"properties":{"name":"Kraków Airport","band":4,"modes":"bus","arr":["300","902"],"off":[0,-0.8]}},{"type":"Feature","geometry":{"type":"Point","coordinates":[19.800214,50.071704]},"properties":{"line":"300","mode":"bus","color":"#0059a9","colorDark":"#00294f","band":4,"off":[-1.7,1.1]}},{"type":"Feature","geometry":{"type":"Point","coordinates":[19.800214,50.071704]},"properties":{"line":"902","mode":"bus","color":"#0059a9","colorDark":"#00294f","band":4,"off":[1.7,1.1]}},{"type":"Feature","geometry":{"type":"Point","coordinates":[19.840839,50.114288]},"properties":{"name":"Modlniczka Centrum Logistyczne","band":4,"modes":"bus","arr":["210"],"off":[0,-0.8]}},{"type":"Feature","geometry":{"type":"Point","coordinates":[19.840839,50.114288]},"properties":{"line":"210","mode":"bus","color":"#0059a9","colorDark":"#00294f","band":4,"off":[0,1.1]}},{"type":"Feature","geometry":{"type":"Point","coordinates":[20.352599,50.080184]},"properties":{"name":"Chobot Leśniczówka","band":4,"modes":"bus","arr":["211"],"off":[0,-0.8]}},{"type":"Feature","geometry":{"type":"Point","coordinates":[20.352599,50.080184]},"properties":{"line":"211","mode":"bus","color":"#0059a9","colorDark":"#00294f","band":4,"off":[0,1.1]}},{"type":"Feature","geometry":{"type":"Point","coordinates":[20.187997,50.126996]},"properties":{"name":"Czulice Kościół","band":4,"modes":"bus","arr":["212","271"],"off":[0,-0.8]}},{"type":"Feature","geometry":{"type":"Point","coordinates":[20.187997,50.126996]},"properties":{"line":"212","mode":"bus","color":"#0059a9","colorDark":"#00294f","band":4,"off":[-1.7,1.1]}},{"type":"Feature","geometry":{"type":"Point","coordinates":[20.187997,50.126996]},"properties":{"line":"271","mode":"bus","color":"#0059a9","colorDark":"#00294f","band":4,"off":[1.7,1.1]}},{"type":"Feature","geometry":{"type":"Point","coordinates":[19.997665,49.958498]},"properties":{"name":"Podstolice Centrum","band":4,"modes":"bus","arr":["214","P2"],"off":[0,-0.8]}},{"type":"Feature","geometry":{"type":"Point","coordinates":[19.997665,49.958498]},"properties":{"line":"214","mode":"bus","color":"#0059a9","colorDark":"#00294f","band":4,"off":[-1.7,1.1]}},{"type":"Feature","geometry":{"type":"Point","coordinates":[19.997665,49.958498]},"properties":{"line":"P2","mode":"bus","color":"#0059a9","colorDark":"#00294f","band":4,"off":[1.7,1.1]}},{"type":"Feature","geometry":{"type":"Point","coordinates":[19.999359,49.934868]},"properties":{"name":"Rzeszotary Panciawa Pętla","band":4,"modes":"bus","arr":["215"],"off":[0,-0.8]}},{"type":"Feature","geometry":{"type":"Point","coordinates":[19.999359,49.934868]},"properties":{"line":"215","mode":"bus","color":"#0059a9","colorDark":"#00294f","band":4,"off":[0,1.1]}},{"type":"Feature","geometry":{"type":"Point","coordinates":[19.946655,49.934314]},"properties":{"name":"Świątniki Górne Urząd Miasta i Gminy","band":4,"modes":"bus","arr":["225","915"],"off":[0,-0.8]}},{"type":"Feature","geometry":{"type":"Point","coordinates":[19.946655,49.934314]},"properties":{"line":"225","mode":"bus","color":"#0059a9","colorDark":"#00294f","band":4,"off":[-1.7,1.1]}},{"type":"Feature","geometry":{"type":"Point","coordinates":[19.946655,49.934314]},"properties":{"line":"915","mode":"bus","color":"#0059a9","colorDark":"#00294f","band":4,"off":[1.7,1.1]}},{"type":"Feature","geometry":{"type":"Point","coordinates":[19.974792,50.128748]},"properties":{"name":"Węgrzce Pętla","band":4,"modes":"bus","arr":["217"],"off":[0,-0.8]}},{"type":"Feature","geometry":{"type":"Point","coordinates":[19.974792,50.128748]},"properties":{"line":"217","mode":"bus","color":"#0059a9","colorDark":"#00294f","band":4,"off":[0,1.1]}},{"type":"Feature","geometry":{"type":"Point","coordinates":[19.801261,50.11952]},"properties":{"name":"Zabierzów Młyn","band":4,"modes":"bus","arr":["218","288"],"off":[0,-0.8]}},{"type":"Feature","geometry":{"type":"Point","coordinates":[19.801261,50.11952]},"properties":{"line":"218","mode":"bus","color":"#0059a9","colorDark":"#00294f","band":4,"off":[-1.7,1.1]}},{"type":"Feature","geometry":{"type":"Point","coordinates":[19.801261,50.11952]},"properties":{"line":"288","mode":"bus","color":"#0059a9","colorDark":"#00294f","band":4,"off":[1.7,1.1]}},{"type":"Feature","geometry":{"type":"Point","coordinates":[19.77852,49.98714]},"properties":{"name":"Jeziorzany Pętla","band":4,"modes":"bus","arr":["219"],"off":[0,-0.8]}},{"type":"Feature","geometry":{"type":"Point","coordinates":[19.77852,49.98714]},"properties":{"line":"219","mode":"bus","color":"#0059a9","colorDark":"#00294f","band":4,"off":[0,1.1]}},{"type":"Feature","geometry":{"type":"Point","coordinates":[19.871023,50.151602]},"properties":{"name":"Giebułtów Morgi","band":4,"modes":"bus","arr":["220"],"off":[0,-0.8]}},{"type":"Feature","geometry":{"type":"Point","coordinates":[19.871023,50.151602]},"properties":{"line":"220","mode":"bus","color":"#0059a9","colorDark":"#00294f","band":4,"off":[0,1.1]}},{"type":"Feature","geometry":{"type":"Point","coordinates":[20.216383,50.037957]},"properties":{"name":"Niepołomice Dworzec","band":4,"modes":"bus","arr":["221","301"],"off":[0,-0.8]}},{"type":"Feature","geometry":{"type":"Point","coordinates":[20.216383,50.037957]},"properties":{"line":"221","mode":"bus","color":"#0059a9","colorDark":"#00294f","band":4,"off":[-1.7,1.1]}},{"type":"Feature","geometry":{"type":"Point","coordinates":[20.216383,50.037957]},"properties":{"line":"301","mode":"bus","color":"#0059a9","colorDark":"#00294f","band":4,"off":[1.7,1.1]}},{"type":"Feature","geometry":{"type":"Point","coordinates":[20.084501,50.245301]},"properties":{"name":"Słomniki Osiedle","band":4,"modes":"bus","arr":["222"],"off":[0,-0.8]}},{"type":"Feature","geometry":{"type":"Point","coordinates":[20.084501,50.245301]},"properties":{"line":"222","mode":"bus","color":"#0059a9","colorDark":"#00294f","band":4,"off":[0,1.1]}},{"type":"Feature","geometry":{"type":"Point","coordinates":[19.628237,49.967187]},"properties":{"name":"Brzeźnica Dworzec","band":4,"modes":"bus","arr":["223"],"off":[0,-0.8]}},{"type":"Feature","geometry":{"type":"Point","coordinates":[19.628237,49.967187]},"properties":{"line":"223","mode":"bus","color":"#0059a9","colorDark":"#00294f","band":4,"off":[0,1.1]}},{"type":"Feature","geometry":{"type":"Point","coordinates":[19.937095,50.012393]},"properties":{"name":"Centrum JP II","band":4,"modes":"bus","arr":["224"],"off":[0,-0.8]}},{"type":"Feature","geometry":{"type":"Point","coordinates":[19.937095,50.012393]},"properties":{"line":"224","mode":"bus","color":"#0059a9","colorDark":"#00294f","band":4,"off":[0,1.1]}},{"type":"Feature","geometry":{"type":"Point","coordinates":[19.931582,50.150454]},"properties":{"name":"Wola Zachariaszowska Szkoła","band":4,"modes":"bus","arr":["280"],"off":[0,-0.8]}},{"type":"Feature","geometry":{"type":"Point","coordinates":[19.931582,50.150454]},"properties":{"line":"280","mode":"bus","color":"#0059a9","colorDark":"#00294f","band":4,"off":[0,1.1]}},{"type":"Feature","geometry":{"type":"Point","coordinates":[19.936106,50.162468]},"properties":{"name":"Górna Wieś Pętla","band":4,"modes":"bus","arr":["227","917"],"off":[0,-0.8]}},{"type":"Feature","geometry":{"type":"Point","coordinates":[19.936106,50.162468]},"properties":{"line":"227","mode":"bus","color":"#0059a9","colorDark":"#00294f","band":4,"off":[-1.7,1.1]}},{"type":"Feature","geometry":{"type":"Point","coordinates":[19.936106,50.162468]},"properties":{"line":"917","mode":"bus","color":"#0059a9","colorDark":"#00294f","band":4,"off":[1.7,1.1]}},{"type":"Feature","geometry":{"type":"Point","coordinates":[19.709536,50.082165]},"properties":{"name":"Chrosna Pętla","band":4,"modes":"bus","arr":["228"],"off":[0,-0.8]}},{"type":"Feature","geometry":{"type":"Point","coordinates":[19.709536,50.082165]},"properties":{"line":"228","mode":"bus","color":"#0059a9","colorDark":"#00294f","band":4,"off":[0,1.1]}},{"type":"Feature","geometry":{"type":"Point","coordinates":[19.586718,50.014955]},"properties":{"name":"Kamień Szkoła","band":4,"modes":"bus","arr":["229"],"off":[0,-0.8]}},{"type":"Feature","geometry":{"type":"Point","coordinates":[19.586718,50.014955]},"properties":{"line":"229","mode":"bus","color":"#0059a9","colorDark":"#00294f","band":4,"off":[0,1.1]}},{"type":"Feature","geometry":{"type":"Point","coordinates":[19.676513,49.98718]},"properties":{"name":"Czernichów Rynek","band":4,"modes":"bus","arr":["249","259"],"off":[0,-0.8]}},{"type":"Feature","geometry":{"type":"Point","coordinates":[19.676513,49.98718]},"properties":{"line":"249","mode":"bus","color":"#0059a9","colorDark":"#00294f","band":4,"off":[-1.7,1.1]}},{"type":"Feature","geometry":{"type":"Point","coordinates":[19.676513,49.98718]},"properties":{"line":"259","mode":"bus","color":"#0059a9","colorDark":"#00294f","band":4,"off":[1.7,1.1]}},{"type":"Feature","geometry":{"type":"Point","coordinates":[19.820314,50.135825]},"properties":{"name":"Ujazd Pętla","band":4,"modes":"bus","arr":["230"],"off":[0,-0.8]}},{"type":"Feature","geometry":{"type":"Point","coordinates":[19.820314,50.135825]},"properties":{"line":"230","mode":"bus","color":"#0059a9","colorDark":"#00294f","band":4,"off":[0,1.1]}},{"type":"Feature","geometry":{"type":"Point","coordinates":[20.109786,50.17753]},"properties":{"name":"Wilków Pętla","band":4,"modes":"bus","arr":["232"],"off":[0,-0.8]}},{"type":"Feature","geometry":{"type":"Point","coordinates":[20.109786,50.17753]},"properties":{"line":"232","mode":"bus","color":"#0059a9","colorDark":"#00294f","band":4,"off":[0,1.1]}},{"type":"Feature","geometry":{"type":"Point","coordinates":[19.821549,49.976504]},"properties":{"name":"Skawina SCK","band":4,"modes":"bus","arr":["233","273","295"],"off":[0,-0.8]}},{"type":"Feature","geometry":{"type":"Point","coordinates":[19.821549,49.976504]},"properties":{"line":"233","mode":"bus","color":"#0059a9","colorDark":"#00294f","band":4,"off":[-3.4,1.1]}},{"type":"Feature","geometry":{"type":"Point","coordinates":[19.821549,49.976504]},"properties":{"line":"273","mode":"bus","color":"#0059a9","colorDark":"#00294f","band":4,"off":[0,1.1]}},{"type":"Feature","geometry":{"type":"Point","coordinates":[19.821549,49.976504]},"properties":{"line":"295","mode":"bus","color":"#0059a9","colorDark":"#00294f","band":4,"off":[3.4,1.1]}},{"type":"Feature","geometry":{"type":"Point","coordinates":[20.115272,50.014811]},"properties":{"name":"Węgrzce Wielkie Pętla","band":4,"modes":"bus","arr":["234","W2","Z1"],"off":[0,-0.8]}},{"type":"Feature","geometry":{"type":"Point","coordinates":[20.115272,50.014811]},"properties":{"line":"234","mode":"bus","color":"#0059a9","colorDark":"#00294f","band":4,"off":[-3.4,1.1]}},{"type":"Feature","geometry":{"type":"Point","coordinates":[20.115272,50.014811]},"properties":{"line":"W2","mode":"bus","color":"#0059a9","colorDark":"#00294f","band":4,"off":[0,1.1]}},{"type":"Feature","geometry":{"type":"Point","coordinates":[20.115272,50.014811]},"properties":{"line":"Z1","mode":"bus","color":"#0059a9","colorDark":"#00294f","band":4,"off":[3.4,1.1]}},{"type":"Feature","geometry":{"type":"Point","coordinates":[19.750439,49.977803]},"properties":{"name":"Ochodza Odwiśle","band":4,"modes":"bus","arr":["235"],"off":[0,-0.8]}},{"type":"Feature","geometry":{"type":"Point","coordinates":[19.750439,49.977803]},"properties":{"line":"235","mode":"bus","color":"#0059a9","colorDark":"#00294f","band":4,"off":[0,1.1]}},{"type":"Feature","geometry":{"type":"Point","coordinates":[19.692375,50.111969]},"properties":{"name":"Młynka Pętla","band":4,"modes":"bus","arr":["238"],"off":[0,-0.8]}},{"type":"Feature","geometry":{"type":"Point","coordinates":[19.692375,50.111969]},"properties":{"line":"238","mode":"bus","color":"#0059a9","colorDark":"#00294f","band":4,"off":[0,1.1]}},{"type":"Feature","geometry":{"type":"Point","coordinates":[19.71184,50.122253]},"properties":{"name":"Rudawa Rynek","band":4,"modes":"bus","arr":["918"],"off":[0,-0.8]}},{"type":"Feature","geometry":{"type":"Point","coordinates":[19.71184,50.122253]},"properties":{"line":"918","mode":"bus","color":"#0059a9","colorDark":"#00294f","band":4,"off":[0,1.1]}},{"type":"Feature","geometry":{"type":"Point","coordinates":[19.727928,49.986356]},"properties":{"name":"Wołowice Kapliczka","band":4,"modes":"bus","arr":["239"],"off":[0,-0.8]}},{"type":"Feature","geometry":{"type":"Point","coordinates":[19.727928,49.986356]},"properties":{"line":"239","mode":"bus","color":"#0059a9","colorDark":"#00294f","band":4,"off":[0,1.1]}},{"type":"Feature","geometry":{"type":"Point","coordinates":[19.897778,50.128192]},"properties":{"name":"Pękowice Ojcowska","band":4,"modes":"bus","arr":["240","290"],"off":[0,-0.8]}},{"type":"Feature","geometry":{"type":"Point","coordinates":[19.897778,50.128192]},"properties":{"line":"240","mode":"bus","color":"#0059a9","colorDark":"#00294f","band":4,"off":[-1.7,1.1]}},{"type":"Feature","geometry":{"type":"Point","coordinates":[19.897778,50.128192]},"properties":{"line":"290","mode":"bus","color":"#0059a9","colorDark":"#00294f","band":4,"off":[1.7,1.1]}},{"type":"Feature","geometry":{"type":"Point","coordinates":[20.13828,50.115926]},"properties":{"name":"Krzysztoforzyce Pętla","band":4,"modes":"bus","arr":["242"],"off":[0,-0.8]}},{"type":"Feature","geometry":{"type":"Point","coordinates":[20.13828,50.115926]},"properties":{"line":"242","mode":"bus","color":"#0059a9","colorDark":"#00294f","band":4,"off":[0,1.1]}},{"type":"Feature","geometry":{"type":"Point","coordinates":[19.87085,49.944031]},"properties":{"name":"Mogilany Pętla","band":4,"modes":"bus","arr":["255"],"off":[0,-0.8]}},{"type":"Feature","geometry":{"type":"Point","coordinates":[19.87085,49.944031]},"properties":{"line":"255","mode":"bus","color":"#0059a9","colorDark":"#00294f","band":4,"off":[0,1.1]}},{"type":"Feature","geometry":{"type":"Point","coordinates":[19.939792,50.123608]},"properties":{"name":"Zielonki Marszowiec Pętla","band":4,"modes":"bus","arr":["247","317"],"off":[0,-0.8]}},{"type":"Feature","geometry":{"type":"Point","coordinates":[19.939792,50.123608]},"properties":{"line":"247","mode":"bus","color":"#0059a9","colorDark":"#00294f","band":4,"off":[-1.7,1.1]}},{"type":"Feature","geometry":{"type":"Point","coordinates":[19.939792,50.123608]},"properties":{"line":"317","mode":"bus","color":"#0059a9","colorDark":"#00294f","band":4,"off":[1.7,1.1]}},{"type":"Feature","geometry":{"type":"Point","coordinates":[19.811559,50.161429]},"properties":{"name":"Zelków Pętla","band":4,"modes":"bus","arr":["248","948"],"off":[0,-0.8]}},{"type":"Feature","geometry":{"type":"Point","coordinates":[19.811559,50.161429]},"properties":{"line":"248","mode":"bus","color":"#0059a9","colorDark":"#00294f","band":4,"off":[-1.7,1.1]}},{"type":"Feature","geometry":{"type":"Point","coordinates":[19.811559,50.161429]},"properties":{"line":"948","mode":"bus","color":"#0059a9","colorDark":"#00294f","band":4,"off":[1.7,1.1]}},{"type":"Feature","geometry":{"type":"Point","coordinates":[20.050642,50.121267]},"properties":{"name":"Zastów Pętla","band":4,"modes":"bus","arr":["250"],"off":[0,-0.8]}},{"type":"Feature","geometry":{"type":"Point","coordinates":[20.050642,50.121267]},"properties":{"line":"250","mode":"bus","color":"#0059a9","colorDark":"#00294f","band":4,"off":[0,1.1]}},{"type":"Feature","geometry":{"type":"Point","coordinates":[19.768405,49.902494]},"properties":{"name":"Wola Radziszowska Pętla","band":4,"modes":"bus","arr":["253"],"off":[0,-0.8]}},{"type":"Feature","geometry":{"type":"Point","coordinates":[19.768405,49.902494]},"properties":{"line":"253","mode":"bus","color":"#0059a9","colorDark":"#00294f","band":4,"off":[0,1.1]}},{"type":"Feature","geometry":{"type":"Point","coordinates":[19.967323,49.973872]},"properties":{"name":"Golkowice Pętla","band":4,"modes":"bus","arr":["254","G3"],"off":[0,-0.8]}},{"type":"Feature","geometry":{"type":"Point","coordinates":[19.967323,49.973872]},"properties":{"line":"254","mode":"bus","color":"#0059a9","colorDark":"#00294f","band":4,"off":[-1.7,1.1]}},{"type":"Feature","geometry":{"type":"Point","coordinates":[19.967323,49.973872]},"properties":{"line":"G3","mode":"bus","color":"#0059a9","colorDark":"#00294f","band":4,"off":[1.7,1.1]}},{"type":"Feature","geometry":{"type":"Point","coordinates":[19.932575,50.180688]},"properties":{"name":"Narama Remiza","band":4,"modes":"bus","arr":["257"],"off":[0,-0.8]}},{"type":"Feature","geometry":{"type":"Point","coordinates":[19.932575,50.180688]},"properties":{"line":"257","mode":"bus","color":"#0059a9","colorDark":"#00294f","band":4,"off":[0,1.1]}},{"type":"Feature","geometry":{"type":"Point","coordinates":[19.709609,50.106673]},"properties":{"name":"Nielepice Pętla","band":4,"modes":"bus","arr":["258","298"],"off":[0,-0.8]}},{"type":"Feature","geometry":{"type":"Point","coordinates":[19.709609,50.106673]},"properties":{"line":"258","mode":"bus","color":"#0059a9","colorDark":"#00294f","band":4,"off":[-1.7,1.1]}},{"type":"Feature","geometry":{"type":"Point","coordinates":[19.709609,50.106673]},"properties":{"line":"298","mode":"bus","color":"#0059a9","colorDark":"#00294f","band":4,"off":[1.7,1.1]}},{"type":"Feature","geometry":{"type":"Point","coordinates":[19.739154,49.999296]},"properties":{"name":"Dąbrowa Szlachecka Krzemiennik","band":4,"modes":"bus","arr":["279"],"off":[0,-0.8]}},{"type":"Feature","geometry":{"type":"Point","coordinates":[19.739154,49.999296]},"properties":{"line":"279","mode":"bus","color":"#0059a9","colorDark":"#00294f","band":4,"off":[0,1.1]}},{"type":"Feature","geometry":{"type":"Point","coordinates":[20.051438,50.14425]},"properties":{"name":"Pielgrzymowice Pętla","band":4,"modes":"bus","arr":["260","270"],"off":[0,-0.8]}},{"type":"Feature","geometry":{"type":"Point","coordinates":[20.051438,50.14425]},"properties":{"line":"260","mode":"bus","color":"#0059a9","colorDark":"#00294f","band":4,"off":[-1.7,1.1]}},{"type":"Feature","geometry":{"type":"Point","coordinates":[20.051438,50.14425]},"properties":{"line":"270","mode":"bus","color":"#0059a9","colorDark":"#00294f","band":4,"off":[1.7,1.1]}},{"type":"Feature","geometry":{"type":"Point","coordinates":[20.15545,50.166445]},"properties":{"name":"Rawałowice Kapliczka","band":4,"modes":"bus","arr":["262"],"off":[0,-0.8]}},{"type":"Feature","geometry":{"type":"Point","coordinates":[20.15545,50.166445]},"properties":{"line":"262","mode":"bus","color":"#0059a9","colorDark":"#00294f","band":4,"off":[0,1.1]}},{"type":"Feature","geometry":{"type":"Point","coordinates":[20.139398,50.040548]},"properties":{"name":"Grabie Kościół","band":4,"modes":"bus","arr":["264"],"off":[0,-0.8]}},{"type":"Feature","geometry":{"type":"Point","coordinates":[20.139398,50.040548]},"properties":{"line":"264","mode":"bus","color":"#0059a9","colorDark":"#00294f","band":4,"off":[0,1.1]}},{"type":"Feature","geometry":{"type":"Point","coordinates":[19.921219,49.944223]},"properties":{"name":"Konary Pętla","band":4,"modes":"bus","arr":["265"],"off":[0,-0.8]}},{"type":"Feature","geometry":{"type":"Point","coordinates":[19.921219,49.944223]},"properties":{"line":"265","mode":"bus","color":"#0059a9","colorDark":"#00294f","band":4,"off":[0,1.1]}},{"type":"Feature","geometry":{"type":"Point","coordinates":[19.85384,50.230306]},"properties":{"name":"Skała Rynek","band":4,"modes":"bus","arr":["267"],"off":[0,-0.8]}},{"type":"Feature","geometry":{"type":"Point","coordinates":[19.85384,50.230306]},"properties":{"line":"267","mode":"bus","color":"#0059a9","colorDark":"#00294f","band":4,"off":[0,1.1]}},{"type":"Feature","geometry":{"type":"Point","coordinates":[19.773918,50.152471]},"properties":{"name":"Karniowice Pętla","band":4,"modes":"bus","arr":["268"],"off":[0,-0.8]}},{"type":"Feature","geometry":{"type":"Point","coordinates":[19.773918,50.152471]},"properties":{"line":"268","mode":"bus","color":"#0059a9","colorDark":"#00294f","band":4,"off":[0,1.1]}},{"type":"Feature","geometry":{"type":"Point","coordinates":[19.679937,50.042324]},"properties":{"name":"Czułówek Kapliczka","band":4,"modes":"bus","arr":["269"],"off":[0,-0.8]}},{"type":"Feature","geometry":{"type":"Point","coordinates":[19.679937,50.042324]},"properties":{"line":"269","mode":"bus","color":"#0059a9","colorDark":"#00294f","band":4,"off":[0,1.1]}},{"type":"Feature","geometry":{"type":"Point","coordinates":[19.768024,49.932971]},"properties":{"name":"Polanka Hallera Centrum","band":4,"modes":"bus","arr":["273"],"off":[0,-0.8]}},{"type":"Feature","geometry":{"type":"Point","coordinates":[19.768024,49.932971]},"properties":{"line":"273","mode":"bus","color":"#0059a9","colorDark":"#00294f","band":4,"off":[0,1.1]}},{"type":"Feature","geometry":{"type":"Point","coordinates":[20.147059,49.957324]},"properties":{"name":"Trąbki P+R","band":4,"modes":"bus","arr":["274"],"off":[0,-0.8]}},{"type":"Feature","geometry":{"type":"Point","coordinates":[20.147059,49.957324]},"properties":{"line":"274","mode":"bus","color":"#0059a9","colorDark":"#00294f","band":4,"off":[0,1.1]}},{"type":"Feature","geometry":{"type":"Point","coordinates":[19.902952,49.913617]},"properties":{"name":"Włosań Centrum","band":4,"modes":"bus","arr":["275"],"off":[0,-0.8]}},{"type":"Feature","geometry":{"type":"Point","coordinates":[19.902952,49.913617]},"properties":{"line":"275","mode":"bus","color":"#0059a9","colorDark":"#00294f","band":4,"off":[0,1.1]}},{"type":"Feature","geometry":{"type":"Point","coordinates":[19.979629,50.220568]},"properties":{"name":"Iwanowice Dworskie Pętla","band":4,"modes":"bus","arr":["277"],"off":[0,-0.8]}},{"type":"Feature","geometry":{"type":"Point","coordinates":[19.979629,50.220568]},"properties":{"line":"277","mode":"bus","color":"#0059a9","colorDark":"#00294f","band":4,"off":[0,1.1]}},{"type":"Feature","geometry":{"type":"Point","coordinates":[19.709393,50.148281]},"properties":{"name":"Radwanowice Pętla","band":4,"modes":"bus","arr":["278"],"off":[0,-0.8]}},{"type":"Feature","geometry":{"type":"Point","coordinates":[19.709393,50.148281]},"properties":{"line":"278","mode":"bus","color":"#0059a9","colorDark":"#00294f","band":4,"off":[0,1.1]}},{"type":"Feature","geometry":{"type":"Point","coordinates":[20.057021,49.985142]},"properties":{"name":"Wieliczka Centrum Dw.","band":4,"modes":"bus","arr":["284","B2","D2","G3","G4","J1","L1","P2","R2","W2","Z1"],"off":[0,-0.8]}},{"type":"Feature","geometry":{"type":"Point","coordinates":[20.057021,49.985142]},"properties":{"name":"Wieliczka Centrum","band":4,"modes":"bus","arr":["284","B2","D2","G3","G4","J1","L1","P2","R2","W2","Z1"],"off":[0,-3]}},{"type":"Feature","geometry":{"type":"Point","coordinates":[20.057021,49.985142]},"properties":{"line":"284","mode":"bus","color":"#0059a9","colorDark":"#00294f","band":4,"off":[-6.8,1.1]}},{"type":"Feature","geometry":{"type":"Point","coordinates":[20.057021,49.985142]},"properties":{"line":"B2","mode":"bus","color":"#0059a9","colorDark":"#00294f","band":4,"off":[-3.4,1.1]}},{"type":"Feature","geometry":{"type":"Point","coordinates":[20.057021,49.985142]},"properties":{"line":"D2","mode":"bus","color":"#0059a9","colorDark":"#00294f","band":4,"off":[0,1.1]}},{"type":"Feature","geometry":{"type":"Point","coordinates":[20.057021,49.985142]},"properties":{"line":"G3","mode":"bus","color":"#0059a9","colorDark":"#00294f","band":4,"off":[3.4,1.1]}},{"type":"Feature","geometry":{"type":"Point","coordinates":[20.057021,49.985142]},"properties":{"line":"G4","mode":"bus","color":"#0059a9","colorDark":"#00294f","band":4,"off":[6.8,1.1]}},{"type":"Feature","geometry":{"type":"Point","coordinates":[20.057021,49.985142]},"properties":{"line":"J1","mode":"bus","color":"#0059a9","colorDark":"#00294f","band":4,"off":[-6.8,3.1]}},{"type":"Feature","geometry":{"type":"Point","coordinates":[20.057021,49.985142]},"properties":{"line":"L1","mode":"bus","color":"#0059a9","colorDark":"#00294f","band":4,"off":[-3.4,3.1]}},{"type":"Feature","geometry":{"type":"Point","coordinates":[20.057021,49.985142]},"properties":{"line":"P2","mode":"bus","color":"#0059a9","colorDark":"#00294f","band":4,"off":[0,3.1]}},{"type":"Feature","geometry":{"type":"Point","coordinates":[20.057021,49.985142]},"properties":{"line":"R2","mode":"bus","color":"#0059a9","colorDark":"#00294f","band":4,"off":[3.4,3.1]}},{"type":"Feature","geometry":{"type":"Point","coordinates":[20.057021,49.985142]},"properties":{"line":"W2","mode":"bus","color":"#0059a9","colorDark":"#00294f","band":4,"off":[6.8,3.1]}},{"type":"Feature","geometry":{"type":"Point","coordinates":[20.057021,49.985142]},"properties":{"line":"Z1","mode":"bus","color":"#0059a9","colorDark":"#00294f","band":4,"off":[0,5.1]}},{"type":"Feature","geometry":{"type":"Point","coordinates":[19.973933,49.954177]},"properties":{"name":"Ochojno Remiza","band":4,"modes":"bus","arr":["285"],"off":[0,-0.8]}},{"type":"Feature","geometry":{"type":"Point","coordinates":[19.973933,49.954177]},"properties":{"line":"285","mode":"bus","color":"#0059a9","colorDark":"#00294f","band":4,"off":[0,1.1]}},{"type":"Feature","geometry":{"type":"Point","coordinates":[19.735684,49.926523]},"properties":{"name":"Grabie Pętla","band":4,"modes":"bus","arr":["295"],"off":[0,-0.8]}},{"type":"Feature","geometry":{"type":"Point","coordinates":[19.735684,49.926523]},"properties":{"line":"295","mode":"bus","color":"#0059a9","colorDark":"#00294f","band":4,"off":[0,1.1]}},{"type":"Feature","geometry":{"type":"Point","coordinates":[19.98316,50.128605]},"properties":{"name":"Boleń Pętla","band":4,"modes":"bus","arr":["297"],"off":[0,-0.8]}},{"type":"Feature","geometry":{"type":"Point","coordinates":[19.98316,50.128605]},"properties":{"line":"297","mode":"bus","color":"#0059a9","colorDark":"#00294f","band":4,"off":[0,1.1]}},{"type":"Feature","geometry":{"type":"Point","coordinates":[19.978463,50.158847]},"properties":{"name":"Michałowice P+R","band":4,"modes":"bus","arr":["307"],"off":[0,-0.8]}},{"type":"Feature","geometry":{"type":"Point","coordinates":[19.978463,50.158847]},"properties":{"line":"307","mode":"bus","color":"#0059a9","colorDark":"#00294f","band":4,"off":[0,1.1]}},{"type":"Feature","geometry":{"type":"Point","coordinates":[19.747297,50.158629]},"properties":{"name":"Będkowice Pętla","band":4,"modes":"bus","arr":["310","910"],"off":[0,-0.8]}},{"type":"Feature","geometry":{"type":"Point","coordinates":[19.747297,50.158629]},"properties":{"line":"310","mode":"bus","color":"#0059a9","colorDark":"#00294f","band":4,"off":[-1.7,1.1]}},{"type":"Feature","geometry":{"type":"Point","coordinates":[19.747297,50.158629]},"properties":{"line":"910","mode":"bus","color":"#0059a9","colorDark":"#00294f","band":4,"off":[1.7,1.1]}},{"type":"Feature","geometry":{"type":"Point","coordinates":[19.913274,50.174296]},"properties":{"name":"Owczary Pętla","band":4,"modes":"bus","arr":["337","937"],"off":[0,-0.8]}},{"type":"Feature","geometry":{"type":"Point","coordinates":[19.913274,50.174296]},"properties":{"line":"337","mode":"bus","color":"#0059a9","colorDark":"#00294f","band":4,"off":[-1.7,1.1]}},{"type":"Feature","geometry":{"type":"Point","coordinates":[19.913274,50.174296]},"properties":{"line":"937","mode":"bus","color":"#0059a9","colorDark":"#00294f","band":4,"off":[1.7,1.1]}},{"type":"Feature","geometry":{"type":"Point","coordinates":[19.885921,50.10939]},"properties":{"name":"Tonie","band":4,"modes":"bus","arr":["420"],"off":[0,-0.8]}},{"type":"Feature","geometry":{"type":"Point","coordinates":[19.885921,50.10939]},"properties":{"line":"420","mode":"bus","color":"#0059a9","colorDark":"#00294f","band":4,"off":[0,1.1]}},{"type":"Feature","geometry":{"type":"Point","coordinates":[19.984158,50.077039]},"properties":{"name":"Ugorek","band":4,"modes":"bus","arr":["424"],"off":[0,-0.8]}},{"type":"Feature","geometry":{"type":"Point","coordinates":[19.984158,50.077039]},"properties":{"line":"424","mode":"bus","color":"#0059a9","colorDark":"#00294f","band":4,"off":[0,1.1]}},{"type":"Feature","geometry":{"type":"Point","coordinates":[19.936235,50.030094]},"properties":{"name":"Łagiewniki","band":4,"modes":"bus","arr":["433","915"],"off":[0,-0.8]}},{"type":"Feature","geometry":{"type":"Point","coordinates":[19.936235,50.030094]},"properties":{"line":"433","mode":"bus","color":"#0059a9","colorDark":"#00294f","band":4,"off":[-1.7,1.1]}},{"type":"Feature","geometry":{"type":"Point","coordinates":[19.936235,50.030094]},"properties":{"line":"915","mode":"bus","color":"#0059a9","colorDark":"#00294f","band":4,"off":[1.7,1.1]}},{"type":"Feature","geometry":{"type":"Point","coordinates":[19.924051,50.100539]},"properties":{"name":"Prądnik Biały Zachód","band":4,"modes":"bus","arr":["513"],"off":[0,-0.8]}},{"type":"Feature","geometry":{"type":"Point","coordinates":[19.924051,50.100539]},"properties":{"line":"513","mode":"bus","color":"#0059a9","colorDark":"#00294f","band":4,"off":[0,1.1]}},{"type":"Feature","geometry":{"type":"Point","coordinates":[19.932254,50.058355]},"properties":{"name":"Filharmonia","band":4,"modes":"bus","arr":["706"],"off":[0,-0.8]}},{"type":"Feature","geometry":{"type":"Point","coordinates":[19.932254,50.058355]},"properties":{"line":"706","mode":"bus","color":"#0059a9","colorDark":"#00294f","band":4,"off":[0,1.1]}},{"type":"Feature","geometry":{"type":"Point","coordinates":[20.094776,50.03133]},"properties":{"name":"Brzegi Pętla","band":4,"modes":"bus","arr":["B2","G4"],"off":[0,-0.8]}},{"type":"Feature","geometry":{"type":"Point","coordinates":[20.094776,50.03133]},"properties":{"line":"B2","mode":"bus","color":"#0059a9","colorDark":"#00294f","band":4,"off":[-1.7,1.1]}},{"type":"Feature","geometry":{"type":"Point","coordinates":[20.094776,50.03133]},"properties":{"line":"G4","mode":"bus","color":"#0059a9","colorDark":"#00294f","band":4,"off":[1.7,1.1]}},{"type":"Feature","geometry":{"type":"Point","coordinates":[20.116625,49.942639]},"properties":{"name":"Dobranowice Szkoła","band":4,"modes":"bus","arr":["D2"],"off":[0,-0.8]}},{"type":"Feature","geometry":{"type":"Point","coordinates":[20.116625,49.942639]},"properties":{"line":"D2","mode":"bus","color":"#0059a9","colorDark":"#00294f","band":4,"off":[0,1.1]}},{"type":"Feature","geometry":{"type":"Point","coordinates":[20.013111,49.95408]},"properties":{"name":"Janowice Szkoła","band":4,"modes":"bus","arr":["J1"],"off":[0,-0.8]}},{"type":"Feature","geometry":{"type":"Point","coordinates":[20.013111,49.95408]},"properties":{"line":"J1","mode":"bus","color":"#0059a9","colorDark":"#00294f","band":4,"off":[0,1.1]}},{"type":"Feature","geometry":{"type":"Point","coordinates":[20.086377,49.977513]},"properties":{"name":"Lednica Górna Zakręt","band":4,"modes":"bus","arr":["L1"],"off":[0,-0.8]}},{"type":"Feature","geometry":{"type":"Point","coordinates":[20.086377,49.977513]},"properties":{"line":"L1","mode":"bus","color":"#0059a9","colorDark":"#00294f","band":4,"off":[0,1.1]}},{"type":"Feature","geometry":{"type":"Point","coordinates":[20.062191,49.924355]},"properties":{"name":"Jankówka Skrzyżowanie","band":4,"modes":"bus","arr":["R2"],"off":[0,-0.8]}},{"type":"Feature","geometry":{"type":"Point","coordinates":[20.062191,49.924355]},"properties":{"line":"R2","mode":"bus","color":"#0059a9","colorDark":"#00294f","band":4,"off":[0,1.1]}},{"type":"Feature","geometry":{"type":"Point","coordinates":[19.913735,50.052706]},"properties":{"name":"Salwator","band":4,"modes":"tram","arr":["1","13"],"off":[0,-0.8]}},{"type":"Feature","geometry":{"type":"Point","coordinates":[19.913735,50.052706]},"properties":{"line":"1","mode":"tram","color":"#d6212b","colorDark":"#7c1116","band":4,"off":[-1.7,1.1]}},{"type":"Feature","geometry":{"type":"Point","coordinates":[19.913735,50.052706]},"properties":{"line":"13","mode":"tram","color":"#d6212b","colorDark":"#7c1116","band":4,"off":[1.7,1.1]}},{"type":"Feature","geometry":{"type":"Point","coordinates":[20.064855,50.094596]},"properties":{"name":"Wzgórza Krzesławickie","band":4,"modes":"tram","arr":["1","5"],"off":[0,-0.8]}},{"type":"Feature","geometry":{"type":"Point","coordinates":[20.064855,50.094596]},"properties":{"line":"1","mode":"tram","color":"#d6212b","colorDark":"#7c1116","band":4,"off":[-1.7,1.1]}},{"type":"Feature","geometry":{"type":"Point","coordinates":[20.064855,50.094596]},"properties":{"line":"5","mode":"tram","color":"#d6212b","colorDark":"#7c1116","band":4,"off":[1.7,1.1]}},{"type":"Feature","geometry":{"type":"Point","coordinates":[19.932767,50.088754]},"properties":{"name":"Krowodrza Górka P+R","band":4,"modes":"tram","arr":["3","5"],"off":[0,-0.8]}},{"type":"Feature","geometry":{"type":"Point","coordinates":[19.932767,50.088754]},"properties":{"line":"3","mode":"tram","color":"#d6212b","colorDark":"#7c1116","band":4,"off":[-1.7,1.1]}},{"type":"Feature","geometry":{"type":"Point","coordinates":[19.932767,50.088754]},"properties":{"line":"5","mode":"tram","color":"#d6212b","colorDark":"#7c1116","band":4,"off":[1.7,1.1]}},{"type":"Feature","geometry":{"type":"Point","coordinates":[19.940383,50.075925]},"properties":{"name":"Dworzec Towarowy","band":4,"modes":"tram","arr":["14","17"],"off":[0,-0.8]}},{"type":"Feature","geometry":{"type":"Point","coordinates":[19.940383,50.075925]},"properties":{"line":"14","mode":"tram","color":"#d6212b","colorDark":"#7c1116","band":4,"off":[-1.7,1.1]}},{"type":"Feature","geometry":{"type":"Point","coordinates":[19.940383,50.075925]},"properties":{"line":"17","mode":"tram","color":"#d6212b","colorDark":"#7c1116","band":4,"off":[1.7,1.1]}},{"type":"Feature","geometry":{"type":"Point","coordinates":[20.065491,50.084208]},"properties":{"name":"PH","band":4,"modes":"tram","arr":["3","50","69"],"off":[0,-0.8]}},{"type":"Feature","geometry":{"type":"Point","coordinates":[20.065491,50.084208]},"properties":{"line":"3","mode":"tram","color":"#d6212b","colorDark":"#7c1116","band":4,"off":[-3.4,1.1]}},{"type":"Feature","geometry":{"type":"Point","coordinates":[20.065491,50.084208]},"properties":{"line":"50","mode":"tram","color":"#d6212b","colorDark":"#7c1116","band":4,"off":[0,1.1]}},{"type":"Feature","geometry":{"type":"Point","coordinates":[20.065491,50.084208]},"properties":{"line":"69","mode":"tram","color":"#d6212b","colorDark":"#7c1116","band":4,"off":[3.4,1.1]}},{"type":"Feature","geometry":{"type":"Point","coordinates":[20.023063,50.015594]},"properties":{"name":"Nowy Bieżanów P+R","band":4,"modes":"tram","arr":["3","9","13","49","69"],"off":[0,-0.8]}},{"type":"Feature","geometry":{"type":"Point","coordinates":[20.023063,50.015594]},"properties":{"line":"3","mode":"tram","color":"#d6212b","colorDark":"#7c1116","band":4,"off":[-6.8,1.1]}},{"type":"Feature","geometry":{"type":"Point","coordinates":[20.023063,50.015594]},"properties":{"line":"9","mode":"tram","color":"#d6212b","colorDark":"#7c1116","band":4,"off":[-3.4,1.1]}},{"type":"Feature","geometry":{"type":"Point","coordinates":[20.023063,50.015594]},"properties":{"line":"13","mode":"tram","color":"#d6212b","colorDark":"#7c1116","band":4,"off":[0,1.1]}},{"type":"Feature","geometry":{"type":"Point","coordinates":[20.023063,50.015594]},"properties":{"line":"49","mode":"tram","color":"#d6212b","colorDark":"#7c1116","band":4,"off":[3.4,1.1]}},{"type":"Feature","geometry":{"type":"Point","coordinates":[20.023063,50.015594]},"properties":{"line":"69","mode":"tram","color":"#d6212b","colorDark":"#7c1116","band":4,"off":[6.8,1.1]}},{"type":"Feature","geometry":{"type":"Point","coordinates":[20.021371,50.090091]},"properties":{"name":"Rondo Hipokratesa","band":4,"modes":"tram","arr":["9"],"off":[0,-0.8]}},{"type":"Feature","geometry":{"type":"Point","coordinates":[20.021371,50.090091]},"properties":{"line":"9","mode":"tram","color":"#d6212b","colorDark":"#7c1116","band":4,"off":[0,1.1]}},{"type":"Feature","geometry":{"type":"Point","coordinates":[20.116889,50.072893]},"properties":{"name":"Pleszów","band":4,"modes":"tram","arr":["10","21"],"off":[0,-0.8]}},{"type":"Feature","geometry":{"type":"Point","coordinates":[20.116889,50.072893]},"properties":{"line":"10","mode":"tram","color":"#d6212b","colorDark":"#7c1116","band":4,"off":[-1.7,1.1]}},{"type":"Feature","geometry":{"type":"Point","coordinates":[20.116889,50.072893]},"properties":{"line":"21","mode":"tram","color":"#d6212b","colorDark":"#7c1116","band":4,"off":[1.7,1.1]}},{"type":"Feature","geometry":{"type":"Point","coordinates":[20.064912,50.067772]},"properties":{"name":"Bardosa","band":4,"modes":"tram","arr":["75"],"off":[0,-0.8]}},{"type":"Feature","geometry":{"type":"Point","coordinates":[20.064912,50.067772]},"properties":{"line":"75","mode":"tram","color":"#d6212b","colorDark":"#7c1116","band":4,"off":[0,1.1]}},{"type":"Feature","geometry":{"type":"Point","coordinates":[19.948094,50.014078]},"properties":{"name":"Kurdwanów P+R","band":4,"modes":"tram","arr":["10","24"],"off":[0,-0.8]}},{"type":"Feature","geometry":{"type":"Point","coordinates":[19.948094,50.014078]},"properties":{"line":"10","mode":"tram","color":"#d6212b","colorDark":"#7c1116","band":4,"off":[-1.7,1.1]}},{"type":"Feature","geometry":{"type":"Point","coordinates":[19.948094,50.014078]},"properties":{"line":"24","mode":"tram","color":"#d6212b","colorDark":"#7c1116","band":4,"off":[1.7,1.1]}},{"type":"Feature","geometry":{"type":"Point","coordinates":[20.001503,50.040063]},"properties":{"name":"Mały Płaszów P+R","band":4,"modes":"tram","arr":["11","20","76"],"off":[0,-0.8]}},{"type":"Feature","geometry":{"type":"Point","coordinates":[20.001503,50.040063]},"properties":{"line":"11","mode":"tram","color":"#d6212b","colorDark":"#7c1116","band":4,"off":[-3.4,1.1]}},{"type":"Feature","geometry":{"type":"Point","coordinates":[20.001503,50.040063]},"properties":{"line":"20","mode":"tram","color":"#d6212b","colorDark":"#7c1116","band":4,"off":[0,1.1]}},{"type":"Feature","geometry":{"type":"Point","coordinates":[20.001503,50.040063]},"properties":{"line":"76","mode":"tram","color":"#d6212b","colorDark":"#7c1116","band":4,"off":[3.4,1.1]}},{"type":"Feature","geometry":{"type":"Point","coordinates":[20.000177,50.094441]},"properties":{"name":"Miśnieńska","band":4,"modes":"tram","arr":["14"],"off":[0,-0.8]}},{"type":"Feature","geometry":{"type":"Point","coordinates":[20.000177,50.094441]},"properties":{"line":"14","mode":"tram","color":"#d6212b","colorDark":"#7c1116","band":4,"off":[0,1.1]}},{"type":"Feature","geometry":{"type":"Point","coordinates":[19.962464,50.104864]},"properties":{"name":"Górka Narodowa P+R","band":4,"modes":"tram","arr":["18","50","69","75"],"off":[0,-0.8]}},{"type":"Feature","geometry":{"type":"Point","coordinates":[19.962464,50.104864]},"properties":{"line":"18","mode":"tram","color":"#d6212b","colorDark":"#7c1116","band":4,"off":[-5.1,1.1]}},{"type":"Feature","geometry":{"type":"Point","coordinates":[19.962464,50.104864]},"properties":{"line":"50","mode":"tram","color":"#d6212b","colorDark":"#7c1116","band":4,"off":[-1.7,1.1]}},{"type":"Feature","geometry":{"type":"Point","coordinates":[19.962464,50.104864]},"properties":{"line":"69","mode":"tram","color":"#d6212b","colorDark":"#7c1116","band":4,"off":[1.7,1.1]}},{"type":"Feature","geometry":{"type":"Point","coordinates":[19.962464,50.104864]},"properties":{"line":"75","mode":"tram","color":"#d6212b","colorDark":"#7c1116","band":4,"off":[5.1,1.1]}},{"type":"Feature","geometry":{"type":"Point","coordinates":[19.957307,50.101629]},"properties":{"name":"Papierni Prądnickich","band":4,"modes":"tram","arr":["50","69"],"off":[0,-0.8]}},{"type":"Feature","geometry":{"type":"Point","coordinates":[19.957307,50.101629]},"properties":{"line":"50","mode":"tram","color":"#d6212b","colorDark":"#7c1116","band":4,"off":[-1.7,1.1]}},{"type":"Feature","geometry":{"type":"Point","coordinates":[19.957307,50.101629]},"properties":{"line":"69","mode":"tram","color":"#d6212b","colorDark":"#7c1116","band":4,"off":[1.7,1.1]}},{"type":"Feature","geometry":{"type":"Point","coordinates":[20.012061,50.101981]},"properties":{"name":"Os. Piastów","band":4,"modes":"tram","arr":["21","52","64"],"off":[0,-0.8]}},{"type":"Feature","geometry":{"type":"Point","coordinates":[20.012061,50.101981]},"properties":{"line":"21","mode":"tram","color":"#d6212b","colorDark":"#7c1116","band":4,"off":[-3.4,1.1]}},{"type":"Feature","geometry":{"type":"Point","coordinates":[20.012061,50.101981]},"properties":{"line":"52","mode":"tram","color":"#d6212b","colorDark":"#7c1116","band":4,"off":[0,1.1]}},{"type":"Feature","geometry":{"type":"Point","coordinates":[20.012061,50.101981]},"properties":{"line":"64","mode":"tram","color":"#d6212b","colorDark":"#7c1116","band":4,"off":[3.4,1.1]}},{"type":"Feature","geometry":{"type":"Point","coordinates":[20.06696,50.069703]},"properties":{"name":"Kopiec Wandy","band":4,"modes":"tram","arr":["22"],"off":[0,-0.8]}},{"type":"Feature","geometry":{"type":"Point","coordinates":[20.06696,50.069703]},"properties":{"line":"22","mode":"tram","color":"#d6212b","colorDark":"#7c1116","band":4,"off":[0,1.1]}},{"type":"Feature","geometry":{"type":"Point","coordinates":[19.927011,50.013093]},"properties":{"name":"Borek Fałęcki","band":4,"modes":"tram","arr":["22","50"],"off":[0,-0.8]}},{"type":"Feature","geometry":{"type":"Point","coordinates":[19.927011,50.013093]},"properties":{"line":"22","mode":"tram","color":"#d6212b","colorDark":"#7c1116","band":4,"off":[-1.7,1.1]}},{"type":"Feature","geometry":{"type":"Point","coordinates":[19.927011,50.013093]},"properties":{"line":"50","mode":"tram","color":"#d6212b","colorDark":"#7c1116","band":4,"off":[1.7,1.1]}},{"type":"Feature","geometry":{"type":"Point","coordinates":[19.985167,50.072101]},"properties":{"name":"TAURON Arena Kraków Wieczysta","band":4,"modes":"tram","arr":["49"],"off":[0,-0.8]}},{"type":"Feature","geometry":{"type":"Point","coordinates":[19.985167,50.072101]},"properties":{"line":"49","mode":"tram","color":"#d6212b","colorDark":"#7c1116","band":4,"off":[0,1.1]}},{"type":"Feature","geometry":{"type":"Point","coordinates":[19.9574,50.074278]},"properties":{"name":"Cmentarz Rakowicki","band":4,"modes":"tram","arr":["76"],"off":[0,-0.8]}},{"type":"Feature","geometry":{"type":"Point","coordinates":[19.9574,50.074278]},"properties":{"line":"76","mode":"tram","color":"#d6212b","colorDark":"#7c1116","band":4,"off":[0,1.1]}}]}