{"type":"FeatureCollection","features":[{"type":"Feature","properties":{"mode":"bus","n":5,"arr":["102","126","192","300","902"],"lines":"102, 126, 192, 300, 902"},"geometry":{"type":"LineString","coordinates":[[19.846974,50.067796],[19.847235,50.067869],[19.847728,50.067935]]}},{"type":"Feature","properties":{"mode":"bus","n":5,"arr":["102","126","192","300","902"],"lines":"102, 126, 192, 300, 902"},"geometry":{"type":"LineString","coordinates":[[19.851209,50.067538],[19.850673,50.067483],[19.85038,50.067499],[19.849095,50.067675],[19.848753,50.067759],[19.848379,50.067888],[19.84812,50.067942],[19.847976,50.067955],[19.847728,50.067935],[19.847179,50.067994],[19.847011,50.067977],[19.846948,50.067998]]}},{"type":"Feature","properties":{"mode":"bus","n":5,"arr":["102","126","192","300","902"],"lines":"102, 126, 192, 300, 902"},"geometry":{"type":"LineString","coordinates":[[19.846676,50.06793],[19.846667,50.067919]]}},{"type":"Feature","properties":{"mode":"bus","n":5,"arr":["102","126","192","300","902"],"lines":"102, 126, 192, 300, 902"},"geometry":{"type":"LineString","coordinates":[[19.846672,50.067842],[19.846753,50.067789]]}},{"type":"Feature","properties":{"mode":"bus","n":5,"arr":["102","126","192","300","902"],"lines":"102, 126, 192, 300, 902"},"geometry":{"type":"LineString","coordinates":[[19.876405,50.065519],[19.875799,50.065726],[19.874558,50.06634],[19.874273,50.066447],[19.874013,50.066514],[19.873308,50.066548],[19.871582,50.066536],[19.8711,50.066563],[19.870579,50.066669],[19.86907,50.067205]]}},{"type":"Feature","properties":{"mode":"bus","n":11,"arr":["102","138","168","194","207","220","227","240","267","290","937"],"lines":"102, 138, 168, 194, 207, 220, 227, 240, 267, 290, 937"},"geometry":{"type":"LineString","coordinates":[[19.931832,50.087976],[19.931527,50.087883],[19.93142,50.087819]]}},{"type":"Feature","properties":{"mode":"bus","n":11,"arr":["102","138","168","194","207","220","227","240","267","290","937"],"lines":"102, 138, 168, 194, 207, 220, 227, 240, 267, 290, 937"},"geometry":{"type":"LineString","coordinates":[[19.931281,50.087809],[19.931202,50.087869],[19.931201,50.087925]]}},{"type":"Feature","properties":{"mode":"bus","n":8,"arr":["104","121","151","194","204","293","494","608"],"lines":"104, 121, 151, 194, 204, 293, 494, 608"},"geometry":{"type":"LineString","coordinates":[[19.905326,50.006953],[19.905372,50.007015],[19.905363,50.007081]]}},{"type":"Feature","properties":{"mode":"bus","n":8,"arr":["104","121","151","194","204","293","494","608"],"lines":"104, 121, 151, 194, 204, 293, 494, 608"},"geometry":{"type":"LineString","coordinates":[[19.905183,50.007163],[19.905064,50.00714],[19.904987,50.007064]]}},{"type":"Feature","properties":{"mode":"bus","n":8,"arr":["104","121","151","194","204","293","494","608"],"lines":"104, 121, 151, 194, 204, 293, 494, 608"},"geometry":{"type":"LineString","coordinates":[[19.905128,50.006915],[19.90506,50.006935]]}},{"type":"Feature","properties":{"mode":"bus","n":6,"arr":["104","194","204","293","494","608"],"lines":"104, 194, 204, 293, 494, 608"},"geometry":{"type":"LineString","coordinates":[[19.905363,50.007081],[19.905304,50.007134],[19.905183,50.007163]]}},{"type":"Feature","properties":{"mode":"bus","n":6,"arr":["104","194","204","293","494","608"],"lines":"104, 194, 204, 293, 494, 608"},"geometry":{"type":"LineString","coordinates":[[19.904987,50.007064],[19.904913,50.007013],[19.904364,50.006798],[19.9038,50.006629],[19.903035,50.006474],[19.902476,50.00642],[19.901722,50.006414],[19.898936,50.006532],[19.898489,50.006581],[19.897909,50.006702]]}},{"type":"Feature","properties":{"mode":"bus","n":6,"arr":["104","194","204","293","494","608"],"lines":"104, 194, 204, 293, 494, 608"},"geometry":{"type":"LineString","coordinates":[[19.896277,50.007215],[19.89583,50.007392],[19.895429,50.00747],[19.89486,50.00752],[19.893624,50.007566]]}},{"type":"Feature","properties":{"mode":"bus","n":6,"arr":["104","194","204","293","494","608"],"lines":"104, 194, 204, 293, 494, 608"},"geometry":{"type":"LineString","coordinates":[[19.897909,50.006702],[19.897767,50.006756],[19.896952,50.00696],[19.896325,50.007197],[19.896312,50.007202],[19.896303,50.007204],[19.896298,50.007204],[19.896299,50.007201],[19.896304,50.007196],[19.896314,50.007188],[19.89647,50.007073],[19.896799,50.006917],[19.897411,50.006748],[19.897791,50.006699],[19.897909,50.006702]]}},{"type":"Feature","properties":{"mode":"bus","n":8,"arr":["120","238","248","258","268","278","288","948"],"lines":"120, 238, 248, 258, 268, 278, 288, 948"},"geometry":{"type":"LineString","coordinates":[[19.891872,50.087214],[19.892058,50.087466],[19.892129,50.087679]]}},{"type":"Feature","properties":{"mode":"bus","n":8,"arr":["120","238","248","258","268","278","288","948"],"lines":"120, 238, 248, 258, 268, 278, 288, 948"},"geometry":{"type":"LineString","coordinates":[[19.891387,50.087652],[19.890903,50.087617],[19.89047,50.087636],[19.889993,50.087714],[19.889475,50.087867],[19.88651,50.08897],[19.8856,50.08927],[19.885135,50.089397],[19.884674,50.08957],[19.883572,50.090015],[19.881234,50.091047]]}},{"type":"Feature","properties":{"mode":"bus","n":8,"arr":["120","238","248","258","268","278","288","948"],"lines":"120, 238, 248, 258, 268, 278, 288, 948"},"geometry":{"type":"LineString","coordinates":[[19.88115,50.090942],[19.8834,50.089937],[19.884962,50.089341],[19.885738,50.088979],[19.887266,50.088343],[19.889172,50.087657],[19.889542,50.087542],[19.890321,50.087367],[19.890798,50.087213],[19.890965,50.08712],[19.891148,50.086863]]}},{"type":"Feature","properties":{"mode":"bus","n":10,"arr":["120","173","238","248","258","268","278","288","572","948"],"lines":"120, 173, 238, 248, 258, 268, 278, 288, 572, 948"},"geometry":{"type":"LineString","coordinates":[[19.892129,50.087679],[19.891387,50.087652]]}},{"type":"Feature","properties":{"mode":"bus","n":10,"arr":["120","173","238","248","258","268","278","288","572","948"],"lines":"120, 173, 238, 248, 258, 268, 278, 288, 572, 948"},"geometry":{"type":"LineString","coordinates":[[19.891199,50.085064],[19.891308,50.085275],[19.891458,50.085859],[19.891639,50.086862],[19.891745,50.087077],[19.891872,50.087214]]}},{"type":"Feature","properties":{"mode":"bus","n":10,"arr":["120","173","238","248","258","268","278","288","572","948"],"lines":"120, 173, 238, 248, 258, 268, 278, 288, 572, 948"},"geometry":{"type":"LineString","coordinates":[[19.891148,50.086863],[19.891146,50.086495],[19.891017,50.085658],[19.89101,50.084795]]}},{"type":"Feature","properties":{"mode":"bus","n":6,"arr":["120","200","210","230","310","910"],"lines":"120, 200, 210, 230, 310, 910"},"geometry":{"type":"LineString","coordinates":[[19.879447,50.107126],[19.879521,50.107136]]}},{"type":"Feature","properties":{"mode":"bus","n":6,"arr":["120","200","210","230","310","910"],"lines":"120, 200, 210, 230, 310, 910"},"geometry":{"type":"LineString","coordinates":[[19.879617,50.107232],[19.879574,50.10729],[19.879545,50.107313],[19.879503,50.107326],[19.879413,50.107338],[19.879296,50.107386],[19.878632,50.107777],[19.878196,50.108098],[19.877827,50.108413]]}},{"type":"Feature","properties":{"mode":"bus","n":6,"arr":["120","200","210","230","310","910"],"lines":"120, 200, 210, 230, 310, 910"},"geometry":{"type":"LineString","coordinates":[[19.879283,50.107243],[19.879289,50.107198]]}},{"type":"Feature","properties":{"mode":"bus","n":10,"arr":["122","189","202","212","222","232","262","572","608","664"],"lines":"122, 189, 202, 212, 222, 232, 262, 572, 608, 664"},"geometry":{"type":"LineString","coordinates":[[20.027874,50.079472],[20.027935,50.079615]]}},{"type":"Feature","properties":{"mode":"bus","n":10,"arr":["122","189","202","212","222","232","262","572","608","664"],"lines":"122, 189, 202, 212, 222, 232, 262, 572, 608, 664"},"geometry":{"type":"LineString","coordinates":[[20.027583,50.080024],[20.027394,50.080025]]}},{"type":"Feature","properties":{"mode":"bus","n":10,"arr":["122","189","202","212","222","232","262","572","608","664"],"lines":"122, 189, 202, 212, 222, 232, 262, 572, 608, 664"},"geometry":{"type":"LineString","coordinates":[[20.026795,50.079773],[20.02673,50.079619]]}},{"type":"Feature","properties":{"mode":"bus","n":10,"arr":["122","189","202","212","222","232","262","572","608","664"],"lines":"122, 189, 202, 212, 222, 232, 262, 572, 608, 664"},"geometry":{"type":"LineString","coordinates":[[20.027125,50.079238],[20.027276,50.079243]]}},{"type":"Feature","properties":{"mode":"bus","n":6,"arr":["122","202","212","222","232","262"],"lines":"122, 202, 212, 222, 232, 262"},"geometry":{"type":"LineString","coordinates":[[20.027394,50.080025],[20.02701,50.079945],[20.026849,50.079849],[20.026795,50.079773]]}},{"type":"Feature","properties":{"mode":"bus","n":6,"arr":["122","202","212","222","232","262"],"lines":"122, 202, 212, 222, 232, 262"},"geometry":{"type":"LineString","coordinates":[[20.072465,50.104027],[20.066942,50.099087]]}},{"type":"Feature","properties":{"mode":"bus","n":5,"arr":["123","132","139","601","664"],"lines":"123, 132, 139, 601, 664"},"geometry":{"type":"LineString","coordinates":[[20.021843,50.090692],[20.021635,50.090788],[20.021458,50.090825],[20.020482,50.090879],[20.017894,50.09128],[20.017612,50.091355],[20.017168,50.091533],[20.016862,50.091699],[20.016642,50.091852]]}},{"type":"Feature","properties":{"mode":"bus","n":5,"arr":["123","132","139","601","664"],"lines":"123, 132, 139, 601, 664"},"geometry":{"type":"LineString","coordinates":[[20.021119,50.090452],[20.020338,50.090732],[20.017996,50.091089],[20.017502,50.09121]]}},{"type":"Feature","properties":{"mode":"bus","n":5,"arr":["123","132","139","601","664"],"lines":"123, 132, 139, 601, 664"},"geometry":{"type":"LineString","coordinates":[[20.016452,50.091747],[20.016823,50.0915],[20.017054,50.091389]]}},{"type":"Feature","properties":{"mode":"bus","n":5,"arr":["124","194","300","424","494"],"lines":"124, 194, 300, 424, 494"},"geometry":{"type":"LineString","coordinates":[[19.931546,50.048979],[19.931628,50.048775]]}},{"type":"Feature","properties":{"mode":"bus","n":5,"arr":["124","194","300","424","494"],"lines":"124, 194, 300, 424, 494"},"geometry":{"type":"LineString","coordinates":[[19.931453,50.048718],[19.931546,50.048979],[19.931535,50.049021],[19.931537,50.049041],[19.931554,50.049059],[19.931747,50.049181],[19.931861,50.049233],[19.93201,50.049262],[19.932452,50.049267]]}},{"type":"Feature","properties":{"mode":"bus","n":15,"arr":["124","144","164","169","173","179","194","300","301","304","424","494","503","513","608"],"lines":"124, 144, 164, 169, 173, 179, 194, 300, 301, 304, 424, 494, 503, 513, 608"},"geometry":{"type":"LineString","coordinates":[[19.93259,50.049084],[19.931859,50.05003],[19.931033,50.05077],[19.92985,50.052248],[19.929482,50.05275],[19.929372,50.052883],[19.929244,50.052976]]}},{"type":"Feature","properties":{"mode":"bus","n":15,"arr":["124","144","164","169","173","179","194","300","301","304","424","494","503","513","608"],"lines":"124, 144, 164, 169, 173, 179, 194, 300, 301, 304, 424, 494, 503, 513, 608"},"geometry":{"type":"LineString","coordinates":[[19.927579,50.055293],[19.927583,50.055141]]}},{"type":"Feature","properties":{"mode":"bus","n":9,"arr":["124","128","182","189","424","482","511","601","611"],"lines":"124, 128, 182, 189, 424, 482, 511, 601, 611"},"geometry":{"type":"LineString","coordinates":[[19.97356,50.08046],[19.973792,50.080579],[19.973893,50.080747]]}},{"type":"Feature","properties":{"mode":"bus","n":9,"arr":["124","128","182","189","424","482","511","601","611"],"lines":"124, 128, 182, 189, 424, 482, 511, 601, 611"},"geometry":{"type":"LineString","coordinates":[[19.973199,50.0807],[19.97327,50.080775],[19.973383,50.080834],[19.973679,50.080912]]}},{"type":"Feature","properties":{"mode":"bus","n":8,"arr":["124","128","182","189","482","511","601","611"],"lines":"124, 128, 182, 189, 482, 511, 601, 611"},"geometry":{"type":"LineString","coordinates":[[19.973679,50.080912],[19.973893,50.080747]]}},{"type":"Feature","properties":{"mode":"bus","n":8,"arr":["124","128","182","189","482","511","601","611"],"lines":"124, 128, 182, 189, 482, 511, 601, 611"},"geometry":{"type":"LineString","coordinates":[[19.97356,50.08046],[19.973348,50.080547],[19.973199,50.0807]]}},{"type":"Feature","properties":{"mode":"bus","n":7,"arr":["125","182","189","192","317","482","511"],"lines":"125, 182, 189, 192, 317, 482, 511"},"geometry":{"type":"LineString","coordinates":[[19.949774,50.069196],[19.949869,50.069137],[19.949913,50.069025]]}},{"type":"Feature","properties":{"mode":"bus","n":7,"arr":["125","182","189","192","317","482","511"],"lines":"125, 182, 189, 192, 317, 482, 511"},"geometry":{"type":"LineString","coordinates":[[19.949371,50.069115],[19.949417,50.069161]]}},{"type":"Feature","properties":{"mode":"bus","n":6,"arr":["125","182","189","192","482","511"],"lines":"125, 182, 189, 192, 482, 511"},"geometry":{"type":"LineString","coordinates":[[19.949417,50.069161],[19.949602,50.069219],[19.949774,50.069196]]}},{"type":"Feature","properties":{"mode":"bus","n":11,"arr":["125","182","189","192","317","482","511","608","609","669","902"],"lines":"125, 182, 189, 192, 317, 482, 511, 608, 609, 669, 902"},"geometry":{"type":"LineString","coordinates":[[19.949645,50.068858],[19.949465,50.068889],[19.949391,50.068951]]}},{"type":"Feature","properties":{"mode":"bus","n":5,"arr":["127","128","148","158","605"],"lines":"127, 128, 148, 158, 605"},"geometry":{"type":"LineString","coordinates":[[19.991648,50.042015],[19.991747,50.042014],[19.991795,50.042006],[19.991832,50.041985],[19.991869,50.041953],[19.991887,50.041928],[19.991885,50.0419],[19.991876,50.041876],[19.991858,50.041851],[19.991825,50.041833],[19.991775,50.041816],[19.991735,50.041795],[19.991712,50.041765],[19.991661,50.041648],[19.991786,50.040626]]}},{"type":"Feature","properties":{"mode":"bus","n":5,"arr":["127","128","148","158","605"],"lines":"127, 128, 148, 158, 605"},"geometry":{"type":"LineString","coordinates":[[19.991689,50.04041],[19.991562,50.04196]]}},{"type":"Feature","properties":{"mode":"bus","n":8,"arr":["128","138","182","189","482","511","601","611"],"lines":"128, 138, 182, 189, 482, 511, 601, 611"},"geometry":{"type":"LineString","coordinates":[[19.971381,50.08493],[19.971594,50.085139],[19.971679,50.085419]]}},{"type":"Feature","properties":{"mode":"bus","n":8,"arr":["128","182","189","482","511","601","608","611"],"lines":"128, 182, 189, 482, 511, 601, 608, 611"},"geometry":{"type":"LineString","coordinates":[[19.971043,50.085425],[19.970879,50.085341],[19.970613,50.085096],[19.970534,50.084912],[19.970581,50.084801],[19.970544,50.084631],[19.970355,50.084356],[19.970302,50.08423],[19.970375,50.083727],[19.970571,50.083365],[19.971101,50.082807],[19.971123,50.082791],[19.97115,50.082786],[19.971181,50.08279],[19.97131,50.082827],[19.97133,50.082835],[19.971341,50.082845],[19.971341,50.082857],[19.971331,50.082871],[19.971031,50.083174]]}},{"type":"Feature","properties":{"mode":"bus","n":5,"arr":["132","139","182","601","664"],"lines":"132, 139, 182, 601, 664"},"geometry":{"type":"LineString","coordinates":[[20.013176,50.094493],[20.012942,50.094876]]}},{"type":"Feature","properties":{"mode":"bus","n":5,"arr":["132","139","182","601","664"],"lines":"132, 139, 182, 601, 664"},"geometry":{"type":"LineString","coordinates":[[20.012372,50.094977],[20.011857,50.094666]]}},{"type":"Feature","properties":{"mode":"bus","n":5,"arr":["132","139","182","601","664"],"lines":"132, 139, 182, 601, 664"},"geometry":{"type":"LineString","coordinates":[[20.012021,50.094273],[20.012716,50.094158]]}},{"type":"Feature","properties":{"mode":"bus","n":8,"arr":["149","160","202","212","222","232","262","601"],"lines":"149, 160, 202, 212, 222, 232, 262, 601"},"geometry":{"type":"LineString","coordinates":[[20.057005,50.08952],[20.056802,50.089824],[20.056794,50.089908],[20.056859,50.090069],[20.057064,50.090356],[20.057409,50.090676],[20.057636,50.090809],[20.058012,50.090964],[20.05803,50.090974],[20.058037,50.090985],[20.058034,50.090996],[20.05802,50.091009],[20.057977,50.091036],[20.05795,50.091048],[20.057922,50.09105],[20.057893,50.091041],[20.057295,50.090762],[20.057097,50.090627],[20.0569,50.090377],[20.056485,50.08969],[20.056473,50.089676],[20.056455,50.089668],[20.056432,50.089665],[20.056359,50.089662]]}},{"type":"Feature","properties":{"mode":"bus","n":8,"arr":["149","160","202","212","222","232","262","601"],"lines":"149, 160, 202, 212, 222, 232, 262, 601"},"geometry":{"type":"LineString","coordinates":[[20.055141,50.089152],[20.055135,50.089078]]}},{"type":"Feature","properties":{"mode":"bus","n":9,"arr":["138","149","160","202","212","222","232","262","601"],"lines":"138, 149, 160, 202, 212, 222, 232, 262, 601"},"geometry":{"type":"LineString","coordinates":[[20.056359,50.089662],[20.055399,50.089373],[20.055236,50.089269],[20.055141,50.089152]]}},{"type":"Feature","properties":{"mode":"bus","n":9,"arr":["138","149","160","202","212","222","232","262","601"],"lines":"138, 149, 160, 202, 212, 222, 232, 262, 601"},"geometry":{"type":"LineString","coordinates":[[20.057123,50.089229],[20.057029,50.089032],[20.056882,50.088938],[20.056028,50.088662],[20.055849,50.088632],[20.055652,50.08864],[20.0553,50.088757]]}},{"type":"Feature","properties":{"mode":"bus","n":10,"arr":["138","168","194","207","220","227","240","267","290","937"],"lines":"138, 168, 194, 207, 220, 227, 240, 267, 290, 937"},"geometry":{"type":"LineString","coordinates":[[19.93142,50.087819],[19.93135,50.0878],[19.931281,50.087809]]}},{"type":"Feature","properties":{"mode":"bus","n":10,"arr":["138","168","194","207","220","227","240","267","290","937"],"lines":"138, 168, 194, 207, 220, 227, 240, 267, 290, 937"},"geometry":{"type":"LineString","coordinates":[[19.931201,50.087925],[19.931038,50.088063],[19.930986,50.088144],[19.93029,50.088611]]}},{"type":"Feature","properties":{"mode":"bus","n":10,"arr":["138","168","194","207","220","227","240","267","290","937"],"lines":"138, 168, 194, 207, 220, 227, 240, 267, 290, 937"},"geometry":{"type":"LineString","coordinates":[[19.932634,50.08823],[19.931832,50.087976]]}},{"type":"Feature","properties":{"mode":"bus","n":10,"arr":["144","164","169","173","179","301","304","503","513","608"],"lines":"144, 164, 169, 173, 179, 301, 304, 503, 513, 608"},"geometry":{"type":"LineString","coordinates":[[19.932729,50.048911],[19.93259,50.049084]]}},{"type":"Feature","properties":{"mode":"bus","n":7,"arr":["144","155","169","173","174","179","469"],"lines":"144, 155, 169, 173, 174, 179, 469"},"geometry":{"type":"LineString","coordinates":[[19.951345,50.030167],[19.951498,50.030069],[19.952068,50.029842],[19.952436,50.029723],[19.953206,50.029524],[19.953518,50.029386],[19.953597,50.029277],[19.953543,50.029177],[19.953588,50.029101],[19.953862,50.029021],[19.953963,50.028951],[19.954093,50.028776],[19.954174,50.028592],[19.954175,50.028568],[19.954156,50.028546],[19.954103,50.028509],[19.954083,50.028432],[19.954127,50.028365],[19.954219,50.028323],[19.954356,50.028322],[19.954464,50.028374],[19.954725,50.028403],[19.955082,50.028526],[19.955413,50.028596],[19.955523,50.028599],[19.955681,50.028553],[19.955789,50.028574],[19.955865,50.02863],[19.955926,50.028761],[19.956062,50.028862],[19.956145,50.028967],[19.956252,50.029023],[19.956416,50.029047]]}},{"type":"Feature","properties":{"mode":"bus","n":7,"arr":["148","202","212","222","232","262","664"],"lines":"148, 202, 212, 222, 232, 262, 664"},"geometry":{"type":"LineString","coordinates":[[20.017788,50.07312],[20.017971,50.073373],[20.018043,50.073729]]}},{"type":"Feature","properties":{"mode":"bus","n":7,"arr":["148","202","212","222","232","262","664"],"lines":"148, 202, 212, 222, 232, 262, 664"},"geometry":{"type":"LineString","coordinates":[[20.013084,50.073951],[20.014015,50.073839],[20.015213,50.073731],[20.015737,50.073721],[20.016633,50.073773]]}},{"type":"Feature","properties":{"mode":"bus","n":7,"arr":["148","202","212","222","232","262","664"],"lines":"148, 202, 212, 222, 232, 262, 664"},"geometry":{"type":"LineString","coordinates":[[20.018753,50.074849],[20.017788,50.07436],[20.017265,50.073935]]}},{"type":"Feature","properties":{"mode":"bus","n":7,"arr":["148","202","212","222","232","262","611"],"lines":"148, 202, 212, 222, 232, 262, 611"},"geometry":{"type":"LineString","coordinates":[[20.015221,50.075045],[20.015474,50.074805],[20.015389,50.074512],[20.015326,50.074452],[20.015166,50.074398],[20.014865,50.074426],[20.014784,50.074466],[20.01477,50.074506],[20.014978,50.075339],[20.014939,50.075441],[20.014843,50.075492],[20.013628,50.075616],[20.013384,50.075576]]}},{"type":"Feature","properties":{"mode":"bus","n":7,"arr":["148","202","212","222","232","262","611"],"lines":"148, 202, 212, 222, 232, 262, 611"},"geometry":{"type":"LineString","coordinates":[[20.015054,50.075201],[20.015121,50.075467]]}},{"type":"Feature","properties":{"mode":"bus","n":8,"arr":["148","174","202","212","222","232","262","662"],"lines":"148, 174, 202, 212, 222, 232, 262, 662"},"geometry":{"type":"LineString","coordinates":[[20.01716,50.073803],[20.016966,50.073527],[20.016954,50.073203]]}},{"type":"Feature","properties":{"mode":"bus","n":6,"arr":["149","202","212","222","232","262"],"lines":"149, 202, 212, 222, 232, 262"},"geometry":{"type":"LineString","coordinates":[[20.056988,50.089538],[20.056689,50.089647],[20.056471,50.089666]]}},{"type":"Feature","properties":{"mode":"bus","n":7,"arr":["149","202","212","222","232","262","601"],"lines":"149, 202, 212, 222, 232, 262, 601"},"geometry":{"type":"LineString","coordinates":[[20.0553,50.088757],[20.055202,50.08886],[20.055135,50.089078]]}},{"type":"Feature","properties":{"mode":"bus","n":7,"arr":["149","160","202","212","222","232","262"],"lines":"149, 160, 202, 212, 222, 232, 262"},"geometry":{"type":"LineString","coordinates":[[20.057005,50.08952],[20.057088,50.089402],[20.057123,50.089229]]}},{"type":"Feature","properties":{"mode":"bus","n":7,"arr":["149","160","202","212","222","232","262"],"lines":"149, 160, 202, 212, 222, 232, 262"},"geometry":{"type":"LineString","coordinates":[[20.055135,50.089078],[20.054825,50.088806],[20.054645,50.088728]]}},{"type":"Feature","properties":{"mode":"bus","n":8,"arr":["153","173","195","234","244","274","284","669"],"lines":"153, 173, 195, 234, 244, 274, 284, 669"},"geometry":{"type":"LineString","coordinates":[[20.016351,50.016341],[20.016265,50.016313],[20.016171,50.016322],[20.015999,50.016434]]}},{"type":"Feature","properties":{"mode":"bus","n":8,"arr":["153","173","195","234","244","274","284","669"],"lines":"153, 173, 195, 234, 244, 274, 284, 669"},"geometry":{"type":"LineString","coordinates":[[20.016011,50.016551],[20.016078,50.016583],[20.016168,50.016588],[20.016254,50.01656],[20.01635,50.016485]]}},{"type":"Feature","properties":{"mode":"bus","n":5,"arr":["153","195","234","284","669"],"lines":"153, 195, 234, 284, 669"},"geometry":{"type":"LineString","coordinates":[[20.024718,50.014847],[20.024627,50.014802],[20.024501,50.014793],[20.024388,50.014829],[20.024327,50.014892],[20.024219,50.014923],[20.022537,50.0152],[20.016562,50.016371],[20.016447,50.016374],[20.016351,50.016341]]}},{"type":"Feature","properties":{"mode":"bus","n":5,"arr":["153","195","234","284","669"],"lines":"153, 195, 234, 284, 669"},"geometry":{"type":"LineString","coordinates":[[20.01635,50.016485],[20.016983,50.016349],[20.017849,50.016223],[20.023604,50.015095],[20.024249,50.015008],[20.024351,50.015011],[20.024473,50.015072]]}},{"type":"Feature","properties":{"mode":"bus","n":11,"arr":["169","217","247","257","277","280","297","307","469","503","917"],"lines":"169, 217, 247, 257, 277, 280, 297, 307, 469, 503, 917"},"geometry":{"type":"LineString","coordinates":[[19.964546,50.10537],[19.96471,50.105842],[19.965209,50.107026],[19.965506,50.108315],[19.965752,50.110088],[19.965677,50.110217],[19.965461,50.110405],[19.965416,50.110499],[19.965415,50.1106],[19.965462,50.110697],[19.965593,50.110807],[19.965771,50.110874],[19.965996,50.110889],[19.966212,50.110837],[19.966383,50.110726],[19.966452,50.11061],[19.966455,50.110506],[19.966368,50.110361],[19.966029,50.110177],[19.965935,50.110073],[19.965715,50.108571],[19.965531,50.107569],[19.965275,50.106597],[19.964843,50.105228],[19.964256,50.103769],[19.96356,50.101703]]}},{"type":"Feature","properties":{"mode":"bus","n":11,"arr":["169","217","247","257","277","280","297","307","469","503","917"],"lines":"169, 217, 247, 257, 277, 280, 297, 307, 469, 503, 917"},"geometry":{"type":"LineString","coordinates":[[19.964514,50.105269],[19.96386,50.103141],[19.963369,50.101704]]}},{"type":"Feature","properties":{"mode":"bus","n":5,"arr":["200","210","230","310","910"],"lines":"200, 210, 230, 310, 910"},"geometry":{"type":"LineString","coordinates":[[19.879289,50.107198],[19.879344,50.10715],[19.879447,50.107126]]}},{"type":"Feature","properties":{"mode":"bus","n":5,"arr":["200","210","230","310","910"],"lines":"200, 210, 230, 310, 910"},"geometry":{"type":"LineString","coordinates":[[19.877827,50.108413],[19.871002,50.114738],[19.870461,50.115293]]}},{"type":"Feature","properties":{"mode":"bus","n":5,"arr":["200","210","230","310","910"],"lines":"200, 210, 230, 310, 910"},"geometry":{"type":"LineString","coordinates":[[19.870268,50.115159],[19.870626,50.114778],[19.871849,50.113623],[19.877644,50.108294],[19.878189,50.107868],[19.878841,50.107456],[19.879283,50.107243]]}},{"type":"Feature","properties":{"mode":"bus","n":5,"arr":["200","210","230","310","910"],"lines":"200, 210, 230, 310, 910"},"geometry":{"type":"LineString","coordinates":[[19.879521,50.107136],[19.886064,50.10394],[19.886847,50.10345],[19.887284,50.103086],[19.887624,50.102742],[19.887896,50.102412],[19.888235,50.101889],[19.891162,50.096785],[19.891739,50.095894],[19.892981,50.093768],[19.893244,50.093042],[19.893309,50.092709],[19.893335,50.092327]]}},{"type":"Feature","properties":{"mode":"bus","n":5,"arr":["200","210","230","310","910"],"lines":"200, 210, 230, 310, 910"},"geometry":{"type":"LineString","coordinates":[[19.893438,50.091755],[19.89348,50.092274],[19.893422,50.092919],[19.893116,50.09379],[19.88839,50.10193],[19.888112,50.102372],[19.88782,50.102754],[19.887535,50.103051],[19.887098,50.103428],[19.886601,50.103772],[19.886235,50.103986],[19.879617,50.107232]]}},{"type":"Feature","properties":{"mode":"bus","n":6,"arr":["202","212","222","232","262","664"],"lines":"202, 212, 222, 232, 262, 664"},"geometry":{"type":"LineString","coordinates":[[20.016954,50.073203],[20.017301,50.073137],[20.017788,50.07312]]}},{"type":"Feature","properties":{"mode":"bus","n":6,"arr":["202","212","222","232","262","664"],"lines":"202, 212, 222, 232, 262, 664"},"geometry":{"type":"LineString","coordinates":[[20.018043,50.073729],[20.018104,50.073917],[20.018258,50.074166],[20.018522,50.074432],[20.018697,50.074563],[20.020782,50.075674],[20.021901,50.076311],[20.026221,50.078626],[20.026465,50.078781],[20.026888,50.079157],[20.026996,50.07921],[20.027125,50.079238]]}},{"type":"Feature","properties":{"mode":"bus","n":6,"arr":["202","212","222","232","262","664"],"lines":"202, 212, 222, 232, 262, 664"},"geometry":{"type":"LineString","coordinates":[[20.02673,50.079619],[20.026338,50.079073],[20.026166,50.078908],[20.025861,50.078687],[20.018753,50.074849]]}},{"type":"Feature","properties":{"mode":"bus","n":6,"arr":["202","212","222","232","262","664"],"lines":"202, 212, 222, 232, 262, 664"},"geometry":{"type":"LineString","coordinates":[[20.016633,50.073773],[20.017132,50.073918],[20.017265,50.073935]]}},{"type":"Feature","properties":{"mode":"bus","n":7,"arr":["202","212","222","232","262","608","664"],"lines":"202, 212, 222, 232, 262, 608, 664"},"geometry":{"type":"LineString","coordinates":[[20.027276,50.079243],[20.027705,50.079327],[20.027874,50.079472]]}},{"type":"Feature","properties":{"mode":"bus","n":5,"arr":["202","212","222","232","262"],"lines":"202, 212, 222, 232, 262"},"geometry":{"type":"LineString","coordinates":[[20.101117,50.12622],[20.10071,50.125902],[20.096802,50.122219],[20.096218,50.12171],[20.095682,50.1214],[20.092908,50.120019],[20.092636,50.119864],[20.092407,50.119698],[20.092115,50.119401],[20.091413,50.118467],[20.090724,50.117338],[20.090408,50.116993],[20.090018,50.116642],[20.089379,50.11616],[20.088989,50.115938],[20.088475,50.115719],[20.087562,50.115427],[20.087087,50.115236],[20.086774,50.115031],[20.086502,50.114767],[20.086263,50.114684],[20.086202,50.114623],[20.086193,50.114561],[20.085823,50.114349],[20.085333,50.113983],[20.084252,50.113262],[20.08377,50.112854],[20.082979,50.111954],[20.08287,50.111884],[20.082868,50.111822],[20.082656,50.111573],[20.082392,50.111047],[20.082306,50.111013],[20.082269,50.110991],[20.08225,50.110961],[20.082229,50.110884],[20.08181,50.110576],[20.08085,50.109468],[20.080843,50.10946],[20.080839,50.109454],[20.080839,50.109452],[20.080842,50.109453],[20.080848,50.109457],[20.080858,50.109465],[20.081088,50.109646],[20.081599,50.110155],[20.081863,50.110483],[20.08208,50.110661],[20.082361,50.110798],[20.082483,50.110799],[20.082581,50.110846],[20.082604,50.110923],[20.082604,50.110951],[20.082587,50.110976],[20.082538,50.111021],[20.08255,50.111331]]}},{"type":"Feature","properties":{"mode":"bus","n":5,"arr":["202","212","222","232","262"],"lines":"202, 212, 222, 232, 262"},"geometry":{"type":"LineString","coordinates":[[20.085936,50.114417],[20.086254,50.114476],[20.086427,50.114433],[20.086576,50.114475],[20.086641,50.114566],[20.086614,50.114648],[20.086741,50.114854],[20.087094,50.115126],[20.087449,50.115296],[20.088484,50.115632],[20.089038,50.115857],[20.089463,50.116097],[20.089906,50.11642],[20.090526,50.116961],[20.090798,50.11726],[20.09098,50.117512],[20.091263,50.118027],[20.091534,50.118439],[20.092188,50.119317],[20.092482,50.119627],[20.092941,50.119931],[20.095939,50.121428],[20.096427,50.121739],[20.09892,50.12405],[20.100674,50.125719],[20.10106,50.126025],[20.101268,50.126124]]}},{"type":"Feature","properties":{"mode":"bus","n":5,"arr":["202","212","222","232","262"],"lines":"202, 212, 222, 232, 262"},"geometry":{"type":"LineString","coordinates":[[20.080823,50.109437],[20.079882,50.108389],[20.07968,50.108229],[20.079383,50.108087],[20.077941,50.107552],[20.077067,50.107254],[20.076312,50.106944],[20.074969,50.10622],[20.074759,50.106071],[20.072465,50.104027]]}},{"type":"Feature","properties":{"mode":"bus","n":6,"arr":["202","212","222","232","262","272"],"lines":"202, 212, 222, 232, 262, 272"},"geometry":{"type":"LineString","coordinates":[[20.101268,50.126124],[20.101365,50.126148],[20.101531,50.126325],[20.10179,50.126475],[20.101938,50.126686],[20.102244,50.126924],[20.106578,50.13005],[20.109279,50.132379],[20.109731,50.132723],[20.110058,50.13289],[20.110445,50.133017],[20.112131,50.133268],[20.112494,50.133363],[20.112948,50.133562],[20.113758,50.134003],[20.113791,50.134015],[20.11383,50.134017],[20.113906,50.134011]]}},{"type":"Feature","properties":{"mode":"bus","n":6,"arr":["202","212","222","232","262","272"],"lines":"202, 212, 222, 232, 262, 272"},"geometry":{"type":"LineString","coordinates":[[20.114038,50.134065],[20.114068,50.134139],[20.114028,50.134211],[20.113946,50.134253],[20.113827,50.134257]]}},{"type":"Feature","properties":{"mode":"bus","n":6,"arr":["202","212","222","232","262","272"],"lines":"202, 212, 222, 232, 262, 272"},"geometry":{"type":"LineString","coordinates":[[20.113718,50.134211],[20.113679,50.134112],[20.113525,50.134002],[20.112781,50.13358],[20.112501,50.13346],[20.11224,50.133378],[20.111894,50.133313],[20.110477,50.133107],[20.11001,50.132968],[20.109732,50.132838],[20.109469,50.13267],[20.109156,50.13241],[20.106312,50.129977],[20.10256,50.12727],[20.101734,50.126691],[20.101534,50.126601],[20.101407,50.12644],[20.101194,50.126328],[20.101117,50.12622]]}},{"type":"Feature","properties":{"mode":"bus","n":5,"arr":["202","222","232","262","272"],"lines":"202, 222, 232, 262, 272"},"geometry":{"type":"LineString","coordinates":[[20.113906,50.134011],[20.114038,50.134065]]}},{"type":"Feature","properties":{"mode":"bus","n":5,"arr":["202","222","232","262","272"],"lines":"202, 222, 232, 262, 272"},"geometry":{"type":"LineString","coordinates":[[20.113827,50.134257],[20.11361,50.134426],[20.113533,50.134456]]}},{"type":"Feature","properties":{"mode":"bus","n":5,"arr":["202","222","232","262","272"],"lines":"202, 222, 232, 262, 272"},"geometry":{"type":"LineString","coordinates":[[20.113822,50.135795],[20.112924,50.134895],[20.112912,50.134876],[20.112915,50.134857],[20.112934,50.13484],[20.113533,50.134456],[20.113541,50.134411],[20.113718,50.134211]]}},{"type":"Feature","properties":{"mode":"bus","n":7,"arr":["203","233","235","253","283","293","903"],"lines":"203, 233, 235, 253, 283, 293, 903"},"geometry":{"type":"LineString","coordinates":[[19.831166,49.976282],[19.831256,49.976222],[19.831257,49.976036]]}},{"type":"Feature","properties":{"mode":"bus","n":7,"arr":["204","274","301","304","904","G3","P2"],"lines":"204, 274, 301, 304, 904, G3, P2"},"geometry":{"type":"LineString","coordinates":[[20.042192,49.993397],[20.045335,49.992091],[20.045573,49.992008],[20.04578,49.991964],[20.045966,49.991875],[20.046098,49.991777],[20.046199,49.991763]]}},{"type":"Feature","properties":{"mode":"bus","n":5,"arr":["204","274","301","304","904"],"lines":"204, 274, 301, 304, 904"},"geometry":{"type":"LineString","coordinates":[[20.046344,49.991847],[20.046347,49.99188]]}},{"type":"Feature","properties":{"mode":"bus","n":5,"arr":["204","274","301","304","904"],"lines":"204, 274, 301, 304, 904"},"geometry":{"type":"LineString","coordinates":[[20.046217,49.991974],[20.046071,49.991949],[20.04578,49.991964]]}},{"type":"Feature","properties":{"mode":"bus","n":5,"arr":["204","274","301","304","904"],"lines":"204, 274, 301, 304, 904"},"geometry":{"type":"LineString","coordinates":[[20.027799,49.999757],[20.0291,49.998624],[20.02964,49.998295],[20.03,49.998139],[20.030352,49.998024],[20.032144,49.99765],[20.032628,49.99752],[20.032958,49.997397],[20.033519,49.997107],[20.034795,49.996219],[20.035483,49.995796],[20.035742,49.995665],[20.036213,49.995474],[20.037505,49.995021]]}},{"type":"Feature","properties":{"mode":"bus","n":5,"arr":["204","274","301","304","904"],"lines":"204, 274, 301, 304, 904"},"geometry":{"type":"LineString","coordinates":[[20.028273,49.999548],[20.029332,49.998639],[20.029949,49.99829],[20.030555,49.998075],[20.032403,49.997685],[20.03306,49.997463],[20.033442,49.997276],[20.033637,49.997154],[20.035143,49.996113],[20.035776,49.995777],[20.036311,49.995571],[20.037434,49.995191],[20.037473,49.995169],[20.037489,49.995138],[20.0375,49.995057],[20.037516,49.995026],[20.037554,49.995004],[20.038472,49.994686],[20.038875,49.994565],[20.040137,49.994258],[20.040534,49.994141],[20.041156,49.993916],[20.041406,49.993776],[20.041652,49.993705],[20.041777,49.993713],[20.041847,49.993694],[20.041919,49.993637],[20.04193,49.993564],[20.042192,49.993397]]}},{"type":"Feature","properties":{"mode":"bus","n":6,"arr":["204","224","301","904","D2","W2"],"lines":"204, 224, 301, 904, D2, W2"},"geometry":{"type":"LineString","coordinates":[[20.071071,49.986475],[20.070936,49.986528],[20.070898,49.986627],[20.070805,49.986699],[20.070372,49.986812],[20.070358,49.986816],[20.070349,49.986819],[20.070347,49.986821],[20.07035,49.986822],[20.07036,49.986822],[20.070375,49.98682],[20.07068,49.986788],[20.070992,49.986721],[20.071073,49.986735],[20.071116,49.986736],[20.071156,49.986727],[20.071281,49.98668]]}},{"type":"Feature","properties":{"mode":"bus","n":6,"arr":["204","224","301","904","D2","W2"],"lines":"204, 224, 301, 904, D2, W2"},"geometry":{"type":"LineString","coordinates":[[20.071312,49.986591],[20.071222,49.986497]]}},{"type":"Feature","properties":{"mode":"bus","n":6,"arr":["204","224","301","904","D2","W2"],"lines":"204, 224, 301, 904, D2, W2"},"geometry":{"type":"LineString","coordinates":[[20.067249,49.987207],[20.067776,49.987157],[20.07032,49.986826]]}},{"type":"Feature","properties":{"mode":"bus","n":5,"arr":["204","224","301","904","W2"],"lines":"204, 224, 301, 904, W2"},"geometry":{"type":"LineString","coordinates":[[20.071222,49.986497],[20.071071,49.986475]]}},{"type":"Feature","properties":{"mode":"bus","n":5,"arr":["204","224","301","904","W2"],"lines":"204, 224, 301, 904, W2"},"geometry":{"type":"LineString","coordinates":[[20.072105,49.986601],[20.071536,49.986628],[20.071312,49.986591]]}},{"type":"Feature","properties":{"mode":"bus","n":5,"arr":["204","224","301","904","W2"],"lines":"204, 224, 301, 904, W2"},"geometry":{"type":"LineString","coordinates":[[20.071281,49.98668],[20.071656,49.986672],[20.072105,49.986601],[20.072792,49.986563],[20.073727,49.986526],[20.073954,49.986554]]}},{"type":"Feature","properties":{"mode":"bus","n":6,"arr":["209","219","229","239","269","279"],"lines":"209, 219, 229, 239, 269, 279"},"geometry":{"type":"LineString","coordinates":[[19.81202,50.041908],[19.811505,50.042056],[19.811414,50.042149],[19.811324,50.042197],[19.811095,50.042215],[19.810629,50.042374]]}},{"type":"Feature","properties":{"mode":"bus","n":6,"arr":["209","219","229","239","269","279"],"lines":"209, 219, 229, 239, 269, 279"},"geometry":{"type":"LineString","coordinates":[[19.797592,50.042028],[19.797396,50.04231],[19.797444,50.042397],[19.797422,50.042486]]}},{"type":"Feature","properties":{"mode":"bus","n":6,"arr":["209","219","229","239","269","279"],"lines":"209, 219, 229, 239, 269, 279"},"geometry":{"type":"LineString","coordinates":[[19.797015,50.042507],[19.796964,50.04242],[19.797035,50.042301],[19.797137,50.042263],[19.797217,50.04226],[19.797256,50.042254],[19.797287,50.042237],[19.797467,50.042091],[19.797953,50.041839],[19.80049,50.040964],[19.801057,50.040846],[19.801517,50.040809],[19.802103,50.040837],[19.802489,50.040905],[19.802948,50.041029],[19.803244,50.041143],[19.806457,50.042914],[19.806902,50.043105],[19.807388,50.043225],[19.807741,50.043255],[19.8081,50.043248],[19.808405,50.043212],[19.80869,50.04315],[19.809217,50.042964],[19.810629,50.042374],[19.810994,50.04216],[19.81103,50.042117],[19.811043,50.04201],[19.811133,50.041948],[19.811293,50.041931],[19.811395,50.041971],[19.811453,50.041971],[19.811858,50.041919]]}},{"type":"Feature","properties":{"mode":"bus","n":6,"arr":["209","219","229","239","269","279"],"lines":"209, 219, 229, 239, 269, 279"},"geometry":{"type":"LineString","coordinates":[[19.808546,50.043185],[19.808352,50.043287],[19.808037,50.043317],[19.807881,50.043259]]}},{"type":"Feature","properties":{"mode":"bus","n":6,"arr":["209","218","228","258","298","918"],"lines":"209, 218, 228, 258, 298, 918"},"geometry":{"type":"LineString","coordinates":[[19.807139,50.084844],[19.807208,50.084894]]}},{"type":"Feature","properties":{"mode":"bus","n":6,"arr":["209","218","228","258","298","918"],"lines":"209, 218, 228, 258, 298, 918"},"geometry":{"type":"LineString","coordinates":[[19.807197,50.085036],[19.807143,50.085072],[19.806996,50.085096],[19.806922,50.085081],[19.806753,50.08498],[19.806224,50.084911]]}},{"type":"Feature","properties":{"mode":"bus","n":6,"arr":["209","218","228","258","298","918"],"lines":"209, 218, 228, 258, 298, 918"},"geometry":{"type":"LineString","coordinates":[[19.787922,50.083826],[19.788636,50.083822],[19.790239,50.083731],[19.790781,50.083779],[19.791322,50.083888],[19.791787,50.08402],[19.792928,50.084525],[19.793336,50.084675],[19.793905,50.084809],[19.794374,50.084864],[19.795187,50.084861],[19.795915,50.08477],[19.79678,50.084536],[19.798334,50.084053],[19.798844,50.083957],[19.799352,50.083928],[19.799754,50.083952],[19.800132,50.084014],[19.803267,50.084771],[19.803573,50.084828],[19.8046,50.084892],[19.806224,50.084911],[19.806778,50.084891],[19.806979,50.084825]]}},{"type":"Feature","properties":{"mode":"bus","n":5,"arr":["209","219","229","239","279"],"lines":"209, 219, 229, 239, 279"},"geometry":{"type":"LineString","coordinates":[[19.797249,50.042563],[19.797144,50.042562]]}},{"type":"Feature","properties":{"mode":"bus","n":5,"arr":["218","228","258","298","918"],"lines":"218, 228, 258, 298, 918"},"geometry":{"type":"LineString","coordinates":[[19.806979,50.084825],[19.807139,50.084844]]}},{"type":"Feature","properties":{"mode":"bus","n":5,"arr":["218","228","258","298","918"],"lines":"218, 228, 258, 298, 918"},"geometry":{"type":"LineString","coordinates":[[19.809135,50.085448],[19.808022,50.085102],[19.807647,50.085021]]}},{"type":"Feature","properties":{"mode":"bus","n":5,"arr":["218","228","258","298","918"],"lines":"218, 228, 258, 298, 918"},"geometry":{"type":"LineString","coordinates":[[19.807208,50.084894],[19.807596,50.085006],[19.80761,50.085011],[19.807618,50.085014],[19.80762,50.085017],[19.807616,50.085019],[19.807607,50.08502],[19.807591,50.08502],[19.807265,50.085013],[19.807197,50.085036]]}},{"type":"Feature","properties":{"mode":"bus","n":5,"arr":["223","253","283","293","903"],"lines":"223, 253, 283, 293, 903"},"geometry":{"type":"LineString","coordinates":[[19.834424,49.978671],[19.836063,49.980807],[19.838154,49.984078],[19.838529,49.984475],[19.838824,49.984718],[19.839351,49.985083],[19.842907,49.987458],[19.844567,49.988617],[19.846855,49.9903],[19.847885,49.991099],[19.848217,49.991264],[19.848326,49.991263],[19.848442,49.991307],[19.848502,49.991385],[19.8485,49.991478],[19.848574,49.991592],[19.849373,49.992191],[19.849481,49.992287],[19.849506,49.992343],[19.84951,49.992353],[19.849509,49.992359],[19.849504,49.992361],[19.849495,49.992359],[19.849482,49.992353],[19.849397,49.99231],[19.848956,49.991961],[19.84846,49.991632],[19.848335,49.991586],[19.84824,49.99159],[19.848106,49.991555],[19.848039,49.991492],[19.848045,49.991367],[19.847885,49.991099]]}},{"type":"Feature","properties":{"mode":"bus","n":5,"arr":["223","253","283","293","903"],"lines":"223, 253, 283, 293, 903"},"geometry":{"type":"LineString","coordinates":[[19.833214,49.977334],[19.833107,49.977272],[19.83302,49.977183],[19.832949,49.977165],[19.832918,49.977152],[19.8329,49.977131],[19.832879,49.977084],[19.832576,49.976951],[19.832505,49.976894]]}},{"type":"Feature","properties":{"mode":"bus","n":5,"arr":["223","253","283","293","903"],"lines":"223, 253, 283, 293, 903"},"geometry":{"type":"LineString","coordinates":[[19.831584,49.976487],[19.831463,49.976463],[19.831347,49.9764],[19.83122,49.976386],[19.831168,49.97634]]}},{"type":"Feature","properties":{"mode":"bus","n":5,"arr":["223","253","283","293","903"],"lines":"223, 253, 283, 293, 903"},"geometry":{"type":"LineString","coordinates":[[19.833781,49.97793],[19.833468,49.977572],[19.833214,49.977334],[19.833186,49.977249],[19.833118,49.97717],[19.833111,49.977154],[19.833115,49.977138],[19.833135,49.977107],[19.833121,49.977072],[19.833108,49.977055],[19.833086,49.977044],[19.833035,49.977026],[19.833008,49.97702],[19.832979,49.977023],[19.832953,49.977029],[19.832925,49.977032],[19.832898,49.977025],[19.832621,49.97691],[19.832505,49.976894],[19.831584,49.976487],[19.831429,49.97636],[19.831438,49.976306],[19.831434,49.97628],[19.831411,49.976258],[19.831352,49.976221],[19.83132,49.976098],[19.831257,49.976036]]}},{"type":"Feature","properties":{"mode":"bus","n":5,"arr":["223","253","283","293","903"],"lines":"223, 253, 283, 293, 903"},"geometry":{"type":"LineString","coordinates":[[19.852036,49.995417],[19.85171,49.995164],[19.851287,49.994724],[19.849771,49.99265],[19.84952,49.992373]]}},{"type":"Feature","properties":{"mode":"bus","n":5,"arr":["223","253","283","293","903"],"lines":"223, 253, 283, 293, 903"},"geometry":{"type":"LineString","coordinates":[[19.834424,49.978671],[19.833888,49.978017],[19.833816,49.977958],[19.833806,49.977951],[19.833799,49.977946],[19.833795,49.977945],[19.833795,49.977948],[19.833798,49.977954],[19.833804,49.977963],[19.83396,49.978187],[19.834296,49.978573],[19.834424,49.978671]]}},{"type":"Feature","properties":{"mode":"bus","n":6,"arr":["244","274","304","D2","L1","Z1"],"lines":"244, 274, 304, D2, L1, Z1"},"geometry":{"type":"LineString","coordinates":[[20.069528,49.981647],[20.069463,49.981756]]}},{"type":"Feature","properties":{"mode":"bus","n":6,"arr":["244","274","304","D2","L1","Z1"],"lines":"244, 274, 304, D2, L1, Z1"},"geometry":{"type":"LineString","coordinates":[[20.069676,49.981612],[20.069818,49.981655]]}},{"type":"Feature","properties":{"mode":"bus","n":6,"arr":["244","274","304","D2","L1","Z1"],"lines":"244, 274, 304, D2, L1, Z1"},"geometry":{"type":"LineString","coordinates":[[20.069555,49.981854],[20.069592,49.981866]]}},{"type":"Feature","properties":{"mode":"bus","n":5,"arr":["244","274","304","L1","Z1"],"lines":"244, 274, 304, L1, Z1"},"geometry":{"type":"LineString","coordinates":[[20.069528,49.981647],[20.069676,49.981612]]}},{"type":"Feature","properties":{"mode":"bus","n":5,"arr":["244","274","304","D2","Z1"],"lines":"244, 274, 304, D2, Z1"},"geometry":{"type":"LineString","coordinates":[[20.069872,49.981748],[20.069836,49.981818],[20.069747,49.981865]]}},{"type":"Feature","properties":{"mode":"bus","n":5,"arr":["248","268","278","288","948"],"lines":"248, 268, 278, 288, 948"},"geometry":{"type":"LineString","coordinates":[[19.80206,50.123581],[19.802112,50.123599],[19.802183,50.123687],[19.802249,50.123836],[19.802264,50.123987],[19.80369,50.126899],[19.804137,50.127995]]}},{"type":"Feature","properties":{"mode":"bus","n":5,"arr":["248","268","278","288","948"],"lines":"248, 268, 278, 288, 948"},"geometry":{"type":"LineString","coordinates":[[19.802294,50.124045],[19.802253,50.124054],[19.802243,50.124055],[19.802235,50.124054],[19.802229,50.124051],[19.802224,50.124045],[19.802133,50.123851],[19.80206,50.123581],[19.801957,50.12349],[19.801947,50.123415],[19.801801,50.123172],[19.801796,50.123156],[19.801803,50.123144],[19.801821,50.123134],[19.801852,50.123122],[19.801869,50.123112],[19.801874,50.1231],[19.801868,50.123086],[19.801755,50.122952],[19.80161,50.122678],[19.801553,50.12246],[19.801583,50.122307],[19.801835,50.121694],[19.801886,50.121359],[19.801866,50.121121],[19.801634,50.119985]]}},{"type":"Feature","properties":{"mode":"bus","n":9,"arr":["102","146","209","219","229","239","269","279","609"],"lines":"102, 146, 209, 219, 229, 239, 269, 279, 609"},"geometry":{"type":"LineString","coordinates":[[19.820104,50.043156],[19.825539,50.044112],[19.82644,50.044177],[19.827276,50.044155]]}},{"type":"Feature","properties":{"mode":"bus","n":5,"arr":["102","134","192","300","902"],"lines":"102, 134, 192, 300, 902"},"geometry":{"type":"LineString","coordinates":[[19.898502,50.058409],[19.897806,50.058524],[19.897327,50.058627],[19.896091,50.058955],[19.895182,50.05935],[19.894859,50.059513],[19.894605,50.059686],[19.894218,50.060067],[19.89402,50.060216],[19.893398,50.060491],[19.892992,50.060598],[19.891475,50.060776],[19.890924,50.06092],[19.890521,50.061122],[19.889904,50.061638],[19.889421,50.061875],[19.887686,50.062339],[19.884876,50.063318],[19.881794,50.064462],[19.881188,50.064615],[19.879724,50.064853],[19.877333,50.065298],[19.876405,50.065519]]}},{"type":"Feature","properties":{"mode":"bus","n":6,"arr":["102","134","192","300","706","902"],"lines":"102, 134, 192, 300, 706, 902"},"geometry":{"type":"LineString","coordinates":[[19.922449,50.058939],[19.908406,50.056936],[19.908054,50.056905],[19.907441,50.056911],[19.906974,50.056869],[19.906367,50.056764],[19.905715,50.05655],[19.904476,50.05636],[19.904168,50.05634],[19.903538,50.056372],[19.902976,50.056486],[19.901254,50.057084],[19.900696,50.057315],[19.899212,50.058152],[19.898754,50.058338],[19.898502,50.058409]]}},{"type":"Feature","properties":{"mode":"bus","n":7,"arr":["102","134","192","300","307","706","902"],"lines":"102, 134, 192, 300, 307, 706, 902"},"geometry":{"type":"LineString","coordinates":[[19.922449,50.058939],[19.923934,50.059151]]}},{"type":"Feature","properties":{"mode":"bus","n":6,"arr":["102","130","144","194","494","904"],"lines":"102, 130, 144, 194, 494, 904"},"geometry":{"type":"LineString","coordinates":[[19.916794,50.08143],[19.917009,50.081332],[19.918859,50.080291]]}},{"type":"Feature","properties":{"mode":"bus","n":6,"arr":["102","130","144","194","494","904"],"lines":"102, 130, 144, 194, 494, 904"},"geometry":{"type":"LineString","coordinates":[[19.915456,50.082387],[19.915355,50.08173],[19.915359,50.081709],[19.915375,50.081695],[19.915405,50.081688],[19.915599,50.081667]]}},{"type":"Feature","properties":{"mode":"bus","n":6,"arr":["102","130","144","194","494","904"],"lines":"102, 130, 144, 194, 494, 904"},"geometry":{"type":"LineString","coordinates":[[19.916794,50.08143],[19.9164,50.081523],[19.915675,50.081633],[19.915626,50.081655],[19.915617,50.08166],[19.915614,50.081663],[19.915615,50.081667],[19.91562,50.08167],[19.915631,50.081672],[19.915694,50.081681],[19.916454,50.081564],[19.91671,50.081485],[19.916794,50.08143]]}},{"type":"Feature","properties":{"mode":"bus","n":13,"arr":["102","168","194","207","220","227","240","267","290","337","513","669","937"],"lines":"102, 168, 194, 207, 220, 227, 240, 267, 290, 337, 513, 669, 937"},"geometry":{"type":"LineString","coordinates":[[19.932434,50.089115],[19.932645,50.088424],[19.932602,50.088344],[19.932614,50.0883]]}},{"type":"Feature","properties":{"mode":"bus","n":13,"arr":["102","168","194","207","220","227","240","267","290","337","513","669","937"],"lines":"102, 168, 194, 207, 220, 227, 240, 267, 290, 337, 513, 669, 937"},"geometry":{"type":"LineString","coordinates":[[19.932392,50.088797],[19.932081,50.089637]]}},{"type":"Feature","properties":{"mode":"bus","n":12,"arr":["102","168","194","207","220","227","240","267","290","337","669","937"],"lines":"102, 168, 194, 207, 220, 227, 240, 267, 290, 337, 669, 937"},"geometry":{"type":"LineString","coordinates":[[19.932232,50.089727],[19.932329,50.089714],[19.932375,50.089701],[19.932407,50.089677],[19.932456,50.089622],[19.932499,50.089433],[19.932434,50.089115]]}},{"type":"Feature","properties":{"mode":"bus","n":7,"arr":["102","168","194","207","220","240","290"],"lines":"102, 168, 194, 207, 220, 240, 290"},"geometry":{"type":"LineString","coordinates":[[19.932081,50.089637],[19.932122,50.089696],[19.932232,50.089727]]}},{"type":"Feature","properties":{"mode":"bus","n":10,"arr":["102","168","194","207","220","227","240","267","290","937"],"lines":"102, 168, 194, 207, 220, 227, 240, 267, 290, 937"},"geometry":{"type":"LineString","coordinates":[[19.931168,50.088533],[19.93166,50.088459],[19.931757,50.08841],[19.931849,50.08831],[19.931863,50.088298],[19.931879,50.088293],[19.931896,50.088296],[19.931915,50.088306],[19.932318,50.088591],[19.932372,50.08868],[19.932392,50.088797]]}},{"type":"Feature","properties":{"mode":"bus","n":7,"arr":["104","214","215","225","254","265","915"],"lines":"104, 214, 215, 225, 254, 265, 915"},"geometry":{"type":"LineString","coordinates":[[19.925222,49.997329],[19.921052,49.999157],[19.920759,49.999253]]}},{"type":"Feature","properties":{"mode":"bus","n":6,"arr":["104","151","191","194","494","608"],"lines":"104, 151, 191, 194, 494, 608"},"geometry":{"type":"LineString","coordinates":[[19.89718,49.998656],[19.897308,49.998736],[19.897365,49.998745],[19.897382,49.99875],[19.897394,49.998758],[19.897399,49.99877],[19.897426,49.998897],[19.897437,49.998917],[19.897458,49.998928],[19.89749,49.99893],[19.897766,49.998917],[19.897817,49.998922],[19.897856,49.998943],[19.898529,49.999512],[19.899569,50.000533],[19.900364,50.001262],[19.900849,50.001658],[19.901191,50.002075],[19.901211,50.002092],[19.901238,50.002098],[19.90127,50.002095],[19.904494,50.001388]]}},{"type":"Feature","properties":{"mode":"bus","n":6,"arr":["104","121","151","194","494","608"],"lines":"104, 121, 151, 194, 494, 608"},"geometry":{"type":"LineString","coordinates":[[19.905372,50.00658],[19.905733,50.00584],[19.905787,50.005586],[19.905822,50.004153],[19.905803,50.003626],[19.905776,50.003527],[19.905618,50.003255],[19.904494,50.001388]]}},{"type":"Feature","properties":{"mode":"bus","n":6,"arr":["104","121","151","194","494","608"],"lines":"104, 121, 151, 194, 494, 608"},"geometry":{"type":"LineString","coordinates":[[19.905326,50.006953],[19.905304,50.006864],[19.905363,50.006616],[19.905366,50.006606],[19.905366,50.0066],[19.905365,50.006597],[19.905362,50.006599],[19.905357,50.006604],[19.905351,50.006613],[19.905183,50.006881],[19.905128,50.006915]]}},{"type":"Feature","properties":{"mode":"bus","n":8,"arr":["104","156","204","223","233","253","283","903"],"lines":"104, 156, 204, 223, 233, 253, 283, 903"},"geometry":{"type":"LineString","coordinates":[[19.880827,50.007327],[19.881077,50.007553],[19.881271,50.008001],[19.881376,50.008349]]}},{"type":"Feature","properties":{"mode":"bus","n":8,"arr":["104","156","204","223","233","253","283","903"],"lines":"104, 156, 204, 223, 233, 253, 283, 903"},"geometry":{"type":"LineString","coordinates":[[19.887004,50.016439],[19.886694,50.016233],[19.886194,50.015836],[19.885745,50.015407],[19.884249,50.013351]]}},{"type":"Feature","properties":{"mode":"bus","n":8,"arr":["104","156","204","223","233","253","283","903"],"lines":"104, 156, 204, 223, 233, 253, 283, 903"},"geometry":{"type":"LineString","coordinates":[[19.882821,50.011334],[19.882312,50.010475],[19.881376,50.008349],[19.880901,50.007576],[19.880676,50.007367]]}},{"type":"Feature","properties":{"mode":"bus","n":8,"arr":["104","156","204","223","233","253","283","903"],"lines":"104, 156, 204, 223, 233, 253, 283, 903"},"geometry":{"type":"LineString","coordinates":[[19.882821,50.011334],[19.883076,50.011839],[19.883483,50.01242],[19.883957,50.013088],[19.884096,50.013238],[19.884212,50.013324],[19.884223,50.013331],[19.884231,50.013335],[19.884236,50.013336],[19.884238,50.013333],[19.884237,50.013326],[19.884233,50.013316],[19.884191,50.013223],[19.883918,50.012833],[19.883047,50.011604],[19.882821,50.011334]]}},{"type":"Feature","properties":{"mode":"bus","n":11,"arr":["104","116","156","203","204","223","233","253","283","476","903"],"lines":"104, 116, 156, 203, 204, 223, 233, 253, 283, 476, 903"},"geometry":{"type":"LineString","coordinates":[[19.888032,50.017011],[19.887004,50.016439]]}},{"type":"Feature","properties":{"mode":"bus","n":11,"arr":["104","116","156","203","204","223","233","253","283","476","903"],"lines":"104, 116, 156, 203, 204, 223, 233, 253, 283, 476, 903"},"geometry":{"type":"LineString","coordinates":[[19.888323,50.018318],[19.88834,50.01824],[19.888382,50.018201],[19.889158,50.017758],[19.88934,50.017585],[19.88935,50.017571],[19.88935,50.017559],[19.88934,50.017549],[19.88932,50.017541],[19.888912,50.017426],[19.888345,50.017227],[19.888144,50.017131],[19.888061,50.017042],[19.888052,50.017031],[19.88805,50.017025],[19.888055,50.017022],[19.888065,50.017023],[19.888082,50.017027],[19.889109,50.017362],[19.889481,50.017464],[19.889508,50.017476],[19.889523,50.017492],[19.889524,50.017514],[19.889506,50.01759]]}},{"type":"Feature","properties":{"mode":"bus","n":11,"arr":["104","116","156","203","204","223","233","253","283","476","903"],"lines":"104, 116, 156, 203, 204, 223, 233, 253, 283, 476, 903"},"geometry":{"type":"LineString","coordinates":[[19.88928,50.018037],[19.889532,50.017923],[19.889612,50.017917],[19.889745,50.017948],[19.889844,50.018013],[19.889953,50.018182],[19.889962,50.018244],[19.889928,50.018287],[19.888971,50.018824],[19.888876,50.018832],[19.888844,50.018831],[19.888817,50.018824],[19.888794,50.018809],[19.888604,50.018645]]}},{"type":"Feature","properties":{"mode":"bus","n":11,"arr":["104","116","156","203","204","223","233","253","283","476","903"],"lines":"104, 116, 156, 203, 204, 223, 233, 253, 283, 476, 903"},"geometry":{"type":"LineString","coordinates":[[19.889188,50.018432],[19.889187,50.018279]]}},{"type":"Feature","properties":{"mode":"bus","n":12,"arr":["104","116","156","203","204","223","233","253","283","476","662","903"],"lines":"104, 116, 156, 203, 204, 223, 233, 253, 283, 476, 662, 903"},"geometry":{"type":"LineString","coordinates":[[19.889506,50.01759],[19.88935,50.017723],[19.888353,50.018301],[19.888333,50.01832],[19.888331,50.018344],[19.888347,50.018391],[19.888604,50.018645],[19.888647,50.018656],[19.888862,50.018636],[19.889188,50.018432]]}},{"type":"Feature","properties":{"mode":"bus","n":12,"arr":["104","116","156","203","204","223","233","253","283","476","662","903"],"lines":"104, 116, 156, 203, 204, 223, 233, 253, 283, 476, 662, 903"},"geometry":{"type":"LineString","coordinates":[[19.889291,50.018373],[19.889393,50.018293],[19.889392,50.018181]]}},{"type":"Feature","properties":{"mode":"bus","n":7,"arr":["104","116","203","204","233","253","476"],"lines":"104, 116, 203, 204, 233, 253, 476"},"geometry":{"type":"LineString","coordinates":[[19.889179,50.018094],[19.88928,50.018037]]}},{"type":"Feature","properties":{"mode":"bus","n":5,"arr":["104","116","204","253","476"],"lines":"104, 116, 204, 253, 476"},"geometry":{"type":"LineString","coordinates":[[19.889187,50.018279],[19.889179,50.018094]]}},{"type":"Feature","properties":{"mode":"bus","n":6,"arr":["104","116","204","253","476","662"],"lines":"104, 116, 204, 253, 476, 662"},"geometry":{"type":"LineString","coordinates":[[19.889188,50.018432],[19.889291,50.018373]]}},{"type":"Feature","properties":{"mode":"bus","n":8,"arr":["105","128","199","250","260","270","405","610"],"lines":"105, 128, 199, 250, 260, 270, 405, 610"},"geometry":{"type":"LineString","coordinates":[[19.973843,50.096553],[19.97335,50.097297],[19.973231,50.097525]]}},{"type":"Feature","properties":{"mode":"bus","n":5,"arr":["105","199","250","405","610"],"lines":"105, 199, 250, 405, 610"},"geometry":{"type":"LineString","coordinates":[[19.973701,50.096774],[19.973862,50.096818]]}},{"type":"Feature","properties":{"mode":"bus","n":5,"arr":["105","128","199","405","610"],"lines":"105, 128, 199, 405, 610"},"geometry":{"type":"LineString","coordinates":[[19.973231,50.097525],[19.972532,50.097352],[19.972208,50.097372],[19.971986,50.097528],[19.971967,50.097538],[19.971947,50.097542],[19.971928,50.097539],[19.971908,50.09753],[19.970786,50.096817],[19.969727,50.096244],[19.968752,50.095577],[19.96826,50.095304],[19.966614,50.094477],[19.964221,50.093455],[19.963549,50.093223]]}},{"type":"Feature","properties":{"mode":"bus","n":6,"arr":["105","132","139","199","405","610"],"lines":"105, 132, 139, 199, 405, 610"},"geometry":{"type":"LineString","coordinates":[[19.965358,50.088023],[19.964549,50.087951],[19.962428,50.087936],[19.961886,50.087955],[19.961178,50.088035],[19.960321,50.088215],[19.958838,50.088697],[19.958046,50.089083]]}},{"type":"Feature","properties":{"mode":"bus","n":7,"arr":["105","199","307","317","405","503","610"],"lines":"105, 199, 307, 317, 405, 503, 610"},"geometry":{"type":"LineString","coordinates":[[19.958652,50.089649],[19.958046,50.089083]]}},{"type":"Feature","properties":{"mode":"bus","n":5,"arr":["132","139","307","317","503"],"lines":"132, 139, 307, 317, 503"},"geometry":{"type":"LineString","coordinates":[[19.958591,50.089815],[19.958021,50.089294]]}},{"type":"Feature","properties":{"mode":"bus","n":9,"arr":["105","132","139","199","307","317","405","503","610"],"lines":"105, 132, 139, 199, 307, 317, 405, 503, 610"},"geometry":{"type":"LineString","coordinates":[[19.958021,50.089294],[19.957747,50.089051],[19.957104,50.088559],[19.955731,50.087313],[19.95482,50.086415],[19.954471,50.086035]]}},{"type":"Feature","properties":{"mode":"bus","n":9,"arr":["105","132","139","199","307","317","405","503","610"],"lines":"105, 132, 139, 199, 307, 317, 405, 503, 610"},"geometry":{"type":"LineString","coordinates":[[19.958046,50.089083],[19.957638,50.088801],[19.956712,50.088013],[19.955421,50.086786],[19.954899,50.086235]]}},{"type":"Feature","properties":{"mode":"bus","n":11,"arr":["105","132","139","169","199","307","317","405","469","503","610"],"lines":"105, 132, 139, 169, 199, 307, 317, 405, 469, 503, 610"},"geometry":{"type":"LineString","coordinates":[[19.954471,50.086035],[19.953835,50.085213],[19.952256,50.083054]]}},{"type":"Feature","properties":{"mode":"bus","n":12,"arr":["105","132","139","169","199","307","317","405","469","503","608","610"],"lines":"105, 132, 139, 169, 199, 307, 317, 405, 469, 503, 608, 610"},"geometry":{"type":"LineString","coordinates":[[19.952256,50.083054],[19.951308,50.081595],[19.948914,50.078243],[19.948182,50.077235],[19.947154,50.075956]]}},{"type":"Feature","properties":{"mode":"bus","n":11,"arr":["105","132","139","169","199","307","405","469","503","608","610"],"lines":"105, 132, 139, 169, 199, 307, 405, 469, 503, 608, 610"},"geometry":{"type":"LineString","coordinates":[[19.947154,50.075956],[19.946794,50.075453],[19.946512,50.074922],[19.946301,50.074602],[19.946079,50.074331],[19.945851,50.074117],[19.945473,50.07384],[19.945032,50.073603],[19.944497,50.073396],[19.944003,50.07327]]}},{"type":"Feature","properties":{"mode":"bus","n":5,"arr":["105","132","405","608","610"],"lines":"105, 132, 405, 608, 610"},"geometry":{"type":"LineString","coordinates":[[19.944003,50.07327],[19.943793,50.073266],[19.943612,50.073294],[19.943477,50.073362],[19.943408,50.073439],[19.943399,50.073607],[19.943505,50.073715],[19.943614,50.07377],[19.943765,50.073793],[19.9439,50.073785],[19.944034,50.073748],[19.944143,50.073683],[19.944265,50.073505],[19.944483,50.072578]]}},{"type":"Feature","properties":{"mode":"bus","n":5,"arr":["105","132","405","608","610"],"lines":"105, 132, 405, 608, 610"},"geometry":{"type":"LineString","coordinates":[[19.94496,50.073487],[19.94484,50.073367],[19.944752,50.073178],[19.944823,50.072278],[19.94482,50.07216],[19.944768,50.072088]]}},{"type":"Feature","properties":{"mode":"bus","n":13,"arr":["105","130","132","179","189","192","304","405","511","608","610","669","904"],"lines":"105, 130, 132, 179, 189, 192, 304, 405, 511, 608, 610, 669, 904"},"geometry":{"type":"LineString","coordinates":[[19.944483,50.072578],[19.944608,50.071958],[19.944822,50.070438],[19.944831,50.070418],[19.944851,50.070407],[19.944883,50.070404],[19.945118,50.070415]]}},{"type":"Feature","properties":{"mode":"bus","n":13,"arr":["105","130","132","179","189","192","304","405","511","608","610","669","904"],"lines":"105, 130, 132, 179, 189, 192, 304, 405, 511, 608, 610, 669, 904"},"geometry":{"type":"LineString","coordinates":[[19.944768,50.072088],[19.94491,50.072054],[19.944955,50.072037],[19.944985,50.072009],[19.945031,50.071942],[19.945002,50.071522],[19.945127,50.070528]]}},{"type":"Feature","properties":{"mode":"bus","n":12,"arr":["105","130","132","179","304","405","608","609","610","669","902","904"],"lines":"105, 130, 132, 179, 304, 405, 608, 609, 610, 669, 902, 904"},"geometry":{"type":"LineString","coordinates":[[19.945118,50.070415],[19.945123,50.070151],[19.945208,50.069533],[19.945091,50.069326],[19.945158,50.068765],[19.945127,50.068658],[19.945143,50.068521]]}},{"type":"Feature","properties":{"mode":"bus","n":10,"arr":["105","130","132","179","304","405","608","610","669","904"],"lines":"105, 130, 132, 179, 304, 405, 608, 610, 669, 904"},"geometry":{"type":"LineString","coordinates":[[19.945127,50.070528],[19.945118,50.070415]]}},{"type":"Feature","properties":{"mode":"bus","n":8,"arr":["105","130","132","179","304","405","610","904"],"lines":"105, 130, 132, 179, 304, 405, 610, 904"},"geometry":{"type":"LineString","coordinates":[[19.945127,50.070528],[19.944973,50.070525],[19.944624,50.070465],[19.943837,50.070459],[19.943805,50.070455],[19.943784,50.070443],[19.943773,50.070423],[19.943522,50.069276],[19.943368,50.06886]]}},{"type":"Feature","properties":{"mode":"bus","n":10,"arr":["105","132","139","169","199","307","405","503","608","610"],"lines":"105, 132, 139, 169, 199, 307, 405, 503, 608, 610"},"geometry":{"type":"LineString","coordinates":[[19.946899,50.075283],[19.946339,50.074493],[19.946037,50.074161],[19.945538,50.073786],[19.94496,50.073487]]}},{"type":"Feature","properties":{"mode":"bus","n":11,"arr":["105","132","139","169","199","307","317","405","503","608","610"],"lines":"105, 132, 139, 169, 199, 307, 317, 405, 503, 608, 610"},"geometry":{"type":"LineString","coordinates":[[19.95241,50.083001],[19.946899,50.075283]]}},{"type":"Feature","properties":{"mode":"bus","n":10,"arr":["105","132","139","169","199","307","317","405","503","610"],"lines":"105, 132, 139, 169, 199, 307, 317, 405, 503, 610"},"geometry":{"type":"LineString","coordinates":[[19.954899,50.086235],[19.954598,50.085948],[19.95387,50.085032],[19.95241,50.083001]]}},{"type":"Feature","properties":{"mode":"bus","n":5,"arr":["105","128","250","260","270"],"lines":"105, 128, 250, 260, 270"},"geometry":{"type":"LineString","coordinates":[[19.974346,50.095785],[19.973843,50.096553]]}},{"type":"Feature","properties":{"mode":"bus","n":6,"arr":["107","164","169","174","179","610"],"lines":"107, 164, 169, 174, 179, 610"},"geometry":{"type":"LineString","coordinates":[[19.960176,50.020734],[19.960431,50.023929],[19.960462,50.024756],[19.960359,50.025109],[19.959506,50.026987]]}},{"type":"Feature","properties":{"mode":"bus","n":6,"arr":["107","164","169","174","179","610"],"lines":"107, 164, 169, 174, 179, 610"},"geometry":{"type":"LineString","coordinates":[[19.959058,50.027642],[19.95924,50.027339],[19.959482,50.027019],[19.959488,50.02701],[19.959493,50.027005],[19.959495,50.027004],[19.959495,50.027006],[19.959493,50.027012],[19.959488,50.027021],[19.959143,50.027658]]}},{"type":"Feature","properties":{"mode":"bus","n":6,"arr":["107","155","164","169","469","610"],"lines":"107, 155, 164, 169, 469, 610"},"geometry":{"type":"LineString","coordinates":[[19.960176,50.020734],[19.960237,50.020091],[19.960301,50.019974],[19.96179,50.018813],[19.962931,50.018041],[19.963021,50.017285],[19.963266,50.016579],[19.963757,50.015882],[19.963883,50.015652],[19.96444,50.014384],[19.964574,50.01427],[19.965472,50.013939]]}},{"type":"Feature","properties":{"mode":"bus","n":5,"arr":["107","169","433","469","904"],"lines":"107, 169, 433, 469, 904"},"geometry":{"type":"LineString","coordinates":[[19.975289,50.0075],[19.975603,50.007464],[19.977334,50.007144],[19.980894,50.006206],[19.981408,50.006154],[19.98243,50.00614],[19.982809,50.006075]]}},{"type":"Feature","properties":{"mode":"bus","n":6,"arr":["111","160","161","171","211","271"],"lines":"111, 160, 161, 171, 211, 271"},"geometry":{"type":"LineString","coordinates":[[20.117677,50.072988],[20.118074,50.073027],[20.118203,50.073099],[20.118301,50.073118],[20.119141,50.07295],[20.119368,50.072812],[20.119452,50.072697],[20.119472,50.072679],[20.119498,50.072671],[20.119531,50.07267],[20.130593,50.073975],[20.13177,50.07402],[20.131999,50.074045],[20.133008,50.074022],[20.133276,50.074068],[20.135041,50.074509],[20.146059,50.075837],[20.156037,50.077014],[20.156067,50.077021],[20.156086,50.077035],[20.156091,50.077056],[20.156091,50.077104],[20.156087,50.077119],[20.156076,50.077129],[20.156059,50.077134],[20.156035,50.077133],[20.153841,50.076846],[20.151171,50.076537],[20.150775,50.076522],[20.15044,50.076549],[20.150126,50.076473],[20.149791,50.076428],[20.148076,50.076335],[20.145929,50.075913],[20.143596,50.075625],[20.138336,50.075021],[20.136831,50.07481],[20.135005,50.074594],[20.13385,50.074547],[20.133258,50.074595],[20.132873,50.074585],[20.131341,50.074218],[20.130552,50.074073],[20.122095,50.073061],[20.119401,50.072777]]}},{"type":"Feature","properties":{"mode":"bus","n":5,"arr":["111","160","161","171","271"],"lines":"111, 160, 161, 171, 271"},"geometry":{"type":"LineString","coordinates":[[20.15609,50.07714],[20.156067,50.077808]]}},{"type":"Feature","properties":{"mode":"bus","n":5,"arr":["112","126","146","162","219"],"lines":"112, 126, 146, 162, 219"},"geometry":{"type":"LineString","coordinates":[[19.93231,50.046293],[19.93116,50.046128],[19.931128,50.046127],[19.931104,50.046136],[19.93109,50.046155],[19.930391,50.047781]]}},{"type":"Feature","properties":{"mode":"bus","n":5,"arr":["112","126","146","162","219"],"lines":"112, 126, 146, 162, 219"},"geometry":{"type":"LineString","coordinates":[[19.930235,50.048314],[19.930225,50.048329],[19.930221,50.048333],[19.930215,50.048336],[19.930206,50.048337],[19.929882,50.048332],[19.927911,50.047684]]}},{"type":"Feature","properties":{"mode":"bus","n":5,"arr":["112","126","146","162","219"],"lines":"112, 126, 146, 162, 219"},"geometry":{"type":"LineString","coordinates":[[19.930232,50.048181],[19.929921,50.04821]]}},{"type":"Feature","properties":{"mode":"bus","n":5,"arr":["112","126","146","162","219"],"lines":"112, 126, 146, 162, 219"},"geometry":{"type":"LineString","coordinates":[[19.931047,50.048419],[19.931306,50.048482],[19.931912,50.048571]]}},{"type":"Feature","properties":{"mode":"bus","n":8,"arr":["112","124","126","146","162","219","300","424"],"lines":"112, 124, 126, 146, 162, 219, 300, 424"},"geometry":{"type":"LineString","coordinates":[[19.930391,50.047781],[19.930232,50.048181]]}},{"type":"Feature","properties":{"mode":"bus","n":8,"arr":["112","124","126","146","162","219","300","424"],"lines":"112, 124, 126, 146, 162, 219, 300, 424"},"geometry":{"type":"LineString","coordinates":[[19.930235,50.048314],[19.930275,50.048251],[19.93028,50.048232],[19.930268,50.048214],[19.930252,50.048199],[19.930246,50.048193],[19.930244,50.04819],[19.930245,50.048188],[19.930248,50.048187],[19.930254,50.048188],[19.930263,50.04819],[19.931047,50.048419]]}},{"type":"Feature","properties":{"mode":"bus","n":8,"arr":["112","124","126","146","162","219","300","424"],"lines":"112, 124, 126, 146, 162, 219, 300, 424"},"geometry":{"type":"LineString","coordinates":[[19.934197,50.045814],[19.93404,50.045586],[19.933789,50.045419],[19.933396,50.045323],[19.932942,50.045257],[19.932909,50.045256],[19.932884,50.045265],[19.932868,50.045283],[19.93269,50.045591],[19.932564,50.045676],[19.93231,50.046293]]}},{"type":"Feature","properties":{"mode":"bus","n":8,"arr":["112","126","146","162","194","219","494","662"],"lines":"112, 126, 146, 162, 194, 219, 494, 662"},"geometry":{"type":"LineString","coordinates":[[19.924646,50.046482],[19.930235,50.048314]]}},{"type":"Feature","properties":{"mode":"bus","n":5,"arr":["112","162","176","203","476"],"lines":"112, 162, 176, 203, 476"},"geometry":{"type":"LineString","coordinates":[[19.85877,50.02925],[19.857203,50.029339],[19.856707,50.029322],[19.85312,50.028862],[19.852338,50.028799]]}},{"type":"Feature","properties":{"mode":"bus","n":6,"arr":["112","126","146","162","219","610"],"lines":"112, 126, 146, 162, 219, 610"},"geometry":{"type":"LineString","coordinates":[[19.931912,50.048571],[19.932492,50.048245],[19.932731,50.04808],[19.93298,50.047842],[19.933401,50.047323],[19.933636,50.047155]]}},{"type":"Feature","properties":{"mode":"bus","n":20,"arr":["112","124","126","144","146","162","164","169","173","179","219","300","301","304","424","469","503","513","608","610"],"lines":"112, 124, 126, 144, 146, 162, 164, 169, 173, 179, 219, 300, 301, 304, 424, 469, 503, 513, 608, 610"},"geometry":{"type":"LineString","coordinates":[[19.933636,50.047155],[19.933819,50.046871],[19.93399,50.046521],[19.934197,50.045814]]}},{"type":"Feature","properties":{"mode":"bus","n":5,"arr":["112","124","162","300","424"],"lines":"112, 124, 162, 300, 424"},"geometry":{"type":"LineString","coordinates":[[19.93231,50.046293],[19.932222,50.046616]]}},{"type":"Feature","properties":{"mode":"bus","n":17,"arr":["120","164","199","200","210","230","238","248","258","268","278","288","572","601","664","910","948"],"lines":"120, 164, 199, 200, 210, 230, 238, 248, 258, 268, 278, 288, 572, 601, 664, 910, 948"},"geometry":{"type":"LineString","coordinates":[[19.891446,50.081084],[19.886913,50.082004],[19.886411,50.082081],[19.885946,50.08211],[19.882879,50.082147],[19.88077,50.082207]]}},{"type":"Feature","properties":{"mode":"bus","n":14,"arr":["120","200","210","230","238","248","258","268","278","288","572","664","910","948"],"lines":"120, 200, 210, 230, 238, 248, 258, 268, 278, 288, 572, 664, 910, 948"},"geometry":{"type":"LineString","coordinates":[[19.891446,50.081084],[19.89168,50.081036]]}},{"type":"Feature","properties":{"mode":"bus","n":13,"arr":["120","200","210","230","238","248","258","268","278","288","572","910","948"],"lines":"120, 200, 210, 230, 238, 248, 258, 268, 278, 288, 572, 910, 948"},"geometry":{"type":"LineString","coordinates":[[19.89168,50.081036],[19.891813,50.080928],[19.891895,50.080779],[19.891635,50.080324],[19.891495,50.080216],[19.891333,50.080144],[19.891012,50.080095],[19.890663,50.080175],[19.890523,50.080294],[19.890459,50.080586]]}},{"type":"Feature","properties":{"mode":"bus","n":13,"arr":["120","200","210","230","238","248","258","268","278","288","572","910","948"],"lines":"120, 200, 210, 230, 238, 248, 258, 268, 278, 288, 572, 910, 948"},"geometry":{"type":"LineString","coordinates":[[19.890323,50.080685],[19.890071,50.080422],[19.889927,50.080356],[19.889666,50.080332],[19.889479,50.080377],[19.889323,50.080444],[19.889148,50.080577],[19.889061,50.080702],[19.889034,50.080801],[19.889061,50.080972],[19.889221,50.081272],[19.889198,50.081325]]}},{"type":"Feature","properties":{"mode":"bus","n":20,"arr":["120","164","173","199","200","210","230","238","248","258","268","278","288","310","511","572","601","611","910","948"],"lines":"120, 164, 173, 199, 200, 210, 230, 238, 248, 258, 268, 278, 288, 310, 511, 572, 601, 611, 910, 948"},"geometry":{"type":"LineString","coordinates":[[19.890459,50.080586],[19.890804,50.081473]]}},{"type":"Feature","properties":{"mode":"bus","n":17,"arr":["120","173","200","210","230","238","248","258","268","278","288","310","511","572","611","910","948"],"lines":"120, 173, 200, 210, 230, 238, 248, 258, 268, 278, 288, 310, 511, 572, 611, 910, 948"},"geometry":{"type":"LineString","coordinates":[[19.890804,50.081473],[19.890899,50.081873],[19.890915,50.082256],[19.890881,50.082431]]}},{"type":"Feature","properties":{"mode":"bus","n":17,"arr":["120","173","200","210","230","238","248","258","268","278","288","310","511","572","611","910","948"],"lines":"120, 173, 200, 210, 230, 238, 248, 258, 268, 278, 288, 310, 511, 572, 611, 910, 948"},"geometry":{"type":"LineString","coordinates":[[19.890997,50.083628],[19.891058,50.083813],[19.891199,50.085064]]}},{"type":"Feature","properties":{"mode":"bus","n":17,"arr":["120","173","200","210","230","238","248","258","268","278","288","310","511","572","611","910","948"],"lines":"120, 173, 200, 210, 230, 238, 248, 258, 268, 278, 288, 310, 511, 572, 611, 910, 948"},"geometry":{"type":"LineString","coordinates":[[19.89101,50.084795],[19.890937,50.083867],[19.890997,50.083628],[19.890881,50.082431],[19.890685,50.081619],[19.890323,50.080685]]}},{"type":"Feature","properties":{"mode":"bus","n":5,"arr":["120","220","240","290","420"],"lines":"120, 220, 240, 290, 420"},"geometry":{"type":"LineString","coordinates":[[19.921876,50.093392],[19.919441,50.092732],[19.917617,50.092206],[19.917585,50.092201],[19.917555,50.092205],[19.917529,50.092218],[19.916829,50.09273],[19.916269,50.093281],[19.913494,50.096784],[19.912631,50.097689],[19.911503,50.099215],[19.909769,50.10121]]}},{"type":"Feature","properties":{"mode":"bus","n":7,"arr":["120","144","220","240","290","420","904"],"lines":"120, 144, 220, 240, 290, 420, 904"},"geometry":{"type":"LineString","coordinates":[[19.923915,50.088319],[19.922906,50.089132],[19.922738,50.089297],[19.922622,50.089495],[19.922583,50.089657],[19.9226,50.089882],[19.922949,50.090529],[19.922982,50.090726],[19.92222,50.092803],[19.921876,50.093392]]}},{"type":"Feature","properties":{"mode":"bus","n":7,"arr":["120","138","144","168","194","420","904"],"lines":"120, 138, 144, 168, 194, 420, 904"},"geometry":{"type":"LineString","coordinates":[[19.923915,50.088319],[19.923005,50.087264],[19.922868,50.087023]]}},{"type":"Feature","properties":{"mode":"bus","n":5,"arr":["120","140","420","513","669"],"lines":"120, 140, 420, 513, 669"},"geometry":{"type":"LineString","coordinates":[[19.935309,50.0817],[19.935154,50.081785],[19.935031,50.081898],[19.934294,50.082871],[19.933446,50.083925]]}},{"type":"Feature","properties":{"mode":"bus","n":5,"arr":["120","140","420","513","669"],"lines":"120, 140, 420, 513, 669"},"geometry":{"type":"LineString","coordinates":[[19.93783,50.0786],[19.937962,50.07867],[19.938685,50.079343],[19.938782,50.079486],[19.938824,50.079664],[19.938803,50.07983],[19.938637,50.080076],[19.938343,50.080248],[19.937861,50.080453]]}},{"type":"Feature","properties":{"mode":"bus","n":6,"arr":["120","140","337","420","513","669"],"lines":"120, 140, 337, 420, 513, 669"},"geometry":{"type":"LineString","coordinates":[[19.934406,50.082909],[19.935309,50.0817],[19.935859,50.081402],[19.937861,50.080453],[19.938092,50.080284],[19.938457,50.080089],[19.938612,50.079946],[19.938692,50.07981],[19.938691,50.079538],[19.938596,50.079363],[19.937885,50.078704],[19.93783,50.0786],[19.936832,50.07767],[19.936571,50.076337],[19.935977,50.075188]]}},{"type":"Feature","properties":{"mode":"bus","n":5,"arr":["120","140","301","337","420"],"lines":"120, 140, 301, 337, 420"},"geometry":{"type":"LineString","coordinates":[[19.936153,50.075143],[19.935977,50.075188]]}},{"type":"Feature","properties":{"mode":"bus","n":5,"arr":["120","140","337","420","669"],"lines":"120, 140, 337, 420, 669"},"geometry":{"type":"LineString","coordinates":[[19.933469,50.084084],[19.933566,50.084027],[19.933709,50.083856],[19.934201,50.083228],[19.934406,50.082909]]}},{"type":"Feature","properties":{"mode":"bus","n":16,"arr":["120","164","199","200","210","230","238","248","258","268","278","288","572","601","910","948"],"lines":"120, 164, 199, 200, 210, 230, 238, 248, 258, 268, 278, 288, 572, 601, 910, 948"},"geometry":{"type":"LineString","coordinates":[[19.889198,50.081325],[19.889308,50.081516]]}},{"type":"Feature","properties":{"mode":"bus","n":18,"arr":["120","126","164","199","218","228","238","248","258","268","278","288","298","601","664","910","918","948"],"lines":"120, 126, 164, 199, 218, 228, 238, 248, 258, 268, 278, 288, 298, 601, 664, 910, 918, 948"},"geometry":{"type":"LineString","coordinates":[[19.88077,50.082207],[19.879491,50.082205],[19.878551,50.082112]]}},{"type":"Feature","properties":{"mode":"bus","n":8,"arr":["126","164","199","218","228","298","601","918"],"lines":"126, 164, 199, 218, 228, 298, 601, 918"},"geometry":{"type":"LineString","coordinates":[[19.878551,50.082112],[19.877133,50.081898],[19.87517,50.081412],[19.873581,50.081063],[19.872606,50.080893],[19.871486,50.080749],[19.870896,50.080725],[19.868635,50.080924],[19.8683,50.080937],[19.861139,50.08085],[19.860715,50.080896],[19.852368,50.082561],[19.848369,50.083335]]}},{"type":"Feature","properties":{"mode":"bus","n":8,"arr":["126","164","199","218","228","298","601","918"],"lines":"126, 164, 199, 218, 228, 298, 601, 918"},"geometry":{"type":"LineString","coordinates":[[19.875425,50.081669],[19.875389,50.081465]]}},{"type":"Feature","properties":{"mode":"bus","n":9,"arr":["120","238","248","258","268","278","288","910","948"],"lines":"120, 238, 248, 258, 268, 278, 288, 910, 948"},"geometry":{"type":"LineString","coordinates":[[19.878551,50.082112],[19.878555,50.082165],[19.878561,50.082181],[19.878576,50.082192],[19.8786,50.082198],[19.878744,50.082216],[19.878754,50.082216],[19.878761,50.082214],[19.878765,50.08221],[19.878766,50.082203],[19.878762,50.082174]]}},{"type":"Feature","properties":{"mode":"bus","n":10,"arr":["120","238","248","258","268","278","288","664","910","948"],"lines":"120, 238, 248, 258, 268, 278, 288, 664, 910, 948"},"geometry":{"type":"LineString","coordinates":[[19.878762,50.082174],[19.878772,50.082141]]}},{"type":"Feature","properties":{"mode":"bus","n":19,"arr":["121","151","175","191","204","214","215","225","235","243","245","254","255","265","275","285","293","475","610"],"lines":"121, 151, 175, 191, 204, 214, 215, 225, 235, 243, 245, 254, 255, 265, 275, 285, 293, 475, 610"},"geometry":{"type":"LineString","coordinates":[[19.927341,50.011413],[19.926961,50.011498],[19.926927,50.011502],[19.926896,50.011497],[19.926868,50.011485],[19.92664,50.011338]]}},{"type":"Feature","properties":{"mode":"bus","n":19,"arr":["121","175","191","204","214","215","225","235","243","245","254","255","265","275","285","293","475","610","915"],"lines":"121, 175, 191, 204, 214, 215, 225, 235, 243, 245, 254, 255, 265, 275, 285, 293, 475, 610, 915"},"geometry":{"type":"LineString","coordinates":[[19.92509,50.007503],[19.927208,50.011438]]}},{"type":"Feature","properties":{"mode":"bus","n":19,"arr":["121","175","191","204","214","215","225","235","243","245","254","255","265","275","285","293","475","610","915"],"lines":"121, 175, 191, 204, 214, 215, 225, 235, 243, 245, 254, 255, 265, 275, 285, 293, 475, 610, 915"},"geometry":{"type":"LineString","coordinates":[[19.927341,50.011413],[19.926622,50.010135],[19.925162,50.007367]]}},{"type":"Feature","properties":{"mode":"bus","n":18,"arr":["121","175","191","204","214","215","225","235","243","245","254","255","265","275","285","293","475","915"],"lines":"121, 175, 191, 204, 214, 215, 225, 235, 243, 245, 254, 255, 265, 275, 285, 293, 475, 915"},"geometry":{"type":"LineString","coordinates":[[19.925162,50.007367],[19.924981,50.007]]}},{"type":"Feature","properties":{"mode":"bus","n":18,"arr":["121","175","191","204","214","215","225","235","243","245","254","255","265","275","285","293","475","610"],"lines":"121, 175, 191, 204, 214, 215, 225, 235, 243, 245, 254, 255, 265, 275, 285, 293, 475, 610"},"geometry":{"type":"LineString","coordinates":[[19.926421,50.011272],[19.92597,50.01139],[19.925927,50.011409],[19.925902,50.011438],[19.925871,50.011505],[19.925867,50.011526],[19.925875,50.011546],[19.925896,50.011563],[19.926026,50.01164],[19.926179,50.011669],[19.926908,50.01151]]}},{"type":"Feature","properties":{"mode":"bus","n":17,"arr":["121","175","191","204","214","215","225","235","243","245","254","255","265","275","285","293","475"],"lines":"121, 175, 191, 204, 214, 215, 225, 235, 243, 245, 254, 255, 265, 275, 285, 293, 475"},"geometry":{"type":"LineString","coordinates":[[19.92658,50.011302],[19.92649,50.01127],[19.926421,50.011272]]}},{"type":"Feature","properties":{"mode":"bus","n":15,"arr":["121","175","191","204","215","225","235","243","245","254","255","265","275","285","293"],"lines":"121, 175, 191, 204, 215, 225, 235, 243, 245, 254, 255, 265, 275, 285, 293"},"geometry":{"type":"LineString","coordinates":[[19.92664,50.011338],[19.92658,50.011302]]}},{"type":"Feature","properties":{"mode":"bus","n":7,"arr":["122","202","212","222","232","262","608"],"lines":"122, 202, 212, 222, 232, 262, 608"},"geometry":{"type":"LineString","coordinates":[[20.027935,50.079615],[20.028211,50.079854],[20.028818,50.080063],[20.029066,50.080175],[20.032569,50.082052]]}},{"type":"Feature","properties":{"mode":"bus","n":7,"arr":["122","202","212","222","232","262","608"],"lines":"122, 202, 212, 222, 232, 262, 608"},"geometry":{"type":"LineString","coordinates":[[20.032364,50.082202],[20.029626,50.08071],[20.029034,50.080422],[20.02848,50.080232],[20.027786,50.080055],[20.027583,50.080024]]}},{"type":"Feature","properties":{"mode":"bus","n":8,"arr":["122","160","202","212","222","232","262","608"],"lines":"122, 160, 202, 212, 222, 232, 262, 608"},"geometry":{"type":"LineString","coordinates":[[20.032569,50.082052],[20.03797,50.084973],[20.03923,50.085585],[20.039682,50.085746],[20.041277,50.086154]]}},{"type":"Feature","properties":{"mode":"bus","n":8,"arr":["122","160","202","212","222","232","262","608"],"lines":"122, 160, 202, 212, 222, 232, 262, 608"},"geometry":{"type":"LineString","coordinates":[[20.041194,50.086327],[20.039529,50.085898],[20.039186,50.085782],[20.038793,50.085611],[20.037801,50.085118],[20.032364,50.082202]]}},{"type":"Feature","properties":{"mode":"bus","n":7,"arr":["122","160","202","212","222","232","262"],"lines":"122, 160, 202, 212, 222, 232, 262"},"geometry":{"type":"LineString","coordinates":[[20.041277,50.086154],[20.043088,50.086589],[20.043718,50.08672]]}},{"type":"Feature","properties":{"mode":"bus","n":7,"arr":["122","160","202","212","222","232","262"],"lines":"122, 160, 202, 212, 222, 232, 262"},"geometry":{"type":"LineString","coordinates":[[20.047081,50.087068],[20.04282,50.086641],[20.042077,50.086527],[20.041194,50.086327]]}},{"type":"Feature","properties":{"mode":"bus","n":5,"arr":["122","182","511","601","608"],"lines":"122, 182, 511, 601, 608"},"geometry":{"type":"LineString","coordinates":[[20.053673,50.095777],[20.053198,50.095884],[20.052738,50.095899],[20.049856,50.095721],[20.046564,50.094857],[20.046109,50.094793],[20.045671,50.094813],[20.045316,50.094881],[20.044982,50.094991],[20.043342,50.09567],[20.043005,50.095727],[20.042672,50.095727],[20.042303,50.095659],[20.04009,50.095026],[20.039174,50.094794],[20.038884,50.094789],[20.038659,50.094832],[20.037733,50.09524],[20.037603,50.09527],[20.037393,50.095275],[20.037219,50.095242],[20.037012,50.095161],[20.036028,50.094551]]}},{"type":"Feature","properties":{"mode":"bus","n":8,"arr":["122","149","202","212","222","232","262","608"],"lines":"122, 149, 202, 212, 222, 232, 262, 608"},"geometry":{"type":"LineString","coordinates":[[20.065677,50.096102],[20.065435,50.095762],[20.064503,50.094701],[20.06414,50.094343],[20.063853,50.094104],[20.063591,50.093926],[20.061065,50.092339],[20.057938,50.091062]]}},{"type":"Feature","properties":{"mode":"bus","n":7,"arr":["122","149","202","212","222","232","262"],"lines":"122, 149, 202, 212, 222, 232, 262"},"geometry":{"type":"LineString","coordinates":[[20.066942,50.099087],[20.066251,50.098469],[20.065973,50.098057],[20.065903,50.098024],[20.065839,50.097948],[20.065805,50.097716],[20.06584,50.09667],[20.065802,50.09639],[20.065677,50.096102]]}},{"type":"Feature","properties":{"mode":"bus","n":5,"arr":["123","132","139","182","601"],"lines":"123, 132, 139, 182, 601"},"geometry":{"type":"LineString","coordinates":[[19.996613,50.095455],[19.998379,50.095017],[19.999615,50.094671],[20.000818,50.094388],[20.001339,50.094298],[20.004444,50.093946]]}},{"type":"Feature","properties":{"mode":"bus","n":5,"arr":["123","132","139","182","601"],"lines":"123, 132, 139, 182, 601"},"geometry":{"type":"LineString","coordinates":[[20.006867,50.093839],[20.006085,50.093823],[20.004759,50.09394],[20.0045,50.093945],[20.004484,50.093945],[20.004475,50.093944],[20.004471,50.093943],[20.004474,50.093941],[20.004483,50.093938],[20.004497,50.093935],[20.005285,50.09377],[20.006071,50.093449]]}},{"type":"Feature","properties":{"mode":"bus","n":5,"arr":["123","132","139","182","601"],"lines":"123, 132, 139, 182, 601"},"geometry":{"type":"LineString","coordinates":[[20.006803,50.093402],[20.007061,50.093468]]}},{"type":"Feature","properties":{"mode":"bus","n":7,"arr":["123","138","189","511","572","608","611"],"lines":"123, 138, 189, 511, 572, 608, 611"},"geometry":{"type":"LineString","coordinates":[[20.001253,50.087605],[20.003049,50.087675]]}},{"type":"Feature","properties":{"mode":"bus","n":7,"arr":["123","138","189","511","572","608","611"],"lines":"123, 138, 189, 511, 572, 608, 611"},"geometry":{"type":"LineString","coordinates":[[20.003141,50.08787],[20.001424,50.087775]]}},{"type":"Feature","properties":{"mode":"bus","n":5,"arr":["123","189","572","608","611"],"lines":"123, 189, 572, 608, 611"},"geometry":{"type":"LineString","coordinates":[[20.013453,50.085821],[20.007823,50.086762],[20.007143,50.086921],[20.005315,50.087443],[20.004727,50.087563],[20.003825,50.087668],[20.003049,50.087675]]}},{"type":"Feature","properties":{"mode":"bus","n":5,"arr":["123","189","572","608","611"],"lines":"123, 189, 572, 608, 611"},"geometry":{"type":"LineString","coordinates":[[20.003141,50.08787],[20.004198,50.087834],[20.004913,50.087742],[20.005489,50.0876],[20.007248,50.087092],[20.007962,50.086925],[20.013527,50.085986]]}},{"type":"Feature","properties":{"mode":"bus","n":5,"arr":["123","132","139","160","601"],"lines":"123, 132, 139, 160, 601"},"geometry":{"type":"LineString","coordinates":[[20.032364,50.082202],[20.034337,50.080705]]}},{"type":"Feature","properties":{"mode":"bus","n":5,"arr":["123","125","195","264","605"],"lines":"123, 125, 195, 264, 605"},"geometry":{"type":"LineString","coordinates":[[20.026771,50.038144],[20.028842,50.038383],[20.031506,50.038637],[20.032773,50.038722],[20.033523,50.03875],[20.034919,50.038768],[20.037595,50.038725],[20.042701,50.038589]]}},{"type":"Feature","properties":{"mode":"bus","n":5,"arr":["123","125","195","264","605"],"lines":"123, 125, 195, 264, 605"},"geometry":{"type":"LineString","coordinates":[[20.042511,50.038329],[20.036038,50.038543],[20.033724,50.038534],[20.03224,50.038462],[20.031025,50.038365],[20.02696,50.037895]]}},{"type":"Feature","properties":{"mode":"bus","n":7,"arr":["123","125","158","195","221","264","605"],"lines":"123, 125, 158, 195, 221, 264, 605"},"geometry":{"type":"LineString","coordinates":[[20.018544,50.037887],[20.020368,50.03781],[20.023345,50.037832],[20.023884,50.037849],[20.024966,50.037926],[20.026771,50.038144]]}},{"type":"Feature","properties":{"mode":"bus","n":7,"arr":["123","125","158","195","221","264","605"],"lines":"123, 125, 158, 195, 221, 264, 605"},"geometry":{"type":"LineString","coordinates":[[20.02696,50.037895],[20.025411,50.037713],[20.023813,50.037603],[20.021292,50.037573],[20.018613,50.037623]]}},{"type":"Feature","properties":{"mode":"bus","n":5,"arr":["123","125","195","221","264"],"lines":"123, 125, 195, 221, 264"},"geometry":{"type":"LineString","coordinates":[[20.004555,50.039418],[20.007314,50.039111],[20.008114,50.039003],[20.009277,50.03882],[20.011912,50.038355],[20.012961,50.038214],[20.014266,50.038106],[20.018544,50.037887]]}},{"type":"Feature","properties":{"mode":"bus","n":9,"arr":["123","125","128","148","158","195","221","264","605"],"lines":"123, 125, 128, 148, 158, 195, 221, 264, 605"},"geometry":{"type":"LineString","coordinates":[[20.001516,50.039706],[20.004555,50.039418]]}},{"type":"Feature","properties":{"mode":"bus","n":9,"arr":["123","125","128","148","158","195","221","264","605"],"lines":"123, 125, 128, 148, 158, 195, 221, 264, 605"},"geometry":{"type":"LineString","coordinates":[[20.004298,50.039157],[20.00135,50.039504],[20.000235,50.039613]]}},{"type":"Feature","properties":{"mode":"bus","n":5,"arr":["123","128","148","158","605"],"lines":"123, 128, 148, 158, 605"},"geometry":{"type":"LineString","coordinates":[[20.011779,50.036016],[20.011523,50.034681],[20.011517,50.034666],[20.011505,50.034658],[20.011489,50.034657],[20.011467,50.034662],[20.00407,50.037225],[20.004044,50.037238],[20.004029,50.037256],[20.004028,50.037278],[20.004178,50.038073],[20.004218,50.038684],[20.004298,50.039157]]}},{"type":"Feature","properties":{"mode":"bus","n":6,"arr":["124","126","146","219","300","424"],"lines":"124, 126, 146, 219, 300, 424"},"geometry":{"type":"LineString","coordinates":[[19.93231,50.046293],[19.932475,50.046333],[19.932558,50.046329],[19.932583,50.046325],[19.932601,50.046315],[19.932611,50.046299],[19.932687,50.046073]]}},{"type":"Feature","properties":{"mode":"bus","n":6,"arr":["124","194","300","424","494","662"],"lines":"124, 194, 300, 424, 494, 662"},"geometry":{"type":"LineString","coordinates":[[19.930235,50.048314],[19.931453,50.048718]]}},{"type":"Feature","properties":{"mode":"bus","n":7,"arr":["124","194","300","424","494","610","662"],"lines":"124, 194, 300, 424, 494, 610, 662"},"geometry":{"type":"LineString","coordinates":[[19.931628,50.048775],[19.93259,50.049084]]}},{"type":"Feature","properties":{"mode":"bus","n":16,"arr":["124","144","164","169","173","179","194","300","301","304","424","469","494","503","513","608"],"lines":"124, 144, 164, 169, 173, 179, 194, 300, 301, 304, 424, 469, 494, 503, 513, 608"},"geometry":{"type":"LineString","coordinates":[[19.927429,50.055217],[19.927583,50.055141],[19.929188,50.053053],[19.929274,50.052866],[19.929669,50.052316],[19.930912,50.050742]]}},{"type":"Feature","properties":{"mode":"bus","n":17,"arr":["124","144","164","169","173","179","194","300","301","304","310","424","494","503","513","608","706"],"lines":"124, 144, 164, 169, 173, 179, 194, 300, 301, 304, 310, 424, 494, 503, 513, 608, 706"},"geometry":{"type":"LineString","coordinates":[[19.925294,50.059358],[19.926367,50.0577],[19.927222,50.056052],[19.927579,50.055293]]}},{"type":"Feature","properties":{"mode":"bus","n":20,"arr":["124","144","164","169","173","179","192","194","300","301","304","307","310","424","494","503","513","608","706","902"],"lines":"124, 144, 164, 169, 173, 179, 192, 194, 300, 301, 304, 307, 310, 424, 494, 503, 513, 608, 706, 902"},"geometry":{"type":"LineString","coordinates":[[19.925057,50.059759],[19.925294,50.059358]]}},{"type":"Feature","properties":{"mode":"bus","n":19,"arr":["124","144","164","169","173","179","192","194","300","301","304","307","310","424","494","503","513","608","902"],"lines":"124, 144, 164, 169, 173, 179, 192, 194, 300, 301, 304, 307, 310, 424, 494, 503, 513, 608, 902"},"geometry":{"type":"LineString","coordinates":[[19.924359,50.060995],[19.925057,50.059759]]}},{"type":"Feature","properties":{"mode":"bus","n":18,"arr":["124","144","164","169","173","179","192","194","301","304","307","310","424","494","503","513","608","902"],"lines":"124, 144, 164, 169, 173, 179, 192, 194, 301, 304, 307, 310, 424, 494, 503, 513, 608, 902"},"geometry":{"type":"LineString","coordinates":[[19.924545,50.06511],[19.923784,50.063045],[19.923702,50.062643],[19.923704,50.06245],[19.923784,50.062129],[19.924359,50.060995]]}},{"type":"Feature","properties":{"mode":"bus","n":12,"arr":["124","169","179","192","301","304","307","424","503","513","608","902"],"lines":"124, 169, 179, 192, 301, 304, 307, 424, 503, 513, 608, 902"},"geometry":{"type":"LineString","coordinates":[[19.924645,50.065371],[19.924545,50.06511]]}},{"type":"Feature","properties":{"mode":"bus","n":9,"arr":["169","179","192","301","304","307","503","513","608"],"lines":"169, 179, 192, 301, 304, 307, 503, 513, 608"},"geometry":{"type":"LineString","coordinates":[[19.924798,50.065783],[19.924645,50.065371]]}},{"type":"Feature","properties":{"mode":"bus","n":5,"arr":["124","424","601","611","902"],"lines":"124, 424, 601, 611, 902"},"geometry":{"type":"LineString","coordinates":[[19.929136,50.066808],[19.928101,50.066152],[19.927191,50.065323],[19.927167,50.065308],[19.927139,50.065302],[19.927106,50.065305],[19.925583,50.065633]]}},{"type":"Feature","properties":{"mode":"bus","n":6,"arr":["124","424","601","611","664","902"],"lines":"124, 424, 601, 611, 664, 902"},"geometry":{"type":"LineString","coordinates":[[19.939106,50.066263],[19.936293,50.066175],[19.936144,50.066159],[19.936004,50.066114],[19.93546,50.065656],[19.933001,50.063445],[19.932984,50.063434],[19.932969,50.063431],[19.932953,50.063435],[19.932938,50.063446],[19.931577,50.06481],[19.929235,50.066722],[19.926603,50.069002],[19.926493,50.06902],[19.926284,50.069188]]}},{"type":"Feature","properties":{"mode":"bus","n":7,"arr":["124","424","601","608","611","664","902"],"lines":"124, 424, 601, 608, 611, 664, 902"},"geometry":{"type":"LineString","coordinates":[[19.939106,50.066263],[19.939743,50.066277],[19.940167,50.066228],[19.940439,50.06616],[19.941565,50.065769]]}},{"type":"Feature","properties":{"mode":"bus","n":9,"arr":["124","424","601","608","610","611","664","902","904"],"lines":"124, 424, 601, 608, 610, 611, 664, 902, 904"},"geometry":{"type":"LineString","coordinates":[[19.941565,50.065769],[19.944516,50.064768]]}},{"type":"Feature","properties":{"mode":"bus","n":10,"arr":["124","424","601","605","608","610","611","664","902","904"],"lines":"124, 424, 601, 605, 608, 610, 611, 664, 902, 904"},"geometry":{"type":"LineString","coordinates":[[19.944516,50.064768],[19.944946,50.064625]]}},{"type":"Feature","properties":{"mode":"bus","n":10,"arr":["124","424","601","605","609","610","611","664","669","904"],"lines":"124, 424, 601, 605, 609, 610, 611, 664, 669, 904"},"geometry":{"type":"LineString","coordinates":[[19.944946,50.064625],[19.94493,50.064572]]}},{"type":"Feature","properties":{"mode":"bus","n":6,"arr":["124","424","601","611","662","664"],"lines":"124, 424, 601, 611, 662, 664"},"geometry":{"type":"LineString","coordinates":[[19.947263,50.064742],[19.945323,50.06456],[19.94493,50.064572]]}},{"type":"Feature","properties":{"mode":"bus","n":6,"arr":["124","424","601","611","662","664"],"lines":"124, 424, 601, 611, 662, 664"},"geometry":{"type":"LineString","coordinates":[[19.947817,50.064794],[19.949072,50.064888],[19.949949,50.064929],[19.955354,50.065394]]}},{"type":"Feature","properties":{"mode":"bus","n":9,"arr":["124","424","601","608","611","662","664","669","902"],"lines":"124, 424, 601, 608, 611, 662, 664, 669, 902"},"geometry":{"type":"LineString","coordinates":[[19.951604,50.065152],[19.94802,50.064847],[19.947817,50.064794],[19.947263,50.064742]]}},{"type":"Feature","properties":{"mode":"bus","n":8,"arr":["124","182","189","424","482","511","601","611"],"lines":"124, 182, 189, 424, 482, 511, 601, 611"},"geometry":{"type":"LineString","coordinates":[[19.958798,50.065316],[19.959313,50.065267],[19.959659,50.065318],[19.960629,50.065742],[19.960767,50.065838],[19.960845,50.065963],[19.960826,50.066133],[19.960627,50.066327],[19.959819,50.066534],[19.959734,50.066613],[19.959653,50.0668],[19.959557,50.067776]]}},{"type":"Feature","properties":{"mode":"bus","n":8,"arr":["124","182","189","424","482","511","601","611"],"lines":"124, 182, 189, 424, 482, 511, 601, 611"},"geometry":{"type":"LineString","coordinates":[[19.958232,50.066289],[19.958494,50.065816]]}},{"type":"Feature","properties":{"mode":"bus","n":8,"arr":["124","182","189","424","482","511","601","611"],"lines":"124, 182, 189, 424, 482, 511, 601, 611"},"geometry":{"type":"LineString","coordinates":[[19.959241,50.068156],[19.959392,50.066881],[19.959323,50.066774],[19.959218,50.066729],[19.959098,50.066712]]}},{"type":"Feature","properties":{"mode":"bus","n":8,"arr":["124","182","189","424","482","511","601","611"],"lines":"124, 182, 189, 424, 482, 511, 601, 611"},"geometry":{"type":"LineString","coordinates":[[19.965207,50.072669],[19.967027,50.07455],[19.967893,50.075582],[19.968786,50.076473],[19.972621,50.079928],[19.97356,50.08046]]}},{"type":"Feature","properties":{"mode":"bus","n":8,"arr":["124","182","189","424","482","511","601","611"],"lines":"124, 182, 189, 424, 482, 511, 601, 611"},"geometry":{"type":"LineString","coordinates":[[19.972604,50.080307],[19.972559,50.080255],[19.972448,50.080214],[19.972248,50.080042],[19.972237,50.080028],[19.972235,50.080015],[19.972243,50.080004],[19.972262,50.079993],[19.972553,50.079871]]}},{"type":"Feature","properties":{"mode":"bus","n":6,"arr":["124","182","189","482","601","611"],"lines":"124, 182, 189, 482, 601, 611"},"geometry":{"type":"LineString","coordinates":[[19.973893,50.080747],[19.973951,50.080911]]}},{"type":"Feature","properties":{"mode":"bus","n":8,"arr":["124","128","182","189","424","482","601","611"],"lines":"124, 128, 182, 189, 424, 482, 601, 611"},"geometry":{"type":"LineString","coordinates":[[19.973893,50.080747],[19.974013,50.080644]]}},{"type":"Feature","properties":{"mode":"bus","n":7,"arr":["124","182","189","482","511","601","611"],"lines":"124, 182, 189, 482, 511, 601, 611"},"geometry":{"type":"LineString","coordinates":[[19.973686,50.080438],[19.97356,50.08046]]}},{"type":"Feature","properties":{"mode":"bus","n":7,"arr":["124","182","189","424","482","601","611"],"lines":"124, 182, 189, 424, 482, 601, 611"},"geometry":{"type":"LineString","coordinates":[[19.972448,50.080214],[19.971956,50.080455],[19.971938,50.080467],[19.971931,50.080479],[19.971933,50.080492],[19.971945,50.080506],[19.972482,50.080955],[19.972508,50.080969],[19.972523,50.080973],[19.972539,50.080973],[19.972592,50.080964],[19.972625,50.080953],[19.972648,50.080935],[19.972829,50.080705],[19.972842,50.080673],[19.972831,50.08064],[19.972604,50.080307]]}},{"type":"Feature","properties":{"mode":"bus","n":7,"arr":["124","182","189","424","482","601","611"],"lines":"124, 182, 189, 424, 482, 601, 611"},"geometry":{"type":"LineString","coordinates":[[19.972215,50.080013],[19.971611,50.079589],[19.971597,50.079576],[19.971594,50.079563],[19.9716,50.079551],[19.971618,50.07954],[19.971981,50.079362]]}},{"type":"Feature","properties":{"mode":"bus","n":7,"arr":["124","125","424","601","611","662","664"],"lines":"124, 125, 424, 601, 611, 662, 664"},"geometry":{"type":"LineString","coordinates":[[19.955141,50.065463],[19.951604,50.065152]]}},{"type":"Feature","properties":{"mode":"bus","n":18,"arr":["124","139","169","179","192","199","301","304","307","424","469","503","511","513","601","608","611","902"],"lines":"124, 139, 169, 179, 192, 199, 301, 304, 307, 424, 469, 503, 511, 513, 601, 608, 611, 902"},"geometry":{"type":"LineString","coordinates":[[19.926284,50.069188],[19.925602,50.068268],[19.924984,50.067308],[19.92464,50.066639],[19.924368,50.065942]]}},{"type":"Feature","properties":{"mode":"bus","n":13,"arr":["124","169","179","192","301","304","307","424","469","503","513","608","902"],"lines":"124, 169, 179, 192, 301, 304, 307, 424, 469, 503, 513, 608, 902"},"geometry":{"type":"LineString","coordinates":[[19.924368,50.065942],[19.924235,50.065573]]}},{"type":"Feature","properties":{"mode":"bus","n":19,"arr":["124","144","164","169","173","179","192","194","301","304","307","310","424","469","494","503","513","608","902"],"lines":"124, 144, 164, 169, 173, 179, 192, 194, 301, 304, 307, 310, 424, 469, 494, 503, 513, 608, 902"},"geometry":{"type":"LineString","coordinates":[[19.924235,50.065573],[19.923296,50.063026],[19.923219,50.06263],[19.923257,50.062314],[19.923344,50.062073],[19.923955,50.060921]]}},{"type":"Feature","properties":{"mode":"bus","n":20,"arr":["124","144","164","169","173","179","192","194","300","301","304","307","310","424","469","494","503","513","608","902"],"lines":"124, 144, 164, 169, 173, 179, 192, 194, 300, 301, 304, 307, 310, 424, 469, 494, 503, 513, 608, 902"},"geometry":{"type":"LineString","coordinates":[[19.923955,50.060921],[19.924485,50.059901],[19.924848,50.059296]]}},{"type":"Feature","properties":{"mode":"bus","n":20,"arr":["124","134","144","164","169","173","179","194","300","301","304","307","310","424","469","494","503","513","608","706"],"lines":"124, 134, 144, 164, 169, 173, 179, 194, 300, 301, 304, 307, 310, 424, 469, 494, 503, 513, 608, 706"},"geometry":{"type":"LineString","coordinates":[[19.924848,50.059296],[19.925311,50.058627]]}},{"type":"Feature","properties":{"mode":"bus","n":19,"arr":["124","134","144","164","169","173","179","194","300","301","304","307","310","424","469","494","503","513","608"],"lines":"124, 134, 144, 164, 169, 173, 179, 194, 300, 301, 304, 307, 310, 424, 469, 494, 503, 513, 608"},"geometry":{"type":"LineString","coordinates":[[19.925311,50.058627],[19.925644,50.058153]]}},{"type":"Feature","properties":{"mode":"bus","n":17,"arr":["124","144","164","169","173","179","194","300","301","304","310","424","469","494","503","513","608"],"lines":"124, 144, 164, 169, 173, 179, 194, 300, 301, 304, 310, 424, 469, 494, 503, 513, 608"},"geometry":{"type":"LineString","coordinates":[[19.925644,50.058153],[19.926229,50.057193],[19.926876,50.055976],[19.927177,50.055522],[19.927429,50.055217]]}},{"type":"Feature","properties":{"mode":"bus","n":14,"arr":["124","144","164","169","173","179","300","301","304","424","469","503","513","608"],"lines":"124, 144, 164, 169, 173, 179, 300, 301, 304, 424, 469, 503, 513, 608"},"geometry":{"type":"LineString","coordinates":[[19.930912,50.050742],[19.933636,50.047155]]}},{"type":"Feature","properties":{"mode":"bus","n":6,"arr":["125","182","189","482","609","902"],"lines":"125, 182, 189, 482, 609, 902"},"geometry":{"type":"LineString","coordinates":[[19.949473,50.068506],[19.949665,50.068509]]}},{"type":"Feature","properties":{"mode":"bus","n":5,"arr":["182","482","511","608","669"],"lines":"182, 482, 511, 608, 669"},"geometry":{"type":"LineString","coordinates":[[19.949887,50.068706],[19.950166,50.068536]]}},{"type":"Feature","properties":{"mode":"bus","n":8,"arr":["125","182","189","482","511","608","669","902"],"lines":"125, 182, 189, 482, 511, 608, 669, 902"},"geometry":{"type":"LineString","coordinates":[[19.950166,50.068536],[19.950679,50.068297],[19.951031,50.068178],[19.952365,50.067927]]}},{"type":"Feature","properties":{"mode":"bus","n":6,"arr":["125","127","128","148","158","605"],"lines":"125, 127, 128, 148, 158, 605"},"geometry":{"type":"LineString","coordinates":[[19.99678,50.039945],[19.992464,50.040371],[19.991689,50.04041]]}},{"type":"Feature","properties":{"mode":"bus","n":6,"arr":["125","127","128","148","158","605"],"lines":"125, 127, 128, 148, 158, 605"},"geometry":{"type":"LineString","coordinates":[[19.991786,50.040626],[19.992899,50.040547]]}},{"type":"Feature","properties":{"mode":"bus","n":5,"arr":["125","128","148","158","605"],"lines":"125, 128, 148, 158, 605"},"geometry":{"type":"LineString","coordinates":[[20.000235,50.039613],[19.99678,50.039945]]}},{"type":"Feature","properties":{"mode":"bus","n":5,"arr":["125","128","148","158","605"],"lines":"125, 128, 148, 158, 605"},"geometry":{"type":"LineString","coordinates":[[19.992899,50.040547],[19.993654,50.040486],[19.994961,50.040331],[20.001516,50.039706]]}},{"type":"Feature","properties":{"mode":"bus","n":5,"arr":["125","182","189","482","511"],"lines":"125, 182, 189, 482, 511"},"geometry":{"type":"LineString","coordinates":[[19.951337,50.068398],[19.95213,50.068071],[19.952426,50.06801]]}},{"type":"Feature","properties":{"mode":"bus","n":10,"arr":["125","182","192","317","482","511","608","609","669","902"],"lines":"125, 182, 192, 317, 482, 511, 608, 609, 669, 902"},"geometry":{"type":"LineString","coordinates":[[19.949645,50.068858],[19.949742,50.068829],[19.949887,50.068706]]}},{"type":"Feature","properties":{"mode":"bus","n":7,"arr":["125","182","192","317","482","609","902"],"lines":"125, 182, 192, 317, 482, 609, 902"},"geometry":{"type":"LineString","coordinates":[[19.949768,50.068447],[19.949911,50.068612],[19.949887,50.068706]]}},{"type":"Feature","properties":{"mode":"bus","n":7,"arr":["125","182","192","317","482","609","902"],"lines":"125, 182, 192, 317, 482, 609, 902"},"geometry":{"type":"LineString","coordinates":[[19.949064,50.068678],[19.949077,50.068535],[19.949192,50.068458],[19.949577,50.068445]]}},{"type":"Feature","properties":{"mode":"bus","n":8,"arr":["125","182","189","192","317","482","609","902"],"lines":"125, 182, 189, 192, 317, 482, 609, 902"},"geometry":{"type":"LineString","coordinates":[[19.949577,50.068445],[19.949768,50.068447]]}},{"type":"Feature","properties":{"mode":"bus","n":8,"arr":["125","182","189","192","317","482","609","902"],"lines":"125, 182, 189, 192, 317, 482, 609, 902"},"geometry":{"type":"LineString","coordinates":[[19.949456,50.068715],[19.949587,50.068569]]}},{"type":"Feature","properties":{"mode":"bus","n":6,"arr":["125","182","317","482","609","902"],"lines":"125, 182, 317, 482, 609, 902"},"geometry":{"type":"LineString","coordinates":[[19.949064,50.068678],[19.949137,50.068704],[19.949456,50.068715]]}},{"type":"Feature","properties":{"mode":"bus","n":9,"arr":["126","200","210","218","228","230","298","572","918"],"lines":"126, 200, 210, 218, 228, 230, 298, 572, 918"},"geometry":{"type":"LineString","coordinates":[[19.88077,50.082207],[19.880769,50.082059],[19.880478,50.080909]]}},{"type":"Feature","properties":{"mode":"bus","n":7,"arr":["164","199","218","228","298","601","918"],"lines":"164, 199, 218, 228, 298, 601, 918"},"geometry":{"type":"LineString","coordinates":[[19.875776,50.081557],[19.875765,50.081629],[19.875755,50.081649],[19.875735,50.081661],[19.875703,50.081666],[19.875425,50.081669]]}},{"type":"Feature","properties":{"mode":"bus","n":7,"arr":["164","199","218","228","298","601","918"],"lines":"164, 199, 218, 228, 298, 601, 918"},"geometry":{"type":"LineString","coordinates":[[19.848369,50.083335],[19.847067,50.083586],[19.846608,50.083709],[19.846005,50.083937],[19.845436,50.084238],[19.83793,50.089658]]}},{"type":"Feature","properties":{"mode":"bus","n":9,"arr":["126","209","219","229","239","249","259","269","279"],"lines":"126, 209, 219, 229, 239, 249, 259, 269, 279"},"geometry":{"type":"LineString","coordinates":[[19.872299,50.046185],[19.873233,50.046258],[19.873763,50.046265]]}},{"type":"Feature","properties":{"mode":"bus","n":10,"arr":["126","146","209","219","229","239","249","259","269","279"],"lines":"126, 146, 209, 219, 229, 239, 249, 259, 269, 279"},"geometry":{"type":"LineString","coordinates":[[19.87219,50.046174],[19.872299,50.046185]]}},{"type":"Feature","properties":{"mode":"bus","n":10,"arr":["126","146","209","219","229","239","249","259","269","279"],"lines":"126, 146, 209, 219, 229, 239, 249, 259, 269, 279"},"geometry":{"type":"LineString","coordinates":[[19.903562,50.04909],[19.901557,50.0488]]}},{"type":"Feature","properties":{"mode":"bus","n":11,"arr":["126","146","209","219","229","239","249","259","269","279","609"],"lines":"126, 146, 209, 219, 229, 239, 249, 259, 269, 279, 609"},"geometry":{"type":"LineString","coordinates":[[19.873763,50.046265],[19.87428,50.046308],[19.875043,50.046321],[19.875772,50.046286],[19.87748,50.046119],[19.880275,50.046097],[19.880824,50.04613],[19.881047,50.04618],[19.881295,50.046272],[19.884048,50.047353],[19.884423,50.047451],[19.884902,50.047466],[19.88602,50.047454],[19.888081,50.047511],[19.891027,50.047695],[19.895647,50.047917],[19.897121,50.048109],[19.901557,50.0488],[19.902752,50.04887],[19.903574,50.048988]]}},{"type":"Feature","properties":{"mode":"bus","n":11,"arr":["126","146","209","219","229","239","249","259","269","279","609"],"lines":"126, 146, 209, 219, 229, 239, 249, 259, 269, 279, 609"},"geometry":{"type":"LineString","coordinates":[[19.904121,50.049189],[19.903562,50.04909]]}},{"type":"Feature","properties":{"mode":"bus","n":6,"arr":["126","146","194","219","494","662"],"lines":"126, 146, 194, 219, 494, 662"},"geometry":{"type":"LineString","coordinates":[[19.921905,50.045551],[19.923403,50.045958],[19.924039,50.046265],[19.924646,50.046482]]}},{"type":"Feature","properties":{"mode":"bus","n":7,"arr":["128","182","189","482","511","601","611"],"lines":"128, 182, 189, 482, 511, 601, 611"},"geometry":{"type":"LineString","coordinates":[[19.973679,50.080912],[19.97262,50.081681],[19.971361,50.082841]]}},{"type":"Feature","properties":{"mode":"bus","n":7,"arr":["128","182","189","482","601","608","611"],"lines":"128, 182, 189, 482, 601, 608, 611"},"geometry":{"type":"LineString","coordinates":[[19.971031,50.083174],[19.970939,50.083279]]}},{"type":"Feature","properties":{"mode":"bus","n":9,"arr":["128","138","182","189","482","511","601","608","611"],"lines":"128, 138, 182, 189, 482, 511, 601, 608, 611"},"geometry":{"type":"LineString","coordinates":[[19.971043,50.085425],[19.971483,50.085781]]}},{"type":"Feature","properties":{"mode":"bus","n":7,"arr":["128","138","182","189","482","601","611"],"lines":"128, 138, 182, 189, 482, 601, 611"},"geometry":{"type":"LineString","coordinates":[[19.971483,50.085781],[19.971915,50.086185],[19.972193,50.086583],[19.973131,50.088347],[19.973278,50.088754],[19.973284,50.088765],[19.973292,50.088772],[19.973301,50.088773],[19.973312,50.088769],[19.973325,50.088761],[19.973438,50.088667],[19.973678,50.088621],[19.973908,50.088692],[19.974354,50.088923]]}},{"type":"Feature","properties":{"mode":"bus","n":5,"arr":["182","189","482","601","611"],"lines":"182, 189, 482, 601, 611"},"geometry":{"type":"LineString","coordinates":[[19.971871,50.08593],[19.972304,50.086565],[19.973131,50.088102],[19.973336,50.088378]]}},{"type":"Feature","properties":{"mode":"bus","n":6,"arr":["128","182","189","482","601","611"],"lines":"128, 182, 189, 482, 601, 611"},"geometry":{"type":"LineString","coordinates":[[19.973336,50.088378],[19.973513,50.088537],[19.973678,50.088621]]}},{"type":"Feature","properties":{"mode":"bus","n":5,"arr":["128","169","307","503","669"],"lines":"128, 169, 307, 503, 669"},"geometry":{"type":"LineString","coordinates":[[19.962388,50.097822],[19.962647,50.098465],[19.963224,50.100691],[19.96356,50.101703]]}},{"type":"Feature","properties":{"mode":"bus","n":12,"arr":["128","169","217","247","257","277","280","297","469","503","669","917"],"lines":"128, 169, 217, 247, 257, 277, 280, 297, 469, 503, 669, 917"},"geometry":{"type":"LineString","coordinates":[[19.96356,50.101703],[19.963369,50.101704]]}},{"type":"Feature","properties":{"mode":"bus","n":12,"arr":["128","169","217","247","257","277","280","297","469","503","669","917"],"lines":"128, 169, 217, 247, 257, 277, 280, 297, 469, 503, 669, 917"},"geometry":{"type":"LineString","coordinates":[[19.963667,50.105104],[19.963633,50.105195],[19.963513,50.105257],[19.962674,50.10533],[19.962556,50.105357],[19.96251,50.105406],[19.962539,50.10558]]}},{"type":"Feature","properties":{"mode":"bus","n":11,"arr":["128","169","217","247","257","277","280","297","503","669","917"],"lines":"128, 169, 217, 247, 257, 277, 280, 297, 503, 669, 917"},"geometry":{"type":"LineString","coordinates":[[19.96251,50.105406],[19.962515,50.105299],[19.962595,50.105189],[19.962611,50.105108],[19.962561,50.104421],[19.962594,50.104353],[19.962699,50.104292],[19.963398,50.104258],[19.963509,50.104275],[19.963569,50.104311],[19.963609,50.104397],[19.963665,50.105078]]}},{"type":"Feature","properties":{"mode":"bus","n":8,"arr":["128","217","247","257","277","280","297","669"],"lines":"128, 217, 247, 257, 277, 280, 297, 669"},"geometry":{"type":"LineString","coordinates":[[19.963665,50.105078],[19.963667,50.105104]]}},{"type":"Feature","properties":{"mode":"bus","n":6,"arr":["128","169","307","469","503","669"],"lines":"128, 169, 307, 469, 503, 669"},"geometry":{"type":"LineString","coordinates":[[19.963369,50.101704],[19.96312,50.10089],[19.963002,50.100266],[19.962685,50.099096],[19.962516,50.098566],[19.962214,50.097859]]}},{"type":"Feature","properties":{"mode":"bus","n":6,"arr":["128","169","307","317","469","503"],"lines":"128, 169, 307, 317, 469, 503"},"geometry":{"type":"LineString","coordinates":[[19.962214,50.097859],[19.961895,50.097112],[19.961751,50.096452],[19.96095,50.093831]]}},{"type":"Feature","properties":{"mode":"bus","n":9,"arr":["130","179","304","608","609","610","669","902","904"],"lines":"130, 179, 304, 608, 609, 610, 669, 902, 904"},"geometry":{"type":"LineString","coordinates":[[19.945143,50.068521],[19.945133,50.068142],[19.945179,50.068041],[19.945129,50.067319]]}},{"type":"Feature","properties":{"mode":"bus","n":8,"arr":["130","179","189","192","304","511","669","904"],"lines":"130, 179, 189, 192, 304, 511, 669, 904"},"geometry":{"type":"LineString","coordinates":[[19.944768,50.072088],[19.944409,50.073514],[19.944313,50.073696],[19.94415,50.073818],[19.943992,50.073872],[19.943848,50.073891],[19.943686,50.073888],[19.943536,50.073854],[19.94336,50.073775],[19.942883,50.073405],[19.942705,50.073308],[19.942408,50.073232],[19.942106,50.073218]]}},{"type":"Feature","properties":{"mode":"bus","n":8,"arr":["130","179","189","192","304","511","669","904"],"lines":"130, 179, 189, 192, 304, 511, 669, 904"},"geometry":{"type":"LineString","coordinates":[[19.942054,50.073084],[19.94234,50.073022],[19.942921,50.072941],[19.944014,50.072884],[19.944284,50.072787],[19.944483,50.072578]]}},{"type":"Feature","properties":{"mode":"bus","n":14,"arr":["130","139","169","179","189","192","199","304","307","469","503","511","669","904"],"lines":"130, 139, 169, 179, 189, 192, 199, 304, 307, 469, 503, 511, 669, 904"},"geometry":{"type":"LineString","coordinates":[[19.942106,50.073218],[19.937268,50.073887],[19.936986,50.073908],[19.936623,50.073895]]}},{"type":"Feature","properties":{"mode":"bus","n":7,"arr":["130","189","301","513","608","669","904"],"lines":"130, 189, 301, 513, 608, 669, 904"},"geometry":{"type":"LineString","coordinates":[[19.935716,50.074675],[19.935686,50.074426]]}},{"type":"Feature","properties":{"mode":"bus","n":6,"arr":["130","301","513","608","669","904"],"lines":"130, 301, 513, 608, 669, 904"},"geometry":{"type":"LineString","coordinates":[[19.93574,50.074728],[19.935716,50.074675]]}},{"type":"Feature","properties":{"mode":"bus","n":6,"arr":["130","301","513","608","669","904"],"lines":"130, 301, 513, 608, 669, 904"},"geometry":{"type":"LineString","coordinates":[[19.935686,50.074426],[19.935785,50.073521]]}},{"type":"Feature","properties":{"mode":"bus","n":5,"arr":["130","138","168","494","904"],"lines":"130, 138, 168, 494, 904"},"geometry":{"type":"LineString","coordinates":[[19.909655,50.088303],[19.910325,50.088232],[19.911863,50.088416],[19.912207,50.088412],[19.912544,50.088338],[19.91305,50.088097],[19.913384,50.088028],[19.916865,50.087584]]}},{"type":"Feature","properties":{"mode":"bus","n":5,"arr":["130","138","168","494","904"],"lines":"130, 138, 168, 494, 904"},"geometry":{"type":"LineString","coordinates":[[19.909312,50.087905],[19.909508,50.088327]]}},{"type":"Feature","properties":{"mode":"bus","n":7,"arr":["130","138","140","168","173","494","904"],"lines":"130, 138, 140, 168, 173, 494, 904"},"geometry":{"type":"LineString","coordinates":[[19.909312,50.087905],[19.909225,50.087641],[19.90938,50.087251],[19.909291,50.087135]]}},{"type":"Feature","properties":{"mode":"bus","n":7,"arr":["130","138","140","168","173","494","904"],"lines":"130, 138, 140, 168, 173, 494, 904"},"geometry":{"type":"LineString","coordinates":[[19.909155,50.086476],[19.909292,50.08645]]}},{"type":"Feature","properties":{"mode":"bus","n":5,"arr":["130","138","173","494","904"],"lines":"130, 138, 173, 494, 904"},"geometry":{"type":"LineString","coordinates":[[19.909291,50.087135],[19.909209,50.0871]]}},{"type":"Feature","properties":{"mode":"bus","n":6,"arr":["130","138","168","173","494","904"],"lines":"130, 138, 168, 173, 494, 904"},"geometry":{"type":"LineString","coordinates":[[19.909155,50.086476],[19.908995,50.086511],[19.908966,50.086522],[19.908951,50.086538],[19.908949,50.086559],[19.908974,50.086698]]}},{"type":"Feature","properties":{"mode":"bus","n":6,"arr":["130","138","168","173","494","904"],"lines":"130, 138, 168, 173, 494, 904"},"geometry":{"type":"LineString","coordinates":[[19.909655,50.088303],[19.909395,50.087646],[19.909477,50.087236],[19.909427,50.087132],[19.909292,50.08645]]}},{"type":"Feature","properties":{"mode":"bus","n":12,"arr":["130","139","169","179","192","199","304","307","503","511","669","904"],"lines":"130, 139, 169, 179, 192, 199, 304, 307, 503, 511, 669, 904"},"geometry":{"type":"LineString","coordinates":[[19.936875,50.073651],[19.935785,50.073521]]}},{"type":"Feature","properties":{"mode":"bus","n":13,"arr":["130","139","169","179","189","192","199","304","307","503","511","669","904"],"lines":"130, 139, 169, 179, 189, 192, 199, 304, 307, 503, 511, 669, 904"},"geometry":{"type":"LineString","coordinates":[[19.942054,50.073084],[19.938227,50.073633],[19.937463,50.07367],[19.936875,50.073651]]}},{"type":"Feature","properties":{"mode":"bus","n":5,"arr":["130","179","304","610","904"],"lines":"130, 179, 304, 610, 904"},"geometry":{"type":"LineString","coordinates":[[19.943368,50.06886],[19.943079,50.068159],[19.94271,50.067397]]}},{"type":"Feature","properties":{"mode":"bus","n":5,"arr":["132","139","174","242","272"],"lines":"132, 139, 174, 242, 272"},"geometry":{"type":"LineString","coordinates":[[20.066254,50.0789],[20.066415,50.078876],[20.066503,50.078816]]}},{"type":"Feature","properties":{"mode":"bus","n":6,"arr":["132","138","139","174","242","272"],"lines":"132, 138, 139, 174, 242, 272"},"geometry":{"type":"LineString","coordinates":[[20.066086,50.078922],[20.066254,50.0789]]}},{"type":"Feature","properties":{"mode":"bus","n":7,"arr":["132","138","139","174","242","272","601"],"lines":"132, 138, 139, 174, 242, 272, 601"},"geometry":{"type":"LineString","coordinates":[[20.066086,50.078922],[20.066041,50.079456]]}},{"type":"Feature","properties":{"mode":"bus","n":5,"arr":["132","139","149","174","601"],"lines":"132, 139, 149, 174, 601"},"geometry":{"type":"LineString","coordinates":[[20.064867,50.079316],[20.063283,50.079107],[20.062961,50.079047],[20.053916,50.07666],[20.05326,50.076537],[20.052726,50.0764]]}},{"type":"Feature","properties":{"mode":"bus","n":5,"arr":["132","139","182","482","601"],"lines":"132, 139, 182, 482, 601"},"geometry":{"type":"LineString","coordinates":[[19.988479,50.095037],[19.988599,50.095109],[19.988872,50.09516],[19.99017,50.095302],[19.990714,50.095337]]}},{"type":"Feature","properties":{"mode":"bus","n":5,"arr":["132","139","182","482","601"],"lines":"132, 139, 182, 482, 601"},"geometry":{"type":"LineString","coordinates":[[19.987738,50.093868],[19.987726,50.094311],[19.987816,50.094595],[19.987935,50.094738],[19.98808,50.094855],[19.988231,50.094941],[19.988479,50.095037],[19.99018,50.095235],[19.990714,50.095337],[19.991891,50.09545],[19.992661,50.095484]]}},{"type":"Feature","properties":{"mode":"bus","n":5,"arr":["132","139","182","482","601"],"lines":"132, 139, 182, 482, 601"},"geometry":{"type":"LineString","coordinates":[[19.995282,50.095583],[19.994436,50.095508],[19.993277,50.095477],[19.992717,50.095483],[19.992701,50.095484],[19.992692,50.095484],[19.992689,50.095485],[19.992692,50.095485],[19.992701,50.095486],[19.992717,50.095487],[19.994082,50.095573],[19.994986,50.095595],[19.995282,50.095583]]}},{"type":"Feature","properties":{"mode":"bus","n":5,"arr":["132","139","182","482","601"],"lines":"132, 139, 182, 482, 601"},"geometry":{"type":"LineString","coordinates":[[19.98811,50.089124],[19.988272,50.089298],[19.988328,50.089401],[19.988381,50.089802]]}},{"type":"Feature","properties":{"mode":"bus","n":5,"arr":["132","139","182","482","601"],"lines":"132, 139, 182, 482, 601"},"geometry":{"type":"LineString","coordinates":[[19.988249,50.089075],[19.988456,50.089322],[19.988515,50.08957],[19.988486,50.089688],[19.988381,50.089802],[19.988266,50.090093],[19.988052,50.090813],[19.987904,50.091889],[19.987905,50.092251]]}},{"type":"Feature","properties":{"mode":"bus","n":5,"arr":["132","139","182","482","601"],"lines":"132, 139, 182, 482, 601"},"geometry":{"type":"LineString","coordinates":[[19.987738,50.093868],[19.987834,50.09342],[19.987925,50.092343],[19.987912,50.092283],[19.987909,50.092274],[19.987906,50.092269],[19.987903,50.092267],[19.987899,50.092268],[19.987895,50.092273],[19.98789,50.092282],[19.987823,50.092416],[19.987786,50.09263],[19.987722,50.093561],[19.987738,50.093868]]}},{"type":"Feature","properties":{"mode":"bus","n":8,"arr":["132","138","139","182","189","482","601","611"],"lines":"132, 138, 139, 182, 189, 482, 601, 611"},"geometry":{"type":"LineString","coordinates":[[19.974354,50.088923],[19.974995,50.089134],[19.97594,50.089345],[19.982063,50.090111],[19.982952,50.090171],[19.98351,50.090167],[19.984228,50.090122],[19.984927,50.090031],[19.985472,50.089925],[19.986472,50.089662],[19.986923,50.089497],[19.988249,50.089075]]}},{"type":"Feature","properties":{"mode":"bus","n":6,"arr":["134","192","300","307","706","902"],"lines":"134, 192, 300, 307, 706, 902"},"geometry":{"type":"LineString","coordinates":[[19.923934,50.059151],[19.924848,50.059296]]}},{"type":"Feature","properties":{"mode":"bus","n":8,"arr":["138","149","160","202","212","222","232","262"],"lines":"138, 149, 160, 202, 212, 222, 232, 262"},"geometry":{"type":"LineString","coordinates":[[20.054645,50.088728],[20.051422,50.087722],[20.050379,50.087448],[20.049706,50.08734],[20.047081,50.087068]]}},{"type":"Feature","properties":{"mode":"bus","n":6,"arr":["138","189","511","572","608","611"],"lines":"138, 189, 511, 572, 608, 611"},"geometry":{"type":"LineString","coordinates":[[19.998956,50.087658],[20.001424,50.087775]]}},{"type":"Feature","properties":{"mode":"bus","n":6,"arr":["138","189","511","572","608","611"],"lines":"138, 189, 511, 572, 608, 611"},"geometry":{"type":"LineString","coordinates":[[19.991925,50.087117],[19.99311,50.087204],[20.001253,50.087605]]}},{"type":"Feature","properties":{"mode":"bus","n":6,"arr":["138","168","194","220","240","290"],"lines":"138, 168, 194, 220, 240, 290"},"geometry":{"type":"LineString","coordinates":[[19.93029,50.088611],[19.929164,50.089346],[19.928963,50.089416],[19.928799,50.089422],[19.924676,50.088511],[19.923915,50.088319]]}},{"type":"Feature","properties":{"mode":"bus","n":5,"arr":["138","144","168","194","904"],"lines":"138, 144, 168, 194, 904"},"geometry":{"type":"LineString","coordinates":[[19.916865,50.087584],[19.918926,50.087674],[19.920904,50.087604],[19.921159,50.087563],[19.922868,50.087023]]}},{"type":"Feature","properties":{"mode":"bus","n":6,"arr":["139","169","199","307","469","503"],"lines":"139, 169, 199, 307, 469, 503"},"geometry":{"type":"LineString","coordinates":[[19.944003,50.07327],[19.943442,50.073187],[19.94295,50.073158],[19.942334,50.073178],[19.942106,50.073218]]}},{"type":"Feature","properties":{"mode":"bus","n":10,"arr":["139","169","179","192","199","304","307","469","503","511"],"lines":"139, 169, 179, 192, 199, 304, 307, 469, 503, 511"},"geometry":{"type":"LineString","coordinates":[[19.936623,50.073895],[19.935746,50.073815]]}},{"type":"Feature","properties":{"mode":"bus","n":13,"arr":["139","169","179","192","199","301","304","307","469","503","511","513","608"],"lines":"139, 169, 179, 192, 199, 301, 304, 307, 469, 503, 511, 513, 608"},"geometry":{"type":"LineString","coordinates":[[19.935746,50.073815],[19.934254,50.073673],[19.933844,50.073582],[19.932662,50.073275],[19.93192,50.072986],[19.9314,50.072732],[19.928707,50.071341],[19.927292,50.070503],[19.927044,50.0703],[19.926895,50.070124],[19.926284,50.069188]]}},{"type":"Feature","properties":{"mode":"bus","n":11,"arr":["139","144","164","173","194","199","310","494","511","601","611"],"lines":"139, 144, 164, 173, 194, 199, 310, 494, 511, 601, 611"},"geometry":{"type":"LineString","coordinates":[[19.922437,50.066438],[19.922581,50.066437],[19.924368,50.065942]]}},{"type":"Feature","properties":{"mode":"bus","n":11,"arr":["139","144","164","173","194","199","310","494","511","601","611"],"lines":"139, 144, 164, 173, 194, 199, 310, 494, 511, 601, 611"},"geometry":{"type":"LineString","coordinates":[[19.913637,50.067971],[19.914484,50.06765],[19.914782,50.067591],[19.91524,50.06754],[19.915773,50.067542],[19.917603,50.067612],[19.918042,50.067584],[19.918289,50.067544],[19.922368,50.066458],[19.92366,50.066037]]}},{"type":"Feature","properties":{"mode":"bus","n":8,"arr":["139","164","173","199","310","511","601","611"],"lines":"139, 164, 173, 199, 310, 511, 601, 611"},"geometry":{"type":"LineString","coordinates":[[19.90535,50.069855],[19.910932,50.06902],[19.911476,50.068855],[19.913637,50.067971]]}},{"type":"Feature","properties":{"mode":"bus","n":8,"arr":["139","164","173","199","310","511","601","611"],"lines":"139, 164, 173, 199, 310, 511, 601, 611"},"geometry":{"type":"LineString","coordinates":[[19.895239,50.071158],[19.897655,50.070884],[19.904894,50.069862],[19.905294,50.069856],[19.90531,50.069856],[19.90532,50.069857],[19.905324,50.069859],[19.905322,50.069863],[19.905314,50.069867],[19.905301,50.069872],[19.905166,50.069918],[19.904829,50.069981],[19.897875,50.070966],[19.896653,50.071202],[19.895309,50.071396]]}},{"type":"Feature","properties":{"mode":"bus","n":5,"arr":["139","199","511","601","611"],"lines":"139, 199, 511, 601, 611"},"geometry":{"type":"LineString","coordinates":[[19.92366,50.066037],[19.923882,50.065989],[19.924384,50.06582],[19.9247,50.065771],[19.924798,50.065783]]}},{"type":"Feature","properties":{"mode":"bus","n":12,"arr":["139","169","179","192","199","301","304","307","503","511","513","608"],"lines":"139, 169, 179, 192, 199, 301, 304, 307, 503, 511, 513, 608"},"geometry":{"type":"LineString","coordinates":[[19.934528,50.073422],[19.934333,50.073399],[19.93314,50.073104],[19.932756,50.07298],[19.932187,50.072757],[19.931451,50.072397],[19.929132,50.071189],[19.927627,50.070334],[19.927346,50.070074],[19.927151,50.069814],[19.925439,50.067208],[19.925285,50.066921],[19.924798,50.065783]]}},{"type":"Feature","properties":{"mode":"bus","n":11,"arr":["139","169","179","192","199","301","304","307","503","511","513"],"lines":"139, 169, 179, 192, 199, 301, 304, 307, 503, 511, 513"},"geometry":{"type":"LineString","coordinates":[[19.935785,50.073521],[19.934528,50.073422]]}},{"type":"Feature","properties":{"mode":"bus","n":5,"arr":["139","169","199","307","503"],"lines":"139, 169, 199, 307, 503"},"geometry":{"type":"LineString","coordinates":[[19.94496,50.073487],[19.944345,50.073272],[19.943581,50.073115],[19.942895,50.073062],[19.942054,50.073084]]}},{"type":"Feature","properties":{"mode":"bus","n":9,"arr":["144","195","204","224","244","274","301","304","503"],"lines":"144, 195, 204, 224, 244, 274, 301, 304, 503"},"geometry":{"type":"LineString","coordinates":[[20.004776,50.011993],[20.011138,50.009152]]}},{"type":"Feature","properties":{"mode":"bus","n":9,"arr":["144","195","204","224","244","274","301","304","503"],"lines":"144, 195, 204, 224, 244, 274, 301, 304, 503"},"geometry":{"type":"LineString","coordinates":[[20.004642,50.011868],[20.011181,50.008938]]}},{"type":"Feature","properties":{"mode":"bus","n":8,"arr":["144","195","224","244","274","301","304","503"],"lines":"144, 195, 224, 244, 274, 301, 304, 503"},"geometry":{"type":"LineString","coordinates":[[20.000131,50.01378],[20.002949,50.012782],[20.004776,50.011993]]}},{"type":"Feature","properties":{"mode":"bus","n":8,"arr":["144","195","224","244","274","301","304","503"],"lines":"144, 195, 224, 244, 274, 301, 304, 503"},"geometry":{"type":"LineString","coordinates":[[19.999376,50.013863],[20.002817,50.012656],[20.004642,50.011868]]}},{"type":"Feature","properties":{"mode":"bus","n":5,"arr":["144","224","301","304","503"],"lines":"144, 224, 301, 304, 503"},"geometry":{"type":"LineString","coordinates":[[19.999581,50.013969],[20.000131,50.01378]]}},{"type":"Feature","properties":{"mode":"bus","n":7,"arr":["144","204","224","301","304","503","513"],"lines":"144, 204, 224, 301, 304, 503, 513"},"geometry":{"type":"LineString","coordinates":[[19.998822,50.01424],[19.999581,50.013969]]}},{"type":"Feature","properties":{"mode":"bus","n":9,"arr":["144","173","204","224","301","304","503","513","669"],"lines":"144, 173, 204, 224, 301, 304, 503, 513, 669"},"geometry":{"type":"LineString","coordinates":[[19.979691,50.024153],[19.980791,50.023511],[19.981782,50.022879],[19.987041,50.019816],[19.988313,50.019036],[19.992858,50.01638],[19.993572,50.016076],[19.998822,50.01424]]}},{"type":"Feature","properties":{"mode":"bus","n":9,"arr":["144","173","204","224","301","304","503","513","669"],"lines":"144, 173, 204, 224, 301, 304, 503, 513, 669"},"geometry":{"type":"LineString","coordinates":[[19.979658,50.023949],[19.992727,50.016254],[19.993458,50.015948],[19.998546,50.014155]]}},{"type":"Feature","properties":{"mode":"bus","n":8,"arr":["144","173","301","304","503","513","669","904"],"lines":"144, 173, 301, 304, 503, 513, 669, 904"},"geometry":{"type":"LineString","coordinates":[[19.979287,50.024417],[19.979691,50.024153]]}},{"type":"Feature","properties":{"mode":"bus","n":8,"arr":["144","173","301","304","503","513","669","904"],"lines":"144, 173, 301, 304, 503, 513, 669, 904"},"geometry":{"type":"LineString","coordinates":[[19.978078,50.025015],[19.978591,50.024723],[19.979102,50.024363]]}},{"type":"Feature","properties":{"mode":"bus","n":7,"arr":["144","173","301","304","503","513","904"],"lines":"144, 173, 301, 304, 503, 513, 904"},"geometry":{"type":"LineString","coordinates":[[19.974065,50.026313],[19.974996,50.026153],[19.975615,50.026017],[19.976581,50.025744],[19.976922,50.025626],[19.977812,50.025284],[19.978168,50.025108],[19.97882,50.02474],[19.979287,50.024417]]}},{"type":"Feature","properties":{"mode":"bus","n":7,"arr":["144","173","301","304","503","513","904"],"lines":"144, 173, 301, 304, 503, 513, 904"},"geometry":{"type":"LineString","coordinates":[[19.97396,50.026251],[19.975404,50.025992],[19.976176,50.025789],[19.976587,50.025654],[19.977669,50.02523],[19.978078,50.025015]]}},{"type":"Feature","properties":{"mode":"bus","n":9,"arr":["144","155","169","173","301","304","503","513","904"],"lines":"144, 155, 169, 173, 301, 304, 503, 513, 904"},"geometry":{"type":"LineString","coordinates":[[19.958758,50.028704],[19.965923,50.027298],[19.967519,50.027109],[19.971236,50.026786],[19.972071,50.026663],[19.974065,50.026313]]}},{"type":"Feature","properties":{"mode":"bus","n":11,"arr":["144","155","169","173","174","179","301","304","503","513","904"],"lines":"144, 155, 169, 173, 174, 179, 301, 304, 503, 513, 904"},"geometry":{"type":"LineString","coordinates":[[19.956845,50.029101],[19.958758,50.028704]]}},{"type":"Feature","properties":{"mode":"bus","n":11,"arr":["144","155","169","173","174","179","301","304","503","513","904"],"lines":"144, 155, 169, 173, 174, 179, 301, 304, 503, 513, 904"},"geometry":{"type":"LineString","coordinates":[[19.948659,50.031618],[19.948845,50.031529],[19.949522,50.031064],[19.94996,50.030827],[19.950617,50.030533]]}},{"type":"Feature","properties":{"mode":"bus","n":6,"arr":["144","155","169","173","174","179"],"lines":"144, 155, 169, 173, 174, 179"},"geometry":{"type":"LineString","coordinates":[[19.950617,50.030533],[19.951791,50.030177],[19.953154,50.029808],[19.956197,50.029252],[19.956845,50.029101]]}},{"type":"Feature","properties":{"mode":"bus","n":14,"arr":["144","155","164","169","173","174","179","301","304","469","503","513","610","904"],"lines":"144, 155, 164, 169, 173, 174, 179, 301, 304, 469, 503, 513, 610, 904"},"geometry":{"type":"LineString","coordinates":[[19.946235,50.033552],[19.948659,50.031618]]}},{"type":"Feature","properties":{"mode":"bus","n":12,"arr":["144","164","169","173","179","301","304","469","503","513","610","904"],"lines":"144, 164, 169, 173, 179, 301, 304, 469, 503, 513, 610, 904"},"geometry":{"type":"LineString","coordinates":[[19.94032,50.036347],[19.94039,50.036243],[19.940496,50.036173],[19.941942,50.035782],[19.944503,50.034654],[19.945335,50.034204],[19.945781,50.033902],[19.946235,50.033552]]}},{"type":"Feature","properties":{"mode":"bus","n":11,"arr":["144","164","169","173","179","301","304","503","513","610","904"],"lines":"144, 164, 169, 173, 179, 301, 304, 503, 513, 610, 904"},"geometry":{"type":"LineString","coordinates":[[19.941027,50.036411],[19.941942,50.035782]]}},{"type":"Feature","properties":{"mode":"bus","n":10,"arr":["144","164","169","173","179","301","304","503","513","610"],"lines":"144, 164, 169, 173, 179, 301, 304, 503, 513, 610"},"geometry":{"type":"LineString","coordinates":[[19.941027,50.036411],[19.940532,50.036785]]}},{"type":"Feature","properties":{"mode":"bus","n":11,"arr":["144","164","169","173","179","301","304","503","513","608","610"],"lines":"144, 164, 169, 173, 179, 301, 304, 503, 513, 608, 610"},"geometry":{"type":"LineString","coordinates":[[19.940532,50.036785],[19.9382,50.038575],[19.937763,50.038969],[19.93722,50.039594],[19.935561,50.041863],[19.93536,50.042223],[19.935144,50.042756],[19.934245,50.046291],[19.934092,50.04672],[19.933916,50.047064],[19.933857,50.04734],[19.933628,50.047701],[19.932729,50.048911]]}},{"type":"Feature","properties":{"mode":"bus","n":6,"arr":["144","164","173","194","310","494"],"lines":"144, 164, 173, 194, 310, 494"},"geometry":{"type":"LineString","coordinates":[[19.924368,50.065942],[19.924503,50.065608],[19.924522,50.065411],[19.924495,50.06527],[19.924545,50.06511]]}},{"type":"Feature","properties":{"mode":"bus","n":6,"arr":["144","164","173","194","310","494"],"lines":"144, 164, 173, 194, 310, 494"},"geometry":{"type":"LineString","coordinates":[[19.92366,50.066037],[19.924037,50.065835],[19.924235,50.065573]]}},{"type":"Feature","properties":{"mode":"bus","n":7,"arr":["144","227","267","513","669","904","937"],"lines":"144, 227, 267, 513, 669, 904, 937"},"geometry":{"type":"LineString","coordinates":[[19.928806,50.094791],[19.928982,50.094819]]}},{"type":"Feature","properties":{"mode":"bus","n":6,"arr":["144","227","267","669","904","937"],"lines":"144, 227, 267, 669, 904, 937"},"geometry":{"type":"LineString","coordinates":[[19.932322,50.095333],[19.928982,50.094819]]}},{"type":"Feature","properties":{"mode":"bus","n":5,"arr":["144","227","267","904","937"],"lines":"144, 227, 267, 904, 937"},"geometry":{"type":"LineString","coordinates":[[19.932139,50.095645],[19.931761,50.096189]]}},{"type":"Feature","properties":{"mode":"bus","n":5,"arr":["144","227","267","904","937"],"lines":"144, 227, 267, 904, 937"},"geometry":{"type":"LineString","coordinates":[[19.932322,50.095333],[19.932207,50.095405],[19.932149,50.095611],[19.932147,50.095622],[19.932148,50.095629],[19.932154,50.095631],[19.932162,50.095628],[19.932175,50.09562],[19.932242,50.095573],[19.932325,50.09542],[19.932322,50.095333]]}},{"type":"Feature","properties":{"mode":"bus","n":12,"arr":["144","164","169","173","179","301","304","469","503","513","608","610"],"lines":"144, 164, 169, 173, 179, 301, 304, 469, 503, 513, 608, 610"},"geometry":{"type":"LineString","coordinates":[[19.934197,50.045814],[19.935008,50.042609],[19.935107,50.042354],[19.935291,50.042044],[19.936011,50.041069],[19.936752,50.039975],[19.937096,50.039533],[19.937943,50.038685],[19.939049,50.037832],[19.939816,50.037161],[19.939955,50.036989],[19.94032,50.036347]]}},{"type":"Feature","properties":{"mode":"bus","n":12,"arr":["144","155","169","173","174","179","301","304","469","503","513","904"],"lines":"144, 155, 169, 173, 174, 179, 301, 304, 469, 503, 513, 904"},"geometry":{"type":"LineString","coordinates":[[19.948659,50.031618],[19.948811,50.031423],[19.949205,50.031138],[19.949503,50.030959],[19.950064,50.030659],[19.95055,50.030443],[19.951345,50.030167]]}},{"type":"Feature","properties":{"mode":"bus","n":12,"arr":["144","155","169","173","174","179","301","304","469","503","513","904"],"lines":"144, 155, 169, 173, 174, 179, 301, 304, 469, 503, 513, 904"},"geometry":{"type":"LineString","coordinates":[[19.956416,50.029047],[19.958658,50.028626]]}},{"type":"Feature","properties":{"mode":"bus","n":10,"arr":["144","155","169","173","301","304","469","503","513","904"],"lines":"144, 155, 169, 173, 301, 304, 469, 503, 513, 904"},"geometry":{"type":"LineString","coordinates":[[19.958658,50.028626],[19.960354,50.028318],[19.966143,50.027183],[19.96763,50.027032],[19.971181,50.026721],[19.972115,50.026585],[19.97396,50.026251]]}},{"type":"Feature","properties":{"mode":"bus","n":7,"arr":["144","173","301","304","503","513","669"],"lines":"144, 173, 301, 304, 503, 513, 669"},"geometry":{"type":"LineString","coordinates":[[19.979102,50.024363],[19.979658,50.023949]]}},{"type":"Feature","properties":{"mode":"bus","n":7,"arr":["144","173","224","301","304","503","669"],"lines":"144, 173, 224, 301, 304, 503, 669"},"geometry":{"type":"LineString","coordinates":[[19.998546,50.014155],[19.999265,50.013902]]}},{"type":"Feature","properties":{"mode":"bus","n":10,"arr":["144","173","195","224","244","274","301","304","503","669"],"lines":"144, 173, 195, 224, 244, 274, 301, 304, 503, 669"},"geometry":{"type":"LineString","coordinates":[[19.999265,50.013902],[19.999376,50.013863]]}},{"type":"Feature","properties":{"mode":"bus","n":10,"arr":["146","209","219","229","239","249","259","269","279","609"],"lines":"146, 209, 219, 229, 239, 249, 259, 269, 279, 609"},"geometry":{"type":"LineString","coordinates":[[19.839651,50.041153],[19.839969,50.041183],[19.840234,50.041256],[19.842431,50.042482],[19.842824,50.042672],[19.846949,50.043921],[19.84713,50.043958],[19.847525,50.043986],[19.849307,50.043931],[19.849709,50.043955],[19.851431,50.044139],[19.859781,50.045157]]}},{"type":"Feature","properties":{"mode":"bus","n":10,"arr":["146","209","219","229","239","249","259","269","279","609"],"lines":"146, 209, 219, 229, 239, 249, 259, 269, 279, 609"},"geometry":{"type":"LineString","coordinates":[[19.872215,50.046085],[19.87295,50.046156],[19.873763,50.046265]]}},{"type":"Feature","properties":{"mode":"bus","n":8,"arr":["146","209","219","229","239","269","279","609"],"lines":"146, 209, 219, 229, 239, 269, 279, 609"},"geometry":{"type":"LineString","coordinates":[[19.827276,50.044155],[19.828293,50.044065],[19.828917,50.043984],[19.832371,50.043044],[19.832687,50.042923],[19.833232,50.042516],[19.833379,50.042442],[19.833741,50.042356],[19.83404,50.042339],[19.834287,50.042375],[19.834455,50.042434],[19.834948,50.042715],[19.835156,50.042783],[19.835478,50.042802],[19.835769,50.042747],[19.835961,50.042645],[19.836067,50.042541],[19.836122,50.042363],[19.836049,50.042166],[19.835826,50.041829],[19.835804,50.041723],[19.835847,50.041543],[19.835997,50.041355],[19.836158,50.041253],[19.836362,50.041176],[19.836609,50.041134],[19.836862,50.04114],[19.837403,50.041281],[19.837758,50.041325],[19.838086,50.041298],[19.838709,50.0412],[19.839651,50.041153]]}},{"type":"Feature","properties":{"mode":"bus","n":7,"arr":["146","209","219","229","239","269","279"],"lines":"146, 209, 219, 229, 239, 269, 279"},"geometry":{"type":"LineString","coordinates":[[19.811858,50.041919],[19.81249,50.041884],[19.813021,50.041929],[19.815256,50.042294],[19.820104,50.043156]]}},{"type":"Feature","properties":{"mode":"bus","n":6,"arr":["148","202","212","222","232","262"],"lines":"148, 202, 212, 222, 232, 262"},"geometry":{"type":"LineString","coordinates":[[20.013384,50.075576],[20.013313,50.075519],[20.01317,50.075264],[20.013067,50.074998],[20.012643,50.074194],[20.01264,50.074118],[20.01268,50.074061],[20.012785,50.074016],[20.013084,50.073951]]}},{"type":"Feature","properties":{"mode":"bus","n":6,"arr":["148","202","212","222","232","262"],"lines":"148, 202, 212, 222, 232, 262"},"geometry":{"type":"LineString","coordinates":[[20.015121,50.075467],[20.018605,50.075146],[20.018738,50.0751],[20.018811,50.07503],[20.018826,50.074932],[20.018753,50.074849]]}},{"type":"Feature","properties":{"mode":"bus","n":6,"arr":["148","202","212","222","232","262"],"lines":"148, 202, 212, 222, 232, 262"},"geometry":{"type":"LineString","coordinates":[[20.017265,50.073935],[20.01716,50.073803]]}},{"type":"Feature","properties":{"mode":"bus","n":5,"arr":["153","173","204","513","669"],"lines":"153, 173, 204, 513, 669"},"geometry":{"type":"LineString","coordinates":[[19.999581,50.013969],[19.999376,50.013863]]}},{"type":"Feature","properties":{"mode":"bus","n":6,"arr":["153","173","195","244","274","669"],"lines":"153, 173, 195, 244, 274, 669"},"geometry":{"type":"LineString","coordinates":[[20.00023,50.014403],[20.000154,50.014319],[19.99987,50.014134]]}},{"type":"Feature","properties":{"mode":"bus","n":6,"arr":["153","173","195","244","274","669"],"lines":"153, 173, 195, 244, 274, 669"},"geometry":{"type":"LineString","coordinates":[[19.99995,50.014287],[20.00023,50.014403],[20.003779,50.016365],[20.004217,50.016528],[20.004746,50.016646],[20.005272,50.016694],[20.005849,50.016677],[20.009661,50.016059],[20.010477,50.015975],[20.010971,50.015953],[20.011764,50.015968],[20.012283,50.016012],[20.015227,50.016463]]}},{"type":"Feature","properties":{"mode":"bus","n":6,"arr":["153","173","195","244","274","669"],"lines":"153, 173, 195, 244, 274, 669"},"geometry":{"type":"LineString","coordinates":[[20.015999,50.016434],[20.015824,50.016468],[20.015283,50.016463],[20.015267,50.016464],[20.015258,50.016464],[20.015254,50.016466],[20.015257,50.016468],[20.015266,50.01647],[20.015281,50.016473],[20.01542,50.0165],[20.015875,50.016525],[20.016011,50.016551]]}},{"type":"Feature","properties":{"mode":"bus","n":7,"arr":["155","214","215","225","254","265","915"],"lines":"155, 214, 215, 225, 254, 265, 915"},"geometry":{"type":"LineString","coordinates":[[19.939771,49.993143],[19.93959,49.993084],[19.939428,49.993066],[19.935977,49.992882],[19.935521,49.992884],[19.935213,49.992939],[19.925222,49.997329]]}},{"type":"Feature","properties":{"mode":"bus","n":7,"arr":["155","214","215","225","254","265","915"],"lines":"155, 214, 215, 225, 254, 265, 915"},"geometry":{"type":"LineString","coordinates":[[19.941459,49.990742],[19.942792,49.990878],[19.943554,49.991016],[19.944442,49.990993],[19.945399,49.990855],[19.945703,49.990861],[19.945966,49.9909],[19.945996,49.990908],[19.946013,49.990923],[19.946017,49.990944],[19.945992,49.991193],[19.946155,49.992142],[19.946277,49.99252],[19.94652,49.993036],[19.946653,49.99401],[19.946718,49.994246],[19.946719,49.994261],[19.946712,49.994273],[19.946696,49.994281],[19.946672,49.994285],[19.946326,49.994309],[19.943759,49.994303],[19.942524,49.994156],[19.942082,49.994048],[19.941911,49.993944],[19.941814,49.99383],[19.941691,49.993527],[19.941541,49.993413],[19.941337,49.993365],[19.941185,49.993359],[19.94039,49.993394],[19.940192,49.993351],[19.939815,49.993165],[19.939794,49.993149],[19.939789,49.993132],[19.9398,49.993112],[19.940503,49.992373],[19.940581,49.992238],[19.940656,49.991889],[19.940612,49.991404],[19.940717,49.991156],[19.941053,49.990808]]}},{"type":"Feature","properties":{"mode":"bus","n":6,"arr":["155","214","215","225","254","915"],"lines":"155, 214, 215, 225, 254, 915"},"geometry":{"type":"LineString","coordinates":[[19.941053,49.990808],[19.941303,49.990747],[19.941459,49.990742]]}},{"type":"Feature","properties":{"mode":"bus","n":5,"arr":["155","174","179","204","610"],"lines":"155, 174, 179, 204, 610"},"geometry":{"type":"LineString","coordinates":[[19.94829,50.008376],[19.948296,50.005612]]}},{"type":"Feature","properties":{"mode":"bus","n":5,"arr":["155","174","179","204","610"],"lines":"155, 174, 179, 204, 610"},"geometry":{"type":"LineString","coordinates":[[19.94986,50.013888],[19.949888,50.013996]]}},{"type":"Feature","properties":{"mode":"bus","n":6,"arr":["155","174","179","204","433","610"],"lines":"155, 174, 179, 204, 433, 610"},"geometry":{"type":"LineString","coordinates":[[19.94982,50.013524],[19.94849,50.009542],[19.948375,50.009057],[19.94829,50.008376]]}},{"type":"Feature","properties":{"mode":"bus","n":6,"arr":["155","174","179","204","433","610"],"lines":"155, 174, 179, 204, 433, 610"},"geometry":{"type":"LineString","coordinates":[[19.95003,50.013852],[19.949923,50.013588],[19.949856,50.013546],[19.949843,50.013539],[19.949832,50.013537],[19.949823,50.013539],[19.949816,50.013545],[19.949812,50.013555],[19.949796,50.013614],[19.94986,50.013888]]}},{"type":"Feature","properties":{"mode":"bus","n":5,"arr":["155","204","224","433","610"],"lines":"155, 204, 224, 433, 610"},"geometry":{"type":"LineString","coordinates":[[19.961555,50.012976],[19.959938,50.012657],[19.958943,50.012525],[19.957833,50.012472],[19.95666,50.012519],[19.955879,50.012612],[19.95528,50.012715],[19.95003,50.013852]]}},{"type":"Feature","properties":{"mode":"bus","n":5,"arr":["155","204","224","433","610"],"lines":"155, 204, 224, 433, 610"},"geometry":{"type":"LineString","coordinates":[[19.949888,50.013996],[19.955271,50.012829],[19.955835,50.01273],[19.956681,50.012622],[19.95765,50.012577],[19.958419,50.012596],[19.958935,50.012632],[19.959763,50.012741],[19.961346,50.013044]]}},{"type":"Feature","properties":{"mode":"bus","n":7,"arr":["156","223","233","253","283","293","903"],"lines":"156, 223, 233, 253, 283, 293, 903"},"geometry":{"type":"LineString","coordinates":[[19.880676,50.007367],[19.880269,50.007148],[19.880007,50.007037]]}},{"type":"Feature","properties":{"mode":"bus","n":7,"arr":["156","223","233","253","283","293","903"],"lines":"156, 223, 233, 253, 283, 293, 903"},"geometry":{"type":"LineString","coordinates":[[19.852475,49.995694],[19.852678,49.995579],[19.852694,49.995567],[19.852698,49.995556],[19.852692,49.995544],[19.852675,49.995534],[19.852329,49.995369],[19.852183,49.995344],[19.852102,49.995368],[19.852059,49.9954],[19.852049,49.995411],[19.85205,49.995422],[19.852061,49.995433],[19.852475,49.995694],[19.854765,49.996994],[19.855386,49.997283],[19.856059,49.997541],[19.863741,49.999867],[19.864259,50.000016],[19.865927,50.000388],[19.866665,50.000698],[19.867066,50.000962],[19.867316,50.001174],[19.867731,50.001633],[19.86877,50.002886],[19.869319,50.003362],[19.870532,50.004026],[19.871618,50.004401],[19.871817,50.004482],[19.872061,50.004647],[19.872261,50.004865],[19.8728,50.005696],[19.873064,50.006036],[19.87341,50.00641],[19.873643,50.00656],[19.873903,50.006619],[19.874132,50.006612],[19.875588,50.006333],[19.875815,50.006308],[19.876207,50.006311],[19.876578,50.006356],[19.880312,50.007083]]}},{"type":"Feature","properties":{"mode":"bus","n":5,"arr":["156","175","233","475","610"],"lines":"156, 175, 233, 475, 610"},"geometry":{"type":"LineString","coordinates":[[19.871467,49.988402],[19.871661,49.988474],[19.871972,49.988472]]}},{"type":"Feature","properties":{"mode":"bus","n":6,"arr":["156","223","233","253","283","903"],"lines":"156, 223, 233, 253, 283, 903"},"geometry":{"type":"LineString","coordinates":[[19.880312,50.007083],[19.880488,50.007145],[19.880827,50.007327]]}},{"type":"Feature","properties":{"mode":"bus","n":6,"arr":["156","203","223","233","283","903"],"lines":"156, 203, 223, 233, 283, 903"},"geometry":{"type":"LineString","coordinates":[[19.88928,50.018037],[19.889291,50.018373]]}},{"type":"Feature","properties":{"mode":"bus","n":6,"arr":["164","173","199","310","601","611"],"lines":"164, 173, 199, 310, 601, 611"},"geometry":{"type":"LineString","coordinates":[[19.895309,50.071396],[19.892818,50.071639],[19.889897,50.072003],[19.889491,50.072079],[19.889154,50.072173],[19.888857,50.072295],[19.888553,50.072481],[19.888327,50.072689],[19.888162,50.07293],[19.88808,50.073193],[19.888066,50.073461],[19.888257,50.074356],[19.888868,50.076052]]}},{"type":"Feature","properties":{"mode":"bus","n":6,"arr":["164","173","199","310","601","611"],"lines":"164, 173, 199, 310, 601, 611"},"geometry":{"type":"LineString","coordinates":[[19.888547,50.076346],[19.888321,50.075835],[19.888095,50.074418],[19.887884,50.073406],[19.887927,50.073073],[19.88802,50.072848],[19.888181,50.072621],[19.888359,50.07245],[19.888567,50.072306],[19.888864,50.072153],[19.889203,50.072034],[19.889573,50.071946],[19.89267,50.071545],[19.893974,50.071315],[19.895239,50.071158]]}},{"type":"Feature","properties":{"mode":"bus","n":7,"arr":["164","173","199","310","511","601","611"],"lines":"164, 173, 199, 310, 511, 601, 611"},"geometry":{"type":"LineString","coordinates":[[19.888868,50.076052],[19.889191,50.077308],[19.890459,50.080586]]}},{"type":"Feature","properties":{"mode":"bus","n":7,"arr":["164","173","199","310","511","601","611"],"lines":"164, 173, 199, 310, 511, 601, 611"},"geometry":{"type":"LineString","coordinates":[[19.889979,50.079795],[19.889035,50.077345],[19.888547,50.076346]]}},{"type":"Feature","properties":{"mode":"bus","n":8,"arr":["168","200","210","230","310","511","611","910"],"lines":"168, 200, 210, 230, 310, 511, 611, 910"},"geometry":{"type":"LineString","coordinates":[[19.893335,50.092327],[19.893316,50.091855],[19.893266,50.091607],[19.893139,50.09116],[19.892777,50.090242],[19.892607,50.089707]]}},{"type":"Feature","properties":{"mode":"bus","n":10,"arr":["168","194","220","227","240","267","290","337","669","937"],"lines":"168, 194, 220, 227, 240, 267, 290, 337, 669, 937"},"geometry":{"type":"LineString","coordinates":[[19.932614,50.0883],[19.932634,50.08823]]}},{"type":"Feature","properties":{"mode":"bus","n":9,"arr":["168","194","207","220","227","240","267","290","937"],"lines":"168, 194, 207, 220, 227, 240, 267, 290, 937"},"geometry":{"type":"LineString","coordinates":[[19.93029,50.088611],[19.930453,50.088703],[19.930538,50.088715],[19.930582,50.088716],[19.930623,50.088705],[19.930967,50.088552],[19.931168,50.088533]]}},{"type":"Feature","properties":{"mode":"bus","n":9,"arr":["169","217","247","257","277","280","297","503","917"],"lines":"169, 217, 247, 257, 277, 280, 297, 503, 917"},"geometry":{"type":"LineString","coordinates":[[19.963647,50.105447],[19.964186,50.105419],[19.964546,50.10537]]}},{"type":"Feature","properties":{"mode":"bus","n":10,"arr":["169","217","247","257","277","280","297","469","503","917"],"lines":"169, 217, 247, 257, 277, 280, 297, 469, 503, 917"},"geometry":{"type":"LineString","coordinates":[[19.962539,50.10558],[19.96317,50.105518],[19.963647,50.105447],[19.964086,50.105332],[19.964514,50.105269]]}},{"type":"Feature","properties":{"mode":"bus","n":5,"arr":["173","234","244","274","284"],"lines":"173, 234, 244, 274, 284"},"geometry":{"type":"LineString","coordinates":[[20.016104,50.013013],[20.016518,50.01467],[20.01653,50.014885],[20.016219,50.016314]]}},{"type":"Feature","properties":{"mode":"bus","n":6,"arr":["173","234","244","274","284","503"],"lines":"173, 234, 244, 274, 284, 503"},"geometry":{"type":"LineString","coordinates":[[20.015544,50.012686],[20.015454,50.012868],[20.015472,50.012933],[20.015524,50.012976],[20.01563,50.013005],[20.016104,50.013013]]}},{"type":"Feature","properties":{"mode":"bus","n":9,"arr":["175","235","243","245","255","275","285","475","610"],"lines":"175, 235, 243, 245, 255, 275, 285, 475, 610"},"geometry":{"type":"LineString","coordinates":[[19.917101,49.992147],[19.917077,49.992029],[19.914703,49.987353]]}},{"type":"Feature","properties":{"mode":"bus","n":9,"arr":["175","235","243","245","255","275","285","475","610"],"lines":"175, 235, 243, 245, 255, 275, 285, 475, 610"},"geometry":{"type":"LineString","coordinates":[[19.920877,49.999217],[19.920512,49.998559],[19.920266,49.998191]]}},{"type":"Feature","properties":{"mode":"bus","n":9,"arr":["175","235","243","245","255","275","285","475","610"],"lines":"175, 235, 243, 245, 255, 275, 285, 475, 610"},"geometry":{"type":"LineString","coordinates":[[19.914546,49.98741],[19.915561,49.989354],[19.915767,49.989671],[19.916972,49.992022],[19.917101,49.992147],[19.919117,49.996055],[19.920266,49.998191],[19.920415,49.998582],[19.920759,49.999253]]}},{"type":"Feature","properties":{"mode":"bus","n":15,"arr":["175","214","215","225","235","243","245","254","255","265","275","285","475","610","915"],"lines":"175, 214, 215, 225, 235, 243, 245, 254, 255, 265, 275, 285, 475, 610, 915"},"geometry":{"type":"LineString","coordinates":[[19.922315,50.002008],[19.920877,49.999217]]}},{"type":"Feature","properties":{"mode":"bus","n":16,"arr":["175","191","214","215","225","235","243","245","254","255","265","275","285","475","610","915"],"lines":"175, 191, 214, 215, 225, 235, 243, 245, 254, 255, 265, 275, 285, 475, 610, 915"},"geometry":{"type":"LineString","coordinates":[[19.924981,50.007],[19.922315,50.002008]]}},{"type":"Feature","properties":{"mode":"bus","n":16,"arr":["175","191","214","215","225","235","243","245","254","255","265","275","285","475","610","915"],"lines":"175, 191, 214, 215, 225, 235, 243, 245, 254, 255, 265, 275, 285, 475, 610, 915"},"geometry":{"type":"LineString","coordinates":[[19.920759,49.999253],[19.922008,50.001677],[19.924846,50.007034]]}},{"type":"Feature","properties":{"mode":"bus","n":17,"arr":["175","191","204","214","215","225","235","243","245","254","255","265","275","285","475","610","915"],"lines":"175, 191, 204, 214, 215, 225, 235, 243, 245, 254, 255, 265, 275, 285, 475, 610, 915"},"geometry":{"type":"LineString","coordinates":[[19.924846,50.007034],[19.92509,50.007503]]}},{"type":"Feature","properties":{"mode":"bus","n":6,"arr":["182","189","482","511","601","611"],"lines":"182, 189, 482, 511, 601, 611"},"geometry":{"type":"LineString","coordinates":[[19.960171,50.06834],[19.962809,50.070275],[19.965207,50.072669]]}},{"type":"Feature","properties":{"mode":"bus","n":6,"arr":["182","189","482","511","601","611"],"lines":"182, 189, 482, 511, 601, 611"},"geometry":{"type":"LineString","coordinates":[[19.959557,50.067776],[19.959623,50.067931],[19.960134,50.068313],[19.960145,50.068323],[19.960149,50.06833],[19.960145,50.068336],[19.960134,50.068339],[19.960115,50.068341],[19.959956,50.068343],[19.959357,50.068269],[19.959264,50.068229],[19.959241,50.068156]]}},{"type":"Feature","properties":{"mode":"bus","n":5,"arr":["182","189","482","609","902"],"lines":"182, 189, 482, 609, 902"},"geometry":{"type":"LineString","coordinates":[[19.949587,50.068569],[19.949665,50.068509]]}},{"type":"Feature","properties":{"mode":"bus","n":5,"arr":["182","189","192","317","482"],"lines":"182, 189, 192, 317, 482"},"geometry":{"type":"LineString","coordinates":[[19.949599,50.068858],[19.949477,50.068786],[19.949456,50.068715]]}},{"type":"Feature","properties":{"mode":"bus","n":6,"arr":["182","189","482","601","608","611"],"lines":"182, 189, 482, 601, 608, 611"},"geometry":{"type":"LineString","coordinates":[[19.970939,50.083279],[19.970794,50.083492],[19.970703,50.083744],[19.970671,50.083936],[19.970706,50.084181],[19.970798,50.084384],[19.970902,50.084523],[19.971381,50.08493]]}},{"type":"Feature","properties":{"mode":"bus","n":7,"arr":["182","189","482","511","601","608","611"],"lines":"182, 189, 482, 511, 601, 608, 611"},"geometry":{"type":"LineString","coordinates":[[19.971679,50.085419],[19.971745,50.085675],[19.971871,50.08593]]}},{"type":"Feature","properties":{"mode":"bus","n":5,"arr":["189","572","608","611","664"],"lines":"189, 572, 608, 611, 664"},"geometry":{"type":"LineString","coordinates":[[20.020147,50.085009],[20.019838,50.085184]]}},{"type":"Feature","properties":{"mode":"bus","n":5,"arr":["189","572","608","611","664"],"lines":"189, 572, 608, 611, 664"},"geometry":{"type":"LineString","coordinates":[[20.018564,50.085417],[20.018959,50.085413]]}},{"type":"Feature","properties":{"mode":"bus","n":5,"arr":["189","572","608","611","664"],"lines":"189, 572, 608, 611, 664"},"geometry":{"type":"LineString","coordinates":[[20.018529,50.084828],[20.018327,50.084892]]}},{"type":"Feature","properties":{"mode":"bus","n":5,"arr":["189","572","608","611","664"],"lines":"189, 572, 608, 611, 664"},"geometry":{"type":"LineString","coordinates":[[20.019433,50.084573],[20.01971,50.084507]]}},{"type":"Feature","properties":{"mode":"bus","n":7,"arr":["189","192","511","608","609","669","902"],"lines":"189, 192, 511, 608, 609, 669, 902"},"geometry":{"type":"LineString","coordinates":[[19.949391,50.068951],[19.94928,50.068977],[19.94682,50.068942],[19.946558,50.068993],[19.946383,50.069052],[19.946194,50.069154],[19.946013,50.069327],[19.945936,50.069468],[19.945893,50.069596],[19.945843,50.070234],[19.945807,50.070292],[19.945699,50.070372],[19.945559,50.070412],[19.945118,50.070415]]}},{"type":"Feature","properties":{"mode":"bus","n":7,"arr":["200","210","230","310","511","611","910"],"lines":"200, 210, 230, 310, 511, 611, 910"},"geometry":{"type":"LineString","coordinates":[[19.892607,50.089707],[19.89245,50.089189],[19.892246,50.088662],[19.891567,50.087431],[19.891405,50.087055],[19.891275,50.086443],[19.89101,50.084795]]}},{"type":"Feature","properties":{"mode":"bus","n":7,"arr":["200","210","230","310","511","611","910"],"lines":"200, 210, 230, 310, 511, 611, 910"},"geometry":{"type":"LineString","coordinates":[[19.891199,50.085064],[19.891387,50.086353],[19.891538,50.08704],[19.891649,50.087306],[19.89244,50.088806],[19.892724,50.089697],[19.893267,50.091114],[19.893438,50.091755]]}},{"type":"Feature","properties":{"mode":"bus","n":7,"arr":["200","210","218","228","230","298","918"],"lines":"200, 210, 218, 228, 230, 298, 918"},"geometry":{"type":"LineString","coordinates":[[19.880478,50.080909],[19.88062,50.080896],[19.880651,50.080897],[19.880672,50.080907],[19.880683,50.080927],[19.88074,50.081175],[19.880738,50.081195],[19.880722,50.081211],[19.88068,50.081239],[19.880569,50.08125]]}},{"type":"Feature","properties":{"mode":"bus","n":5,"arr":["203","223","235","273","295"],"lines":"203, 223, 235, 273, 295"},"geometry":{"type":"LineString","coordinates":[[19.816912,49.975826],[19.819282,49.976062],[19.821029,49.975925],[19.821637,49.975831]]}},{"type":"Feature","properties":{"mode":"bus","n":6,"arr":["203","223","233","235","273","295"],"lines":"203, 223, 233, 235, 273, 295"},"geometry":{"type":"LineString","coordinates":[[19.821637,49.975831],[19.822974,49.975598],[19.823865,49.975288],[19.824057,49.975257],[19.824271,49.975265],[19.824472,49.97531],[19.824634,49.975373],[19.82498,49.975578],[19.825221,49.975662],[19.825436,49.97569],[19.825691,49.975673],[19.827737,49.975287],[19.828502,49.975157],[19.828716,49.975136],[19.828739,49.975132],[19.828755,49.975123],[19.828762,49.975111],[19.828761,49.975096],[19.828649,49.974701],[19.828648,49.974686],[19.828655,49.974675],[19.828671,49.97467],[19.828695,49.974668],[19.829659,49.974708],[19.830914,49.974615]]}},{"type":"Feature","properties":{"mode":"bus","n":8,"arr":["203","223","233","235","253","283","293","903"],"lines":"203, 223, 233, 235, 253, 283, 293, 903"},"geometry":{"type":"LineString","coordinates":[[19.831257,49.976036],[19.831108,49.975503]]}},{"type":"Feature","properties":{"mode":"bus","n":10,"arr":["203","223","233","235","253","273","283","293","295","903"],"lines":"203, 223, 233, 235, 253, 273, 283, 293, 295, 903"},"geometry":{"type":"LineString","coordinates":[[19.831108,49.975503],[19.830914,49.974615]]}},{"type":"Feature","properties":{"mode":"bus","n":6,"arr":["203","243","253","283","293","903"],"lines":"203, 243, 253, 283, 293, 903"},"geometry":{"type":"LineString","coordinates":[[19.828697,49.970313],[19.829028,49.970724],[19.829221,49.971031],[19.829394,49.971566],[19.829703,49.972356],[19.829854,49.973094],[19.829942,49.973293],[19.830039,49.973418],[19.830419,49.973742],[19.830555,49.973904],[19.830815,49.97433],[19.830914,49.974615]]}},{"type":"Feature","properties":{"mode":"bus","n":5,"arr":["203","243","283","293","903"],"lines":"203, 243, 283, 293, 903"},"geometry":{"type":"LineString","coordinates":[[19.828131,49.969218],[19.828471,49.969983],[19.828697,49.970313]]}},{"type":"Feature","properties":{"mode":"bus","n":5,"arr":["203","243","283","293","903"],"lines":"203, 243, 283, 293, 903"},"geometry":{"type":"LineString","coordinates":[[19.830564,49.968691],[19.829394,49.969046]]}},{"type":"Feature","properties":{"mode":"bus","n":6,"arr":["203","243","245","283","293","903"],"lines":"203, 243, 245, 283, 293, 903"},"geometry":{"type":"LineString","coordinates":[[19.829804,49.968558],[19.829386,49.968688],[19.829355,49.968717],[19.829349,49.968983],[19.829378,49.969024],[19.829383,49.969034],[19.829381,49.969043],[19.829373,49.96905],[19.829359,49.969055],[19.829046,49.96914],[19.828131,49.969218]]}},{"type":"Feature","properties":{"mode":"bus","n":6,"arr":["203","243","245","283","293","903"],"lines":"203, 243, 245, 283, 293, 903"},"geometry":{"type":"LineString","coordinates":[[19.829846,49.968545],[19.83015,49.968458],[19.830268,49.968457],[19.830319,49.968464],[19.830359,49.968485],[19.830506,49.968606],[19.830564,49.968691]]}},{"type":"Feature","properties":{"mode":"bus","n":5,"arr":["203","233","235","273","295"],"lines":"203, 233, 235, 273, 295"},"geometry":{"type":"LineString","coordinates":[[19.830879,49.975523],[19.831108,49.975503]]}},{"type":"Feature","properties":{"mode":"bus","n":7,"arr":["204","224","244","274","301","304","503"],"lines":"204, 224, 244, 274, 301, 304, 503"},"geometry":{"type":"LineString","coordinates":[[20.011181,50.008938],[20.013153,50.008061]]}},{"type":"Feature","properties":{"mode":"bus","n":7,"arr":["204","224","244","274","301","304","503"],"lines":"204, 224, 244, 274, 301, 304, 503"},"geometry":{"type":"LineString","coordinates":[[20.011138,50.009152],[20.014631,50.007589]]}},{"type":"Feature","properties":{"mode":"bus","n":6,"arr":["204","224","244","274","301","304"],"lines":"204, 224, 244, 274, 301, 304"},"geometry":{"type":"LineString","coordinates":[[20.013153,50.008061],[20.014353,50.007527]]}},{"type":"Feature","properties":{"mode":"bus","n":6,"arr":["204","224","244","274","301","304"],"lines":"204, 224, 244, 274, 301, 304"},"geometry":{"type":"LineString","coordinates":[[20.014631,50.007589],[20.015548,50.007193]]}},{"type":"Feature","properties":{"mode":"bus","n":7,"arr":["204","224","244","274","301","304","904"],"lines":"204, 224, 244, 274, 301, 304, 904"},"geometry":{"type":"LineString","coordinates":[[20.014353,50.007527],[20.021952,50.004189],[20.022493,50.003948],[20.02305,50.003653],[20.023534,50.003354],[20.025016,50.002157],[20.026409,50.000996],[20.027799,49.999757]]}},{"type":"Feature","properties":{"mode":"bus","n":7,"arr":["204","224","244","274","301","304","904"],"lines":"204, 224, 244, 274, 301, 304, 904"},"geometry":{"type":"LineString","coordinates":[[20.015548,50.007193],[20.02166,50.004463],[20.022579,50.00403],[20.023119,50.003741],[20.023727,50.00333],[20.024672,50.002555],[20.025969,50.001555],[20.026898,50.000772],[20.028273,49.999548]]}},{"type":"Feature","properties":{"mode":"bus","n":6,"arr":["204","301","904","B2","D2","W2"],"lines":"204, 301, 904, B2, D2, W2"},"geometry":{"type":"LineString","coordinates":[[20.062614,49.98743],[20.059371,49.987741],[20.05884,49.987831],[20.056239,49.988368],[20.054258,49.98853]]}},{"type":"Feature","properties":{"mode":"bus","n":7,"arr":["204","224","301","904","B2","D2","W2"],"lines":"204, 224, 301, 904, B2, D2, W2"},"geometry":{"type":"LineString","coordinates":[[20.062614,49.98743],[20.063147,49.98738],[20.067249,49.987207]]}},{"type":"Feature","properties":{"mode":"bus","n":5,"arr":["204","224","244","304","904"],"lines":"204, 224, 244, 304, 904"},"geometry":{"type":"LineString","coordinates":[[20.074686,49.986217],[20.074781,49.986228],[20.07487,49.986292]]}},{"type":"Feature","properties":{"mode":"bus","n":5,"arr":["207","227","267","337","937"],"lines":"207, 227, 267, 337, 937"},"geometry":{"type":"LineString","coordinates":[[19.921038,50.118037],[19.921426,50.119157],[19.921751,50.119659],[19.921807,50.119893],[19.921788,50.120225],[19.921409,50.121603],[19.920487,50.123382],[19.92025,50.124104],[19.919707,50.124946],[19.919678,50.12513],[19.919702,50.125271],[19.919963,50.12582],[19.919926,50.126058],[19.919759,50.126375],[19.919597,50.126604],[19.918798,50.127342],[19.917508,50.128952],[19.917094,50.129334],[19.916654,50.129687]]}},{"type":"Feature","properties":{"mode":"bus","n":8,"arr":["209","229","239","249","259","269","279","609"],"lines":"209, 229, 239, 249, 259, 269, 279, 609"},"geometry":{"type":"LineString","coordinates":[[19.916338,50.052745],[19.915496,50.052776],[19.914693,50.052714],[19.914014,50.052586],[19.911689,50.051953],[19.911212,50.051877],[19.909983,50.0518],[19.909664,50.051756],[19.909062,50.051609],[19.908543,50.051411],[19.90651,50.050334],[19.906276,50.050194],[19.905888,50.049908],[19.905162,50.049471],[19.904953,50.049393],[19.904267,50.049246],[19.904121,50.049189]]}},{"type":"Feature","properties":{"mode":"bus","n":8,"arr":["209","229","239","249","259","269","279","609"],"lines":"209, 229, 239, 249, 259, 269, 279, 609"},"geometry":{"type":"LineString","coordinates":[[19.903562,50.04909],[19.903612,50.048814]]}},{"type":"Feature","properties":{"mode":"bus","n":8,"arr":["209","219","229","239","249","259","269","279"],"lines":"209, 219, 229, 239, 249, 259, 269, 279"},"geometry":{"type":"LineString","coordinates":[[19.869137,50.045901],[19.869337,50.045933],[19.87219,50.046174]]}},{"type":"Feature","properties":{"mode":"bus","n":9,"arr":["209","219","229","239","249","259","269","279","609"],"lines":"209, 219, 229, 239, 249, 259, 269, 279, 609"},"geometry":{"type":"LineString","coordinates":[[19.859781,50.045157],[19.869137,50.045901],[19.870987,50.045979],[19.872215,50.046085]]}},{"type":"Feature","properties":{"mode":"bus","n":5,"arr":["214","215","225","254","915"],"lines":"214, 215, 225, 254, 915"},"geometry":{"type":"LineString","coordinates":[[19.945956,49.989998],[19.946066,49.99014],[19.946153,49.990448],[19.946122,49.990651],[19.946021,49.990908]]}},{"type":"Feature","properties":{"mode":"bus","n":8,"arr":["217","247","257","277","280","297","307","917"],"lines":"217, 247, 257, 277, 280, 297, 307, 917"},"geometry":{"type":"LineString","coordinates":[[19.967173,50.12001],[19.966911,50.11797],[19.966915,50.117822],[19.967287,50.116183],[19.967284,50.115596],[19.967174,50.11518],[19.967047,50.114897],[19.966412,50.113728],[19.966271,50.113257],[19.966161,50.112557]]}},{"type":"Feature","properties":{"mode":"bus","n":8,"arr":["217","247","257","277","280","297","307","917"],"lines":"217, 247, 257, 277, 280, 297, 307, 917"},"geometry":{"type":"LineString","coordinates":[[19.965771,50.110874],[19.965892,50.110953],[19.965932,50.111033],[19.965934,50.11134],[19.966021,50.112002],[19.966152,50.112521],[19.966155,50.112531],[19.966157,50.112537],[19.96616,50.112539],[19.966161,50.112537],[19.966163,50.112531],[19.966164,50.112521],[19.966176,50.112375],[19.966056,50.111104],[19.966102,50.110995],[19.966268,50.110811]]}},{"type":"Feature","properties":{"mode":"bus","n":8,"arr":["217","247","257","277","280","297","307","917"],"lines":"217, 247, 257, 277, 280, 297, 307, 917"},"geometry":{"type":"LineString","coordinates":[[19.965577,50.1088],[19.965461,50.108647],[19.965411,50.108453],[19.96538,50.107718]]}},{"type":"Feature","properties":{"mode":"bus","n":8,"arr":["217","247","257","277","280","297","307","917"],"lines":"217, 247, 257, 277, 280, 297, 307, 917"},"geometry":{"type":"LineString","coordinates":[[19.96483,50.106139],[19.96477,50.10574],[19.964816,50.105691],[19.964885,50.105672],[19.964982,50.105696],[19.965013,50.105733]]}},{"type":"Feature","properties":{"mode":"bus","n":6,"arr":["218","248","268","278","288","948"],"lines":"218, 248, 268, 278, 288, 948"},"geometry":{"type":"LineString","coordinates":[[19.801634,50.119985],[19.801543,50.119494]]}},{"type":"Feature","properties":{"mode":"bus","n":5,"arr":["219","229","239","269","279"],"lines":"219, 229, 239, 269, 279"},"geometry":{"type":"LineString","coordinates":[[19.793267,50.043706],[19.793605,50.043759],[19.79389,50.043743],[19.796122,50.043211],[19.796424,50.043087],[19.796675,50.042914],[19.796876,50.042727],[19.796893,50.042663],[19.797015,50.042507]]}},{"type":"Feature","properties":{"mode":"bus","n":5,"arr":["224","244","G3","J1","P2"],"lines":"224, 244, G3, J1, P2"},"geometry":{"type":"LineString","coordinates":[[20.0462,49.985298],[20.045976,49.985744]]}},{"type":"Feature","properties":{"mode":"bus","n":14,"arr":["224","244","274","304","B2","D2","G3","G4","J1","L1","P2","R2","W2","Z1"],"lines":"224, 244, 274, 304, B2, D2, G3, G4, J1, L1, P2, R2, W2, Z1"},"geometry":{"type":"LineString","coordinates":[[20.056584,49.984241],[20.056811,49.984228],[20.057106,49.98426]]}},{"type":"Feature","properties":{"mode":"bus","n":12,"arr":["224","244","274","284","304","B2","D2","G4","L1","R2","W2","Z1"],"lines":"224, 244, 274, 284, 304, B2, D2, G4, L1, R2, W2, Z1"},"geometry":{"type":"LineString","coordinates":[[20.057106,49.98426],[20.057732,49.984328],[20.058417,49.98428],[20.058557,49.984292],[20.058619,49.984322],[20.058666,49.984385],[20.058643,49.984694],[20.058699,49.984749]]}},{"type":"Feature","properties":{"mode":"bus","n":8,"arr":["224","244","274","284","304","L1","R2","Z1"],"lines":"224, 244, 274, 284, 304, L1, R2, Z1"},"geometry":{"type":"LineString","coordinates":[[20.058699,49.984749],[20.058886,49.984791],[20.059446,49.984734],[20.060448,49.984438],[20.060802,49.984398],[20.061124,49.984399]]}},{"type":"Feature","properties":{"mode":"bus","n":5,"arr":["224","284","B2","D2","W2"],"lines":"224, 284, B2, D2, W2"},"geometry":{"type":"LineString","coordinates":[[20.061717,49.986812],[20.061746,49.987153],[20.061906,49.987401],[20.061979,49.987631],[20.062282,49.988109]]}},{"type":"Feature","properties":{"mode":"bus","n":6,"arr":["227","267","337","513","669","937"],"lines":"227, 267, 337, 513, 669, 937"},"geometry":{"type":"LineString","coordinates":[[19.928982,50.094819],[19.929905,50.093599],[19.930696,50.092341],[19.931471,50.09143],[19.931782,50.090898],[19.932232,50.089727]]}},{"type":"Feature","properties":{"mode":"bus","n":6,"arr":["227","267","337","513","669","937"],"lines":"227, 267, 337, 513, 669, 937"},"geometry":{"type":"LineString","coordinates":[[19.932081,50.089637],[19.931885,50.090087],[19.931749,50.090306],[19.931003,50.091073],[19.930803,50.091352],[19.930676,50.091616],[19.930445,50.092391],[19.930337,50.092636],[19.929804,50.093466],[19.928806,50.094791]]}},{"type":"Feature","properties":{"mode":"bus","n":5,"arr":["235","245","255","275","285"],"lines":"235, 245, 255, 275, 285"},"geometry":{"type":"LineString","coordinates":[[19.910007,49.978941],[19.911415,49.98161],[19.912617,49.983998],[19.913001,49.984588],[19.913896,49.986157],[19.914546,49.98741]]}},{"type":"Feature","properties":{"mode":"bus","n":5,"arr":["235","245","255","275","285"],"lines":"235, 245, 255, 275, 285"},"geometry":{"type":"LineString","coordinates":[[19.914703,49.987353],[19.914279,49.986506],[19.913957,49.986028],[19.912424,49.983297],[19.91017,49.978905]]}},{"type":"Feature","properties":{"mode":"bus","n":7,"arr":["238","248","258","268","278","288","948"],"lines":"238, 248, 258, 268, 278, 288, 948"},"geometry":{"type":"LineString","coordinates":[[19.837424,50.107941],[19.837511,50.108017]]}},{"type":"Feature","properties":{"mode":"bus","n":7,"arr":["238","248","258","268","278","288","948"],"lines":"238, 248, 258, 268, 278, 288, 948"},"geometry":{"type":"LineString","coordinates":[[19.861752,50.102458],[19.864494,50.101602],[19.864859,50.101458],[19.865354,50.101202],[19.866386,50.100434],[19.867011,50.099846],[19.867432,50.099338],[19.868352,50.098049],[19.868573,50.097833],[19.868779,50.097682],[19.86918,50.09746],[19.871469,50.096366],[19.874545,50.094644],[19.876973,50.09301],[19.877771,50.092535],[19.878917,50.091934],[19.88115,50.090942]]}},{"type":"Feature","properties":{"mode":"bus","n":7,"arr":["238","248","258","268","278","288","948"],"lines":"238, 248, 258, 268, 278, 288, 948"},"geometry":{"type":"LineString","coordinates":[[19.881234,50.091047],[19.87899,50.092037],[19.877916,50.092576],[19.877085,50.093061],[19.874651,50.094705],[19.873739,50.095247],[19.872245,50.096083],[19.869097,50.097647],[19.868911,50.09776],[19.868576,50.098021],[19.868394,50.098232],[19.867342,50.09968],[19.866923,50.100167],[19.866023,50.100908],[19.865561,50.101231],[19.864999,50.101517]]}},{"type":"Feature","properties":{"mode":"bus","n":5,"arr":["239","249","259","279","310"],"lines":"239, 249, 259, 279, 310"},"geometry":{"type":"LineString","coordinates":[[19.916856,50.052887],[19.916875,50.05282],[19.916846,50.052791],[19.916841,50.052683]]}},{"type":"Feature","properties":{"mode":"bus","n":5,"arr":["239","249","259","279","609"],"lines":"239, 249, 259, 279, 609"},"geometry":{"type":"LineString","coordinates":[[19.916841,50.052683],[19.916338,50.052745]]}},{"type":"Feature","properties":{"mode":"bus","n":5,"arr":["244","274","304","G3","P2"],"lines":"244, 274, 304, G3, P2"},"geometry":{"type":"LineString","coordinates":[[20.053395,49.985395],[20.054024,49.985004],[20.054217,49.98491],[20.056207,49.98432]]}},{"type":"Feature","properties":{"mode":"bus","n":13,"arr":["244","274","304","B2","D2","G3","G4","J1","L1","P2","R2","W2","Z1"],"lines":"244, 274, 304, B2, D2, G3, G4, J1, L1, P2, R2, W2, Z1"},"geometry":{"type":"LineString","coordinates":[[20.056207,49.98432],[20.056584,49.984241]]}},{"type":"Feature","properties":{"mode":"bus","n":6,"arr":["244","274","304","L1","R2","Z1"],"lines":"244, 274, 304, L1, R2, Z1"},"geometry":{"type":"LineString","coordinates":[[20.061124,49.984399],[20.062562,49.984494],[20.062977,49.984483],[20.065881,49.983857],[20.066279,49.983683],[20.066891,49.983308],[20.06731,49.982693],[20.067393,49.982605],[20.06753,49.982519]]}},{"type":"Feature","properties":{"mode":"bus","n":5,"arr":["257","277","280","307","917"],"lines":"257, 277, 280, 307, 917"},"geometry":{"type":"LineString","coordinates":[[19.97062,50.141957],[19.967024,50.133074]]}},{"type":"Feature","properties":{"mode":"bus","n":5,"arr":["284","B2","D2","G4","W2"],"lines":"284, B2, D2, G4, W2"},"geometry":{"type":"LineString","coordinates":[[20.058699,49.984749],[20.058564,49.984865],[20.058547,49.985003],[20.058539,49.985023],[20.058519,49.985036],[20.058487,49.985041],[20.057997,49.985059],[20.057514,49.985122]]}},{"type":"Feature","properties":{"mode":"bus","n":7,"arr":["284","G3","J1","L1","P2","R2","Z1"],"lines":"284, G3, J1, L1, P2, R2, Z1"},"geometry":{"type":"LineString","coordinates":[[20.057106,49.98426],[20.057035,49.98437],[20.057012,49.984576],[20.056938,49.984713],[20.057004,49.985009]]}},{"type":"Feature","properties":{"mode":"bus","n":5,"arr":["301","304","503","513","904"],"lines":"301, 304, 503, 513, 904"},"geometry":{"type":"LineString","coordinates":[[19.951345,50.030167],[19.952621,50.029757],[19.953758,50.029482],[19.95521,50.029215],[19.956416,50.029047]]}},{"type":"Feature","properties":{"mode":"bus","n":5,"arr":["301","304","503","513","904"],"lines":"301, 304, 503, 513, 904"},"geometry":{"type":"LineString","coordinates":[[19.950617,50.030533],[19.951829,50.030093],[19.953238,50.029695],[19.954112,50.029503],[19.954931,50.029361],[19.956845,50.029101]]}},{"type":"Feature","properties":{"mode":"bus","n":6,"arr":["605","609","610","662","669","904"],"lines":"605, 609, 610, 662, 669, 904"},"geometry":{"type":"LineString","coordinates":[[19.94493,50.064572],[19.945068,50.063342],[19.944947,50.062658],[19.944844,50.062403],[19.944113,50.061167],[19.943908,50.06091],[19.943562,50.060617],[19.942131,50.059585]]}},{"type":"Feature","properties":{"mode":"bus","n":5,"arr":["605","610","662","669","904"],"lines":"605, 610, 662, 669, 904"},"geometry":{"type":"LineString","coordinates":[[19.945227,50.056593],[19.942672,50.05897],[19.942306,50.059343],[19.942155,50.059552],[19.942148,50.059564],[19.942148,50.059571],[19.942153,50.059575],[19.942165,50.059575],[19.942182,50.059571],[19.942322,50.059532],[19.943067,50.059145],[19.943269,50.059088],[19.944856,50.058481],[19.945732,50.058429],[19.946488,50.058351],[19.946751,50.05829]]}},{"type":"Feature","properties":{"mode":"bus","n":5,"arr":["605","610","662","669","904"],"lines":"605, 610, 662, 669, 904"},"geometry":{"type":"LineString","coordinates":[[19.945681,50.056402],[19.946866,50.057886],[19.946907,50.058032],[19.946872,50.05818]]}},{"type":"Feature","properties":{"mode":"bus","n":6,"arr":["608","609","610","669","902","904"],"lines":"608, 609, 610, 669, 902, 904"},"geometry":{"type":"LineString","coordinates":[[19.945129,50.067319],[19.945085,50.067257],[19.945098,50.066961],[19.945056,50.066347],[19.945101,50.066214],[19.945094,50.06608],[19.945055,50.066002],[19.944946,50.064625]]}},{"type":"Feature","properties":{"mode":"bus","n":10,"arr":["B2","D2","G3","G4","J1","L1","P2","R2","W2","Z1"],"lines":"B2, D2, G3, G4, J1, L1, P2, R2, W2, Z1"},"geometry":{"type":"LineString","coordinates":[[20.056207,49.98432],[20.056474,49.984795],[20.056589,49.98512],[20.056695,49.985304]]}},{"type":"Feature","properties":{"mode":"bus","n":6,"arr":["G3","J1","L1","P2","R2","Z1"],"lines":"G3, J1, L1, P2, R2, Z1"},"geometry":{"type":"LineString","coordinates":[[20.057004,49.985009],[20.057055,49.985194],[20.057055,49.985199],[20.057052,49.985204],[20.057045,49.985207],[20.05702,49.985214]]}},{"type":"Feature","properties":{"mode":"tram","n":9,"arr":["1","3","10","17","22","24","52","62","69"],"lines":"1, 3, 10, 17, 22, 24, 52, 62, 69"},"geometry":{"type":"LineString","coordinates":[[19.945229,50.056806],[19.945359,50.056647],[19.945395,50.056545]]}},{"type":"Feature","properties":{"mode":"tram","n":8,"arr":["1","3","17","22","24","52","62","69"],"lines":"1, 3, 17, 22, 24, 52, 62, 69"},"geometry":{"type":"LineString","coordinates":[[19.945203,50.05683],[19.945229,50.056806]]}},{"type":"Feature","properties":{"mode":"tram","n":6,"arr":["1","3","24","52","62","69"],"lines":"1, 3, 24, 52, 62, 69"},"geometry":{"type":"LineString","coordinates":[[19.942348,50.059418],[19.942807,50.058934],[19.944546,50.057309],[19.944761,50.057122],[19.945203,50.05683]]}},{"type":"Feature","properties":{"mode":"tram","n":8,"arr":["1","9","10","17","20","22","49","50"],"lines":"1, 9, 10, 17, 20, 22, 49, 50"},"geometry":{"type":"LineString","coordinates":[[19.958961,50.057618],[19.958956,50.05757]]}},{"type":"Feature","properties":{"mode":"tram","n":6,"arr":["1","9","20","22","49","50"],"lines":"1, 9, 20, 22, 49, 50"},"geometry":{"type":"LineString","coordinates":[[19.958956,50.05757],[19.958932,50.057354]]}},{"type":"Feature","properties":{"mode":"tram","n":7,"arr":["9","10","17","20","22","49","50"],"lines":"9, 10, 17, 20, 22, 49, 50"},"geometry":{"type":"LineString","coordinates":[[19.959089,50.058136],[19.958961,50.057618]]}},{"type":"Feature","properties":{"mode":"tram","n":6,"arr":["1","3","14","22","50","69"],"lines":"1, 3, 14, 22, 50, 69"},"geometry":{"type":"LineString","coordinates":[[20.017482,50.073427],[20.017505,50.073472]]}},{"type":"Feature","properties":{"mode":"tram","n":6,"arr":["1","5","9","14","52","64"],"lines":"1, 5, 9, 14, 52, 64"},"geometry":{"type":"LineString","coordinates":[[20.017795,50.07397],[20.018269,50.074415],[20.01848,50.074564],[20.026109,50.078678],[20.026378,50.078876],[20.026776,50.079277],[20.026983,50.079404]]}},{"type":"Feature","properties":{"mode":"tram","n":6,"arr":["1","3","5","22","50","69"],"lines":"1, 3, 5, 22, 50, 69"},"geometry":{"type":"LineString","coordinates":[[20.027043,50.079479],[20.026951,50.07943]]}},{"type":"Feature","properties":{"mode":"tram","n":9,"arr":["1","3","5","9","22","50","52","64","69"],"lines":"1, 3, 5, 9, 22, 50, 52, 64, 69"},"geometry":{"type":"LineString","coordinates":[[20.026951,50.07943],[20.026727,50.079292],[20.026339,50.078897],[20.02602,50.078672],[20.018375,50.074552]]}},{"type":"Feature","properties":{"mode":"tram","n":5,"arr":["1","3","22","50","69"],"lines":"1, 3, 22, 50, 69"},"geometry":{"type":"LineString","coordinates":[[20.018375,50.074552],[20.017726,50.073965],[20.017446,50.07347]]}},{"type":"Feature","properties":{"mode":"tram","n":5,"arr":["1","9","20","22","49"],"lines":"1, 9, 20, 22, 49"},"geometry":{"type":"LineString","coordinates":[[19.959004,50.057513],[19.959012,50.057582]]}},{"type":"Feature","properties":{"mode":"tram","n":6,"arr":["3","5","18","50","69","75"],"lines":"3, 5, 18, 50, 69, 75"},"geometry":{"type":"LineString","coordinates":[[19.932558,50.0896],[19.932622,50.089422],[19.932883,50.088201],[19.933058,50.086225],[19.933128,50.085893],[19.933738,50.084253],[19.93394,50.083925],[19.934533,50.083119],[19.934845,50.082517],[19.935336,50.08187],[19.935567,50.081692],[19.937345,50.080841],[19.938814,50.08035],[19.939074,50.080189],[19.939212,50.080022],[19.939271,50.079758],[19.939182,50.079523],[19.937973,50.078379],[19.937839,50.078158],[19.937803,50.077928],[19.937872,50.077661],[19.938016,50.077459],[19.939313,50.076322]]}},{"type":"Feature","properties":{"mode":"tram","n":7,"arr":["3","5","50","52","64","69","75"],"lines":"3, 5, 50, 52, 64, 69, 75"},"geometry":{"type":"LineString","coordinates":[[19.959428,50.065648],[19.959246,50.065602]]}},{"type":"Feature","properties":{"mode":"tram","n":10,"arr":["3","5","9","10","49","50","52","64","69","75"],"lines":"3, 5, 9, 10, 49, 50, 52, 64, 69, 75"},"geometry":{"type":"LineString","coordinates":[[19.984142,50.072019],[19.980048,50.068888],[19.97939,50.068425],[19.978674,50.068085],[19.975335,50.066888],[19.97504,50.0668],[19.974478,50.06669],[19.9736,50.066624],[19.970032,50.066503],[19.968466,50.0665],[19.965482,50.066558],[19.964975,50.066548],[19.964504,50.066505],[19.960752,50.065979],[19.959428,50.065648]]}},{"type":"Feature","properties":{"mode":"tram","n":10,"arr":["3","5","9","10","49","50","52","64","69","75"],"lines":"3, 5, 9, 10, 49, 50, 52, 64, 69, 75"},"geometry":{"type":"LineString","coordinates":[[19.984762,50.072488],[19.985231,50.0728],[19.98572,50.073028],[19.986348,50.073217],[19.986971,50.073316],[20.002089,50.074141],[20.006756,50.074366],[20.007551,50.074349],[20.015519,50.073599]]}},{"type":"Feature","properties":{"mode":"tram","n":9,"arr":["3","5","9","10","50","52","64","69","75"],"lines":"3, 5, 9, 10, 50, 52, 64, 69, 75"},"geometry":{"type":"LineString","coordinates":[[19.984142,50.072019],[19.984762,50.072488]]}},{"type":"Feature","properties":{"mode":"tram","n":6,"arr":["3","10","49","50","69","75"],"lines":"3, 10, 49, 50, 69, 75"},"geometry":{"type":"LineString","coordinates":[[20.015519,50.073599],[20.016018,50.07351],[20.016783,50.073425],[20.017482,50.073427]]}},{"type":"Feature","properties":{"mode":"tram","n":7,"arr":["3","10","22","49","50","69","75"],"lines":"3, 10, 22, 49, 50, 69, 75"},"geometry":{"type":"LineString","coordinates":[[20.017977,50.073391],[20.017482,50.073427]]}},{"type":"Feature","properties":{"mode":"tram","n":7,"arr":["3","10","22","49","50","69","75"],"lines":"3, 10, 22, 49, 50, 69, 75"},"geometry":{"type":"LineString","coordinates":[[20.03603,50.07168],[20.035497,50.071711]]}},{"type":"Feature","properties":{"mode":"tram","n":7,"arr":["3","10","22","49","50","69","75"],"lines":"3, 10, 22, 49, 50, 69, 75"},"geometry":{"type":"LineString","coordinates":[[20.017505,50.073472],[20.017446,50.07347]]}},{"type":"Feature","properties":{"mode":"tram","n":7,"arr":["3","10","22","50","62","69","75"],"lines":"3, 10, 22, 50, 62, 69, 75"},"geometry":{"type":"LineString","coordinates":[[20.017977,50.073391],[20.018298,50.073393],[20.019498,50.07327]]}},{"type":"Feature","properties":{"mode":"tram","n":8,"arr":["3","10","22","49","50","62","69","75"],"lines":"3, 10, 22, 49, 50, 62, 69, 75"},"geometry":{"type":"LineString","coordinates":[[20.035497,50.071711],[20.0341,50.071813],[20.025296,50.072677],[20.019498,50.07327]]}},{"type":"Feature","properties":{"mode":"tram","n":6,"arr":["3","10","22","50","69","75"],"lines":"3, 10, 22, 50, 69, 75"},"geometry":{"type":"LineString","coordinates":[[20.036864,50.071624],[20.03603,50.07168]]}},{"type":"Feature","properties":{"mode":"tram","n":5,"arr":["3","22","49","50","69"],"lines":"3, 22, 49, 50, 69"},"geometry":{"type":"LineString","coordinates":[[20.037858,50.071775],[20.037755,50.071645],[20.037572,50.071554],[20.03739,50.071527],[20.037073,50.071559]]}},{"type":"Feature","properties":{"mode":"tram","n":5,"arr":["3","22","49","50","69"],"lines":"3, 22, 49, 50, 69"},"geometry":{"type":"LineString","coordinates":[[20.037093,50.072526],[20.036908,50.072465],[20.036787,50.072368],[20.036744,50.072288],[20.036679,50.071962],[20.03656,50.071824],[20.036319,50.07171],[20.03603,50.07168]]}},{"type":"Feature","properties":{"mode":"tram","n":6,"arr":["3","21","22","49","50","69"],"lines":"3, 21, 22, 49, 50, 69"},"geometry":{"type":"LineString","coordinates":[[20.037093,50.072526],[20.037252,50.072536],[20.037721,50.072474],[20.037851,50.072432],[20.037974,50.072353],[20.038048,50.072242],[20.038055,50.072136],[20.037858,50.071775]]}},{"type":"Feature","properties":{"mode":"tram","n":5,"arr":["3","21","22","50","69"],"lines":"3, 21, 22, 50, 69"},"geometry":{"type":"LineString","coordinates":[[20.037876,50.07242],[20.038099,50.072404],[20.03833,50.072431],[20.062805,50.07892],[20.063255,50.079015],[20.063734,50.079078],[20.065349,50.079145]]}},{"type":"Feature","properties":{"mode":"tram","n":5,"arr":["3","5","18","69","75"],"lines":"3, 5, 18, 69, 75"},"geometry":{"type":"LineString","coordinates":[[19.940822,50.075854],[19.93999,50.07606]]}},{"type":"Feature","properties":{"mode":"tram","n":8,"arr":["3","18","22","24","52","62","69","76"],"lines":"3, 18, 22, 24, 52, 62, 69, 76"},"geometry":{"type":"LineString","coordinates":[[19.942318,50.059702],[19.943654,50.060664],[19.943923,50.060896],[19.944175,50.061224],[19.944794,50.062283],[19.944968,50.062663],[19.945089,50.063341],[19.944987,50.064275]]}},{"type":"Feature","properties":{"mode":"tram","n":5,"arr":["3","24","52","62","69"],"lines":"3, 24, 52, 62, 69"},"geometry":{"type":"LineString","coordinates":[[19.942348,50.059418],[19.942246,50.059559],[19.942253,50.059621],[19.942318,50.059702]]}},{"type":"Feature","properties":{"mode":"tram","n":5,"arr":["3","13","24","69","76"],"lines":"3, 13, 24, 69, 76"},"geometry":{"type":"LineString","coordinates":[[19.955575,50.045129],[19.959249,50.043612],[19.959835,50.043326],[19.961688,50.041587],[19.963292,50.040016],[19.964194,50.039386],[19.967859,50.03574],[19.969527,50.034132],[19.969906,50.033853],[19.970098,50.033679],[19.970572,50.033214],[19.970762,50.032977],[19.972258,50.031495]]}},{"type":"Feature","properties":{"mode":"tram","n":8,"arr":["3","9","11","13","24","49","50","69"],"lines":"3, 9, 11, 13, 24, 49, 50, 69"},"geometry":{"type":"LineString","coordinates":[[19.972826,50.030924],[19.972946,50.030739],[19.979245,50.024597],[19.979459,50.024431],[19.979799,50.024226]]}},{"type":"Feature","properties":{"mode":"tram","n":5,"arr":["3","9","13","49","69"],"lines":"3, 9, 13, 49, 69"},"geometry":{"type":"LineString","coordinates":[[19.979799,50.024226],[19.980661,50.023718],[19.98168,50.02306],[19.98625,50.020386],[19.986947,50.020017],[19.988616,50.019022],[19.989234,50.018625],[19.992939,50.016441],[19.993574,50.016169],[19.997865,50.01466],[19.999332,50.014352],[19.999534,50.014324],[19.999698,50.014328],[19.999938,50.014398],[20.00304,50.016128],[20.003747,50.016495],[20.00426,50.016666],[20.004742,50.016763],[20.005106,50.016804],[20.005681,50.016804],[20.006165,50.016753],[20.009692,50.016183],[20.010226,50.016122],[20.010925,50.016086],[20.011754,50.016099],[20.012456,50.016162],[20.015314,50.016611],[20.015784,50.016642],[20.016138,50.016633],[20.016636,50.016567],[20.023262,50.015288],[20.023657,50.015304],[20.02407,50.015424],[20.02416,50.015469],[20.024243,50.01556],[20.024249,50.015676],[20.02415,50.015786],[20.024001,50.01584],[20.023797,50.015835],[20.023106,50.015608]]}},{"type":"Feature","properties":{"mode":"tram","n":7,"arr":["5","9","10","49","52","64","75"],"lines":"5, 9, 10, 49, 52, 64, 75"},"geometry":{"type":"LineString","coordinates":[[20.016632,50.073513],[20.015104,50.073679],[20.007558,50.074384],[20.006966,50.074406],[20.002093,50.074177],[19.986817,50.073335],[19.986333,50.073251],[19.985841,50.073112],[19.985385,50.072925],[19.984986,50.0727],[19.979674,50.06866],[19.979181,50.068356],[19.978479,50.068054],[19.975092,50.066851],[19.974429,50.066719],[19.973611,50.06666],[19.970013,50.066537],[19.968786,50.066532],[19.965487,50.066592],[19.96497,50.066583],[19.964493,50.066539],[19.960761,50.066019],[19.960238,50.0659]]}},{"type":"Feature","properties":{"mode":"tram","n":5,"arr":["9","11","13","24","49"],"lines":"9, 11, 13, 24, 49"},"geometry":{"type":"LineString","coordinates":[[19.979863,50.024237],[19.979517,50.024443],[19.979245,50.02466],[19.972998,50.030752]]}},{"type":"Feature","properties":{"mode":"tram","n":5,"arr":["9","10","17","20","49"],"lines":"9, 10, 17, 20, 49"},"geometry":{"type":"LineString","coordinates":[[19.959107,50.057992],[19.959142,50.058126]]}},{"type":"Feature","properties":{"mode":"tram","n":6,"arr":["9","10","17","20","49","62"],"lines":"9, 10, 17, 20, 49, 62"},"geometry":{"type":"LineString","coordinates":[[19.959142,50.058126],[19.959444,50.059205],[19.960203,50.061389],[19.960273,50.061792],[19.960262,50.062117],[19.960215,50.062355],[19.959574,50.064498]]}},{"type":"Feature","properties":{"mode":"tram","n":5,"arr":["9","14","21","52","64"],"lines":"9, 14, 21, 52, 64"},"geometry":{"type":"LineString","coordinates":[[20.027149,50.079769],[20.026984,50.079932],[20.021832,50.083867],[20.021438,50.084117],[20.020917,50.08438],[20.020423,50.084581],[20.01959,50.084871],[20.019481,50.084947],[20.01941,50.08504],[20.019384,50.085143],[20.019403,50.08525],[20.021421,50.09008]]}},{"type":"Feature","properties":{"mode":"tram","n":5,"arr":["9","10","17","49","50"],"lines":"9, 10, 17, 49, 50"},"geometry":{"type":"LineString","coordinates":[[19.958992,50.065414],[19.959083,50.065254]]}},{"type":"Feature","properties":{"mode":"tram","n":9,"arr":["9","10","14","17","20","22","49","50","62"],"lines":"9, 10, 14, 17, 20, 22, 49, 50, 62"},"geometry":{"type":"LineString","coordinates":[[19.959083,50.065254],[19.959481,50.064567],[19.959565,50.064362],[19.960161,50.062346],[19.960221,50.0619],[19.960159,50.061436],[19.959387,50.059201],[19.959089,50.058136]]}},{"type":"Feature","properties":{"mode":"tram","n":5,"arr":["9","11","49","50","76"],"lines":"9, 11, 49, 50, 76"},"geometry":{"type":"LineString","coordinates":[[19.983023,50.040132],[19.98288,50.039258],[19.982913,50.037465],[19.982827,50.037173],[19.982701,50.036962],[19.982523,50.036776],[19.982099,50.036491],[19.979263,50.034897],[19.975859,50.032767],[19.975423,50.032531],[19.973304,50.031501]]}},{"type":"Feature","properties":{"mode":"tram","n":5,"arr":["11","17","18","52","62"],"lines":"11, 17, 18, 52, 62"},"geometry":{"type":"LineString","coordinates":[[19.889094,50.017992],[19.888739,50.018196],[19.888659,50.01829],[19.88865,50.018369],[19.888695,50.018461],[19.888817,50.01854],[19.888927,50.018568],[19.889085,50.018565],[19.889209,50.018526],[19.88986,50.018155],[19.890054,50.018071],[19.890327,50.018007],[19.890605,50.01799],[19.894845,50.018488],[19.895198,50.018574],[19.895419,50.018671],[19.895706,50.018874],[19.900524,50.022896],[19.901053,50.023457],[19.902293,50.025188],[19.902564,50.025495],[19.902833,50.025736],[19.90342,50.026138],[19.903796,50.026334],[19.906561,50.027521],[19.915586,50.031174],[19.916608,50.031547],[19.917983,50.032021],[19.918525,50.032109],[19.919039,50.03211],[19.919405,50.032057],[19.920564,50.031788],[19.923581,50.031009],[19.924149,50.030895],[19.925298,50.030721]]}},{"type":"Feature","properties":{"mode":"tram","n":5,"arr":["11","17","18","52","62"],"lines":"11, 17, 18, 52, 62"},"geometry":{"type":"LineString","coordinates":[[19.889105,50.017986],[19.889375,50.017844],[19.889614,50.017827],[19.894853,50.018454],[19.895112,50.018507],[19.895349,50.018592],[19.89555,50.018699],[19.895757,50.01886],[19.900572,50.022879],[19.901103,50.023444],[19.902322,50.025155],[19.902606,50.025475],[19.902868,50.025713],[19.903237,50.025983],[19.903828,50.026306],[19.906586,50.02749],[19.915613,50.031143],[19.917756,50.031911],[19.918215,50.032035],[19.918531,50.032076],[19.918903,50.03208],[19.919185,50.032057],[19.92058,50.031747],[19.923565,50.030975],[19.92424,50.030842],[19.925195,50.030697],[19.925559,50.030665],[19.925713,50.030678]]}},{"type":"Feature","properties":{"mode":"tram","n":7,"arr":["14","18","20","24","64","69","75"],"lines":"14, 18, 20, 24, 64, 69, 75"},"geometry":{"type":"LineString","coordinates":[[19.939053,50.06642],[19.939136,50.066332],[19.939268,50.066274],[19.939928,50.066249],[19.940413,50.066151],[19.944579,50.06473]]}},{"type":"Feature","properties":{"mode":"tram","n":6,"arr":["14","20","24","64","69","75"],"lines":"14, 20, 24, 64, 69, 75"},"geometry":{"type":"LineString","coordinates":[[19.944672,50.064699],[19.944579,50.06473]]}},{"type":"Feature","properties":{"mode":"tram","n":5,"arr":["14","20","64","69","75"],"lines":"14, 20, 64, 69, 75"},"geometry":{"type":"LineString","coordinates":[[19.944672,50.064699],[19.945021,50.064591],[19.945386,50.064568]]}},{"type":"Feature","properties":{"mode":"tram","n":9,"arr":["14","20","22","52","62","64","69","75","76"],"lines":"14, 20, 22, 52, 62, 64, 69, 75, 76"},"geometry":{"type":"LineString","coordinates":[[19.945386,50.064568],[19.951362,50.065071]]}},{"type":"Feature","properties":{"mode":"tram","n":8,"arr":["14","20","22","52","62","64","69","75"],"lines":"14, 20, 22, 52, 62, 64, 69, 75"},"geometry":{"type":"LineString","coordinates":[[19.951362,50.065071],[19.956933,50.065552],[19.957429,50.065539],[19.95811,50.065467],[19.958594,50.065473]]}},{"type":"Feature","properties":{"mode":"tram","n":5,"arr":["18","24","52","62","76"],"lines":"18, 24, 52, 62, 76"},"geometry":{"type":"LineString","coordinates":[[19.944936,50.064318],[19.945048,50.063343],[19.944926,50.062654],[19.944824,50.062404],[19.944129,50.061214],[19.943894,50.060919],[19.943632,50.060686],[19.942288,50.059718]]}},{"type":"Feature","properties":{"mode":"tram","n":5,"arr":["20","52","62","64","75"],"lines":"20, 52, 62, 64, 75"},"geometry":{"type":"LineString","coordinates":[[19.958659,50.065533],[19.95807,50.06551],[19.95734,50.06558],[19.956878,50.065586],[19.951343,50.065104]]}},{"type":"Feature","properties":{"mode":"tram","n":6,"arr":["20","52","62","64","75","76"],"lines":"20, 52, 62, 64, 75, 76"},"geometry":{"type":"LineString","coordinates":[[19.951343,50.065104],[19.945374,50.064596]]}}]}