{"type":"FeatureCollection","features":[{"type":"Feature","geometry":{"type":"Point","coordinates":[19.931215,50.088526]},"properties":{"name":"Krowodrza Górka P+R","lines":"102, 137, 150, 168, 194, 207, 220, 227, 240, 267, 290, 937","arr":["102","137","150","168","194","207","220","227","240","267","290","937"],"terminus":1,"mode":"bus","color":"#0059a9","colorDark":"#00294f","angle":12.5,"snapDist":5,"label":1}},{"type":"Feature","geometry":{"type":"Point","coordinates":[19.930675,50.084461]},"properties":{"name":"Krowodrza Urzędy Skarbowe","lines":"102","arr":["102"],"terminus":0,"mode":"bus","color":"#0059a9","colorDark":"#00294f","angle":268.7,"snapDist":7,"label":1}},{"type":"Feature","geometry":{"type":"Point","coordinates":[19.927689,50.083967]},"properties":{"name":"Wybickiego","lines":"102, 120, 140, 420","arr":["102","120","140","420"],"terminus":0,"mode":"bus","color":"#0059a9","colorDark":"#00294f","angle":0.5,"snapDist":5,"label":1}},{"type":"Feature","geometry":{"type":"Point","coordinates":[19.916136,50.081564]},"properties":{"name":"Łobzów SKA","lines":"102, 130, 144, 194, 494, 904","arr":["102","130","144","194","494","904"],"terminus":0,"mode":"bus","color":"#0059a9","colorDark":"#00294f","angle":193.1,"snapDist":5,"label":1}},{"type":"Feature","geometry":{"type":"Point","coordinates":[19.917799,50.077818]},"properties":{"name":"Mazowiecka","lines":"102, 144, 194, 494","arr":["102","144","194","494"],"terminus":0,"mode":"bus","color":"#0059a9","colorDark":"#00294f","angle":281.9,"snapDist":6,"label":1}},{"type":"Feature","geometry":{"type":"Point","coordinates":[19.914868,50.073161]},"properties":{"name":"Biprostal","lines":"102","arr":["102"],"terminus":0,"mode":"bus","color":"#0059a9","colorDark":"#00294f","angle":22.3,"snapDist":6,"label":1}},{"type":"Feature","geometry":{"type":"Point","coordinates":[19.911499,50.073943]},"properties":{"name":"UKEN","lines":"102","arr":["102"],"terminus":0,"mode":"bus","color":"#0059a9","colorDark":"#00294f","angle":19.4,"snapDist":7,"label":1}},{"type":"Feature","geometry":{"type":"Point","coordinates":[19.906858,50.075301]},"properties":{"name":"Głowackiego","lines":"102, 664, 704, 708","arr":["102","664","704","708"],"terminus":0,"mode":"bus","color":"#0059a9","colorDark":"#00294f","angle":49.8,"snapDist":7,"label":1}},{"type":"Feature","geometry":{"type":"Point","coordinates":[19.903754,50.06969]},"properties":{"name":"Miasteczko Studenckie AGH","lines":"102","arr":["102"],"terminus":0,"mode":"bus","color":"#0059a9","colorDark":"#00294f","angle":285.4,"snapDist":4,"label":1}},{"type":"Feature","geometry":{"type":"Point","coordinates":[19.902749,50.063477]},"properties":{"name":"Cichy Kącik","lines":"102, 402","arr":["102","402"],"terminus":0,"mode":"bus","color":"#0059a9","colorDark":"#00294f","angle":273.8,"snapDist":5,"label":1}},{"type":"Feature","geometry":{"type":"Point","coordinates":[19.897494,50.058591]},"properties":{"name":"Piastowska","lines":"102, 134, 192, 902","arr":["102","134","192","902"],"terminus":0,"mode":"bus","color":"#0059a9","colorDark":"#00294f","angle":18.5,"snapDist":8,"label":1}},{"type":"Feature","geometry":{"type":"Point","coordinates":[19.893088,50.060582]},"properties":{"name":"Tondosa","lines":"102, 134, 192, 902","arr":["102","134","192","902"],"terminus":0,"mode":"bus","color":"#0059a9","colorDark":"#00294f","angle":20.5,"snapDist":5,"label":1}},{"type":"Feature","geometry":{"type":"Point","coordinates":[19.888081,50.062222]},"properties":{"name":"Lajkonika","lines":"102, 134, 192, 902","arr":["102","134","192","902"],"terminus":0,"mode":"bus","color":"#0059a9","colorDark":"#00294f","angle":23.2,"snapDist":7,"label":1}},{"type":"Feature","geometry":{"type":"Point","coordinates":[19.883715,50.063752]},"properties":{"name":"Strzelnica","lines":"102, 134, 192, 902","arr":["102","134","192","902"],"terminus":0,"mode":"bus","color":"#0059a9","colorDark":"#00294f","angle":30.1,"snapDist":4,"label":1}},{"type":"Feature","geometry":{"type":"Point","coordinates":[19.878213,50.065131]},"properties":{"name":"Sielanka","lines":"102, 134, 192, 902","arr":["102","134","192","902"],"terminus":0,"mode":"bus","color":"#0059a9","colorDark":"#00294f","angle":16.3,"snapDist":7,"label":1}},{"type":"Feature","geometry":{"type":"Point","coordinates":[19.869855,50.066916]},"properties":{"name":"Park Decjusza","lines":"102, 126, 192, 902","arr":["102","126","192","902"],"terminus":0,"mode":"bus","color":"#0059a9","colorDark":"#00294f","angle":28,"snapDist":7,"label":1}},{"type":"Feature","geometry":{"type":"Point","coordinates":[19.865511,50.065171]},"properties":{"name":"Kasztanowa","lines":"102, 126, 192","arr":["102","126","192"],"terminus":0,"mode":"bus","color":"#0059a9","colorDark":"#00294f","angle":14.3,"snapDist":6,"label":1}},{"type":"Feature","geometry":{"type":"Point","coordinates":[19.862004,50.065748]},"properties":{"name":"Kopalina","lines":"102, 126, 192","arr":["102","126","192"],"terminus":0,"mode":"bus","color":"#0059a9","colorDark":"#00294f","angle":13.9,"snapDist":5,"label":1}},{"type":"Feature","geometry":{"type":"Point","coordinates":[19.856185,50.066701]},"properties":{"name":"Zielony Dół","lines":"102, 126, 192","arr":["102","126","192"],"terminus":0,"mode":"bus","color":"#0059a9","colorDark":"#00294f","angle":14,"snapDist":4,"label":1}},{"type":"Feature","geometry":{"type":"Point","coordinates":[19.846657,50.067521]},"properties":{"name":"Chełm","lines":"102","arr":["102"],"terminus":0,"mode":"bus","color":"#0059a9","colorDark":"#00294f","angle":309.6,"snapDist":3,"label":0}},{"type":"Feature","geometry":{"type":"Point","coordinates":[19.841155,50.063889]},"properties":{"name":"Chełmska","lines":"102","arr":["102"],"terminus":0,"mode":"bus","color":"#0059a9","colorDark":"#00294f","angle":301.1,"snapDist":5,"label":1}},{"type":"Feature","geometry":{"type":"Point","coordinates":[19.83553,50.06237]},"properties":{"name":"Rzepichy","lines":"102","arr":["102"],"terminus":0,"mode":"bus","color":"#0059a9","colorDark":"#00294f","angle":17.4,"snapDist":2,"label":1}},{"type":"Feature","geometry":{"type":"Point","coordinates":[19.831012,50.061195]},"properties":{"name":"Kosmowskiej","lines":"102","arr":["102"],"terminus":0,"mode":"bus","color":"#0059a9","colorDark":"#00294f","angle":320,"snapDist":4,"label":1}},{"type":"Feature","geometry":{"type":"Point","coordinates":[19.828946,50.058428]},"properties":{"name":"Zakamycze","lines":"102","arr":["102"],"terminus":0,"mode":"bus","color":"#0059a9","colorDark":"#00294f","angle":288.1,"snapDist":4,"label":1}},{"type":"Feature","geometry":{"type":"Point","coordinates":[19.827097,50.053748]},"properties":{"name":"Obserwatorium","lines":"102","arr":["102"],"terminus":0,"mode":"bus","color":"#0059a9","colorDark":"#00294f","angle":291.5,"snapDist":4,"label":1}},{"type":"Feature","geometry":{"type":"Point","coordinates":[19.826452,50.047322]},"properties":{"name":"Cmentarz Bielany","lines":"102","arr":["102"],"terminus":0,"mode":"bus","color":"#0059a9","colorDark":"#00294f","angle":263,"snapDist":2,"label":1}},{"type":"Feature","geometry":{"type":"Point","coordinates":[19.825718,50.044132]},"properties":{"name":"Bielany Szkoła","lines":"102, 146, 209, 219, 229, 239, 269, 279, 609","arr":["102","146","209","219","229","239","269","279","609"],"terminus":0,"mode":"bus","color":"#0059a9","colorDark":"#00294f","angle":350.1,"snapDist":3,"label":1}},{"type":"Feature","geometry":{"type":"Point","coordinates":[19.819858,50.043295]},"properties":{"name":"Bielany","lines":"102, 609","arr":["102","609"],"terminus":1,"mode":"bus","color":"#0059a9","colorDark":"#00294f","angle":345.2,"snapDist":4,"label":1}},{"type":"Feature","geometry":{"type":"Point","coordinates":[19.827386,50.044525]},"properties":{"name":"Bielany Szkoła","lines":"102","arr":["102"],"terminus":0,"mode":"bus","color":"#0059a9","colorDark":"#00294f","angle":99.3,"snapDist":3,"label":0}},{"type":"Feature","geometry":{"type":"Point","coordinates":[19.826214,50.048659]},"properties":{"name":"Cmentarz Bielany","lines":"102","arr":["102"],"terminus":0,"mode":"bus","color":"#0059a9","colorDark":"#00294f","angle":85,"snapDist":2,"label":0}},{"type":"Feature","geometry":{"type":"Point","coordinates":[19.827019,50.053617]},"properties":{"name":"Obserwatorium","lines":"102","arr":["102"],"terminus":0,"mode":"bus","color":"#0059a9","colorDark":"#00294f","angle":110.7,"snapDist":2,"label":0}},{"type":"Feature","geometry":{"type":"Point","coordinates":[19.829092,50.058347]},"properties":{"name":"Zakamycze","lines":"102","arr":["102"],"terminus":0,"mode":"bus","color":"#0059a9","colorDark":"#00294f","angle":75.5,"snapDist":1,"label":0}},{"type":"Feature","geometry":{"type":"Point","coordinates":[19.8317,50.061563]},"properties":{"name":"Kosmowskiej","lines":"102","arr":["102"],"terminus":0,"mode":"bus","color":"#0059a9","colorDark":"#00294f","angle":140,"snapDist":3,"label":0}},{"type":"Feature","geometry":{"type":"Point","coordinates":[19.835766,50.062323]},"properties":{"name":"Rzepichy","lines":"102","arr":["102"],"terminus":0,"mode":"bus","color":"#0059a9","colorDark":"#00294f","angle":197.4,"snapDist":4,"label":0}},{"type":"Feature","geometry":{"type":"Point","coordinates":[19.841005,50.06373]},"properties":{"name":"Chełmska","lines":"102","arr":["102"],"terminus":0,"mode":"bus","color":"#0059a9","colorDark":"#00294f","angle":121.1,"snapDist":2,"label":0}},{"type":"Feature","geometry":{"type":"Point","coordinates":[19.847207,50.067862]},"properties":{"name":"Chełm","lines":"102, 126, 192, 300, 902","arr":["102","126","192","300","902"],"terminus":1,"mode":"bus","color":"#0059a9","colorDark":"#00294f","angle":160.5,"snapDist":5,"label":1}},{"type":"Feature","geometry":{"type":"Point","coordinates":[19.855686,50.066777]},"properties":{"name":"Zielony Dół","lines":"102, 126, 192","arr":["102","126","192"],"terminus":0,"mode":"bus","color":"#0059a9","colorDark":"#00294f","angle":195.3,"snapDist":4,"label":0}},{"type":"Feature","geometry":{"type":"Point","coordinates":[19.860735,50.065958]},"properties":{"name":"Kopalina","lines":"102, 126, 192","arr":["102","126","192"],"terminus":0,"mode":"bus","color":"#0059a9","colorDark":"#00294f","angle":194.3,"snapDist":4,"label":0}},{"type":"Feature","geometry":{"type":"Point","coordinates":[19.866145,50.065067]},"properties":{"name":"Kasztanowa","lines":"102, 126, 192","arr":["102","126","192"],"terminus":0,"mode":"bus","color":"#0059a9","colorDark":"#00294f","angle":194.9,"snapDist":4,"label":0}},{"type":"Feature","geometry":{"type":"Point","coordinates":[19.869356,50.067101]},"properties":{"name":"Park Decjusza","lines":"102, 126, 192, 902","arr":["102","126","192","902"],"terminus":0,"mode":"bus","color":"#0059a9","colorDark":"#00294f","angle":210,"snapDist":7,"label":0}},{"type":"Feature","geometry":{"type":"Point","coordinates":[19.87667,50.065445]},"properties":{"name":"Sielanka","lines":"102, 134, 192, 902","arr":["102","134","192","902"],"terminus":0,"mode":"bus","color":"#0059a9","colorDark":"#00294f","angle":201.8,"snapDist":8,"label":0}},{"type":"Feature","geometry":{"type":"Point","coordinates":[19.882724,50.064118]},"properties":{"name":"Strzelnica","lines":"102, 134, 192, 902","arr":["102","134","192","902"],"terminus":0,"mode":"bus","color":"#0059a9","colorDark":"#00294f","angle":209.9,"snapDist":5,"label":0}},{"type":"Feature","geometry":{"type":"Point","coordinates":[19.88834,50.062152]},"properties":{"name":"Lajkonika","lines":"102, 134, 192, 902","arr":["102","134","192","902"],"terminus":0,"mode":"bus","color":"#0059a9","colorDark":"#00294f","angle":202.5,"snapDist":7,"label":0}},{"type":"Feature","geometry":{"type":"Point","coordinates":[19.891439,50.060783]},"properties":{"name":"Tondosa","lines":"102, 134, 192, 902","arr":["102","134","192","902"],"terminus":0,"mode":"bus","color":"#0059a9","colorDark":"#00294f","angle":196.3,"snapDist":7,"label":0}},{"type":"Feature","geometry":{"type":"Point","coordinates":[19.894541,50.05974]},"properties":{"name":"Owcy-Orwicza","lines":"102, 134, 192, 902","arr":["102","134","192","902"],"terminus":0,"mode":"bus","color":"#0059a9","colorDark":"#00294f","angle":232.7,"snapDist":5,"label":1}},{"type":"Feature","geometry":{"type":"Point","coordinates":[19.900229,50.057575]},"properties":{"name":"Piastowska","lines":"102, 134, 192, 902","arr":["102","134","192","902"],"terminus":0,"mode":"bus","color":"#0059a9","colorDark":"#00294f","angle":222.3,"snapDist":5,"label":1}},{"type":"Feature","geometry":{"type":"Point","coordinates":[19.921673,50.058828]},"properties":{"name":"Cracovia Błonia","lines":"102, 134, 192, 902","arr":["102","134","192","902"],"terminus":0,"mode":"bus","color":"#0059a9","colorDark":"#00294f","angle":167.5,"snapDist":6,"label":1}},{"type":"Feature","geometry":{"type":"Point","coordinates":[19.903675,50.063013]},"properties":{"name":"Cichy Kącik","lines":"102, 402","arr":["102","402"],"terminus":0,"mode":"bus","color":"#0059a9","colorDark":"#00294f","angle":19.8,"snapDist":3,"label":0}},{"type":"Feature","geometry":{"type":"Point","coordinates":[19.904206,50.07041]},"properties":{"name":"Miasteczko Studenckie AGH","lines":"102","arr":["102"],"terminus":0,"mode":"bus","color":"#0059a9","colorDark":"#00294f","angle":106,"snapDist":4,"label":0}},{"type":"Feature","geometry":{"type":"Point","coordinates":[19.909114,50.074442]},"properties":{"name":"UKEN","lines":"102","arr":["102"],"terminus":0,"mode":"bus","color":"#0059a9","colorDark":"#00294f","angle":196.4,"snapDist":6,"label":0}},{"type":"Feature","geometry":{"type":"Point","coordinates":[19.915906,50.07348]},"properties":{"name":"Biprostal","lines":"102, 144, 194, 494","arr":["102","144","194","494"],"terminus":0,"mode":"bus","color":"#0059a9","colorDark":"#00294f","angle":114.3,"snapDist":8,"label":0}},{"type":"Feature","geometry":{"type":"Point","coordinates":[19.91807,50.078638]},"properties":{"name":"Mazowiecka","lines":"102, 144, 194, 494","arr":["102","144","194","494"],"terminus":0,"mode":"bus","color":"#0059a9","colorDark":"#00294f","angle":105.7,"snapDist":7,"label":0}},{"type":"Feature","geometry":{"type":"Point","coordinates":[19.916315,50.081588]},"properties":{"name":"Łobzów SKA","lines":"102, 130, 144, 194, 494, 904","arr":["102","130","144","194","494","904"],"terminus":0,"mode":"bus","color":"#0059a9","colorDark":"#00294f","angle":15.2,"snapDist":7,"label":0}},{"type":"Feature","geometry":{"type":"Point","coordinates":[19.926369,50.083822]},"properties":{"name":"Wybickiego","lines":"102, 120, 140, 420","arr":["102","120","140","420"],"terminus":0,"mode":"bus","color":"#0059a9","colorDark":"#00294f","angle":178.6,"snapDist":4,"label":0}},{"type":"Feature","geometry":{"type":"Point","coordinates":[19.930659,50.084909]},"properties":{"name":"Krowodrza Urzędy Skarbowe","lines":"102","arr":["102"],"terminus":0,"mode":"bus","color":"#0059a9","colorDark":"#00294f","angle":88.7,"snapDist":7,"label":0}},{"type":"Feature","geometry":{"type":"Point","coordinates":[19.932477,50.088968]},"properties":{"name":"Krowodrza Górka P+R","lines":"102, 137, 150, 168, 194, 207, 220, 227, 240, 267, 290, 337, 513, 669, 937","arr":["102","137","150","168","194","207","220","227","240","267","290","337","513","669","937"],"terminus":0,"mode":"bus","color":"#0059a9","colorDark":"#00294f","angle":79.5,"snapDist":7,"label":0}},{"type":"Feature","geometry":{"type":"Point","coordinates":[19.92774,49.999784]},"properties":{"name":"Swoszowice SKA P+R","lines":"104, 155, 254","arr":["104","155","254"],"terminus":1,"mode":"bus","color":"#0059a9","colorDark":"#00294f","angle":320.2,"snapDist":7,"label":1}},{"type":"Feature","geometry":{"type":"Point","coordinates":[19.921478,49.998966]},"properties":{"name":"Kąpielowa","lines":"104, 214, 215, 225, 254, 265, 915","arr":["104","214","215","225","254","265","915"],"terminus":0,"mode":"bus","color":"#0059a9","colorDark":"#00294f","angle":37.2,"snapDist":6,"label":1}},{"type":"Feature","geometry":{"type":"Point","coordinates":[19.913477,49.999403]},"properties":{"name":"Zawiszy","lines":"104, 121, 191","arr":["104","121","191"],"terminus":0,"mode":"bus","color":"#0059a9","colorDark":"#00294f","angle":17.2,"snapDist":3,"label":1}},{"type":"Feature","geometry":{"type":"Point","coordinates":[19.906092,50.001018]},"properties":{"name":"Forteczna","lines":"104, 121, 191","arr":["104","121","191"],"terminus":0,"mode":"bus","color":"#0059a9","colorDark":"#00294f","angle":20.2,"snapDist":4,"label":1}},{"type":"Feature","geometry":{"type":"Point","coordinates":[19.900317,50.001219]},"properties":{"name":"Kliny Zacisze","lines":"104, 151, 191, 194, 494, 608","arr":["104","151","191","194","494","608"],"terminus":0,"mode":"bus","color":"#0059a9","colorDark":"#00294f","angle":304.9,"snapDist":4,"label":1}},{"type":"Feature","geometry":{"type":"Point","coordinates":[19.897177,49.998655]},"properties":{"name":"Kliny","lines":"104, 151, 191, 194, 494, 608","arr":["104","151","191","194","494","608"],"terminus":1,"mode":"bus","color":"#0059a9","colorDark":"#00294f","angle":136,"snapDist":5,"label":1}},{"type":"Feature","geometry":{"type":"Point","coordinates":[19.900857,50.001666]},"properties":{"name":"Kliny Zacisze","lines":"104, 151, 191, 194, 494, 608","arr":["104","151","191","194","494","608"],"terminus":0,"mode":"bus","color":"#0059a9","colorDark":"#00294f","angle":120.3,"snapDist":4,"label":0}},{"type":"Feature","geometry":{"type":"Point","coordinates":[19.905812,50.00488]},"properties":{"name":"Borkowska","lines":"104, 121, 151, 194, 494, 608","arr":["104","121","151","194","494","608"],"terminus":0,"mode":"bus","color":"#0059a9","colorDark":"#00294f","angle":89.3,"snapDist":3,"label":1}},{"type":"Feature","geometry":{"type":"Point","coordinates":[19.900923,50.006447]},"properties":{"name":"Zawiła","lines":"104, 194, 204, 293, 494, 608","arr":["104","194","204","293","494","608"],"terminus":0,"mode":"bus","color":"#0059a9","colorDark":"#00294f","angle":4.1,"snapDist":7,"label":1}},{"type":"Feature","geometry":{"type":"Point","coordinates":[19.896362,50.00719]},"properties":{"name":"Komuny Paryskiej","lines":"104, 194, 204, 293, 494, 608","arr":["104","194","204","293","494","608"],"terminus":0,"mode":"bus","color":"#0059a9","colorDark":"#00294f","angle":31.1,"snapDist":5,"label":1}},{"type":"Feature","geometry":{"type":"Point","coordinates":[19.89189,50.007324]},"properties":{"name":"Kobierzyn","lines":"104, 204, 293","arr":["104","204","293"],"terminus":0,"mode":"bus","color":"#0059a9","colorDark":"#00294f","angle":302.1,"snapDist":8,"label":1}},{"type":"Feature","geometry":{"type":"Point","coordinates":[19.881035,50.007508]},"properties":{"name":"Babińskiego","lines":"104, 204, 223, 233, 253, 283, 903","arr":["104","204","223","233","253","283","903"],"terminus":0,"mode":"bus","color":"#0059a9","colorDark":"#00294f","angle":121.1,"snapDist":4,"label":1}},{"type":"Feature","geometry":{"type":"Point","coordinates":[19.883807,50.012679]},"properties":{"name":"Bunscha","lines":"104, 204, 223, 233, 253, 283, 903","arr":["104","204","223","233","253","283","903"],"terminus":0,"mode":"bus","color":"#0059a9","colorDark":"#00294f","angle":114.8,"snapDist":5,"label":1}},{"type":"Feature","geometry":{"type":"Point","coordinates":[19.889392,50.01819]},"properties":{"name":"Czerwone Maki P+R","lines":"104, 116, 156, 203, 204, 223, 233, 253, 283, 476, 662, 903","arr":["104","116","156","203","204","223","233","253","283","476","662","903"],"terminus":1,"mode":"bus","color":"#0059a9","colorDark":"#00294f","angle":91.6,"snapDist":6,"label":1}},{"type":"Feature","geometry":{"type":"Point","coordinates":[19.888658,50.017341]},"properties":{"name":"Czerwone Maki P+R","lines":"104, 116, 156, 203, 204, 223, 233, 253, 283, 476, 903","arr":["104","116","156","203","204","223","233","253","283","476","903"],"terminus":0,"mode":"bus","color":"#0059a9","colorDark":"#00294f","angle":332.3,"snapDist":7,"label":0}},{"type":"Feature","geometry":{"type":"Point","coordinates":[19.883225,50.012051]},"properties":{"name":"Bunscha","lines":"104, 204, 223, 233, 253, 283, 903","arr":["104","204","223","233","253","283","903"],"terminus":0,"mode":"bus","color":"#0059a9","colorDark":"#00294f","angle":294,"snapDist":5,"label":0}},{"type":"Feature","geometry":{"type":"Point","coordinates":[19.881159,50.007121]},"properties":{"name":"Babińskiego","lines":"104, 204, 293","arr":["104","204","293"],"terminus":0,"mode":"bus","color":"#0059a9","colorDark":"#00294f","angle":188.2,"snapDist":5,"label":0}},{"type":"Feature","geometry":{"type":"Point","coordinates":[19.891747,50.007172]},"properties":{"name":"Kobierzyn","lines":"104, 204, 293","arr":["104","204","293"],"terminus":0,"mode":"bus","color":"#0059a9","colorDark":"#00294f","angle":120.9,"snapDist":7,"label":0}},{"type":"Feature","geometry":{"type":"Point","coordinates":[19.897135,50.006821]},"properties":{"name":"Komuny Paryskiej","lines":"104, 194, 204, 293, 494, 608","arr":["104","194","204","293","494","608"],"terminus":0,"mode":"bus","color":"#0059a9","colorDark":"#00294f","angle":203.9,"snapDist":3,"label":0}},{"type":"Feature","geometry":{"type":"Point","coordinates":[19.901194,50.006434]},"properties":{"name":"Zawiła","lines":"104, 194, 204, 293, 494, 608","arr":["104","194","204","293","494","608"],"terminus":0,"mode":"bus","color":"#0059a9","colorDark":"#00294f","angle":184.1,"snapDist":4,"label":0}},{"type":"Feature","geometry":{"type":"Point","coordinates":[19.905816,50.00459]},"properties":{"name":"Borkowska","lines":"104, 121, 151, 194, 494, 608","arr":["104","121","151","194","494","608"],"terminus":0,"mode":"bus","color":"#0059a9","colorDark":"#00294f","angle":269.5,"snapDist":4,"label":0}},{"type":"Feature","geometry":{"type":"Point","coordinates":[19.906821,50.000833]},"properties":{"name":"Forteczna","lines":"104, 121, 191","arr":["104","121","191"],"terminus":0,"mode":"bus","color":"#0059a9","colorDark":"#00294f","angle":202.7,"snapDist":4,"label":0}},{"type":"Feature","geometry":{"type":"Point","coordinates":[19.911825,49.999731]},"properties":{"name":"Zawiszy","lines":"104, 121, 191","arr":["104","121","191"],"terminus":0,"mode":"bus","color":"#0059a9","colorDark":"#00294f","angle":197.6,"snapDist":4,"label":0}},{"type":"Feature","geometry":{"type":"Point","coordinates":[19.921715,49.998863]},"properties":{"name":"Kąpielowa","lines":"104, 214, 215, 225, 254, 265, 915","arr":["104","214","215","225","254","265","915"],"terminus":0,"mode":"bus","color":"#0059a9","colorDark":"#00294f","angle":213.7,"snapDist":7,"label":0}},{"type":"Feature","geometry":{"type":"Point","coordinates":[20.012792,50.10203]},"properties":{"name":"Os. Piastów","lines":"105","arr":["105"],"terminus":1,"mode":"bus","color":"#0059a9","colorDark":"#00294f","angle":-102.6,"snapDist":8,"label":1}},{"type":"Feature","geometry":{"type":"Point","coordinates":[20.012157,50.104632]},"properties":{"name":"Urząd Skarbowy Nowa Huta","lines":"105","arr":["105"],"terminus":0,"mode":"bus","color":"#0059a9","colorDark":"#00294f","angle":93.4,"snapDist":3,"label":1}},{"type":"Feature","geometry":{"type":"Point","coordinates":[20.011461,50.106686]},"properties":{"name":"Piastów SKA","lines":"105, 260, 270","arr":["105","260","270"],"terminus":0,"mode":"bus","color":"#0059a9","colorDark":"#00294f","angle":19.1,"snapDist":6,"label":1}},{"type":"Feature","geometry":{"type":"Point","coordinates":[20.001619,50.106238]},"properties":{"name":"Powstańców Magazyny","lines":"105, 260, 270","arr":["105","260","270"],"terminus":0,"mode":"bus","color":"#0059a9","colorDark":"#00294f","angle":329.5,"snapDist":4,"label":1}},{"type":"Feature","geometry":{"type":"Point","coordinates":[19.992206,50.104168]},"properties":{"name":"Dziekanowicka","lines":"105, 260, 270","arr":["105","260","270"],"terminus":0,"mode":"bus","color":"#0059a9","colorDark":"#00294f","angle":314,"snapDist":4,"label":1}},{"type":"Feature","geometry":{"type":"Point","coordinates":[19.986037,50.102308]},"properties":{"name":"Cmentarz Prądnik Czerwony Wschód","lines":"105, 260, 270","arr":["105","260","270"],"terminus":0,"mode":"bus","color":"#0059a9","colorDark":"#00294f","angle":341.4,"snapDist":4,"label":1}},{"type":"Feature","geometry":{"type":"Point","coordinates":[19.982064,50.10124]},"properties":{"name":"Cmentarz Prądnik Czerwony","lines":"105, 260, 270","arr":["105","260","270"],"terminus":0,"mode":"bus","color":"#0059a9","colorDark":"#00294f","angle":330.5,"snapDist":6,"label":1}},{"type":"Feature","geometry":{"type":"Point","coordinates":[19.974275,50.096778]},"properties":{"name":"Prądnik Czerwony P+R","lines":"105, 199, 250, 260, 270, 405, 610","arr":["105","199","250","260","270","405","610"],"terminus":1,"mode":"bus","color":"#0059a9","colorDark":"#00294f","angle":67.3,"snapDist":4,"label":1}},{"type":"Feature","geometry":{"type":"Point","coordinates":[19.967554,50.094942]},"properties":{"name":"Powstańców Garaże","lines":"105, 128, 199, 405, 610","arr":["105","128","199","405","610"],"terminus":0,"mode":"bus","color":"#0059a9","colorDark":"#00294f","angle":321.6,"snapDist":4,"label":1}},{"type":"Feature","geometry":{"type":"Point","coordinates":[19.963744,50.093033]},"properties":{"name":"Powstańców","lines":"105, 199, 405, 610","arr":["105","199","405","610"],"terminus":0,"mode":"bus","color":"#0059a9","colorDark":"#00294f","angle":235.5,"snapDist":6,"label":1}},{"type":"Feature","geometry":{"type":"Point","coordinates":[19.96357,50.08842]},"properties":{"name":"Majora","lines":"105, 199, 405, 610","arr":["105","199","405","610"],"terminus":0,"mode":"bus","color":"#0059a9","colorDark":"#00294f","angle":270,"snapDist":7,"label":1}},{"type":"Feature","geometry":{"type":"Point","coordinates":[19.956823,50.088302]},"properties":{"name":"Dobrego Pasterza","lines":"105, 132, 137, 139, 199, 317, 405, 503, 610","arr":["105","132","137","139","199","317","405","503","610"],"terminus":0,"mode":"bus","color":"#0059a9","colorDark":"#00294f","angle":304.5,"snapDist":5,"label":1}},{"type":"Feature","geometry":{"type":"Point","coordinates":[19.95354,50.084807]},"properties":{"name":"Opolska Estakada","lines":"105, 132, 139, 169, 199, 307, 317, 405, 469, 503, 610","arr":["105","132","139","169","199","307","317","405","469","503","610"],"terminus":0,"mode":"bus","color":"#0059a9","colorDark":"#00294f","angle":294.5,"snapDist":6,"label":1}},{"type":"Feature","geometry":{"type":"Point","coordinates":[19.951638,50.082099]},"properties":{"name":"UR Al. 29 Listopada","lines":"105, 132, 139, 169, 199, 405, 469, 503, 608, 610","arr":["105","132","139","169","199","405","469","503","608","610"],"terminus":0,"mode":"bus","color":"#0059a9","colorDark":"#00294f","angle":292.9,"snapDist":6,"label":1}},{"type":"Feature","geometry":{"type":"Point","coordinates":[19.948734,50.077995]},"properties":{"name":"bp. Prandoty","lines":"105, 132, 139, 169, 199, 307, 317, 405, 469, 503, 608, 610","arr":["105","132","139","169","199","307","317","405","469","503","608","610"],"terminus":0,"mode":"bus","color":"#0059a9","colorDark":"#00294f","angle":294.9,"snapDist":7,"label":1}},{"type":"Feature","geometry":{"type":"Point","coordinates":[19.9469,50.075616]},"properties":{"name":"Cmentarz Rakowicki Zachód","lines":"105, 132, 139, 169, 199, 405, 469, 608, 610","arr":["105","132","139","169","199","405","469","608","610"],"terminus":0,"mode":"bus","color":"#0059a9","colorDark":"#00294f","angle":292.6,"snapDist":7,"label":1}},{"type":"Feature","geometry":{"type":"Point","coordinates":[19.944123,50.071274]},"properties":{"name":"Politechnika","lines":"105, 130, 132, 179, 304, 405, 610, 904","arr":["105","130","132","179","304","405","610","904"],"terminus":0,"mode":"bus","color":"#0059a9","colorDark":"#00294f","angle":293.5,"snapDist":2,"label":1}},{"type":"Feature","geometry":{"type":"Point","coordinates":[19.944588,50.068585]},"properties":{"name":"Dworzec Główny Zachód","lines":"105, 132, 405","arr":["105","132","405"],"terminus":1,"mode":"bus","color":"#0059a9","colorDark":"#00294f","angle":198.3,"snapDist":6,"label":1}},{"type":"Feature","geometry":{"type":"Point","coordinates":[19.945056,50.071087]},"properties":{"name":"Politechnika","lines":"105, 130, 132, 179, 189, 192, 304, 405, 511, 608, 610, 669, 704, 904","arr":["105","130","132","179","189","192","304","405","511","608","610","669","704","904"],"terminus":0,"mode":"bus","color":"#0059a9","colorDark":"#00294f","angle":85.3,"snapDist":4,"label":0}},{"type":"Feature","geometry":{"type":"Point","coordinates":[19.947565,50.076214]},"properties":{"name":"Cmentarz Rakowicki Zachód","lines":"105, 132, 139, 169, 199, 405, 608, 610","arr":["105","132","139","169","199","405","608","610"],"terminus":0,"mode":"bus","color":"#0059a9","colorDark":"#00294f","angle":114,"snapDist":7,"label":0}},{"type":"Feature","geometry":{"type":"Point","coordinates":[19.949884,50.07912]},"properties":{"name":"bp. Prandoty","lines":"105, 132, 139, 169, 199, 307, 317, 405, 503, 608, 610","arr":["105","132","139","169","199","307","317","405","503","608","610"],"terminus":0,"mode":"bus","color":"#0059a9","colorDark":"#00294f","angle":113.7,"snapDist":3,"label":0}},{"type":"Feature","geometry":{"type":"Point","coordinates":[19.952654,50.083342]},"properties":{"name":"UR Al. 29 Listopada","lines":"105, 132, 139, 169, 199, 405, 503, 610","arr":["105","132","139","169","199","405","503","610"],"terminus":0,"mode":"bus","color":"#0059a9","colorDark":"#00294f","angle":114.7,"snapDist":6,"label":0}},{"type":"Feature","geometry":{"type":"Point","coordinates":[19.955369,50.086734]},"properties":{"name":"Opolska Estakada","lines":"105, 132, 137, 139, 199, 307, 317, 405, 503, 610","arr":["105","132","137","139","199","307","317","405","503","610"],"terminus":0,"mode":"bus","color":"#0059a9","colorDark":"#00294f","angle":122.8,"snapDist":7,"label":1}},{"type":"Feature","geometry":{"type":"Point","coordinates":[19.958431,50.088884]},"properties":{"name":"Dobrego Pasterza","lines":"105, 132, 139, 199, 405, 610","arr":["105","132","139","199","405","610"],"terminus":0,"mode":"bus","color":"#0059a9","colorDark":"#00294f","angle":218.1,"snapDist":6,"label":0}},{"type":"Feature","geometry":{"type":"Point","coordinates":[19.965353,50.08839]},"properties":{"name":"Majora","lines":"105, 199, 405, 610","arr":["105","199","405","610"],"terminus":0,"mode":"bus","color":"#0059a9","colorDark":"#00294f","angle":90.2,"snapDist":6,"label":0}},{"type":"Feature","geometry":{"type":"Point","coordinates":[19.96456,50.091962]},"properties":{"name":"Sudolska","lines":"105, 199, 405, 610","arr":["105","199","405","610"],"terminus":0,"mode":"bus","color":"#0059a9","colorDark":"#00294f","angle":72.9,"snapDist":3,"label":1}},{"type":"Feature","geometry":{"type":"Point","coordinates":[19.964203,50.093448]},"properties":{"name":"Powstańców","lines":"105, 128, 199, 405, 610","arr":["105","128","199","405","610"],"terminus":0,"mode":"bus","color":"#0059a9","colorDark":"#00294f","angle":148,"snapDist":6,"label":0}},{"type":"Feature","geometry":{"type":"Point","coordinates":[19.968238,50.095293]},"properties":{"name":"Powstańców Garaże","lines":"105, 128, 199, 405, 610","arr":["105","128","199","405","610"],"terminus":0,"mode":"bus","color":"#0059a9","colorDark":"#00294f","angle":141.9,"snapDist":6,"label":0}},{"type":"Feature","geometry":{"type":"Point","coordinates":[19.973839,50.096558]},"properties":{"name":"Prądnik Czerwony P+R","lines":"105, 128, 199, 250, 260, 270, 405, 610","arr":["105","128","199","250","260","270","405","610"],"terminus":0,"mode":"bus","color":"#0059a9","colorDark":"#00294f","angle":247.6,"snapDist":5,"label":0}},{"type":"Feature","geometry":{"type":"Point","coordinates":[19.974059,50.096336]},"properties":{"name":"Prądnik Czerwony P+R","lines":"105","arr":["105"],"terminus":0,"mode":"bus","color":"#0059a9","colorDark":"#00294f","angle":158.2,"snapDist":52,"label":0}},{"type":"Feature","geometry":{"type":"Point","coordinates":[19.983126,50.101614]},"properties":{"name":"Cmentarz Prądnik Czerwony","lines":"105, 260, 270","arr":["105","260","270"],"terminus":0,"mode":"bus","color":"#0059a9","colorDark":"#00294f","angle":152.5,"snapDist":7,"label":0}},{"type":"Feature","geometry":{"type":"Point","coordinates":[19.986808,50.102473]},"properties":{"name":"Cmentarz Prądnik Czerwony Wschód","lines":"105, 260, 270","arr":["105","260","270"],"terminus":0,"mode":"bus","color":"#0059a9","colorDark":"#00294f","angle":160.9,"snapDist":3,"label":0}},{"type":"Feature","geometry":{"type":"Point","coordinates":[19.99157,50.10377]},"properties":{"name":"Dziekanowicka","lines":"105, 260, 270","arr":["105","260","270"],"terminus":0,"mode":"bus","color":"#0059a9","colorDark":"#00294f","angle":139.3,"snapDist":4,"label":0}},{"type":"Feature","geometry":{"type":"Point","coordinates":[20.001506,50.106196]},"properties":{"name":"Powstańców Magazyny","lines":"105, 260, 270","arr":["105","260","270"],"terminus":0,"mode":"bus","color":"#0059a9","colorDark":"#00294f","angle":149.5,"snapDist":3,"label":0}},{"type":"Feature","geometry":{"type":"Point","coordinates":[20.012277,50.105966]},"properties":{"name":"Piastów SKA","lines":"105","arr":["105"],"terminus":0,"mode":"bus","color":"#0059a9","colorDark":"#00294f","angle":273.3,"snapDist":7,"label":0}},{"type":"Feature","geometry":{"type":"Point","coordinates":[19.960381,50.023326]},"properties":{"name":"Zajezdnia Wola Duchacka","lines":"107, 164, 169, 174, 179, 610","arr":["107","164","169","174","179","610"],"terminus":1,"mode":"bus","color":"#0059a9","colorDark":"#00294f","angle":273.3,"snapDist":7,"label":1}},{"type":"Feature","geometry":{"type":"Point","coordinates":[19.960602,50.019732]},"properties":{"name":"Wola Duchacka","lines":"107, 155, 164, 469, 610","arr":["107","155","164","469","610"],"terminus":0,"mode":"bus","color":"#0059a9","colorDark":"#00294f","angle":231.4,"snapDist":4,"label":1}},{"type":"Feature","geometry":{"type":"Point","coordinates":[19.963399,50.016381]},"properties":{"name":"Karpińskiego","lines":"107, 155, 164, 469, 610","arr":["107","155","164","469","610"],"terminus":0,"mode":"bus","color":"#0059a9","colorDark":"#00294f","angle":246.8,"snapDist":3,"label":1}},{"type":"Feature","geometry":{"type":"Point","coordinates":[19.96663,50.013348]},"properties":{"name":"Tuchowska","lines":"107, 469, 904","arr":["107","469","904"],"terminus":0,"mode":"bus","color":"#0059a9","colorDark":"#00294f","angle":222.5,"snapDist":4,"label":1}},{"type":"Feature","geometry":{"type":"Point","coordinates":[19.971291,50.01002]},"properties":{"name":"Bochenka","lines":"107, 469, 904","arr":["107","469","904"],"terminus":0,"mode":"bus","color":"#0059a9","colorDark":"#00294f","angle":238.4,"snapDist":4,"label":1}},{"type":"Feature","geometry":{"type":"Point","coordinates":[19.97459,50.007826]},"properties":{"name":"Łużycka","lines":"107, 469, 904","arr":["107","469","904"],"terminus":0,"mode":"bus","color":"#0059a9","colorDark":"#00294f","angle":217.5,"snapDist":4,"label":1}},{"type":"Feature","geometry":{"type":"Point","coordinates":[19.981901,50.006149]},"properties":{"name":"Piaski Wielkie","lines":"107, 469, 904","arr":["107","469","904"],"terminus":0,"mode":"bus","color":"#0059a9","colorDark":"#00294f","angle":180.8,"snapDist":7,"label":0}},{"type":"Feature","geometry":{"type":"Point","coordinates":[19.986252,50.00273]},"properties":{"name":"Hala Sportowa Piaski Wielkie","lines":"107","arr":["107"],"terminus":0,"mode":"bus","color":"#0059a9","colorDark":"#00294f","angle":239.3,"snapDist":4,"label":1}},{"type":"Feature","geometry":{"type":"Point","coordinates":[19.988558,49.999684]},"properties":{"name":"Niebieska Autostrada","lines":"107","arr":["107"],"terminus":0,"mode":"bus","color":"#0059a9","colorDark":"#00294f","angle":261.8,"snapDist":3,"label":1}},{"type":"Feature","geometry":{"type":"Point","coordinates":[19.989268,49.994205]},"properties":{"name":"Kosocice","lines":"107","arr":["107"],"terminus":0,"mode":"bus","color":"#0059a9","colorDark":"#00294f","angle":208.4,"snapDist":6,"label":1}},{"type":"Feature","geometry":{"type":"Point","coordinates":[19.995493,49.99369]},"properties":{"name":"Szczegów","lines":"107","arr":["107"],"terminus":0,"mode":"bus","color":"#0059a9","colorDark":"#00294f","angle":227.3,"snapDist":3,"label":1}},{"type":"Feature","geometry":{"type":"Point","coordinates":[20.00027,49.988431]},"properties":{"name":"Żelazowskiego","lines":"107","arr":["107"],"terminus":0,"mode":"bus","color":"#0059a9","colorDark":"#00294f","angle":230.6,"snapDist":4,"label":1}},{"type":"Feature","geometry":{"type":"Point","coordinates":[20.0024,49.984909]},"properties":{"name":"Barycz","lines":"107","arr":["107"],"terminus":0,"mode":"bus","color":"#0059a9","colorDark":"#00294f","angle":337.7,"snapDist":4,"label":1}},{"type":"Feature","geometry":{"type":"Point","coordinates":[19.995705,49.983503]},"properties":{"name":"Krzemieniecka","lines":"107","arr":["107"],"terminus":0,"mode":"bus","color":"#0059a9","colorDark":"#00294f","angle":348.7,"snapDist":2,"label":1}},{"type":"Feature","geometry":{"type":"Point","coordinates":[19.989377,49.982081]},"properties":{"name":"Drużbackiej","lines":"107, 214","arr":["107","214"],"terminus":0,"mode":"bus","color":"#0059a9","colorDark":"#00294f","angle":249.7,"snapDist":7,"label":1}},{"type":"Feature","geometry":{"type":"Point","coordinates":[19.990106,49.979671]},"properties":{"name":"Soboniowice","lines":"107","arr":["107"],"terminus":1,"mode":"bus","color":"#0059a9","colorDark":"#00294f","angle":144.9,"snapDist":4,"label":1}},{"type":"Feature","geometry":{"type":"Point","coordinates":[19.989255,49.982292]},"properties":{"name":"Drużbackiej","lines":"107, 214","arr":["107","214"],"terminus":0,"mode":"bus","color":"#0059a9","colorDark":"#00294f","angle":69.7,"snapDist":6,"label":0}},{"type":"Feature","geometry":{"type":"Point","coordinates":[19.995208,49.983439]},"properties":{"name":"Krzemieniecka","lines":"107","arr":["107"],"terminus":0,"mode":"bus","color":"#0059a9","colorDark":"#00294f","angle":168.7,"snapDist":4,"label":0}},{"type":"Feature","geometry":{"type":"Point","coordinates":[20.002419,49.985427]},"properties":{"name":"Barycz","lines":"107","arr":["107"],"terminus":0,"mode":"bus","color":"#0059a9","colorDark":"#00294f","angle":56.9,"snapDist":3,"label":0}},{"type":"Feature","geometry":{"type":"Point","coordinates":[20.000047,49.988602]},"properties":{"name":"Żelazowskiego","lines":"107","arr":["107"],"terminus":0,"mode":"bus","color":"#0059a9","colorDark":"#00294f","angle":48.6,"snapDist":3,"label":0}},{"type":"Feature","geometry":{"type":"Point","coordinates":[19.996276,49.99314]},"properties":{"name":"Szczegów","lines":"107","arr":["107"],"terminus":0,"mode":"bus","color":"#0059a9","colorDark":"#00294f","angle":54.2,"snapDist":4,"label":0}},{"type":"Feature","geometry":{"type":"Point","coordinates":[19.989122,49.994277]},"properties":{"name":"Kosocice","lines":"107","arr":["107"],"terminus":0,"mode":"bus","color":"#0059a9","colorDark":"#00294f","angle":60.5,"snapDist":10,"label":0}},{"type":"Feature","geometry":{"type":"Point","coordinates":[19.988631,49.999141]},"properties":{"name":"Niebieska Autostrada","lines":"107","arr":["107"],"terminus":0,"mode":"bus","color":"#0059a9","colorDark":"#00294f","angle":91.7,"snapDist":3,"label":0}},{"type":"Feature","geometry":{"type":"Point","coordinates":[19.986264,50.002716]},"properties":{"name":"Hala Sportowa Piaski Wielkie","lines":"107","arr":["107"],"terminus":0,"mode":"bus","color":"#0059a9","colorDark":"#00294f","angle":59.3,"snapDist":3,"label":0}},{"type":"Feature","geometry":{"type":"Point","coordinates":[19.982188,50.006149]},"properties":{"name":"Piaski Wielkie","lines":"107, 169, 904","arr":["107","169","904"],"terminus":0,"mode":"bus","color":"#0059a9","colorDark":"#00294f","angle":2.3,"snapDist":3,"label":0}},{"type":"Feature","geometry":{"type":"Point","coordinates":[19.973968,50.008132]},"properties":{"name":"Łużycka","lines":"107, 169, 904","arr":["107","169","904"],"terminus":0,"mode":"bus","color":"#0059a9","colorDark":"#00294f","angle":37.5,"snapDist":3,"label":0}},{"type":"Feature","geometry":{"type":"Point","coordinates":[19.971096,50.010222]},"properties":{"name":"Bochenka","lines":"107, 169, 904","arr":["107","169","904"],"terminus":0,"mode":"bus","color":"#0059a9","colorDark":"#00294f","angle":57.9,"snapDist":4,"label":0}},{"type":"Feature","geometry":{"type":"Point","coordinates":[19.967041,50.01311]},"properties":{"name":"Tuchowska","lines":"107, 169","arr":["107","169"],"terminus":0,"mode":"bus","color":"#0059a9","colorDark":"#00294f","angle":43.5,"snapDist":9,"label":0}},{"type":"Feature","geometry":{"type":"Point","coordinates":[19.964982,50.014124]},"properties":{"name":"Nowosądecka","lines":"107, 155, 164, 169, 610","arr":["107","155","164","169","610"],"terminus":0,"mode":"bus","color":"#0059a9","colorDark":"#00294f","angle":28.6,"snapDist":7,"label":1}},{"type":"Feature","geometry":{"type":"Point","coordinates":[19.960218,50.021262]},"properties":{"name":"Wola Duchacka","lines":"107, 164, 169, 174, 179, 610","arr":["107","164","169","174","179","610"],"terminus":0,"mode":"bus","color":"#0059a9","colorDark":"#00294f","angle":92.9,"snapDist":4,"label":0}},{"type":"Feature","geometry":{"type":"Point","coordinates":[20.11734,50.072758]},"properties":{"name":"Pleszów","lines":"111, 160, 161, 171, 211, 271","arr":["111","160","161","171","211","271"],"terminus":1,"mode":"bus","color":"#0059a9","colorDark":"#00294f","angle":177.3,"snapDist":4,"label":1}},{"type":"Feature","geometry":{"type":"Point","coordinates":[20.126624,50.073503]},"properties":{"name":"Brama nr 8","lines":"111, 160, 161, 171, 211, 271","arr":["111","160","161","171","211","271"],"terminus":0,"mode":"bus","color":"#0059a9","colorDark":"#00294f","angle":169.2,"snapDist":6,"label":1}},{"type":"Feature","geometry":{"type":"Point","coordinates":[20.133503,50.074127]},"properties":{"name":"Igołomska Zakłady","lines":"111, 160, 161, 171, 211, 271","arr":["111","160","161","171","211","271"],"terminus":0,"mode":"bus","color":"#0059a9","colorDark":"#00294f","angle":158,"snapDist":3,"label":1}},{"type":"Feature","geometry":{"type":"Point","coordinates":[20.139869,50.075088]},"properties":{"name":"Szymańskiego","lines":"111, 160, 161, 171, 211, 271","arr":["111","160","161","171","211","271"],"terminus":0,"mode":"bus","color":"#0059a9","colorDark":"#00294f","angle":168.9,"snapDist":8,"label":1}},{"type":"Feature","geometry":{"type":"Point","coordinates":[20.149037,50.076062]},"properties":{"name":"Rzepakowa","lines":"111, 160, 161, 171, 211, 271","arr":["111","160","161","171","211","271"],"terminus":0,"mode":"bus","color":"#0059a9","colorDark":"#00294f","angle":153.6,"snapDist":5,"label":1}},{"type":"Feature","geometry":{"type":"Point","coordinates":[20.154562,50.077471]},"properties":{"name":"Wyciąska","lines":"111, 160, 161","arr":["111","160","161"],"terminus":0,"mode":"bus","color":"#0059a9","colorDark":"#00294f","angle":-19.4,"snapDist":7,"label":1}},{"type":"Feature","geometry":{"type":"Point","coordinates":[20.149833,50.084951]},"properties":{"name":"Cmentarz Ruszcza","lines":"111, 160, 161","arr":["111","160","161"],"terminus":0,"mode":"bus","color":"#0059a9","colorDark":"#00294f","angle":219.7,"snapDist":4,"label":1}},{"type":"Feature","geometry":{"type":"Point","coordinates":[20.146403,50.086919]},"properties":{"name":"Ruszcza","lines":"111, 160, 161","arr":["111","160","161"],"terminus":0,"mode":"bus","color":"#0059a9","colorDark":"#00294f","angle":27.9,"snapDist":3,"label":1}},{"type":"Feature","geometry":{"type":"Point","coordinates":[20.149804,50.084967]},"properties":{"name":"Cmentarz Ruszcza","lines":"111, 160, 161","arr":["111","160","161"],"terminus":0,"mode":"bus","color":"#0059a9","colorDark":"#00294f","angle":39.7,"snapDist":4,"label":0}},{"type":"Feature","geometry":{"type":"Point","coordinates":[20.156017,50.076479]},"properties":{"name":"Wyciąska","lines":"111, 211","arr":["111","211"],"terminus":0,"mode":"bus","color":"#0059a9","colorDark":"#00294f","angle":288.8,"snapDist":7,"label":0}},{"type":"Feature","geometry":{"type":"Point","coordinates":[20.158456,50.07207]},"properties":{"name":"Wyciąże Sklep","lines":"111, 211","arr":["111","211"],"terminus":0,"mode":"bus","color":"#0059a9","colorDark":"#00294f","angle":247.6,"snapDist":3,"label":1}},{"type":"Feature","geometry":{"type":"Point","coordinates":[20.163022,50.069651]},"properties":{"name":"Tymiankowa","lines":"111, 211","arr":["111","211"],"terminus":0,"mode":"bus","color":"#0059a9","colorDark":"#00294f","angle":182,"snapDist":3,"label":1}},{"type":"Feature","geometry":{"type":"Point","coordinates":[20.16714,50.068218]},"properties":{"name":"Podstawie","lines":"111, 211","arr":["111","211"],"terminus":0,"mode":"bus","color":"#0059a9","colorDark":"#00294f","angle":256.8,"snapDist":4,"label":1}},{"type":"Feature","geometry":{"type":"Point","coordinates":[20.168266,50.065108]},"properties":{"name":"Drożyska","lines":"111, 211","arr":["111","211"],"terminus":0,"mode":"bus","color":"#0059a9","colorDark":"#00294f","angle":256.8,"snapDist":4,"label":1}},{"type":"Feature","geometry":{"type":"Point","coordinates":[20.176316,50.059241]},"properties":{"name":"Przylasek Wyciąski","lines":"111, 211","arr":["111","211"],"terminus":0,"mode":"bus","color":"#0059a9","colorDark":"#00294f","angle":218.9,"snapDist":3,"label":1}},{"type":"Feature","geometry":{"type":"Point","coordinates":[20.181117,50.057147]},"properties":{"name":"Siejówka","lines":"111, 211","arr":["111","211"],"terminus":0,"mode":"bus","color":"#0059a9","colorDark":"#00294f","angle":201.3,"snapDist":3,"label":1}},{"type":"Feature","geometry":{"type":"Point","coordinates":[20.187106,50.056645]},"properties":{"name":"Bartnicza","lines":"111, 211","arr":["111","211"],"terminus":0,"mode":"bus","color":"#0059a9","colorDark":"#00294f","angle":186.1,"snapDist":4,"label":1}},{"type":"Feature","geometry":{"type":"Point","coordinates":[20.194112,50.055812]},"properties":{"name":"Wolica Szkoła","lines":"111, 211","arr":["111","211"],"terminus":0,"mode":"bus","color":"#0059a9","colorDark":"#00294f","angle":182.3,"snapDist":4,"label":1}},{"type":"Feature","geometry":{"type":"Point","coordinates":[20.2024,50.054957]},"properties":{"name":"Wolica Kościół","lines":"111, 211","arr":["111","211"],"terminus":0,"mode":"bus","color":"#0059a9","colorDark":"#00294f","angle":223.5,"snapDist":4,"label":1}},{"type":"Feature","geometry":{"type":"Point","coordinates":[20.206207,50.052113]},"properties":{"name":"Wolica Most","lines":"111, 161, 211","arr":["111","161","211"],"terminus":0,"mode":"bus","color":"#0059a9","colorDark":"#00294f","angle":148.6,"snapDist":2,"label":1}},{"type":"Feature","geometry":{"type":"Point","coordinates":[20.202265,50.056323]},"properties":{"name":"Betonowa","lines":"111","arr":["111"],"terminus":0,"mode":"bus","color":"#0059a9","colorDark":"#00294f","angle":63.4,"snapDist":7,"label":1}},{"type":"Feature","geometry":{"type":"Point","coordinates":[20.19392,50.063276]},"properties":{"name":"ks. Luzara","lines":"111","arr":["111"],"terminus":0,"mode":"bus","color":"#0059a9","colorDark":"#00294f","angle":49.6,"snapDist":8,"label":1}},{"type":"Feature","geometry":{"type":"Point","coordinates":[20.189597,50.068183]},"properties":{"name":"Zakępie","lines":"111","arr":["111"],"terminus":0,"mode":"bus","color":"#0059a9","colorDark":"#00294f","angle":80.7,"snapDist":5,"label":1}},{"type":"Feature","geometry":{"type":"Point","coordinates":[20.189695,50.072393]},"properties":{"name":"Szlifierska","lines":"111","arr":["111"],"terminus":0,"mode":"bus","color":"#0059a9","colorDark":"#00294f","angle":94.7,"snapDist":4,"label":1}},{"type":"Feature","geometry":{"type":"Point","coordinates":[20.185716,50.080499]},"properties":{"name":"Cło","lines":"111","arr":["111"],"terminus":0,"mode":"bus","color":"#0059a9","colorDark":"#00294f","angle":23.8,"snapDist":3,"label":1}},{"type":"Feature","geometry":{"type":"Point","coordinates":[20.173679,50.079303]},"properties":{"name":"Czeczeńska","lines":"111","arr":["111"],"terminus":0,"mode":"bus","color":"#0059a9","colorDark":"#00294f","angle":348.1,"snapDist":6,"label":1}},{"type":"Feature","geometry":{"type":"Point","coordinates":[20.163209,50.077953]},"properties":{"name":"Wyciąże Północ","lines":"111","arr":["111"],"terminus":0,"mode":"bus","color":"#0059a9","colorDark":"#00294f","angle":349.4,"snapDist":8,"label":1}},{"type":"Feature","geometry":{"type":"Point","coordinates":[20.1555,50.077072]},"properties":{"name":"Wyciąska","lines":"111, 160, 161, 171, 211, 271","arr":["111","160","161","171","211","271"],"terminus":0,"mode":"bus","color":"#0059a9","colorDark":"#00294f","angle":349.4,"snapDist":8,"label":0}},{"type":"Feature","geometry":{"type":"Point","coordinates":[20.147211,50.076174]},"properties":{"name":"Rzepakowa","lines":"111, 160, 161, 171, 211, 271","arr":["111","160","161","171","211","271"],"terminus":0,"mode":"bus","color":"#0059a9","colorDark":"#00294f","angle":343.5,"snapDist":5,"label":0}},{"type":"Feature","geometry":{"type":"Point","coordinates":[20.138818,50.075077]},"properties":{"name":"Szymańskiego","lines":"111, 160, 161, 171, 211, 271","arr":["111","160","161","171","211","271"],"terminus":0,"mode":"bus","color":"#0059a9","colorDark":"#00294f","angle":349.6,"snapDist":7,"label":0}},{"type":"Feature","geometry":{"type":"Point","coordinates":[20.132385,50.074476]},"properties":{"name":"Igołomska Zakłady","lines":"111, 160, 161, 171, 211, 271","arr":["111","160","161","171","211","271"],"terminus":0,"mode":"bus","color":"#0059a9","colorDark":"#00294f","angle":338.6,"snapDist":3,"label":0}},{"type":"Feature","geometry":{"type":"Point","coordinates":[20.125937,50.073517]},"properties":{"name":"Brama nr 8","lines":"111, 160, 161, 171, 211, 271","arr":["111","160","161","171","211","271"],"terminus":0,"mode":"bus","color":"#0059a9","colorDark":"#00294f","angle":350.3,"snapDist":7,"label":0}},{"type":"Feature","geometry":{"type":"Point","coordinates":[19.814497,50.008312]},"properties":{"name":"Tyniec Kamieniołom","lines":"112","arr":["112"],"terminus":1,"mode":"bus","color":"#0059a9","colorDark":"#00294f","angle":340.8,"snapDist":8,"label":1}},{"type":"Feature","geometry":{"type":"Point","coordinates":[19.811983,50.010274]},"properties":{"name":"Bogucianka","lines":"112, 203","arr":["112","203"],"terminus":0,"mode":"bus","color":"#0059a9","colorDark":"#00294f","angle":61.4,"snapDist":4,"label":1}},{"type":"Feature","geometry":{"type":"Point","coordinates":[19.808994,50.015225]},"properties":{"name":"Tyniec","lines":"112, 203","arr":["112","203"],"terminus":0,"mode":"bus","color":"#0059a9","colorDark":"#00294f","angle":80.9,"snapDist":3,"label":1}},{"type":"Feature","geometry":{"type":"Point","coordinates":[19.818168,50.01833]},"properties":{"name":"Bolesława Śmiałego","lines":"112, 203","arr":["112","203"],"terminus":0,"mode":"bus","color":"#0059a9","colorDark":"#00294f","angle":178.5,"snapDist":7,"label":1}},{"type":"Feature","geometry":{"type":"Point","coordinates":[19.827633,50.021938]},"properties":{"name":"Tyniecka Autostrada","lines":"112, 203","arr":["112","203"],"terminus":0,"mode":"bus","color":"#0059a9","colorDark":"#00294f","angle":148.8,"snapDist":4,"label":1}},{"type":"Feature","geometry":{"type":"Point","coordinates":[19.835065,50.025012]},"properties":{"name":"Kolna","lines":"112, 203","arr":["112","203"],"terminus":0,"mode":"bus","color":"#0059a9","colorDark":"#00294f","angle":163.7,"snapDist":4,"label":1}},{"type":"Feature","geometry":{"type":"Point","coordinates":[19.84517,50.027067]},"properties":{"name":"Kostrze Kapliczka","lines":"112, 203","arr":["112","203"],"terminus":0,"mode":"bus","color":"#0059a9","colorDark":"#00294f","angle":155,"snapDist":3,"label":1}},{"type":"Feature","geometry":{"type":"Point","coordinates":[19.847925,50.027757]},"properties":{"name":"Wały Wiślane","lines":"112, 203","arr":["112","203"],"terminus":0,"mode":"bus","color":"#0059a9","colorDark":"#00294f","angle":148.8,"snapDist":3,"label":1}},{"type":"Feature","geometry":{"type":"Point","coordinates":[19.855599,50.029182]},"properties":{"name":"Kostrze Szkoła","lines":"112, 162, 176, 203, 476","arr":["112","162","176","203","476"],"terminus":0,"mode":"bus","color":"#0059a9","colorDark":"#00294f","angle":167.3,"snapDist":4,"label":1}},{"type":"Feature","geometry":{"type":"Point","coordinates":[19.865033,50.031554]},"properties":{"name":"Fort Bodzów","lines":"112, 162, 176","arr":["112","162","176"],"terminus":0,"mode":"bus","color":"#0059a9","colorDark":"#00294f","angle":152.9,"snapDist":4,"label":1}},{"type":"Feature","geometry":{"type":"Point","coordinates":[19.8762,50.033995]},"properties":{"name":"Górka Pychowicka","lines":"112, 162, 176","arr":["112","162","176"],"terminus":0,"mode":"bus","color":"#0059a9","colorDark":"#00294f","angle":165.1,"snapDist":3,"label":1}},{"type":"Feature","geometry":{"type":"Point","coordinates":[19.885738,50.035164]},"properties":{"name":"Rodzinna","lines":"112, 162, 176","arr":["112","162","176"],"terminus":0,"mode":"bus","color":"#0059a9","colorDark":"#00294f","angle":149.7,"snapDist":3,"label":1}},{"type":"Feature","geometry":{"type":"Point","coordinates":[19.895129,50.036837]},"properties":{"name":"Pychowice","lines":"112, 162","arr":["112","162"],"terminus":0,"mode":"bus","color":"#0059a9","colorDark":"#00294f","angle":165.4,"snapDist":3,"label":1}},{"type":"Feature","geometry":{"type":"Point","coordinates":[19.898936,50.038082]},"properties":{"name":"Park Skały Twardowskiego","lines":"112, 162","arr":["112","162"],"terminus":0,"mode":"bus","color":"#0059a9","colorDark":"#00294f","angle":145.9,"snapDist":6,"label":1}},{"type":"Feature","geometry":{"type":"Point","coordinates":[19.909653,50.045997]},"properties":{"name":"Os. Robotnicze","lines":"112, 162","arr":["112","162"],"terminus":0,"mode":"bus","color":"#0059a9","colorDark":"#00294f","angle":146.6,"snapDist":4,"label":1}},{"type":"Feature","geometry":{"type":"Point","coordinates":[19.913974,50.047543]},"properties":{"name":"Zielińskiego","lines":"112, 162","arr":["112","162"],"terminus":0,"mode":"bus","color":"#0059a9","colorDark":"#00294f","angle":152.6,"snapDist":4,"label":1}},{"type":"Feature","geometry":{"type":"Point","coordinates":[19.920542,50.049744]},"properties":{"name":"Praska","lines":"112, 162","arr":["112","162"],"terminus":0,"mode":"bus","color":"#0059a9","colorDark":"#00294f","angle":152.3,"snapDist":4,"label":1}},{"type":"Feature","geometry":{"type":"Point","coordinates":[19.926941,50.05197]},"properties":{"name":"Rynek Dębnicki","lines":"112, 162","arr":["112","162"],"terminus":0,"mode":"bus","color":"#0059a9","colorDark":"#00294f","angle":181,"snapDist":4,"label":1}},{"type":"Feature","geometry":{"type":"Point","coordinates":[19.925978,50.049635]},"properties":{"name":"Bałuckiego","lines":"112, 162","arr":["112","162"],"terminus":0,"mode":"bus","color":"#0059a9","colorDark":"#00294f","angle":274.8,"snapDist":6,"label":1}},{"type":"Feature","geometry":{"type":"Point","coordinates":[19.925396,50.04673]},"properties":{"name":"Szwedzka","lines":"112, 126, 146, 162, 194, 219, 494, 662","arr":["112","126","146","162","194","219","494","662"],"terminus":0,"mode":"bus","color":"#0059a9","colorDark":"#00294f","angle":153.2,"snapDist":4,"label":1}},{"type":"Feature","geometry":{"type":"Point","coordinates":[19.932405,50.048296]},"properties":{"name":"Rondo Grunwaldzkie","lines":"112, 124, 126, 144, 146, 162, 164, 169, 173, 179, 219, 300, 301, 402, 424, 469, 503, 513, 608, 610, 708, LR0","arr":["112","124","126","144","146","162","164","169","173","179","219","300","301","402","424","469","503","513","608","610","708","LR0"],"terminus":0,"mode":"bus","color":"#0059a9","colorDark":"#00294f","angle":222.4,"snapDist":7,"label":1}},{"type":"Feature","geometry":{"type":"Point","coordinates":[19.93274,50.0467]},"properties":{"name":"Os. Podwawelskie","lines":"112, 126, 162","arr":["112","126","162"],"terminus":1,"mode":"bus","color":"#0059a9","colorDark":"#00294f","angle":348.8,"snapDist":4,"label":1}},{"type":"Feature","geometry":{"type":"Point","coordinates":[19.929741,50.048286]},"properties":{"name":"Rondo Grunwaldzkie","lines":"112, 126, 146, 162, 219","arr":["112","126","146","162","219"],"terminus":0,"mode":"bus","color":"#0059a9","colorDark":"#00294f","angle":332.9,"snapDist":8,"label":0}},{"type":"Feature","geometry":{"type":"Point","coordinates":[19.926616,50.051725]},"properties":{"name":"Rynek Dębnicki","lines":"112, 162","arr":["112","162"],"terminus":0,"mode":"bus","color":"#0059a9","colorDark":"#00294f","angle":86.1,"snapDist":8,"label":0}},{"type":"Feature","geometry":{"type":"Point","coordinates":[19.920526,50.049739]},"properties":{"name":"Praska","lines":"112, 162","arr":["112","162"],"terminus":0,"mode":"bus","color":"#0059a9","colorDark":"#00294f","angle":332.3,"snapDist":4,"label":0}},{"type":"Feature","geometry":{"type":"Point","coordinates":[19.912676,50.047108]},"properties":{"name":"Zielińskiego","lines":"112, 162","arr":["112","162"],"terminus":0,"mode":"bus","color":"#0059a9","colorDark":"#00294f","angle":332.2,"snapDist":4,"label":0}},{"type":"Feature","geometry":{"type":"Point","coordinates":[19.908927,50.045694]},"properties":{"name":"Os. Robotnicze","lines":"112, 162","arr":["112","162"],"terminus":0,"mode":"bus","color":"#0059a9","colorDark":"#00294f","angle":327.1,"snapDist":5,"label":0}},{"type":"Feature","geometry":{"type":"Point","coordinates":[19.898647,50.037956]},"properties":{"name":"Park Skały Twardowskiego","lines":"112, 162","arr":["112","162"],"terminus":0,"mode":"bus","color":"#0059a9","colorDark":"#00294f","angle":325.9,"snapDist":9,"label":0}},{"type":"Feature","geometry":{"type":"Point","coordinates":[19.894021,50.036653]},"properties":{"name":"Pychowice","lines":"112, 162","arr":["112","162"],"terminus":0,"mode":"bus","color":"#0059a9","colorDark":"#00294f","angle":345.6,"snapDist":3,"label":0}},{"type":"Feature","geometry":{"type":"Point","coordinates":[19.885538,50.035089]},"properties":{"name":"Rodzinna","lines":"112, 162, 176","arr":["112","162","176"],"terminus":0,"mode":"bus","color":"#0059a9","colorDark":"#00294f","angle":329.7,"snapDist":4,"label":0}},{"type":"Feature","geometry":{"type":"Point","coordinates":[19.87574,50.033916]},"properties":{"name":"Górka Pychowicka","lines":"112, 162, 176","arr":["112","162","176"],"terminus":0,"mode":"bus","color":"#0059a9","colorDark":"#00294f","angle":345.1,"snapDist":3,"label":0}},{"type":"Feature","geometry":{"type":"Point","coordinates":[19.864779,50.031468]},"properties":{"name":"Fort Bodzów","lines":"112, 162, 176","arr":["112","162","176"],"terminus":0,"mode":"bus","color":"#0059a9","colorDark":"#00294f","angle":331.5,"snapDist":3,"label":0}},{"type":"Feature","geometry":{"type":"Point","coordinates":[19.854839,50.02908]},"properties":{"name":"Kostrze Szkoła","lines":"112, 162, 176, 203, 476","arr":["112","162","176","203","476"],"terminus":0,"mode":"bus","color":"#0059a9","colorDark":"#00294f","angle":348.8,"snapDist":3,"label":0}},{"type":"Feature","geometry":{"type":"Point","coordinates":[19.847422,50.027565]},"properties":{"name":"Wały Wiślane","lines":"112, 203","arr":["112","203"],"terminus":0,"mode":"bus","color":"#0059a9","colorDark":"#00294f","angle":330.5,"snapDist":3,"label":0}},{"type":"Feature","geometry":{"type":"Point","coordinates":[19.844451,50.026833]},"properties":{"name":"Kostrze Kapliczka","lines":"112, 203","arr":["112","203"],"terminus":0,"mode":"bus","color":"#0059a9","colorDark":"#00294f","angle":332.9,"snapDist":3,"label":0}},{"type":"Feature","geometry":{"type":"Point","coordinates":[19.832298,50.023993]},"properties":{"name":"Kolna","lines":"112, 203","arr":["112","203"],"terminus":0,"mode":"bus","color":"#0059a9","colorDark":"#00294f","angle":320,"snapDist":5,"label":1}},{"type":"Feature","geometry":{"type":"Point","coordinates":[19.827056,50.021695]},"properties":{"name":"Tyniecka Autostrada","lines":"112, 203","arr":["112","203"],"terminus":0,"mode":"bus","color":"#0059a9","colorDark":"#00294f","angle":326.6,"snapDist":3,"label":0}},{"type":"Feature","geometry":{"type":"Point","coordinates":[19.817353,50.018312]},"properties":{"name":"Bolesława Śmiałego","lines":"112, 203","arr":["112","203"],"terminus":0,"mode":"bus","color":"#0059a9","colorDark":"#00294f","angle":357.4,"snapDist":4,"label":0}},{"type":"Feature","geometry":{"type":"Point","coordinates":[19.809204,50.015768]},"properties":{"name":"Tyniec","lines":"112, 203","arr":["112","203"],"terminus":0,"mode":"bus","color":"#0059a9","colorDark":"#00294f","angle":334.5,"snapDist":4,"label":0}},{"type":"Feature","geometry":{"type":"Point","coordinates":[19.809267,50.01241]},"properties":{"name":"Walgierza Wdałego","lines":"112, 203","arr":["112","203"],"terminus":0,"mode":"bus","color":"#0059a9","colorDark":"#00294f","angle":252.3,"snapDist":3,"label":1}},{"type":"Feature","geometry":{"type":"Point","coordinates":[19.812245,50.009944]},"properties":{"name":"Bogucianka","lines":"112, 203","arr":["112","203"],"terminus":0,"mode":"bus","color":"#0059a9","colorDark":"#00294f","angle":244.3,"snapDist":4,"label":0}},{"type":"Feature","geometry":{"type":"Point","coordinates":[20.005434,50.058021]},"properties":{"name":"Galicyjska","lines":"113","arr":["113"],"terminus":1,"mode":"bus","color":"#0059a9","colorDark":"#00294f","angle":176.6,"snapDist":7,"label":1}},{"type":"Feature","geometry":{"type":"Point","coordinates":[20.006556,50.058064]},"properties":{"name":"Galicyjska","lines":"113, 148","arr":["113","148"],"terminus":0,"mode":"bus","color":"#0059a9","colorDark":"#00294f","angle":356.5,"snapDist":7,"label":0}},{"type":"Feature","geometry":{"type":"Point","coordinates":[20.005144,50.050427]},"properties":{"name":"Elektrociepłownia","lines":"113","arr":["113"],"terminus":0,"mode":"bus","color":"#0059a9","colorDark":"#00294f","angle":219.5,"snapDist":4,"label":1}},{"type":"Feature","geometry":{"type":"Point","coordinates":[20.009544,50.050342]},"properties":{"name":"Szafrańska","lines":"113","arr":["113"],"terminus":0,"mode":"bus","color":"#0059a9","colorDark":"#00294f","angle":176.9,"snapDist":8,"label":1}},{"type":"Feature","geometry":{"type":"Point","coordinates":[20.014654,50.051303]},"properties":{"name":"Stręcka","lines":"113","arr":["113"],"terminus":0,"mode":"bus","color":"#0059a9","colorDark":"#00294f","angle":110.2,"snapDist":4,"label":1}},{"type":"Feature","geometry":{"type":"Point","coordinates":[20.021198,50.054588]},"properties":{"name":"Isep","lines":"113","arr":["113"],"terminus":0,"mode":"bus","color":"#0059a9","colorDark":"#00294f","angle":87.3,"snapDist":4,"label":1}},{"type":"Feature","geometry":{"type":"Point","coordinates":[20.025128,50.055929]},"properties":{"name":"Wiklinowa","lines":"113","arr":["113"],"terminus":0,"mode":"bus","color":"#0059a9","colorDark":"#00294f","angle":145.1,"snapDist":4,"label":1}},{"type":"Feature","geometry":{"type":"Point","coordinates":[20.014614,50.057287]},"properties":{"name":"Siwka","lines":"113","arr":["113"],"terminus":0,"mode":"bus","color":"#0059a9","colorDark":"#00294f","angle":59.7,"snapDist":3,"label":1}},{"type":"Feature","geometry":{"type":"Point","coordinates":[20.021357,50.058765]},"properties":{"name":"Ogłęczyzna","lines":"113, 183","arr":["113","183"],"terminus":0,"mode":"bus","color":"#0059a9","colorDark":"#00294f","angle":187.5,"snapDist":4,"label":1}},{"type":"Feature","geometry":{"type":"Point","coordinates":[20.024014,50.060663]},"properties":{"name":"Na Załęczu","lines":"113","arr":["113"],"terminus":0,"mode":"bus","color":"#0059a9","colorDark":"#00294f","angle":77.5,"snapDist":3,"label":1}},{"type":"Feature","geometry":{"type":"Point","coordinates":[20.022664,50.062695]},"properties":{"name":"Sikorki","lines":"113","arr":["113"],"terminus":0,"mode":"bus","color":"#0059a9","colorDark":"#00294f","angle":63.4,"snapDist":4,"label":1}},{"type":"Feature","geometry":{"type":"Point","coordinates":[20.018519,50.064324]},"properties":{"name":"Sołtysowska Osiedle","lines":"113","arr":["113"],"terminus":0,"mode":"bus","color":"#0059a9","colorDark":"#00294f","angle":0.8,"snapDist":7,"label":1}},{"type":"Feature","geometry":{"type":"Point","coordinates":[20.014188,50.064164]},"properties":{"name":"Sołtysowska Zakłady","lines":"113","arr":["113"],"terminus":0,"mode":"bus","color":"#0059a9","colorDark":"#00294f","angle":1.8,"snapDist":4,"label":1}},{"type":"Feature","geometry":{"type":"Point","coordinates":[20.011243,50.066096]},"properties":{"name":"Sołtysowska","lines":"113, 148","arr":["113","148"],"terminus":0,"mode":"bus","color":"#0059a9","colorDark":"#00294f","angle":142.4,"snapDist":8,"label":1}},{"type":"Feature","geometry":{"type":"Point","coordinates":[20.013016,50.069257]},"properties":{"name":"Gałczyńskiego","lines":"113, 148, 174, 662","arr":["113","148","174","662"],"terminus":0,"mode":"bus","color":"#0059a9","colorDark":"#00294f","angle":151.6,"snapDist":2,"label":1}},{"type":"Feature","geometry":{"type":"Point","coordinates":[20.016496,50.073766]},"properties":{"name":"Rondo Czyżyńskie","lines":"113, 148, 202, 212, 222, 232, 262, 664","arr":["113","148","202","212","222","232","262","664"],"terminus":0,"mode":"bus","color":"#0059a9","colorDark":"#00294f","angle":355.9,"snapDist":6,"label":1}},{"type":"Feature","geometry":{"type":"Point","coordinates":[20.015237,50.075143]},"properties":{"name":"Czyżyny Dworzec","lines":"113, 148, 202, 212, 222, 232, 262, 611","arr":["113","148","202","212","222","232","262","611"],"terminus":1,"mode":"bus","color":"#0059a9","colorDark":"#00294f","angle":55.6,"snapDist":3,"label":1}},{"type":"Feature","geometry":{"type":"Point","coordinates":[20.016757,50.072435]},"properties":{"name":"Rondo Czyżyńskie","lines":"113, 148, 174, 662","arr":["113","148","174","662"],"terminus":0,"mode":"bus","color":"#0059a9","colorDark":"#00294f","angle":288.5,"snapDist":9,"label":0}},{"type":"Feature","geometry":{"type":"Point","coordinates":[20.012531,50.06885]},"properties":{"name":"Gałczyńskiego","lines":"113, 148","arr":["113","148"],"terminus":0,"mode":"bus","color":"#0059a9","colorDark":"#00294f","angle":232.4,"snapDist":7,"label":0}},{"type":"Feature","geometry":{"type":"Point","coordinates":[20.011513,50.065546]},"properties":{"name":"Sołtysowska","lines":"113","arr":["113"],"terminus":0,"mode":"bus","color":"#0059a9","colorDark":"#00294f","angle":221.4,"snapDist":7,"label":0}},{"type":"Feature","geometry":{"type":"Point","coordinates":[20.014733,50.064143]},"properties":{"name":"Sołtysowska Zakłady","lines":"113","arr":["113"],"terminus":0,"mode":"bus","color":"#0059a9","colorDark":"#00294f","angle":182.8,"snapDist":4,"label":0}},{"type":"Feature","geometry":{"type":"Point","coordinates":[20.018948,50.064335]},"properties":{"name":"Sołtysowska Osiedle","lines":"113","arr":["113"],"terminus":0,"mode":"bus","color":"#0059a9","colorDark":"#00294f","angle":171.9,"snapDist":6,"label":0}},{"type":"Feature","geometry":{"type":"Point","coordinates":[20.022289,50.063119]},"properties":{"name":"Sikorki","lines":"113","arr":["113"],"terminus":0,"mode":"bus","color":"#0059a9","colorDark":"#00294f","angle":239.2,"snapDist":4,"label":0}},{"type":"Feature","geometry":{"type":"Point","coordinates":[20.024118,50.059626]},"properties":{"name":"Na Załęczu","lines":"113, 183","arr":["113","183"],"terminus":0,"mode":"bus","color":"#0059a9","colorDark":"#00294f","angle":294.1,"snapDist":4,"label":0}},{"type":"Feature","geometry":{"type":"Point","coordinates":[20.020912,50.058801]},"properties":{"name":"Ogłęczyzna","lines":"113, 183","arr":["113","183"],"terminus":0,"mode":"bus","color":"#0059a9","colorDark":"#00294f","angle":7.1,"snapDist":4,"label":0}},{"type":"Feature","geometry":{"type":"Point","coordinates":[20.014987,50.056874]},"properties":{"name":"Siwka","lines":"113","arr":["113"],"terminus":0,"mode":"bus","color":"#0059a9","colorDark":"#00294f","angle":240,"snapDist":3,"label":0}},{"type":"Feature","geometry":{"type":"Point","coordinates":[20.02451,50.055653]},"properties":{"name":"Wiklinowa","lines":"113","arr":["113"],"terminus":0,"mode":"bus","color":"#0059a9","colorDark":"#00294f","angle":325.1,"snapDist":4,"label":0}},{"type":"Feature","geometry":{"type":"Point","coordinates":[20.021181,50.054813]},"properties":{"name":"Isep","lines":"113","arr":["113"],"terminus":0,"mode":"bus","color":"#0059a9","colorDark":"#00294f","angle":267.3,"snapDist":7,"label":0}},{"type":"Feature","geometry":{"type":"Point","coordinates":[20.014621,50.051246]},"properties":{"name":"Stręcka","lines":"113","arr":["113"],"terminus":0,"mode":"bus","color":"#0059a9","colorDark":"#00294f","angle":290.1,"snapDist":5,"label":0}},{"type":"Feature","geometry":{"type":"Point","coordinates":[20.008983,50.05032]},"properties":{"name":"Szafrańska","lines":"113","arr":["113"],"terminus":0,"mode":"bus","color":"#0059a9","colorDark":"#00294f","angle":356.2,"snapDist":3,"label":0}},{"type":"Feature","geometry":{"type":"Point","coordinates":[20.004302,50.05109]},"properties":{"name":"Elektrociepłownia","lines":"113","arr":["113"],"terminus":0,"mode":"bus","color":"#0059a9","colorDark":"#00294f","angle":23.8,"snapDist":5,"label":0}},{"type":"Feature","geometry":{"type":"Point","coordinates":[19.844449,50.006404]},"properties":{"name":"Podgórki Tynieckie","lines":"116, 162","arr":["116","162"],"terminus":1,"mode":"bus","color":"#0059a9","colorDark":"#00294f","angle":241.3,"snapDist":3,"label":1}},{"type":"Feature","geometry":{"type":"Point","coordinates":[19.858713,50.006048]},"properties":{"name":"Kozienicka","lines":"116","arr":["116"],"terminus":0,"mode":"bus","color":"#0059a9","colorDark":"#00294f","angle":273.6,"snapDist":3,"label":1}},{"type":"Feature","geometry":{"type":"Point","coordinates":[19.864719,50.005734]},"properties":{"name":"Orszy-Broniewskiego","lines":"116","arr":["116"],"terminus":0,"mode":"bus","color":"#0059a9","colorDark":"#00294f","angle":179.2,"snapDist":3,"label":1}},{"type":"Feature","geometry":{"type":"Point","coordinates":[19.871257,50.006695]},"properties":{"name":"Fort Skotniki","lines":"116","arr":["116"],"terminus":0,"mode":"bus","color":"#0059a9","colorDark":"#00294f","angle":176.8,"snapDist":4,"label":1}},{"type":"Feature","geometry":{"type":"Point","coordinates":[19.874672,50.009054]},"properties":{"name":"Skotniki Kościół","lines":"116, 156","arr":["116","156"],"terminus":0,"mode":"bus","color":"#0059a9","colorDark":"#00294f","angle":120.9,"snapDist":3,"label":1}},{"type":"Feature","geometry":{"type":"Point","coordinates":[19.875896,50.012501]},"properties":{"name":"Brücknera","lines":"116, 156","arr":["116","156"],"terminus":0,"mode":"bus","color":"#0059a9","colorDark":"#00294f","angle":92.2,"snapDist":3,"label":1}},{"type":"Feature","geometry":{"type":"Point","coordinates":[19.876463,50.016237]},"properties":{"name":"Skotniki Szkoła","lines":"116, 156, 203, 476","arr":["116","156","203","476"],"terminus":0,"mode":"bus","color":"#0059a9","colorDark":"#00294f","angle":194.7,"snapDist":7,"label":1}},{"type":"Feature","geometry":{"type":"Point","coordinates":[19.882126,50.016733]},"properties":{"name":"Mochnaniec","lines":"116, 156, 203, 476","arr":["116","156","203","476"],"terminus":0,"mode":"bus","color":"#0059a9","colorDark":"#00294f","angle":165.1,"snapDist":4,"label":1}},{"type":"Feature","geometry":{"type":"Point","coordinates":[19.881173,50.016571]},"properties":{"name":"Mochnaniec","lines":"116, 156, 203, 476","arr":["116","156","203","476"],"terminus":0,"mode":"bus","color":"#0059a9","colorDark":"#00294f","angle":344.6,"snapDist":3,"label":0}},{"type":"Feature","geometry":{"type":"Point","coordinates":[19.875426,50.016433]},"properties":{"name":"Skotniki Szkoła","lines":"116, 156","arr":["116","156"],"terminus":0,"mode":"bus","color":"#0059a9","colorDark":"#00294f","angle":232.4,"snapDist":10,"label":0}},{"type":"Feature","geometry":{"type":"Point","coordinates":[19.875839,50.011926]},"properties":{"name":"Brücknera","lines":"116, 156","arr":["116","156"],"terminus":0,"mode":"bus","color":"#0059a9","colorDark":"#00294f","angle":276.8,"snapDist":4,"label":0}},{"type":"Feature","geometry":{"type":"Point","coordinates":[19.873635,50.007331]},"properties":{"name":"Skotniki","lines":"116, 156","arr":["116","156"],"terminus":0,"mode":"bus","color":"#0059a9","colorDark":"#00294f","angle":267.6,"snapDist":4,"label":1}},{"type":"Feature","geometry":{"type":"Point","coordinates":[19.869412,50.006632]},"properties":{"name":"Fort Skotniki","lines":"116","arr":["116"],"terminus":0,"mode":"bus","color":"#0059a9","colorDark":"#00294f","angle":357.6,"snapDist":4,"label":0}},{"type":"Feature","geometry":{"type":"Point","coordinates":[19.864111,50.006473]},"properties":{"name":"Orszy-Broniewskiego","lines":"116","arr":["116"],"terminus":0,"mode":"bus","color":"#0059a9","colorDark":"#00294f","angle":358.5,"snapDist":2,"label":0}},{"type":"Feature","geometry":{"type":"Point","coordinates":[19.859191,50.006367]},"properties":{"name":"Kozienicka","lines":"116","arr":["116"],"terminus":0,"mode":"bus","color":"#0059a9","colorDark":"#00294f","angle":358.2,"snapDist":3,"label":0}},{"type":"Feature","geometry":{"type":"Point","coordinates":[19.936132,50.07484]},"properties":{"name":"Nowy Kleparz","lines":"120, 140, 337","arr":["120","140","337"],"terminus":1,"mode":"bus","color":"#0059a9","colorDark":"#00294f","angle":272.1,"snapDist":3,"label":1}},{"type":"Feature","geometry":{"type":"Point","coordinates":[19.936132,50.075489]},"properties":{"name":"Nowy Kleparz","lines":"120, 140, 420, 513, 669","arr":["120","140","420","513","669"],"terminus":0,"mode":"bus","color":"#0059a9","colorDark":"#00294f","angle":108.5,"snapDist":7,"label":0}},{"type":"Feature","geometry":{"type":"Point","coordinates":[19.936808,50.080946]},"properties":{"name":"Szpital Narutowicza","lines":"120, 140, 420, 513, 669","arr":["120","140","420","513","669"],"terminus":0,"mode":"bus","color":"#0059a9","colorDark":"#00294f","angle":36.4,"snapDist":7,"label":1}},{"type":"Feature","geometry":{"type":"Point","coordinates":[19.932052,50.084001]},"properties":{"name":"Bratysławska","lines":"120, 140, 420","arr":["120","140","420"],"terminus":0,"mode":"bus","color":"#0059a9","colorDark":"#00294f","angle":358.7,"snapDist":7,"label":1}},{"type":"Feature","geometry":{"type":"Point","coordinates":[19.923056,50.085541]},"properties":{"name":"Władysława Łokietka","lines":"120, 402, 420","arr":["120","402","420"],"terminus":0,"mode":"bus","color":"#0059a9","colorDark":"#00294f","angle":81.9,"snapDist":7,"label":1}},{"type":"Feature","geometry":{"type":"Point","coordinates":[19.923345,50.088781]},"properties":{"name":"Batalionu Skała AK","lines":"120, 144, 220, 240, 290, 420, 904","arr":["120","144","220","240","290","420","904"],"terminus":0,"mode":"bus","color":"#0059a9","colorDark":"#00294f","angle":51.2,"snapDist":7,"label":1}},{"type":"Feature","geometry":{"type":"Point","coordinates":[19.922262,50.092699]},"properties":{"name":"Wyki","lines":"120, 144, 150, 220, 240, 290, 402, 420, 904","arr":["120","144","150","220","240","290","402","420","904"],"terminus":0,"mode":"bus","color":"#0059a9","colorDark":"#00294f","angle":75.9,"snapDist":5,"label":1}},{"type":"Feature","geometry":{"type":"Point","coordinates":[19.917136,50.092491]},"properties":{"name":"Skrajna","lines":"120, 150, 220, 240, 290, 420","arr":["120","150","220","240","290","420"],"terminus":0,"mode":"bus","color":"#0059a9","colorDark":"#00294f","angle":48.6,"snapDist":3,"label":1}},{"type":"Feature","geometry":{"type":"Point","coordinates":[19.914467,50.095546]},"properties":{"name":"Jordanowska","lines":"120, 220, 240, 290, 420","arr":["120","220","240","290","420"],"terminus":0,"mode":"bus","color":"#0059a9","colorDark":"#00294f","angle":63.4,"snapDist":3,"label":1}},{"type":"Feature","geometry":{"type":"Point","coordinates":[19.912005,50.098564]},"properties":{"name":"Chabrowa","lines":"120, 220, 240, 290, 420","arr":["120","220","240","290","420"],"terminus":0,"mode":"bus","color":"#0059a9","colorDark":"#00294f","angle":65.9,"snapDist":4,"label":1}},{"type":"Feature","geometry":{"type":"Point","coordinates":[19.9094,50.101541]},"properties":{"name":"Starego Wiarusa","lines":"120, 220, 240, 420","arr":["120","220","240","420"],"terminus":0,"mode":"bus","color":"#0059a9","colorDark":"#00294f","angle":53.8,"snapDist":4,"label":1}},{"type":"Feature","geometry":{"type":"Point","coordinates":[19.907589,50.103462]},"properties":{"name":"Poziomkowa","lines":"120, 220, 240, 420","arr":["120","220","240","420"],"terminus":0,"mode":"bus","color":"#0059a9","colorDark":"#00294f","angle":60.6,"snapDist":4,"label":1}},{"type":"Feature","geometry":{"type":"Point","coordinates":[19.902556,50.108275]},"properties":{"name":"Gospodarska","lines":"120, 220, 240, 420","arr":["120","220","240","420"],"terminus":0,"mode":"bus","color":"#0059a9","colorDark":"#00294f","angle":48.3,"snapDist":4,"label":1}},{"type":"Feature","geometry":{"type":"Point","coordinates":[19.898693,50.11251]},"properties":{"name":"Jęczmienna","lines":"120, 220, 240, 420","arr":["120","220","240","420"],"terminus":0,"mode":"bus","color":"#0059a9","colorDark":"#00294f","angle":40.9,"snapDist":3,"label":1}},{"type":"Feature","geometry":{"type":"Point","coordinates":[19.893255,50.111809]},"properties":{"name":"Na Budzyniu","lines":"120, 420","arr":["120","420"],"terminus":0,"mode":"bus","color":"#0059a9","colorDark":"#00294f","angle":335.2,"snapDist":3,"label":1}},{"type":"Feature","geometry":{"type":"Point","coordinates":[19.886283,50.109804]},"properties":{"name":"Tonie","lines":"120","arr":["120"],"terminus":0,"mode":"bus","color":"#0059a9","colorDark":"#00294f","angle":346.7,"snapDist":4,"label":0}},{"type":"Feature","geometry":{"type":"Point","coordinates":[19.878653,50.108698]},"properties":{"name":"Gaik","lines":"120","arr":["120"],"terminus":0,"mode":"bus","color":"#0059a9","colorDark":"#00294f","angle":347.6,"snapDist":4,"label":1}},{"type":"Feature","geometry":{"type":"Point","coordinates":[19.880921,50.105233]},"properties":{"name":"Bronowice Wielkie","lines":"120","arr":["120"],"terminus":0,"mode":"bus","color":"#0059a9","colorDark":"#00294f","angle":234.7,"snapDist":4,"label":1}},{"type":"Feature","geometry":{"type":"Point","coordinates":[19.884087,50.100762]},"properties":{"name":"Ojcowska","lines":"120","arr":["120"],"terminus":0,"mode":"bus","color":"#0059a9","colorDark":"#00294f","angle":288.5,"snapDist":3,"label":1}},{"type":"Feature","geometry":{"type":"Point","coordinates":[19.883266,50.097109]},"properties":{"name":"Ojcowska Wągroda","lines":"120","arr":["120"],"terminus":0,"mode":"bus","color":"#0059a9","colorDark":"#00294f","angle":282.9,"snapDist":6,"label":1}},{"type":"Feature","geometry":{"type":"Point","coordinates":[19.882406,50.094459]},"properties":{"name":"Ojcowska Dworek","lines":"120","arr":["120"],"terminus":0,"mode":"bus","color":"#0059a9","colorDark":"#00294f","angle":271.8,"snapDist":3,"label":1}},{"type":"Feature","geometry":{"type":"Point","coordinates":[19.883729,50.089802]},"properties":{"name":"Katowicka","lines":"120, 238, 248, 268, 278, 288, 948","arr":["120","238","248","268","278","288","948"],"terminus":0,"mode":"bus","color":"#0059a9","colorDark":"#00294f","angle":211.2,"snapDist":8,"label":1}},{"type":"Feature","geometry":{"type":"Point","coordinates":[19.891152,50.086628]},"properties":{"name":"Rondo Ofiar Katynia","lines":"120, 173, 200, 210, 230, 238, 248, 268, 278, 288, 310, 511, 572, 611, 910, 948, LR0","arr":["120","173","200","210","230","238","248","268","278","288","310","511","572","611","910","948","LR0"],"terminus":0,"mode":"bus","color":"#0059a9","colorDark":"#00294f","angle":271.8,"snapDist":7,"label":0}},{"type":"Feature","geometry":{"type":"Point","coordinates":[19.890647,50.081525]},"properties":{"name":"Bronowice SKA","lines":"120, 173, 200, 210, 230, 238, 248, 268, 278, 288, 310, 511, 572, 611, 910, 948, LR0","arr":["120","173","200","210","230","238","248","268","278","288","310","511","572","611","910","948","LR0"],"terminus":0,"mode":"bus","color":"#0059a9","colorDark":"#00294f","angle":283.9,"snapDist":7,"label":1}},{"type":"Feature","geometry":{"type":"Point","coordinates":[19.888492,50.081683]},"properties":{"name":"Bronowice SKA","lines":"120","arr":["120"],"terminus":0,"mode":"bus","color":"#0059a9","colorDark":"#00294f","angle":17.5,"snapDist":7,"label":0}},{"type":"Feature","geometry":{"type":"Point","coordinates":[19.883498,50.082139]},"properties":{"name":"Bronowice Małe","lines":"120, 164, 199, 200, 210, 230, 572, 601, 910, 948","arr":["120","164","199","200","210","230","572","601","910","948"],"terminus":0,"mode":"bus","color":"#0059a9","colorDark":"#00294f","angle":1.3,"snapDist":7,"label":0}},{"type":"Feature","geometry":{"type":"Point","coordinates":[19.875609,50.081518]},"properties":{"name":"Giełda Balicka","lines":"120, 164, 199, 218, 228, 298, 601, 918","arr":["120","164","199","218","228","298","601","918"],"terminus":0,"mode":"bus","color":"#0059a9","colorDark":"#00294f","angle":339.5,"snapDist":4,"label":1}},{"type":"Feature","geometry":{"type":"Point","coordinates":[19.87051,50.08006]},"properties":{"name":"Lindego","lines":"120, 572","arr":["120","572"],"terminus":1,"mode":"bus","color":"#0059a9","colorDark":"#00294f","angle":96.4,"snapDist":9,"label":1}},{"type":"Feature","geometry":{"type":"Point","coordinates":[19.883032,50.082145]},"properties":{"name":"Bronowice Małe","lines":"120, 238, 248, 258, 268, 278, 288, 572, 664, 704, 708, 910, 948","arr":["120","238","248","258","268","278","288","572","664","704","708","910","948"],"terminus":1,"mode":"bus","color":"#0059a9","colorDark":"#00294f","angle":181,"snapDist":7,"label":1}},{"type":"Feature","geometry":{"type":"Point","coordinates":[19.890557,50.080837]},"properties":{"name":"Bronowice SKA","lines":"120, 164, 173, 199, 200, 210, 230, 238, 248, 258, 268, 278, 288, 310, 511, 572, 601, 611, 910, 948, LR0","arr":["120","164","173","199","200","210","230","238","248","258","268","278","288","310","511","572","601","611","910","948","LR0"],"terminus":0,"mode":"bus","color":"#0059a9","colorDark":"#00294f","angle":104.1,"snapDist":8,"label":0}},{"type":"Feature","geometry":{"type":"Point","coordinates":[19.890788,50.087618]},"properties":{"name":"Rondo Ofiar Katynia","lines":"120, 238, 248, 258, 268, 278, 288, 948","arr":["120","238","248","258","268","278","288","948"],"terminus":1,"mode":"bus","color":"#0059a9","colorDark":"#00294f","angle":0.9,"snapDist":7,"label":1}},{"type":"Feature","geometry":{"type":"Point","coordinates":[19.882073,50.090677]},"properties":{"name":"Katowicka","lines":"120, 238, 248, 258, 268, 278, 288, 948","arr":["120","238","248","258","268","278","288","948"],"terminus":0,"mode":"bus","color":"#0059a9","colorDark":"#00294f","angle":34.5,"snapDist":7,"label":0}},{"type":"Feature","geometry":{"type":"Point","coordinates":[19.882403,50.094391]},"properties":{"name":"Ojcowska Dworek","lines":"120","arr":["120"],"terminus":0,"mode":"bus","color":"#0059a9","colorDark":"#00294f","angle":91.8,"snapDist":3,"label":0}},{"type":"Feature","geometry":{"type":"Point","coordinates":[19.883401,50.0978]},"properties":{"name":"Ojcowska Wągroda","lines":"120","arr":["120"],"terminus":0,"mode":"bus","color":"#0059a9","colorDark":"#00294f","angle":89.7,"snapDist":2,"label":0}},{"type":"Feature","geometry":{"type":"Point","coordinates":[19.884208,50.100996]},"properties":{"name":"Ojcowska","lines":"120","arr":["120"],"terminus":0,"mode":"bus","color":"#0059a9","colorDark":"#00294f","angle":106,"snapDist":2,"label":0}},{"type":"Feature","geometry":{"type":"Point","coordinates":[19.880069,50.106016]},"properties":{"name":"Bronowice Wielkie","lines":"120","arr":["120"],"terminus":0,"mode":"bus","color":"#0059a9","colorDark":"#00294f","angle":54.9,"snapDist":3,"label":0}},{"type":"Feature","geometry":{"type":"Point","coordinates":[19.879032,50.108751]},"properties":{"name":"Gaik","lines":"120","arr":["120"],"terminus":0,"mode":"bus","color":"#0059a9","colorDark":"#00294f","angle":166.5,"snapDist":2,"label":0}},{"type":"Feature","geometry":{"type":"Point","coordinates":[19.88589,50.109747]},"properties":{"name":"Tonie","lines":"120","arr":["120"],"terminus":0,"mode":"bus","color":"#0059a9","colorDark":"#00294f","angle":167.2,"snapDist":3,"label":0}},{"type":"Feature","geometry":{"type":"Point","coordinates":[19.893582,50.111905]},"properties":{"name":"Na Budzyniu","lines":"120, 420","arr":["120","420"],"terminus":0,"mode":"bus","color":"#0059a9","colorDark":"#00294f","angle":155.4,"snapDist":3,"label":0}},{"type":"Feature","geometry":{"type":"Point","coordinates":[19.898349,50.112711]},"properties":{"name":"Jęczmienna","lines":"120, 220, 240, 420","arr":["120","220","240","420"],"terminus":0,"mode":"bus","color":"#0059a9","colorDark":"#00294f","angle":222,"snapDist":3,"label":0}},{"type":"Feature","geometry":{"type":"Point","coordinates":[19.903177,50.107809]},"properties":{"name":"Gospodarska","lines":"120, 220, 240, 420","arr":["120","220","240","420"],"terminus":0,"mode":"bus","color":"#0059a9","colorDark":"#00294f","angle":231.1,"snapDist":3,"label":0}},{"type":"Feature","geometry":{"type":"Point","coordinates":[19.906707,50.104278]},"properties":{"name":"Poziomkowa","lines":"120, 220, 240, 420","arr":["120","220","240","420"],"terminus":0,"mode":"bus","color":"#0059a9","colorDark":"#00294f","angle":232.5,"snapDist":3,"label":0}},{"type":"Feature","geometry":{"type":"Point","coordinates":[19.910613,50.100245]},"properties":{"name":"Starego Wiarusa","lines":"120, 220, 240, 290, 420","arr":["120","220","240","290","420"],"terminus":0,"mode":"bus","color":"#0059a9","colorDark":"#00294f","angle":241.1,"snapDist":3,"label":0}},{"type":"Feature","geometry":{"type":"Point","coordinates":[19.912629,50.097692]},"properties":{"name":"Chabrowa","lines":"120, 220, 240, 290, 420","arr":["120","220","240","290","420"],"terminus":0,"mode":"bus","color":"#0059a9","colorDark":"#00294f","angle":244.7,"snapDist":3,"label":0}},{"type":"Feature","geometry":{"type":"Point","coordinates":[19.915,50.094863]},"properties":{"name":"Jordanowska","lines":"120, 150, 220, 240, 290, 420","arr":["120","150","220","240","290","420"],"terminus":0,"mode":"bus","color":"#0059a9","colorDark":"#00294f","angle":243.7,"snapDist":3,"label":0}},{"type":"Feature","geometry":{"type":"Point","coordinates":[19.918152,50.092357]},"properties":{"name":"Skrajna","lines":"120, 150, 220, 240, 290, 420","arr":["120","150","220","240","290","420"],"terminus":0,"mode":"bus","color":"#0059a9","colorDark":"#00294f","angle":156,"snapDist":3,"label":0}},{"type":"Feature","geometry":{"type":"Point","coordinates":[19.922242,50.092749]},"properties":{"name":"Wyki","lines":"120, 144, 150, 220, 240, 290, 402, 420, 904","arr":["120","144","150","220","240","290","402","420","904"],"terminus":0,"mode":"bus","color":"#0059a9","colorDark":"#00294f","angle":255.4,"snapDist":8,"label":0}},{"type":"Feature","geometry":{"type":"Point","coordinates":[19.923542,50.087901]},"properties":{"name":"Batalionu Skała AK","lines":"120, 138, 144, 168, 194, 420, 904","arr":["120","138","144","168","194","420","904"],"terminus":0,"mode":"bus","color":"#0059a9","colorDark":"#00294f","angle":299.1,"snapDist":7,"label":0}},{"type":"Feature","geometry":{"type":"Point","coordinates":[19.922923,50.086275]},"properties":{"name":"Władysława Łokietka","lines":"120, 402, 420","arr":["120","402","420"],"terminus":0,"mode":"bus","color":"#0059a9","colorDark":"#00294f","angle":265.4,"snapDist":7,"label":0}},{"type":"Feature","geometry":{"type":"Point","coordinates":[19.933975,50.083265]},"properties":{"name":"Bratysławska","lines":"120, 140, 420, 513, 669","arr":["120","140","420","513","669"],"terminus":0,"mode":"bus","color":"#0059a9","colorDark":"#00294f","angle":242.6,"snapDist":6,"label":0}},{"type":"Feature","geometry":{"type":"Point","coordinates":[19.936995,50.080858]},"properties":{"name":"Szpital Narutowicza","lines":"120, 140, 420, 513, 669","arr":["120","140","420","513","669"],"terminus":0,"mode":"bus","color":"#0059a9","colorDark":"#00294f","angle":216.4,"snapDist":7,"label":0}},{"type":"Feature","geometry":{"type":"Point","coordinates":[19.911619,49.995364]},"properties":{"name":"Kliny Poranne","lines":"121","arr":["121"],"terminus":1,"mode":"bus","color":"#0059a9","colorDark":"#00294f","angle":354,"snapDist":3,"label":1}},{"type":"Feature","geometry":{"type":"Point","coordinates":[19.914402,49.995382]},"properties":{"name":"Chorzowska","lines":"121","arr":["121"],"terminus":0,"mode":"bus","color":"#0059a9","colorDark":"#00294f","angle":93,"snapDist":3,"label":1}},{"type":"Feature","geometry":{"type":"Point","coordinates":[19.914493,49.99859]},"properties":{"name":"Zagaje","lines":"121","arr":["121"],"terminus":0,"mode":"bus","color":"#0059a9","colorDark":"#00294f","angle":105.5,"snapDist":4,"label":1}},{"type":"Feature","geometry":{"type":"Point","coordinates":[19.91678,50.000882]},"properties":{"name":"Judyma Szkoła","lines":"121","arr":["121"],"terminus":0,"mode":"bus","color":"#0059a9","colorDark":"#00294f","angle":149.5,"snapDist":3,"label":1}},{"type":"Feature","geometry":{"type":"Point","coordinates":[19.912667,50.000538]},"properties":{"name":"Os. Kliny","lines":"121","arr":["121"],"terminus":0,"mode":"bus","color":"#0059a9","colorDark":"#00294f","angle":274.3,"snapDist":3,"label":1}},{"type":"Feature","geometry":{"type":"Point","coordinates":[19.90651,50.008024]},"properties":{"name":"Las Borkowski","lines":"121, 151, 204, 293","arr":["121","151","204","293"],"terminus":0,"mode":"bus","color":"#0059a9","colorDark":"#00294f","angle":134.4,"snapDist":7,"label":1}},{"type":"Feature","geometry":{"type":"Point","coordinates":[19.915034,50.008762]},"properties":{"name":"Cmentarz Borek Fałęcki","lines":"121, 204, 293","arr":["121","204","293"],"terminus":0,"mode":"bus","color":"#0059a9","colorDark":"#00294f","angle":232,"snapDist":8,"label":1}},{"type":"Feature","geometry":{"type":"Point","coordinates":[19.925349,50.007369]},"properties":{"name":"Góra Borkowska","lines":"121, 175, 191, 204, 214, 215, 225, 235, 243, 245, 254, 255, 265, 275, 285, 293, 475, 610, 915","arr":["121","175","191","204","214","215","225","235","243","245","254","255","265","275","285","293","475","610","915"],"terminus":0,"mode":"bus","color":"#0059a9","colorDark":"#00294f","angle":6.4,"snapDist":7,"label":1}},{"type":"Feature","geometry":{"type":"Point","coordinates":[19.926645,50.011341]},"properties":{"name":"Borek Fałęcki","lines":"121, 151, 175, 191, 204, 214, 215, 225, 235, 243, 245, 254, 255, 265, 275, 285, 293, 475, 610","arr":["121","151","175","191","204","214","215","225","235","243","245","254","255","265","275","285","293","475","610"],"terminus":1,"mode":"bus","color":"#0059a9","colorDark":"#00294f","angle":136.4,"snapDist":8,"label":1}},{"type":"Feature","geometry":{"type":"Point","coordinates":[19.924544,50.00739]},"properties":{"name":"Góra Borkowska","lines":"121, 204, 293","arr":["121","204","293"],"terminus":0,"mode":"bus","color":"#0059a9","colorDark":"#00294f","angle":10,"snapDist":2,"label":0}},{"type":"Feature","geometry":{"type":"Point","coordinates":[19.913676,50.009472]},"properties":{"name":"Cmentarz Borek Fałęcki","lines":"121, 204, 293","arr":["121","204","293"],"terminus":0,"mode":"bus","color":"#0059a9","colorDark":"#00294f","angle":14.5,"snapDist":7,"label":0}},{"type":"Feature","geometry":{"type":"Point","coordinates":[19.9072,50.008477]},"properties":{"name":"Las Borkowski","lines":"121, 151, 204, 293","arr":["121","151","204","293"],"terminus":0,"mode":"bus","color":"#0059a9","colorDark":"#00294f","angle":313.4,"snapDist":7,"label":0}},{"type":"Feature","geometry":{"type":"Point","coordinates":[20.043855,50.106217]},"properties":{"name":"Zesławice","lines":"122","arr":["122"],"terminus":1,"mode":"bus","color":"#0059a9","colorDark":"#00294f","angle":41.1,"snapDist":4,"label":1}},{"type":"Feature","geometry":{"type":"Point","coordinates":[20.049694,50.105688]},"properties":{"name":"Zesławice Ogródki Działkowe","lines":"122","arr":["122"],"terminus":0,"mode":"bus","color":"#0059a9","colorDark":"#00294f","angle":202.4,"snapDist":5,"label":1}},{"type":"Feature","geometry":{"type":"Point","coordinates":[20.061791,50.10419]},"properties":{"name":"Kantorowice","lines":"122","arr":["122"],"terminus":0,"mode":"bus","color":"#0059a9","colorDark":"#00294f","angle":181.3,"snapDist":4,"label":1}},{"type":"Feature","geometry":{"type":"Point","coordinates":[20.071921,50.104073]},"properties":{"name":"Morcinka","lines":"122","arr":["122"],"terminus":0,"mode":"bus","color":"#0059a9","colorDark":"#00294f","angle":181.5,"snapDist":4,"label":1}},{"type":"Feature","geometry":{"type":"Point","coordinates":[20.06943,50.101301]},"properties":{"name":"Jubileuszowa","lines":"122, 180, 202, 212, 222, 232, 262","arr":["122","180","202","212","222","232","262"],"terminus":0,"mode":"bus","color":"#0059a9","colorDark":"#00294f","angle":306.2,"snapDist":4,"label":1}},{"type":"Feature","geometry":{"type":"Point","coordinates":[20.064676,50.094899]},"properties":{"name":"Wzgórza Krzesławickie","lines":"122, 149, 180, 202, 212, 222, 232, 262, 608","arr":["122","149","180","202","212","222","232","262","608"],"terminus":0,"mode":"bus","color":"#0059a9","colorDark":"#00294f","angle":299,"snapDist":7,"label":1}},{"type":"Feature","geometry":{"type":"Point","coordinates":[20.060302,50.092015]},"properties":{"name":"Jarzębiny","lines":"122, 149, 180, 202, 212, 222, 232, 262, 608","arr":["122","149","180","202","212","222","232","262","608"],"terminus":0,"mode":"bus","color":"#0059a9","colorDark":"#00294f","angle":328.3,"snapDist":7,"label":1}},{"type":"Feature","geometry":{"type":"Point","coordinates":[20.056406,50.093566]},"properties":{"name":"Os. Na Stoku Szkoła","lines":"122, 180, 601, 608","arr":["122","180","601","608"],"terminus":0,"mode":"bus","color":"#0059a9","colorDark":"#00294f","angle":-124.3,"snapDist":9,"label":1}},{"type":"Feature","geometry":{"type":"Point","coordinates":[20.050825,50.09579]},"properties":{"name":"Leszka Białego","lines":"122, 182, 511, 601, 608","arr":["122","182","511","601","608"],"terminus":0,"mode":"bus","color":"#0059a9","colorDark":"#00294f","angle":354.5,"snapDist":3,"label":1}},{"type":"Feature","geometry":{"type":"Point","coordinates":[20.04728,50.095048]},"properties":{"name":"Jana Kazimierza","lines":"122, 182, 511, 601, 608","arr":["122","182","511","601","608"],"terminus":0,"mode":"bus","color":"#0059a9","colorDark":"#00294f","angle":337.3,"snapDist":7,"label":1}},{"type":"Feature","geometry":{"type":"Point","coordinates":[20.041606,50.095466]},"properties":{"name":"Władysława Jagiełły","lines":"122, 182, 511, 601, 608","arr":["122","182","511","601","608"],"terminus":0,"mode":"bus","color":"#0059a9","colorDark":"#00294f","angle":336.7,"snapDist":7,"label":1}},{"type":"Feature","geometry":{"type":"Point","coordinates":[20.036781,50.095022]},"properties":{"name":"Petőfiego","lines":"122, 182, 601, 608","arr":["122","182","601","608"],"terminus":0,"mode":"bus","color":"#0059a9","colorDark":"#00294f","angle":316.4,"snapDist":4,"label":1}},{"type":"Feature","geometry":{"type":"Point","coordinates":[20.032817,50.091272]},"properties":{"name":"Zajezdnia Bieńczyce","lines":"122, 138, 608","arr":["122","138","608"],"terminus":0,"mode":"bus","color":"#0059a9","colorDark":"#00294f","angle":292.7,"snapDist":5,"label":0}},{"type":"Feature","geometry":{"type":"Point","coordinates":[20.038116,50.089251]},"properties":{"name":"Nad Dłubnią","lines":"122, 138, 608","arr":["122","138","608"],"terminus":0,"mode":"bus","color":"#0059a9","colorDark":"#00294f","angle":201.6,"snapDist":5,"label":1}},{"type":"Feature","geometry":{"type":"Point","coordinates":[20.042094,50.08937]},"properties":{"name":"Makuszyńskiego","lines":"122, 138, 608","arr":["122","138","608"],"terminus":0,"mode":"bus","color":"#0059a9","colorDark":"#00294f","angle":174.9,"snapDist":5,"label":1}},{"type":"Feature","geometry":{"type":"Point","coordinates":[20.047254,50.088231]},"properties":{"name":"Wańkowicza","lines":"122, 138, 608","arr":["122","138","608"],"terminus":0,"mode":"bus","color":"#0059a9","colorDark":"#00294f","angle":282.2,"snapDist":5,"label":1}},{"type":"Feature","geometry":{"type":"Point","coordinates":[20.038806,50.085617]},"properties":{"name":"Cienista","lines":"122, 160, 202, 212, 222, 232, 262, 608","arr":["122","160","202","212","222","232","262","608"],"terminus":0,"mode":"bus","color":"#0059a9","colorDark":"#00294f","angle":324.6,"snapDist":4,"label":1}},{"type":"Feature","geometry":{"type":"Point","coordinates":[20.032057,50.082028]},"properties":{"name":"Teatr Ludowy","lines":"122, 202, 212, 222, 232, 262, 608","arr":["122","202","212","222","232","262","608"],"terminus":0,"mode":"bus","color":"#0059a9","colorDark":"#00294f","angle":318.9,"snapDist":6,"label":1}},{"type":"Feature","geometry":{"type":"Point","coordinates":[20.028175,50.078851]},"properties":{"name":"Rondo Kocmyrzowskie im. ks. Gorzelanego","lines":"122, 189, 572","arr":["122","189","572"],"terminus":0,"mode":"bus","color":"#0059a9","colorDark":"#00294f","angle":229.6,"snapDist":7,"label":1}},{"type":"Feature","geometry":{"type":"Point","coordinates":[20.031324,50.076464]},"properties":{"name":"Os. Zgody","lines":"122, 189, 502, 572","arr":["122","189","502","572"],"terminus":0,"mode":"bus","color":"#0059a9","colorDark":"#00294f","angle":230.4,"snapDist":4,"label":1}},{"type":"Feature","geometry":{"type":"Point","coordinates":[20.033993,50.075238]},"properties":{"name":"Aleja Przyjaźni","lines":"122, 160","arr":["122","160"],"terminus":1,"mode":"bus","color":"#0059a9","colorDark":"#00294f","angle":120.6,"snapDist":17,"label":1}},{"type":"Feature","geometry":{"type":"Point","coordinates":[20.030701,50.077169]},"properties":{"name":"Os. Zgody","lines":"122, 189, 502, 572","arr":["122","189","502","572"],"terminus":0,"mode":"bus","color":"#0059a9","colorDark":"#00294f","angle":49.4,"snapDist":4,"label":0}},{"type":"Feature","geometry":{"type":"Point","coordinates":[20.028705,50.080022]},"properties":{"name":"Rondo Kocmyrzowskie im. ks. Gorzelanego","lines":"122, 202, 212, 222, 232, 262, 608","arr":["122","202","212","222","232","262","608"],"terminus":0,"mode":"bus","color":"#0059a9","colorDark":"#00294f","angle":151.1,"snapDist":7,"label":0}},{"type":"Feature","geometry":{"type":"Point","coordinates":[20.032924,50.082251]},"properties":{"name":"Teatr Ludowy","lines":"122, 202, 212, 222, 232, 262, 608","arr":["122","202","212","222","232","262","608"],"terminus":0,"mode":"bus","color":"#0059a9","colorDark":"#00294f","angle":139.2,"snapDist":6,"label":0}},{"type":"Feature","geometry":{"type":"Point","coordinates":[20.039121,50.085532]},"properties":{"name":"Cienista","lines":"122, 160, 202, 212, 222, 232, 262, 608","arr":["122","160","202","212","222","232","262","608"],"terminus":0,"mode":"bus","color":"#0059a9","colorDark":"#00294f","angle":142.9,"snapDist":6,"label":0}},{"type":"Feature","geometry":{"type":"Point","coordinates":[20.045911,50.086949]},"properties":{"name":"Wańkowicza","lines":"122, 160, 202, 212, 222, 232, 262, 608","arr":["122","160","202","212","222","232","262","608"],"terminus":0,"mode":"bus","color":"#0059a9","colorDark":"#00294f","angle":171.2,"snapDist":9,"label":0}},{"type":"Feature","geometry":{"type":"Point","coordinates":[20.043796,50.089469]},"properties":{"name":"Makuszyńskiego","lines":"122, 138, 608","arr":["122","138","608"],"terminus":0,"mode":"bus","color":"#0059a9","colorDark":"#00294f","angle":354.9,"snapDist":5,"label":0}},{"type":"Feature","geometry":{"type":"Point","coordinates":[20.040238,50.089268]},"properties":{"name":"Nad Dłubnią","lines":"122, 138, 608","arr":["122","138","608"],"terminus":0,"mode":"bus","color":"#0059a9","colorDark":"#00294f","angle":355.2,"snapDist":7,"label":0}},{"type":"Feature","geometry":{"type":"Point","coordinates":[20.032761,50.091186]},"properties":{"name":"Zajezdnia Bieńczyce","lines":"122, 138, 601, 608","arr":["122","138","601","608"],"terminus":1,"mode":"bus","color":"#0059a9","colorDark":"#00294f","angle":112.7,"snapDist":5,"label":1}},{"type":"Feature","geometry":{"type":"Point","coordinates":[20.036803,50.095036]},"properties":{"name":"Petőfiego","lines":"122, 182, 601, 608","arr":["122","182","601","608"],"terminus":0,"mode":"bus","color":"#0059a9","colorDark":"#00294f","angle":137,"snapDist":4,"label":0}},{"type":"Feature","geometry":{"type":"Point","coordinates":[20.040042,50.095013]},"properties":{"name":"Władysława Jagiełły","lines":"122, 182, 511, 601, 608","arr":["122","182","511","601","608"],"terminus":0,"mode":"bus","color":"#0059a9","colorDark":"#00294f","angle":157.4,"snapDist":5,"label":0}},{"type":"Feature","geometry":{"type":"Point","coordinates":[20.047022,50.094979]},"properties":{"name":"Jana Kazimierza","lines":"122, 182, 511, 601, 608","arr":["122","182","511","601","608"],"terminus":0,"mode":"bus","color":"#0059a9","colorDark":"#00294f","angle":157.5,"snapDist":7,"label":0}},{"type":"Feature","geometry":{"type":"Point","coordinates":[20.051744,50.095846]},"properties":{"name":"Leszka Białego","lines":"122, 182, 511, 601, 608","arr":["122","182","511","601","608"],"terminus":0,"mode":"bus","color":"#0059a9","colorDark":"#00294f","angle":174.4,"snapDist":4,"label":0}},{"type":"Feature","geometry":{"type":"Point","coordinates":[20.056401,50.093221]},"properties":{"name":"Os. Na Stoku Szkoła","lines":"122, 180, 601, 608","arr":["122","180","601","608"],"terminus":0,"mode":"bus","color":"#0059a9","colorDark":"#00294f","angle":242.2,"snapDist":5,"label":0}},{"type":"Feature","geometry":{"type":"Point","coordinates":[20.060516,50.091958]},"properties":{"name":"Jarzębiny","lines":"122, 149, 180, 202, 212, 222, 232, 262, 608","arr":["122","149","180","202","212","222","232","262","608"],"terminus":0,"mode":"bus","color":"#0059a9","colorDark":"#00294f","angle":149.5,"snapDist":6,"label":0}},{"type":"Feature","geometry":{"type":"Point","coordinates":[20.065406,50.095491]},"properties":{"name":"Wzgórza Krzesławickie","lines":"122, 149, 180, 202, 212, 222, 232, 262","arr":["122","149","180","202","212","222","232","262"],"terminus":0,"mode":"bus","color":"#0059a9","colorDark":"#00294f","angle":119.9,"snapDist":7,"label":0}},{"type":"Feature","geometry":{"type":"Point","coordinates":[20.069548,50.101405]},"properties":{"name":"Jubileuszowa","lines":"122, 202, 212, 222, 232, 262","arr":["122","202","212","222","232","262"],"terminus":0,"mode":"bus","color":"#0059a9","colorDark":"#00294f","angle":125.6,"snapDist":3,"label":0}},{"type":"Feature","geometry":{"type":"Point","coordinates":[20.071209,50.104085]},"properties":{"name":"Morcinka","lines":"122","arr":["122"],"terminus":0,"mode":"bus","color":"#0059a9","colorDark":"#00294f","angle":1.5,"snapDist":4,"label":0}},{"type":"Feature","geometry":{"type":"Point","coordinates":[20.061819,50.104189]},"properties":{"name":"Kantorowice","lines":"122","arr":["122"],"terminus":0,"mode":"bus","color":"#0059a9","colorDark":"#00294f","angle":1.3,"snapDist":3,"label":0}},{"type":"Feature","geometry":{"type":"Point","coordinates":[20.048722,50.105891]},"properties":{"name":"Zesławice Ogródki Działkowe","lines":"122","arr":["122"],"terminus":0,"mode":"bus","color":"#0059a9","colorDark":"#00294f","angle":9.8,"snapDist":3,"label":0}},{"type":"Feature","geometry":{"type":"Point","coordinates":[19.996158,50.095879]},"properties":{"name":"Mistrzejowice","lines":"123, 183, 482","arr":["123","183","482"],"terminus":1,"mode":"bus","color":"#0059a9","colorDark":"#00294f","angle":133.3,"snapDist":2,"label":1}},{"type":"Feature","geometry":{"type":"Point","coordinates":[20.000549,50.094451]},"properties":{"name":"Miśnieńska","lines":"123, 132, 139, 182, 601","arr":["123","132","139","182","601"],"terminus":0,"mode":"bus","color":"#0059a9","colorDark":"#00294f","angle":199.9,"snapDist":6,"label":1}},{"type":"Feature","geometry":{"type":"Point","coordinates":[20.004057,50.093993]},"properties":{"name":"Os. Złotego Wieku","lines":"123, 132, 139, 182, 601","arr":["123","132","139","182","601"],"terminus":0,"mode":"bus","color":"#0059a9","colorDark":"#00294f","angle":189.8,"snapDist":7,"label":1}},{"type":"Feature","geometry":{"type":"Point","coordinates":[20.006376,50.092863]},"properties":{"name":"Łęczycka","lines":"123","arr":["123"],"terminus":0,"mode":"bus","color":"#0059a9","colorDark":"#00294f","angle":275.6,"snapDist":8,"label":1}},{"type":"Feature","geometry":{"type":"Point","coordinates":[20.00436,50.090253]},"properties":{"name":"Cedyńska","lines":"123","arr":["123"],"terminus":0,"mode":"bus","color":"#0059a9","colorDark":"#00294f","angle":309.8,"snapDist":5,"label":1}},{"type":"Feature","geometry":{"type":"Point","coordinates":[20.002115,50.087642]},"properties":{"name":"Wiślicka","lines":"123, 138, 189, 502, 511, 572, 608, 611","arr":["123","138","189","502","511","572","608","611"],"terminus":0,"mode":"bus","color":"#0059a9","colorDark":"#00294f","angle":176.9,"snapDist":7,"label":1}},{"type":"Feature","geometry":{"type":"Point","coordinates":[20.009575,50.086466]},"properties":{"name":"Os. Strusia","lines":"123, 189, 502, 608, 611","arr":["123","189","502","608","611"],"terminus":0,"mode":"bus","color":"#0059a9","colorDark":"#00294f","angle":194.5,"snapDist":4,"label":1}},{"type":"Feature","geometry":{"type":"Point","coordinates":[20.013781,50.086606]},"properties":{"name":"Os. Na Lotnisku","lines":"123","arr":["123"],"terminus":0,"mode":"bus","color":"#0059a9","colorDark":"#00294f","angle":104.2,"snapDist":7,"label":1}},{"type":"Feature","geometry":{"type":"Point","coordinates":[20.016655,50.090651]},"properties":{"name":"Dunikowskiego","lines":"123","arr":["123"],"terminus":0,"mode":"bus","color":"#0059a9","colorDark":"#00294f","angle":122.7,"snapDist":6,"label":1}},{"type":"Feature","geometry":{"type":"Point","coordinates":[20.023811,50.090125]},"properties":{"name":"Rondo Hipokratesa","lines":"123, 132, 139, 163, 601","arr":["123","132","139","163","601"],"terminus":0,"mode":"bus","color":"#0059a9","colorDark":"#00294f","angle":196.9,"snapDist":8,"label":1}},{"type":"Feature","geometry":{"type":"Point","coordinates":[20.027641,50.087937]},"properties":{"name":"Os. Jagiellońskie","lines":"123, 132, 139, 163, 601","arr":["123","132","139","163","601"],"terminus":0,"mode":"bus","color":"#0059a9","colorDark":"#00294f","angle":256.8,"snapDist":8,"label":1}},{"type":"Feature","geometry":{"type":"Point","coordinates":[20.030474,50.083539]},"properties":{"name":"Arka Pana","lines":"123, 132, 139, 163, 601","arr":["123","132","139","163","601"],"terminus":0,"mode":"bus","color":"#0059a9","colorDark":"#00294f","angle":227.9,"snapDist":8,"label":1}},{"type":"Feature","geometry":{"type":"Point","coordinates":[20.033496,50.081352]},"properties":{"name":"Teatr Ludowy","lines":"123, 132, 139, 160, 163, 601","arr":["123","132","139","160","163","601"],"terminus":0,"mode":"bus","color":"#0059a9","colorDark":"#00294f","angle":229.9,"snapDist":9,"label":0}},{"type":"Feature","geometry":{"type":"Point","coordinates":[20.041262,50.081095]},"properties":{"name":"Os. Górali","lines":"123, 132","arr":["123","132"],"terminus":0,"mode":"bus","color":"#0059a9","colorDark":"#00294f","angle":191.9,"snapDist":4,"label":1}},{"type":"Feature","geometry":{"type":"Point","coordinates":[20.04552,50.079054]},"properties":{"name":"Os. Zielone","lines":"123, 132","arr":["123","132"],"terminus":0,"mode":"bus","color":"#0059a9","colorDark":"#00294f","angle":303.8,"snapDist":11,"label":1}},{"type":"Feature","geometry":{"type":"Point","coordinates":[20.046623,50.07515]},"properties":{"name":"Struga","lines":"123","arr":["123"],"terminus":0,"mode":"bus","color":"#0059a9","colorDark":"#00294f","angle":247.5,"snapDist":9,"label":1}},{"type":"Feature","geometry":{"type":"Point","coordinates":[20.050287,50.07328]},"properties":{"name":"Orkana","lines":"123, 601","arr":["123","601"],"terminus":0,"mode":"bus","color":"#0059a9","colorDark":"#00294f","angle":195.3,"snapDist":5,"label":1}},{"type":"Feature","geometry":{"type":"Point","coordinates":[20.053829,50.072228]},"properties":{"name":"Os. Willowe","lines":"123, 163, 174, 601","arr":["123","163","174","601"],"terminus":0,"mode":"bus","color":"#0059a9","colorDark":"#00294f","angle":281.8,"snapDist":7,"label":1}},{"type":"Feature","geometry":{"type":"Point","coordinates":[20.051866,50.068755]},"properties":{"name":"Klasztorna","lines":"123, 149, 163, 174, 601","arr":["123","149","163","174","601"],"terminus":0,"mode":"bus","color":"#0059a9","colorDark":"#00294f","angle":15.5,"snapDist":6,"label":1}},{"type":"Feature","geometry":{"type":"Point","coordinates":[20.048637,50.069338]},"properties":{"name":"Os. Wandy","lines":"123, 163","arr":["123","163"],"terminus":0,"mode":"bus","color":"#0059a9","colorDark":"#00294f","angle":15.7,"snapDist":6,"label":1}},{"type":"Feature","geometry":{"type":"Point","coordinates":[20.045264,50.068498]},"properties":{"name":"Os. Na Skarpie","lines":"123, 163","arr":["123","163"],"terminus":0,"mode":"bus","color":"#0059a9","colorDark":"#00294f","angle":284.4,"snapDist":5,"label":1}},{"type":"Feature","geometry":{"type":"Point","coordinates":[20.046937,50.06643]},"properties":{"name":"Szpital Żeromskiego","lines":"123, 163","arr":["123","163"],"terminus":0,"mode":"bus","color":"#0059a9","colorDark":"#00294f","angle":195.4,"snapDist":5,"label":1}},{"type":"Feature","geometry":{"type":"Point","coordinates":[20.05116,50.066104]},"properties":{"name":"Sieroszewskiego","lines":"123, 163","arr":["123","163"],"terminus":0,"mode":"bus","color":"#0059a9","colorDark":"#00294f","angle":180.3,"snapDist":4,"label":1}},{"type":"Feature","geometry":{"type":"Point","coordinates":[20.052133,50.065289]},"properties":{"name":"Klasztor Cystersów","lines":"123, 163","arr":["123","163"],"terminus":0,"mode":"bus","color":"#0059a9","colorDark":"#00294f","angle":270.7,"snapDist":7,"label":1}},{"type":"Feature","geometry":{"type":"Point","coordinates":[20.050266,50.05934]},"properties":{"name":"Stare Wiślisko","lines":"123, 163","arr":["123","163"],"terminus":0,"mode":"bus","color":"#0059a9","colorDark":"#00294f","angle":270.3,"snapDist":3,"label":1}},{"type":"Feature","geometry":{"type":"Point","coordinates":[20.049498,50.054326]},"properties":{"name":"Lasek Mogilski","lines":"123, 163","arr":["123","163"],"terminus":0,"mode":"bus","color":"#0059a9","colorDark":"#00294f","angle":258.2,"snapDist":3,"label":1}},{"type":"Feature","geometry":{"type":"Point","coordinates":[20.045374,50.054047]},"properties":{"name":"Lesisko","lines":"123","arr":["123"],"terminus":0,"mode":"bus","color":"#0059a9","colorDark":"#00294f","angle":316.8,"snapDist":5,"label":0}},{"type":"Feature","geometry":{"type":"Point","coordinates":[20.045209,50.043092]},"properties":{"name":"Szparagowa","lines":"123, 163","arr":["123","163"],"terminus":0,"mode":"bus","color":"#0059a9","colorDark":"#00294f","angle":284.6,"snapDist":4,"label":1}},{"type":"Feature","geometry":{"type":"Point","coordinates":[20.041895,50.038613]},"properties":{"name":"Półłanki","lines":"123, 125, 195, 264, 605","arr":["123","125","195","264","605"],"terminus":0,"mode":"bus","color":"#0059a9","colorDark":"#00294f","angle":3,"snapDist":6,"label":1}},{"type":"Feature","geometry":{"type":"Point","coordinates":[20.026231,50.038076]},"properties":{"name":"Botewa","lines":"123, 125, 158, 195, 221, 264, 605","arr":["123","125","158","195","221","264","605"],"terminus":0,"mode":"bus","color":"#0059a9","colorDark":"#00294f","angle":348.3,"snapDist":7,"label":1}},{"type":"Feature","geometry":{"type":"Point","coordinates":[20.018298,50.037322]},"properties":{"name":"Albatrosów","lines":"123, 158, 605","arr":["123","158","605"],"terminus":0,"mode":"bus","color":"#0059a9","colorDark":"#00294f","angle":285.7,"snapDist":7,"label":1}},{"type":"Feature","geometry":{"type":"Point","coordinates":[20.013539,50.036255]},"properties":{"name":"Biskupińska","lines":"123, 158, 605","arr":["123","158","605"],"terminus":0,"mode":"bus","color":"#0059a9","colorDark":"#00294f","angle":0.9,"snapDist":5,"label":1}},{"type":"Feature","geometry":{"type":"Point","coordinates":[20.011679,50.035491]},"properties":{"name":"Zajezdnia Płaszów","lines":"123, 128, 148, 158, 605","arr":["123","128","148","158","605"],"terminus":1,"mode":"bus","color":"#0059a9","colorDark":"#00294f","angle":277,"snapDist":8,"label":1}},{"type":"Feature","geometry":{"type":"Point","coordinates":[20.006364,50.036429]},"properties":{"name":"Dąbka","lines":"123, 128, 148, 158, 605","arr":["123","128","148","158","605"],"terminus":0,"mode":"bus","color":"#0059a9","colorDark":"#00294f","angle":28.9,"snapDist":5,"label":1}},{"type":"Feature","geometry":{"type":"Point","coordinates":[20.003633,50.039503]},"properties":{"name":"Surzyckiego","lines":"123, 125, 128, 148, 158, 195, 221, 264, 497, 605","arr":["123","125","128","148","158","195","221","264","497","605"],"terminus":0,"mode":"bus","color":"#0059a9","colorDark":"#00294f","angle":8.3,"snapDist":9,"label":1}},{"type":"Feature","geometry":{"type":"Point","coordinates":[20.000792,50.040234]},"properties":{"name":"Mały Płaszów P+R","lines":"123, 195, 221, 264","arr":["123","195","221","264"],"terminus":1,"mode":"bus","color":"#0059a9","colorDark":"#00294f","angle":307.2,"snapDist":10,"label":1}},{"type":"Feature","geometry":{"type":"Point","coordinates":[20.000673,50.039572]},"properties":{"name":"Mały Płaszów P+R","lines":"123, 125, 128, 148, 158, 195, 221, 264, 497, 605","arr":["123","125","128","148","158","195","221","264","497","605"],"terminus":0,"mode":"bus","color":"#0059a9","colorDark":"#00294f","angle":189,"snapDist":6,"label":0}},{"type":"Feature","geometry":{"type":"Point","coordinates":[20.004256,50.038893]},"properties":{"name":"Surzyckiego","lines":"123, 128, 148, 158, 497, 605","arr":["123","128","148","158","497","605"],"terminus":0,"mode":"bus","color":"#0059a9","colorDark":"#00294f","angle":276.7,"snapDist":7,"label":0}},{"type":"Feature","geometry":{"type":"Point","coordinates":[20.007064,50.036181]},"properties":{"name":"Dąbka","lines":"123, 128, 148, 158, 605","arr":["123","128","148","158","605"],"terminus":0,"mode":"bus","color":"#0059a9","colorDark":"#00294f","angle":207,"snapDist":4,"label":0}},{"type":"Feature","geometry":{"type":"Point","coordinates":[20.011635,50.035266]},"properties":{"name":"Zajezdnia Płaszów","lines":"123, 158, 605","arr":["123","158","605"],"terminus":0,"mode":"bus","color":"#0059a9","colorDark":"#00294f","angle":97,"snapDist":5,"label":0}},{"type":"Feature","geometry":{"type":"Point","coordinates":[20.013771,50.036253]},"properties":{"name":"Biskupińska","lines":"123, 158, 605","arr":["123","158","605"],"terminus":0,"mode":"bus","color":"#0059a9","colorDark":"#00294f","angle":180.9,"snapDist":7,"label":0}},{"type":"Feature","geometry":{"type":"Point","coordinates":[20.019534,50.037599]},"properties":{"name":"Albatrosów","lines":"123, 125, 158, 195, 221, 264, 605","arr":["123","125","158","195","221","264","605"],"terminus":0,"mode":"bus","color":"#0059a9","colorDark":"#00294f","angle":181.9,"snapDist":9,"label":0}},{"type":"Feature","geometry":{"type":"Point","coordinates":[20.028088,50.038028]},"properties":{"name":"Botewa","lines":"123, 125, 195, 264, 605","arr":["123","125","195","264","605"],"terminus":0,"mode":"bus","color":"#0059a9","colorDark":"#00294f","angle":169.6,"snapDist":9,"label":0}},{"type":"Feature","geometry":{"type":"Point","coordinates":[20.043162,50.039205]},"properties":{"name":"Półłanki","lines":"123, 163","arr":["123","163"],"terminus":0,"mode":"bus","color":"#0059a9","colorDark":"#00294f","angle":161.6,"snapDist":8,"label":0}},{"type":"Feature","geometry":{"type":"Point","coordinates":[20.046003,50.044439]},"properties":{"name":"Szparagowa","lines":"123, 163","arr":["123","163"],"terminus":0,"mode":"bus","color":"#0059a9","colorDark":"#00294f","angle":121.8,"snapDist":4,"label":0}},{"type":"Feature","geometry":{"type":"Point","coordinates":[20.045374,50.054047]},"properties":{"name":"Lesisko","lines":"123, 149, 183","arr":["123","149","183"],"terminus":1,"mode":"bus","color":"#0059a9","colorDark":"#00294f","angle":316.8,"snapDist":6,"label":1}},{"type":"Feature","geometry":{"type":"Point","coordinates":[20.049614,50.055528]},"properties":{"name":"Lasek Mogilski","lines":"123, 163","arr":["123","163"],"terminus":0,"mode":"bus","color":"#0059a9","colorDark":"#00294f","angle":106,"snapDist":3,"label":0}},{"type":"Feature","geometry":{"type":"Point","coordinates":[20.050265,50.059211]},"properties":{"name":"Stare Wiślisko","lines":"123, 163","arr":["123","163"],"terminus":0,"mode":"bus","color":"#0059a9","colorDark":"#00294f","angle":91.6,"snapDist":4,"label":0}},{"type":"Feature","geometry":{"type":"Point","coordinates":[20.052123,50.06418]},"properties":{"name":"Klasztor Cystersów","lines":"123, 163","arr":["123","163"],"terminus":0,"mode":"bus","color":"#0059a9","colorDark":"#00294f","angle":90.5,"snapDist":6,"label":0}},{"type":"Feature","geometry":{"type":"Point","coordinates":[20.05151,50.066102]},"properties":{"name":"Sieroszewskiego","lines":"123, 163","arr":["123","163"],"terminus":0,"mode":"bus","color":"#0059a9","colorDark":"#00294f","angle":0.5,"snapDist":3,"label":0}},{"type":"Feature","geometry":{"type":"Point","coordinates":[20.046557,50.066497]},"properties":{"name":"Szpital Żeromskiego","lines":"123, 163","arr":["123","163"],"terminus":0,"mode":"bus","color":"#0059a9","colorDark":"#00294f","angle":15.3,"snapDist":6,"label":0}},{"type":"Feature","geometry":{"type":"Point","coordinates":[20.046291,50.06959]},"properties":{"name":"Os. Na Skarpie","lines":"123, 149, 163, 174, 601","arr":["123","149","163","174","601"],"terminus":0,"mode":"bus","color":"#0059a9","colorDark":"#00294f","angle":194.9,"snapDist":6,"label":0}},{"type":"Feature","geometry":{"type":"Point","coordinates":[20.050283,50.068872]},"properties":{"name":"Klasztorna","lines":"123, 149, 163, 174, 601","arr":["123","149","163","174","601"],"terminus":0,"mode":"bus","color":"#0059a9","colorDark":"#00294f","angle":195.5,"snapDist":6,"label":0}},{"type":"Feature","geometry":{"type":"Point","coordinates":[20.053445,50.071171]},"properties":{"name":"Bulwarowa","lines":"123, 163, 174","arr":["123","163","174"],"terminus":0,"mode":"bus","color":"#0059a9","colorDark":"#00294f","angle":101.8,"snapDist":6,"label":1}},{"type":"Feature","geometry":{"type":"Point","coordinates":[20.053394,50.072723]},"properties":{"name":"Os. Willowe","lines":"123, 163, 601","arr":["123","163","601"],"terminus":0,"mode":"bus","color":"#0059a9","colorDark":"#00294f","angle":15.7,"snapDist":4,"label":0}},{"type":"Feature","geometry":{"type":"Point","coordinates":[20.047102,50.074397]},"properties":{"name":"Struga","lines":"123, 163","arr":["123","163"],"terminus":0,"mode":"bus","color":"#0059a9","colorDark":"#00294f","angle":67.7,"snapDist":4,"label":0}},{"type":"Feature","geometry":{"type":"Point","coordinates":[20.045895,50.079412]},"properties":{"name":"Os. Zielone","lines":"123, 132","arr":["123","132"],"terminus":0,"mode":"bus","color":"#0059a9","colorDark":"#00294f","angle":123.8,"snapDist":6,"label":0}},{"type":"Feature","geometry":{"type":"Point","coordinates":[20.0405,50.081198]},"properties":{"name":"Os. Górali","lines":"123, 132","arr":["123","132"],"terminus":0,"mode":"bus","color":"#0059a9","colorDark":"#00294f","angle":11.5,"snapDist":4,"label":0}},{"type":"Feature","geometry":{"type":"Point","coordinates":[20.033973,50.080984]},"properties":{"name":"Teatr Ludowy","lines":"123, 132, 139, 160, 163, 601","arr":["123","132","139","160","163","601"],"terminus":0,"mode":"bus","color":"#0059a9","colorDark":"#00294f","angle":50.3,"snapDist":8,"label":0}},{"type":"Feature","geometry":{"type":"Point","coordinates":[20.029834,50.08399]},"properties":{"name":"Arka Pana","lines":"123, 132, 139, 163, 601","arr":["123","132","139","163","601"],"terminus":0,"mode":"bus","color":"#0059a9","colorDark":"#00294f","angle":48.1,"snapDist":8,"label":0}},{"type":"Feature","geometry":{"type":"Point","coordinates":[20.027701,50.087765]},"properties":{"name":"Os. Jagiellońskie","lines":"123, 132, 139, 163, 601","arr":["123","132","139","163","601"],"terminus":0,"mode":"bus","color":"#0059a9","colorDark":"#00294f","angle":77.6,"snapDist":8,"label":0}},{"type":"Feature","geometry":{"type":"Point","coordinates":[20.022838,50.090316]},"properties":{"name":"Rondo Hipokratesa","lines":"123, 132, 139, 163, 601","arr":["123","132","139","163","601"],"terminus":0,"mode":"bus","color":"#0059a9","colorDark":"#00294f","angle":17.6,"snapDist":7,"label":0}},{"type":"Feature","geometry":{"type":"Point","coordinates":[20.017026,50.091025]},"properties":{"name":"Dunikowskiego","lines":"123","arr":["123"],"terminus":0,"mode":"bus","color":"#0059a9","colorDark":"#00294f","angle":302.8,"snapDist":7,"label":0}},{"type":"Feature","geometry":{"type":"Point","coordinates":[20.012832,50.086103]},"properties":{"name":"Os. Na Lotnisku","lines":"123, 189, 572, 608, 611","arr":["123","189","572","608","611"],"terminus":0,"mode":"bus","color":"#0059a9","colorDark":"#00294f","angle":15.3,"snapDist":8,"label":0}},{"type":"Feature","geometry":{"type":"Point","coordinates":[20.009155,50.08672]},"properties":{"name":"Os. Strusia","lines":"123, 189, 502, 608, 611","arr":["123","189","502","608","611"],"terminus":0,"mode":"bus","color":"#0059a9","colorDark":"#00294f","angle":13.5,"snapDist":5,"label":0}},{"type":"Feature","geometry":{"type":"Point","coordinates":[20.001456,50.088154]},"properties":{"name":"Wiślicka","lines":"123","arr":["123"],"terminus":0,"mode":"bus","color":"#0059a9","colorDark":"#00294f","angle":97.3,"snapDist":4,"label":0}},{"type":"Feature","geometry":{"type":"Point","coordinates":[20.006378,50.092876]},"properties":{"name":"Łęczycka","lines":"123","arr":["123"],"terminus":0,"mode":"bus","color":"#0059a9","colorDark":"#00294f","angle":95.6,"snapDist":7,"label":0}},{"type":"Feature","geometry":{"type":"Point","coordinates":[20.004758,50.09394]},"properties":{"name":"Os. Złotego Wieku","lines":"123, 132, 139, 182, 601","arr":["123","132","139","182","601"],"terminus":0,"mode":"bus","color":"#0059a9","colorDark":"#00294f","angle":1.7,"snapDist":4,"label":0}},{"type":"Feature","geometry":{"type":"Point","coordinates":[20.000077,50.094561]},"properties":{"name":"Miśnieńska","lines":"123, 132, 139, 182, 601","arr":["123","132","139","182","601"],"terminus":0,"mode":"bus","color":"#0059a9","colorDark":"#00294f","angle":19.9,"snapDist":7,"label":0}},{"type":"Feature","geometry":{"type":"Point","coordinates":[19.982603,50.071879]},"properties":{"name":"TAURON Arena Kraków Wieczysta","lines":"124, 128","arr":["124","128"],"terminus":1,"mode":"bus","color":"#0059a9","colorDark":"#00294f","angle":40.5,"snapDist":12,"label":1}},{"type":"Feature","geometry":{"type":"Point","coordinates":[19.979423,50.075909]},"properties":{"name":"Meissnera","lines":"124, 128","arr":["124","128"],"terminus":0,"mode":"bus","color":"#0059a9","colorDark":"#00294f","angle":73.1,"snapDist":4,"label":1}},{"type":"Feature","geometry":{"type":"Point","coordinates":[19.976827,50.078628]},"properties":{"name":"Pszona","lines":"124, 128","arr":["124","128"],"terminus":0,"mode":"bus","color":"#0059a9","colorDark":"#00294f","angle":48.1,"snapDist":7,"label":1}},{"type":"Feature","geometry":{"type":"Point","coordinates":[19.972917,50.080293]},"properties":{"name":"Rondo Młyńskie","lines":"124, 182, 189, 424, 482, 502, 511, 601, 611","arr":["124","182","189","424","482","502","511","601","611"],"terminus":0,"mode":"bus","color":"#0059a9","colorDark":"#00294f","angle":294.4,"snapDist":4,"label":1}},{"type":"Feature","geometry":{"type":"Point","coordinates":[19.970328,50.077879]},"properties":{"name":"Pilotów","lines":"124, 182, 189, 424, 482, 601, 611","arr":["124","182","189","424","482","601","611"],"terminus":0,"mode":"bus","color":"#0059a9","colorDark":"#00294f","angle":305.6,"snapDist":6,"label":1}},{"type":"Feature","geometry":{"type":"Point","coordinates":[19.965421,50.075242]},"properties":{"name":"Łukasiewicza","lines":"124, 424","arr":["124","424"],"terminus":0,"mode":"bus","color":"#0059a9","colorDark":"#00294f","angle":42.4,"snapDist":4,"label":1}},{"type":"Feature","geometry":{"type":"Point","coordinates":[19.958587,50.073683]},"properties":{"name":"Cmentarz Rakowicki","lines":"124, 424","arr":["124","424"],"terminus":0,"mode":"bus","color":"#0059a9","colorDark":"#00294f","angle":265.8,"snapDist":4,"label":1}},{"type":"Feature","geometry":{"type":"Point","coordinates":[19.957538,50.065613]},"properties":{"name":"Rondo Mogilskie Opera","lines":"124, 424, 502, 601, 611","arr":["124","424","502","601","611"],"terminus":0,"mode":"bus","color":"#0059a9","colorDark":"#00294f","angle":9.2,"snapDist":5,"label":1}},{"type":"Feature","geometry":{"type":"Point","coordinates":[19.952413,50.065225]},"properties":{"name":"Lubicz","lines":"124, 125, 424, 601, 605, 611, 662, 664","arr":["124","125","424","601","605","611","662","664"],"terminus":0,"mode":"bus","color":"#0059a9","colorDark":"#00294f","angle":352.6,"snapDist":2,"label":1}},{"type":"Feature","geometry":{"type":"Point","coordinates":[19.945655,50.064671]},"properties":{"name":"Teatr Słowackiego","lines":"124, 424, 502, 601, 608, 609, 611, 662, 664, 669, 902","arr":["124","424","502","601","608","609","611","662","664","669","902"],"terminus":0,"mode":"bus","color":"#0059a9","colorDark":"#00294f","angle":353.7,"snapDist":3,"label":0}},{"type":"Feature","geometry":{"type":"Point","coordinates":[19.940302,50.066198]},"properties":{"name":"Stary Kleparz","lines":"124, 424, 502, 601, 608, 611, 664, 902","arr":["124","424","502","601","608","611","664","902"],"terminus":0,"mode":"bus","color":"#0059a9","colorDark":"#00294f","angle":21.7,"snapDist":7,"label":1}},{"type":"Feature","geometry":{"type":"Point","coordinates":[19.929394,50.071697]},"properties":{"name":"Radio Kraków","lines":"124, 139, 169, 179, 192, 199, 424, 469, 601, 608, 611, 664, 704, 902","arr":["124","139","169","179","192","199","424","469","601","608","611","664","704","902"],"terminus":0,"mode":"bus","color":"#0059a9","colorDark":"#00294f","angle":322.1,"snapDist":7,"label":1}},{"type":"Feature","geometry":{"type":"Point","coordinates":[19.925981,50.068785]},"properties":{"name":"Plac Inwalidów","lines":"124, 139, 169, 179, 192, 199, 301, 304, 307, 424, 469, 503, 511, 513, 601, 608, 611, 708, 902","arr":["124","139","169","179","192","199","301","304","307","424","469","503","511","513","601","608","611","708","902"],"terminus":0,"mode":"bus","color":"#0059a9","colorDark":"#00294f","angle":295.7,"snapDist":6,"label":1}},{"type":"Feature","geometry":{"type":"Point","coordinates":[19.923239,50.062821]},"properties":{"name":"AGH / UR","lines":"124, 144, 164, 169, 173, 179, 192, 194, 301, 304, 307, 310, 424, 469, 494, 503, 513, 608, 708, 902","arr":["124","144","164","169","173","179","192","194","301","304","307","310","424","469","494","503","513","608","708","902"],"terminus":0,"mode":"bus","color":"#0059a9","colorDark":"#00294f","angle":278.3,"snapDist":7,"label":1}},{"type":"Feature","geometry":{"type":"Point","coordinates":[19.925285,50.058664]},"properties":{"name":"Muzeum Narodowe","lines":"124, 134, 144, 164, 169, 173, 179, 194, 300, 301, 304, 307, 310, 424, 469, 494, 503, 513, 608, 708, LR0","arr":["124","134","144","164","169","173","179","194","300","301","304","307","310","424","469","494","503","513","608","708","LR0"],"terminus":0,"mode":"bus","color":"#0059a9","colorDark":"#00294f","angle":245.8,"snapDist":7,"label":1}},{"type":"Feature","geometry":{"type":"Point","coordinates":[19.926807,50.056109]},"properties":{"name":"Jubilat","lines":"124, 144, 164, 169, 173, 179, 194, 300, 301, 304, 310, 424, 469, 494, 503, 513, 608, 708, LR0","arr":["124","144","164","169","173","179","194","300","301","304","310","424","469","494","503","513","608","708","LR0"],"terminus":0,"mode":"bus","color":"#0059a9","colorDark":"#00294f","angle":251.6,"snapDist":7,"label":1}},{"type":"Feature","geometry":{"type":"Point","coordinates":[19.929274,50.052866]},"properties":{"name":"Konopnickiej","lines":"124, 144, 164, 169, 173, 179, 194, 300, 304, 424, 469, 494, 608, 708","arr":["124","144","164","169","173","179","194","300","304","424","469","494","608","708"],"terminus":0,"mode":"bus","color":"#0059a9","colorDark":"#00294f","angle":260.2,"snapDist":6,"label":1}},{"type":"Feature","geometry":{"type":"Point","coordinates":[19.932686,50.046075]},"properties":{"name":"Os. Podwawelskie","lines":"124, 146, 219, 300, 402, 424, 708, LR0","arr":["124","146","219","300","402","424","708","LR0"],"terminus":1,"mode":"bus","color":"#0059a9","colorDark":"#00294f","angle":257.9,"snapDist":3,"label":0}},{"type":"Feature","geometry":{"type":"Point","coordinates":[19.930877,50.048529]},"properties":{"name":"Rondo Grunwaldzkie","lines":"124, 194, 300, 402, 424, 494, 662, 708, LR0","arr":["124","194","300","402","424","494","662","708","LR0"],"terminus":0,"mode":"bus","color":"#0059a9","colorDark":"#00294f","angle":152.8,"snapDist":4,"label":0}},{"type":"Feature","geometry":{"type":"Point","coordinates":[19.932171,50.049639]},"properties":{"name":"Rondo Grunwaldzkie","lines":"124, 144, 164, 169, 173, 179, 194, 300, 301, 424, 494, 503, 513, 608, 708, LR0","arr":["124","144","164","169","173","179","194","300","301","424","494","503","513","608","708","LR0"],"terminus":0,"mode":"bus","color":"#0059a9","colorDark":"#00294f","angle":64.6,"snapDist":5,"label":0}},{"type":"Feature","geometry":{"type":"Point","coordinates":[19.929506,50.052718]},"properties":{"name":"Konopnickiej","lines":"124, 144, 164, 169, 173, 179, 194, 300, 304, 424, 494, 608, 708","arr":["124","144","164","169","173","179","194","300","304","424","494","608","708"],"terminus":0,"mode":"bus","color":"#0059a9","colorDark":"#00294f","angle":64.8,"snapDist":6,"label":0}},{"type":"Feature","geometry":{"type":"Point","coordinates":[19.927005,50.056465]},"properties":{"name":"Jubilat","lines":"124, 144, 164, 169, 173, 179, 194, 300, 301, 304, 310, 424, 494, 503, 513, 608, 708, LR0","arr":["124","144","164","169","173","179","194","300","301","304","310","424","494","503","513","608","708","LR0"],"terminus":0,"mode":"bus","color":"#0059a9","colorDark":"#00294f","angle":71.4,"snapDist":9,"label":0}},{"type":"Feature","geometry":{"type":"Point","coordinates":[19.925044,50.059782]},"properties":{"name":"Muzeum Narodowe","lines":"124, 144, 164, 169, 173, 179, 192, 194, 301, 304, 307, 310, 424, 494, 503, 513, 608, 708, 902, LR0","arr":["124","144","164","169","173","179","192","194","301","304","307","310","424","494","503","513","608","708","902","LR0"],"terminus":0,"mode":"bus","color":"#0059a9","colorDark":"#00294f","angle":69.7,"snapDist":6,"label":0}},{"type":"Feature","geometry":{"type":"Point","coordinates":[19.924248,50.064296]},"properties":{"name":"AGH / UR","lines":"124, 169, 179, 192, 301, 304, 307, 424, 503, 513, 608, 708, 902","arr":["124","169","179","192","301","304","307","424","503","513","608","708","902"],"terminus":0,"mode":"bus","color":"#0059a9","colorDark":"#00294f","angle":102.7,"snapDist":8,"label":0}},{"type":"Feature","geometry":{"type":"Point","coordinates":[19.928788,50.067108]},"properties":{"name":"Stefana Batorego","lines":"124, 424, 601, 611, 664, 704, 902","arr":["124","424","601","611","664","704","902"],"terminus":0,"mode":"bus","color":"#0059a9","colorDark":"#00294f","angle":233.5,"snapDist":3,"label":1}},{"type":"Feature","geometry":{"type":"Point","coordinates":[19.934884,50.065836]},"properties":{"name":"Garbarska","lines":"124, 424, 601, 611, 664, 704, 902","arr":["124","424","601","611","664","704","902"],"terminus":0,"mode":"bus","color":"#0059a9","colorDark":"#00294f","angle":175.4,"snapDist":5,"label":1}},{"type":"Feature","geometry":{"type":"Point","coordinates":[19.938246,50.066236]},"properties":{"name":"Stary Kleparz","lines":"124, 424, 601, 611, 664, 704, 902","arr":["124","424","601","611","664","704","902"],"terminus":0,"mode":"bus","color":"#0059a9","colorDark":"#00294f","angle":177.2,"snapDist":6,"label":0}},{"type":"Feature","geometry":{"type":"Point","coordinates":[19.944201,50.064876]},"properties":{"name":"Teatr Słowackiego","lines":"124, 424, 502, 601, 605, 608, 610, 611, 664, 704, 902, 904","arr":["124","424","502","601","605","608","610","611","664","704","902","904"],"terminus":1,"mode":"bus","color":"#0059a9","colorDark":"#00294f","angle":208.1,"snapDist":3,"label":1}},{"type":"Feature","geometry":{"type":"Point","coordinates":[19.950995,50.065016]},"properties":{"name":"Lubicz","lines":"124, 424, 601, 605, 611, 662, 664","arr":["124","424","601","605","611","662","664"],"terminus":0,"mode":"bus","color":"#0059a9","colorDark":"#00294f","angle":173,"snapDist":3,"label":0}},{"type":"Feature","geometry":{"type":"Point","coordinates":[19.959613,50.067135]},"properties":{"name":"Rondo Mogilskie","lines":"124, 182, 189, 424, 482, 502, 511, 601, 611","arr":["124","182","189","424","482","502","511","601","611"],"terminus":0,"mode":"bus","color":"#0059a9","colorDark":"#00294f","angle":85.5,"snapDist":7,"label":1}},{"type":"Feature","geometry":{"type":"Point","coordinates":[19.958845,50.073707]},"properties":{"name":"Cmentarz Rakowicki","lines":"124, 424","arr":["124","424"],"terminus":0,"mode":"bus","color":"#0059a9","colorDark":"#00294f","angle":86,"snapDist":5,"label":0}},{"type":"Feature","geometry":{"type":"Point","coordinates":[19.966229,50.073722]},"properties":{"name":"Narzymskiego","lines":"124, 182, 189, 424, 482, 502, 601, 611","arr":["124","182","189","424","482","502","601","611"],"terminus":0,"mode":"bus","color":"#0059a9","colorDark":"#00294f","angle":122.1,"snapDist":7,"label":1}},{"type":"Feature","geometry":{"type":"Point","coordinates":[19.971384,50.078831]},"properties":{"name":"Pilotów","lines":"124, 182, 189, 424, 482, 502, 511, 601, 611","arr":["124","182","189","424","482","502","511","601","611"],"terminus":0,"mode":"bus","color":"#0059a9","colorDark":"#00294f","angle":124.4,"snapDist":10,"label":0}},{"type":"Feature","geometry":{"type":"Point","coordinates":[19.977537,50.081577]},"properties":{"name":"Akacjowa","lines":"124","arr":["124"],"terminus":0,"mode":"bus","color":"#0059a9","colorDark":"#00294f","angle":167.8,"snapDist":4,"label":1}},{"type":"Feature","geometry":{"type":"Point","coordinates":[19.980936,50.080238]},"properties":{"name":"Spadochroniarzy","lines":"124","arr":["124"],"terminus":0,"mode":"bus","color":"#0059a9","colorDark":"#00294f","angle":226.7,"snapDist":5,"label":1}},{"type":"Feature","geometry":{"type":"Point","coordinates":[19.983469,50.077971]},"properties":{"name":"Ugorek","lines":"124","arr":["124"],"terminus":0,"mode":"bus","color":"#0059a9","colorDark":"#00294f","angle":241.5,"snapDist":7,"label":0}},{"type":"Feature","geometry":{"type":"Point","coordinates":[20.051183,50.02186]},"properties":{"name":"Złocień","lines":"125, 605","arr":["125","605"],"terminus":1,"mode":"bus","color":"#0059a9","colorDark":"#00294f","angle":32.9,"snapDist":4,"label":1}},{"type":"Feature","geometry":{"type":"Point","coordinates":[20.051664,50.029083]},"properties":{"name":"Domagały Magazyny","lines":"125, 163, 605","arr":["125","163","605"],"terminus":0,"mode":"bus","color":"#0059a9","colorDark":"#00294f","angle":92.9,"snapDist":7,"label":1}},{"type":"Feature","geometry":{"type":"Point","coordinates":[20.056885,50.032356]},"properties":{"name":"Nad Drwiną","lines":"125","arr":["125"],"terminus":0,"mode":"bus","color":"#0059a9","colorDark":"#00294f","angle":183,"snapDist":5,"label":1}},{"type":"Feature","geometry":{"type":"Point","coordinates":[20.051084,50.032965]},"properties":{"name":"Domagały","lines":"125, 163, 605","arr":["125","163","605"],"terminus":0,"mode":"bus","color":"#0059a9","colorDark":"#00294f","angle":3.1,"snapDist":7,"label":1}},{"type":"Feature","geometry":{"type":"Point","coordinates":[20.042183,50.034123]},"properties":{"name":"Bazarowa","lines":"125, 163, 195, 605","arr":["125","163","195","605"],"terminus":0,"mode":"bus","color":"#0059a9","colorDark":"#00294f","angle":92.5,"snapDist":8,"label":1}},{"type":"Feature","geometry":{"type":"Point","coordinates":[20.017972,50.037916]},"properties":{"name":"Albatrosów","lines":"125, 195, 221, 264","arr":["125","195","221","264"],"terminus":0,"mode":"bus","color":"#0059a9","colorDark":"#00294f","angle":4.7,"snapDist":7,"label":0}},{"type":"Feature","geometry":{"type":"Point","coordinates":[19.999488,50.039899]},"properties":{"name":"Mały Płaszów P+R","lines":"125, 128, 148, 158, 497, 605","arr":["125","128","148","158","497","605"],"terminus":0,"mode":"bus","color":"#0059a9","colorDark":"#00294f","angle":8.4,"snapDist":6,"label":0}},{"type":"Feature","geometry":{"type":"Point","coordinates":[19.991008,50.040645]},"properties":{"name":"Rzebika","lines":"125, 427, 497","arr":["125","427","497"],"terminus":0,"mode":"bus","color":"#0059a9","colorDark":"#00294f","angle":1.6,"snapDist":5,"label":1}},{"type":"Feature","geometry":{"type":"Point","coordinates":[19.983376,50.041297]},"properties":{"name":"Lipska","lines":"125, 605","arr":["125","605"],"terminus":0,"mode":"bus","color":"#0059a9","colorDark":"#00294f","angle":96.4,"snapDist":7,"label":1}},{"type":"Feature","geometry":{"type":"Point","coordinates":[19.983594,50.045585]},"properties":{"name":"Saska","lines":"125, 128, 158","arr":["125","128","158"],"terminus":0,"mode":"bus","color":"#0059a9","colorDark":"#00294f","angle":86.7,"snapDist":10,"label":1}},{"type":"Feature","geometry":{"type":"Point","coordinates":[19.981233,50.049467]},"properties":{"name":"Stoczniowców","lines":"125, 128","arr":["125","128"],"terminus":0,"mode":"bus","color":"#0059a9","colorDark":"#00294f","angle":52.2,"snapDist":4,"label":1}},{"type":"Feature","geometry":{"type":"Point","coordinates":[19.975388,50.059651]},"properties":{"name":"Ofiar Dąbia","lines":"125, 128, 662","arr":["125","128","662"],"terminus":0,"mode":"bus","color":"#0059a9","colorDark":"#00294f","angle":355.9,"snapDist":8,"label":1}},{"type":"Feature","geometry":{"type":"Point","coordinates":[19.970504,50.061194]},"properties":{"name":"Fabryczna","lines":"125","arr":["125"],"terminus":0,"mode":"bus","color":"#0059a9","colorDark":"#00294f","angle":81.7,"snapDist":5,"label":1}},{"type":"Feature","geometry":{"type":"Point","coordinates":[19.959792,50.065768]},"properties":{"name":"Rondo Mogilskie","lines":"125, 664","arr":["125","664"],"terminus":0,"mode":"bus","color":"#0059a9","colorDark":"#00294f","angle":338.3,"snapDist":6,"label":0}},{"type":"Feature","geometry":{"type":"Point","coordinates":[19.951647,50.068268]},"properties":{"name":"Uniwersytet Ekonomiczny","lines":"125, 182, 189, 482, 511","arr":["125","182","189","482","511"],"terminus":0,"mode":"bus","color":"#0059a9","colorDark":"#00294f","angle":33.2,"snapDist":7,"label":1}},{"type":"Feature","geometry":{"type":"Point","coordinates":[19.94943,50.068505]},"properties":{"name":"Dworzec Główny Wschód","lines":"125, 182, 192, 317, 482, 609, 902","arr":["125","182","192","317","482","609","902"],"terminus":1,"mode":"bus","color":"#0059a9","colorDark":"#00294f","angle":358.1,"snapDist":3,"label":1}},{"type":"Feature","geometry":{"type":"Point","coordinates":[19.951711,50.065595]},"properties":{"name":"Lubicz","lines":"125, 608, 609, 669, 902","arr":["125","608","609","669","902"],"terminus":0,"mode":"bus","color":"#0059a9","colorDark":"#00294f","angle":278.7,"snapDist":4,"label":0}},{"type":"Feature","geometry":{"type":"Point","coordinates":[19.95977,50.065762]},"properties":{"name":"Rondo Mogilskie","lines":"125, 664","arr":["125","664"],"terminus":0,"mode":"bus","color":"#0059a9","colorDark":"#00294f","angle":158.3,"snapDist":4,"label":0}},{"type":"Feature","geometry":{"type":"Point","coordinates":[19.968082,50.066458]},"properties":{"name":"Cystersów","lines":"125, 664","arr":["125","664"],"terminus":0,"mode":"bus","color":"#0059a9","colorDark":"#00294f","angle":182.1,"snapDist":3,"label":1}},{"type":"Feature","geometry":{"type":"Point","coordinates":[19.970503,50.061196]},"properties":{"name":"Fabryczna","lines":"125","arr":["125"],"terminus":0,"mode":"bus","color":"#0059a9","colorDark":"#00294f","angle":261.7,"snapDist":5,"label":0}},{"type":"Feature","geometry":{"type":"Point","coordinates":[19.975522,50.059041]},"properties":{"name":"Ofiar Dąbia","lines":"125, 128","arr":["125","128"],"terminus":0,"mode":"bus","color":"#0059a9","colorDark":"#00294f","angle":275.4,"snapDist":10,"label":0}},{"type":"Feature","geometry":{"type":"Point","coordinates":[19.982125,50.04856]},"properties":{"name":"Stoczniowców","lines":"125, 128, 158","arr":["125","128","158"],"terminus":0,"mode":"bus","color":"#0059a9","colorDark":"#00294f","angle":230.1,"snapDist":7,"label":0}},{"type":"Feature","geometry":{"type":"Point","coordinates":[19.983676,50.044432]},"properties":{"name":"Saska","lines":"125, 605","arr":["125","605"],"terminus":0,"mode":"bus","color":"#0059a9","colorDark":"#00294f","angle":268.4,"snapDist":10,"label":0}},{"type":"Feature","geometry":{"type":"Point","coordinates":[19.983982,50.040573]},"properties":{"name":"Lipska","lines":"125, 427, 497","arr":["125","427","497"],"terminus":0,"mode":"bus","color":"#0059a9","colorDark":"#00294f","angle":181.3,"snapDist":7,"label":0}},{"type":"Feature","geometry":{"type":"Point","coordinates":[19.992743,50.040343]},"properties":{"name":"Rzebika","lines":"125, 127, 128, 148, 158, 427, 497, 605","arr":["125","127","128","148","158","427","497","605"],"terminus":0,"mode":"bus","color":"#0059a9","colorDark":"#00294f","angle":188.9,"snapDist":10,"label":0}},{"type":"Feature","geometry":{"type":"Point","coordinates":[20.005368,50.039059]},"properties":{"name":"Surzyckiego","lines":"125, 195, 221, 264","arr":["125","195","221","264"],"terminus":0,"mode":"bus","color":"#0059a9","colorDark":"#00294f","angle":188.3,"snapDist":9,"label":0}},{"type":"Feature","geometry":{"type":"Point","coordinates":[20.042478,50.038025]},"properties":{"name":"Półłanki","lines":"125, 163, 195, 605","arr":["125","163","195","605"],"terminus":0,"mode":"bus","color":"#0059a9","colorDark":"#00294f","angle":274.3,"snapDist":7,"label":0}},{"type":"Feature","geometry":{"type":"Point","coordinates":[20.042207,50.034388]},"properties":{"name":"Bazarowa","lines":"125, 163, 195, 605","arr":["125","163","195","605"],"terminus":0,"mode":"bus","color":"#0059a9","colorDark":"#00294f","angle":273.9,"snapDist":4,"label":0}},{"type":"Feature","geometry":{"type":"Point","coordinates":[20.053056,50.032896]},"properties":{"name":"Domagały","lines":"125","arr":["125"],"terminus":0,"mode":"bus","color":"#0059a9","colorDark":"#00294f","angle":183.1,"snapDist":7,"label":0}},{"type":"Feature","geometry":{"type":"Point","coordinates":[20.05191,50.032428]},"properties":{"name":"Domagały","lines":"125, 163, 605","arr":["125","163","605"],"terminus":0,"mode":"bus","color":"#0059a9","colorDark":"#00294f","angle":272.6,"snapDist":6,"label":0}},{"type":"Feature","geometry":{"type":"Point","coordinates":[20.051614,50.028119]},"properties":{"name":"Domagały Magazyny","lines":"125, 163, 605","arr":["125","163","605"],"terminus":0,"mode":"bus","color":"#0059a9","colorDark":"#00294f","angle":270.6,"snapDist":7,"label":0}},{"type":"Feature","geometry":{"type":"Point","coordinates":[19.920458,50.045352]},"properties":{"name":"Kapelanka","lines":"126, 146, 219","arr":["126","146","219"],"terminus":0,"mode":"bus","color":"#0059a9","colorDark":"#00294f","angle":342.7,"snapDist":7,"label":1}},{"type":"Feature","geometry":{"type":"Point","coordinates":[19.911127,50.047129]},"properties":{"name":"Zielińskiego","lines":"126, 146, 219","arr":["126","146","219"],"terminus":0,"mode":"bus","color":"#0059a9","colorDark":"#00294f","angle":44.6,"snapDist":6,"label":0}},{"type":"Feature","geometry":{"type":"Point","coordinates":[19.901684,50.048821]},"properties":{"name":"Malczewskiego","lines":"126, 146, 209, 219, 229, 239, 249, 259, 269, 279, 609","arr":["126","146","209","219","229","239","249","259","269","279","609"],"terminus":0,"mode":"bus","color":"#0059a9","colorDark":"#00294f","angle":345.3,"snapDist":7,"label":1}},{"type":"Feature","geometry":{"type":"Point","coordinates":[19.896883,50.04808]},"properties":{"name":"Wodociągowa","lines":"126, 146, 209, 219, 229, 239, 249, 259, 269, 279, 609","arr":["126","146","209","219","229","239","249","259","269","279","609"],"terminus":0,"mode":"bus","color":"#0059a9","colorDark":"#00294f","angle":350.3,"snapDist":6,"label":1}},{"type":"Feature","geometry":{"type":"Point","coordinates":[19.889048,50.047566]},"properties":{"name":"Benedyktowicza","lines":"126, 146, 209, 219, 229, 239, 249, 259, 269, 279, 609","arr":["126","146","209","219","229","239","249","259","269","279","609"],"terminus":0,"mode":"bus","color":"#0059a9","colorDark":"#00294f","angle":354.3,"snapDist":6,"label":1}},{"type":"Feature","geometry":{"type":"Point","coordinates":[19.882388,50.04671]},"properties":{"name":"Glinnik","lines":"126, 146, 209, 219, 229, 239, 249, 259, 269, 279, 609","arr":["126","146","209","219","229","239","249","259","269","279","609"],"terminus":0,"mode":"bus","color":"#0059a9","colorDark":"#00294f","angle":328.9,"snapDist":5,"label":1}},{"type":"Feature","geometry":{"type":"Point","coordinates":[19.871778,50.047066]},"properties":{"name":"Przegorzały","lines":"126","arr":["126"],"terminus":0,"mode":"bus","color":"#0059a9","colorDark":"#00294f","angle":55.2,"snapDist":3,"label":1}},{"type":"Feature","geometry":{"type":"Point","coordinates":[19.871548,50.051208]},"properties":{"name":"Żywiczna","lines":"126","arr":["126"],"terminus":0,"mode":"bus","color":"#0059a9","colorDark":"#00294f","angle":164.5,"snapDist":3,"label":1}},{"type":"Feature","geometry":{"type":"Point","coordinates":[19.871099,50.057993]},"properties":{"name":"Poniedziałkowy Dół","lines":"126","arr":["126"],"terminus":0,"mode":"bus","color":"#0059a9","colorDark":"#00294f","angle":70.9,"snapDist":2,"label":1}},{"type":"Feature","geometry":{"type":"Point","coordinates":[19.870839,50.061628]},"properties":{"name":"Stara Wola","lines":"126, 134","arr":["126","134"],"terminus":0,"mode":"bus","color":"#0059a9","colorDark":"#00294f","angle":118.7,"snapDist":7,"label":1}},{"type":"Feature","geometry":{"type":"Point","coordinates":[19.875592,50.064604]},"properties":{"name":"Sielanka","lines":"126","arr":["126"],"terminus":0,"mode":"bus","color":"#0059a9","colorDark":"#00294f","angle":119.7,"snapDist":3,"label":0}},{"type":"Feature","geometry":{"type":"Point","coordinates":[19.875891,50.064941]},"properties":{"name":"Sielanka","lines":"126","arr":["126"],"terminus":0,"mode":"bus","color":"#0059a9","colorDark":"#00294f","angle":299.4,"snapDist":4,"label":0}},{"type":"Feature","geometry":{"type":"Point","coordinates":[19.871102,50.062109]},"properties":{"name":"Stara Wola","lines":"126, 134","arr":["126","134"],"terminus":0,"mode":"bus","color":"#0059a9","colorDark":"#00294f","angle":291.4,"snapDist":3,"label":0}},{"type":"Feature","geometry":{"type":"Point","coordinates":[19.871158,50.05788]},"properties":{"name":"Poniedziałkowy Dół","lines":"126","arr":["126"],"terminus":0,"mode":"bus","color":"#0059a9","colorDark":"#00294f","angle":252.8,"snapDist":4,"label":0}},{"type":"Feature","geometry":{"type":"Point","coordinates":[19.871091,50.050903]},"properties":{"name":"Żywiczna","lines":"126","arr":["126"],"terminus":0,"mode":"bus","color":"#0059a9","colorDark":"#00294f","angle":262.9,"snapDist":3,"label":0}},{"type":"Feature","geometry":{"type":"Point","coordinates":[19.871418,50.047752]},"properties":{"name":"Przegorzały","lines":"126","arr":["126"],"terminus":0,"mode":"bus","color":"#0059a9","colorDark":"#00294f","angle":264.9,"snapDist":3,"label":0}},{"type":"Feature","geometry":{"type":"Point","coordinates":[19.872918,50.046152]},"properties":{"name":"Przegorzały Obwodnica","lines":"126, 146, 209, 219, 229, 239, 249, 259, 269, 279, 609","arr":["126","146","209","219","229","239","249","259","269","279","609"],"terminus":0,"mode":"bus","color":"#0059a9","colorDark":"#00294f","angle":170.1,"snapDist":5,"label":1}},{"type":"Feature","geometry":{"type":"Point","coordinates":[19.883444,50.047119]},"properties":{"name":"Glinnik","lines":"126, 146, 209, 219, 229, 239, 249, 259, 269, 279, 609","arr":["126","146","209","219","229","239","249","259","269","279","609"],"terminus":0,"mode":"bus","color":"#0059a9","colorDark":"#00294f","angle":148.9,"snapDist":6,"label":0}},{"type":"Feature","geometry":{"type":"Point","coordinates":[19.890945,50.04769]},"properties":{"name":"Benedyktowicza","lines":"126, 146, 209, 219, 229, 239, 249, 259, 269, 279, 609","arr":["126","146","209","219","229","239","249","259","269","279","609"],"terminus":0,"mode":"bus","color":"#0059a9","colorDark":"#00294f","angle":175.4,"snapDist":4,"label":0}},{"type":"Feature","geometry":{"type":"Point","coordinates":[19.897606,50.048194]},"properties":{"name":"Wodociągowa","lines":"126, 146, 209, 219, 229, 239, 249, 259, 269, 279, 609","arr":["126","146","209","219","229","239","249","259","269","279","609"],"terminus":0,"mode":"bus","color":"#0059a9","colorDark":"#00294f","angle":166.6,"snapDist":7,"label":0}},{"type":"Feature","geometry":{"type":"Point","coordinates":[19.904109,50.049076]},"properties":{"name":"Malczewskiego","lines":"126, 146, 219","arr":["126","146","219"],"terminus":0,"mode":"bus","color":"#0059a9","colorDark":"#00294f","angle":168.7,"snapDist":7,"label":0}},{"type":"Feature","geometry":{"type":"Point","coordinates":[19.912009,50.046287]},"properties":{"name":"Zielińskiego","lines":"126, 146, 219","arr":["126","146","219"],"terminus":0,"mode":"bus","color":"#0059a9","colorDark":"#00294f","angle":230.2,"snapDist":6,"label":0}},{"type":"Feature","geometry":{"type":"Point","coordinates":[19.922414,50.045675]},"properties":{"name":"Kapelanka","lines":"126, 146, 194, 219, 494, 662","arr":["126","146","194","219","494","662"],"terminus":0,"mode":"bus","color":"#0059a9","colorDark":"#00294f","angle":157,"snapDist":7,"label":0}},{"type":"Feature","geometry":{"type":"Point","coordinates":[19.962876,50.042123]},"properties":{"name":"Podgórze SKA","lines":"127, 155, 158, 427, 497","arr":["127","155","158","427","497"],"terminus":1,"mode":"bus","color":"#0059a9","colorDark":"#00294f","angle":255.5,"snapDist":12,"label":1}},{"type":"Feature","geometry":{"type":"Point","coordinates":[19.962614,50.041874]},"properties":{"name":"Podgórze SKA","lines":"127, 158, 174, 427, 497, 669, 703","arr":["127","158","174","427","497","669","703"],"terminus":0,"mode":"bus","color":"#0059a9","colorDark":"#00294f","angle":227.2,"snapDist":7,"label":0}},{"type":"Feature","geometry":{"type":"Point","coordinates":[19.974765,50.04529]},"properties":{"name":"Kuklińskiego","lines":"127, 158, 174","arr":["127","158","174"],"terminus":0,"mode":"bus","color":"#0059a9","colorDark":"#00294f","angle":330.4,"snapDist":6,"label":1}},{"type":"Feature","geometry":{"type":"Point","coordinates":[19.974428,50.044802]},"properties":{"name":"Kuklińskiego","lines":"127","arr":["127"],"terminus":0,"mode":"bus","color":"#0059a9","colorDark":"#00294f","angle":195.2,"snapDist":5,"label":0}},{"type":"Feature","geometry":{"type":"Point","coordinates":[19.978192,50.045003]},"properties":{"name":"Płaszowska","lines":"127","arr":["127"],"terminus":0,"mode":"bus","color":"#0059a9","colorDark":"#00294f","angle":142.6,"snapDist":3,"label":1}},{"type":"Feature","geometry":{"type":"Point","coordinates":[19.984895,50.045425]},"properties":{"name":"Saska","lines":"127","arr":["127"],"terminus":0,"mode":"bus","color":"#0059a9","colorDark":"#00294f","angle":158.4,"snapDist":3,"label":0}},{"type":"Feature","geometry":{"type":"Point","coordinates":[19.991318,50.04558]},"properties":{"name":"Myśliwska Szkoła","lines":"127","arr":["127"],"terminus":0,"mode":"bus","color":"#0059a9","colorDark":"#00294f","angle":201,"snapDist":4,"label":1}},{"type":"Feature","geometry":{"type":"Point","coordinates":[19.993029,50.042747]},"properties":{"name":"Os. Przewóz","lines":"127, 148","arr":["127","148"],"terminus":0,"mode":"bus","color":"#0059a9","colorDark":"#00294f","angle":278,"snapDist":3,"label":1}},{"type":"Feature","geometry":{"type":"Point","coordinates":[19.996728,50.039627]},"properties":{"name":"Węglarska","lines":"127, 427","arr":["127","427"],"terminus":0,"mode":"bus","color":"#0059a9","colorDark":"#00294f","angle":275.9,"snapDist":3,"label":1}},{"type":"Feature","geometry":{"type":"Point","coordinates":[19.997113,50.037419]},"properties":{"name":"Motyla","lines":"127, 427","arr":["127","427"],"terminus":0,"mode":"bus","color":"#0059a9","colorDark":"#00294f","angle":271.4,"snapDist":4,"label":1}},{"type":"Feature","geometry":{"type":"Point","coordinates":[19.995291,50.034047]},"properties":{"name":"Bagry","lines":"127, 427","arr":["127","427"],"terminus":1,"mode":"bus","color":"#0059a9","colorDark":"#00294f","angle":346.2,"snapDist":6,"label":1}},{"type":"Feature","geometry":{"type":"Point","coordinates":[19.996361,50.036994]},"properties":{"name":"Motyla","lines":"127, 427","arr":["127","427"],"terminus":0,"mode":"bus","color":"#0059a9","colorDark":"#00294f","angle":358.4,"snapDist":3,"label":0}},{"type":"Feature","geometry":{"type":"Point","coordinates":[19.991806,50.037199]},"properties":{"name":"Płaszów Szkoła","lines":"127, 427","arr":["127","427"],"terminus":0,"mode":"bus","color":"#0059a9","colorDark":"#00294f","angle":46,"snapDist":3,"label":1}},{"type":"Feature","geometry":{"type":"Point","coordinates":[19.991857,50.039749]},"properties":{"name":"Rzebika","lines":"127, 427","arr":["127","427"],"terminus":0,"mode":"bus","color":"#0059a9","colorDark":"#00294f","angle":88.5,"snapDist":4,"label":0}},{"type":"Feature","geometry":{"type":"Point","coordinates":[19.993177,50.043342]},"properties":{"name":"Os. Przewóz","lines":"127, 148","arr":["127","148"],"terminus":0,"mode":"bus","color":"#0059a9","colorDark":"#00294f","angle":93.4,"snapDist":4,"label":0}},{"type":"Feature","geometry":{"type":"Point","coordinates":[19.991328,50.045577]},"properties":{"name":"Myśliwska Szkoła","lines":"127","arr":["127"],"terminus":0,"mode":"bus","color":"#0059a9","colorDark":"#00294f","angle":21,"snapDist":6,"label":0}},{"type":"Feature","geometry":{"type":"Point","coordinates":[19.982812,50.045273]},"properties":{"name":"Saska","lines":"127","arr":["127"],"terminus":0,"mode":"bus","color":"#0059a9","colorDark":"#00294f","angle":8.2,"snapDist":4,"label":0}},{"type":"Feature","geometry":{"type":"Point","coordinates":[19.979026,50.045289]},"properties":{"name":"Płaszowska","lines":"127","arr":["127"],"terminus":0,"mode":"bus","color":"#0059a9","colorDark":"#00294f","angle":341.4,"snapDist":4,"label":0}},{"type":"Feature","geometry":{"type":"Point","coordinates":[19.976615,50.04333]},"properties":{"name":"Strycharska","lines":"127","arr":["127"],"terminus":0,"mode":"bus","color":"#0059a9","colorDark":"#00294f","angle":268.9,"snapDist":2,"label":1}},{"type":"Feature","geometry":{"type":"Point","coordinates":[19.972091,50.044911]},"properties":{"name":"Kuklińskiego","lines":"127, 158, 174, 427, 497","arr":["127","158","174","427","497"],"terminus":0,"mode":"bus","color":"#0059a9","colorDark":"#00294f","angle":332,"snapDist":6,"label":0}},{"type":"Feature","geometry":{"type":"Point","coordinates":[19.991051,50.042284]},"properties":{"name":"Szczecińska","lines":"128, 158, 605","arr":["128","158","605"],"terminus":0,"mode":"bus","color":"#0059a9","colorDark":"#00294f","angle":34.3,"snapDist":6,"label":1}},{"type":"Feature","geometry":{"type":"Point","coordinates":[19.977114,50.059657]},"properties":{"name":"Ofiar Dąbia","lines":"128, 662","arr":["128","662"],"terminus":0,"mode":"bus","color":"#0059a9","colorDark":"#00294f","angle":147.9,"snapDist":7,"label":0}},{"type":"Feature","geometry":{"type":"Point","coordinates":[19.97982,50.060941]},"properties":{"name":"Dąbie","lines":"128, 662","arr":["128","662"],"terminus":0,"mode":"bus","color":"#0059a9","colorDark":"#00294f","angle":147.9,"snapDist":7,"label":1}},{"type":"Feature","geometry":{"type":"Point","coordinates":[19.989316,50.064826]},"properties":{"name":"TAURON Arena Kraków Al. Pokoju","lines":"128","arr":["128"],"terminus":0,"mode":"bus","color":"#0059a9","colorDark":"#00294f","angle":74.1,"snapDist":5,"label":1}},{"type":"Feature","geometry":{"type":"Point","coordinates":[19.988707,50.068003]},"properties":{"name":"TAURON Arena Kraków","lines":"128","arr":["128"],"terminus":0,"mode":"bus","color":"#0059a9","colorDark":"#00294f","angle":72.6,"snapDist":6,"label":1}},{"type":"Feature","geometry":{"type":"Point","coordinates":[19.972894,50.081465]},"properties":{"name":"Rondo Młyńskie","lines":"128, 182, 189, 482, 601, 611","arr":["128","182","189","482","601","611"],"terminus":0,"mode":"bus","color":"#0059a9","colorDark":"#00294f","angle":50.4,"snapDist":8,"label":0}},{"type":"Feature","geometry":{"type":"Point","coordinates":[19.970916,50.08331]},"properties":{"name":"Miechowity","lines":"128, 182, 189, 482, 502, 511, 601, 608, 611","arr":["128","182","189","482","502","511","601","608","611"],"terminus":0,"mode":"bus","color":"#0059a9","colorDark":"#00294f","angle":65.1,"snapDist":11,"label":1}},{"type":"Feature","geometry":{"type":"Point","coordinates":[19.97379,50.089635]},"properties":{"name":"Rondo Barei","lines":"128, 250, 260, 270","arr":["128","250","260","270"],"terminus":0,"mode":"bus","color":"#0059a9","colorDark":"#00294f","angle":93.8,"snapDist":8,"label":1}},{"type":"Feature","geometry":{"type":"Point","coordinates":[19.975556,50.093352]},"properties":{"name":"Strzelców","lines":"128, 250, 260, 270","arr":["128","250","260","270"],"terminus":0,"mode":"bus","color":"#0059a9","colorDark":"#00294f","angle":117.7,"snapDist":8,"label":1}},{"type":"Feature","geometry":{"type":"Point","coordinates":[19.974342,50.095791]},"properties":{"name":"Prądnik Czerwony P+R","lines":"128, 250, 260, 270","arr":["128","250","260","270"],"terminus":0,"mode":"bus","color":"#0059a9","colorDark":"#00294f","angle":67.1,"snapDist":5,"label":0}},{"type":"Feature","geometry":{"type":"Point","coordinates":[19.962534,50.098157]},"properties":{"name":"ks. Meiera","lines":"128, 137, 169, 503, 669","arr":["128","137","169","503","669"],"terminus":0,"mode":"bus","color":"#0059a9","colorDark":"#00294f","angle":105.6,"snapDist":7,"label":1}},{"type":"Feature","geometry":{"type":"Point","coordinates":[19.962589,50.101765]},"properties":{"name":"Banacha","lines":"128, 669","arr":["128","669"],"terminus":0,"mode":"bus","color":"#0059a9","colorDark":"#00294f","angle":1.3,"snapDist":4,"label":1}},{"type":"Feature","geometry":{"type":"Point","coordinates":[19.957349,50.102394]},"properties":{"name":"Papierni Prądnickich","lines":"128, 669","arr":["128","669"],"terminus":0,"mode":"bus","color":"#0059a9","colorDark":"#00294f","angle":103.2,"snapDist":7,"label":1}},{"type":"Feature","geometry":{"type":"Point","coordinates":[19.963667,50.1051]},"properties":{"name":"Górka Narodowa P+R","lines":"128, 169, 217, 247, 257, 277, 280, 297, 469, 503, 669, 917","arr":["128","169","217","247","257","277","280","297","469","503","669","917"],"terminus":1,"mode":"bus","color":"#0059a9","colorDark":"#00294f","angle":92.7,"snapDist":5,"label":1}},{"type":"Feature","geometry":{"type":"Point","coordinates":[19.957752,50.102106]},"properties":{"name":"Papierni Prądnickich","lines":"128, 669","arr":["128","669"],"terminus":0,"mode":"bus","color":"#0059a9","colorDark":"#00294f","angle":187.7,"snapDist":6,"label":0}},{"type":"Feature","geometry":{"type":"Point","coordinates":[19.963246,50.101308]},"properties":{"name":"Banacha","lines":"128, 669","arr":["128","669"],"terminus":0,"mode":"bus","color":"#0059a9","colorDark":"#00294f","angle":281,"snapDist":7,"label":0}},{"type":"Feature","geometry":{"type":"Point","coordinates":[19.962009,50.097392]},"properties":{"name":"ks. Meiera","lines":"128, 137, 169, 317, 469, 503","arr":["128","137","169","317","469","503"],"terminus":0,"mode":"bus","color":"#0059a9","colorDark":"#00294f","angle":285.4,"snapDist":7,"label":0}},{"type":"Feature","geometry":{"type":"Point","coordinates":[19.974853,50.092502]},"properties":{"name":"Strzelców","lines":"128, 250, 260, 270","arr":["128","250","260","270"],"terminus":0,"mode":"bus","color":"#0059a9","colorDark":"#00294f","angle":297.7,"snapDist":7,"label":0}},{"type":"Feature","geometry":{"type":"Point","coordinates":[19.973007,50.088114]},"properties":{"name":"Rondo Barei","lines":"128, 138, 182, 189, 482, 601, 611","arr":["128","138","182","189","482","601","611"],"terminus":0,"mode":"bus","color":"#0059a9","colorDark":"#00294f","angle":288.8,"snapDist":9,"label":0}},{"type":"Feature","geometry":{"type":"Point","coordinates":[19.970519,50.083444]},"properties":{"name":"Miechowity","lines":"128, 182, 189, 482, 502, 511, 601, 611","arr":["128","182","189","482","502","511","601","611"],"terminus":0,"mode":"bus","color":"#0059a9","colorDark":"#00294f","angle":247.3,"snapDist":7,"label":0}},{"type":"Feature","geometry":{"type":"Point","coordinates":[19.974572,50.080182]},"properties":{"name":"Rondo Młyńskie","lines":"128, 424","arr":["128","424"],"terminus":0,"mode":"bus","color":"#0059a9","colorDark":"#00294f","angle":231.8,"snapDist":27,"label":0}},{"type":"Feature","geometry":{"type":"Point","coordinates":[19.97795,50.077825]},"properties":{"name":"Pszona","lines":"128, 424","arr":["128","424"],"terminus":0,"mode":"bus","color":"#0059a9","colorDark":"#00294f","angle":229.9,"snapDist":23,"label":0}},{"type":"Feature","geometry":{"type":"Point","coordinates":[19.98001,50.074665]},"properties":{"name":"Meissnera","lines":"128, 424","arr":["128","424"],"terminus":0,"mode":"bus","color":"#0059a9","colorDark":"#00294f","angle":253.3,"snapDist":25,"label":0}},{"type":"Feature","geometry":{"type":"Point","coordinates":[19.983964,50.070979]},"properties":{"name":"TAURON Arena Kraków Wieczysta","lines":"128","arr":["128"],"terminus":0,"mode":"bus","color":"#0059a9","colorDark":"#00294f","angle":220.1,"snapDist":7,"label":0}},{"type":"Feature","geometry":{"type":"Point","coordinates":[19.988692,50.066955]},"properties":{"name":"TAURON Arena Kraków","lines":"128","arr":["128"],"terminus":0,"mode":"bus","color":"#0059a9","colorDark":"#00294f","angle":266.1,"snapDist":9,"label":0}},{"type":"Feature","geometry":{"type":"Point","coordinates":[19.987067,50.064005]},"properties":{"name":"TAURON Arena Kraków Al. Pokoju","lines":"128, 662","arr":["128","662"],"terminus":0,"mode":"bus","color":"#0059a9","colorDark":"#00294f","angle":342.5,"snapDist":6,"label":0}},{"type":"Feature","geometry":{"type":"Point","coordinates":[19.979199,50.06085]},"properties":{"name":"Dąbie","lines":"128, 662","arr":["128","662"],"terminus":0,"mode":"bus","color":"#0059a9","colorDark":"#00294f","angle":322.8,"snapDist":7,"label":0}},{"type":"Feature","geometry":{"type":"Point","coordinates":[19.984333,50.045015]},"properties":{"name":"Saska","lines":"128, 158, 605","arr":["128","158","605"],"terminus":0,"mode":"bus","color":"#0059a9","colorDark":"#00294f","angle":211.7,"snapDist":6,"label":0}},{"type":"Feature","geometry":{"type":"Point","coordinates":[19.989818,50.042797]},"properties":{"name":"Szczecińska","lines":"128, 158, 605","arr":["128","158","605"],"terminus":0,"mode":"bus","color":"#0059a9","colorDark":"#00294f","angle":213.2,"snapDist":4,"label":0}},{"type":"Feature","geometry":{"type":"Point","coordinates":[19.944499,50.067279]},"properties":{"name":"Dworzec Główny Zachód","lines":"130, 304","arr":["130","304"],"terminus":1,"mode":"bus","color":"#0059a9","colorDark":"#00294f","angle":179.7,"snapDist":9,"label":0}},{"type":"Feature","geometry":{"type":"Point","coordinates":[19.936269,50.074135]},"properties":{"name":"Nowy Kleparz","lines":"130, 189, 904","arr":["130","189","904"],"terminus":0,"mode":"bus","color":"#0059a9","colorDark":"#00294f","angle":61.4,"snapDist":8,"label":0}},{"type":"Feature","geometry":{"type":"Point","coordinates":[19.931809,50.075425]},"properties":{"name":"Friedleina","lines":"130, 904","arr":["130","904"],"terminus":0,"mode":"bus","color":"#0059a9","colorDark":"#00294f","angle":21.3,"snapDist":4,"label":1}},{"type":"Feature","geometry":{"type":"Point","coordinates":[19.926213,50.077233]},"properties":{"name":"Wrocławska","lines":"130, 904","arr":["130","904"],"terminus":0,"mode":"bus","color":"#0059a9","colorDark":"#00294f","angle":32.9,"snapDist":8,"label":1}},{"type":"Feature","geometry":{"type":"Point","coordinates":[19.922447,50.078795]},"properties":{"name":"Urząd Marszałkowski","lines":"130, 904","arr":["130","904"],"terminus":0,"mode":"bus","color":"#0059a9","colorDark":"#00294f","angle":30.3,"snapDist":3,"label":1}},{"type":"Feature","geometry":{"type":"Point","coordinates":[19.916298,50.084896]},"properties":{"name":"Stachiewicza","lines":"130, 144, 194, 494","arr":["130","144","194","494"],"terminus":0,"mode":"bus","color":"#0059a9","colorDark":"#00294f","angle":103.1,"snapDist":3,"label":1}},{"type":"Feature","geometry":{"type":"Point","coordinates":[19.916044,50.08769]},"properties":{"name":"Makowskiego","lines":"130, 138, 168, 494, 904","arr":["130","138","168","494","904"],"terminus":0,"mode":"bus","color":"#0059a9","colorDark":"#00294f","angle":11.4,"snapDist":6,"label":1}},{"type":"Feature","geometry":{"type":"Point","coordinates":[19.911307,50.088346]},"properties":{"name":"Różyckiego","lines":"130, 138, 168, 494, 904","arr":["130","138","168","494","904"],"terminus":0,"mode":"bus","color":"#0059a9","colorDark":"#00294f","angle":348.6,"snapDist":6,"label":1}},{"type":"Feature","geometry":{"type":"Point","coordinates":[19.908847,50.086785]},"properties":{"name":"Azory","lines":"130, 138, 140, 168, 173, 494, 904","arr":["130","138","140","168","173","494","904"],"terminus":1,"mode":"bus","color":"#0059a9","colorDark":"#00294f","angle":277.6,"snapDist":4,"label":1}},{"type":"Feature","geometry":{"type":"Point","coordinates":[19.913931,50.087952]},"properties":{"name":"Różyckiego","lines":"130, 138, 168, 494, 904","arr":["130","138","168","494","904"],"terminus":0,"mode":"bus","color":"#0059a9","colorDark":"#00294f","angle":192.1,"snapDist":4,"label":0}},{"type":"Feature","geometry":{"type":"Point","coordinates":[19.91642,50.087641]},"properties":{"name":"Makowskiego","lines":"130, 494","arr":["130","494"],"terminus":0,"mode":"bus","color":"#0059a9","colorDark":"#00294f","angle":191.4,"snapDist":4,"label":0}},{"type":"Feature","geometry":{"type":"Point","coordinates":[19.922258,50.078868]},"properties":{"name":"Urząd Marszałkowski","lines":"130, 904","arr":["130","904"],"terminus":0,"mode":"bus","color":"#0059a9","colorDark":"#00294f","angle":212.7,"snapDist":4,"label":0}},{"type":"Feature","geometry":{"type":"Point","coordinates":[19.92802,50.076479]},"properties":{"name":"Wrocławska","lines":"130, 904","arr":["130","904"],"terminus":0,"mode":"bus","color":"#0059a9","colorDark":"#00294f","angle":213.3,"snapDist":5,"label":0}},{"type":"Feature","geometry":{"type":"Point","coordinates":[19.931605,50.075462]},"properties":{"name":"Friedleina","lines":"130, 904","arr":["130","904"],"terminus":0,"mode":"bus","color":"#0059a9","colorDark":"#00294f","angle":194.7,"snapDist":7,"label":0}},{"type":"Feature","geometry":{"type":"Point","coordinates":[19.935042,50.074851]},"properties":{"name":"Nowy Kleparz","lines":"130","arr":["130"],"terminus":0,"mode":"bus","color":"#0059a9","colorDark":"#00294f","angle":195.8,"snapDist":6,"label":0}},{"type":"Feature","geometry":{"type":"Point","coordinates":[19.937267,50.073667]},"properties":{"name":"Nowy Kleparz","lines":"130, 139, 169, 179, 189, 192, 199, 304, 307, 503, 511, 669, 904","arr":["130","139","169","179","189","192","199","304","307","503","511","669","904"],"terminus":0,"mode":"bus","color":"#0059a9","colorDark":"#00294f","angle":177.9,"snapDist":5,"label":0}},{"type":"Feature","geometry":{"type":"Point","coordinates":[20.06652,50.078572]},"properties":{"name":"Kombinat","lines":"132, 138, 139, 174, 242, 272","arr":["132","138","139","174","242","272"],"terminus":1,"mode":"bus","color":"#0059a9","colorDark":"#00294f","angle":87.4,"snapDist":5,"label":1}},{"type":"Feature","geometry":{"type":"Point","coordinates":[20.064969,50.079329]},"properties":{"name":"Kombinat","lines":"132, 139, 149, 174, 601","arr":["132","139","149","174","601"],"terminus":0,"mode":"bus","color":"#0059a9","colorDark":"#00294f","angle":348.4,"snapDist":7,"label":0}},{"type":"Feature","geometry":{"type":"Point","coordinates":[20.060029,50.07827]},"properties":{"name":"Łempickiego","lines":"132, 139, 149, 174, 601","arr":["132","139","149","174","601"],"terminus":0,"mode":"bus","color":"#0059a9","colorDark":"#00294f","angle":337.6,"snapDist":4,"label":1}},{"type":"Feature","geometry":{"type":"Point","coordinates":[20.047572,50.074997]},"properties":{"name":"Struga","lines":"132, 139, 601","arr":["132","139","601"],"terminus":0,"mode":"bus","color":"#0059a9","colorDark":"#00294f","angle":337.1,"snapDist":4,"label":0}},{"type":"Feature","geometry":{"type":"Point","coordinates":[20.038615,50.079035]},"properties":{"name":"Żeromskiego","lines":"132, 139, 160, 163, 601","arr":["132","139","160","163","601"],"terminus":0,"mode":"bus","color":"#0059a9","colorDark":"#00294f","angle":11.9,"snapDist":9,"label":1}},{"type":"Feature","geometry":{"type":"Point","coordinates":[20.01571,50.092517]},"properties":{"name":"Dunikowskiego","lines":"132, 139, 601, 664","arr":["132","139","601","664"],"terminus":0,"mode":"bus","color":"#0059a9","colorDark":"#00294f","angle":47.9,"snapDist":4,"label":0}},{"type":"Feature","geometry":{"type":"Point","coordinates":[20.010962,50.094433]},"properties":{"name":"Rondo Piastowskie","lines":"132, 139, 182, 601","arr":["132","139","182","601"],"terminus":0,"mode":"bus","color":"#0059a9","colorDark":"#00294f","angle":346.2,"snapDist":7,"label":1}},{"type":"Feature","geometry":{"type":"Point","coordinates":[19.993846,50.095563]},"properties":{"name":"Mistrzejowice","lines":"132, 139, 182, 183, 482, 601","arr":["132","139","182","183","482","601"],"terminus":0,"mode":"bus","color":"#0059a9","colorDark":"#00294f","angle":355.5,"snapDist":5,"label":0}},{"type":"Feature","geometry":{"type":"Point","coordinates":[19.989012,50.095179]},"properties":{"name":"Kurzei","lines":"132, 139, 182, 183, 482, 601","arr":["132","139","182","183","482","601"],"terminus":0,"mode":"bus","color":"#0059a9","colorDark":"#00294f","angle":349.7,"snapDist":5,"label":1}},{"type":"Feature","geometry":{"type":"Point","coordinates":[19.987784,50.092643]},"properties":{"name":"Marchołta","lines":"132, 139, 182, 183, 482, 601","arr":["132","139","182","183","482","601"],"terminus":0,"mode":"bus","color":"#0059a9","colorDark":"#00294f","angle":266.8,"snapDist":5,"label":1}},{"type":"Feature","geometry":{"type":"Point","coordinates":[19.987604,50.089281]},"properties":{"name":"Os. Oświecenia","lines":"132, 138, 139, 182, 189, 482, 601, 611","arr":["132","138","139","182","189","482","601","611"],"terminus":0,"mode":"bus","color":"#0059a9","colorDark":"#00294f","angle":25.6,"snapDist":6,"label":1}},{"type":"Feature","geometry":{"type":"Point","coordinates":[19.982518,50.09015]},"properties":{"name":"Park Wodny","lines":"132, 138, 139, 182, 189, 482, 601, 611","arr":["132","138","139","182","189","482","601","611"],"terminus":0,"mode":"bus","color":"#0059a9","colorDark":"#00294f","angle":355.2,"snapDist":7,"label":1}},{"type":"Feature","geometry":{"type":"Point","coordinates":[19.976887,50.089461]},"properties":{"name":"Słoneckiego","lines":"132, 138, 139, 182, 189, 482, 601, 611","arr":["132","138","139","182","189","482","601","611"],"terminus":0,"mode":"bus","color":"#0059a9","colorDark":"#00294f","angle":349.3,"snapDist":7,"label":1}},{"type":"Feature","geometry":{"type":"Point","coordinates":[19.973041,50.089019]},"properties":{"name":"Rondo Barei","lines":"132, 139","arr":["132","139"],"terminus":0,"mode":"bus","color":"#0059a9","colorDark":"#00294f","angle":350.4,"snapDist":5,"label":0}},{"type":"Feature","geometry":{"type":"Point","coordinates":[19.968521,50.088577]},"properties":{"name":"Promienistych","lines":"132, 139","arr":["132","139"],"terminus":0,"mode":"bus","color":"#0059a9","colorDark":"#00294f","angle":352.5,"snapDist":6,"label":1}},{"type":"Feature","geometry":{"type":"Point","coordinates":[19.96422,50.087943]},"properties":{"name":"Majora","lines":"132, 139","arr":["132","139"],"terminus":0,"mode":"bus","color":"#0059a9","colorDark":"#00294f","angle":359.4,"snapDist":3,"label":0}},{"type":"Feature","geometry":{"type":"Point","coordinates":[19.966757,50.088295]},"properties":{"name":"Promienistych","lines":"132, 139","arr":["132","139"],"terminus":0,"mode":"bus","color":"#0059a9","colorDark":"#00294f","angle":161.7,"snapDist":3,"label":0}},{"type":"Feature","geometry":{"type":"Point","coordinates":[19.970788,50.088767]},"properties":{"name":"Bitschana","lines":"132, 139","arr":["132","139"],"terminus":0,"mode":"bus","color":"#0059a9","colorDark":"#00294f","angle":172.3,"snapDist":6,"label":1}},{"type":"Feature","geometry":{"type":"Point","coordinates":[19.975026,50.089142]},"properties":{"name":"Rondo Barei","lines":"132, 138, 139, 182, 189, 482, 601, 611","arr":["132","138","139","182","189","482","601","611"],"terminus":0,"mode":"bus","color":"#0059a9","colorDark":"#00294f","angle":158.3,"snapDist":3,"label":0}},{"type":"Feature","geometry":{"type":"Point","coordinates":[19.982024,50.090106]},"properties":{"name":"Park Wodny","lines":"132, 138, 139, 182, 189, 482, 601, 611","arr":["132","138","139","182","189","482","601","611"],"terminus":0,"mode":"bus","color":"#0059a9","colorDark":"#00294f","angle":169.5,"snapDist":6,"label":0}},{"type":"Feature","geometry":{"type":"Point","coordinates":[19.988515,50.089514]},"properties":{"name":"Os. Oświecenia","lines":"132, 139, 182, 183, 482, 601","arr":["132","139","182","183","482","601"],"terminus":0,"mode":"bus","color":"#0059a9","colorDark":"#00294f","angle":93.8,"snapDist":7,"label":0}},{"type":"Feature","geometry":{"type":"Point","coordinates":[19.987851,50.093208]},"properties":{"name":"Marchołta","lines":"132, 139, 182, 183, 482, 601","arr":["132","139","182","183","482","601"],"terminus":0,"mode":"bus","color":"#0059a9","colorDark":"#00294f","angle":87.2,"snapDist":5,"label":0}},{"type":"Feature","geometry":{"type":"Point","coordinates":[19.989847,50.095194]},"properties":{"name":"Kurzei","lines":"132, 139, 182, 183, 482, 601","arr":["132","139","182","183","482","601"],"terminus":0,"mode":"bus","color":"#0059a9","colorDark":"#00294f","angle":169.6,"snapDist":5,"label":0}},{"type":"Feature","geometry":{"type":"Point","coordinates":[19.995776,50.095565]},"properties":{"name":"Mistrzejowice","lines":"132, 139, 182, 183, 601","arr":["132","139","182","183","601"],"terminus":0,"mode":"bus","color":"#0059a9","colorDark":"#00294f","angle":187.9,"snapDist":8,"label":0}},{"type":"Feature","geometry":{"type":"Point","coordinates":[20.011077,50.09422]},"properties":{"name":"Rondo Piastowskie","lines":"132, 139, 182, 601","arr":["132","139","182","601"],"terminus":0,"mode":"bus","color":"#0059a9","colorDark":"#00294f","angle":166,"snapDist":7,"label":0}},{"type":"Feature","geometry":{"type":"Point","coordinates":[20.015974,50.092086]},"properties":{"name":"Dunikowskiego","lines":"132, 139, 601, 664","arr":["132","139","601","664"],"terminus":0,"mode":"bus","color":"#0059a9","colorDark":"#00294f","angle":227.8,"snapDist":4,"label":0}},{"type":"Feature","geometry":{"type":"Point","coordinates":[20.047597,50.074831]},"properties":{"name":"Struga","lines":"132, 139, 149, 163, 601","arr":["132","139","149","163","601"],"terminus":0,"mode":"bus","color":"#0059a9","colorDark":"#00294f","angle":157.6,"snapDist":6,"label":0}},{"type":"Feature","geometry":{"type":"Point","coordinates":[20.061216,50.078442]},"properties":{"name":"Łempickiego","lines":"132, 139, 174, 601","arr":["132","139","174","601"],"terminus":0,"mode":"bus","color":"#0059a9","colorDark":"#00294f","angle":157.5,"snapDist":3,"label":0}},{"type":"Feature","geometry":{"type":"Point","coordinates":[19.855382,50.055083]},"properties":{"name":"ZOO","lines":"134, 434","arr":["134","434"],"terminus":1,"mode":"bus","color":"#0059a9","colorDark":"#00294f","angle":134.2,"snapDist":4,"label":1}},{"type":"Feature","geometry":{"type":"Point","coordinates":[19.862516,50.059104]},"properties":{"name":"Baba Jaga","lines":"134","arr":["134"],"terminus":0,"mode":"bus","color":"#0059a9","colorDark":"#00294f","angle":132.2,"snapDist":2,"label":0}},{"type":"Feature","geometry":{"type":"Point","coordinates":[19.905326,50.056488]},"properties":{"name":"Przegon","lines":"134, 192, 902","arr":["134","192","902"],"terminus":0,"mode":"bus","color":"#0059a9","colorDark":"#00294f","angle":167,"snapDist":4,"label":1}},{"type":"Feature","geometry":{"type":"Point","coordinates":[19.914244,50.057768]},"properties":{"name":"Instytut Reumatologii","lines":"134, 192, 902","arr":["134","192","902"],"terminus":0,"mode":"bus","color":"#0059a9","colorDark":"#00294f","angle":167.5,"snapDist":5,"label":1}},{"type":"Feature","geometry":{"type":"Point","coordinates":[19.92259,50.058487]},"properties":{"name":"Cracovia Stadion","lines":"134, 307","arr":["134","307"],"terminus":1,"mode":"bus","color":"#0059a9","colorDark":"#00294f","angle":78.5,"snapDist":7,"label":1}},{"type":"Feature","geometry":{"type":"Point","coordinates":[19.921996,50.058874]},"properties":{"name":"Cracovia Błonia","lines":"134, 192, 300, 902","arr":["134","192","300","902"],"terminus":0,"mode":"bus","color":"#0059a9","colorDark":"#00294f","angle":347.4,"snapDist":5,"label":0}},{"type":"Feature","geometry":{"type":"Point","coordinates":[19.913723,50.057693]},"properties":{"name":"Instytut Reumatologii","lines":"134, 192, 902","arr":["134","192","902"],"terminus":0,"mode":"bus","color":"#0059a9","colorDark":"#00294f","angle":347.4,"snapDist":4,"label":0}},{"type":"Feature","geometry":{"type":"Point","coordinates":[19.904687,50.056392]},"properties":{"name":"Przegon","lines":"134, 192, 902","arr":["134","192","902"],"terminus":0,"mode":"bus","color":"#0059a9","colorDark":"#00294f","angle":346.7,"snapDist":5,"label":0}},{"type":"Feature","geometry":{"type":"Point","coordinates":[19.862337,50.059104]},"properties":{"name":"Baba Jaga","lines":"134, 434","arr":["134","434"],"terminus":1,"mode":"bus","color":"#0059a9","colorDark":"#00294f","angle":319.8,"snapDist":14,"label":1}},{"type":"Feature","geometry":{"type":"Point","coordinates":[19.964453,50.099858]},"properties":{"name":"Os. Gotyk","lines":"137, 169, 469, 503","arr":["137","169","469","503"],"terminus":1,"mode":"bus","color":"#0059a9","colorDark":"#00294f","angle":273.3,"snapDist":4,"label":1}},{"type":"Feature","geometry":{"type":"Point","coordinates":[19.953802,50.086486]},"properties":{"name":"Opolska Estakada","lines":"137, 138, 169","arr":["137","138","169"],"terminus":0,"mode":"bus","color":"#0059a9","colorDark":"#00294f","angle":15.7,"snapDist":7,"label":0}},{"type":"Feature","geometry":{"type":"Point","coordinates":[19.947204,50.088238]},"properties":{"name":"Imbramowska","lines":"137, 138, 169, 572","arr":["137","138","169","572"],"terminus":0,"mode":"bus","color":"#0059a9","colorDark":"#00294f","angle":34.3,"snapDist":7,"label":1}},{"type":"Feature","geometry":{"type":"Point","coordinates":[19.943081,50.090345]},"properties":{"name":"Mackiewicza","lines":"137, 138, 207, 572","arr":["137","138","207","572"],"terminus":0,"mode":"bus","color":"#0059a9","colorDark":"#00294f","angle":38.5,"snapDist":8,"label":1}},{"type":"Feature","geometry":{"type":"Point","coordinates":[19.938004,50.088849]},"properties":{"name":"Szpital Jana Pawła II","lines":"137, 138, 207, 513","arr":["137","138","207","513"],"terminus":0,"mode":"bus","color":"#0059a9","colorDark":"#00294f","angle":13.3,"snapDist":8,"label":1}},{"type":"Feature","geometry":{"type":"Point","coordinates":[19.931922,50.088005]},"properties":{"name":"Krowodrza Górka P+R","lines":"137, 138, 207","arr":["137","138","207"],"terminus":0,"mode":"bus","color":"#0059a9","colorDark":"#00294f","angle":154.9,"snapDist":3,"label":0}},{"type":"Feature","geometry":{"type":"Point","coordinates":[19.938787,50.088988]},"properties":{"name":"Szpital Jana Pawła II","lines":"137, 138, 207","arr":["137","138","207"],"terminus":0,"mode":"bus","color":"#0059a9","colorDark":"#00294f","angle":96.5,"snapDist":7,"label":0}},{"type":"Feature","geometry":{"type":"Point","coordinates":[19.944049,50.089653]},"properties":{"name":"Mackiewicza","lines":"137, 138, 169, 469, 572","arr":["137","138","169","469","572"],"terminus":0,"mode":"bus","color":"#0059a9","colorDark":"#00294f","angle":218.9,"snapDist":9,"label":0}},{"type":"Feature","geometry":{"type":"Point","coordinates":[19.948352,50.087598]},"properties":{"name":"Imbramowska","lines":"137, 138, 169, 469, 572","arr":["137","138","169","469","572"],"terminus":0,"mode":"bus","color":"#0059a9","colorDark":"#00294f","angle":206.4,"snapDist":8,"label":0}},{"type":"Feature","geometry":{"type":"Point","coordinates":[19.958429,50.089437]},"properties":{"name":"Dobrego Pasterza","lines":"137, 317, 503","arr":["137","317","503"],"terminus":0,"mode":"bus","color":"#0059a9","colorDark":"#00294f","angle":124.1,"snapDist":5,"label":0}},{"type":"Feature","geometry":{"type":"Point","coordinates":[19.964323,50.101735]},"properties":{"name":"Banacha","lines":"137, 169, 469, 503","arr":["137","169","469","503"],"terminus":0,"mode":"bus","color":"#0059a9","colorDark":"#00294f","angle":183,"snapDist":4,"label":0}},{"type":"Feature","geometry":{"type":"Point","coordinates":[20.065636,50.084337]},"properties":{"name":"Zajezdnia Nowa Huta","lines":"138, 601","arr":["138","601"],"terminus":0,"mode":"bus","color":"#0059a9","colorDark":"#00294f","angle":86.9,"snapDist":7,"label":1}},{"type":"Feature","geometry":{"type":"Point","coordinates":[20.064115,50.088009]},"properties":{"name":"Elektromontaż","lines":"138, 601","arr":["138","601"],"terminus":0,"mode":"bus","color":"#0059a9","colorDark":"#00294f","angle":354.4,"snapDist":4,"label":1}},{"type":"Feature","geometry":{"type":"Point","coordinates":[20.047668,50.087128]},"properties":{"name":"Wańkowicza","lines":"138, 149, 160, 202, 212, 222, 232, 262","arr":["138","149","160","202","212","222","232","262"],"terminus":0,"mode":"bus","color":"#0059a9","colorDark":"#00294f","angle":350.8,"snapDist":8,"label":0}},{"type":"Feature","geometry":{"type":"Point","coordinates":[20.030868,50.093314]},"properties":{"name":"Nowolipki","lines":"138, 182","arr":["138","182"],"terminus":0,"mode":"bus","color":"#0059a9","colorDark":"#00294f","angle":356.5,"snapDist":10,"label":1}},{"type":"Feature","geometry":{"type":"Point","coordinates":[20.027238,50.093302]},"properties":{"name":"Fatimska","lines":"138, 182, 511","arr":["138","182","511"],"terminus":0,"mode":"bus","color":"#0059a9","colorDark":"#00294f","angle":12,"snapDist":8,"label":1}},{"type":"Feature","geometry":{"type":"Point","coordinates":[20.0208,50.095117]},"properties":{"name":"Os. Mistrzejowice Nowe","lines":"138, 182, 511","arr":["138","182","511"],"terminus":0,"mode":"bus","color":"#0059a9","colorDark":"#00294f","angle":24.5,"snapDist":5,"label":1}},{"type":"Feature","geometry":{"type":"Point","coordinates":[20.017426,50.095313]},"properties":{"name":"Kupały","lines":"138","arr":["138"],"terminus":0,"mode":"bus","color":"#0059a9","colorDark":"#00294f","angle":341.1,"snapDist":8,"label":1}},{"type":"Feature","geometry":{"type":"Point","coordinates":[20.010015,50.091328]},"properties":{"name":"Os. Kalinowe","lines":"138, 511","arr":["138","511"],"terminus":0,"mode":"bus","color":"#0059a9","colorDark":"#00294f","angle":317.9,"snapDist":5,"label":1}},{"type":"Feature","geometry":{"type":"Point","coordinates":[20.000518,50.087733]},"properties":{"name":"Wiślicka","lines":"138, 183, 189, 502, 511, 572, 608, 611","arr":["138","183","189","502","511","572","608","611"],"terminus":0,"mode":"bus","color":"#0059a9","colorDark":"#00294f","angle":355.8,"snapDist":7,"label":0}},{"type":"Feature","geometry":{"type":"Point","coordinates":[19.994244,50.087607]},"properties":{"name":"Os. Akademickie","lines":"138, 183, 189, 611","arr":["138","183","189","611"],"terminus":0,"mode":"bus","color":"#0059a9","colorDark":"#00294f","angle":358.2,"snapDist":8,"label":1}},{"type":"Feature","geometry":{"type":"Point","coordinates":[19.970378,50.085392]},"properties":{"name":"Olsza II","lines":"138","arr":["138"],"terminus":0,"mode":"bus","color":"#0059a9","colorDark":"#00294f","angle":354.7,"snapDist":6,"label":1}},{"type":"Feature","geometry":{"type":"Point","coordinates":[19.961961,50.08518]},"properties":{"name":"Lublańska","lines":"138","arr":["138"],"terminus":0,"mode":"bus","color":"#0059a9","colorDark":"#00294f","angle":4.3,"snapDist":9,"label":1}},{"type":"Feature","geometry":{"type":"Point","coordinates":[19.930688,50.088346]},"properties":{"name":"Krowodrza Górka P+R","lines":"138","arr":["138"],"terminus":0,"mode":"bus","color":"#0059a9","colorDark":"#00294f","angle":46.4,"snapDist":7,"label":0}},{"type":"Feature","geometry":{"type":"Point","coordinates":[19.926268,50.088868]},"properties":{"name":"Krowoderskich Zuchów","lines":"138, 168, 194, 220, 240, 290","arr":["138","168","194","220","240","290"],"terminus":0,"mode":"bus","color":"#0059a9","colorDark":"#00294f","angle":340.7,"snapDist":6,"label":1}},{"type":"Feature","geometry":{"type":"Point","coordinates":[19.917275,50.087604]},"properties":{"name":"Makowskiego","lines":"138, 144, 168, 194, 904","arr":["138","144","168","194","904"],"terminus":0,"mode":"bus","color":"#0059a9","colorDark":"#00294f","angle":174.3,"snapDist":4,"label":0}},{"type":"Feature","geometry":{"type":"Point","coordinates":[19.925425,50.088676]},"properties":{"name":"Krowoderskich Zuchów","lines":"138, 168, 194, 220, 240, 290","arr":["138","168","194","220","240","290"],"terminus":0,"mode":"bus","color":"#0059a9","colorDark":"#00294f","angle":161,"snapDist":5,"label":0}},{"type":"Feature","geometry":{"type":"Point","coordinates":[19.955522,50.085757]},"properties":{"name":"Opolska Estakada","lines":"138","arr":["138"],"terminus":0,"mode":"bus","color":"#0059a9","colorDark":"#00294f","angle":205.7,"snapDist":7,"label":0}},{"type":"Feature","geometry":{"type":"Point","coordinates":[19.9636,50.084979]},"properties":{"name":"Lublańska","lines":"138","arr":["138"],"terminus":0,"mode":"bus","color":"#0059a9","colorDark":"#00294f","angle":184.5,"snapDist":9,"label":0}},{"type":"Feature","geometry":{"type":"Point","coordinates":[19.968849,50.084907]},"properties":{"name":"Olsza II","lines":"138","arr":["138"],"terminus":0,"mode":"bus","color":"#0059a9","colorDark":"#00294f","angle":179.6,"snapDist":7,"label":0}},{"type":"Feature","geometry":{"type":"Point","coordinates":[19.988621,50.088857]},"properties":{"name":"Os. Oświecenia","lines":"138, 183, 189, 611","arr":["138","183","189","611"],"terminus":0,"mode":"bus","color":"#0059a9","colorDark":"#00294f","angle":202.8,"snapDist":6,"label":0}},{"type":"Feature","geometry":{"type":"Point","coordinates":[19.994972,50.087296]},"properties":{"name":"Os. Akademickie","lines":"138, 183, 189, 608, 611","arr":["138","183","189","608","611"],"terminus":0,"mode":"bus","color":"#0059a9","colorDark":"#00294f","angle":176.1,"snapDist":9,"label":0}},{"type":"Feature","geometry":{"type":"Point","coordinates":[20.010409,50.091557]},"properties":{"name":"Os. Kalinowe","lines":"138, 511","arr":["138","511"],"terminus":0,"mode":"bus","color":"#0059a9","colorDark":"#00294f","angle":138,"snapDist":5,"label":0}},{"type":"Feature","geometry":{"type":"Point","coordinates":[20.015422,50.094452]},"properties":{"name":"Kupały","lines":"138","arr":["138"],"terminus":0,"mode":"bus","color":"#0059a9","colorDark":"#00294f","angle":138.5,"snapDist":6,"label":0}},{"type":"Feature","geometry":{"type":"Point","coordinates":[20.021353,50.094954]},"properties":{"name":"Os. Mistrzejowice Nowe","lines":"138, 182, 511","arr":["138","182","511"],"terminus":0,"mode":"bus","color":"#0059a9","colorDark":"#00294f","angle":205.7,"snapDist":5,"label":0}},{"type":"Feature","geometry":{"type":"Point","coordinates":[20.029106,50.093203]},"properties":{"name":"Fatimska","lines":"138, 182, 511","arr":["138","182","511"],"terminus":0,"mode":"bus","color":"#0059a9","colorDark":"#00294f","angle":176.7,"snapDist":5,"label":0}},{"type":"Feature","geometry":{"type":"Point","coordinates":[20.033698,50.092922]},"properties":{"name":"Nowolipki","lines":"138","arr":["138"],"terminus":0,"mode":"bus","color":"#0059a9","colorDark":"#00294f","angle":267.1,"snapDist":3,"label":0}},{"type":"Feature","geometry":{"type":"Point","coordinates":[20.066494,50.088136]},"properties":{"name":"Elektromontaż","lines":"138, 601","arr":["138","601"],"terminus":0,"mode":"bus","color":"#0059a9","colorDark":"#00294f","angle":6.1,"snapDist":4,"label":0}},{"type":"Feature","geometry":{"type":"Point","coordinates":[20.065715,50.083392]},"properties":{"name":"Zajezdnia Nowa Huta","lines":"138, 601","arr":["138","601"],"terminus":0,"mode":"bus","color":"#0059a9","colorDark":"#00294f","angle":267,"snapDist":5,"label":0}},{"type":"Feature","geometry":{"type":"Point","coordinates":[19.899012,50.070695]},"properties":{"name":"Przybyszewskiego","lines":"139, 164, 173, 199, 310, 511, 601, 611","arr":["139","164","173","199","310","511","601","611"],"terminus":1,"mode":"bus","color":"#0059a9","colorDark":"#00294f","angle":192.1,"snapDist":7,"label":1}},{"type":"Feature","geometry":{"type":"Point","coordinates":[19.906474,50.069688]},"properties":{"name":"Miasteczko Studenckie AGH","lines":"139, 164, 173, 199, 511, 601, 611, LR0","arr":["139","164","173","199","511","601","611","LR0"],"terminus":0,"mode":"bus","color":"#0059a9","colorDark":"#00294f","angle":193,"snapDist":8,"label":0}},{"type":"Feature","geometry":{"type":"Point","coordinates":[19.917244,50.0676]},"properties":{"name":"Chopina","lines":"139, 144, 164, 173, 194, 199, 494, 601, 611","arr":["139","144","164","173","194","199","494","601","611"],"terminus":0,"mode":"bus","color":"#0059a9","colorDark":"#00294f","angle":176.6,"snapDist":8,"label":1}},{"type":"Feature","geometry":{"type":"Point","coordinates":[19.922956,50.066254]},"properties":{"name":"Czarnowiejska","lines":"139, 144, 164, 173, 194, 199, 310, 494, 511, 601, 611, LR0","arr":["139","144","164","173","194","199","310","494","511","601","611","LR0"],"terminus":0,"mode":"bus","color":"#0059a9","colorDark":"#00294f","angle":207.5,"snapDist":6,"label":1}},{"type":"Feature","geometry":{"type":"Point","coordinates":[19.926872,50.069402]},"properties":{"name":"Plac Inwalidów","lines":"139, 169, 179, 192, 199, 301, 304, 307, 503, 511, 513, 608","arr":["139","169","179","192","199","301","304","307","503","511","513","608"],"terminus":0,"mode":"bus","color":"#0059a9","colorDark":"#00294f","angle":113.3,"snapDist":6,"label":0}},{"type":"Feature","geometry":{"type":"Point","coordinates":[19.930396,50.071845]},"properties":{"name":"Radio Kraków","lines":"139, 169, 179, 192, 199, 608","arr":["139","169","179","192","199","608"],"terminus":0,"mode":"bus","color":"#0059a9","colorDark":"#00294f","angle":140.8,"snapDist":5,"label":0}},{"type":"Feature","geometry":{"type":"Point","coordinates":[20.039276,50.078097]},"properties":{"name":"Żeromskiego","lines":"139, 160, 163, 601","arr":["139","160","163","601"],"terminus":0,"mode":"bus","color":"#0059a9","colorDark":"#00294f","angle":281.8,"snapDist":7,"label":0}},{"type":"Feature","geometry":{"type":"Point","coordinates":[20.039722,50.076547]},"properties":{"name":"Aleja Róż","lines":"139, 163","arr":["139","163"],"terminus":0,"mode":"bus","color":"#0059a9","colorDark":"#00294f","angle":191.8,"snapDist":4,"label":1}},{"type":"Feature","geometry":{"type":"Point","coordinates":[20.039646,50.076557]},"properties":{"name":"Aleja Róż","lines":"139, 163","arr":["139","163"],"terminus":0,"mode":"bus","color":"#0059a9","colorDark":"#00294f","angle":11.8,"snapDist":5,"label":0}},{"type":"Feature","geometry":{"type":"Point","coordinates":[19.935001,50.073744]},"properties":{"name":"Nowy Kleparz","lines":"139, 169, 179, 192, 199, 301, 304, 307, 469, 503, 511, 513, 608, 704","arr":["139","169","179","192","199","301","304","307","469","503","511","513","608","704"],"terminus":0,"mode":"bus","color":"#0059a9","colorDark":"#00294f","angle":351.7,"snapDist":5,"label":0}},{"type":"Feature","geometry":{"type":"Point","coordinates":[19.922291,50.066479]},"properties":{"name":"Czarnowiejska","lines":"139, 144, 164, 173, 194, 199, 310, 494, 511, 601, 611, LR0","arr":["139","144","164","173","194","199","310","494","511","601","611","LR0"],"terminus":0,"mode":"bus","color":"#0059a9","colorDark":"#00294f","angle":22.5,"snapDist":7,"label":0}},{"type":"Feature","geometry":{"type":"Point","coordinates":[19.912894,50.068273]},"properties":{"name":"Kawiory","lines":"139, 164, 173, 199, 601, 611","arr":["139","164","173","199","601","611"],"terminus":0,"mode":"bus","color":"#0059a9","colorDark":"#00294f","angle":32.4,"snapDist":8,"label":1}},{"type":"Feature","geometry":{"type":"Point","coordinates":[19.905552,50.069824]},"properties":{"name":"Miasteczko Studenckie AGH","lines":"139, 164, 173, 199, 511, 601, 611, LR0","arr":["139","164","173","199","511","601","611","LR0"],"terminus":0,"mode":"bus","color":"#0059a9","colorDark":"#00294f","angle":13.3,"snapDist":9,"label":0}},{"type":"Feature","geometry":{"type":"Point","coordinates":[19.894032,50.08625]},"properties":{"name":"Radzikowskiego Osiedle","lines":"140","arr":["140"],"terminus":1,"mode":"bus","color":"#0059a9","colorDark":"#00294f","angle":20.6,"snapDist":4,"label":1}},{"type":"Feature","geometry":{"type":"Point","coordinates":[19.900097,50.088629]},"properties":{"name":"Conrada","lines":"140, 168, 173, 572","arr":["140","168","173","572"],"terminus":0,"mode":"bus","color":"#0059a9","colorDark":"#00294f","angle":165.7,"snapDist":7,"label":1}},{"type":"Feature","geometry":{"type":"Point","coordinates":[19.909023,50.083278]},"properties":{"name":"Radzikowskiego","lines":"140, 904","arr":["140","904"],"terminus":0,"mode":"bus","color":"#0059a9","colorDark":"#00294f","angle":194.9,"snapDist":9,"label":1}},{"type":"Feature","geometry":{"type":"Point","coordinates":[19.91619,50.082392]},"properties":{"name":"Łobzów SKA","lines":"140","arr":["140"],"terminus":0,"mode":"bus","color":"#0059a9","colorDark":"#00294f","angle":179.8,"snapDist":9,"label":0}},{"type":"Feature","geometry":{"type":"Point","coordinates":[19.915033,50.082382]},"properties":{"name":"Łobzów SKA","lines":"140","arr":["140"],"terminus":0,"mode":"bus","color":"#0059a9","colorDark":"#00294f","angle":358.9,"snapDist":10,"label":0}},{"type":"Feature","geometry":{"type":"Point","coordinates":[19.909108,50.083262]},"properties":{"name":"Radzikowskiego","lines":"140, 904","arr":["140","904"],"terminus":0,"mode":"bus","color":"#0059a9","colorDark":"#00294f","angle":20.5,"snapDist":4,"label":0}},{"type":"Feature","geometry":{"type":"Point","coordinates":[19.906253,50.083452]},"properties":{"name":"Gnieźnieńska","lines":"140","arr":["140"],"terminus":0,"mode":"bus","color":"#0059a9","colorDark":"#00294f","angle":8.6,"snapDist":3,"label":1}},{"type":"Feature","geometry":{"type":"Point","coordinates":[19.902409,50.083945]},"properties":{"name":"Czerwieńskiego","lines":"140","arr":["140"],"terminus":0,"mode":"bus","color":"#0059a9","colorDark":"#00294f","angle":15.4,"snapDist":3,"label":1}},{"type":"Feature","geometry":{"type":"Point","coordinates":[19.896846,50.085464]},"properties":{"name":"Fiszera","lines":"140","arr":["140"],"terminus":0,"mode":"bus","color":"#0059a9","colorDark":"#00294f","angle":30,"snapDist":3,"label":1}},{"type":"Feature","geometry":{"type":"Point","coordinates":[20.011009,50.006305]},"properties":{"name":"Rżąka","lines":"144, 195","arr":["144","195"],"terminus":1,"mode":"bus","color":"#0059a9","colorDark":"#00294f","angle":190.6,"snapDist":7,"label":1}},{"type":"Feature","geometry":{"type":"Point","coordinates":[20.007953,50.010578]},"properties":{"name":"Jerzmanowskiego","lines":"144, 195, 204, 224, 244, 274, 301, 304, 503","arr":["144","195","204","224","244","274","301","304","503"],"terminus":0,"mode":"bus","color":"#0059a9","colorDark":"#00294f","angle":35,"snapDist":8,"label":1}},{"type":"Feature","geometry":{"type":"Point","coordinates":[19.998377,50.014398]},"properties":{"name":"Prokocim Szpital","lines":"144, 173, 204, 224, 301, 304, 503, 513","arr":["144","173","204","224","301","304","503","513"],"terminus":0,"mode":"bus","color":"#0059a9","colorDark":"#00294f","angle":28.9,"snapDist":8,"label":1}},{"type":"Feature","geometry":{"type":"Point","coordinates":[19.988307,50.019039]},"properties":{"name":"Wlotowa","lines":"144, 173, 204, 224, 503, 513, 669","arr":["144","173","204","224","503","513","669"],"terminus":0,"mode":"bus","color":"#0059a9","colorDark":"#00294f","angle":43.1,"snapDist":11,"label":1}},{"type":"Feature","geometry":{"type":"Point","coordinates":[19.982005,50.022752]},"properties":{"name":"Bieżanowska","lines":"144, 173, 301, 304, 503, 513, 669","arr":["144","173","301","304","503","513","669"],"terminus":0,"mode":"bus","color":"#0059a9","colorDark":"#00294f","angle":41.1,"snapDist":7,"label":0}},{"type":"Feature","geometry":{"type":"Point","coordinates":[19.973325,50.026444]},"properties":{"name":"Malborska","lines":"144, 155, 169, 173, 904","arr":["144","155","169","173","904"],"terminus":0,"mode":"bus","color":"#0059a9","colorDark":"#00294f","angle":15.7,"snapDist":6,"label":1}},{"type":"Feature","geometry":{"type":"Point","coordinates":[19.965949,50.027294]},"properties":{"name":"Makowa","lines":"144, 155, 169, 173, 904","arr":["144","155","169","173","904"],"terminus":0,"mode":"bus","color":"#0059a9","colorDark":"#00294f","angle":13.4,"snapDist":6,"label":1}},{"type":"Feature","geometry":{"type":"Point","coordinates":[19.957527,50.028965]},"properties":{"name":"Kamieńskiego","lines":"144, 155, 169, 173, 174, 179, 301, 304, 513, 904","arr":["144","155","169","173","174","179","301","304","513","904"],"terminus":0,"mode":"bus","color":"#0059a9","colorDark":"#00294f","angle":18.1,"snapDist":5,"label":1}},{"type":"Feature","geometry":{"type":"Point","coordinates":[19.953455,50.029752]},"properties":{"name":"Bonarka","lines":"144, 155, 169, 173, 174, 179","arr":["144","155","169","173","174","179"],"terminus":0,"mode":"bus","color":"#0059a9","colorDark":"#00294f","angle":15.6,"snapDist":7,"label":1}},{"type":"Feature","geometry":{"type":"Point","coordinates":[19.948507,50.031997]},"properties":{"name":"Kamieńskiego Wiadukt","lines":"144, 155, 164, 169, 173, 174, 179, 610, 904","arr":["144","155","164","169","173","174","179","610","904"],"terminus":0,"mode":"bus","color":"#0059a9","colorDark":"#00294f","angle":-123.8,"snapDist":7,"label":1}},{"type":"Feature","geometry":{"type":"Point","coordinates":[19.940056,50.03714]},"properties":{"name":"Rondo Matecznego","lines":"144, 164, 169, 173, 179, 301, 304, 503, 513, 608, 610","arr":["144","164","169","173","179","301","304","503","513","608","610"],"terminus":0,"mode":"bus","color":"#0059a9","colorDark":"#00294f","angle":49.9,"snapDist":7,"label":1}},{"type":"Feature","geometry":{"type":"Point","coordinates":[19.935009,50.043254]},"properties":{"name":"Ludwinów","lines":"144, 164, 169, 173, 179, 608, 610","arr":["144","164","169","173","179","608","610"],"terminus":0,"mode":"bus","color":"#0059a9","colorDark":"#00294f","angle":80.6,"snapDist":11,"label":1}},{"type":"Feature","geometry":{"type":"Point","coordinates":[19.913865,50.068758]},"properties":{"name":"Kawiory","lines":"144, 194, 494","arr":["144","194","494"],"terminus":0,"mode":"bus","color":"#0059a9","colorDark":"#00294f","angle":99.1,"snapDist":5,"label":0}},{"type":"Feature","geometry":{"type":"Point","coordinates":[19.924685,50.094152]},"properties":{"name":"Vetulaniego","lines":"144, 904","arr":["144","904"],"terminus":0,"mode":"bus","color":"#0059a9","colorDark":"#00294f","angle":162.8,"snapDist":8,"label":1}},{"type":"Feature","geometry":{"type":"Point","coordinates":[19.929722,50.094935]},"properties":{"name":"Pachońskiego P+R","lines":"144, 669, 904","arr":["144","669","904"],"terminus":0,"mode":"bus","color":"#0059a9","colorDark":"#00294f","angle":166.4,"snapDist":9,"label":1}},{"type":"Feature","geometry":{"type":"Point","coordinates":[19.93031,50.096261]},"properties":{"name":"Prądnik Biały","lines":"144, 904","arr":["144","904"],"terminus":1,"mode":"bus","color":"#0059a9","colorDark":"#00294f","angle":191.9,"snapDist":7,"label":1}},{"type":"Feature","geometry":{"type":"Point","coordinates":[19.928,50.094671]},"properties":{"name":"Pachońskiego P+R","lines":"144, 904","arr":["144","904"],"terminus":0,"mode":"bus","color":"#0059a9","colorDark":"#00294f","angle":346.5,"snapDist":9,"label":0}},{"type":"Feature","geometry":{"type":"Point","coordinates":[19.924073,50.093992]},"properties":{"name":"Vetulaniego","lines":"144, 904","arr":["144","904"],"terminus":0,"mode":"bus","color":"#0059a9","colorDark":"#00294f","angle":338,"snapDist":8,"label":0}},{"type":"Feature","geometry":{"type":"Point","coordinates":[19.917399,50.087612]},"properties":{"name":"Makowskiego","lines":"144, 194","arr":["144","194"],"terminus":0,"mode":"bus","color":"#0059a9","colorDark":"#00294f","angle":354.2,"snapDist":6,"label":0}},{"type":"Feature","geometry":{"type":"Point","coordinates":[19.91522,50.072425]},"properties":{"name":"Biprostal","lines":"144, 194, 494","arr":["144","194","494"],"terminus":0,"mode":"bus","color":"#0059a9","colorDark":"#00294f","angle":291.3,"snapDist":5,"label":0}},{"type":"Feature","geometry":{"type":"Point","coordinates":[19.913852,50.068703]},"properties":{"name":"Kawiory","lines":"144, 194, 494","arr":["144","194","494"],"terminus":0,"mode":"bus","color":"#0059a9","colorDark":"#00294f","angle":278.7,"snapDist":5,"label":0}},{"type":"Feature","geometry":{"type":"Point","coordinates":[19.934842,50.043251]},"properties":{"name":"Ludwinów","lines":"144, 164, 169, 173, 179, 469, 608, 610","arr":["144","164","169","173","179","469","608","610"],"terminus":0,"mode":"bus","color":"#0059a9","colorDark":"#00294f","angle":260.9,"snapDist":7,"label":0}},{"type":"Feature","geometry":{"type":"Point","coordinates":[19.941408,50.035923]},"properties":{"name":"Rondo Matecznego","lines":"144, 164, 169, 173, 179, 301, 304, 469, 503, 513, 610, 904","arr":["144","164","169","173","179","301","304","469","503","513","610","904"],"terminus":0,"mode":"bus","color":"#0059a9","colorDark":"#00294f","angle":202.5,"snapDist":5,"label":0}},{"type":"Feature","geometry":{"type":"Point","coordinates":[19.949197,50.031143]},"properties":{"name":"Kamieńskiego Wiadukt","lines":"144, 155, 169, 173, 174, 179, 469, 904","arr":["144","155","169","173","174","179","469","904"],"terminus":0,"mode":"bus","color":"#0059a9","colorDark":"#00294f","angle":227.9,"snapDist":6,"label":0}},{"type":"Feature","geometry":{"type":"Point","coordinates":[19.954083,50.02879]},"properties":{"name":"Bonarka","lines":"144, 155, 169, 173, 174, 179, 469","arr":["144","155","169","173","174","179","469"],"terminus":0,"mode":"bus","color":"#0059a9","colorDark":"#00294f","angle":247,"snapDist":6,"label":0}},{"type":"Feature","geometry":{"type":"Point","coordinates":[19.956937,50.028958]},"properties":{"name":"Kamieńskiego","lines":"144, 155, 169, 173, 174, 179, 301, 304, 469, 513, 904","arr":["144","155","169","173","174","179","301","304","469","513","904"],"terminus":0,"mode":"bus","color":"#0059a9","colorDark":"#00294f","angle":197.2,"snapDist":9,"label":0}},{"type":"Feature","geometry":{"type":"Point","coordinates":[19.966625,50.027129]},"properties":{"name":"Makowa","lines":"144, 155, 169, 173, 469, 904","arr":["144","155","169","173","469","904"],"terminus":0,"mode":"bus","color":"#0059a9","colorDark":"#00294f","angle":189.1,"snapDist":7,"label":0}},{"type":"Feature","geometry":{"type":"Point","coordinates":[19.974854,50.026094]},"properties":{"name":"Malborska","lines":"144, 173, 904","arr":["144","173","904"],"terminus":0,"mode":"bus","color":"#0059a9","colorDark":"#00294f","angle":195.8,"snapDist":6,"label":0}},{"type":"Feature","geometry":{"type":"Point","coordinates":[19.98053,50.023421]},"properties":{"name":"Bieżanowska","lines":"144, 173, 204, 224, 301, 304, 503, 513, 669, 703","arr":["144","173","204","224","301","304","503","513","669","703"],"terminus":1,"mode":"bus","color":"#0059a9","colorDark":"#00294f","angle":221.3,"snapDist":8,"label":1}},{"type":"Feature","geometry":{"type":"Point","coordinates":[19.987814,50.019148]},"properties":{"name":"Wlotowa","lines":"144, 173, 204, 224, 503, 513, 669","arr":["144","173","204","224","503","513","669"],"terminus":0,"mode":"bus","color":"#0059a9","colorDark":"#00294f","angle":222.8,"snapDist":9,"label":0}},{"type":"Feature","geometry":{"type":"Point","coordinates":[19.997633,50.014476]},"properties":{"name":"Prokocim Szpital","lines":"144, 204, 224, 301, 304, 503, 513","arr":["144","204","224","301","304","503","513"],"terminus":0,"mode":"bus","color":"#0059a9","colorDark":"#00294f","angle":208,"snapDist":10,"label":0}},{"type":"Feature","geometry":{"type":"Point","coordinates":[20.00932,50.009774]},"properties":{"name":"Jerzmanowskiego","lines":"144, 195, 204, 224, 244, 274, 301, 304, 503","arr":["144","195","204","224","244","274","301","304","503"],"terminus":0,"mode":"bus","color":"#0059a9","colorDark":"#00294f","angle":215,"snapDist":9,"label":0}},{"type":"Feature","geometry":{"type":"Point","coordinates":[20.010092,50.008263]},"properties":{"name":"Czerwiakowskiego","lines":"144, 195","arr":["144","195"],"terminus":0,"mode":"bus","color":"#0059a9","colorDark":"#00294f","angle":317.6,"snapDist":6,"label":1}},{"type":"Feature","geometry":{"type":"Point","coordinates":[19.871431,50.046106]},"properties":{"name":"Przegorzały Obwodnica","lines":"146, 209, 219, 229, 239, 249, 259, 269, 279, 609","arr":["146","209","219","229","239","249","259","269","279","609"],"terminus":0,"mode":"bus","color":"#0059a9","colorDark":"#00294f","angle":352.7,"snapDist":6,"label":0}},{"type":"Feature","geometry":{"type":"Point","coordinates":[19.859418,50.045115]},"properties":{"name":"Na Krępaku","lines":"146, 209, 219, 229, 239, 249, 259, 269, 279, 609","arr":["146","209","219","229","239","249","259","269","279","609"],"terminus":0,"mode":"bus","color":"#0059a9","colorDark":"#00294f","angle":349.7,"snapDist":7,"label":1}},{"type":"Feature","geometry":{"type":"Point","coordinates":[19.850843,50.044075]},"properties":{"name":"Bielańskie Skały","lines":"146, 209, 219, 229, 239, 249, 259, 269, 279, 609","arr":["146","209","219","229","239","249","259","269","279","609"],"terminus":0,"mode":"bus","color":"#0059a9","colorDark":"#00294f","angle":349.4,"snapDist":5,"label":1}},{"type":"Feature","geometry":{"type":"Point","coordinates":[19.841238,50.041816]},"properties":{"name":"Wodociągi","lines":"146, 209, 219, 229, 239, 249, 259, 269, 279, 609","arr":["146","209","219","229","239","249","259","269","279","609"],"terminus":0,"mode":"bus","color":"#0059a9","colorDark":"#00294f","angle":317.6,"snapDist":5,"label":1}},{"type":"Feature","geometry":{"type":"Point","coordinates":[19.830906,50.043444]},"properties":{"name":"Bielany Klasztor","lines":"146, 209, 219, 229, 239, 269, 279, 609","arr":["146","209","219","229","239","269","279","609"],"terminus":0,"mode":"bus","color":"#0059a9","colorDark":"#00294f","angle":23,"snapDist":4,"label":1}},{"type":"Feature","geometry":{"type":"Point","coordinates":[19.820693,50.043261]},"properties":{"name":"Bielany","lines":"146, 209, 219, 229, 239, 269, 279","arr":["146","209","219","229","239","269","279"],"terminus":0,"mode":"bus","color":"#0059a9","colorDark":"#00294f","angle":344.3,"snapDist":3,"label":0}},{"type":"Feature","geometry":{"type":"Point","coordinates":[19.811858,50.041919]},"properties":{"name":"Bielany Obwodnica","lines":"146, 209, 219, 229, 239, 269, 279","arr":["146","209","219","229","239","269","279"],"terminus":1,"mode":"bus","color":"#0059a9","colorDark":"#00294f","angle":186,"snapDist":5,"label":1}},{"type":"Feature","geometry":{"type":"Point","coordinates":[19.819306,50.043012]},"properties":{"name":"Bielany","lines":"146, 209, 219, 229, 239, 269, 279","arr":["146","209","219","229","239","269","279"],"terminus":0,"mode":"bus","color":"#0059a9","colorDark":"#00294f","angle":164.3,"snapDist":4,"label":0}},{"type":"Feature","geometry":{"type":"Point","coordinates":[19.827678,50.04412]},"properties":{"name":"Bielany Szkoła","lines":"146, 209, 219, 229, 239, 269, 279, 609","arr":["146","209","219","229","239","269","279","609"],"terminus":0,"mode":"bus","color":"#0059a9","colorDark":"#00294f","angle":187.7,"snapDist":5,"label":0}},{"type":"Feature","geometry":{"type":"Point","coordinates":[19.83125,50.043351]},"properties":{"name":"Bielany Klasztor","lines":"146, 209, 219, 229, 239, 269, 279, 609","arr":["146","209","219","229","239","269","279","609"],"terminus":0,"mode":"bus","color":"#0059a9","colorDark":"#00294f","angle":203,"snapDist":4,"label":0}},{"type":"Feature","geometry":{"type":"Point","coordinates":[19.839937,50.041179]},"properties":{"name":"Wodociągi","lines":"146, 209, 219, 229, 239, 249, 259, 269, 279, 609","arr":["146","209","219","229","239","249","259","269","279","609"],"terminus":0,"mode":"bus","color":"#0059a9","colorDark":"#00294f","angle":169.3,"snapDist":9,"label":0}},{"type":"Feature","geometry":{"type":"Point","coordinates":[19.851415,50.044138]},"properties":{"name":"Bielańskie Skały","lines":"146, 209, 219, 229, 239, 249, 259, 269, 279, 609","arr":["146","209","219","229","239","249","259","269","279","609"],"terminus":0,"mode":"bus","color":"#0059a9","colorDark":"#00294f","angle":170.7,"snapDist":7,"label":0}},{"type":"Feature","geometry":{"type":"Point","coordinates":[19.860566,50.045219]},"properties":{"name":"Na Krępaku","lines":"146, 209, 219, 229, 239, 249, 259, 269, 279, 609","arr":["146","209","219","229","239","249","259","269","279","609"],"terminus":0,"mode":"bus","color":"#0059a9","colorDark":"#00294f","angle":172.6,"snapDist":8,"label":0}},{"type":"Feature","geometry":{"type":"Point","coordinates":[19.991671,50.041449]},"properties":{"name":"Rzebika","lines":"148","arr":["148"],"terminus":0,"mode":"bus","color":"#0059a9","colorDark":"#00294f","angle":86,"snapDist":1,"label":0}},{"type":"Feature","geometry":{"type":"Point","coordinates":[19.997814,50.045085]},"properties":{"name":"Myśliwska","lines":"148","arr":["148"],"terminus":0,"mode":"bus","color":"#0059a9","colorDark":"#00294f","angle":184,"snapDist":4,"label":1}},{"type":"Feature","geometry":{"type":"Point","coordinates":[19.996132,50.049502]},"properties":{"name":"Lasówka","lines":"148","arr":["148"],"terminus":0,"mode":"bus","color":"#0059a9","colorDark":"#00294f","angle":44.2,"snapDist":3,"label":1}},{"type":"Feature","geometry":{"type":"Point","coordinates":[19.989855,50.052626]},"properties":{"name":"Koszykarska","lines":"148, 174","arr":["148","174"],"terminus":0,"mode":"bus","color":"#0059a9","colorDark":"#00294f","angle":152.7,"snapDist":7,"label":1}},{"type":"Feature","geometry":{"type":"Point","coordinates":[20.001434,50.05639]},"properties":{"name":"Arctowskiego","lines":"148","arr":["148"],"terminus":0,"mode":"bus","color":"#0059a9","colorDark":"#00294f","angle":226.1,"snapDist":6,"label":1}},{"type":"Feature","geometry":{"type":"Point","coordinates":[20.007519,50.058656]},"properties":{"name":"Galicyjska","lines":"148","arr":["148"],"terminus":0,"mode":"bus","color":"#0059a9","colorDark":"#00294f","angle":86.1,"snapDist":6,"label":0}},{"type":"Feature","geometry":{"type":"Point","coordinates":[20.008946,50.063747]},"properties":{"name":"ZDMK","lines":"148, 183","arr":["148","183"],"terminus":0,"mode":"bus","color":"#0059a9","colorDark":"#00294f","angle":177,"snapDist":5,"label":1}},{"type":"Feature","geometry":{"type":"Point","coordinates":[20.010366,50.065425]},"properties":{"name":"Sołtysowska","lines":"148","arr":["148"],"terminus":0,"mode":"bus","color":"#0059a9","colorDark":"#00294f","angle":296,"snapDist":4,"label":0}},{"type":"Feature","geometry":{"type":"Point","coordinates":[20.008343,50.063728]},"properties":{"name":"ZDMK","lines":"148, 183","arr":["148","183"],"terminus":0,"mode":"bus","color":"#0059a9","colorDark":"#00294f","angle":357,"snapDist":5,"label":0}},{"type":"Feature","geometry":{"type":"Point","coordinates":[20.000451,50.05641]},"properties":{"name":"Arctowskiego","lines":"148, 174","arr":["148","174"],"terminus":0,"mode":"bus","color":"#0059a9","colorDark":"#00294f","angle":317.5,"snapDist":8,"label":0}},{"type":"Feature","geometry":{"type":"Point","coordinates":[19.990114,50.051733]},"properties":{"name":"Koszykarska","lines":"148","arr":["148"],"terminus":0,"mode":"bus","color":"#0059a9","colorDark":"#00294f","angle":236.1,"snapDist":5,"label":0}},{"type":"Feature","geometry":{"type":"Point","coordinates":[19.99653,50.049249]},"properties":{"name":"Lasówka","lines":"148","arr":["148"],"terminus":0,"mode":"bus","color":"#0059a9","colorDark":"#00294f","angle":224.9,"snapDist":3,"label":0}},{"type":"Feature","geometry":{"type":"Point","coordinates":[19.996696,50.045136]},"properties":{"name":"Myśliwska","lines":"148","arr":["148"],"terminus":0,"mode":"bus","color":"#0059a9","colorDark":"#00294f","angle":4,"snapDist":4,"label":0}},{"type":"Feature","geometry":{"type":"Point","coordinates":[20.06408,50.099458]},"properties":{"name":"Szpital Okulistyczny","lines":"149","arr":["149"],"terminus":1,"mode":"bus","color":"#0059a9","colorDark":"#00294f","angle":166.7,"snapDist":3,"label":1}},{"type":"Feature","geometry":{"type":"Point","coordinates":[20.049235,50.085327]},"properties":{"name":"Krasnowolskiego","lines":"149","arr":["149"],"terminus":0,"mode":"bus","color":"#0059a9","colorDark":"#00294f","angle":200.4,"snapDist":3,"label":1}},{"type":"Feature","geometry":{"type":"Point","coordinates":[20.054663,50.083956]},"properties":{"name":"PCK","lines":"149","arr":["149"],"terminus":0,"mode":"bus","color":"#0059a9","colorDark":"#00294f","angle":232.4,"snapDist":3,"label":1}},{"type":"Feature","geometry":{"type":"Point","coordinates":[20.056827,50.080532]},"properties":{"name":"Krzesławice Młyn","lines":"149","arr":["149"],"terminus":0,"mode":"bus","color":"#0059a9","colorDark":"#00294f","angle":266.1,"snapDist":3,"label":1}},{"type":"Feature","geometry":{"type":"Point","coordinates":[20.046154,50.074605]},"properties":{"name":"Struga","lines":"149","arr":["149"],"terminus":0,"mode":"bus","color":"#0059a9","colorDark":"#00294f","angle":334.6,"snapDist":6,"label":0}},{"type":"Feature","geometry":{"type":"Point","coordinates":[20.038676,50.071159]},"properties":{"name":"Plac Centralny im. R. Reagana","lines":"149, 174, 601","arr":["149","174","601"],"terminus":0,"mode":"bus","color":"#0059a9","colorDark":"#00294f","angle":201.4,"snapDist":7,"label":1}},{"type":"Feature","geometry":{"type":"Point","coordinates":[20.070583,50.065134]},"properties":{"name":"Fort Mogiła","lines":"149","arr":["149"],"terminus":0,"mode":"bus","color":"#0059a9","colorDark":"#00294f","angle":248.3,"snapDist":7,"label":1}},{"type":"Feature","geometry":{"type":"Point","coordinates":[20.081638,50.0623]},"properties":{"name":"Giedroycia","lines":"149","arr":["149"],"terminus":0,"mode":"bus","color":"#0059a9","colorDark":"#00294f","angle":270.2,"snapDist":3,"label":1}},{"type":"Feature","geometry":{"type":"Point","coordinates":[20.0784,50.059321]},"properties":{"name":"Ekospalarnia","lines":"149","arr":["149"],"terminus":0,"mode":"bus","color":"#0059a9","colorDark":"#00294f","angle":350.4,"snapDist":4,"label":1}},{"type":"Feature","geometry":{"type":"Point","coordinates":[20.066045,50.055683]},"properties":{"name":"Kępa","lines":"149","arr":["149"],"terminus":0,"mode":"bus","color":"#0059a9","colorDark":"#00294f","angle":300.7,"snapDist":4,"label":1}},{"type":"Feature","geometry":{"type":"Point","coordinates":[20.062447,50.053003]},"properties":{"name":"Zakarnie","lines":"149","arr":["149"],"terminus":0,"mode":"bus","color":"#0059a9","colorDark":"#00294f","angle":3.5,"snapDist":3,"label":1}},{"type":"Feature","geometry":{"type":"Point","coordinates":[20.061953,50.053022]},"properties":{"name":"Zakarnie","lines":"149","arr":["149"],"terminus":0,"mode":"bus","color":"#0059a9","colorDark":"#00294f","angle":183.5,"snapDist":4,"label":0}},{"type":"Feature","geometry":{"type":"Point","coordinates":[20.065669,50.055275]},"properties":{"name":"Kępa","lines":"149","arr":["149"],"terminus":0,"mode":"bus","color":"#0059a9","colorDark":"#00294f","angle":120.6,"snapDist":3,"label":0}},{"type":"Feature","geometry":{"type":"Point","coordinates":[20.078041,50.059287]},"properties":{"name":"Ekospalarnia","lines":"149","arr":["149"],"terminus":0,"mode":"bus","color":"#0059a9","colorDark":"#00294f","angle":171.4,"snapDist":4,"label":0}},{"type":"Feature","geometry":{"type":"Point","coordinates":[20.080924,50.064385]},"properties":{"name":"Giedroycia","lines":"149","arr":["149"],"terminus":0,"mode":"bus","color":"#0059a9","colorDark":"#00294f","angle":357.5,"snapDist":7,"label":1}},{"type":"Feature","geometry":{"type":"Point","coordinates":[20.070676,50.065276]},"properties":{"name":"Fort Mogiła","lines":"149","arr":["149"],"terminus":0,"mode":"bus","color":"#0059a9","colorDark":"#00294f","angle":68,"snapDist":7,"label":0}},{"type":"Feature","geometry":{"type":"Point","coordinates":[20.046936,50.069644]},"properties":{"name":"Os. Na Skarpie","lines":"149, 174, 601","arr":["149","174","601"],"terminus":0,"mode":"bus","color":"#0059a9","colorDark":"#00294f","angle":15.4,"snapDist":6,"label":0}},{"type":"Feature","geometry":{"type":"Point","coordinates":[20.038786,50.072479]},"properties":{"name":"Plac Centralny im. R. Reagana","lines":"149","arr":["149"],"terminus":0,"mode":"bus","color":"#0059a9","colorDark":"#00294f","angle":157.9,"snapDist":5,"label":0}},{"type":"Feature","geometry":{"type":"Point","coordinates":[20.056893,50.079909]},"properties":{"name":"Krzesławice Młyn","lines":"149","arr":["149"],"terminus":0,"mode":"bus","color":"#0059a9","colorDark":"#00294f","angle":85.9,"snapDist":2,"label":0}},{"type":"Feature","geometry":{"type":"Point","coordinates":[20.05421,50.084322]},"properties":{"name":"PCK","lines":"149","arr":["149"],"terminus":0,"mode":"bus","color":"#0059a9","colorDark":"#00294f","angle":47.4,"snapDist":3,"label":0}},{"type":"Feature","geometry":{"type":"Point","coordinates":[20.049084,50.085363]},"properties":{"name":"Krasnowolskiego","lines":"149","arr":["149"],"terminus":0,"mode":"bus","color":"#0059a9","colorDark":"#00294f","angle":20.4,"snapDist":3,"label":0}},{"type":"Feature","geometry":{"type":"Point","coordinates":[20.047273,50.086553]},"properties":{"name":"Wańkowicza","lines":"149","arr":["149"],"terminus":0,"mode":"bus","color":"#0059a9","colorDark":"#00294f","angle":76.4,"snapDist":3,"label":0}},{"type":"Feature","geometry":{"type":"Point","coordinates":[20.065607,50.099802]},"properties":{"name":"Osieckiego","lines":"149","arr":["149"],"terminus":0,"mode":"bus","color":"#0059a9","colorDark":"#00294f","angle":39.9,"snapDist":3,"label":1}},{"type":"Feature","geometry":{"type":"Point","coordinates":[19.897641,50.095021]},"properties":{"name":"Piaskowa","lines":"150","arr":["150"],"terminus":1,"mode":"bus","color":"#0059a9","colorDark":"#00294f","angle":214.2,"snapDist":4,"label":1}},{"type":"Feature","geometry":{"type":"Point","coordinates":[19.90359,50.096078]},"properties":{"name":"Stelmachów","lines":"150","arr":["150"],"terminus":0,"mode":"bus","color":"#0059a9","colorDark":"#00294f","angle":180.1,"snapDist":4,"label":1}},{"type":"Feature","geometry":{"type":"Point","coordinates":[19.909383,50.094756]},"properties":{"name":"Pełczyńskiego","lines":"150, 402","arr":["150","402"],"terminus":0,"mode":"bus","color":"#0059a9","colorDark":"#00294f","angle":198.3,"snapDist":3,"label":1}},{"type":"Feature","geometry":{"type":"Point","coordinates":[19.927394,50.091267]},"properties":{"name":"Opolska Kładka","lines":"150, 572","arr":["150","572"],"terminus":0,"mode":"bus","color":"#0059a9","colorDark":"#00294f","angle":185.4,"snapDist":3,"label":1}},{"type":"Feature","geometry":{"type":"Point","coordinates":[19.932344,50.088914]},"properties":{"name":"Krowodrza Górka P+R","lines":"150, 227, 267, 337, 513, 669, 937","arr":["150","227","267","337","513","669","937"],"terminus":0,"mode":"bus","color":"#0059a9","colorDark":"#00294f","angle":255.5,"snapDist":6,"label":0}},{"type":"Feature","geometry":{"type":"Point","coordinates":[19.930183,50.091492]},"properties":{"name":"Sosabowskiego","lines":"150, 572","arr":["150","572"],"terminus":0,"mode":"bus","color":"#0059a9","colorDark":"#00294f","angle":357.7,"snapDist":5,"label":1}},{"type":"Feature","geometry":{"type":"Point","coordinates":[19.925592,50.091441]},"properties":{"name":"Opolska Kładka","lines":"150, 572","arr":["150","572"],"terminus":0,"mode":"bus","color":"#0059a9","colorDark":"#00294f","angle":354.2,"snapDist":9,"label":0}},{"type":"Feature","geometry":{"type":"Point","coordinates":[19.913637,50.095601]},"properties":{"name":"Jordanowska","lines":"150","arr":["150"],"terminus":0,"mode":"bus","color":"#0059a9","colorDark":"#00294f","angle":329.5,"snapDist":4,"label":0}},{"type":"Feature","geometry":{"type":"Point","coordinates":[19.908932,50.094854]},"properties":{"name":"Pełczyńskiego","lines":"150, 402","arr":["150","402"],"terminus":0,"mode":"bus","color":"#0059a9","colorDark":"#00294f","angle":18.2,"snapDist":4,"label":0}},{"type":"Feature","geometry":{"type":"Point","coordinates":[19.902819,50.09608]},"properties":{"name":"Stelmachów","lines":"150","arr":["150"],"terminus":0,"mode":"bus","color":"#0059a9","colorDark":"#00294f","angle":1.1,"snapDist":3,"label":0}},{"type":"Feature","geometry":{"type":"Point","coordinates":[19.910631,50.011805]},"properties":{"name":"Polana Żywiecka","lines":"151","arr":["151"],"terminus":0,"mode":"bus","color":"#0059a9","colorDark":"#00294f","angle":143.4,"snapDist":3,"label":1}},{"type":"Feature","geometry":{"type":"Point","coordinates":[19.913373,50.013103]},"properties":{"name":"Łuczyńskiego","lines":"151","arr":["151"],"terminus":0,"mode":"bus","color":"#0059a9","colorDark":"#00294f","angle":143.3,"snapDist":3,"label":1}},{"type":"Feature","geometry":{"type":"Point","coordinates":[19.919692,50.015747]},"properties":{"name":"Żywiecka","lines":"151","arr":["151"],"terminus":0,"mode":"bus","color":"#0059a9","colorDark":"#00294f","angle":138.7,"snapDist":4,"label":1}},{"type":"Feature","geometry":{"type":"Point","coordinates":[19.92423,50.017883]},"properties":{"name":"Rynek Fałęcki","lines":"151","arr":["151"],"terminus":0,"mode":"bus","color":"#0059a9","colorDark":"#00294f","angle":220.9,"snapDist":3,"label":1}},{"type":"Feature","geometry":{"type":"Point","coordinates":[19.928593,50.016125]},"properties":{"name":"Kościuszkowców","lines":"151","arr":["151"],"terminus":0,"mode":"bus","color":"#0059a9","colorDark":"#00294f","angle":198.8,"snapDist":3,"label":1}},{"type":"Feature","geometry":{"type":"Point","coordinates":[19.92749,50.011718]},"properties":{"name":"Borek Fałęcki","lines":"151, 915","arr":["151","915"],"terminus":0,"mode":"bus","color":"#0059a9","colorDark":"#00294f","angle":107.5,"snapDist":7,"label":0}},{"type":"Feature","geometry":{"type":"Point","coordinates":[19.930061,50.016609]},"properties":{"name":"Kościuszkowców","lines":"151, 915","arr":["151","915"],"terminus":0,"mode":"bus","color":"#0059a9","colorDark":"#00294f","angle":108.1,"snapDist":7,"label":0}},{"type":"Feature","geometry":{"type":"Point","coordinates":[19.929028,50.019649]},"properties":{"name":"Zbrojarzy","lines":"151","arr":["151"],"terminus":0,"mode":"bus","color":"#0059a9","colorDark":"#00294f","angle":68.4,"snapDist":3,"label":1}},{"type":"Feature","geometry":{"type":"Point","coordinates":[19.923994,50.01842]},"properties":{"name":"Rynek Fałęcki","lines":"151","arr":["151"],"terminus":0,"mode":"bus","color":"#0059a9","colorDark":"#00294f","angle":312.1,"snapDist":3,"label":0}},{"type":"Feature","geometry":{"type":"Point","coordinates":[19.921298,50.016621]},"properties":{"name":"Żywiecka","lines":"151","arr":["151"],"terminus":0,"mode":"bus","color":"#0059a9","colorDark":"#00294f","angle":319.8,"snapDist":4,"label":0}},{"type":"Feature","geometry":{"type":"Point","coordinates":[19.916659,50.014614]},"properties":{"name":"Kępna","lines":"151","arr":["151"],"terminus":0,"mode":"bus","color":"#0059a9","colorDark":"#00294f","angle":341.8,"snapDist":4,"label":1}},{"type":"Feature","geometry":{"type":"Point","coordinates":[19.912774,50.012819]},"properties":{"name":"Łuczyńskiego","lines":"151","arr":["151"],"terminus":0,"mode":"bus","color":"#0059a9","colorDark":"#00294f","angle":323.7,"snapDist":3,"label":0}},{"type":"Feature","geometry":{"type":"Point","coordinates":[19.909932,50.011471]},"properties":{"name":"Polana Żywiecka","lines":"151","arr":["151"],"terminus":0,"mode":"bus","color":"#0059a9","colorDark":"#00294f","angle":323.4,"snapDist":3,"label":0}},{"type":"Feature","geometry":{"type":"Point","coordinates":[20.003626,50.009332]},"properties":{"name":"Miejskie Centrum Opieki","lines":"153, 163, 513","arr":["153","163","513"],"terminus":1,"mode":"bus","color":"#0059a9","colorDark":"#00294f","angle":343.7,"snapDist":7,"label":1}},{"type":"Feature","geometry":{"type":"Point","coordinates":[20.000242,50.010192]},"properties":{"name":"Szpital Uniwersytecki / Instytut Pediatrii","lines":"153, 163, 204, 513","arr":["153","163","204","513"],"terminus":0,"mode":"bus","color":"#0059a9","colorDark":"#00294f","angle":28.1,"snapDist":7,"label":1}},{"type":"Feature","geometry":{"type":"Point","coordinates":[19.993178,50.011878]},"properties":{"name":"Wydział Farmaceutyczny UJ","lines":"153","arr":["153"],"terminus":0,"mode":"bus","color":"#0059a9","colorDark":"#00294f","angle":301.4,"snapDist":6,"label":1}},{"type":"Feature","geometry":{"type":"Point","coordinates":[19.992913,50.009958]},"properties":{"name":"Prokocim UJ","lines":"153","arr":["153"],"terminus":0,"mode":"bus","color":"#0059a9","colorDark":"#00294f","angle":210.1,"snapDist":6,"label":1}},{"type":"Feature","geometry":{"type":"Point","coordinates":[20.000068,50.014263]},"properties":{"name":"Prokocim Szpital","lines":"153, 163, 173, 195, 244, 274, 669","arr":["153","163","173","195","244","274","669"],"terminus":0,"mode":"bus","color":"#0059a9","colorDark":"#00294f","angle":134.5,"snapDist":5,"label":0}},{"type":"Feature","geometry":{"type":"Point","coordinates":[20.006345,50.016602]},"properties":{"name":"Teligi","lines":"153, 163, 173, 195, 244, 274, 669","arr":["153","163","173","195","244","274","669"],"terminus":0,"mode":"bus","color":"#0059a9","colorDark":"#00294f","angle":194.3,"snapDist":7,"label":1}},{"type":"Feature","geometry":{"type":"Point","coordinates":[20.011744,50.015967]},"properties":{"name":"Nowy Prokocim","lines":"153, 163, 173, 195, 244, 274, 669","arr":["153","163","173","195","244","274","669"],"terminus":0,"mode":"bus","color":"#0059a9","colorDark":"#00294f","angle":176.4,"snapDist":6,"label":1}},{"type":"Feature","geometry":{"type":"Point","coordinates":[20.020375,50.015615]},"properties":{"name":"Ćwiklińskiej","lines":"153, 163, 195, 234, 284, 669","arr":["153","163","195","234","284","669"],"terminus":0,"mode":"bus","color":"#0059a9","colorDark":"#00294f","angle":196.5,"snapDist":6,"label":1}},{"type":"Feature","geometry":{"type":"Point","coordinates":[20.023536,50.015025]},"properties":{"name":"Nowy Bieżanów P+R","lines":"153, 163, 195, 234, 284","arr":["153","163","195","234","284"],"terminus":0,"mode":"bus","color":"#0059a9","colorDark":"#00294f","angle":196.5,"snapDist":6,"label":0}},{"type":"Feature","geometry":{"type":"Point","coordinates":[20.028241,50.014185]},"properties":{"name":"Madejówka","lines":"153","arr":["153"],"terminus":0,"mode":"bus","color":"#0059a9","colorDark":"#00294f","angle":278.7,"snapDist":4,"label":1}},{"type":"Feature","geometry":{"type":"Point","coordinates":[20.022978,50.010042]},"properties":{"name":"Cmentarz Bieżanów","lines":"153","arr":["153"],"terminus":0,"mode":"bus","color":"#0059a9","colorDark":"#00294f","angle":178,"snapDist":4,"label":1}},{"type":"Feature","geometry":{"type":"Point","coordinates":[20.030318,50.010132]},"properties":{"name":"ks. Łaczka","lines":"153","arr":["153"],"terminus":0,"mode":"bus","color":"#0059a9","colorDark":"#00294f","angle":166.1,"snapDist":4,"label":1}},{"type":"Feature","geometry":{"type":"Point","coordinates":[20.036766,50.011563]},"properties":{"name":"Bieżanów Drożdżownia SKA","lines":"153","arr":["153"],"terminus":0,"mode":"bus","color":"#0059a9","colorDark":"#00294f","angle":146.7,"snapDist":7,"label":1}},{"type":"Feature","geometry":{"type":"Point","coordinates":[20.040465,50.011929]},"properties":{"name":"Drożdżowa","lines":"153","arr":["153"],"terminus":0,"mode":"bus","color":"#0059a9","colorDark":"#00294f","angle":253.3,"snapDist":3,"label":1}},{"type":"Feature","geometry":{"type":"Point","coordinates":[20.041721,50.009603]},"properties":{"name":"Ślósarczyka","lines":"153","arr":["153"],"terminus":0,"mode":"bus","color":"#0059a9","colorDark":"#00294f","angle":229.1,"snapDist":4,"label":1}},{"type":"Feature","geometry":{"type":"Point","coordinates":[20.045012,50.008112]},"properties":{"name":"Bieżanów Kaim","lines":"153","arr":["153"],"terminus":0,"mode":"bus","color":"#0059a9","colorDark":"#00294f","angle":171.3,"snapDist":4,"label":1}},{"type":"Feature","geometry":{"type":"Point","coordinates":[20.052867,50.008398]},"properties":{"name":"Bieżanów Potrzask","lines":"153, 284","arr":["153","284"],"terminus":1,"mode":"bus","color":"#0059a9","colorDark":"#00294f","angle":86.5,"snapDist":3,"label":1}},{"type":"Feature","geometry":{"type":"Point","coordinates":[20.048905,50.013678]},"properties":{"name":"Pruszyńskiego","lines":"153, 284","arr":["153","284"],"terminus":0,"mode":"bus","color":"#0059a9","colorDark":"#00294f","angle":36.6,"snapDist":3,"label":1}},{"type":"Feature","geometry":{"type":"Point","coordinates":[20.043104,50.01294]},"properties":{"name":"Weigla","lines":"153, 284","arr":["153","284"],"terminus":0,"mode":"bus","color":"#0059a9","colorDark":"#00294f","angle":343.2,"snapDist":3,"label":1}},{"type":"Feature","geometry":{"type":"Point","coordinates":[20.042003,50.014791]},"properties":{"name":"Jędrzejczyka","lines":"153, 284","arr":["153","284"],"terminus":0,"mode":"bus","color":"#0059a9","colorDark":"#00294f","angle":75.8,"snapDist":4,"label":1}},{"type":"Feature","geometry":{"type":"Point","coordinates":[20.040546,50.01526]},"properties":{"name":"Dwór Czeczów","lines":"153, 284","arr":["153","284"],"terminus":0,"mode":"bus","color":"#0059a9","colorDark":"#00294f","angle":332.7,"snapDist":3,"label":1}},{"type":"Feature","geometry":{"type":"Point","coordinates":[20.037229,50.015104]},"properties":{"name":"Lipowskiego","lines":"153","arr":["153"],"terminus":0,"mode":"bus","color":"#0059a9","colorDark":"#00294f","angle":263.3,"snapDist":4,"label":1}},{"type":"Feature","geometry":{"type":"Point","coordinates":[20.03574,50.01131]},"properties":{"name":"Bieżanów Drożdżownia SKA","lines":"153","arr":["153"],"terminus":0,"mode":"bus","color":"#0059a9","colorDark":"#00294f","angle":327.3,"snapDist":5,"label":0}},{"type":"Feature","geometry":{"type":"Point","coordinates":[20.032501,50.010449]},"properties":{"name":"Świdzińskiego","lines":"153","arr":["153"],"terminus":0,"mode":"bus","color":"#0059a9","colorDark":"#00294f","angle":346.8,"snapDist":3,"label":1}},{"type":"Feature","geometry":{"type":"Point","coordinates":[20.027361,50.010164]},"properties":{"name":"ks. Łaczka","lines":"153","arr":["153"],"terminus":0,"mode":"bus","color":"#0059a9","colorDark":"#00294f","angle":358,"snapDist":3,"label":0}},{"type":"Feature","geometry":{"type":"Point","coordinates":[20.024459,50.011519]},"properties":{"name":"Cmentarz Bieżanów","lines":"153","arr":["153"],"terminus":0,"mode":"bus","color":"#0059a9","colorDark":"#00294f","angle":144.7,"snapDist":3,"label":0}},{"type":"Feature","geometry":{"type":"Point","coordinates":[20.028069,50.013626]},"properties":{"name":"Madejówka","lines":"153","arr":["153"],"terminus":0,"mode":"bus","color":"#0059a9","colorDark":"#00294f","angle":103.3,"snapDist":3,"label":0}},{"type":"Feature","geometry":{"type":"Point","coordinates":[20.02312,50.015187]},"properties":{"name":"Nowy Bieżanów P+R","lines":"153, 163, 195, 234, 284, 669","arr":["153","163","195","234","284","669"],"terminus":1,"mode":"bus","color":"#0059a9","colorDark":"#00294f","angle":16.5,"snapDist":5,"label":1}},{"type":"Feature","geometry":{"type":"Point","coordinates":[20.018752,50.016043]},"properties":{"name":"Ćwiklińskiej","lines":"153, 163, 195, 234, 284, 669","arr":["153","163","195","234","284","669"],"terminus":0,"mode":"bus","color":"#0059a9","colorDark":"#00294f","angle":17.2,"snapDist":7,"label":0}},{"type":"Feature","geometry":{"type":"Point","coordinates":[20.011566,50.01596]},"properties":{"name":"Nowy Prokocim","lines":"153, 163, 173, 195, 244, 274, 669","arr":["153","163","173","195","244","274","669"],"terminus":0,"mode":"bus","color":"#0059a9","colorDark":"#00294f","angle":356.7,"snapDist":8,"label":0}},{"type":"Feature","geometry":{"type":"Point","coordinates":[20.006605,50.01656]},"properties":{"name":"Teligi","lines":"153, 163, 173, 195, 244, 274, 669","arr":["153","163","173","195","244","274","669"],"terminus":0,"mode":"bus","color":"#0059a9","colorDark":"#00294f","angle":15.1,"snapDist":7,"label":0}},{"type":"Feature","geometry":{"type":"Point","coordinates":[20.001323,50.015021]},"properties":{"name":"Prokocim Szpital","lines":"153, 163, 195, 244, 274, 669","arr":["153","163","195","244","274","669"],"terminus":0,"mode":"bus","color":"#0059a9","colorDark":"#00294f","angle":319.3,"snapDist":6,"label":1}},{"type":"Feature","geometry":{"type":"Point","coordinates":[19.992451,50.010322]},"properties":{"name":"Prokocim UJ","lines":"153","arr":["153"],"terminus":0,"mode":"bus","color":"#0059a9","colorDark":"#00294f","angle":93.5,"snapDist":3,"label":0}},{"type":"Feature","geometry":{"type":"Point","coordinates":[20.000721,50.010027]},"properties":{"name":"Szpital Uniwersytecki / Instytut Pediatrii","lines":"153, 163, 204, 513","arr":["153","163","204","513"],"terminus":0,"mode":"bus","color":"#0059a9","colorDark":"#00294f","angle":209.9,"snapDist":7,"label":0}},{"type":"Feature","geometry":{"type":"Point","coordinates":[19.930636,49.994944]},"properties":{"name":"Wilga","lines":"155, 214, 215, 225, 254, 265, 915","arr":["155","214","215","225","254","265","915"],"terminus":0,"mode":"bus","color":"#0059a9","colorDark":"#00294f","angle":213.7,"snapDist":6,"label":1}},{"type":"Feature","geometry":{"type":"Point","coordinates":[19.936222,49.992895]},"properties":{"name":"Park Zdrojowy","lines":"155, 214, 215, 225, 254, 265, 915","arr":["155","214","215","225","254","265","915"],"terminus":0,"mode":"bus","color":"#0059a9","colorDark":"#00294f","angle":175.3,"snapDist":7,"label":1}},{"type":"Feature","geometry":{"type":"Point","coordinates":[19.940184,49.992709]},"properties":{"name":"Merkuriusza Polskiego","lines":"155, 214, 215, 225, 254, 265, 915","arr":["155","214","215","225","254","265","915"],"terminus":0,"mode":"bus","color":"#0059a9","colorDark":"#00294f","angle":236.7,"snapDist":4,"label":1}},{"type":"Feature","geometry":{"type":"Point","coordinates":[19.942543,49.99085]},"properties":{"name":"Swoszowice Poczta","lines":"155, 214, 215, 225, 254, 265, 915","arr":["155","214","215","225","254","265","915"],"terminus":0,"mode":"bus","color":"#0059a9","colorDark":"#00294f","angle":171.3,"snapDist":3,"label":1}},{"type":"Feature","geometry":{"type":"Point","coordinates":[19.946017,49.991373]},"properties":{"name":"Sawiczewskich","lines":"155, 214, 215, 225, 254, 265, 915","arr":["155","214","215","225","254","265","915"],"terminus":0,"mode":"bus","color":"#0059a9","colorDark":"#00294f","angle":95.3,"snapDist":3,"label":1}},{"type":"Feature","geometry":{"type":"Point","coordinates":[19.946651,49.993995]},"properties":{"name":"Swoszowice Szkoła","lines":"155, 214, 215, 225, 254, 265, 915","arr":["155","214","215","225","254","265","915"],"terminus":0,"mode":"bus","color":"#0059a9","colorDark":"#00294f","angle":94.8,"snapDist":6,"label":1}},{"type":"Feature","geometry":{"type":"Point","coordinates":[19.94581,49.998797]},"properties":{"name":"Warszewicza","lines":"155","arr":["155"],"terminus":0,"mode":"bus","color":"#0059a9","colorDark":"#00294f","angle":84.8,"snapDist":4,"label":1}},{"type":"Feature","geometry":{"type":"Point","coordinates":[19.942391,50.000605]},"properties":{"name":"Swoszowice Autostrada","lines":"155","arr":["155"],"terminus":0,"mode":"bus","color":"#0059a9","colorDark":"#00294f","angle":357.1,"snapDist":2,"label":1}},{"type":"Feature","geometry":{"type":"Point","coordinates":[19.945381,50.005676]},"properties":{"name":"Myślenicka","lines":"155, 204, 610","arr":["155","204","610"],"terminus":0,"mode":"bus","color":"#0059a9","colorDark":"#00294f","angle":161.5,"snapDist":7,"label":1}},{"type":"Feature","geometry":{"type":"Point","coordinates":[19.948762,50.010351]},"properties":{"name":"Bujaka","lines":"155, 174, 179, 204, 610","arr":["155","174","179","204","610"],"terminus":0,"mode":"bus","color":"#0059a9","colorDark":"#00294f","angle":101.9,"snapDist":6,"label":1}},{"type":"Feature","geometry":{"type":"Point","coordinates":[19.950601,50.013729]},"properties":{"name":"Kurdwanów P+R","lines":"155, 204, 224, 610","arr":["155","204","224","610"],"terminus":0,"mode":"bus","color":"#0059a9","colorDark":"#00294f","angle":198.7,"snapDist":7,"label":1}},{"type":"Feature","geometry":{"type":"Point","coordinates":[19.957147,50.01249]},"properties":{"name":"Witosa","lines":"155, 204, 224, 610","arr":["155","204","224","610"],"terminus":0,"mode":"bus","color":"#0059a9","colorDark":"#00294f","angle":184.3,"snapDist":7,"label":1}},{"type":"Feature","geometry":{"type":"Point","coordinates":[19.961984,50.021042]},"properties":{"name":"Wola Duchacka","lines":"155, 169","arr":["155","169"],"terminus":0,"mode":"bus","color":"#0059a9","colorDark":"#00294f","angle":142.8,"snapDist":3,"label":0}},{"type":"Feature","geometry":{"type":"Point","coordinates":[19.965306,50.022278]},"properties":{"name":"Malborska Szkoła","lines":"155, 169","arr":["155","169"],"terminus":0,"mode":"bus","color":"#0059a9","colorDark":"#00294f","angle":154.1,"snapDist":7,"label":1}},{"type":"Feature","geometry":{"type":"Point","coordinates":[19.968681,50.023529]},"properties":{"name":"Sułkowskiego","lines":"155, 169","arr":["155","169"],"terminus":0,"mode":"bus","color":"#0059a9","colorDark":"#00294f","angle":147.2,"snapDist":7,"label":1}},{"type":"Feature","geometry":{"type":"Point","coordinates":[19.962465,50.042401]},"properties":{"name":"Podgórze SKA","lines":"155, 174","arr":["155","174"],"terminus":0,"mode":"bus","color":"#0059a9","colorDark":"#00294f","angle":348.4,"snapDist":9,"label":0}},{"type":"Feature","geometry":{"type":"Point","coordinates":[19.972997,50.026426]},"properties":{"name":"Malborska","lines":"155, 169, 469","arr":["155","169","469"],"terminus":0,"mode":"bus","color":"#0059a9","colorDark":"#00294f","angle":197.2,"snapDist":4,"label":0}},{"type":"Feature","geometry":{"type":"Point","coordinates":[19.96929,50.023769]},"properties":{"name":"Sułkowskiego","lines":"155, 169, 469","arr":["155","169","469"],"terminus":0,"mode":"bus","color":"#0059a9","colorDark":"#00294f","angle":328.4,"snapDist":4,"label":0}},{"type":"Feature","geometry":{"type":"Point","coordinates":[19.964504,50.022028]},"properties":{"name":"Malborska Szkoła","lines":"155, 169, 469","arr":["155","169","469"],"terminus":0,"mode":"bus","color":"#0059a9","colorDark":"#00294f","angle":334.1,"snapDist":4,"label":0}},{"type":"Feature","geometry":{"type":"Point","coordinates":[19.964712,50.013717]},"properties":{"name":"Nowosądecka","lines":"155, 204, 224, 610","arr":["155","204","224","610"],"terminus":0,"mode":"bus","color":"#0059a9","colorDark":"#00294f","angle":342.2,"snapDist":7,"label":0}},{"type":"Feature","geometry":{"type":"Point","coordinates":[19.955647,50.01276]},"properties":{"name":"Witosa","lines":"155, 204, 224, 610","arr":["155","204","224","610"],"terminus":0,"mode":"bus","color":"#0059a9","colorDark":"#00294f","angle":14.1,"snapDist":7,"label":0}},{"type":"Feature","geometry":{"type":"Point","coordinates":[19.949814,50.013546]},"properties":{"name":"Kurdwanów P+R","lines":"155, 174, 179, 204, 610","arr":["155","174","179","204","610"],"terminus":0,"mode":"bus","color":"#0059a9","colorDark":"#00294f","angle":260.4,"snapDist":10,"label":0}},{"type":"Feature","geometry":{"type":"Point","coordinates":[19.94852,50.009625]},"properties":{"name":"Bujaka","lines":"155, 174, 179, 204, 610","arr":["155","174","179","204","610"],"terminus":0,"mode":"bus","color":"#0059a9","colorDark":"#00294f","angle":282.9,"snapDist":7,"label":0}},{"type":"Feature","geometry":{"type":"Point","coordinates":[19.94764,50.005753]},"properties":{"name":"Halszki","lines":"155, 204, 610","arr":["155","204","610"],"terminus":0,"mode":"bus","color":"#0059a9","colorDark":"#00294f","angle":6.7,"snapDist":6,"label":1}},{"type":"Feature","geometry":{"type":"Point","coordinates":[19.943055,50.004739]},"properties":{"name":"Myślenicka","lines":"155","arr":["155"],"terminus":0,"mode":"bus","color":"#0059a9","colorDark":"#00294f","angle":302.3,"snapDist":11,"label":0}},{"type":"Feature","geometry":{"type":"Point","coordinates":[19.941301,50.001115]},"properties":{"name":"Swoszowice Autostrada","lines":"155","arr":["155"],"terminus":0,"mode":"bus","color":"#0059a9","colorDark":"#00294f","angle":186.2,"snapDist":7,"label":0}},{"type":"Feature","geometry":{"type":"Point","coordinates":[19.94608,49.997469]},"properties":{"name":"Warszewicza","lines":"155","arr":["155"],"terminus":0,"mode":"bus","color":"#0059a9","colorDark":"#00294f","angle":257.5,"snapDist":4,"label":0}},{"type":"Feature","geometry":{"type":"Point","coordinates":[19.94607,49.994308]},"properties":{"name":"Swoszowice Szkoła","lines":"155","arr":["155"],"terminus":0,"mode":"bus","color":"#0059a9","colorDark":"#00294f","angle":359.7,"snapDist":6,"label":0}},{"type":"Feature","geometry":{"type":"Point","coordinates":[19.938904,49.99304]},"properties":{"name":"Merkuriusza Polskiego","lines":"155, 214, 215, 225, 254, 265, 915","arr":["155","214","215","225","254","265","915"],"terminus":0,"mode":"bus","color":"#0059a9","colorDark":"#00294f","angle":355.6,"snapDist":3,"label":0}},{"type":"Feature","geometry":{"type":"Point","coordinates":[19.93483,49.993095]},"properties":{"name":"Park Zdrojowy","lines":"155, 214, 215, 225, 254, 265, 915","arr":["155","214","215","225","254","265","915"],"terminus":0,"mode":"bus","color":"#0059a9","colorDark":"#00294f","angle":35.1,"snapDist":7,"label":0}},{"type":"Feature","geometry":{"type":"Point","coordinates":[19.93034,49.995073]},"properties":{"name":"Wilga","lines":"155, 214, 215, 225, 254, 265, 915","arr":["155","214","215","225","254","265","915"],"terminus":0,"mode":"bus","color":"#0059a9","colorDark":"#00294f","angle":34.1,"snapDist":6,"label":0}},{"type":"Feature","geometry":{"type":"Point","coordinates":[19.872222,49.988466]},"properties":{"name":"Sidzina","lines":"156, 233","arr":["156","233"],"terminus":1,"mode":"bus","color":"#0059a9","colorDark":"#00294f","angle":182.8,"snapDist":3,"label":1}},{"type":"Feature","geometry":{"type":"Point","coordinates":[19.864206,49.990462]},"properties":{"name":"Sapalskiego","lines":"156, 233","arr":["156","233"],"terminus":0,"mode":"bus","color":"#0059a9","colorDark":"#00294f","angle":13.2,"snapDist":4,"label":1}},{"type":"Feature","geometry":{"type":"Point","coordinates":[19.859497,49.99053]},"properties":{"name":"Warchałowskiego","lines":"156, 233","arr":["156","233"],"terminus":0,"mode":"bus","color":"#0059a9","colorDark":"#00294f","angle":89,"snapDist":2,"label":1}},{"type":"Feature","geometry":{"type":"Point","coordinates":[19.85311,49.995449]},"properties":{"name":"Wrony","lines":"156, 233","arr":["156","233"],"terminus":0,"mode":"bus","color":"#0059a9","colorDark":"#00294f","angle":22.8,"snapDist":4,"label":1}},{"type":"Feature","geometry":{"type":"Point","coordinates":[19.868972,50.003081]},"properties":{"name":"Baczyńskiego","lines":"156, 223, 233, 253, 283, 293, 903","arr":["156","223","233","253","283","293","903"],"terminus":0,"mode":"bus","color":"#0059a9","colorDark":"#00294f","angle":125.6,"snapDist":6,"label":1}},{"type":"Feature","geometry":{"type":"Point","coordinates":[19.869523,50.00349]},"properties":{"name":"Baczyńskiego","lines":"156, 223, 233, 253, 283, 293, 903","arr":["156","223","233","253","283","293","903"],"terminus":0,"mode":"bus","color":"#0059a9","colorDark":"#00294f","angle":319.5,"snapDist":8,"label":0}},{"type":"Feature","geometry":{"type":"Point","coordinates":[19.852543,49.99547]},"properties":{"name":"Wrony","lines":"156, 223, 233, 253, 283, 293, 903","arr":["156","223","233","253","283","293","903"],"terminus":0,"mode":"bus","color":"#0059a9","colorDark":"#00294f","angle":143,"snapDist":6,"label":0}},{"type":"Feature","geometry":{"type":"Point","coordinates":[19.860355,49.989957]},"properties":{"name":"Warchałowskiego","lines":"156, 233","arr":["156","233"],"terminus":0,"mode":"bus","color":"#0059a9","colorDark":"#00294f","angle":185.3,"snapDist":4,"label":0}},{"type":"Feature","geometry":{"type":"Point","coordinates":[19.863824,49.990526]},"properties":{"name":"Sapalskiego","lines":"156, 233","arr":["156","233"],"terminus":0,"mode":"bus","color":"#0059a9","colorDark":"#00294f","angle":194,"snapDist":4,"label":0}},{"type":"Feature","geometry":{"type":"Point","coordinates":[20.060018,50.047632]},"properties":{"name":"Podwierzbie","lines":"158","arr":["158"],"terminus":1,"mode":"bus","color":"#0059a9","colorDark":"#00294f","angle":248.8,"snapDist":4,"label":1}},{"type":"Feature","geometry":{"type":"Point","coordinates":[20.065742,50.047401]},"properties":{"name":"Wrobela","lines":"158","arr":["158"],"terminus":0,"mode":"bus","color":"#0059a9","colorDark":"#00294f","angle":159.6,"snapDist":4,"label":1}},{"type":"Feature","geometry":{"type":"Point","coordinates":[20.065705,50.043699]},"properties":{"name":"Husarska","lines":"158","arr":["158"],"terminus":0,"mode":"bus","color":"#0059a9","colorDark":"#00294f","angle":291.3,"snapDist":7,"label":1}},{"type":"Feature","geometry":{"type":"Point","coordinates":[20.061365,50.04174]},"properties":{"name":"Przewóz","lines":"158, 221","arr":["158","221"],"terminus":0,"mode":"bus","color":"#0059a9","colorDark":"#00294f","angle":12.9,"snapDist":8,"label":1}},{"type":"Feature","geometry":{"type":"Point","coordinates":[20.053185,50.042716]},"properties":{"name":"ks. Targosza","lines":"158, 221","arr":["158","221"],"terminus":0,"mode":"bus","color":"#0059a9","colorDark":"#00294f","angle":50,"snapDist":4,"label":1}},{"type":"Feature","geometry":{"type":"Point","coordinates":[20.045167,50.04441]},"properties":{"name":"Szparagowa","lines":"158, 221","arr":["158","221"],"terminus":0,"mode":"bus","color":"#0059a9","colorDark":"#00294f","angle":89.5,"snapDist":6,"label":0}},{"type":"Feature","geometry":{"type":"Point","coordinates":[20.043829,50.046052]},"properties":{"name":"Rybitwy Rozjazd","lines":"158, 221","arr":["158","221"],"terminus":0,"mode":"bus","color":"#0059a9","colorDark":"#00294f","angle":342.4,"snapDist":4,"label":1}},{"type":"Feature","geometry":{"type":"Point","coordinates":[20.035176,50.042654]},"properties":{"name":"Rybitwy Dom Kultury","lines":"158, 221","arr":["158","221"],"terminus":0,"mode":"bus","color":"#0059a9","colorDark":"#00294f","angle":327.4,"snapDist":3,"label":1}},{"type":"Feature","geometry":{"type":"Point","coordinates":[20.028337,50.041497]},"properties":{"name":"Rybitwy Sklep","lines":"158, 221","arr":["158","221"],"terminus":0,"mode":"bus","color":"#0059a9","colorDark":"#00294f","angle":334.9,"snapDist":3,"label":1}},{"type":"Feature","geometry":{"type":"Point","coordinates":[19.981084,50.048708]},"properties":{"name":"Stoczniowców","lines":"158, 174","arr":["158","174"],"terminus":0,"mode":"bus","color":"#0059a9","colorDark":"#00294f","angle":322,"snapDist":7,"label":0}},{"type":"Feature","geometry":{"type":"Point","coordinates":[20.02679,50.038416]},"properties":{"name":"Botewa","lines":"158, 221","arr":["158","221"],"terminus":0,"mode":"bus","color":"#0059a9","colorDark":"#00294f","angle":75.2,"snapDist":6,"label":0}},{"type":"Feature","geometry":{"type":"Point","coordinates":[20.02867,50.041597]},"properties":{"name":"Rybitwy Sklep","lines":"158, 221","arr":["158","221"],"terminus":0,"mode":"bus","color":"#0059a9","colorDark":"#00294f","angle":154.9,"snapDist":3,"label":0}},{"type":"Feature","geometry":{"type":"Point","coordinates":[20.035665,50.042856]},"properties":{"name":"Rybitwy Dom Kultury","lines":"158, 221","arr":["158","221"],"terminus":0,"mode":"bus","color":"#0059a9","colorDark":"#00294f","angle":147.5,"snapDist":3,"label":0}},{"type":"Feature","geometry":{"type":"Point","coordinates":[20.044215,50.046131]},"properties":{"name":"Rybitwy Rozjazd","lines":"158, 221","arr":["158","221"],"terminus":0,"mode":"bus","color":"#0059a9","colorDark":"#00294f","angle":162.4,"snapDist":4,"label":0}},{"type":"Feature","geometry":{"type":"Point","coordinates":[20.045692,50.043321]},"properties":{"name":"Szparagowa","lines":"158, 221","arr":["158","221"],"terminus":0,"mode":"bus","color":"#0059a9","colorDark":"#00294f","angle":235.7,"snapDist":6,"label":0}},{"type":"Feature","geometry":{"type":"Point","coordinates":[20.052437,50.042818]},"properties":{"name":"ks. Targosza","lines":"158, 221","arr":["158","221"],"terminus":0,"mode":"bus","color":"#0059a9","colorDark":"#00294f","angle":152.3,"snapDist":3,"label":0}},{"type":"Feature","geometry":{"type":"Point","coordinates":[20.063197,50.041903]},"properties":{"name":"Przewóz","lines":"158, 221","arr":["158","221"],"terminus":0,"mode":"bus","color":"#0059a9","colorDark":"#00294f","angle":164.7,"snapDist":6,"label":0}},{"type":"Feature","geometry":{"type":"Point","coordinates":[20.066203,50.04456]},"properties":{"name":"Husarska","lines":"158","arr":["158"],"terminus":0,"mode":"bus","color":"#0059a9","colorDark":"#00294f","angle":108.2,"snapDist":4,"label":0}},{"type":"Feature","geometry":{"type":"Point","coordinates":[20.06635,50.047546]},"properties":{"name":"Wrobela","lines":"158","arr":["158"],"terminus":0,"mode":"bus","color":"#0059a9","colorDark":"#00294f","angle":339.5,"snapDist":4,"label":0}},{"type":"Feature","geometry":{"type":"Point","coordinates":[20.133206,50.092729]},"properties":{"name":"Wadów Glinik","lines":"160","arr":["160"],"terminus":0,"mode":"bus","color":"#0059a9","colorDark":"#00294f","angle":46.3,"snapDist":3,"label":1}},{"type":"Feature","geometry":{"type":"Point","coordinates":[20.128576,50.097223]},"properties":{"name":"Wadów Os. Kolejowe","lines":"160","arr":["160"],"terminus":0,"mode":"bus","color":"#0059a9","colorDark":"#00294f","angle":59.3,"snapDist":4,"label":1}},{"type":"Feature","geometry":{"type":"Point","coordinates":[20.12493,50.100988]},"properties":{"name":"Wadów Szkoła","lines":"160, 242, 272","arr":["160","242","272"],"terminus":0,"mode":"bus","color":"#0059a9","colorDark":"#00294f","angle":49.2,"snapDist":4,"label":1}},{"type":"Feature","geometry":{"type":"Point","coordinates":[20.121519,50.106671]},"properties":{"name":"Wadów Osiedle","lines":"160, 242, 272","arr":["160","242","272"],"terminus":0,"mode":"bus","color":"#0059a9","colorDark":"#00294f","angle":74.4,"snapDist":4,"label":1}},{"type":"Feature","geometry":{"type":"Point","coordinates":[20.119467,50.111267]},"properties":{"name":"Łuczanowice Skrzyżowanie","lines":"160, 242, 272","arr":["160","242","272"],"terminus":0,"mode":"bus","color":"#0059a9","colorDark":"#00294f","angle":334.2,"snapDist":3,"label":1}},{"type":"Feature","geometry":{"type":"Point","coordinates":[20.114328,50.109686]},"properties":{"name":"Bystronia","lines":"160, 242, 272","arr":["160","242","272"],"terminus":0,"mode":"bus","color":"#0059a9","colorDark":"#00294f","angle":334.1,"snapDist":3,"label":1}},{"type":"Feature","geometry":{"type":"Point","coordinates":[20.110769,50.107236]},"properties":{"name":"Łuczanowice","lines":"160, 242, 272","arr":["160","242","272"],"terminus":0,"mode":"bus","color":"#0059a9","colorDark":"#00294f","angle":349.9,"snapDist":4,"label":1}},{"type":"Feature","geometry":{"type":"Point","coordinates":[20.107789,50.108109]},"properties":{"name":"Orłowskiego","lines":"160","arr":["160"],"terminus":0,"mode":"bus","color":"#0059a9","colorDark":"#00294f","angle":338.6,"snapDist":4,"label":1}},{"type":"Feature","geometry":{"type":"Point","coordinates":[20.098031,50.10142]},"properties":{"name":"Łuczanowicka","lines":"160","arr":["160"],"terminus":0,"mode":"bus","color":"#0059a9","colorDark":"#00294f","angle":314.8,"snapDist":3,"label":1}},{"type":"Feature","geometry":{"type":"Point","coordinates":[20.092528,50.098495]},"properties":{"name":"Grzegorza z Sanoka","lines":"160","arr":["160"],"terminus":0,"mode":"bus","color":"#0059a9","colorDark":"#00294f","angle":260.3,"snapDist":3,"label":1}},{"type":"Feature","geometry":{"type":"Point","coordinates":[20.093026,50.095145]},"properties":{"name":"Lubocza Szkoła","lines":"160, 242, 272","arr":["160","242","272"],"terminus":0,"mode":"bus","color":"#0059a9","colorDark":"#00294f","angle":14.6,"snapDist":4,"label":1}},{"type":"Feature","geometry":{"type":"Point","coordinates":[20.083601,50.09476]},"properties":{"name":"Lubocza Przychodnia","lines":"160, 242, 272","arr":["160","242","272"],"terminus":0,"mode":"bus","color":"#0059a9","colorDark":"#00294f","angle":332.2,"snapDist":6,"label":1}},{"type":"Feature","geometry":{"type":"Point","coordinates":[20.075054,50.092272]},"properties":{"name":"Lubocza Bugaj","lines":"160, 242, 272","arr":["160","242","272"],"terminus":0,"mode":"bus","color":"#0059a9","colorDark":"#00294f","angle":14.8,"snapDist":4,"label":1}},{"type":"Feature","geometry":{"type":"Point","coordinates":[20.070231,50.09109]},"properties":{"name":"Cmentarz Grębałów","lines":"160","arr":["160"],"terminus":0,"mode":"bus","color":"#0059a9","colorDark":"#00294f","angle":346.6,"snapDist":3,"label":1}},{"type":"Feature","geometry":{"type":"Point","coordinates":[20.063151,50.090126]},"properties":{"name":"Cmentarz Grębałów Południe","lines":"160","arr":["160"],"terminus":0,"mode":"bus","color":"#0059a9","colorDark":"#00294f","angle":359.3,"snapDist":4,"label":1}},{"type":"Feature","geometry":{"type":"Point","coordinates":[20.059786,50.090301]},"properties":{"name":"Darwina","lines":"160","arr":["160"],"terminus":0,"mode":"bus","color":"#0059a9","colorDark":"#00294f","angle":27.4,"snapDist":4,"label":1}},{"type":"Feature","geometry":{"type":"Point","coordinates":[20.037834,50.074991]},"properties":{"name":"Aleja Róż","lines":"160, 601","arr":["160","601"],"terminus":0,"mode":"bus","color":"#0059a9","colorDark":"#00294f","angle":16.1,"snapDist":7,"label":0}},{"type":"Feature","geometry":{"type":"Point","coordinates":[20.038542,50.07582]},"properties":{"name":"Aleja Róż","lines":"160, 601","arr":["160","601"],"terminus":0,"mode":"bus","color":"#0059a9","colorDark":"#00294f","angle":101.7,"snapDist":6,"label":0}},{"type":"Feature","geometry":{"type":"Point","coordinates":[20.060244,50.090191]},"properties":{"name":"Darwina","lines":"160","arr":["160"],"terminus":0,"mode":"bus","color":"#0059a9","colorDark":"#00294f","angle":196.5,"snapDist":4,"label":0}},{"type":"Feature","geometry":{"type":"Point","coordinates":[20.063269,50.090127]},"properties":{"name":"Cmentarz Grębałów Południe","lines":"160","arr":["160"],"terminus":0,"mode":"bus","color":"#0059a9","colorDark":"#00294f","angle":179.3,"snapDist":3,"label":0}},{"type":"Feature","geometry":{"type":"Point","coordinates":[20.070289,50.091099]},"properties":{"name":"Cmentarz Grębałów","lines":"160","arr":["160"],"terminus":0,"mode":"bus","color":"#0059a9","colorDark":"#00294f","angle":166.6,"snapDist":3,"label":0}},{"type":"Feature","geometry":{"type":"Point","coordinates":[20.07588,50.092139]},"properties":{"name":"Lubocza Bugaj","lines":"160, 242, 272","arr":["160","242","272"],"terminus":0,"mode":"bus","color":"#0059a9","colorDark":"#00294f","angle":192.7,"snapDist":3,"label":0}},{"type":"Feature","geometry":{"type":"Point","coordinates":[20.084617,50.095049]},"properties":{"name":"Lubocza Przychodnia","lines":"160, 242, 272","arr":["160","242","272"],"terminus":0,"mode":"bus","color":"#0059a9","colorDark":"#00294f","angle":156.9,"snapDist":6,"label":0}},{"type":"Feature","geometry":{"type":"Point","coordinates":[20.093668,50.095711]},"properties":{"name":"Lubocza Szkoła","lines":"160","arr":["160"],"terminus":0,"mode":"bus","color":"#0059a9","colorDark":"#00294f","angle":92.4,"snapDist":4,"label":0}},{"type":"Feature","geometry":{"type":"Point","coordinates":[20.092648,50.098105]},"properties":{"name":"Grzegorza z Sanoka","lines":"160","arr":["160"],"terminus":0,"mode":"bus","color":"#0059a9","colorDark":"#00294f","angle":78.8,"snapDist":3,"label":0}},{"type":"Feature","geometry":{"type":"Point","coordinates":[20.096337,50.100603]},"properties":{"name":"Łuczanowicka","lines":"160","arr":["160"],"terminus":0,"mode":"bus","color":"#0059a9","colorDark":"#00294f","angle":147.2,"snapDist":3,"label":0}},{"type":"Feature","geometry":{"type":"Point","coordinates":[20.106892,50.107864]},"properties":{"name":"Orłowskiego","lines":"160","arr":["160"],"terminus":0,"mode":"bus","color":"#0059a9","colorDark":"#00294f","angle":155,"snapDist":3,"label":0}},{"type":"Feature","geometry":{"type":"Point","coordinates":[20.110851,50.107246]},"properties":{"name":"Łuczanowice","lines":"160","arr":["160"],"terminus":0,"mode":"bus","color":"#0059a9","colorDark":"#00294f","angle":169.9,"snapDist":1,"label":0}},{"type":"Feature","geometry":{"type":"Point","coordinates":[20.114796,50.109832]},"properties":{"name":"Bystronia","lines":"160, 242, 272","arr":["160","242","272"],"terminus":0,"mode":"bus","color":"#0059a9","colorDark":"#00294f","angle":154.1,"snapDist":4,"label":0}},{"type":"Feature","geometry":{"type":"Point","coordinates":[20.120159,50.11148]},"properties":{"name":"Łuczanowice Skrzyżowanie","lines":"160, 242, 272","arr":["160","242","272"],"terminus":0,"mode":"bus","color":"#0059a9","colorDark":"#00294f","angle":155.7,"snapDist":4,"label":0}},{"type":"Feature","geometry":{"type":"Point","coordinates":[20.121801,50.106008]},"properties":{"name":"Wadów Osiedle","lines":"160, 242, 272","arr":["160","242","272"],"terminus":0,"mode":"bus","color":"#0059a9","colorDark":"#00294f","angle":253.6,"snapDist":3,"label":0}},{"type":"Feature","geometry":{"type":"Point","coordinates":[20.126056,50.100159]},"properties":{"name":"Wadów Szkoła","lines":"160, 242, 272","arr":["160","242","272"],"terminus":0,"mode":"bus","color":"#0059a9","colorDark":"#00294f","angle":229.8,"snapDist":3,"label":0}},{"type":"Feature","geometry":{"type":"Point","coordinates":[20.128851,50.096926]},"properties":{"name":"Wadów Os. Kolejowe","lines":"160","arr":["160"],"terminus":0,"mode":"bus","color":"#0059a9","colorDark":"#00294f","angle":239.2,"snapDist":3,"label":0}},{"type":"Feature","geometry":{"type":"Point","coordinates":[20.132543,50.093166]},"properties":{"name":"Wadów Glinik","lines":"160","arr":["160"],"terminus":0,"mode":"bus","color":"#0059a9","colorDark":"#00294f","angle":227.2,"snapDist":4,"label":0}},{"type":"Feature","geometry":{"type":"Point","coordinates":[20.156551,50.077075]},"properties":{"name":"Wyciąska","lines":"161","arr":["161"],"terminus":0,"mode":"bus","color":"#0059a9","colorDark":"#00294f","angle":169.5,"snapDist":7,"label":0}},{"type":"Feature","geometry":{"type":"Point","coordinates":[20.164165,50.077961]},"properties":{"name":"Wyciąże Północ","lines":"161","arr":["161"],"terminus":0,"mode":"bus","color":"#0059a9","colorDark":"#00294f","angle":169.7,"snapDist":6,"label":0}},{"type":"Feature","geometry":{"type":"Point","coordinates":[20.175325,50.079248]},"properties":{"name":"Czeczeńska","lines":"161","arr":["161"],"terminus":0,"mode":"bus","color":"#0059a9","colorDark":"#00294f","angle":168.8,"snapDist":5,"label":0}},{"type":"Feature","geometry":{"type":"Point","coordinates":[20.186345,50.079791]},"properties":{"name":"Cło","lines":"161","arr":["161"],"terminus":0,"mode":"bus","color":"#0059a9","colorDark":"#00294f","angle":249.1,"snapDist":6,"label":0}},{"type":"Feature","geometry":{"type":"Point","coordinates":[20.189716,50.072577]},"properties":{"name":"Szlifierska","lines":"161","arr":["161"],"terminus":0,"mode":"bus","color":"#0059a9","colorDark":"#00294f","angle":274.1,"snapDist":4,"label":0}},{"type":"Feature","geometry":{"type":"Point","coordinates":[20.189696,50.067796]},"properties":{"name":"Zakępie","lines":"161","arr":["161"],"terminus":0,"mode":"bus","color":"#0059a9","colorDark":"#00294f","angle":260.3,"snapDist":4,"label":0}},{"type":"Feature","geometry":{"type":"Point","coordinates":[20.194812,50.062605]},"properties":{"name":"ks. Luzara","lines":"161","arr":["161"],"terminus":0,"mode":"bus","color":"#0059a9","colorDark":"#00294f","angle":229.5,"snapDist":8,"label":0}},{"type":"Feature","geometry":{"type":"Point","coordinates":[20.20271,50.055761]},"properties":{"name":"Betonowa","lines":"161","arr":["161"],"terminus":0,"mode":"bus","color":"#0059a9","colorDark":"#00294f","angle":242.1,"snapDist":7,"label":0}},{"type":"Feature","geometry":{"type":"Point","coordinates":[20.202348,50.054988]},"properties":{"name":"Wolica Kościół","lines":"161, 211","arr":["161","211"],"terminus":0,"mode":"bus","color":"#0059a9","colorDark":"#00294f","angle":43.5,"snapDist":3,"label":0}},{"type":"Feature","geometry":{"type":"Point","coordinates":[20.193368,50.055828]},"properties":{"name":"Wolica Szkoła","lines":"161, 211","arr":["161","211"],"terminus":0,"mode":"bus","color":"#0059a9","colorDark":"#00294f","angle":2.4,"snapDist":4,"label":0}},{"type":"Feature","geometry":{"type":"Point","coordinates":[20.186925,50.056657]},"properties":{"name":"Bartnicza","lines":"161, 211","arr":["161","211"],"terminus":0,"mode":"bus","color":"#0059a9","colorDark":"#00294f","angle":6.1,"snapDist":4,"label":0}},{"type":"Feature","geometry":{"type":"Point","coordinates":[20.180522,50.057288]},"properties":{"name":"Siejówka","lines":"161, 211","arr":["161","211"],"terminus":0,"mode":"bus","color":"#0059a9","colorDark":"#00294f","angle":19.5,"snapDist":4,"label":0}},{"type":"Feature","geometry":{"type":"Point","coordinates":[20.176744,50.059019]},"properties":{"name":"Przylasek Wyciąski","lines":"161, 211","arr":["161","211"],"terminus":0,"mode":"bus","color":"#0059a9","colorDark":"#00294f","angle":38.9,"snapDist":3,"label":0}},{"type":"Feature","geometry":{"type":"Point","coordinates":[20.168275,50.065083]},"properties":{"name":"Drożyska","lines":"161, 211","arr":["161","211"],"terminus":0,"mode":"bus","color":"#0059a9","colorDark":"#00294f","angle":76.7,"snapDist":3,"label":0}},{"type":"Feature","geometry":{"type":"Point","coordinates":[20.166936,50.068773]},"properties":{"name":"Podstawie","lines":"161, 211","arr":["161","211"],"terminus":0,"mode":"bus","color":"#0059a9","colorDark":"#00294f","angle":76.8,"snapDist":3,"label":0}},{"type":"Feature","geometry":{"type":"Point","coordinates":[20.162439,50.06966]},"properties":{"name":"Tymiankowa","lines":"161, 211","arr":["161","211"],"terminus":0,"mode":"bus","color":"#0059a9","colorDark":"#00294f","angle":1.2,"snapDist":3,"label":0}},{"type":"Feature","geometry":{"type":"Point","coordinates":[20.158349,50.07226]},"properties":{"name":"Wyciąże Sklep","lines":"161, 211","arr":["161","211"],"terminus":0,"mode":"bus","color":"#0059a9","colorDark":"#00294f","angle":70.2,"snapDist":3,"label":0}},{"type":"Feature","geometry":{"type":"Point","coordinates":[19.84119,50.009745]},"properties":{"name":"Bagienna","lines":"162","arr":["162"],"terminus":0,"mode":"bus","color":"#0059a9","colorDark":"#00294f","angle":76.6,"snapDist":2,"label":1}},{"type":"Feature","geometry":{"type":"Point","coordinates":[19.842919,50.018925]},"properties":{"name":"Kostrze","lines":"162","arr":["162"],"terminus":0,"mode":"bus","color":"#0059a9","colorDark":"#00294f","angle":98,"snapDist":4,"label":1}},{"type":"Feature","geometry":{"type":"Point","coordinates":[19.848913,50.024488]},"properties":{"name":"Dąbrowa","lines":"162","arr":["162"],"terminus":0,"mode":"bus","color":"#0059a9","colorDark":"#00294f","angle":136.2,"snapDist":3,"label":1}},{"type":"Feature","geometry":{"type":"Point","coordinates":[19.851123,50.025693]},"properties":{"name":"Ślaskiego","lines":"162","arr":["162"],"terminus":0,"mode":"bus","color":"#0059a9","colorDark":"#00294f","angle":143.1,"snapDist":3,"label":1}},{"type":"Feature","geometry":{"type":"Point","coordinates":[19.852133,50.028654]},"properties":{"name":"Kostrze OSP","lines":"162, 176, 476","arr":["162","176","476"],"terminus":1,"mode":"bus","color":"#0059a9","colorDark":"#00294f","angle":145.2,"snapDist":5,"label":1}},{"type":"Feature","geometry":{"type":"Point","coordinates":[19.852171,50.028671]},"properties":{"name":"Kostrze OSP","lines":"162","arr":["162"],"terminus":0,"mode":"bus","color":"#0059a9","colorDark":"#00294f","angle":325.2,"snapDist":4,"label":0}},{"type":"Feature","geometry":{"type":"Point","coordinates":[19.85061,50.025446]},"properties":{"name":"Ślaskiego","lines":"162","arr":["162"],"terminus":0,"mode":"bus","color":"#0059a9","colorDark":"#00294f","angle":321.1,"snapDist":3,"label":0}},{"type":"Feature","geometry":{"type":"Point","coordinates":[19.847402,50.023287]},"properties":{"name":"Dąbrowa","lines":"162","arr":["162"],"terminus":0,"mode":"bus","color":"#0059a9","colorDark":"#00294f","angle":305.2,"snapDist":5,"label":0}},{"type":"Feature","geometry":{"type":"Point","coordinates":[19.842621,50.018936]},"properties":{"name":"Kostrze","lines":"162","arr":["162"],"terminus":0,"mode":"bus","color":"#0059a9","colorDark":"#00294f","angle":297.4,"snapDist":6,"label":0}},{"type":"Feature","geometry":{"type":"Point","coordinates":[19.840941,50.01019]},"properties":{"name":"Bagienna","lines":"162","arr":["162"],"terminus":0,"mode":"bus","color":"#0059a9","colorDark":"#00294f","angle":249.7,"snapDist":3,"label":0}},{"type":"Feature","geometry":{"type":"Point","coordinates":[20.021588,50.092618]},"properties":{"name":"Szpital Rydygiera","lines":"163","arr":["163"],"terminus":1,"mode":"bus","color":"#0059a9","colorDark":"#00294f","angle":253.5,"snapDist":5,"label":1}},{"type":"Feature","geometry":{"type":"Point","coordinates":[20.052805,50.075377]},"properties":{"name":"Zalew Nowohucki","lines":"163, 174","arr":["163","174"],"terminus":0,"mode":"bus","color":"#0059a9","colorDark":"#00294f","angle":247.8,"snapDist":5,"label":1}},{"type":"Feature","geometry":{"type":"Point","coordinates":[20.050146,50.022259]},"properties":{"name":"Złocień","lines":"163, 195","arr":["163","195"],"terminus":0,"mode":"bus","color":"#0059a9","colorDark":"#00294f","angle":356.2,"snapDist":7,"label":0}},{"type":"Feature","geometry":{"type":"Point","coordinates":[20.042655,50.021881]},"properties":{"name":"Agatowa","lines":"163, 195","arr":["163","195"],"terminus":0,"mode":"bus","color":"#0059a9","colorDark":"#00294f","angle":18.8,"snapDist":3,"label":1}},{"type":"Feature","geometry":{"type":"Point","coordinates":[20.033171,50.018209]},"properties":{"name":"Bieżanów Pomnik","lines":"163, 195, 234, 284","arr":["163","195","234","284"],"terminus":0,"mode":"bus","color":"#0059a9","colorDark":"#00294f","angle":347.8,"snapDist":4,"label":1}},{"type":"Feature","geometry":{"type":"Point","coordinates":[20.027491,50.018166]},"properties":{"name":"Duża Góra","lines":"163, 195","arr":["163","195"],"terminus":0,"mode":"bus","color":"#0059a9","colorDark":"#00294f","angle":13.9,"snapDist":3,"label":1}},{"type":"Feature","geometry":{"type":"Point","coordinates":[20.024719,50.018592]},"properties":{"name":"Bieżanów Szkoła","lines":"163, 195","arr":["163","195"],"terminus":0,"mode":"bus","color":"#0059a9","colorDark":"#00294f","angle":285.1,"snapDist":4,"label":1}},{"type":"Feature","geometry":{"type":"Point","coordinates":[20.028354,50.015546]},"properties":{"name":"Korepty","lines":"163, 195, 234, 284","arr":["163","195","234","284"],"terminus":0,"mode":"bus","color":"#0059a9","colorDark":"#00294f","angle":82.5,"snapDist":3,"label":1}},{"type":"Feature","geometry":{"type":"Point","coordinates":[20.028319,50.018056]},"properties":{"name":"Duża Góra","lines":"163, 195, 234, 284","arr":["163","195","234","284"],"terminus":0,"mode":"bus","color":"#0059a9","colorDark":"#00294f","angle":186,"snapDist":6,"label":0}},{"type":"Feature","geometry":{"type":"Point","coordinates":[20.0351,50.018421]},"properties":{"name":"Bieżanów Pomnik","lines":"163, 195, 234","arr":["163","195","234"],"terminus":0,"mode":"bus","color":"#0059a9","colorDark":"#00294f","angle":148.1,"snapDist":7,"label":0}},{"type":"Feature","geometry":{"type":"Point","coordinates":[20.043049,50.021795]},"properties":{"name":"Agatowa","lines":"163, 195","arr":["163","195"],"terminus":0,"mode":"bus","color":"#0059a9","colorDark":"#00294f","angle":198.8,"snapDist":4,"label":0}},{"type":"Feature","geometry":{"type":"Point","coordinates":[20.051098,50.022777]},"properties":{"name":"Złocień","lines":"163, 605","arr":["163","605"],"terminus":0,"mode":"bus","color":"#0059a9","colorDark":"#00294f","angle":97,"snapDist":7,"label":0}},{"type":"Feature","geometry":{"type":"Point","coordinates":[19.970086,50.015255]},"properties":{"name":"Piaski Nowe","lines":"164, 204, 224, 904","arr":["164","204","224","904"],"terminus":1,"mode":"bus","color":"#0059a9","colorDark":"#00294f","angle":340.3,"snapDist":8,"label":1}},{"type":"Feature","geometry":{"type":"Point","coordinates":[19.958625,50.023789]},"properties":{"name":"Zajezdnia Wola Duchacka","lines":"164, 610","arr":["164","610"],"terminus":0,"mode":"bus","color":"#0059a9","colorDark":"#00294f","angle":2.7,"snapDist":8,"label":0}},{"type":"Feature","geometry":{"type":"Point","coordinates":[19.948501,50.027045]},"properties":{"name":"Puszkarska","lines":"164, 610","arr":["164","610"],"terminus":0,"mode":"bus","color":"#0059a9","colorDark":"#00294f","angle":63.9,"snapDist":6,"label":1}},{"type":"Feature","geometry":{"type":"Point","coordinates":[19.897715,50.070992]},"properties":{"name":"Przybyszewskiego","lines":"164, 173, 199, 310, 511, 601, 611","arr":["164","173","199","310","511","601","611"],"terminus":0,"mode":"bus","color":"#0059a9","colorDark":"#00294f","angle":15.2,"snapDist":7,"label":0}},{"type":"Feature","geometry":{"type":"Point","coordinates":[19.890843,50.071883]},"properties":{"name":"Armii Krajowej","lines":"164, 173, 199, 601, 611","arr":["164","173","199","601","611"],"terminus":0,"mode":"bus","color":"#0059a9","colorDark":"#00294f","angle":10.8,"snapDist":6,"label":1}},{"type":"Feature","geometry":{"type":"Point","coordinates":[19.889198,50.077326]},"properties":{"name":"Zarzecze","lines":"164, 173, 199, 511, 601, 611","arr":["164","173","199","511","601","611"],"terminus":0,"mode":"bus","color":"#0059a9","colorDark":"#00294f","angle":103.5,"snapDist":7,"label":1}},{"type":"Feature","geometry":{"type":"Point","coordinates":[19.890866,50.0812]},"properties":{"name":"Bronowice SKA","lines":"164, 199, 601, 664, 704, 708","arr":["164","199","601","664","704","708"],"terminus":0,"mode":"bus","color":"#0059a9","colorDark":"#00294f","angle":17.3,"snapDist":10,"label":0}},{"type":"Feature","geometry":{"type":"Point","coordinates":[19.869693,50.080821]},"properties":{"name":"Lindego","lines":"164, 199, 218, 228, 298, 601, 918","arr":["164","199","218","228","298","601","918"],"terminus":0,"mode":"bus","color":"#0059a9","colorDark":"#00294f","angle":9,"snapDist":3,"label":0}},{"type":"Feature","geometry":{"type":"Point","coordinates":[19.865132,50.080897]},"properties":{"name":"UR Balicka","lines":"164, 199, 218, 228, 298, 601, 918","arr":["164","199","218","228","298","601","918"],"terminus":0,"mode":"bus","color":"#0059a9","colorDark":"#00294f","angle":358.8,"snapDist":6,"label":1}},{"type":"Feature","geometry":{"type":"Point","coordinates":[19.858342,50.081373]},"properties":{"name":"Młynówka SKA","lines":"164, 199, 218, 228, 298, 601, 918","arr":["164","199","218","228","298","601","918"],"terminus":0,"mode":"bus","color":"#0059a9","colorDark":"#00294f","angle":17.3,"snapDist":4,"label":1}},{"type":"Feature","geometry":{"type":"Point","coordinates":[19.853539,50.082326]},"properties":{"name":"Godlewskiego","lines":"164, 199, 218, 228, 298, 601, 918","arr":["164","199","218","228","298","601","918"],"terminus":0,"mode":"bus","color":"#0059a9","colorDark":"#00294f","angle":17.1,"snapDist":7,"label":1}},{"type":"Feature","geometry":{"type":"Point","coordinates":[19.849926,50.083039]},"properties":{"name":"Zakliki","lines":"164, 199, 218, 228, 298, 601, 918","arr":["164","199","218","228","298","601","918"],"terminus":0,"mode":"bus","color":"#0059a9","colorDark":"#00294f","angle":16.4,"snapDist":4,"label":1}},{"type":"Feature","geometry":{"type":"Point","coordinates":[19.844432,50.084958]},"properties":{"name":"Wierzyńskiego","lines":"164, 199, 218, 228, 298, 601, 918","arr":["164","199","218","228","298","601","918"],"terminus":0,"mode":"bus","color":"#0059a9","colorDark":"#00294f","angle":48.4,"snapDist":4,"label":1}},{"type":"Feature","geometry":{"type":"Point","coordinates":[19.841152,50.087328]},"properties":{"name":"Cmentarz Mydlniki","lines":"164, 199, 218, 228, 298, 601, 918","arr":["164","199","218","228","298","601","918"],"terminus":0,"mode":"bus","color":"#0059a9","colorDark":"#00294f","angle":48.4,"snapDist":4,"label":1}},{"type":"Feature","geometry":{"type":"Point","coordinates":[19.840192,50.090889]},"properties":{"name":"Mydlniki Wapiennik SKA P+R","lines":"164, 199, 601","arr":["164","199","601"],"terminus":1,"mode":"bus","color":"#0059a9","colorDark":"#00294f","angle":131.4,"snapDist":7,"label":1}},{"type":"Feature","geometry":{"type":"Point","coordinates":[19.841148,50.087331]},"properties":{"name":"Cmentarz Mydlniki","lines":"164, 199, 218, 228, 298, 601, 918","arr":["164","199","218","228","298","601","918"],"terminus":0,"mode":"bus","color":"#0059a9","colorDark":"#00294f","angle":228.4,"snapDist":4,"label":0}},{"type":"Feature","geometry":{"type":"Point","coordinates":[19.845417,50.084251]},"properties":{"name":"Wierzyńskiego","lines":"164, 199, 218, 228, 298, 601, 918","arr":["164","199","218","228","298","601","918"],"terminus":0,"mode":"bus","color":"#0059a9","colorDark":"#00294f","angle":226.1,"snapDist":7,"label":0}},{"type":"Feature","geometry":{"type":"Point","coordinates":[19.849194,50.083181]},"properties":{"name":"Zakliki","lines":"164, 199, 218, 228, 298, 601, 918","arr":["164","199","218","228","298","601","918"],"terminus":0,"mode":"bus","color":"#0059a9","colorDark":"#00294f","angle":196.8,"snapDist":4,"label":0}},{"type":"Feature","geometry":{"type":"Point","coordinates":[19.853424,50.08235]},"properties":{"name":"Godlewskiego","lines":"164, 199, 218, 228, 298, 601, 918","arr":["164","199","218","228","298","601","918"],"terminus":0,"mode":"bus","color":"#0059a9","colorDark":"#00294f","angle":197,"snapDist":4,"label":0}},{"type":"Feature","geometry":{"type":"Point","coordinates":[19.859084,50.081219]},"properties":{"name":"Młynówka SKA","lines":"164, 199, 218, 228, 298, 601, 918","arr":["164","199","218","228","298","601","918"],"terminus":0,"mode":"bus","color":"#0059a9","colorDark":"#00294f","angle":196.7,"snapDist":3,"label":0}},{"type":"Feature","geometry":{"type":"Point","coordinates":[19.865478,50.080901]},"properties":{"name":"UR Balicka","lines":"164, 199, 218, 228, 298, 601, 918","arr":["164","199","218","228","298","601","918"],"terminus":0,"mode":"bus","color":"#0059a9","colorDark":"#00294f","angle":178.8,"snapDist":7,"label":0}},{"type":"Feature","geometry":{"type":"Point","coordinates":[19.872039,50.080816]},"properties":{"name":"Lindego","lines":"164, 199, 218, 228, 298, 601, 918","arr":["164","199","218","228","298","601","918"],"terminus":0,"mode":"bus","color":"#0059a9","colorDark":"#00294f","angle":168.9,"snapDist":4,"label":0}},{"type":"Feature","geometry":{"type":"Point","coordinates":[19.875829,50.081572]},"properties":{"name":"Giełda Balicka","lines":"164, 199, 218, 228, 298, 601, 918","arr":["164","199","218","228","298","601","918"],"terminus":0,"mode":"bus","color":"#0059a9","colorDark":"#00294f","angle":157.3,"snapDist":4,"label":0}},{"type":"Feature","geometry":{"type":"Point","coordinates":[19.880521,50.081085]},"properties":{"name":"Bronowice Małe","lines":"164, 199, 218, 228, 298, 601, 918","arr":["164","199","218","228","298","601","918"],"terminus":0,"mode":"bus","color":"#0059a9","colorDark":"#00294f","angle":278.7,"snapDist":4,"label":0}},{"type":"Feature","geometry":{"type":"Point","coordinates":[19.886785,50.076027]},"properties":{"name":"Zarzecze","lines":"164, 199, 601","arr":["164","199","601"],"terminus":0,"mode":"bus","color":"#0059a9","colorDark":"#00294f","angle":185.3,"snapDist":4,"label":1}},{"type":"Feature","geometry":{"type":"Point","coordinates":[19.890919,50.071763]},"properties":{"name":"Armii Krajowej","lines":"164, 173, 199, 601, 611","arr":["164","173","199","601","611"],"terminus":0,"mode":"bus","color":"#0059a9","colorDark":"#00294f","angle":190.9,"snapDist":7,"label":0}},{"type":"Feature","geometry":{"type":"Point","coordinates":[19.949312,50.026109]},"properties":{"name":"Puszkarska","lines":"164, 610","arr":["164","610"],"terminus":0,"mode":"bus","color":"#0059a9","colorDark":"#00294f","angle":229.4,"snapDist":7,"label":0}},{"type":"Feature","geometry":{"type":"Point","coordinates":[19.966539,50.014053]},"properties":{"name":"Nowosądecka","lines":"164, 204, 224, 904","arr":["164","204","224","904"],"terminus":0,"mode":"bus","color":"#0059a9","colorDark":"#00294f","angle":153.8,"snapDist":7,"label":0}},{"type":"Feature","geometry":{"type":"Point","coordinates":[19.909226,50.086819]},"properties":{"name":"Azory","lines":"168","arr":["168"],"terminus":0,"mode":"bus","color":"#0059a9","colorDark":"#00294f","angle":277.5,"snapDist":1,"label":0}},{"type":"Feature","geometry":{"type":"Point","coordinates":[19.902127,50.091754]},"properties":{"name":"Chełmońskiego","lines":"168","arr":["168"],"terminus":0,"mode":"bus","color":"#0059a9","colorDark":"#00294f","angle":29.4,"snapDist":3,"label":1}},{"type":"Feature","geometry":{"type":"Point","coordinates":[19.897204,50.093298]},"properties":{"name":"Bronowice Wielkie Wschód","lines":"168","arr":["168"],"terminus":1,"mode":"bus","color":"#0059a9","colorDark":"#00294f","angle":21.5,"snapDist":5,"label":1}},{"type":"Feature","geometry":{"type":"Point","coordinates":[19.892631,50.093833]},"properties":{"name":"Stawowa","lines":"168, 200, 210, 230, 310, 511, 611, 910","arr":["168","200","210","230","310","511","611","910"],"terminus":0,"mode":"bus","color":"#0059a9","colorDark":"#00294f","angle":248.8,"snapDist":5,"label":1}},{"type":"Feature","geometry":{"type":"Point","coordinates":[19.892732,50.087397]},"properties":{"name":"Rondo Ofiar Katynia","lines":"168, 173, 572","arr":["168","173","572"],"terminus":0,"mode":"bus","color":"#0059a9","colorDark":"#00294f","angle":160.5,"snapDist":10,"label":0}},{"type":"Feature","geometry":{"type":"Point","coordinates":[19.982919,50.005788]},"properties":{"name":"Piaski Wielkie","lines":"169, 469","arr":["169","469"],"terminus":1,"mode":"bus","color":"#0059a9","colorDark":"#00294f","angle":18.1,"snapDist":5,"label":1}},{"type":"Feature","geometry":{"type":"Point","coordinates":[19.943957,50.090695]},"properties":{"name":"Mackiewicza","lines":"169, 207","arr":["169","207"],"terminus":0,"mode":"bus","color":"#0059a9","colorDark":"#00294f","angle":106,"snapDist":6,"label":0}},{"type":"Feature","geometry":{"type":"Point","coordinates":[19.945197,50.094093]},"properties":{"name":"Clepardia","lines":"169, 207","arr":["169","207"],"terminus":0,"mode":"bus","color":"#0059a9","colorDark":"#00294f","angle":102,"snapDist":7,"label":1}},{"type":"Feature","geometry":{"type":"Point","coordinates":[19.947648,50.096083]},"properties":{"name":"Siewna Wiadukt","lines":"169, 669","arr":["169","669"],"terminus":0,"mode":"bus","color":"#0059a9","colorDark":"#00294f","angle":194.8,"snapDist":5,"label":1}},{"type":"Feature","geometry":{"type":"Point","coordinates":[19.952165,50.093805]},"properties":{"name":"Zawodzie","lines":"169","arr":["169"],"terminus":0,"mode":"bus","color":"#0059a9","colorDark":"#00294f","angle":226.8,"snapDist":7,"label":1}},{"type":"Feature","geometry":{"type":"Point","coordinates":[19.956335,50.091763]},"properties":{"name":"Jabłonna","lines":"169","arr":["169"],"terminus":0,"mode":"bus","color":"#0059a9","colorDark":"#00294f","angle":202.4,"snapDist":3,"label":1}},{"type":"Feature","geometry":{"type":"Point","coordinates":[19.963723,50.102163]},"properties":{"name":"Banacha","lines":"169, 503","arr":["169","503"],"terminus":0,"mode":"bus","color":"#0059a9","colorDark":"#00294f","angle":102.9,"snapDist":6,"label":0}},{"type":"Feature","geometry":{"type":"Point","coordinates":[19.96441,50.104939]},"properties":{"name":"Górka Narodowa P+R","lines":"169, 307, 469, 503","arr":["169","307","469","503"],"terminus":0,"mode":"bus","color":"#0059a9","colorDark":"#00294f","angle":281,"snapDist":7,"label":0}},{"type":"Feature","geometry":{"type":"Point","coordinates":[19.959683,50.093226]},"properties":{"name":"Aleja 29 Listopada Wiadukt","lines":"169, 469","arr":["169","469"],"terminus":0,"mode":"bus","color":"#0059a9","colorDark":"#00294f","angle":319.3,"snapDist":4,"label":1}},{"type":"Feature","geometry":{"type":"Point","coordinates":[19.956341,50.091761]},"properties":{"name":"Jabłonna","lines":"169, 469","arr":["169","469"],"terminus":0,"mode":"bus","color":"#0059a9","colorDark":"#00294f","angle":22.4,"snapDist":3,"label":0}},{"type":"Feature","geometry":{"type":"Point","coordinates":[19.953062,50.093225]},"properties":{"name":"Zawodzie","lines":"169, 469","arr":["169","469"],"terminus":0,"mode":"bus","color":"#0059a9","colorDark":"#00294f","angle":44.8,"snapDist":4,"label":0}},{"type":"Feature","geometry":{"type":"Point","coordinates":[19.946596,50.095836]},"properties":{"name":"Siewna Wiadukt","lines":"169, 207, 469","arr":["169","207","469"],"terminus":0,"mode":"bus","color":"#0059a9","colorDark":"#00294f","angle":291.4,"snapDist":7,"label":0}},{"type":"Feature","geometry":{"type":"Point","coordinates":[19.9449,50.093198]},"properties":{"name":"Clepardia","lines":"169, 207, 469","arr":["169","207","469"],"terminus":0,"mode":"bus","color":"#0059a9","colorDark":"#00294f","angle":282,"snapDist":7,"label":0}},{"type":"Feature","geometry":{"type":"Point","coordinates":[20.189654,50.113617]},"properties":{"name":"Wróżenice","lines":"171, 271","arr":["171","271"],"terminus":1,"mode":"bus","color":"#0059a9","colorDark":"#00294f","angle":350.1,"snapDist":6,"label":1}},{"type":"Feature","geometry":{"type":"Point","coordinates":[20.182457,50.112874]},"properties":{"name":"Wróżenice Górka","lines":"171, 271","arr":["171","271"],"terminus":0,"mode":"bus","color":"#0059a9","colorDark":"#00294f","angle":353,"snapDist":4,"label":1}},{"type":"Feature","geometry":{"type":"Point","coordinates":[20.175367,50.109494]},"properties":{"name":"Hektary","lines":"171, 271","arr":["171","271"],"terminus":0,"mode":"bus","color":"#0059a9","colorDark":"#00294f","angle":303.7,"snapDist":3,"label":1}},{"type":"Feature","geometry":{"type":"Point","coordinates":[20.171308,50.105035]},"properties":{"name":"Ostafina","lines":"171, 271","arr":["171","271"],"terminus":0,"mode":"bus","color":"#0059a9","colorDark":"#00294f","angle":243.6,"snapDist":4,"label":1}},{"type":"Feature","geometry":{"type":"Point","coordinates":[20.178196,50.098825]},"properties":{"name":"Resztówka","lines":"171, 271","arr":["171","271"],"terminus":0,"mode":"bus","color":"#0059a9","colorDark":"#00294f","angle":242.4,"snapDist":4,"label":1}},{"type":"Feature","geometry":{"type":"Point","coordinates":[20.18095,50.09654]},"properties":{"name":"Zabłocie Kościelnickie","lines":"171, 271","arr":["171","271"],"terminus":0,"mode":"bus","color":"#0059a9","colorDark":"#00294f","angle":179.8,"snapDist":3,"label":1}},{"type":"Feature","geometry":{"type":"Point","coordinates":[20.182467,50.090707]},"properties":{"name":"Wodzickich","lines":"171, 271","arr":["171","271"],"terminus":0,"mode":"bus","color":"#0059a9","colorDark":"#00294f","angle":4.7,"snapDist":3,"label":1}},{"type":"Feature","geometry":{"type":"Point","coordinates":[20.173737,50.088023]},"properties":{"name":"Kościelniki","lines":"171, 271","arr":["171","271"],"terminus":0,"mode":"bus","color":"#0059a9","colorDark":"#00294f","angle":305.2,"snapDist":3,"label":1}},{"type":"Feature","geometry":{"type":"Point","coordinates":[20.166261,50.084396]},"properties":{"name":"Błonia Kościelnickie","lines":"171, 271","arr":["171","271"],"terminus":0,"mode":"bus","color":"#0059a9","colorDark":"#00294f","angle":359,"snapDist":4,"label":1}},{"type":"Feature","geometry":{"type":"Point","coordinates":[20.160202,50.079388]},"properties":{"name":"Janówka","lines":"171, 271","arr":["171","271"],"terminus":0,"mode":"bus","color":"#0059a9","colorDark":"#00294f","angle":301,"snapDist":3,"label":1}},{"type":"Feature","geometry":{"type":"Point","coordinates":[20.158477,50.078236]},"properties":{"name":"Wyciąska","lines":"171, 271","arr":["171","271"],"terminus":0,"mode":"bus","color":"#0059a9","colorDark":"#00294f","angle":165.2,"snapDist":6,"label":1}},{"type":"Feature","geometry":{"type":"Point","coordinates":[20.160505,50.079711]},"properties":{"name":"Janówka","lines":"171, 271","arr":["171","271"],"terminus":0,"mode":"bus","color":"#0059a9","colorDark":"#00294f","angle":121,"snapDist":5,"label":0}},{"type":"Feature","geometry":{"type":"Point","coordinates":[20.166199,50.084395]},"properties":{"name":"Błonia Kościelnickie","lines":"171, 271","arr":["171","271"],"terminus":0,"mode":"bus","color":"#0059a9","colorDark":"#00294f","angle":179,"snapDist":3,"label":0}},{"type":"Feature","geometry":{"type":"Point","coordinates":[20.174914,50.089013]},"properties":{"name":"Kościelniki","lines":"171, 271","arr":["171","271"],"terminus":0,"mode":"bus","color":"#0059a9","colorDark":"#00294f","angle":134.7,"snapDist":4,"label":0}},{"type":"Feature","geometry":{"type":"Point","coordinates":[20.183572,50.090631]},"properties":{"name":"Wodzickich","lines":"171, 271","arr":["171","271"],"terminus":0,"mode":"bus","color":"#0059a9","colorDark":"#00294f","angle":280.6,"snapDist":6,"label":0}},{"type":"Feature","geometry":{"type":"Point","coordinates":[20.181529,50.096544]},"properties":{"name":"Zabłocie Kościelnickie","lines":"171, 271","arr":["171","271"],"terminus":0,"mode":"bus","color":"#0059a9","colorDark":"#00294f","angle":358.9,"snapDist":3,"label":0}},{"type":"Feature","geometry":{"type":"Point","coordinates":[20.178469,50.098477]},"properties":{"name":"Resztówka","lines":"171, 271","arr":["171","271"],"terminus":0,"mode":"bus","color":"#0059a9","colorDark":"#00294f","angle":63.8,"snapDist":3,"label":0}},{"type":"Feature","geometry":{"type":"Point","coordinates":[20.171434,50.104875]},"properties":{"name":"Ostafina","lines":"171, 271","arr":["171","271"],"terminus":0,"mode":"bus","color":"#0059a9","colorDark":"#00294f","angle":63.1,"snapDist":4,"label":0}},{"type":"Feature","geometry":{"type":"Point","coordinates":[20.17563,50.109747]},"properties":{"name":"Hektary","lines":"171, 271","arr":["171","271"],"terminus":0,"mode":"bus","color":"#0059a9","colorDark":"#00294f","angle":123.7,"snapDist":3,"label":0}},{"type":"Feature","geometry":{"type":"Point","coordinates":[20.18245,50.112873]},"properties":{"name":"Wróżenice Górka","lines":"171, 271","arr":["171","271"],"terminus":0,"mode":"bus","color":"#0059a9","colorDark":"#00294f","angle":173,"snapDist":6,"label":0}},{"type":"Feature","geometry":{"type":"Point","coordinates":[20.015548,50.012676]},"properties":{"name":"Nowy Bieżanów Południe","lines":"173, 234, 244, 274, 284, 503","arr":["173","234","244","274","284","503"],"terminus":1,"mode":"bus","color":"#0059a9","colorDark":"#00294f","angle":251.9,"snapDist":6,"label":1}},{"type":"Feature","geometry":{"type":"Point","coordinates":[19.898321,50.088491]},"properties":{"name":"Conrada","lines":"173, 572","arr":["173","572"],"terminus":0,"mode":"bus","color":"#0059a9","colorDark":"#00294f","angle":346,"snapDist":9,"label":0}},{"type":"Feature","geometry":{"type":"Point","coordinates":[19.888737,50.07673]},"properties":{"name":"Zarzecze","lines":"173, 511, 611","arr":["173","511","611"],"terminus":0,"mode":"bus","color":"#0059a9","colorDark":"#00294f","angle":287.6,"snapDist":7,"label":0}},{"type":"Feature","geometry":{"type":"Point","coordinates":[19.960373,50.004485]},"properties":{"name":"Kurdwanów Południe","lines":"174, 179","arr":["174","179"],"terminus":1,"mode":"bus","color":"#0059a9","colorDark":"#00294f","angle":191.1,"snapDist":9,"label":1}},{"type":"Feature","geometry":{"type":"Point","coordinates":[19.954727,50.005184]},"properties":{"name":"Stojałowskiego","lines":"174, 179","arr":["174","179"],"terminus":0,"mode":"bus","color":"#0059a9","colorDark":"#00294f","angle":6,"snapDist":9,"label":1}},{"type":"Feature","geometry":{"type":"Point","coordinates":[19.94958,50.005599]},"properties":{"name":"Halszki","lines":"174, 179","arr":["174","179"],"terminus":0,"mode":"bus","color":"#0059a9","colorDark":"#00294f","angle":19.2,"snapDist":4,"label":0}},{"type":"Feature","geometry":{"type":"Point","coordinates":[19.950145,50.014795]},"properties":{"name":"Kurdwanów P+R","lines":"174, 179","arr":["174","179"],"terminus":0,"mode":"bus","color":"#0059a9","colorDark":"#00294f","angle":97.3,"snapDist":4,"label":0}},{"type":"Feature","geometry":{"type":"Point","coordinates":[19.951542,50.018381]},"properties":{"name":"Beskidzka","lines":"174, 179","arr":["174","179"],"terminus":0,"mode":"bus","color":"#0059a9","colorDark":"#00294f","angle":110.2,"snapDist":4,"label":1}},{"type":"Feature","geometry":{"type":"Point","coordinates":[19.956447,50.020236]},"properties":{"name":"Pszenna","lines":"174, 179","arr":["174","179"],"terminus":0,"mode":"bus","color":"#0059a9","colorDark":"#00294f","angle":177.3,"snapDist":4,"label":1}},{"type":"Feature","geometry":{"type":"Point","coordinates":[19.960449,50.024252]},"properties":{"name":"Zajezdnia Wola Duchacka","lines":"174, 179","arr":["174","179"],"terminus":0,"mode":"bus","color":"#0059a9","colorDark":"#00294f","angle":92.1,"snapDist":7,"label":0}},{"type":"Feature","geometry":{"type":"Point","coordinates":[19.959752,50.026462]},"properties":{"name":"Sławka","lines":"174, 179","arr":["174","179"],"terminus":0,"mode":"bus","color":"#0059a9","colorDark":"#00294f","angle":72.3,"snapDist":3,"label":1}},{"type":"Feature","geometry":{"type":"Point","coordinates":[19.983342,50.049725]},"properties":{"name":"Stoczniowców","lines":"174","arr":["174"],"terminus":0,"mode":"bus","color":"#0059a9","colorDark":"#00294f","angle":140.5,"snapDist":7,"label":0}},{"type":"Feature","geometry":{"type":"Point","coordinates":[20.001627,50.057022]},"properties":{"name":"Arctowskiego","lines":"174","arr":["174"],"terminus":0,"mode":"bus","color":"#0059a9","colorDark":"#00294f","angle":128.5,"snapDist":8,"label":0}},{"type":"Feature","geometry":{"type":"Point","coordinates":[20.003953,50.064014]},"properties":{"name":"Centralna","lines":"174, 183","arr":["174","183"],"terminus":0,"mode":"bus","color":"#0059a9","colorDark":"#00294f","angle":94.2,"snapDist":6,"label":1}},{"type":"Feature","geometry":{"type":"Point","coordinates":[20.00568,50.067188]},"properties":{"name":"Rondo 308. Dywizjonu","lines":"174, 662","arr":["174","662"],"terminus":0,"mode":"bus","color":"#0059a9","colorDark":"#00294f","angle":154.7,"snapDist":8,"label":1}},{"type":"Feature","geometry":{"type":"Point","coordinates":[20.018923,50.073094]},"properties":{"name":"Rondo Czyżyńskie","lines":"174, 662","arr":["174","662"],"terminus":0,"mode":"bus","color":"#0059a9","colorDark":"#00294f","angle":181.1,"snapDist":9,"label":0}},{"type":"Feature","geometry":{"type":"Point","coordinates":[20.029896,50.072107]},"properties":{"name":"Os. Kolorowe","lines":"174, 662","arr":["174","662"],"terminus":0,"mode":"bus","color":"#0059a9","colorDark":"#00294f","angle":188.9,"snapDist":8,"label":1}},{"type":"Feature","geometry":{"type":"Point","coordinates":[20.053014,50.075052]},"properties":{"name":"Zalew Nowohucki","lines":"174","arr":["174"],"terminus":0,"mode":"bus","color":"#0059a9","colorDark":"#00294f","angle":66.6,"snapDist":5,"label":0}},{"type":"Feature","geometry":{"type":"Point","coordinates":[20.035512,50.071781]},"properties":{"name":"Plac Centralny im. R. Reagana","lines":"174, 662","arr":["174","662"],"terminus":1,"mode":"bus","color":"#0059a9","colorDark":"#00294f","angle":4.8,"snapDist":7,"label":1}},{"type":"Feature","geometry":{"type":"Point","coordinates":[20.028487,50.072431]},"properties":{"name":"Os. Kolorowe","lines":"174, 662","arr":["174","662"],"terminus":0,"mode":"bus","color":"#0059a9","colorDark":"#00294f","angle":8.2,"snapDist":7,"label":0}},{"type":"Feature","geometry":{"type":"Point","coordinates":[20.01267,50.069545]},"properties":{"name":"Gałczyńskiego","lines":"174, 662","arr":["174","662"],"terminus":0,"mode":"bus","color":"#0059a9","colorDark":"#00294f","angle":334.7,"snapDist":7,"label":0}},{"type":"Feature","geometry":{"type":"Point","coordinates":[20.007073,50.067831]},"properties":{"name":"Rondo 308. Dywizjonu","lines":"174, 662","arr":["174","662"],"terminus":0,"mode":"bus","color":"#0059a9","colorDark":"#00294f","angle":335.2,"snapDist":7,"label":0}},{"type":"Feature","geometry":{"type":"Point","coordinates":[20.00363,50.063083]},"properties":{"name":"Centralna","lines":"174","arr":["174"],"terminus":0,"mode":"bus","color":"#0059a9","colorDark":"#00294f","angle":276.3,"snapDist":7,"label":0}},{"type":"Feature","geometry":{"type":"Point","coordinates":[19.988972,50.05244]},"properties":{"name":"Koszykarska","lines":"174","arr":["174"],"terminus":0,"mode":"bus","color":"#0059a9","colorDark":"#00294f","angle":332.1,"snapDist":6,"label":0}},{"type":"Feature","geometry":{"type":"Point","coordinates":[19.955676,50.02024]},"properties":{"name":"Pszenna","lines":"174, 179","arr":["174","179"],"terminus":0,"mode":"bus","color":"#0059a9","colorDark":"#00294f","angle":4.6,"snapDist":3,"label":0}},{"type":"Feature","geometry":{"type":"Point","coordinates":[19.951702,50.018657]},"properties":{"name":"Beskidzka","lines":"174, 179","arr":["174","179"],"terminus":0,"mode":"bus","color":"#0059a9","colorDark":"#00294f","angle":290.6,"snapDist":4,"label":0}},{"type":"Feature","geometry":{"type":"Point","coordinates":[19.948958,50.005564]},"properties":{"name":"Halszki","lines":"174, 179","arr":["174","179"],"terminus":0,"mode":"bus","color":"#0059a9","colorDark":"#00294f","angle":185.7,"snapDist":6,"label":0}},{"type":"Feature","geometry":{"type":"Point","coordinates":[19.956059,50.005099]},"properties":{"name":"Stojałowskiego","lines":"174, 179","arr":["174","179"],"terminus":0,"mode":"bus","color":"#0059a9","colorDark":"#00294f","angle":185.4,"snapDist":7,"label":0}},{"type":"Feature","geometry":{"type":"Point","coordinates":[19.871982,49.988471]},"properties":{"name":"Sidzina","lines":"175, 233, 475, 610","arr":["175","233","475","610"],"terminus":1,"mode":"bus","color":"#0059a9","colorDark":"#00294f","angle":181.9,"snapDist":3,"label":0}},{"type":"Feature","geometry":{"type":"Point","coordinates":[19.874566,49.980894]},"properties":{"name":"Nałkowskiej","lines":"175, 243, 475, 610","arr":["175","243","475","610"],"terminus":0,"mode":"bus","color":"#0059a9","colorDark":"#00294f","angle":159.1,"snapDist":3,"label":1}},{"type":"Feature","geometry":{"type":"Point","coordinates":[19.87887,49.981785]},"properties":{"name":"Petrażyckiego","lines":"175, 243, 475, 610","arr":["175","243","475","610"],"terminus":0,"mode":"bus","color":"#0059a9","colorDark":"#00294f","angle":165.2,"snapDist":3,"label":1}},{"type":"Feature","geometry":{"type":"Point","coordinates":[19.885023,49.982914]},"properties":{"name":"Żyzna","lines":"175, 243, 475, 610","arr":["175","243","475","610"],"terminus":0,"mode":"bus","color":"#0059a9","colorDark":"#00294f","angle":168.6,"snapDist":3,"label":1}},{"type":"Feature","geometry":{"type":"Point","coordinates":[19.889432,49.983461]},"properties":{"name":"Libertowska","lines":"175, 243, 475, 610","arr":["175","243","475","610"],"terminus":0,"mode":"bus","color":"#0059a9","colorDark":"#00294f","angle":151.9,"snapDist":3,"label":1}},{"type":"Feature","geometry":{"type":"Point","coordinates":[19.896317,49.984311]},"properties":{"name":"Petrażyckiego Osiedle","lines":"175, 243, 475, 610","arr":["175","243","475","610"],"terminus":0,"mode":"bus","color":"#0059a9","colorDark":"#00294f","angle":176.1,"snapDist":3,"label":1}},{"type":"Feature","geometry":{"type":"Point","coordinates":[19.902697,49.986015]},"properties":{"name":"Podgaje","lines":"175, 243, 475, 610","arr":["175","243","475","610"],"terminus":0,"mode":"bus","color":"#0059a9","colorDark":"#00294f","angle":176.7,"snapDist":4,"label":1}},{"type":"Feature","geometry":{"type":"Point","coordinates":[19.907895,49.986285]},"properties":{"name":"Taklińskiego","lines":"175, 243, 475, 610","arr":["175","243","475","610"],"terminus":0,"mode":"bus","color":"#0059a9","colorDark":"#00294f","angle":164.8,"snapDist":4,"label":1}},{"type":"Feature","geometry":{"type":"Point","coordinates":[19.91307,49.987338]},"properties":{"name":"Kłuszyńska","lines":"175, 243, 475, 610","arr":["175","243","475","610"],"terminus":0,"mode":"bus","color":"#0059a9","colorDark":"#00294f","angle":180,"snapDist":3,"label":1}},{"type":"Feature","geometry":{"type":"Point","coordinates":[19.919721,49.981545]},"properties":{"name":"Smoleńskiego","lines":"175","arr":["175"],"terminus":0,"mode":"bus","color":"#0059a9","colorDark":"#00294f","angle":281.1,"snapDist":3,"label":1}},{"type":"Feature","geometry":{"type":"Point","coordinates":[19.91942,49.985143]},"properties":{"name":"Opatkowice Zadworze","lines":"175","arr":["175"],"terminus":0,"mode":"bus","color":"#0059a9","colorDark":"#00294f","angle":74.3,"snapDist":3,"label":1}},{"type":"Feature","geometry":{"type":"Point","coordinates":[19.918244,49.986907]},"properties":{"name":"Poronińska","lines":"175","arr":["175"],"terminus":0,"mode":"bus","color":"#0059a9","colorDark":"#00294f","angle":7,"snapDist":4,"label":1}},{"type":"Feature","geometry":{"type":"Point","coordinates":[19.914958,49.987871]},"properties":{"name":"Opatkowice","lines":"175, 235, 243, 245, 255, 275, 285, 475, 610","arr":["175","235","243","245","255","275","285","475","610"],"terminus":0,"mode":"bus","color":"#0059a9","colorDark":"#00294f","angle":108.7,"snapDist":11,"label":1}},{"type":"Feature","geometry":{"type":"Point","coordinates":[19.918302,49.994481]},"properties":{"name":"Opatkowice Wiadukt","lines":"175, 235, 243, 245, 255, 275, 285, 475, 610","arr":["175","235","243","245","255","275","285","475","610"],"terminus":0,"mode":"bus","color":"#0059a9","colorDark":"#00294f","angle":108.3,"snapDist":7,"label":1}},{"type":"Feature","geometry":{"type":"Point","coordinates":[19.919857,49.997431]},"properties":{"name":"Kąpielowa","lines":"175, 235, 243, 245, 255, 275, 285, 475, 610","arr":["175","235","243","245","255","275","285","475","610"],"terminus":0,"mode":"bus","color":"#0059a9","colorDark":"#00294f","angle":109.6,"snapDist":7,"label":0}},{"type":"Feature","geometry":{"type":"Point","coordinates":[19.922527,50.002417]},"properties":{"name":"Judyma","lines":"175, 191, 214, 215, 225, 235, 243, 245, 254, 255, 265, 275, 285, 475, 610, 915","arr":["175","191","214","215","225","235","243","245","254","255","265","275","285","475","610","915"],"terminus":0,"mode":"bus","color":"#0059a9","colorDark":"#00294f","angle":107.9,"snapDist":6,"label":1}},{"type":"Feature","geometry":{"type":"Point","coordinates":[19.924632,50.006621]},"properties":{"name":"Góra Borkowska","lines":"175, 191, 214, 215, 225, 235, 243, 245, 254, 255, 265, 275, 285, 475, 915","arr":["175","191","214","215","225","235","243","245","254","255","265","275","285","475","915"],"terminus":0,"mode":"bus","color":"#0059a9","colorDark":"#00294f","angle":288.2,"snapDist":7,"label":0}},{"type":"Feature","geometry":{"type":"Point","coordinates":[19.921882,50.001431]},"properties":{"name":"Judyma","lines":"175, 191, 214, 215, 225, 235, 243, 245, 254, 255, 265, 275, 285, 475, 915","arr":["175","191","214","215","225","235","243","245","254","255","265","275","285","475","915"],"terminus":0,"mode":"bus","color":"#0059a9","colorDark":"#00294f","angle":288.2,"snapDist":7,"label":0}},{"type":"Feature","geometry":{"type":"Point","coordinates":[19.919646,49.997041]},"properties":{"name":"Kąpielowa","lines":"175, 235, 243, 245, 255, 275, 285, 475","arr":["175","235","243","245","255","275","285","475"],"terminus":0,"mode":"bus","color":"#0059a9","colorDark":"#00294f","angle":288.6,"snapDist":7,"label":1}},{"type":"Feature","geometry":{"type":"Point","coordinates":[19.918518,49.994899]},"properties":{"name":"Opatkowice Wiadukt","lines":"175, 235, 243, 245, 255, 275, 285, 475","arr":["175","235","243","245","255","275","285","475"],"terminus":0,"mode":"bus","color":"#0059a9","colorDark":"#00294f","angle":288.3,"snapDist":7,"label":0}},{"type":"Feature","geometry":{"type":"Point","coordinates":[19.916821,49.987031]},"properties":{"name":"Poronińska","lines":"175","arr":["175"],"terminus":0,"mode":"bus","color":"#0059a9","colorDark":"#00294f","angle":192.5,"snapDist":7,"label":0}},{"type":"Feature","geometry":{"type":"Point","coordinates":[19.919546,49.984912]},"properties":{"name":"Opatkowice Zadworze","lines":"175","arr":["175"],"terminus":0,"mode":"bus","color":"#0059a9","colorDark":"#00294f","angle":248.3,"snapDist":4,"label":0}},{"type":"Feature","geometry":{"type":"Point","coordinates":[19.913838,49.987447]},"properties":{"name":"Kłuszyńska","lines":"175, 243, 475","arr":["175","243","475"],"terminus":0,"mode":"bus","color":"#0059a9","colorDark":"#00294f","angle":340.7,"snapDist":4,"label":0}},{"type":"Feature","geometry":{"type":"Point","coordinates":[19.907363,49.98619]},"properties":{"name":"Taklińskiego","lines":"175, 243, 475","arr":["175","243","475"],"terminus":0,"mode":"bus","color":"#0059a9","colorDark":"#00294f","angle":344.1,"snapDist":3,"label":0}},{"type":"Feature","geometry":{"type":"Point","coordinates":[19.902033,49.985962]},"properties":{"name":"Podgaje","lines":"175, 243, 475","arr":["175","243","475"],"terminus":0,"mode":"bus","color":"#0059a9","colorDark":"#00294f","angle":343.7,"snapDist":3,"label":0}},{"type":"Feature","geometry":{"type":"Point","coordinates":[19.895393,49.98427]},"properties":{"name":"Petrażyckiego Osiedle","lines":"175, 243, 475","arr":["175","243","475"],"terminus":0,"mode":"bus","color":"#0059a9","colorDark":"#00294f","angle":356,"snapDist":3,"label":0}},{"type":"Feature","geometry":{"type":"Point","coordinates":[19.890098,49.983686]},"properties":{"name":"Libertowska","lines":"175, 243, 475","arr":["175","243","475"],"terminus":0,"mode":"bus","color":"#0059a9","colorDark":"#00294f","angle":333.9,"snapDist":3,"label":0}},{"type":"Feature","geometry":{"type":"Point","coordinates":[19.884089,49.982784]},"properties":{"name":"Żyzna","lines":"175, 243, 475","arr":["175","243","475"],"terminus":0,"mode":"bus","color":"#0059a9","colorDark":"#00294f","angle":346.8,"snapDist":3,"label":0}},{"type":"Feature","geometry":{"type":"Point","coordinates":[19.878741,49.981763]},"properties":{"name":"Petrażyckiego","lines":"175, 243, 475","arr":["175","243","475"],"terminus":0,"mode":"bus","color":"#0059a9","colorDark":"#00294f","angle":345.2,"snapDist":3,"label":0}},{"type":"Feature","geometry":{"type":"Point","coordinates":[19.873496,49.980845]},"properties":{"name":"Nałkowskiej","lines":"175, 233, 475","arr":["175","233","475"],"terminus":0,"mode":"bus","color":"#0059a9","colorDark":"#00294f","angle":80.4,"snapDist":3,"label":0}},{"type":"Feature","geometry":{"type":"Point","coordinates":[19.87718,50.037383]},"properties":{"name":"Widłakowa","lines":"176","arr":["176"],"terminus":0,"mode":"bus","color":"#0059a9","colorDark":"#00294f","angle":347.5,"snapDist":7,"label":1}},{"type":"Feature","geometry":{"type":"Point","coordinates":[19.872447,50.041243]},"properties":{"name":"Bodzowska","lines":"176","arr":["176"],"terminus":0,"mode":"bus","color":"#0059a9","colorDark":"#00294f","angle":28.5,"snapDist":3,"label":1}},{"type":"Feature","geometry":{"type":"Point","coordinates":[19.867555,50.038703]},"properties":{"name":"Bodzów","lines":"176","arr":["176"],"terminus":1,"mode":"bus","color":"#0059a9","colorDark":"#00294f","angle":132.1,"snapDist":5,"label":1}},{"type":"Feature","geometry":{"type":"Point","coordinates":[19.872514,50.041212]},"properties":{"name":"Bodzowska","lines":"176","arr":["176"],"terminus":0,"mode":"bus","color":"#0059a9","colorDark":"#00294f","angle":221.2,"snapDist":9,"label":0}},{"type":"Feature","geometry":{"type":"Point","coordinates":[19.87693,50.03737]},"properties":{"name":"Widłakowa","lines":"176","arr":["176"],"terminus":0,"mode":"bus","color":"#0059a9","colorDark":"#00294f","angle":179.8,"snapDist":3,"label":0}},{"type":"Feature","geometry":{"type":"Point","coordinates":[19.945174,50.067782]},"properties":{"name":"Dworzec Główny Zachód","lines":"179, 608, 609, 610, 669, 704, 902, 904","arr":["179","608","609","610","669","704","902","904"],"terminus":1,"mode":"bus","color":"#0059a9","colorDark":"#00294f","angle":92.1,"snapDist":7,"label":0}},{"type":"Feature","geometry":{"type":"Point","coordinates":[20.050115,50.097851]},"properties":{"name":"Os. Na Stoku","lines":"180, 182, 511, 608","arr":["180","182","511","608"],"terminus":1,"mode":"bus","color":"#0059a9","colorDark":"#00294f","angle":136.7,"snapDist":5,"label":1}},{"type":"Feature","geometry":{"type":"Point","coordinates":[20.05465,50.096864]},"properties":{"name":"Architektów","lines":"180, 182, 511","arr":["180","182","511"],"terminus":0,"mode":"bus","color":"#0059a9","colorDark":"#00294f","angle":300.3,"snapDist":6,"label":1}},{"type":"Feature","geometry":{"type":"Point","coordinates":[20.067295,50.09891]},"properties":{"name":"Kantorowicka","lines":"180","arr":["180"],"terminus":0,"mode":"bus","color":"#0059a9","colorDark":"#00294f","angle":217.8,"snapDist":3,"label":1}},{"type":"Feature","geometry":{"type":"Point","coordinates":[20.073158,50.097325]},"properties":{"name":"Grębałów","lines":"180","arr":["180"],"terminus":1,"mode":"bus","color":"#0059a9","colorDark":"#00294f","angle":192.8,"snapDist":3,"label":1}},{"type":"Feature","geometry":{"type":"Point","coordinates":[20.076489,50.10054]},"properties":{"name":"Folwarczna","lines":"180","arr":["180"],"terminus":0,"mode":"bus","color":"#0059a9","colorDark":"#00294f","angle":134.5,"snapDist":3,"label":1}},{"type":"Feature","geometry":{"type":"Point","coordinates":[20.072085,50.103679]},"properties":{"name":"Morcinka","lines":"180, 202, 212, 222, 232, 262","arr":["180","202","212","222","232","262"],"terminus":0,"mode":"bus","color":"#0059a9","colorDark":"#00294f","angle":305.6,"snapDist":4,"label":0}},{"type":"Feature","geometry":{"type":"Point","coordinates":[20.054594,50.097329]},"properties":{"name":"Architektów","lines":"180, 182, 511, 608","arr":["180","182","511","608"],"terminus":0,"mode":"bus","color":"#0059a9","colorDark":"#00294f","angle":40,"snapDist":7,"label":0}},{"type":"Feature","geometry":{"type":"Point","coordinates":[20.014192,50.096117]},"properties":{"name":"Kleeberga","lines":"182","arr":["182"],"terminus":0,"mode":"bus","color":"#0059a9","colorDark":"#00294f","angle":359.1,"snapDist":8,"label":1}},{"type":"Feature","geometry":{"type":"Point","coordinates":[19.966166,50.073657]},"properties":{"name":"Narzymskiego","lines":"182, 189, 482, 502, 601, 611","arr":["182","189","482","502","601","611"],"terminus":0,"mode":"bus","color":"#0059a9","colorDark":"#00294f","angle":302.1,"snapDist":9,"label":0}},{"type":"Feature","geometry":{"type":"Point","coordinates":[19.961156,50.069054]},"properties":{"name":"Brodowicza","lines":"182, 189, 482, 601, 611","arr":["182","189","482","601","611"],"terminus":0,"mode":"bus","color":"#0059a9","colorDark":"#00294f","angle":311.7,"snapDist":4,"label":1}},{"type":"Feature","geometry":{"type":"Point","coordinates":[19.957902,50.066995]},"properties":{"name":"Rondo Mogilskie","lines":"182, 189, 482, 511","arr":["182","189","482","511"],"terminus":0,"mode":"bus","color":"#0059a9","colorDark":"#00294f","angle":18,"snapDist":6,"label":0}},{"type":"Feature","geometry":{"type":"Point","coordinates":[19.953143,50.06778]},"properties":{"name":"Uniwersytet Ekonomiczny","lines":"182, 189, 482, 511","arr":["182","189","482","511"],"terminus":0,"mode":"bus","color":"#0059a9","colorDark":"#00294f","angle":194.1,"snapDist":7,"label":0}},{"type":"Feature","geometry":{"type":"Point","coordinates":[19.962792,50.070261]},"properties":{"name":"Brodowicza","lines":"182, 189, 482, 601, 611","arr":["182","189","482","601","611"],"terminus":0,"mode":"bus","color":"#0059a9","colorDark":"#00294f","angle":129.8,"snapDist":5,"label":0}},{"type":"Feature","geometry":{"type":"Point","coordinates":[20.012794,50.095608]},"properties":{"name":"Kleeberga","lines":"182, 664","arr":["182","664"],"terminus":0,"mode":"bus","color":"#0059a9","colorDark":"#00294f","angle":95.6,"snapDist":9,"label":0}},{"type":"Feature","geometry":{"type":"Point","coordinates":[20.00134,50.087187]},"properties":{"name":"Wiślicka","lines":"183","arr":["183"],"terminus":0,"mode":"bus","color":"#0059a9","colorDark":"#00294f","angle":262.1,"snapDist":6,"label":0}},{"type":"Feature","geometry":{"type":"Point","coordinates":[19.999594,50.084833]},"properties":{"name":"Os. Dywizjonu 303","lines":"183","arr":["183"],"terminus":0,"mode":"bus","color":"#0059a9","colorDark":"#00294f","angle":32.6,"snapDist":4,"label":1}},{"type":"Feature","geometry":{"type":"Point","coordinates":[19.996332,50.083663]},"properties":{"name":"Skarżyńskiego","lines":"183","arr":["183"],"terminus":0,"mode":"bus","color":"#0059a9","colorDark":"#00294f","angle":319.5,"snapDist":7,"label":1}},{"type":"Feature","geometry":{"type":"Point","coordinates":[19.994223,50.080646]},"properties":{"name":"Steca","lines":"183","arr":["183"],"terminus":0,"mode":"bus","color":"#0059a9","colorDark":"#00294f","angle":257.2,"snapDist":3,"label":1}},{"type":"Feature","geometry":{"type":"Point","coordinates":[19.99494,50.075823]},"properties":{"name":"Życzkowskiego","lines":"183","arr":["183"],"terminus":0,"mode":"bus","color":"#0059a9","colorDark":"#00294f","angle":264.8,"snapDist":4,"label":1}},{"type":"Feature","geometry":{"type":"Point","coordinates":[19.998142,50.07385]},"properties":{"name":"AKF / PK","lines":"183, 664","arr":["183","664"],"terminus":0,"mode":"bus","color":"#0059a9","colorDark":"#00294f","angle":182.2,"snapDist":4,"label":1}},{"type":"Feature","geometry":{"type":"Point","coordinates":[20.003509,50.073624]},"properties":{"name":"Stella-Sawickiego","lines":"183","arr":["183"],"terminus":0,"mode":"bus","color":"#0059a9","colorDark":"#00294f","angle":236.1,"snapDist":7,"label":1}},{"type":"Feature","geometry":{"type":"Point","coordinates":[20.004189,50.068195]},"properties":{"name":"Rondo 308. Dywizjonu","lines":"183","arr":["183"],"terminus":0,"mode":"bus","color":"#0059a9","colorDark":"#00294f","angle":275.8,"snapDist":6,"label":0}},{"type":"Feature","geometry":{"type":"Point","coordinates":[20.014342,50.061617]},"properties":{"name":"Ciesielskiego","lines":"183","arr":["183"],"terminus":0,"mode":"bus","color":"#0059a9","colorDark":"#00294f","angle":237.3,"snapDist":4,"label":1}},{"type":"Feature","geometry":{"type":"Point","coordinates":[20.031935,50.058066]},"properties":{"name":"Sochy","lines":"183","arr":["183"],"terminus":0,"mode":"bus","color":"#0059a9","colorDark":"#00294f","angle":211.6,"snapDist":3,"label":1}},{"type":"Feature","geometry":{"type":"Point","coordinates":[20.036689,50.056191]},"properties":{"name":"Podbipięty","lines":"183","arr":["183"],"terminus":0,"mode":"bus","color":"#0059a9","colorDark":"#00294f","angle":211.4,"snapDist":4,"label":1}},{"type":"Feature","geometry":{"type":"Point","coordinates":[20.035873,50.056512]},"properties":{"name":"Podbipięty","lines":"183","arr":["183"],"terminus":0,"mode":"bus","color":"#0059a9","colorDark":"#00294f","angle":31.6,"snapDist":4,"label":0}},{"type":"Feature","geometry":{"type":"Point","coordinates":[20.030639,50.058588]},"properties":{"name":"Sochy","lines":"183","arr":["183"],"terminus":0,"mode":"bus","color":"#0059a9","colorDark":"#00294f","angle":31.5,"snapDist":3,"label":0}},{"type":"Feature","geometry":{"type":"Point","coordinates":[20.013893,50.062065]},"properties":{"name":"Ciesielskiego","lines":"183","arr":["183"],"terminus":0,"mode":"bus","color":"#0059a9","colorDark":"#00294f","angle":57.1,"snapDist":3,"label":0}},{"type":"Feature","geometry":{"type":"Point","coordinates":[20.004535,50.0677]},"properties":{"name":"Rondo 308. Dywizjonu","lines":"183","arr":["183"],"terminus":0,"mode":"bus","color":"#0059a9","colorDark":"#00294f","angle":80.9,"snapDist":7,"label":0}},{"type":"Feature","geometry":{"type":"Point","coordinates":[19.997615,50.07399]},"properties":{"name":"AKF / PK","lines":"183, 664","arr":["183","664"],"terminus":0,"mode":"bus","color":"#0059a9","colorDark":"#00294f","angle":355.1,"snapDist":4,"label":0}},{"type":"Feature","geometry":{"type":"Point","coordinates":[19.994828,50.076627]},"properties":{"name":"Życzkowskiego","lines":"183","arr":["183"],"terminus":0,"mode":"bus","color":"#0059a9","colorDark":"#00294f","angle":85.2,"snapDist":4,"label":0}},{"type":"Feature","geometry":{"type":"Point","coordinates":[19.994064,50.081055]},"properties":{"name":"Steca","lines":"183","arr":["183"],"terminus":0,"mode":"bus","color":"#0059a9","colorDark":"#00294f","angle":80.2,"snapDist":3,"label":0}},{"type":"Feature","geometry":{"type":"Point","coordinates":[19.996421,50.083712]},"properties":{"name":"Skarżyńskiego","lines":"183","arr":["183"],"terminus":0,"mode":"bus","color":"#0059a9","colorDark":"#00294f","angle":139.5,"snapDist":8,"label":0}},{"type":"Feature","geometry":{"type":"Point","coordinates":[20.000535,50.084802]},"properties":{"name":"Os. Dywizjonu 303","lines":"183","arr":["183"],"terminus":0,"mode":"bus","color":"#0059a9","colorDark":"#00294f","angle":122.5,"snapDist":5,"label":0}},{"type":"Feature","geometry":{"type":"Point","coordinates":[20.036297,50.073105]},"properties":{"name":"Plac Centralny im. R. Reagana","lines":"189, 601","arr":["189","601"],"terminus":1,"mode":"bus","color":"#0059a9","colorDark":"#00294f","angle":48.1,"snapDist":4,"label":0}},{"type":"Feature","geometry":{"type":"Point","coordinates":[20.026648,50.080316]},"properties":{"name":"Rondo Kocmyrzowskie im. ks. Gorzelanego","lines":"189, 572, 608, 664","arr":["189","572","608","664"],"terminus":0,"mode":"bus","color":"#0059a9","colorDark":"#00294f","angle":49.4,"snapDist":6,"label":0}},{"type":"Feature","geometry":{"type":"Point","coordinates":[20.020366,50.084888]},"properties":{"name":"DH Wanda","lines":"189, 502, 572, 608, 664","arr":["189","502","572","608","664"],"terminus":0,"mode":"bus","color":"#0059a9","colorDark":"#00294f","angle":40.9,"snapDist":5,"label":1}},{"type":"Feature","geometry":{"type":"Point","coordinates":[19.949429,50.068505]},"properties":{"name":"Dworzec Główny Wschód","lines":"189","arr":["189"],"terminus":0,"mode":"bus","color":"#0059a9","colorDark":"#00294f","angle":358.1,"snapDist":3,"label":0}},{"type":"Feature","geometry":{"type":"Point","coordinates":[19.936133,50.074859]},"properties":{"name":"Nowy Kleparz","lines":"189, 301, 502","arr":["189","301","502"],"terminus":1,"mode":"bus","color":"#0059a9","colorDark":"#00294f","angle":272.1,"snapDist":2,"label":0}},{"type":"Feature","geometry":{"type":"Point","coordinates":[19.944722,50.071085]},"properties":{"name":"Politechnika","lines":"189, 192, 511, 608, 669","arr":["189","192","511","608","669"],"terminus":0,"mode":"bus","color":"#0059a9","colorDark":"#00294f","angle":264.2,"snapDist":6,"label":0}},{"type":"Feature","geometry":{"type":"Point","coordinates":[19.949873,50.068719]},"properties":{"name":"Dworzec Główny Wschód","lines":"189","arr":["189"],"terminus":0,"mode":"bus","color":"#0059a9","colorDark":"#00294f","angle":236,"snapDist":16,"label":0}},{"type":"Feature","geometry":{"type":"Point","coordinates":[20.014146,50.085706]},"properties":{"name":"Os. Na Lotnisku","lines":"189, 572, 608, 611","arr":["189","572","608","611"],"terminus":0,"mode":"bus","color":"#0059a9","colorDark":"#00294f","angle":194.3,"snapDist":8,"label":0}},{"type":"Feature","geometry":{"type":"Point","coordinates":[20.020592,50.084297]},"properties":{"name":"DH Wanda","lines":"189, 502, 572, 608, 664","arr":["189","502","572","608","664"],"terminus":0,"mode":"bus","color":"#0059a9","colorDark":"#00294f","angle":203.8,"snapDist":6,"label":0}},{"type":"Feature","geometry":{"type":"Point","coordinates":[19.805888,50.06186]},"properties":{"name":"Olszanica Bory","lines":"192, 300, 902","arr":["192","300","902"],"terminus":1,"mode":"bus","color":"#0059a9","colorDark":"#00294f","angle":-160.6,"snapDist":6,"label":1}},{"type":"Feature","geometry":{"type":"Point","coordinates":[19.818584,50.064387]},"properties":{"name":"Olszanica Ogródki Działkowe","lines":"192, 902","arr":["192","902"],"terminus":0,"mode":"bus","color":"#0059a9","colorDark":"#00294f","angle":147.9,"snapDist":3,"label":1}},{"type":"Feature","geometry":{"type":"Point","coordinates":[19.82442,50.067637]},"properties":{"name":"Cmentarz Olszanica","lines":"192, 902","arr":["192","902"],"terminus":0,"mode":"bus","color":"#0059a9","colorDark":"#00294f","angle":166.5,"snapDist":3,"label":1}},{"type":"Feature","geometry":{"type":"Point","coordinates":[19.827884,50.068103]},"properties":{"name":"Olszanica Kapliczka","lines":"192, 902","arr":["192","902"],"terminus":0,"mode":"bus","color":"#0059a9","colorDark":"#00294f","angle":172.8,"snapDist":4,"label":1}},{"type":"Feature","geometry":{"type":"Point","coordinates":[19.832921,50.068242]},"properties":{"name":"Leśmiana","lines":"192, 300, 902","arr":["192","300","902"],"terminus":0,"mode":"bus","color":"#0059a9","colorDark":"#00294f","angle":164.1,"snapDist":5,"label":1}},{"type":"Feature","geometry":{"type":"Point","coordinates":[19.837638,50.068784]},"properties":{"name":"Raczkiewicza","lines":"192, 902","arr":["192","902"],"terminus":0,"mode":"bus","color":"#0059a9","colorDark":"#00294f","angle":189,"snapDist":4,"label":1}},{"type":"Feature","geometry":{"type":"Point","coordinates":[19.846206,50.067819]},"properties":{"name":"Chełm","lines":"192, 300, 902","arr":["192","300","902"],"terminus":0,"mode":"bus","color":"#0059a9","colorDark":"#00294f","angle":341.8,"snapDist":4,"label":0}},{"type":"Feature","geometry":{"type":"Point","coordinates":[19.837192,50.068833]},"properties":{"name":"Raczkiewicza","lines":"192, 902","arr":["192","902"],"terminus":0,"mode":"bus","color":"#0059a9","colorDark":"#00294f","angle":10.6,"snapDist":3,"label":0}},{"type":"Feature","geometry":{"type":"Point","coordinates":[19.832128,50.06811]},"properties":{"name":"Leśmiana","lines":"192, 300, 902","arr":["192","300","902"],"terminus":0,"mode":"bus","color":"#0059a9","colorDark":"#00294f","angle":350.6,"snapDist":3,"label":0}},{"type":"Feature","geometry":{"type":"Point","coordinates":[19.828732,50.068172]},"properties":{"name":"Olszanica Kapliczka","lines":"192, 902","arr":["192","902"],"terminus":0,"mode":"bus","color":"#0059a9","colorDark":"#00294f","angle":356.7,"snapDist":3,"label":0}},{"type":"Feature","geometry":{"type":"Point","coordinates":[19.823757,50.067517]},"properties":{"name":"Cmentarz Olszanica","lines":"192, 902","arr":["192","902"],"terminus":0,"mode":"bus","color":"#0059a9","colorDark":"#00294f","angle":342.3,"snapDist":6,"label":0}},{"type":"Feature","geometry":{"type":"Point","coordinates":[19.818012,50.064157]},"properties":{"name":"Olszanica Ogródki Działkowe","lines":"192, 902","arr":["192","902"],"terminus":0,"mode":"bus","color":"#0059a9","colorDark":"#00294f","angle":328.1,"snapDist":3,"label":0}},{"type":"Feature","geometry":{"type":"Point","coordinates":[19.930889,50.048533]},"properties":{"name":"Rondo Grunwaldzkie","lines":"194, 494, 662","arr":["194","494","662"],"terminus":0,"mode":"bus","color":"#0059a9","colorDark":"#00294f","angle":332.8,"snapDist":5,"label":0}},{"type":"Feature","geometry":{"type":"Point","coordinates":[19.925402,50.046732]},"properties":{"name":"Szwedzka","lines":"194, 494, 662","arr":["194","494","662"],"terminus":0,"mode":"bus","color":"#0059a9","colorDark":"#00294f","angle":333.2,"snapDist":3,"label":0}},{"type":"Feature","geometry":{"type":"Point","coordinates":[19.922741,50.043236]},"properties":{"name":"Kapelanka","lines":"194, 494, 662","arr":["194","494","662"],"terminus":0,"mode":"bus","color":"#0059a9","colorDark":"#00294f","angle":245.8,"snapDist":7,"label":1}},{"type":"Feature","geometry":{"type":"Point","coordinates":[19.924244,50.040758]},"properties":{"name":"Słomiana","lines":"194, 494, 662","arr":["194","494","662"],"terminus":0,"mode":"bus","color":"#0059a9","colorDark":"#00294f","angle":245,"snapDist":7,"label":1}},{"type":"Feature","geometry":{"type":"Point","coordinates":[19.925562,50.034153]},"properties":{"name":"Kobierzyńska","lines":"194, 494, 662","arr":["194","494","662"],"terminus":0,"mode":"bus","color":"#0059a9","colorDark":"#00294f","angle":266.7,"snapDist":5,"label":1}},{"type":"Feature","geometry":{"type":"Point","coordinates":[19.924848,50.030627]},"properties":{"name":"Lipińskiego","lines":"194, 494, 662","arr":["194","494","662"],"terminus":0,"mode":"bus","color":"#0059a9","colorDark":"#00294f","angle":20.8,"snapDist":6,"label":1}},{"type":"Feature","geometry":{"type":"Point","coordinates":[19.920277,50.031311]},"properties":{"name":"Grota-Roweckiego","lines":"194, 494","arr":["194","494"],"terminus":0,"mode":"bus","color":"#0059a9","colorDark":"#00294f","angle":297.6,"snapDist":5,"label":1}},{"type":"Feature","geometry":{"type":"Point","coordinates":[19.914173,50.027848]},"properties":{"name":"Rostworowskiego","lines":"194, 494, 608","arr":["194","494","608"],"terminus":0,"mode":"bus","color":"#0059a9","colorDark":"#00294f","angle":326,"snapDist":4,"label":1}},{"type":"Feature","geometry":{"type":"Point","coordinates":[19.910361,50.023165]},"properties":{"name":"Zachodnia","lines":"194, 494, 608","arr":["194","494","608"],"terminus":0,"mode":"bus","color":"#0059a9","colorDark":"#00294f","angle":295.5,"snapDist":6,"label":1}},{"type":"Feature","geometry":{"type":"Point","coordinates":[19.905246,50.017897]},"properties":{"name":"Torfowa","lines":"194, 494, 608","arr":["194","494","608"],"terminus":0,"mode":"bus","color":"#0059a9","colorDark":"#00294f","angle":303.7,"snapDist":7,"label":1}},{"type":"Feature","geometry":{"type":"Point","coordinates":[19.902581,50.015322]},"properties":{"name":"Lubostroń","lines":"194, 494, 608","arr":["194","494","608"],"terminus":0,"mode":"bus","color":"#0059a9","colorDark":"#00294f","angle":304,"snapDist":4,"label":1}},{"type":"Feature","geometry":{"type":"Point","coordinates":[19.898876,50.011731]},"properties":{"name":"Skośna","lines":"194, 494, 608","arr":["194","494","608"],"terminus":0,"mode":"bus","color":"#0059a9","colorDark":"#00294f","angle":304.1,"snapDist":6,"label":1}},{"type":"Feature","geometry":{"type":"Point","coordinates":[19.898347,50.011214]},"properties":{"name":"Skośna","lines":"194, 494, 608","arr":["194","494","608"],"terminus":0,"mode":"bus","color":"#0059a9","colorDark":"#00294f","angle":123.3,"snapDist":3,"label":0}},{"type":"Feature","geometry":{"type":"Point","coordinates":[19.901482,50.014256]},"properties":{"name":"Lubostroń","lines":"194, 494, 608","arr":["194","494","608"],"terminus":0,"mode":"bus","color":"#0059a9","colorDark":"#00294f","angle":122.9,"snapDist":3,"label":0}},{"type":"Feature","geometry":{"type":"Point","coordinates":[19.90633,50.018948]},"properties":{"name":"Torfowa","lines":"194, 494, 608","arr":["194","494","608"],"terminus":0,"mode":"bus","color":"#0059a9","colorDark":"#00294f","angle":125.5,"snapDist":3,"label":0}},{"type":"Feature","geometry":{"type":"Point","coordinates":[19.911096,50.024151]},"properties":{"name":"Zachodnia","lines":"194, 494, 608","arr":["194","494","608"],"terminus":0,"mode":"bus","color":"#0059a9","colorDark":"#00294f","angle":117.3,"snapDist":8,"label":0}},{"type":"Feature","geometry":{"type":"Point","coordinates":[19.915251,50.028179]},"properties":{"name":"Rostworowskiego","lines":"194, 494","arr":["194","494"],"terminus":0,"mode":"bus","color":"#0059a9","colorDark":"#00294f","angle":147,"snapDist":4,"label":0}},{"type":"Feature","geometry":{"type":"Point","coordinates":[19.921017,50.031443]},"properties":{"name":"Grota-Roweckiego","lines":"194, 494, 662","arr":["194","494","662"],"terminus":0,"mode":"bus","color":"#0059a9","colorDark":"#00294f","angle":203.8,"snapDist":6,"label":0}},{"type":"Feature","geometry":{"type":"Point","coordinates":[19.924621,50.030555]},"properties":{"name":"Lipińskiego","lines":"194, 494, 662","arr":["194","494","662"],"terminus":0,"mode":"bus","color":"#0059a9","colorDark":"#00294f","angle":200.2,"snapDist":6,"label":0}},{"type":"Feature","geometry":{"type":"Point","coordinates":[19.925753,50.034056]},"properties":{"name":"Kobierzyńska","lines":"194, 494, 662","arr":["194","494","662"],"terminus":0,"mode":"bus","color":"#0059a9","colorDark":"#00294f","angle":86.6,"snapDist":8,"label":0}},{"type":"Feature","geometry":{"type":"Point","coordinates":[19.924409,50.040697]},"properties":{"name":"Słomiana","lines":"194, 494, 662","arr":["194","494","662"],"terminus":0,"mode":"bus","color":"#0059a9","colorDark":"#00294f","angle":68.6,"snapDist":7,"label":0}},{"type":"Feature","geometry":{"type":"Point","coordinates":[20.03835,50.025498]},"properties":{"name":"Magazynowa","lines":"195","arr":["195"],"terminus":0,"mode":"bus","color":"#0059a9","colorDark":"#00294f","angle":104,"snapDist":4,"label":1}},{"type":"Feature","geometry":{"type":"Point","coordinates":[20.039419,50.028396]},"properties":{"name":"Danalówka","lines":"195","arr":["195"],"terminus":0,"mode":"bus","color":"#0059a9","colorDark":"#00294f","angle":101.1,"snapDist":4,"label":1}},{"type":"Feature","geometry":{"type":"Point","coordinates":[20.039085,50.027441]},"properties":{"name":"Danalówka","lines":"195","arr":["195"],"terminus":0,"mode":"bus","color":"#0059a9","colorDark":"#00294f","angle":283.7,"snapDist":4,"label":0}},{"type":"Feature","geometry":{"type":"Point","coordinates":[20.038152,50.024962]},"properties":{"name":"Magazynowa","lines":"195","arr":["195"],"terminus":0,"mode":"bus","color":"#0059a9","colorDark":"#00294f","angle":282.9,"snapDist":4,"label":0}},{"type":"Feature","geometry":{"type":"Point","coordinates":[19.685759,50.237651]},"properties":{"name":"Przeginia Kościół","lines":"200","arr":["200"],"terminus":1,"mode":"bus","color":"#0059a9","colorDark":"#00294f","angle":13.2,"snapDist":6,"label":1}},{"type":"Feature","geometry":{"type":"Point","coordinates":[19.687397,50.2378]},"properties":{"name":"Przeginia Kościół","lines":"200","arr":["200"],"terminus":0,"mode":"bus","color":"#0059a9","colorDark":"#00294f","angle":183.4,"snapDist":9,"label":0}},{"type":"Feature","geometry":{"type":"Point","coordinates":[19.702753,50.235183]},"properties":{"name":"Przeginia Dom Ludowy","lines":"200","arr":["200"],"terminus":0,"mode":"bus","color":"#0059a9","colorDark":"#00294f","angle":199.1,"snapDist":5,"label":1}},{"type":"Feature","geometry":{"type":"Point","coordinates":[19.712178,50.23278]},"properties":{"name":"Przeginia Skotnica","lines":"200","arr":["200"],"terminus":0,"mode":"bus","color":"#0059a9","colorDark":"#00294f","angle":199.4,"snapDist":8,"label":1}},{"type":"Feature","geometry":{"type":"Point","coordinates":[19.721353,50.230264]},"properties":{"name":"Przeginia Ostra Góra","lines":"200","arr":["200"],"terminus":0,"mode":"bus","color":"#0059a9","colorDark":"#00294f","angle":195.9,"snapDist":9,"label":1}},{"type":"Feature","geometry":{"type":"Point","coordinates":[19.737344,50.224216]},"properties":{"name":"Gotkowice Wieś","lines":"200","arr":["200"],"terminus":0,"mode":"bus","color":"#0059a9","colorDark":"#00294f","angle":198.6,"snapDist":5,"label":1}},{"type":"Feature","geometry":{"type":"Point","coordinates":[19.75,50.221182]},"properties":{"name":"Jerzmanowice Ojcowska","lines":"200","arr":["200"],"terminus":0,"mode":"bus","color":"#0059a9","colorDark":"#00294f","angle":211.8,"snapDist":8,"label":1}},{"type":"Feature","geometry":{"type":"Point","coordinates":[19.758287,50.217545]},"properties":{"name":"Jerzmanowice Centralna","lines":"200","arr":["200"],"terminus":0,"mode":"bus","color":"#0059a9","colorDark":"#00294f","angle":218,"snapDist":8,"label":1}},{"type":"Feature","geometry":{"type":"Point","coordinates":[19.774263,50.208406]},"properties":{"name":"Jerzmanowice Lepianka","lines":"200","arr":["200"],"terminus":0,"mode":"bus","color":"#0059a9","colorDark":"#00294f","angle":216.6,"snapDist":6,"label":1}},{"type":"Feature","geometry":{"type":"Point","coordinates":[19.784312,50.202253]},"properties":{"name":"Jerzmanowice Pod Lasem","lines":"200","arr":["200"],"terminus":0,"mode":"bus","color":"#0059a9","colorDark":"#00294f","angle":240.6,"snapDist":8,"label":1}},{"type":"Feature","geometry":{"type":"Point","coordinates":[19.890322,50.098258]},"properties":{"name":"Jasnogórska","lines":"200, 210, 230, 310, 910","arr":["200","210","230","310","910"],"terminus":0,"mode":"bus","color":"#0059a9","colorDark":"#00294f","angle":251,"snapDist":6,"label":1}},{"type":"Feature","geometry":{"type":"Point","coordinates":[19.880517,50.081069]},"properties":{"name":"Bronowice Małe","lines":"200, 210, 218, 228, 230, 298, 918","arr":["200","210","218","228","230","298","918"],"terminus":1,"mode":"bus","color":"#0059a9","colorDark":"#00294f","angle":98.7,"snapDist":7,"label":1}},{"type":"Feature","geometry":{"type":"Point","coordinates":[19.892247,50.088142]},"properties":{"name":"Rondo Ofiar Katynia","lines":"200, 210, 230, 310, 511, 611, 910, LR0","arr":["200","210","230","310","511","611","910","LR0"],"terminus":0,"mode":"bus","color":"#0059a9","colorDark":"#00294f","angle":108.4,"snapDist":8,"label":0}},{"type":"Feature","geometry":{"type":"Point","coordinates":[19.892546,50.095061]},"properties":{"name":"Stawowa","lines":"200, 210, 230, 310, 910","arr":["200","210","230","310","910"],"terminus":0,"mode":"bus","color":"#0059a9","colorDark":"#00294f","angle":68.1,"snapDist":6,"label":0}},{"type":"Feature","geometry":{"type":"Point","coordinates":[19.890097,50.098968]},"properties":{"name":"Jasnogórska","lines":"200, 210, 230, 310, 910","arr":["200","210","230","310","910"],"terminus":0,"mode":"bus","color":"#0059a9","colorDark":"#00294f","angle":69.7,"snapDist":7,"label":0}},{"type":"Feature","geometry":{"type":"Point","coordinates":[19.784748,50.201757]},"properties":{"name":"Jerzmanowice Pod Lasem","lines":"200","arr":["200"],"terminus":0,"mode":"bus","color":"#0059a9","colorDark":"#00294f","angle":60.6,"snapDist":8,"label":0}},{"type":"Feature","geometry":{"type":"Point","coordinates":[19.772567,50.209214]},"properties":{"name":"Jerzmanowice Lepianka","lines":"200","arr":["200"],"terminus":0,"mode":"bus","color":"#0059a9","colorDark":"#00294f","angle":36.6,"snapDist":6,"label":0}},{"type":"Feature","geometry":{"type":"Point","coordinates":[19.756708,50.218219]},"properties":{"name":"Jerzmanowice Centralna","lines":"200","arr":["200"],"terminus":0,"mode":"bus","color":"#0059a9","colorDark":"#00294f","angle":33.1,"snapDist":7,"label":0}},{"type":"Feature","geometry":{"type":"Point","coordinates":[19.748342,50.221873]},"properties":{"name":"Jerzmanowice Ojcowska","lines":"200","arr":["200"],"terminus":0,"mode":"bus","color":"#0059a9","colorDark":"#00294f","angle":200.2,"snapDist":6,"label":0}},{"type":"Feature","geometry":{"type":"Point","coordinates":[19.736009,50.224501]},"properties":{"name":"Gotkowice Wieś","lines":"200","arr":["200"],"terminus":0,"mode":"bus","color":"#0059a9","colorDark":"#00294f","angle":18.4,"snapDist":9,"label":0}},{"type":"Feature","geometry":{"type":"Point","coordinates":[19.719789,50.230539]},"properties":{"name":"Przeginia Ostra Góra","lines":"200","arr":["200"],"terminus":0,"mode":"bus","color":"#0059a9","colorDark":"#00294f","angle":15.7,"snapDist":8,"label":0}},{"type":"Feature","geometry":{"type":"Point","coordinates":[19.711094,50.233036]},"properties":{"name":"Przeginia Skotnica","lines":"200","arr":["200"],"terminus":0,"mode":"bus","color":"#0059a9","colorDark":"#00294f","angle":20,"snapDist":8,"label":0}},{"type":"Feature","geometry":{"type":"Point","coordinates":[19.699234,50.236007]},"properties":{"name":"Przeginia Dom Ludowy","lines":"200","arr":["200"],"terminus":0,"mode":"bus","color":"#0059a9","colorDark":"#00294f","angle":22.2,"snapDist":9,"label":1}},{"type":"Feature","geometry":{"type":"Point","coordinates":[20.160161,50.187681]},"properties":{"name":"Łososkowice Remiza","lines":"202","arr":["202"],"terminus":1,"mode":"bus","color":"#0059a9","colorDark":"#00294f","angle":47,"snapDist":2,"label":1}},{"type":"Feature","geometry":{"type":"Point","coordinates":[20.156082,50.190568]},"properties":{"name":"Łososkowice Szkoła","lines":"202","arr":["202"],"terminus":0,"mode":"bus","color":"#0059a9","colorDark":"#00294f","angle":357.3,"snapDist":2,"label":1}},{"type":"Feature","geometry":{"type":"Point","coordinates":[20.144365,50.18856]},"properties":{"name":"Skrzeszowice OSP Boisko","lines":"202","arr":["202"],"terminus":0,"mode":"bus","color":"#0059a9","colorDark":"#00294f","angle":330.8,"snapDist":5,"label":1}},{"type":"Feature","geometry":{"type":"Point","coordinates":[20.1317,50.178257]},"properties":{"name":"Goszyce Remiza","lines":"202","arr":["202"],"terminus":0,"mode":"bus","color":"#0059a9","colorDark":"#00294f","angle":303.1,"snapDist":3,"label":1}},{"type":"Feature","geometry":{"type":"Point","coordinates":[20.124686,50.170619]},"properties":{"name":"Goszyce Pod Lasem","lines":"202","arr":["202"],"terminus":0,"mode":"bus","color":"#0059a9","colorDark":"#00294f","angle":291.2,"snapDist":4,"label":1}},{"type":"Feature","geometry":{"type":"Point","coordinates":[20.118826,50.164194]},"properties":{"name":"Wola Luborzycka Las","lines":"202","arr":["202"],"terminus":0,"mode":"bus","color":"#0059a9","colorDark":"#00294f","angle":294.5,"snapDist":4,"label":1}},{"type":"Feature","geometry":{"type":"Point","coordinates":[20.116675,50.159689]},"properties":{"name":"Wola Luborzycka Skrzyżowanie","lines":"202","arr":["202"],"terminus":0,"mode":"bus","color":"#0059a9","colorDark":"#00294f","angle":287.3,"snapDist":4,"label":1}},{"type":"Feature","geometry":{"type":"Point","coordinates":[20.115801,50.155258]},"properties":{"name":"Wola Luborzycka Działki","lines":"202","arr":["202"],"terminus":0,"mode":"bus","color":"#0059a9","colorDark":"#00294f","angle":274.3,"snapDist":4,"label":1}},{"type":"Feature","geometry":{"type":"Point","coordinates":[20.109333,50.146461]},"properties":{"name":"Luborzyca","lines":"202, 222, 232","arr":["202","222","232"],"terminus":0,"mode":"bus","color":"#0059a9","colorDark":"#00294f","angle":57.7,"snapDist":4,"label":1}},{"type":"Feature","geometry":{"type":"Point","coordinates":[20.108618,50.143403]},"properties":{"name":"Luborzyca Szkoła","lines":"202, 222, 232","arr":["202","222","232"],"terminus":0,"mode":"bus","color":"#0059a9","colorDark":"#00294f","angle":245.9,"snapDist":6,"label":1}},{"type":"Feature","geometry":{"type":"Point","coordinates":[20.113791,50.135763]},"properties":{"name":"Kocmyrzów-Luborzyca Urząd Gminy","lines":"202, 222, 232, 262, 272","arr":["202","222","232","262","272"],"terminus":0,"mode":"bus","color":"#0059a9","colorDark":"#00294f","angle":302.7,"snapDist":8,"label":0}},{"type":"Feature","geometry":{"type":"Point","coordinates":[20.106981,50.130536]},"properties":{"name":"Dojazdów Działki","lines":"202, 212, 222, 232, 262, 272","arr":["202","212","222","232","262","272"],"terminus":0,"mode":"bus","color":"#0059a9","colorDark":"#00294f","angle":306.9,"snapDist":6,"label":1}},{"type":"Feature","geometry":{"type":"Point","coordinates":[20.10217,50.126998]},"properties":{"name":"Dojazdów PKS","lines":"202, 212, 222, 232, 262, 272","arr":["202","212","222","232","262","272"],"terminus":0,"mode":"bus","color":"#0059a9","colorDark":"#00294f","angle":312.6,"snapDist":7,"label":1}},{"type":"Feature","geometry":{"type":"Point","coordinates":[20.096515,50.121956]},"properties":{"name":"Sulechów","lines":"202, 212, 222, 232, 262","arr":["202","212","222","232","262"],"terminus":0,"mode":"bus","color":"#0059a9","colorDark":"#00294f","angle":305.2,"snapDist":7,"label":1}},{"type":"Feature","geometry":{"type":"Point","coordinates":[20.091245,50.118218]},"properties":{"name":"Prusy Kościół","lines":"202, 212, 222, 232, 262","arr":["202","212","222","232","262"],"terminus":0,"mode":"bus","color":"#0059a9","colorDark":"#00294f","angle":292.3,"snapDist":7,"label":1}},{"type":"Feature","geometry":{"type":"Point","coordinates":[20.085045,50.113798]},"properties":{"name":"Prusy Szkoła","lines":"202, 212, 222, 232, 262","arr":["202","212","222","232","262"],"terminus":0,"mode":"bus","color":"#0059a9","colorDark":"#00294f","angle":315.1,"snapDist":7,"label":1}},{"type":"Feature","geometry":{"type":"Point","coordinates":[20.081851,50.110612]},"properties":{"name":"Prusy Rondo","lines":"202, 212, 222, 232, 262","arr":["202","212","222","232","262"],"terminus":0,"mode":"bus","color":"#0059a9","colorDark":"#00294f","angle":306,"snapDist":7,"label":1}},{"type":"Feature","geometry":{"type":"Point","coordinates":[20.075553,50.106541]},"properties":{"name":"Gerlaha","lines":"202, 212, 222, 232, 262","arr":["202","212","222","232","262"],"terminus":0,"mode":"bus","color":"#0059a9","colorDark":"#00294f","angle":320.3,"snapDist":7,"label":1}},{"type":"Feature","geometry":{"type":"Point","coordinates":[20.026156,50.078901]},"properties":{"name":"Rondo Kocmyrzowskie im. ks. Gorzelanego","lines":"202, 212, 222, 232, 262, 664","arr":["202","212","222","232","262","664"],"terminus":0,"mode":"bus","color":"#0059a9","colorDark":"#00294f","angle":308.9,"snapDist":7,"label":0}},{"type":"Feature","geometry":{"type":"Point","coordinates":[20.018461,50.074377]},"properties":{"name":"Rondo Czyżyńskie","lines":"202, 212, 222, 232, 262, 664","arr":["202","212","222","232","262","664"],"terminus":0,"mode":"bus","color":"#0059a9","colorDark":"#00294f","angle":123.9,"snapDist":9,"label":0}},{"type":"Feature","geometry":{"type":"Point","coordinates":[20.072953,50.104457]},"properties":{"name":"Morcinka","lines":"202, 212, 222, 232, 262","arr":["202","212","222","232","262"],"terminus":0,"mode":"bus","color":"#0059a9","colorDark":"#00294f","angle":126,"snapDist":3,"label":0}},{"type":"Feature","geometry":{"type":"Point","coordinates":[20.081472,50.110028]},"properties":{"name":"Prusy Rondo","lines":"202, 212, 222, 232, 262","arr":["202","212","222","232","262"],"terminus":0,"mode":"bus","color":"#0059a9","colorDark":"#00294f","angle":122.5,"snapDist":6,"label":0}},{"type":"Feature","geometry":{"type":"Point","coordinates":[20.085557,50.114143]},"properties":{"name":"Prusy Szkoła","lines":"202, 212, 222, 232, 262","arr":["202","212","222","232","262"],"terminus":0,"mode":"bus","color":"#0059a9","colorDark":"#00294f","angle":131.8,"snapDist":9,"label":0}},{"type":"Feature","geometry":{"type":"Point","coordinates":[20.092046,50.119129]},"properties":{"name":"Prusy Kościół","lines":"202, 212, 222, 232, 262","arr":["202","212","222","232","262"],"terminus":0,"mode":"bus","color":"#0059a9","colorDark":"#00294f","angle":115.8,"snapDist":7,"label":0}},{"type":"Feature","geometry":{"type":"Point","coordinates":[20.096707,50.121987]},"properties":{"name":"Sulechów","lines":"202, 212, 222, 232, 262","arr":["202","212","222","232","262"],"terminus":0,"mode":"bus","color":"#0059a9","colorDark":"#00294f","angle":124.8,"snapDist":7,"label":0}},{"type":"Feature","geometry":{"type":"Point","coordinates":[20.102268,50.126941]},"properties":{"name":"Dojazdów PKS","lines":"202, 212, 222, 232, 262, 272","arr":["202","212","222","232","262","272"],"terminus":0,"mode":"bus","color":"#0059a9","colorDark":"#00294f","angle":131.7,"snapDist":7,"label":0}},{"type":"Feature","geometry":{"type":"Point","coordinates":[20.107679,50.130999]},"properties":{"name":"Dojazdów Działki","lines":"202, 212, 222, 232, 262, 272","arr":["202","212","222","232","262","272"],"terminus":0,"mode":"bus","color":"#0059a9","colorDark":"#00294f","angle":126.9,"snapDist":7,"label":0}},{"type":"Feature","geometry":{"type":"Point","coordinates":[20.11313,50.135103]},"properties":{"name":"Kocmyrzów-Luborzyca Urząd Gminy","lines":"202, 222, 232, 262, 272","arr":["202","222","232","262","272"],"terminus":1,"mode":"bus","color":"#0059a9","colorDark":"#00294f","angle":122.5,"snapDist":7,"label":1}},{"type":"Feature","geometry":{"type":"Point","coordinates":[20.108296,50.143963]},"properties":{"name":"Luborzyca Szkoła","lines":"202, 222, 232","arr":["202","222","232"],"terminus":0,"mode":"bus","color":"#0059a9","colorDark":"#00294f","angle":69.8,"snapDist":6,"label":0}},{"type":"Feature","geometry":{"type":"Point","coordinates":[20.109337,50.146457]},"properties":{"name":"Luborzyca","lines":"202, 222, 232","arr":["202","222","232"],"terminus":0,"mode":"bus","color":"#0059a9","colorDark":"#00294f","angle":-122.3,"snapDist":6,"label":0}},{"type":"Feature","geometry":{"type":"Point","coordinates":[20.115743,50.154682]},"properties":{"name":"Wola Luborzycka Działki","lines":"202","arr":["202"],"terminus":0,"mode":"bus","color":"#0059a9","colorDark":"#00294f","angle":93.7,"snapDist":3,"label":0}},{"type":"Feature","geometry":{"type":"Point","coordinates":[20.116997,50.160368]},"properties":{"name":"Wola Luborzycka Skrzyżowanie","lines":"202","arr":["202"],"terminus":0,"mode":"bus","color":"#0059a9","colorDark":"#00294f","angle":106.8,"snapDist":3,"label":0}},{"type":"Feature","geometry":{"type":"Point","coordinates":[20.119088,50.164562]},"properties":{"name":"Wola Luborzycka Las","lines":"202","arr":["202"],"terminus":0,"mode":"bus","color":"#0059a9","colorDark":"#00294f","angle":114.5,"snapDist":3,"label":0}},{"type":"Feature","geometry":{"type":"Point","coordinates":[20.125225,50.171511]},"properties":{"name":"Goszyce Pod Lasem","lines":"202","arr":["202"],"terminus":0,"mode":"bus","color":"#0059a9","colorDark":"#00294f","angle":111.2,"snapDist":3,"label":0}},{"type":"Feature","geometry":{"type":"Point","coordinates":[20.132553,50.179274]},"properties":{"name":"Goszyce Remiza","lines":"202","arr":["202"],"terminus":0,"mode":"bus","color":"#0059a9","colorDark":"#00294f","angle":102.9,"snapDist":7,"label":0}},{"type":"Feature","geometry":{"type":"Point","coordinates":[20.144822,50.188757]},"properties":{"name":"Skrzeszowice OSP Boisko","lines":"202","arr":["202"],"terminus":0,"mode":"bus","color":"#0059a9","colorDark":"#00294f","angle":145.5,"snapDist":4,"label":0}},{"type":"Feature","geometry":{"type":"Point","coordinates":[20.156515,50.190602]},"properties":{"name":"Łososkowice Szkoła","lines":"202","arr":["202"],"terminus":0,"mode":"bus","color":"#0059a9","colorDark":"#00294f","angle":163.2,"snapDist":4,"label":0}},{"type":"Feature","geometry":{"type":"Point","coordinates":[19.829836,49.968548]},"properties":{"name":"Skawina","lines":"203, 243, 245, 283, 293, 903","arr":["203","243","245","283","293","903"],"terminus":1,"mode":"bus","color":"#0059a9","colorDark":"#00294f","angle":205.6,"snapDist":6,"label":1}},{"type":"Feature","geometry":{"type":"Point","coordinates":[19.829129,49.970864]},"properties":{"name":"Skawina Ajka","lines":"203, 243, 253, 283, 293, 903","arr":["203","243","253","283","293","903"],"terminus":0,"mode":"bus","color":"#0059a9","colorDark":"#00294f","angle":114.9,"snapDist":6,"label":1}},{"type":"Feature","geometry":{"type":"Point","coordinates":[19.831044,49.975198]},"properties":{"name":"Skawina Cmentarz","lines":"203, 223, 233, 235, 253, 283, 293, 903","arr":["203","223","233","235","253","283","293","903"],"terminus":0,"mode":"bus","color":"#0059a9","colorDark":"#00294f","angle":97.5,"snapDist":7,"label":1}},{"type":"Feature","geometry":{"type":"Point","coordinates":[19.827996,49.975243]},"properties":{"name":"Skawina Rynek","lines":"203, 223, 233, 235","arr":["203","223","233","235"],"terminus":0,"mode":"bus","color":"#0059a9","colorDark":"#00294f","angle":15.3,"snapDist":7,"label":1}},{"type":"Feature","geometry":{"type":"Point","coordinates":[19.822472,49.975696]},"properties":{"name":"Skawina Mickiewicza Szkoła","lines":"203, 223, 233, 235","arr":["203","223","233","235"],"terminus":0,"mode":"bus","color":"#0059a9","colorDark":"#00294f","angle":14.3,"snapDist":5,"label":1}},{"type":"Feature","geometry":{"type":"Point","coordinates":[19.817915,49.975926]},"properties":{"name":"Skawina Sąd","lines":"203","arr":["203"],"terminus":0,"mode":"bus","color":"#0059a9","colorDark":"#00294f","angle":350.2,"snapDist":6,"label":1}},{"type":"Feature","geometry":{"type":"Point","coordinates":[19.819988,49.978343]},"properties":{"name":"Skawina Tyniecka Osiedle","lines":"203","arr":["203"],"terminus":0,"mode":"bus","color":"#0059a9","colorDark":"#00294f","angle":78.5,"snapDist":4,"label":1}},{"type":"Feature","geometry":{"type":"Point","coordinates":[19.815916,49.984781]},"properties":{"name":"Skawina Tyniecka","lines":"203","arr":["203"],"terminus":0,"mode":"bus","color":"#0059a9","colorDark":"#00294f","angle":49.4,"snapDist":5,"label":1}},{"type":"Feature","geometry":{"type":"Point","coordinates":[19.806982,49.982793]},"properties":{"name":"Skawina Żwirownia","lines":"203","arr":["203"],"terminus":0,"mode":"bus","color":"#0059a9","colorDark":"#00294f","angle":73.9,"snapDist":3,"label":1}},{"type":"Feature","geometry":{"type":"Point","coordinates":[19.804165,49.985829]},"properties":{"name":"Skawina Żwirowa","lines":"203","arr":["203"],"terminus":0,"mode":"bus","color":"#0059a9","colorDark":"#00294f","angle":47.3,"snapDist":3,"label":1}},{"type":"Feature","geometry":{"type":"Point","coordinates":[19.809216,49.9875]},"properties":{"name":"Skawina Piastowska","lines":"203","arr":["203"],"terminus":0,"mode":"bus","color":"#0059a9","colorDark":"#00294f","angle":174.7,"snapDist":3,"label":1}},{"type":"Feature","geometry":{"type":"Point","coordinates":[19.814255,49.986829]},"properties":{"name":"Skawina Wojska Polskiego","lines":"203","arr":["203"],"terminus":0,"mode":"bus","color":"#0059a9","colorDark":"#00294f","angle":87,"snapDist":3,"label":1}},{"type":"Feature","geometry":{"type":"Point","coordinates":[19.811924,49.988385]},"properties":{"name":"Skawina Samborek Most","lines":"203","arr":["203"],"terminus":0,"mode":"bus","color":"#0059a9","colorDark":"#00294f","angle":237,"snapDist":3,"label":1}},{"type":"Feature","geometry":{"type":"Point","coordinates":[19.813097,49.990875]},"properties":{"name":"Skawina Tyniecka Rzepnik","lines":"203","arr":["203"],"terminus":0,"mode":"bus","color":"#0059a9","colorDark":"#00294f","angle":132.6,"snapDist":4,"label":1}},{"type":"Feature","geometry":{"type":"Point","coordinates":[19.818749,49.996768]},"properties":{"name":"Skawina Podgórki","lines":"203","arr":["203"],"terminus":0,"mode":"bus","color":"#0059a9","colorDark":"#00294f","angle":152.6,"snapDist":5,"label":1}},{"type":"Feature","geometry":{"type":"Point","coordinates":[19.817481,49.999954]},"properties":{"name":"Janasówka","lines":"203","arr":["203"],"terminus":0,"mode":"bus","color":"#0059a9","colorDark":"#00294f","angle":57.8,"snapDist":3,"label":1}},{"type":"Feature","geometry":{"type":"Point","coordinates":[19.81419,50.008401]},"properties":{"name":"Tyniec Kamieniołom","lines":"203","arr":["203"],"terminus":0,"mode":"bus","color":"#0059a9","colorDark":"#00294f","angle":53.4,"snapDist":5,"label":0}},{"type":"Feature","geometry":{"type":"Point","coordinates":[19.832548,50.025304]},"properties":{"name":"Kolna","lines":"203","arr":["203"],"terminus":0,"mode":"bus","color":"#0059a9","colorDark":"#00294f","angle":73.4,"snapDist":6,"label":0}},{"type":"Feature","geometry":{"type":"Point","coordinates":[19.829188,50.032535]},"properties":{"name":"Tor Kajakowy","lines":"203","arr":["203"],"terminus":0,"mode":"bus","color":"#0059a9","colorDark":"#00294f","angle":193.1,"snapDist":4,"label":1}},{"type":"Feature","geometry":{"type":"Point","coordinates":[19.830234,50.028813]},"properties":{"name":"Kolna Kapliczka","lines":"203","arr":["203"],"terminus":0,"mode":"bus","color":"#0059a9","colorDark":"#00294f","angle":70.2,"snapDist":4,"label":1}},{"type":"Feature","geometry":{"type":"Point","coordinates":[19.866435,50.022542]},"properties":{"name":"Fort Winnica","lines":"203, 476","arr":["203","476"],"terminus":0,"mode":"bus","color":"#0059a9","colorDark":"#00294f","angle":232.3,"snapDist":4,"label":1}},{"type":"Feature","geometry":{"type":"Point","coordinates":[19.871157,50.020092]},"properties":{"name":"Winnicka","lines":"203, 476","arr":["203","476"],"terminus":0,"mode":"bus","color":"#0059a9","colorDark":"#00294f","angle":199.5,"snapDist":4,"label":1}},{"type":"Feature","geometry":{"type":"Point","coordinates":[19.876035,50.016976]},"properties":{"name":"Skotniki Szkoła","lines":"203, 476","arr":["203","476"],"terminus":0,"mode":"bus","color":"#0059a9","colorDark":"#00294f","angle":114.1,"snapDist":4,"label":0}},{"type":"Feature","geometry":{"type":"Point","coordinates":[19.872156,50.019802]},"properties":{"name":"Winnicka","lines":"203, 476","arr":["203","476"],"terminus":0,"mode":"bus","color":"#0059a9","colorDark":"#00294f","angle":28.6,"snapDist":4,"label":0}},{"type":"Feature","geometry":{"type":"Point","coordinates":[19.865476,50.023318]},"properties":{"name":"Fort Winnica","lines":"203, 476","arr":["203","476"],"terminus":0,"mode":"bus","color":"#0059a9","colorDark":"#00294f","angle":51.5,"snapDist":4,"label":0}},{"type":"Feature","geometry":{"type":"Point","coordinates":[19.814787,50.007581]},"properties":{"name":"Tyniec Kamieniołom","lines":"203","arr":["203"],"terminus":0,"mode":"bus","color":"#0059a9","colorDark":"#00294f","angle":253.1,"snapDist":4,"label":0}},{"type":"Feature","geometry":{"type":"Point","coordinates":[19.817845,49.999584]},"properties":{"name":"Janasówka","lines":"203","arr":["203"],"terminus":0,"mode":"bus","color":"#0059a9","colorDark":"#00294f","angle":237.8,"snapDist":3,"label":0}},{"type":"Feature","geometry":{"type":"Point","coordinates":[19.818685,49.996735]},"properties":{"name":"Skawina Podgórki","lines":"203","arr":["203"],"terminus":0,"mode":"bus","color":"#0059a9","colorDark":"#00294f","angle":311.6,"snapDist":4,"label":0}},{"type":"Feature","geometry":{"type":"Point","coordinates":[19.813451,49.991239]},"properties":{"name":"Skawina Tyniecka Rzepnik","lines":"203","arr":["203"],"terminus":0,"mode":"bus","color":"#0059a9","colorDark":"#00294f","angle":299.3,"snapDist":3,"label":0}},{"type":"Feature","geometry":{"type":"Point","coordinates":[19.811043,49.98878]},"properties":{"name":"Skawina Samborek Most","lines":"203","arr":["203"],"terminus":0,"mode":"bus","color":"#0059a9","colorDark":"#00294f","angle":326,"snapDist":8,"label":0}},{"type":"Feature","geometry":{"type":"Point","coordinates":[19.808396,49.987451]},"properties":{"name":"Skawina Piastowska","lines":"203","arr":["203"],"terminus":0,"mode":"bus","color":"#0059a9","colorDark":"#00294f","angle":354.7,"snapDist":4,"label":0}},{"type":"Feature","geometry":{"type":"Point","coordinates":[19.804488,49.985602]},"properties":{"name":"Skawina Żwirowa","lines":"203","arr":["203"],"terminus":0,"mode":"bus","color":"#0059a9","colorDark":"#00294f","angle":228.1,"snapDist":4,"label":0}},{"type":"Feature","geometry":{"type":"Point","coordinates":[19.807852,49.982441]},"properties":{"name":"Skawina Żwirownia","lines":"203","arr":["203"],"terminus":0,"mode":"bus","color":"#0059a9","colorDark":"#00294f","angle":182.6,"snapDist":3,"label":0}},{"type":"Feature","geometry":{"type":"Point","coordinates":[19.816569,49.984349]},"properties":{"name":"Skawina Tyniecka","lines":"203","arr":["203"],"terminus":0,"mode":"bus","color":"#0059a9","colorDark":"#00294f","angle":228.8,"snapDist":7,"label":0}},{"type":"Feature","geometry":{"type":"Point","coordinates":[19.820078,49.978025]},"properties":{"name":"Skawina Tyniecka Osiedle","lines":"203","arr":["203"],"terminus":0,"mode":"bus","color":"#0059a9","colorDark":"#00294f","angle":261.4,"snapDist":3,"label":0}},{"type":"Feature","geometry":{"type":"Point","coordinates":[19.817762,49.975909]},"properties":{"name":"Skawina Sąd","lines":"203, 223, 235","arr":["203","223","235"],"terminus":0,"mode":"bus","color":"#0059a9","colorDark":"#00294f","angle":169.4,"snapDist":3,"label":0}},{"type":"Feature","geometry":{"type":"Point","coordinates":[19.822944,49.975604]},"properties":{"name":"Skawina Mickiewicza Szkoła","lines":"203, 223, 233, 235","arr":["203","223","233","235"],"terminus":0,"mode":"bus","color":"#0059a9","colorDark":"#00294f","angle":199.1,"snapDist":5,"label":0}},{"type":"Feature","geometry":{"type":"Point","coordinates":[19.827933,49.975254]},"properties":{"name":"Skawina Rynek","lines":"203, 223, 233, 235","arr":["203","223","233","235"],"terminus":0,"mode":"bus","color":"#0059a9","colorDark":"#00294f","angle":195.3,"snapDist":6,"label":0}},{"type":"Feature","geometry":{"type":"Point","coordinates":[19.831184,49.975808]},"properties":{"name":"Skawina Cmentarz","lines":"203, 233, 235, 253, 283, 293, 903","arr":["203","233","235","253","283","293","903"],"terminus":0,"mode":"bus","color":"#0059a9","colorDark":"#00294f","angle":282.7,"snapDist":6,"label":0}},{"type":"Feature","geometry":{"type":"Point","coordinates":[19.830753,49.974219]},"properties":{"name":"Skawina Popiełuszki","lines":"203, 243, 253, 283, 293, 903","arr":["203","243","253","283","293","903"],"terminus":0,"mode":"bus","color":"#0059a9","colorDark":"#00294f","angle":289.6,"snapDist":7,"label":1}},{"type":"Feature","geometry":{"type":"Point","coordinates":[19.829315,49.971318]},"properties":{"name":"Skawina Ajka","lines":"203, 243, 253, 283, 293, 903","arr":["203","243","253","283","293","903"],"terminus":0,"mode":"bus","color":"#0059a9","colorDark":"#00294f","angle":281.6,"snapDist":7,"label":0}},{"type":"Feature","geometry":{"type":"Point","coordinates":[20.076007,49.986422]},"properties":{"name":"Wieliczka Kampus","lines":"204, 224, 244, 304","arr":["204","224","244","304"],"terminus":1,"mode":"bus","color":"#0059a9","colorDark":"#00294f","angle":4.1,"snapDist":3,"label":1}},{"type":"Feature","geometry":{"type":"Point","coordinates":[20.065133,49.987301]},"properties":{"name":"Wieliczka Cmentarz","lines":"204, 224, 301, 904","arr":["204","224","301","904"],"terminus":1,"mode":"bus","color":"#0059a9","colorDark":"#00294f","angle":4.3,"snapDist":7,"label":1}},{"type":"Feature","geometry":{"type":"Point","coordinates":[20.055649,49.988419]},"properties":{"name":"Wieliczka Klasztor","lines":"204, 301, 904","arr":["204","301","904"],"terminus":0,"mode":"bus","color":"#0059a9","colorDark":"#00294f","angle":6.7,"snapDist":7,"label":1}},{"type":"Feature","geometry":{"type":"Point","coordinates":[20.04269,49.993191]},"properties":{"name":"Wieliczka Os. Kościuszki","lines":"204, 274, 301, 304, 904","arr":["204","274","301","304","904"],"terminus":0,"mode":"bus","color":"#0059a9","colorDark":"#00294f","angle":32.9,"snapDist":7,"label":1}},{"type":"Feature","geometry":{"type":"Point","coordinates":[20.027963,49.999824]},"properties":{"name":"Wielicka Granica Miasta","lines":"204, 224, 244, 274, 301, 904","arr":["204","224","244","274","301","904"],"terminus":0,"mode":"bus","color":"#0059a9","colorDark":"#00294f","angle":54.2,"snapDist":7,"label":1}},{"type":"Feature","geometry":{"type":"Point","coordinates":[20.016467,50.00678]},"properties":{"name":"Węzeł Wielicki","lines":"204, 224, 244, 274, 904","arr":["204","224","244","274","904"],"terminus":0,"mode":"bus","color":"#0059a9","colorDark":"#00294f","angle":33.8,"snapDist":9,"label":1}},{"type":"Feature","geometry":{"type":"Point","coordinates":[19.979036,50.023867]},"properties":{"name":"Bieżanowska","lines":"204, 224, 904","arr":["204","224","904"],"terminus":0,"mode":"bus","color":"#0059a9","colorDark":"#00294f","angle":311.6,"snapDist":7,"label":1}},{"type":"Feature","geometry":{"type":"Point","coordinates":[19.977388,50.018551]},"properties":{"name":"Dauna","lines":"204, 224, 904","arr":["204","224","904"],"terminus":0,"mode":"bus","color":"#0059a9","colorDark":"#00294f","angle":268.7,"snapDist":7,"label":1}},{"type":"Feature","geometry":{"type":"Point","coordinates":[19.943724,50.005712]},"properties":{"name":"Myślenicka","lines":"204, 610","arr":["204","610"],"terminus":0,"mode":"bus","color":"#0059a9","colorDark":"#00294f","angle":357.4,"snapDist":6,"label":0}},{"type":"Feature","geometry":{"type":"Point","coordinates":[19.930705,50.007476]},"properties":{"name":"Jugowicka","lines":"204, 610","arr":["204","610"],"terminus":0,"mode":"bus","color":"#0059a9","colorDark":"#00294f","angle":5.6,"snapDist":4,"label":1}},{"type":"Feature","geometry":{"type":"Point","coordinates":[19.926697,50.011673]},"properties":{"name":"Borek Fałęcki","lines":"204","arr":["204"],"terminus":0,"mode":"bus","color":"#0059a9","colorDark":"#00294f","angle":19.7,"snapDist":5,"label":0}},{"type":"Feature","geometry":{"type":"Point","coordinates":[19.925572,50.007146]},"properties":{"name":"Góra Borkowska","lines":"204, 610","arr":["204","610"],"terminus":0,"mode":"bus","color":"#0059a9","colorDark":"#00294f","angle":136.2,"snapDist":10,"label":0}},{"type":"Feature","geometry":{"type":"Point","coordinates":[19.930285,50.007498]},"properties":{"name":"Jugowicka","lines":"204, 610","arr":["204","610"],"terminus":0,"mode":"bus","color":"#0059a9","colorDark":"#00294f","angle":185.2,"snapDist":4,"label":0}},{"type":"Feature","geometry":{"type":"Point","coordinates":[19.97175,50.015366]},"properties":{"name":"Piaski Nowe","lines":"204, 224, 904","arr":["204","224","904"],"terminus":0,"mode":"bus","color":"#0059a9","colorDark":"#00294f","angle":161.1,"snapDist":7,"label":0}},{"type":"Feature","geometry":{"type":"Point","coordinates":[19.977657,50.019298]},"properties":{"name":"Dauna","lines":"204, 224, 904","arr":["204","224","904"],"terminus":0,"mode":"bus","color":"#0059a9","colorDark":"#00294f","angle":87.7,"snapDist":7,"label":0}},{"type":"Feature","geometry":{"type":"Point","coordinates":[20.018266,50.005812]},"properties":{"name":"Węzeł Wielicki","lines":"204, 224, 244, 274, 904","arr":["204","224","244","274","904"],"terminus":0,"mode":"bus","color":"#0059a9","colorDark":"#00294f","angle":214.6,"snapDist":7,"label":0}},{"type":"Feature","geometry":{"type":"Point","coordinates":[20.028783,49.998885]},"properties":{"name":"Wielicka Granica Miasta","lines":"204, 274, 301, 904","arr":["204","274","301","904"],"terminus":0,"mode":"bus","color":"#0059a9","colorDark":"#00294f","angle":233.1,"snapDist":6,"label":0}},{"type":"Feature","geometry":{"type":"Point","coordinates":[20.043036,49.993046]},"properties":{"name":"Wieliczka Os. Kościuszki","lines":"204, 274, 301, 304, 904","arr":["204","274","301","304","904"],"terminus":0,"mode":"bus","color":"#0059a9","colorDark":"#00294f","angle":213,"snapDist":6,"label":0}},{"type":"Feature","geometry":{"type":"Point","coordinates":[20.053617,49.988716]},"properties":{"name":"Wieliczka Klasztor","lines":"204, 301, 904","arr":["204","301","904"],"terminus":0,"mode":"bus","color":"#0059a9","colorDark":"#00294f","angle":213.2,"snapDist":7,"label":0}},{"type":"Feature","geometry":{"type":"Point","coordinates":[20.064267,49.987337]},"properties":{"name":"Wieliczka Cmentarz","lines":"204, 224, 301, 904","arr":["204","224","301","904"],"terminus":0,"mode":"bus","color":"#0059a9","colorDark":"#00294f","angle":183.8,"snapDist":7,"label":0}},{"type":"Feature","geometry":{"type":"Point","coordinates":[19.910909,50.141]},"properties":{"name":"Trojanowice Pętla","lines":"207","arr":["207"],"terminus":1,"mode":"bus","color":"#0059a9","colorDark":"#00294f","angle":59.2,"snapDist":5,"label":1}},{"type":"Feature","geometry":{"type":"Point","coordinates":[19.913005,50.137315]},"properties":{"name":"Trojanowice Krakowska","lines":"207","arr":["207"],"terminus":0,"mode":"bus","color":"#0059a9","colorDark":"#00294f","angle":279.8,"snapDist":3,"label":1}},{"type":"Feature","geometry":{"type":"Point","coordinates":[19.917067,50.129357]},"properties":{"name":"Zielonki Rozjazd","lines":"207, 227, 267, 337, 937","arr":["207","227","267","337","937"],"terminus":0,"mode":"bus","color":"#0059a9","colorDark":"#00294f","angle":233.3,"snapDist":7,"label":1}},{"type":"Feature","geometry":{"type":"Point","coordinates":[19.920335,50.12383]},"properties":{"name":"Zielonki Transformator","lines":"207, 227, 267, 337, 937","arr":["207","227","267","337","937"],"terminus":0,"mode":"bus","color":"#0059a9","colorDark":"#00294f","angle":260.5,"snapDist":7,"label":1}},{"type":"Feature","geometry":{"type":"Point","coordinates":[19.921087,50.118186]},"properties":{"name":"Zielonki Urząd Gminy","lines":"207, 227, 267, 337, 937","arr":["207","227","267","337","937"],"terminus":0,"mode":"bus","color":"#0059a9","colorDark":"#00294f","angle":282.7,"snapDist":7,"label":1}},{"type":"Feature","geometry":{"type":"Point","coordinates":[19.924084,50.118141]},"properties":{"name":"Zielonki Urząd Gminy","lines":"207","arr":["207"],"terminus":0,"mode":"bus","color":"#0059a9","colorDark":"#00294f","angle":152.9,"snapDist":3,"label":0}},{"type":"Feature","geometry":{"type":"Point","coordinates":[19.93337,50.122666]},"properties":{"name":"Zielonki Galicyjska","lines":"207","arr":["207"],"terminus":0,"mode":"bus","color":"#0059a9","colorDark":"#00294f","angle":138.7,"snapDist":5,"label":1}},{"type":"Feature","geometry":{"type":"Point","coordinates":[19.939523,50.123377]},"properties":{"name":"Zielonki Marszowiec Pętla","lines":"207","arr":["207"],"terminus":0,"mode":"bus","color":"#0059a9","colorDark":"#00294f","angle":251,"snapDist":2,"label":0}},{"type":"Feature","geometry":{"type":"Point","coordinates":[19.941409,50.118914]},"properties":{"name":"Os. Marszowiec","lines":"207, 317","arr":["207","317"],"terminus":0,"mode":"bus","color":"#0059a9","colorDark":"#00294f","angle":261.6,"snapDist":3,"label":1}},{"type":"Feature","geometry":{"type":"Point","coordinates":[19.943116,50.108543]},"properties":{"name":"Witkowice","lines":"207, 317","arr":["207","317"],"terminus":0,"mode":"bus","color":"#0059a9","colorDark":"#00294f","angle":283.6,"snapDist":3,"label":1}},{"type":"Feature","geometry":{"type":"Point","coordinates":[19.944534,50.104927]},"properties":{"name":"Os. Witkowice Nowe","lines":"207, 317","arr":["207","317"],"terminus":0,"mode":"bus","color":"#0059a9","colorDark":"#00294f","angle":232,"snapDist":3,"label":1}},{"type":"Feature","geometry":{"type":"Point","coordinates":[19.946055,50.10243]},"properties":{"name":"Dożynkowa","lines":"207, 317","arr":["207","317"],"terminus":0,"mode":"bus","color":"#0059a9","colorDark":"#00294f","angle":251,"snapDist":3,"label":1}},{"type":"Feature","geometry":{"type":"Point","coordinates":[19.947415,50.098951]},"properties":{"name":"Siewna","lines":"207","arr":["207"],"terminus":0,"mode":"bus","color":"#0059a9","colorDark":"#00294f","angle":266.8,"snapDist":2,"label":1}},{"type":"Feature","geometry":{"type":"Point","coordinates":[19.947151,50.09648]},"properties":{"name":"Siewna Wiadukt","lines":"207","arr":["207"],"terminus":0,"mode":"bus","color":"#0059a9","colorDark":"#00294f","angle":102.6,"snapDist":5,"label":0}},{"type":"Feature","geometry":{"type":"Point","coordinates":[19.94727,50.099955]},"properties":{"name":"Siewna","lines":"207, 317","arr":["207","317"],"terminus":0,"mode":"bus","color":"#0059a9","colorDark":"#00294f","angle":80.4,"snapDist":4,"label":0}},{"type":"Feature","geometry":{"type":"Point","coordinates":[19.945985,50.10256]},"properties":{"name":"Dożynkowa","lines":"207, 317","arr":["207","317"],"terminus":0,"mode":"bus","color":"#0059a9","colorDark":"#00294f","angle":71.7,"snapDist":3,"label":0}},{"type":"Feature","geometry":{"type":"Point","coordinates":[19.943965,50.105392]},"properties":{"name":"Os. Witkowice Nowe","lines":"207, 317","arr":["207","317"],"terminus":0,"mode":"bus","color":"#0059a9","colorDark":"#00294f","angle":51.8,"snapDist":3,"label":0}},{"type":"Feature","geometry":{"type":"Point","coordinates":[19.943195,50.108755]},"properties":{"name":"Witkowice","lines":"207, 317","arr":["207","317"],"terminus":0,"mode":"bus","color":"#0059a9","colorDark":"#00294f","angle":103.6,"snapDist":3,"label":0}},{"type":"Feature","geometry":{"type":"Point","coordinates":[19.941547,50.118425]},"properties":{"name":"Os. Marszowiec","lines":"207, 317","arr":["207","317"],"terminus":0,"mode":"bus","color":"#0059a9","colorDark":"#00294f","angle":78.9,"snapDist":3,"label":0}},{"type":"Feature","geometry":{"type":"Point","coordinates":[19.939179,50.124021]},"properties":{"name":"Zielonki Marszowiec Pętla","lines":"207","arr":["207"],"terminus":0,"mode":"bus","color":"#0059a9","colorDark":"#00294f","angle":70.8,"snapDist":3,"label":0}},{"type":"Feature","geometry":{"type":"Point","coordinates":[19.932394,50.12212]},"properties":{"name":"Zielonki Galicyjska","lines":"207","arr":["207"],"terminus":0,"mode":"bus","color":"#0059a9","colorDark":"#00294f","angle":319.1,"snapDist":6,"label":0}},{"type":"Feature","geometry":{"type":"Point","coordinates":[19.92224,50.117977]},"properties":{"name":"Zielonki Urząd Gminy","lines":"207","arr":["207"],"terminus":0,"mode":"bus","color":"#0059a9","colorDark":"#00294f","angle":0,"snapDist":4,"label":0}},{"type":"Feature","geometry":{"type":"Point","coordinates":[19.921185,50.118464]},"properties":{"name":"Zielonki Urząd Gminy","lines":"207, 227, 267, 337, 937","arr":["207","227","267","337","937"],"terminus":0,"mode":"bus","color":"#0059a9","colorDark":"#00294f","angle":103.1,"snapDist":7,"label":0}},{"type":"Feature","geometry":{"type":"Point","coordinates":[19.920314,50.123911]},"properties":{"name":"Zielonki Transformator","lines":"207, 227, 267, 337, 937","arr":["207","227","267","337","937"],"terminus":0,"mode":"bus","color":"#0059a9","colorDark":"#00294f","angle":80.5,"snapDist":6,"label":0}},{"type":"Feature","geometry":{"type":"Point","coordinates":[19.916995,50.129418]},"properties":{"name":"Zielonki Rozjazd","lines":"207, 227, 267, 337, 937","arr":["207","227","267","337","937"],"terminus":0,"mode":"bus","color":"#0059a9","colorDark":"#00294f","angle":53.3,"snapDist":4,"label":0}},{"type":"Feature","geometry":{"type":"Point","coordinates":[19.912928,50.137024]},"properties":{"name":"Trojanowice Krakowska","lines":"207","arr":["207"],"terminus":0,"mode":"bus","color":"#0059a9","colorDark":"#00294f","angle":99.6,"snapDist":2,"label":0}},{"type":"Feature","geometry":{"type":"Point","coordinates":[19.916671,50.053074]},"properties":{"name":"Salwator","lines":"209, 229, 269","arr":["209","229","269"],"terminus":1,"mode":"bus","color":"#0059a9","colorDark":"#00294f","angle":319.6,"snapDist":7,"label":1}},{"type":"Feature","geometry":{"type":"Point","coordinates":[19.90872,50.051485]},"properties":{"name":"Białe Wzgórze","lines":"209, 229, 239, 249, 259, 269, 279, 609","arr":["209","229","239","249","259","269","279","609"],"terminus":0,"mode":"bus","color":"#0059a9","colorDark":"#00294f","angle":330.1,"snapDist":6,"label":1}},{"type":"Feature","geometry":{"type":"Point","coordinates":[19.808161,50.043242]},"properties":{"name":"Bielany Obwodnica","lines":"209, 219, 229, 239, 269, 279","arr":["209","219","229","239","269","279"],"terminus":0,"mode":"bus","color":"#0059a9","colorDark":"#00294f","angle":8.9,"snapDist":9,"label":1}},{"type":"Feature","geometry":{"type":"Point","coordinates":[19.798021,50.04364]},"properties":{"name":"Kryspinów Rondo","lines":"209, 269","arr":["209","269"],"terminus":0,"mode":"bus","color":"#0059a9","colorDark":"#00294f","angle":98,"snapDist":8,"label":1}},{"type":"Feature","geometry":{"type":"Point","coordinates":[19.799499,50.04971]},"properties":{"name":"Budzyń Zalew na Piaskach","lines":"209","arr":["209"],"terminus":0,"mode":"bus","color":"#0059a9","colorDark":"#00294f","angle":99.2,"snapDist":7,"label":1}},{"type":"Feature","geometry":{"type":"Point","coordinates":[19.803921,50.062965]},"properties":{"name":"Balice Olszanica Bory","lines":"209","arr":["209"],"terminus":0,"mode":"bus","color":"#0059a9","colorDark":"#00294f","angle":73.5,"snapDist":10,"label":1}},{"type":"Feature","geometry":{"type":"Point","coordinates":[19.800034,50.070554]},"properties":{"name":"Kraków Airport","lines":"209","arr":["209"],"terminus":0,"mode":"bus","color":"#0059a9","colorDark":"#00294f","angle":80.2,"snapDist":4,"label":0}},{"type":"Feature","geometry":{"type":"Point","coordinates":[19.808023,50.076639]},"properties":{"name":"Balice Na Lotnisko","lines":"209","arr":["209"],"terminus":0,"mode":"bus","color":"#0059a9","colorDark":"#00294f","angle":106.6,"snapDist":7,"label":1}},{"type":"Feature","geometry":{"type":"Point","coordinates":[19.804195,50.084878]},"properties":{"name":"Balice Autostrada","lines":"209, 218, 228, 258, 298, 918","arr":["209","218","228","258","298","918"],"terminus":0,"mode":"bus","color":"#0059a9","colorDark":"#00294f","angle":354.8,"snapDist":4,"label":1}},{"type":"Feature","geometry":{"type":"Point","coordinates":[19.793954,50.084816]},"properties":{"name":"Balice Szkoła","lines":"209, 218, 228, 258, 298, 918","arr":["209","218","228","258","298","918"],"terminus":0,"mode":"bus","color":"#0059a9","colorDark":"#00294f","angle":346.3,"snapDist":7,"label":1}},{"type":"Feature","geometry":{"type":"Point","coordinates":[19.788942,50.083805]},"properties":{"name":"Balice Instytut Zootechniki","lines":"209, 228, 258, 298","arr":["209","228","258","298"],"terminus":0,"mode":"bus","color":"#0059a9","colorDark":"#00294f","angle":5.3,"snapDist":6,"label":1}},{"type":"Feature","geometry":{"type":"Point","coordinates":[19.782751,50.083377]},"properties":{"name":"Balice Krakowska","lines":"209, 228, 258, 298","arr":["209","228","258","298"],"terminus":0,"mode":"bus","color":"#0059a9","colorDark":"#00294f","angle":347.7,"snapDist":4,"label":1}},{"type":"Feature","geometry":{"type":"Point","coordinates":[19.775966,50.082502]},"properties":{"name":"Balice Winna Góra","lines":"209, 228, 258, 298","arr":["209","228","258","298"],"terminus":0,"mode":"bus","color":"#0059a9","colorDark":"#00294f","angle":348.1,"snapDist":5,"label":1}},{"type":"Feature","geometry":{"type":"Point","coordinates":[19.769279,50.081638]},"properties":{"name":"Aleksandrowice Osiedle","lines":"209, 228, 258, 298","arr":["209","228","258","298"],"terminus":0,"mode":"bus","color":"#0059a9","colorDark":"#00294f","angle":349.1,"snapDist":7,"label":1}},{"type":"Feature","geometry":{"type":"Point","coordinates":[19.763989,50.08122]},"properties":{"name":"Aleksandrowice Centrum","lines":"209, 228, 258, 298","arr":["209","228","258","298"],"terminus":0,"mode":"bus","color":"#0059a9","colorDark":"#00294f","angle":0.8,"snapDist":3,"label":1}},{"type":"Feature","geometry":{"type":"Point","coordinates":[19.756055,50.080325]},"properties":{"name":"Morawica Szkoła","lines":"209, 228, 258, 298","arr":["209","228","258","298"],"terminus":0,"mode":"bus","color":"#0059a9","colorDark":"#00294f","angle":352,"snapDist":3,"label":1}},{"type":"Feature","geometry":{"type":"Point","coordinates":[19.749718,50.080467]},"properties":{"name":"Morawica Krzyżówka","lines":"209, 228","arr":["209","228"],"terminus":0,"mode":"bus","color":"#0059a9","colorDark":"#00294f","angle":275.2,"snapDist":4,"label":1}},{"type":"Feature","geometry":{"type":"Point","coordinates":[19.7511,50.07432]},"properties":{"name":"Morawica Centrum","lines":"209","arr":["209"],"terminus":0,"mode":"bus","color":"#0059a9","colorDark":"#00294f","angle":302.6,"snapDist":4,"label":1}},{"type":"Feature","geometry":{"type":"Point","coordinates":[19.747765,50.070344]},"properties":{"name":"Morawica Rudki","lines":"209","arr":["209"],"terminus":0,"mode":"bus","color":"#0059a9","colorDark":"#00294f","angle":281.3,"snapDist":3,"label":1}},{"type":"Feature","geometry":{"type":"Point","coordinates":[19.737436,50.064375]},"properties":{"name":"Mników Granica","lines":"209","arr":["209"],"terminus":0,"mode":"bus","color":"#0059a9","colorDark":"#00294f","angle":326.6,"snapDist":3,"label":1}},{"type":"Feature","geometry":{"type":"Point","coordinates":[19.727876,50.060466]},"properties":{"name":"Mników Sklep","lines":"209","arr":["209"],"terminus":0,"mode":"bus","color":"#0059a9","colorDark":"#00294f","angle":324.7,"snapDist":3,"label":1}},{"type":"Feature","geometry":{"type":"Point","coordinates":[19.722228,50.059918]},"properties":{"name":"Mników Remiza","lines":"209, 269","arr":["209","269"],"terminus":0,"mode":"bus","color":"#0059a9","colorDark":"#00294f","angle":350.3,"snapDist":4,"label":1}},{"type":"Feature","geometry":{"type":"Point","coordinates":[19.721082,50.063445]},"properties":{"name":"Mników Pańska Góra","lines":"209","arr":["209"],"terminus":0,"mode":"bus","color":"#0059a9","colorDark":"#00294f","angle":126.9,"snapDist":3,"label":1}},{"type":"Feature","geometry":{"type":"Point","coordinates":[19.718657,50.066308]},"properties":{"name":"Mników Zarynnie","lines":"209","arr":["209"],"terminus":0,"mode":"bus","color":"#0059a9","colorDark":"#00294f","angle":15.1,"snapDist":4,"label":1}},{"type":"Feature","geometry":{"type":"Point","coordinates":[19.707349,50.068851]},"properties":{"name":"Mników Skały","lines":"209","arr":["209"],"terminus":1,"mode":"bus","color":"#0059a9","colorDark":"#00294f","angle":305.8,"snapDist":1,"label":1}},{"type":"Feature","geometry":{"type":"Point","coordinates":[19.719223,50.066214]},"properties":{"name":"Mników Zarynnie","lines":"209","arr":["209"],"terminus":0,"mode":"bus","color":"#0059a9","colorDark":"#00294f","angle":193.6,"snapDist":4,"label":0}},{"type":"Feature","geometry":{"type":"Point","coordinates":[19.7208,50.062742]},"properties":{"name":"Mników Pańska Góra","lines":"209","arr":["209"],"terminus":0,"mode":"bus","color":"#0059a9","colorDark":"#00294f","angle":264.6,"snapDist":2,"label":0}},{"type":"Feature","geometry":{"type":"Point","coordinates":[19.721933,50.059886]},"properties":{"name":"Mników Remiza","lines":"209, 269","arr":["209","269"],"terminus":0,"mode":"bus","color":"#0059a9","colorDark":"#00294f","angle":170.1,"snapDist":3,"label":0}},{"type":"Feature","geometry":{"type":"Point","coordinates":[19.729041,50.060996]},"properties":{"name":"Mników Sklep","lines":"209","arr":["209"],"terminus":0,"mode":"bus","color":"#0059a9","colorDark":"#00294f","angle":143.8,"snapDist":4,"label":0}},{"type":"Feature","geometry":{"type":"Point","coordinates":[19.737723,50.064497]},"properties":{"name":"Mników Granica","lines":"209","arr":["209"],"terminus":0,"mode":"bus","color":"#0059a9","colorDark":"#00294f","angle":146.6,"snapDist":4,"label":0}},{"type":"Feature","geometry":{"type":"Point","coordinates":[19.747691,50.070085]},"properties":{"name":"Morawica Rudki","lines":"209","arr":["209"],"terminus":0,"mode":"bus","color":"#0059a9","colorDark":"#00294f","angle":99.4,"snapDist":4,"label":0}},{"type":"Feature","geometry":{"type":"Point","coordinates":[19.753279,50.075181]},"properties":{"name":"Morawica Centrum","lines":"209, 228","arr":["209","228"],"terminus":0,"mode":"bus","color":"#0059a9","colorDark":"#00294f","angle":102.9,"snapDist":5,"label":0}},{"type":"Feature","geometry":{"type":"Point","coordinates":[19.750079,50.080635]},"properties":{"name":"Morawica Krzyżówka","lines":"209, 228","arr":["209","228"],"terminus":0,"mode":"bus","color":"#0059a9","colorDark":"#00294f","angle":205.9,"snapDist":3,"label":0}},{"type":"Feature","geometry":{"type":"Point","coordinates":[19.755022,50.080193]},"properties":{"name":"Morawica Szkoła","lines":"209, 228, 298","arr":["209","228","298"],"terminus":0,"mode":"bus","color":"#0059a9","colorDark":"#00294f","angle":167.3,"snapDist":3,"label":0}},{"type":"Feature","geometry":{"type":"Point","coordinates":[19.764031,50.08122]},"properties":{"name":"Aleksandrowice Centrum","lines":"209, 228, 298","arr":["209","228","298"],"terminus":0,"mode":"bus","color":"#0059a9","colorDark":"#00294f","angle":180.8,"snapDist":4,"label":0}},{"type":"Feature","geometry":{"type":"Point","coordinates":[19.769144,50.081622]},"properties":{"name":"Aleksandrowice Osiedle","lines":"209, 228, 298","arr":["209","228","298"],"terminus":0,"mode":"bus","color":"#0059a9","colorDark":"#00294f","angle":169.1,"snapDist":6,"label":0}},{"type":"Feature","geometry":{"type":"Point","coordinates":[19.777372,50.082685]},"properties":{"name":"Balice Winna Góra","lines":"209, 228, 298","arr":["209","228","298"],"terminus":0,"mode":"bus","color":"#0059a9","colorDark":"#00294f","angle":168.8,"snapDist":3,"label":0}},{"type":"Feature","geometry":{"type":"Point","coordinates":[19.783373,50.083464]},"properties":{"name":"Balice Krakowska","lines":"209, 228, 298","arr":["209","228","298"],"terminus":0,"mode":"bus","color":"#0059a9","colorDark":"#00294f","angle":169.9,"snapDist":3,"label":0}},{"type":"Feature","geometry":{"type":"Point","coordinates":[19.790309,50.083732]},"properties":{"name":"Balice Szkoła","lines":"209, 218, 228, 298, 918","arr":["209","218","228","298","918"],"terminus":0,"mode":"bus","color":"#0059a9","colorDark":"#00294f","angle":179,"snapDist":6,"label":1}},{"type":"Feature","geometry":{"type":"Point","coordinates":[19.807239,50.084308]},"properties":{"name":"Balice Autostrada","lines":"209","arr":["209"],"terminus":0,"mode":"bus","color":"#0059a9","colorDark":"#00294f","angle":257.7,"snapDist":9,"label":1}},{"type":"Feature","geometry":{"type":"Point","coordinates":[19.800201,50.071563]},"properties":{"name":"Kraków Airport","lines":"209, 300, 902","arr":["209","300","902"],"terminus":1,"mode":"bus","color":"#0059a9","colorDark":"#00294f","angle":348.8,"snapDist":8,"label":1}},{"type":"Feature","geometry":{"type":"Point","coordinates":[19.800994,50.068201]},"properties":{"name":"Balice Medweckiego","lines":"209, 902","arr":["209","902"],"terminus":0,"mode":"bus","color":"#0059a9","colorDark":"#00294f","angle":249,"snapDist":6,"label":1}},{"type":"Feature","geometry":{"type":"Point","coordinates":[19.804028,50.061678]},"properties":{"name":"Balice Olszanica Bory","lines":"209","arr":["209"],"terminus":0,"mode":"bus","color":"#0059a9","colorDark":"#00294f","angle":279.6,"snapDist":8,"label":0}},{"type":"Feature","geometry":{"type":"Point","coordinates":[19.799295,50.049231]},"properties":{"name":"Budzyń Zalew na Piaskach","lines":"209","arr":["209"],"terminus":0,"mode":"bus","color":"#0059a9","colorDark":"#00294f","angle":285.7,"snapDist":8,"label":0}},{"type":"Feature","geometry":{"type":"Point","coordinates":[19.798339,50.041707]},"properties":{"name":"Kryspinów Rondo","lines":"209, 219, 229, 239, 269, 279","arr":["209","219","229","239","269","279"],"terminus":0,"mode":"bus","color":"#0059a9","colorDark":"#00294f","angle":208,"snapDist":6,"label":0}},{"type":"Feature","geometry":{"type":"Point","coordinates":[19.903639,50.048752]},"properties":{"name":"Malczewskiego","lines":"209, 229, 239, 249, 259, 269, 279, 609","arr":["209","229","239","249","259","269","279","609"],"terminus":0,"mode":"bus","color":"#0059a9","colorDark":"#00294f","angle":254.5,"snapDist":5,"label":0}},{"type":"Feature","geometry":{"type":"Point","coordinates":[19.908939,50.051566]},"properties":{"name":"Białe Wzgórze","lines":"209, 229, 239, 249, 259, 269, 279, 609","arr":["209","229","239","249","259","269","279","609"],"terminus":0,"mode":"bus","color":"#0059a9","colorDark":"#00294f","angle":150.1,"snapDist":6,"label":0}},{"type":"Feature","geometry":{"type":"Point","coordinates":[19.915192,50.052763]},"properties":{"name":"Salwator","lines":"209, 229, 269, 609","arr":["209","229","269","609"],"terminus":0,"mode":"bus","color":"#0059a9","colorDark":"#00294f","angle":174.6,"snapDist":6,"label":0}},{"type":"Feature","geometry":{"type":"Point","coordinates":[19.840837,50.114289]},"properties":{"name":"Modlniczka Centrum Logistyczne","lines":"210","arr":["210"],"terminus":1,"mode":"bus","color":"#0059a9","colorDark":"#00294f","angle":24.8,"snapDist":4,"label":1}},{"type":"Feature","geometry":{"type":"Point","coordinates":[19.854431,50.119909]},"properties":{"name":"Modlniczka Dworska","lines":"210","arr":["210"],"terminus":0,"mode":"bus","color":"#0059a9","colorDark":"#00294f","angle":187.2,"snapDist":5,"label":1}},{"type":"Feature","geometry":{"type":"Point","coordinates":[19.857115,50.11516]},"properties":{"name":"Modlniczka Willowa","lines":"210, 230, 910","arr":["210","230","910"],"terminus":0,"mode":"bus","color":"#0059a9","colorDark":"#00294f","angle":238.9,"snapDist":2,"label":1}},{"type":"Feature","geometry":{"type":"Point","coordinates":[19.868382,50.115321]},"properties":{"name":"Modlniczka Poligon","lines":"210, 230, 910","arr":["210","230","910"],"terminus":0,"mode":"bus","color":"#0059a9","colorDark":"#00294f","angle":182.4,"snapDist":3,"label":1}},{"type":"Feature","geometry":{"type":"Point","coordinates":[19.873538,50.112078]},"properties":{"name":"Modlnica Podchruście","lines":"210, 230, 310, 910","arr":["210","230","310","910"],"terminus":0,"mode":"bus","color":"#0059a9","colorDark":"#00294f","angle":235.1,"snapDist":9,"label":1}},{"type":"Feature","geometry":{"type":"Point","coordinates":[19.872562,50.113292]},"properties":{"name":"Modlnica Podchruście","lines":"210, 230, 310, 910","arr":["210","230","310","910"],"terminus":0,"mode":"bus","color":"#0059a9","colorDark":"#00294f","angle":55.1,"snapDist":9,"label":0}},{"type":"Feature","geometry":{"type":"Point","coordinates":[19.867809,50.115326]},"properties":{"name":"Modlniczka Poligon","lines":"210, 230, 910","arr":["210","230","910"],"terminus":0,"mode":"bus","color":"#0059a9","colorDark":"#00294f","angle":353.9,"snapDist":6,"label":0}},{"type":"Feature","geometry":{"type":"Point","coordinates":[19.856915,50.115373]},"properties":{"name":"Modlniczka Willowa","lines":"210, 230, 910","arr":["210","230","910"],"terminus":0,"mode":"bus","color":"#0059a9","colorDark":"#00294f","angle":58.9,"snapDist":4,"label":0}},{"type":"Feature","geometry":{"type":"Point","coordinates":[19.854589,50.119887]},"properties":{"name":"Modlniczka Dworska","lines":"210, 230, 910","arr":["210","230","910"],"terminus":0,"mode":"bus","color":"#0059a9","colorDark":"#00294f","angle":192.3,"snapDist":4,"label":0}},{"type":"Feature","geometry":{"type":"Point","coordinates":[20.212365,50.043853]},"properties":{"name":"Niepołomice Kolejowa","lines":"211","arr":["211"],"terminus":0,"mode":"bus","color":"#0059a9","colorDark":"#00294f","angle":250.1,"snapDist":4,"label":1}},{"type":"Feature","geometry":{"type":"Point","coordinates":[20.216269,50.038465]},"properties":{"name":"Niepołomice Dworzec","lines":"211","arr":["211"],"terminus":0,"mode":"bus","color":"#0059a9","colorDark":"#00294f","angle":224.5,"snapDist":4,"label":0}},{"type":"Feature","geometry":{"type":"Point","coordinates":[20.216401,50.033348]},"properties":{"name":"Niepołomice Rynek","lines":"211, 221, 301","arr":["211","221","301"],"terminus":0,"mode":"bus","color":"#0059a9","colorDark":"#00294f","angle":250.8,"snapDist":6,"label":1}},{"type":"Feature","geometry":{"type":"Point","coordinates":[20.223486,50.040861]},"properties":{"name":"Niepołomice Batorego","lines":"211","arr":["211"],"terminus":0,"mode":"bus","color":"#0059a9","colorDark":"#00294f","angle":160.4,"snapDist":7,"label":1}},{"type":"Feature","geometry":{"type":"Point","coordinates":[20.229806,50.042125]},"properties":{"name":"Niepołomice Grobla","lines":"211","arr":["211"],"terminus":0,"mode":"bus","color":"#0059a9","colorDark":"#00294f","angle":160.1,"snapDist":3,"label":1}},{"type":"Feature","geometry":{"type":"Point","coordinates":[20.240077,50.04368]},"properties":{"name":"Niepołomice Jazy","lines":"211","arr":["211"],"terminus":0,"mode":"bus","color":"#0059a9","colorDark":"#00294f","angle":177.8,"snapDist":6,"label":1}},{"type":"Feature","geometry":{"type":"Point","coordinates":[20.246098,50.046799]},"properties":{"name":"Niepołomice Słoneczna","lines":"211","arr":["211"],"terminus":0,"mode":"bus","color":"#0059a9","colorDark":"#00294f","angle":129.9,"snapDist":7,"label":1}},{"type":"Feature","geometry":{"type":"Point","coordinates":[20.259064,50.053302]},"properties":{"name":"Wola Batorska Ruskie","lines":"211","arr":["211"],"terminus":0,"mode":"bus","color":"#0059a9","colorDark":"#00294f","angle":165.1,"snapDist":7,"label":1}},{"type":"Feature","geometry":{"type":"Point","coordinates":[20.267445,50.052476]},"properties":{"name":"Wola Batorska Żwirownia","lines":"211","arr":["211"],"terminus":0,"mode":"bus","color":"#0059a9","colorDark":"#00294f","angle":190.1,"snapDist":6,"label":1}},{"type":"Feature","geometry":{"type":"Point","coordinates":[20.27714,50.053035]},"properties":{"name":"Wola Batorska Kościół","lines":"211","arr":["211"],"terminus":0,"mode":"bus","color":"#0059a9","colorDark":"#00294f","angle":163.7,"snapDist":8,"label":1}},{"type":"Feature","geometry":{"type":"Point","coordinates":[20.290775,50.052629]},"properties":{"name":"Wola Batorska Cmentarz","lines":"211","arr":["211"],"terminus":0,"mode":"bus","color":"#0059a9","colorDark":"#00294f","angle":183.5,"snapDist":6,"label":1}},{"type":"Feature","geometry":{"type":"Point","coordinates":[20.296699,50.05451]},"properties":{"name":"Wola Batorska Borek","lines":"211","arr":["211"],"terminus":0,"mode":"bus","color":"#0059a9","colorDark":"#00294f","angle":112.7,"snapDist":9,"label":1}},{"type":"Feature","geometry":{"type":"Point","coordinates":[20.298789,50.058847]},"properties":{"name":"Wola Batorska Mikoniowiec","lines":"211","arr":["211"],"terminus":0,"mode":"bus","color":"#0059a9","colorDark":"#00294f","angle":99.9,"snapDist":4,"label":1}},{"type":"Feature","geometry":{"type":"Point","coordinates":[20.302259,50.064359]},"properties":{"name":"Wola Batorska Zamoglice","lines":"211","arr":["211"],"terminus":0,"mode":"bus","color":"#0059a9","colorDark":"#00294f","angle":135.2,"snapDist":6,"label":1}},{"type":"Feature","geometry":{"type":"Point","coordinates":[20.318923,50.067818]},"properties":{"name":"Zabierzów Bocheński Centrum","lines":"211","arr":["211"],"terminus":0,"mode":"bus","color":"#0059a9","colorDark":"#00294f","angle":160.7,"snapDist":8,"label":1}},{"type":"Feature","geometry":{"type":"Point","coordinates":[20.334573,50.070172]},"properties":{"name":"Wola Zabierzowska Chałupki","lines":"211","arr":["211"],"terminus":0,"mode":"bus","color":"#0059a9","colorDark":"#00294f","angle":158.9,"snapDist":7,"label":1}},{"type":"Feature","geometry":{"type":"Point","coordinates":[20.347462,50.073667]},"properties":{"name":"Chobot Kapliczka","lines":"211","arr":["211"],"terminus":0,"mode":"bus","color":"#0059a9","colorDark":"#00294f","angle":181.1,"snapDist":7,"label":1}},{"type":"Feature","geometry":{"type":"Point","coordinates":[20.352597,50.080185]},"properties":{"name":"Chobot Leśniczówka","lines":"211","arr":["211"],"terminus":1,"mode":"bus","color":"#0059a9","colorDark":"#00294f","angle":21.9,"snapDist":3,"label":1}},{"type":"Feature","geometry":{"type":"Point","coordinates":[20.34555,50.073623]},"properties":{"name":"Chobot Kapliczka","lines":"211","arr":["211"],"terminus":0,"mode":"bus","color":"#0059a9","colorDark":"#00294f","angle":354.4,"snapDist":7,"label":0}},{"type":"Feature","geometry":{"type":"Point","coordinates":[20.332912,50.069969]},"properties":{"name":"Wola Zabierzowska Chałupki","lines":"211","arr":["211"],"terminus":0,"mode":"bus","color":"#0059a9","colorDark":"#00294f","angle":353,"snapDist":7,"label":0}},{"type":"Feature","geometry":{"type":"Point","coordinates":[20.317946,50.067543]},"properties":{"name":"Zabierzów Bocheński Centrum","lines":"211","arr":["211"],"terminus":0,"mode":"bus","color":"#0059a9","colorDark":"#00294f","angle":336,"snapDist":8,"label":0}},{"type":"Feature","geometry":{"type":"Point","coordinates":[20.301536,50.063898]},"properties":{"name":"Wola Batorska Zamoglice","lines":"211","arr":["211"],"terminus":0,"mode":"bus","color":"#0059a9","colorDark":"#00294f","angle":315.2,"snapDist":7,"label":0}},{"type":"Feature","geometry":{"type":"Point","coordinates":[20.298346,50.057607]},"properties":{"name":"Wola Batorska Mikoniowiec","lines":"211","arr":["211"],"terminus":0,"mode":"bus","color":"#0059a9","colorDark":"#00294f","angle":293.3,"snapDist":4,"label":0}},{"type":"Feature","geometry":{"type":"Point","coordinates":[20.295029,50.052816]},"properties":{"name":"Wola Batorska Borek","lines":"211","arr":["211"],"terminus":0,"mode":"bus","color":"#0059a9","colorDark":"#00294f","angle":324.6,"snapDist":6,"label":1}},{"type":"Feature","geometry":{"type":"Point","coordinates":[20.288855,50.052697]},"properties":{"name":"Wola Batorska Cmentarz","lines":"211","arr":["211"],"terminus":0,"mode":"bus","color":"#0059a9","colorDark":"#00294f","angle":2.9,"snapDist":7,"label":0}},{"type":"Feature","geometry":{"type":"Point","coordinates":[20.275965,50.052815]},"properties":{"name":"Wola Batorska Kościół","lines":"211","arr":["211"],"terminus":0,"mode":"bus","color":"#0059a9","colorDark":"#00294f","angle":343.7,"snapDist":6,"label":0}},{"type":"Feature","geometry":{"type":"Point","coordinates":[20.265484,50.052707]},"properties":{"name":"Wola Batorska Żwirownia","lines":"211","arr":["211"],"terminus":0,"mode":"bus","color":"#0059a9","colorDark":"#00294f","angle":9.2,"snapDist":7,"label":0}},{"type":"Feature","geometry":{"type":"Point","coordinates":[20.257532,50.053045]},"properties":{"name":"Wola Batorska Ruskie","lines":"211","arr":["211"],"terminus":0,"mode":"bus","color":"#0059a9","colorDark":"#00294f","angle":345.4,"snapDist":6,"label":0}},{"type":"Feature","geometry":{"type":"Point","coordinates":[20.245517,50.046349]},"properties":{"name":"Niepołomice Słoneczna","lines":"211","arr":["211"],"terminus":0,"mode":"bus","color":"#0059a9","colorDark":"#00294f","angle":309.9,"snapDist":7,"label":0}},{"type":"Feature","geometry":{"type":"Point","coordinates":[20.237233,50.043608]},"properties":{"name":"Niepołomice Jazy","lines":"211","arr":["211"],"terminus":0,"mode":"bus","color":"#0059a9","colorDark":"#00294f","angle":357.7,"snapDist":6,"label":0}},{"type":"Feature","geometry":{"type":"Point","coordinates":[20.22886,50.041906]},"properties":{"name":"Niepołomice Grobla","lines":"211","arr":["211"],"terminus":0,"mode":"bus","color":"#0059a9","colorDark":"#00294f","angle":340.2,"snapDist":6,"label":0}},{"type":"Feature","geometry":{"type":"Point","coordinates":[20.220535,50.0402]},"properties":{"name":"Niepołomice Batorego","lines":"211","arr":["211"],"terminus":0,"mode":"bus","color":"#0059a9","colorDark":"#00294f","angle":331.5,"snapDist":4,"label":1}},{"type":"Feature","geometry":{"type":"Point","coordinates":[20.216423,50.033306]},"properties":{"name":"Niepołomice Rynek","lines":"211","arr":["211"],"terminus":0,"mode":"bus","color":"#0059a9","colorDark":"#00294f","angle":251.6,"snapDist":1,"label":0}},{"type":"Feature","geometry":{"type":"Point","coordinates":[20.215458,50.03904]},"properties":{"name":"Niepołomice Dworzec","lines":"211","arr":["211"],"terminus":0,"mode":"bus","color":"#0059a9","colorDark":"#00294f","angle":53.9,"snapDist":4,"label":0}},{"type":"Feature","geometry":{"type":"Point","coordinates":[20.21205,50.044865]},"properties":{"name":"Niepołomice Kolejowa","lines":"211","arr":["211"],"terminus":0,"mode":"bus","color":"#0059a9","colorDark":"#00294f","angle":109.5,"snapDist":8,"label":0}},{"type":"Feature","geometry":{"type":"Point","coordinates":[20.207381,50.051665]},"properties":{"name":"Wolica Most","lines":"211","arr":["211"],"terminus":0,"mode":"bus","color":"#0059a9","colorDark":"#00294f","angle":34.4,"snapDist":7,"label":0}},{"type":"Feature","geometry":{"type":"Point","coordinates":[20.114249,50.133742]},"properties":{"name":"Kocmyrzów Rondo","lines":"212","arr":["212"],"terminus":0,"mode":"bus","color":"#0059a9","colorDark":"#00294f","angle":245.6,"snapDist":3,"label":1}},{"type":"Feature","geometry":{"type":"Point","coordinates":[20.125941,50.1336]},"properties":{"name":"Kocmyrzów Krzyżówka","lines":"212","arr":["212"],"terminus":0,"mode":"bus","color":"#0059a9","colorDark":"#00294f","angle":213.9,"snapDist":3,"label":1}},{"type":"Feature","geometry":{"type":"Point","coordinates":[20.13016,50.130409]},"properties":{"name":"Kocmyrzów Biblioteka","lines":"212","arr":["212"],"terminus":0,"mode":"bus","color":"#0059a9","colorDark":"#00294f","angle":254.8,"snapDist":4,"label":1}},{"type":"Feature","geometry":{"type":"Point","coordinates":[20.137087,50.129953]},"properties":{"name":"Kocmyrzów Sodfiny","lines":"212","arr":["212"],"terminus":0,"mode":"bus","color":"#0059a9","colorDark":"#00294f","angle":147.6,"snapDist":3,"label":1}},{"type":"Feature","geometry":{"type":"Point","coordinates":[20.144475,50.132185]},"properties":{"name":"Głęboka Kolonia","lines":"212","arr":["212"],"terminus":0,"mode":"bus","color":"#0059a9","colorDark":"#00294f","angle":180.3,"snapDist":4,"label":1}},{"type":"Feature","geometry":{"type":"Point","coordinates":[20.149255,50.133177]},"properties":{"name":"Głęboka Staw","lines":"212","arr":["212"],"terminus":0,"mode":"bus","color":"#0059a9","colorDark":"#00294f","angle":198.7,"snapDist":8,"label":1}},{"type":"Feature","geometry":{"type":"Point","coordinates":[20.154536,50.128101]},"properties":{"name":"Głęboka Zakręt","lines":"212","arr":["212"],"terminus":0,"mode":"bus","color":"#0059a9","colorDark":"#00294f","angle":236.7,"snapDist":2,"label":1}},{"type":"Feature","geometry":{"type":"Point","coordinates":[20.163058,50.128807]},"properties":{"name":"Karniów Błonie","lines":"212","arr":["212"],"terminus":0,"mode":"bus","color":"#0059a9","colorDark":"#00294f","angle":190.5,"snapDist":3,"label":1}},{"type":"Feature","geometry":{"type":"Point","coordinates":[20.171074,50.131478]},"properties":{"name":"Karniów Szkoła","lines":"212","arr":["212"],"terminus":0,"mode":"bus","color":"#0059a9","colorDark":"#00294f","angle":149.7,"snapDist":4,"label":1}},{"type":"Feature","geometry":{"type":"Point","coordinates":[20.188001,50.126996]},"properties":{"name":"Czulice Kościół","lines":"212, 271","arr":["212","271"],"terminus":1,"mode":"bus","color":"#0059a9","colorDark":"#00294f","angle":358.5,"snapDist":4,"label":1}},{"type":"Feature","geometry":{"type":"Point","coordinates":[20.171283,50.131717]},"properties":{"name":"Karniów Szkoła","lines":"212","arr":["212"],"terminus":0,"mode":"bus","color":"#0059a9","colorDark":"#00294f","angle":54,"snapDist":2,"label":0}},{"type":"Feature","geometry":{"type":"Point","coordinates":[20.165164,50.128724]},"properties":{"name":"Karniów Błonie","lines":"212","arr":["212"],"terminus":0,"mode":"bus","color":"#0059a9","colorDark":"#00294f","angle":354.5,"snapDist":3,"label":0}},{"type":"Feature","geometry":{"type":"Point","coordinates":[20.153568,50.129107]},"properties":{"name":"Głęboka Zakręt","lines":"212","arr":["212"],"terminus":0,"mode":"bus","color":"#0059a9","colorDark":"#00294f","angle":58.2,"snapDist":3,"label":0}},{"type":"Feature","geometry":{"type":"Point","coordinates":[20.149234,50.133181]},"properties":{"name":"Głęboka Staw","lines":"212","arr":["212"],"terminus":0,"mode":"bus","color":"#0059a9","colorDark":"#00294f","angle":18.7,"snapDist":6,"label":0}},{"type":"Feature","geometry":{"type":"Point","coordinates":[20.144535,50.132189]},"properties":{"name":"Głęboka Kolonia","lines":"212","arr":["212"],"terminus":0,"mode":"bus","color":"#0059a9","colorDark":"#00294f","angle":354.2,"snapDist":3,"label":0}},{"type":"Feature","geometry":{"type":"Point","coordinates":[20.137521,50.130129]},"properties":{"name":"Kocmyrzów Sodfiny","lines":"212","arr":["212"],"terminus":0,"mode":"bus","color":"#0059a9","colorDark":"#00294f","angle":327.3,"snapDist":3,"label":0}},{"type":"Feature","geometry":{"type":"Point","coordinates":[20.130056,50.130652]},"properties":{"name":"Kocmyrzów Biblioteka","lines":"212","arr":["212"],"terminus":0,"mode":"bus","color":"#0059a9","colorDark":"#00294f","angle":74.4,"snapDist":3,"label":0}},{"type":"Feature","geometry":{"type":"Point","coordinates":[20.126209,50.133483]},"properties":{"name":"Kocmyrzów Krzyżówka","lines":"212","arr":["212"],"terminus":0,"mode":"bus","color":"#0059a9","colorDark":"#00294f","angle":35.8,"snapDist":4,"label":0}},{"type":"Feature","geometry":{"type":"Point","coordinates":[20.11438,50.133451]},"properties":{"name":"Kocmyrzów Rondo","lines":"212","arr":["212"],"terminus":0,"mode":"bus","color":"#0059a9","colorDark":"#00294f","angle":77.3,"snapDist":4,"label":0}},{"type":"Feature","geometry":{"type":"Point","coordinates":[19.99775,49.958517]},"properties":{"name":"Podstolice Centrum","lines":"214","arr":["214"],"terminus":1,"mode":"bus","color":"#0059a9","colorDark":"#00294f","angle":160.5,"snapDist":9,"label":1}},{"type":"Feature","geometry":{"type":"Point","coordinates":[19.999745,49.965052]},"properties":{"name":"Podstolice Zamłynie","lines":"214","arr":["214"],"terminus":0,"mode":"bus","color":"#0059a9","colorDark":"#00294f","angle":93.1,"snapDist":3,"label":1}},{"type":"Feature","geometry":{"type":"Point","coordinates":[20.000585,49.973509]},"properties":{"name":"Grabówki Pętla","lines":"214","arr":["214"],"terminus":0,"mode":"bus","color":"#0059a9","colorDark":"#00294f","angle":123.8,"snapDist":4,"label":1}},{"type":"Feature","geometry":{"type":"Point","coordinates":[19.994839,49.973652]},"properties":{"name":"Golkowice Granica","lines":"214","arr":["214"],"terminus":0,"mode":"bus","color":"#0059a9","colorDark":"#00294f","angle":347.9,"snapDist":3,"label":1}},{"type":"Feature","geometry":{"type":"Point","coordinates":[19.98848,49.972982]},"properties":{"name":"Golkowice Sklep","lines":"214","arr":["214"],"terminus":0,"mode":"bus","color":"#0059a9","colorDark":"#00294f","angle":0.7,"snapDist":2,"label":1}},{"type":"Feature","geometry":{"type":"Point","coordinates":[19.986551,49.97541]},"properties":{"name":"Pod Lipą","lines":"214","arr":["214"],"terminus":0,"mode":"bus","color":"#0059a9","colorDark":"#00294f","angle":79.9,"snapDist":6,"label":1}},{"type":"Feature","geometry":{"type":"Point","coordinates":[19.989774,49.979926]},"properties":{"name":"Soboniowice","lines":"214","arr":["214"],"terminus":0,"mode":"bus","color":"#0059a9","colorDark":"#00294f","angle":101.2,"snapDist":3,"label":0}},{"type":"Feature","geometry":{"type":"Point","coordinates":[19.984099,49.983983]},"properties":{"name":"Malinowskiego","lines":"214","arr":["214"],"terminus":0,"mode":"bus","color":"#0059a9","colorDark":"#00294f","angle":34.9,"snapDist":6,"label":1}},{"type":"Feature","geometry":{"type":"Point","coordinates":[19.978757,49.984997]},"properties":{"name":"Geologów","lines":"214","arr":["214"],"terminus":0,"mode":"bus","color":"#0059a9","colorDark":"#00294f","angle":24.2,"snapDist":4,"label":1}},{"type":"Feature","geometry":{"type":"Point","coordinates":[19.968462,49.987391]},"properties":{"name":"Rajsko","lines":"214","arr":["214"],"terminus":0,"mode":"bus","color":"#0059a9","colorDark":"#00294f","angle":32.2,"snapDist":4,"label":1}},{"type":"Feature","geometry":{"type":"Point","coordinates":[19.962263,49.988368]},"properties":{"name":"Landaua","lines":"214, 254","arr":["214","254"],"terminus":0,"mode":"bus","color":"#0059a9","colorDark":"#00294f","angle":12.1,"snapDist":6,"label":1}},{"type":"Feature","geometry":{"type":"Point","coordinates":[19.95622,49.988998]},"properties":{"name":"Fort Swoszowice","lines":"214, 254","arr":["214","254"],"terminus":0,"mode":"bus","color":"#0059a9","colorDark":"#00294f","angle":17.2,"snapDist":7,"label":1}},{"type":"Feature","geometry":{"type":"Point","coordinates":[19.946406,49.989974]},"properties":{"name":"Sawiczewskich","lines":"214, 254","arr":["214","254"],"terminus":0,"mode":"bus","color":"#0059a9","colorDark":"#00294f","angle":177.5,"snapDist":7,"label":0}},{"type":"Feature","geometry":{"type":"Point","coordinates":[19.955995,49.989043]},"properties":{"name":"Fort Swoszowice","lines":"214, 254","arr":["214","254"],"terminus":0,"mode":"bus","color":"#0059a9","colorDark":"#00294f","angle":196.7,"snapDist":4,"label":0}},{"type":"Feature","geometry":{"type":"Point","coordinates":[19.963767,49.988136]},"properties":{"name":"Landaua","lines":"214","arr":["214"],"terminus":0,"mode":"bus","color":"#0059a9","colorDark":"#00294f","angle":197.2,"snapDist":6,"label":0}},{"type":"Feature","geometry":{"type":"Point","coordinates":[19.969758,49.986525]},"properties":{"name":"Rajsko","lines":"214","arr":["214"],"terminus":0,"mode":"bus","color":"#0059a9","colorDark":"#00294f","angle":227.8,"snapDist":7,"label":0}},{"type":"Feature","geometry":{"type":"Point","coordinates":[19.977625,49.985397]},"properties":{"name":"Geologów","lines":"214","arr":["214"],"terminus":0,"mode":"bus","color":"#0059a9","colorDark":"#00294f","angle":210.6,"snapDist":3,"label":0}},{"type":"Feature","geometry":{"type":"Point","coordinates":[19.983025,49.984258]},"properties":{"name":"Malinowskiego","lines":"214","arr":["214"],"terminus":0,"mode":"bus","color":"#0059a9","colorDark":"#00294f","angle":198.2,"snapDist":8,"label":0}},{"type":"Feature","geometry":{"type":"Point","coordinates":[19.988804,49.979082]},"properties":{"name":"Soboniowice","lines":"214","arr":["214"],"terminus":0,"mode":"bus","color":"#0059a9","colorDark":"#00294f","angle":321.6,"snapDist":4,"label":0}},{"type":"Feature","geometry":{"type":"Point","coordinates":[19.986587,49.975276]},"properties":{"name":"Pod Lipą","lines":"214","arr":["214"],"terminus":0,"mode":"bus","color":"#0059a9","colorDark":"#00294f","angle":259.4,"snapDist":3,"label":0}},{"type":"Feature","geometry":{"type":"Point","coordinates":[19.987651,49.972974]},"properties":{"name":"Golkowice Sklep","lines":"214","arr":["214"],"terminus":0,"mode":"bus","color":"#0059a9","colorDark":"#00294f","angle":178,"snapDist":3,"label":0}},{"type":"Feature","geometry":{"type":"Point","coordinates":[20.000593,49.973767]},"properties":{"name":"Grabówki Pętla","lines":"214","arr":["214"],"terminus":0,"mode":"bus","color":"#0059a9","colorDark":"#00294f","angle":226,"snapDist":4,"label":0}},{"type":"Feature","geometry":{"type":"Point","coordinates":[19.999751,49.964756]},"properties":{"name":"Podstolice Zamłynie","lines":"214","arr":["214"],"terminus":0,"mode":"bus","color":"#0059a9","colorDark":"#00294f","angle":264.9,"snapDist":7,"label":0}},{"type":"Feature","geometry":{"type":"Point","coordinates":[19.999363,49.934869]},"properties":{"name":"Rzeszotary Panciawa Pętla","lines":"215","arr":["215"],"terminus":1,"mode":"bus","color":"#0059a9","colorDark":"#00294f","angle":149.7,"snapDist":2,"label":1}},{"type":"Feature","geometry":{"type":"Point","coordinates":[19.993426,49.932111]},"properties":{"name":"Rzeszotary Panciawa","lines":"215","arr":["215"],"terminus":0,"mode":"bus","color":"#0059a9","colorDark":"#00294f","angle":4.9,"snapDist":3,"label":1}},{"type":"Feature","geometry":{"type":"Point","coordinates":[19.980719,49.931727]},"properties":{"name":"Rzeszotary Zalesie","lines":"215","arr":["215"],"terminus":0,"mode":"bus","color":"#0059a9","colorDark":"#00294f","angle":17.6,"snapDist":3,"label":1}},{"type":"Feature","geometry":{"type":"Point","coordinates":[19.973849,49.931943]},"properties":{"name":"Świątniki Górne Piasna Górka","lines":"215","arr":["215"],"terminus":0,"mode":"bus","color":"#0059a9","colorDark":"#00294f","angle":14.5,"snapDist":3,"label":1}},{"type":"Feature","geometry":{"type":"Point","coordinates":[19.967398,49.934161]},"properties":{"name":"Świątniki Górne Skrzyżowanie","lines":"215, 225, 285","arr":["215","225","285"],"terminus":0,"mode":"bus","color":"#0059a9","colorDark":"#00294f","angle":29.2,"snapDist":8,"label":1}},{"type":"Feature","geometry":{"type":"Point","coordinates":[19.963156,49.935103]},"properties":{"name":"Świątniki Górne Bielowicza Szkoła","lines":"215, 225, 285","arr":["215","225","285"],"terminus":0,"mode":"bus","color":"#0059a9","colorDark":"#00294f","angle":3.4,"snapDist":5,"label":1}},{"type":"Feature","geometry":{"type":"Point","coordinates":[19.953179,49.934179]},"properties":{"name":"Świątniki Górne Centrum","lines":"215, 225, 285","arr":["215","225","285"],"terminus":0,"mode":"bus","color":"#0059a9","colorDark":"#00294f","angle":338.1,"snapDist":4,"label":1}},{"type":"Feature","geometry":{"type":"Point","coordinates":[19.945698,49.934442]},"properties":{"name":"Świątniki Górne Urząd Miasta i Gminy","lines":"215, 285","arr":["215","285"],"terminus":0,"mode":"bus","color":"#0059a9","colorDark":"#00294f","angle":11.8,"snapDist":8,"label":0}},{"type":"Feature","geometry":{"type":"Point","coordinates":[19.942807,49.938716]},"properties":{"name":"Świątniki Górne Krakowska","lines":"215","arr":["215"],"terminus":0,"mode":"bus","color":"#0059a9","colorDark":"#00294f","angle":41.3,"snapDist":4,"label":1}},{"type":"Feature","geometry":{"type":"Point","coordinates":[19.944025,49.942965]},"properties":{"name":"Wrząsowice Zielona","lines":"215","arr":["215"],"terminus":0,"mode":"bus","color":"#0059a9","colorDark":"#00294f","angle":117.2,"snapDist":4,"label":1}},{"type":"Feature","geometry":{"type":"Point","coordinates":[19.947005,49.947778]},"properties":{"name":"Wrząsowice Bonifraterska","lines":"215","arr":["215"],"terminus":0,"mode":"bus","color":"#0059a9","colorDark":"#00294f","angle":113.8,"snapDist":5,"label":1}},{"type":"Feature","geometry":{"type":"Point","coordinates":[19.94637,49.953797]},"properties":{"name":"Wrząsowice Kowaleca","lines":"215","arr":["215"],"terminus":0,"mode":"bus","color":"#0059a9","colorDark":"#00294f","angle":48.2,"snapDist":4,"label":1}},{"type":"Feature","geometry":{"type":"Point","coordinates":[19.946141,49.957447]},"properties":{"name":"Wrząsowice Pileckiego","lines":"215","arr":["215"],"terminus":0,"mode":"bus","color":"#0059a9","colorDark":"#00294f","angle":47.5,"snapDist":4,"label":1}},{"type":"Feature","geometry":{"type":"Point","coordinates":[19.944221,49.960122]},"properties":{"name":"Wrząsowice Centrum","lines":"215","arr":["215"],"terminus":0,"mode":"bus","color":"#0059a9","colorDark":"#00294f","angle":135.4,"snapDist":5,"label":1}},{"type":"Feature","geometry":{"type":"Point","coordinates":[19.945816,49.963673]},"properties":{"name":"Wrząsowice Wrzosowa","lines":"215","arr":["215"],"terminus":0,"mode":"bus","color":"#0059a9","colorDark":"#00294f","angle":75.6,"snapDist":3,"label":1}},{"type":"Feature","geometry":{"type":"Point","coordinates":[19.946064,49.969745]},"properties":{"name":"Wrząsowice Spacerowa","lines":"215","arr":["215"],"terminus":0,"mode":"bus","color":"#0059a9","colorDark":"#00294f","angle":102.3,"snapDist":3,"label":1}},{"type":"Feature","geometry":{"type":"Point","coordinates":[19.947125,49.973236]},"properties":{"name":"Zbydniowice","lines":"215, 225, 254, 915","arr":["215","225","254","915"],"terminus":0,"mode":"bus","color":"#0059a9","colorDark":"#00294f","angle":86.4,"snapDist":7,"label":1}},{"type":"Feature","geometry":{"type":"Point","coordinates":[19.946376,49.97532]},"properties":{"name":"Ukraina","lines":"215, 225, 254, 915","arr":["215","225","254","915"],"terminus":0,"mode":"bus","color":"#0059a9","colorDark":"#00294f","angle":57.7,"snapDist":6,"label":1}},{"type":"Feature","geometry":{"type":"Point","coordinates":[19.944315,49.980601]},"properties":{"name":"Wróblowice","lines":"215, 225, 915","arr":["215","225","915"],"terminus":0,"mode":"bus","color":"#0059a9","colorDark":"#00294f","angle":80.8,"snapDist":6,"label":1}},{"type":"Feature","geometry":{"type":"Point","coordinates":[19.944499,49.984544]},"properties":{"name":"Wróblowice Szkoła","lines":"215, 225, 915","arr":["215","225","915"],"terminus":0,"mode":"bus","color":"#0059a9","colorDark":"#00294f","angle":77.4,"snapDist":3,"label":1}},{"type":"Feature","geometry":{"type":"Point","coordinates":[19.945446,49.989605]},"properties":{"name":"Sawiczewskich","lines":"215, 225, 915","arr":["215","225","915"],"terminus":0,"mode":"bus","color":"#0059a9","colorDark":"#00294f","angle":310.4,"snapDist":4,"label":0}},{"type":"Feature","geometry":{"type":"Point","coordinates":[19.944675,49.983996]},"properties":{"name":"Wróblowice Szkoła","lines":"215, 225, 915","arr":["215","225","915"],"terminus":0,"mode":"bus","color":"#0059a9","colorDark":"#00294f","angle":259.2,"snapDist":3,"label":0}},{"type":"Feature","geometry":{"type":"Point","coordinates":[19.944455,49.979329]},"properties":{"name":"Wróblowice","lines":"215, 225, 254, 915","arr":["215","225","254","915"],"terminus":0,"mode":"bus","color":"#0059a9","colorDark":"#00294f","angle":261.6,"snapDist":7,"label":0}},{"type":"Feature","geometry":{"type":"Point","coordinates":[19.945973,49.975733]},"properties":{"name":"Ukraina","lines":"215, 225, 254, 915","arr":["215","225","254","915"],"terminus":0,"mode":"bus","color":"#0059a9","colorDark":"#00294f","angle":238.3,"snapDist":7,"label":0}},{"type":"Feature","geometry":{"type":"Point","coordinates":[19.947188,49.97241]},"properties":{"name":"Zbydniowice","lines":"215, 225, 915","arr":["215","225","915"],"terminus":0,"mode":"bus","color":"#0059a9","colorDark":"#00294f","angle":270.2,"snapDist":5,"label":0}},{"type":"Feature","geometry":{"type":"Point","coordinates":[19.945963,49.969435]},"properties":{"name":"Wrząsowice Spacerowa","lines":"215, 915","arr":["215","915"],"terminus":0,"mode":"bus","color":"#0059a9","colorDark":"#00294f","angle":280.8,"snapDist":3,"label":0}},{"type":"Feature","geometry":{"type":"Point","coordinates":[19.945911,49.963437]},"properties":{"name":"Wrząsowice Wrzosowa","lines":"215, 915","arr":["215","915"],"terminus":0,"mode":"bus","color":"#0059a9","colorDark":"#00294f","angle":255.7,"snapDist":3,"label":0}},{"type":"Feature","geometry":{"type":"Point","coordinates":[19.944037,49.9599]},"properties":{"name":"Wrząsowice Centrum","lines":"215, 915","arr":["215","915"],"terminus":0,"mode":"bus","color":"#0059a9","colorDark":"#00294f","angle":269.7,"snapDist":4,"label":0}},{"type":"Feature","geometry":{"type":"Point","coordinates":[19.946211,49.957398]},"properties":{"name":"Wrząsowice Pileckiego","lines":"215, 915","arr":["215","915"],"terminus":0,"mode":"bus","color":"#0059a9","colorDark":"#00294f","angle":227.5,"snapDist":3,"label":0}},{"type":"Feature","geometry":{"type":"Point","coordinates":[19.945614,49.954332]},"properties":{"name":"Wrząsowice Kowaleca","lines":"215, 915","arr":["215","915"],"terminus":0,"mode":"bus","color":"#0059a9","colorDark":"#00294f","angle":226.8,"snapDist":5,"label":0}},{"type":"Feature","geometry":{"type":"Point","coordinates":[19.946921,49.948415]},"properties":{"name":"Wrząsowice Bonifraterska","lines":"215, 915","arr":["215","915"],"terminus":0,"mode":"bus","color":"#0059a9","colorDark":"#00294f","angle":258.8,"snapDist":3,"label":0}},{"type":"Feature","geometry":{"type":"Point","coordinates":[19.943496,49.942411]},"properties":{"name":"Wrząsowice Zielona","lines":"215, 915","arr":["215","915"],"terminus":0,"mode":"bus","color":"#0059a9","colorDark":"#00294f","angle":302.6,"snapDist":4,"label":0}},{"type":"Feature","geometry":{"type":"Point","coordinates":[19.943307,49.93843]},"properties":{"name":"Świątniki Górne Krakowska","lines":"215, 915","arr":["215","915"],"terminus":0,"mode":"bus","color":"#0059a9","colorDark":"#00294f","angle":221.7,"snapDist":3,"label":0}},{"type":"Feature","geometry":{"type":"Point","coordinates":[19.946657,49.934314]},"properties":{"name":"Świątniki Górne Urząd Miasta i Gminy","lines":"215, 225, 285, 915","arr":["215","225","285","915"],"terminus":1,"mode":"bus","color":"#0059a9","colorDark":"#00294f","angle":191.1,"snapDist":6,"label":1}},{"type":"Feature","geometry":{"type":"Point","coordinates":[19.954005,49.934391]},"properties":{"name":"Świątniki Górne Centrum","lines":"215, 225, 285, 915","arr":["215","225","285","915"],"terminus":0,"mode":"bus","color":"#0059a9","colorDark":"#00294f","angle":155.1,"snapDist":3,"label":0}},{"type":"Feature","geometry":{"type":"Point","coordinates":[19.962194,49.935139]},"properties":{"name":"Świątniki Górne Bielowicza Szkoła","lines":"215, 225, 285, 915","arr":["215","225","285","915"],"terminus":0,"mode":"bus","color":"#0059a9","colorDark":"#00294f","angle":183.4,"snapDist":4,"label":0}},{"type":"Feature","geometry":{"type":"Point","coordinates":[19.966931,49.934312]},"properties":{"name":"Świątniki Górne Skrzyżowanie","lines":"215, 225, 285, 915","arr":["215","225","285","915"],"terminus":0,"mode":"bus","color":"#0059a9","colorDark":"#00294f","angle":205.2,"snapDist":5,"label":0}},{"type":"Feature","geometry":{"type":"Point","coordinates":[19.973761,49.931958]},"properties":{"name":"Świątniki Górne Piasna Górka","lines":"215","arr":["215"],"terminus":0,"mode":"bus","color":"#0059a9","colorDark":"#00294f","angle":194.5,"snapDist":3,"label":0}},{"type":"Feature","geometry":{"type":"Point","coordinates":[19.98141,49.931578]},"properties":{"name":"Rzeszotary Zalesie","lines":"215","arr":["215"],"terminus":0,"mode":"bus","color":"#0059a9","colorDark":"#00294f","angle":200,"snapDist":2,"label":0}},{"type":"Feature","geometry":{"type":"Point","coordinates":[19.994375,49.932243]},"properties":{"name":"Rzeszotary Panciawa","lines":"215","arr":["215"],"terminus":0,"mode":"bus","color":"#0059a9","colorDark":"#00294f","angle":135.6,"snapDist":4,"label":0}},{"type":"Feature","geometry":{"type":"Point","coordinates":[19.974789,50.128752]},"properties":{"name":"Węgrzce Pętla","lines":"217, 247","arr":["217","247"],"terminus":1,"mode":"bus","color":"#0059a9","colorDark":"#00294f","angle":249.7,"snapDist":4,"label":1}},{"type":"Feature","geometry":{"type":"Point","coordinates":[19.97479,50.125497]},"properties":{"name":"Węgrzce Błonie","lines":"217, 247","arr":["217","247"],"terminus":0,"mode":"bus","color":"#0059a9","colorDark":"#00294f","angle":276,"snapDist":3,"label":1}},{"type":"Feature","geometry":{"type":"Point","coordinates":[19.974578,50.119959]},"properties":{"name":"Węgrzce Centrum","lines":"217, 247, 297","arr":["217","247","297"],"terminus":0,"mode":"bus","color":"#0059a9","colorDark":"#00294f","angle":112.9,"snapDist":2,"label":1}},{"type":"Feature","geometry":{"type":"Point","coordinates":[19.967069,50.119304]},"properties":{"name":"Węgrzce A1","lines":"217, 247, 257, 277, 280, 297, 307, 917","arr":["217","247","257","277","280","297","307","917"],"terminus":0,"mode":"bus","color":"#0059a9","colorDark":"#00294f","angle":274.5,"snapDist":9,"label":1}},{"type":"Feature","geometry":{"type":"Point","coordinates":[19.966321,50.114101]},"properties":{"name":"Węgrzce Starostwo Powiatowe","lines":"217, 247, 257, 277, 280, 297, 307, 917","arr":["217","247","257","277","280","297","307","917"],"terminus":0,"mode":"bus","color":"#0059a9","colorDark":"#00294f","angle":98.9,"snapDist":8,"label":1}},{"type":"Feature","geometry":{"type":"Point","coordinates":[19.965538,50.108543]},"properties":{"name":"Witkowicka","lines":"217, 247, 257, 277, 280, 297, 307, 917","arr":["217","247","257","277","280","297","307","917"],"terminus":0,"mode":"bus","color":"#0059a9","colorDark":"#00294f","angle":275.1,"snapDist":9,"label":1}},{"type":"Feature","geometry":{"type":"Point","coordinates":[19.964986,50.10565]},"properties":{"name":"Górka Narodowa P+R","lines":"217, 247, 257, 277, 280, 297, 307, 917","arr":["217","247","257","277","280","297","307","917"],"terminus":0,"mode":"bus","color":"#0059a9","colorDark":"#00294f","angle":102.3,"snapDist":5,"label":0}},{"type":"Feature","geometry":{"type":"Point","coordinates":[19.965787,50.109085]},"properties":{"name":"Witkowicka","lines":"217, 247, 257, 277, 280, 297, 307, 917","arr":["217","247","257","277","280","297","307","917"],"terminus":0,"mode":"bus","color":"#0059a9","colorDark":"#00294f","angle":95.8,"snapDist":5,"label":0}},{"type":"Feature","geometry":{"type":"Point","coordinates":[19.967007,50.11482]},"properties":{"name":"Węgrzce Starostwo Powiatowe","lines":"217, 247, 257, 277, 280, 297, 307, 917","arr":["217","247","257","277","280","297","307","917"],"terminus":0,"mode":"bus","color":"#0059a9","colorDark":"#00294f","angle":108.2,"snapDist":7,"label":0}},{"type":"Feature","geometry":{"type":"Point","coordinates":[19.967585,50.120042]},"properties":{"name":"Węgrzce A1","lines":"217, 247, 297","arr":["217","247","297"],"terminus":0,"mode":"bus","color":"#0059a9","colorDark":"#00294f","angle":174.7,"snapDist":4,"label":0}},{"type":"Feature","geometry":{"type":"Point","coordinates":[19.97483,50.125949]},"properties":{"name":"Węgrzce Błonie","lines":"217, 247","arr":["217","247"],"terminus":0,"mode":"bus","color":"#0059a9","colorDark":"#00294f","angle":88.8,"snapDist":6,"label":0}},{"type":"Feature","geometry":{"type":"Point","coordinates":[19.80126,50.11952]},"properties":{"name":"Zabierzów Młyn","lines":"218","arr":["218"],"terminus":1,"mode":"bus","color":"#0059a9","colorDark":"#00294f","angle":188.2,"snapDist":6,"label":1}},{"type":"Feature","geometry":{"type":"Point","coordinates":[19.80075,50.117915]},"properties":{"name":"Zabierzów PKP","lines":"218, 248, 948","arr":["218","248","948"],"terminus":0,"mode":"bus","color":"#0059a9","colorDark":"#00294f","angle":295.8,"snapDist":4,"label":1}},{"type":"Feature","geometry":{"type":"Point","coordinates":[19.800075,50.11694]},"properties":{"name":"Zabierzów Rynek","lines":"218, 248, 948","arr":["218","248","948"],"terminus":0,"mode":"bus","color":"#0059a9","colorDark":"#00294f","angle":290.5,"snapDist":6,"label":1}},{"type":"Feature","geometry":{"type":"Point","coordinates":[19.790924,50.115848]},"properties":{"name":"Zabierzów Kamieniołom","lines":"218, 238","arr":["218","238"],"terminus":0,"mode":"bus","color":"#0059a9","colorDark":"#00294f","angle":18,"snapDist":4,"label":1}},{"type":"Feature","geometry":{"type":"Point","coordinates":[19.78278,50.116976]},"properties":{"name":"Zabierzów Piaski","lines":"218, 238","arr":["218","238"],"terminus":0,"mode":"bus","color":"#0059a9","colorDark":"#00294f","angle":0.1,"snapDist":7,"label":1}},{"type":"Feature","geometry":{"type":"Point","coordinates":[19.774816,50.117192]},"properties":{"name":"Zabierzów Ośrodek Zdrowia","lines":"218, 238","arr":["218","238"],"terminus":0,"mode":"bus","color":"#0059a9","colorDark":"#00294f","angle":2.2,"snapDist":8,"label":1}},{"type":"Feature","geometry":{"type":"Point","coordinates":[19.761531,50.116071]},"properties":{"name":"Zabierzów Wrzosowa","lines":"218, 238","arr":["218","238"],"terminus":0,"mode":"bus","color":"#0059a9","colorDark":"#00294f","angle":359.2,"snapDist":7,"label":1}},{"type":"Feature","geometry":{"type":"Point","coordinates":[19.74746,50.114771]},"properties":{"name":"Kochanów Centrum","lines":"218, 238","arr":["218","238"],"terminus":0,"mode":"bus","color":"#0059a9","colorDark":"#00294f","angle":347.9,"snapDist":7,"label":1}},{"type":"Feature","geometry":{"type":"Point","coordinates":[19.748972,50.104905]},"properties":{"name":"Kleszczów Centrum","lines":"218, 918","arr":["218","918"],"terminus":0,"mode":"bus","color":"#0059a9","colorDark":"#00294f","angle":4.2,"snapDist":10,"label":1}},{"type":"Feature","geometry":{"type":"Point","coordinates":[19.752092,50.103309]},"properties":{"name":"Kleszczów Pod Lipką","lines":"218, 918","arr":["218","918"],"terminus":0,"mode":"bus","color":"#0059a9","colorDark":"#00294f","angle":216.9,"snapDist":3,"label":1}},{"type":"Feature","geometry":{"type":"Point","coordinates":[19.76925,50.095182]},"properties":{"name":"Burów Centrum","lines":"218, 918","arr":["218","918"],"terminus":0,"mode":"bus","color":"#0059a9","colorDark":"#00294f","angle":112.3,"snapDist":10,"label":1}},{"type":"Feature","geometry":{"type":"Point","coordinates":[19.774533,50.093469]},"properties":{"name":"Burów Balica","lines":"218, 918","arr":["218","918"],"terminus":0,"mode":"bus","color":"#0059a9","colorDark":"#00294f","angle":218.5,"snapDist":3,"label":1}},{"type":"Feature","geometry":{"type":"Point","coordinates":[19.782748,50.090586]},"properties":{"name":"Balice Grzybów","lines":"218, 918","arr":["218","918"],"terminus":0,"mode":"bus","color":"#0059a9","colorDark":"#00294f","angle":203.6,"snapDist":3,"label":1}},{"type":"Feature","geometry":{"type":"Point","coordinates":[19.786697,50.089905]},"properties":{"name":"Balice Leśna","lines":"218, 918","arr":["218","918"],"terminus":0,"mode":"bus","color":"#0059a9","colorDark":"#00294f","angle":177.4,"snapDist":4,"label":1}},{"type":"Feature","geometry":{"type":"Point","coordinates":[19.791198,50.086698]},"properties":{"name":"Balice Remiza","lines":"218, 918","arr":["218","918"],"terminus":0,"mode":"bus","color":"#0059a9","colorDark":"#00294f","angle":223.5,"snapDist":3,"label":1}},{"type":"Feature","geometry":{"type":"Point","coordinates":[19.809067,50.086468]},"properties":{"name":"Szczyglice Błonie","lines":"218, 228, 918","arr":["218","228","918"],"terminus":0,"mode":"bus","color":"#0059a9","colorDark":"#00294f","angle":87.9,"snapDist":7,"label":1}},{"type":"Feature","geometry":{"type":"Point","coordinates":[19.804612,50.093338]},"properties":{"name":"Szczyglice Skrzyżowanie","lines":"218, 228, 918","arr":["218","228","918"],"terminus":0,"mode":"bus","color":"#0059a9","colorDark":"#00294f","angle":195.4,"snapDist":3,"label":1}},{"type":"Feature","geometry":{"type":"Point","coordinates":[19.80808,50.0937]},"properties":{"name":"Szczyglice Dom Kultury","lines":"218, 228, 918","arr":["218","228","918"],"terminus":0,"mode":"bus","color":"#0059a9","colorDark":"#00294f","angle":123.9,"snapDist":6,"label":1}},{"type":"Feature","geometry":{"type":"Point","coordinates":[19.815635,50.092924]},"properties":{"name":"Szczyglice Autostrada","lines":"218, 228, 918","arr":["218","228","918"],"terminus":0,"mode":"bus","color":"#0059a9","colorDark":"#00294f","angle":207.3,"snapDist":5,"label":1}},{"type":"Feature","geometry":{"type":"Point","coordinates":[19.827405,50.091712]},"properties":{"name":"Rząska Podkamycze","lines":"218, 228, 298, 918","arr":["218","228","298","918"],"terminus":0,"mode":"bus","color":"#0059a9","colorDark":"#00294f","angle":194.6,"snapDist":4,"label":1}},{"type":"Feature","geometry":{"type":"Point","coordinates":[19.837068,50.090269]},"properties":{"name":"Mydlniki Granica Miasta","lines":"218, 228, 298, 918","arr":["218","228","298","918"],"terminus":0,"mode":"bus","color":"#0059a9","colorDark":"#00294f","angle":228.5,"snapDist":6,"label":1}},{"type":"Feature","geometry":{"type":"Point","coordinates":[19.837647,50.089868]},"properties":{"name":"Mydlniki Granica Miasta","lines":"218, 228, 298, 918","arr":["218","228","298","918"],"terminus":0,"mode":"bus","color":"#0059a9","colorDark":"#00294f","angle":49.2,"snapDist":9,"label":0}},{"type":"Feature","geometry":{"type":"Point","coordinates":[19.829477,50.091412]},"properties":{"name":"Rząska Podkamycze","lines":"218, 228, 298, 918","arr":["218","228","298","918"],"terminus":0,"mode":"bus","color":"#0059a9","colorDark":"#00294f","angle":17,"snapDist":3,"label":0}},{"type":"Feature","geometry":{"type":"Point","coordinates":[19.815633,50.092924]},"properties":{"name":"Szczyglice Autostrada","lines":"218, 228, 918","arr":["218","228","918"],"terminus":0,"mode":"bus","color":"#0059a9","colorDark":"#00294f","angle":27.3,"snapDist":6,"label":0}},{"type":"Feature","geometry":{"type":"Point","coordinates":[19.808409,50.094001]},"properties":{"name":"Szczyglice Dom Kultury","lines":"218, 228, 918","arr":["218","228","918"],"terminus":0,"mode":"bus","color":"#0059a9","colorDark":"#00294f","angle":307,"snapDist":4,"label":0}},{"type":"Feature","geometry":{"type":"Point","coordinates":[19.803952,50.092854]},"properties":{"name":"Szczyglice Skrzyżowanie","lines":"218, 228, 258, 918","arr":["218","228","258","918"],"terminus":0,"mode":"bus","color":"#0059a9","colorDark":"#00294f","angle":266.5,"snapDist":8,"label":0}},{"type":"Feature","geometry":{"type":"Point","coordinates":[19.808481,50.085244]},"properties":{"name":"Szczyglice Błonie","lines":"218, 228, 258, 298, 918","arr":["218","228","258","298","918"],"terminus":0,"mode":"bus","color":"#0059a9","colorDark":"#00294f","angle":335,"snapDist":7,"label":0}},{"type":"Feature","geometry":{"type":"Point","coordinates":[19.791011,50.086816]},"properties":{"name":"Balice Remiza","lines":"218, 918","arr":["218","918"],"terminus":0,"mode":"bus","color":"#0059a9","colorDark":"#00294f","angle":45,"snapDist":4,"label":0}},{"type":"Feature","geometry":{"type":"Point","coordinates":[19.786673,50.089905]},"properties":{"name":"Balice Leśna","lines":"218, 918","arr":["218","918"],"terminus":0,"mode":"bus","color":"#0059a9","colorDark":"#00294f","angle":357.4,"snapDist":5,"label":0}},{"type":"Feature","geometry":{"type":"Point","coordinates":[19.781912,50.090874]},"properties":{"name":"Balice Grzybów","lines":"218, 918","arr":["218","918"],"terminus":0,"mode":"bus","color":"#0059a9","colorDark":"#00294f","angle":18.3,"snapDist":4,"label":0}},{"type":"Feature","geometry":{"type":"Point","coordinates":[19.773976,50.09379]},"properties":{"name":"Burów Balica","lines":"218, 918","arr":["218","918"],"terminus":0,"mode":"bus","color":"#0059a9","colorDark":"#00294f","angle":35.4,"snapDist":5,"label":0}},{"type":"Feature","geometry":{"type":"Point","coordinates":[19.752935,50.102882]},"properties":{"name":"Kleszczów Pod Lipką","lines":"218, 918","arr":["218","918"],"terminus":0,"mode":"bus","color":"#0059a9","colorDark":"#00294f","angle":41.6,"snapDist":3,"label":0}},{"type":"Feature","geometry":{"type":"Point","coordinates":[19.748525,50.114913]},"properties":{"name":"Kochanów Centrum","lines":"218, 238","arr":["218","238"],"terminus":0,"mode":"bus","color":"#0059a9","colorDark":"#00294f","angle":169.8,"snapDist":6,"label":0}},{"type":"Feature","geometry":{"type":"Point","coordinates":[19.763685,50.116274]},"properties":{"name":"Zabierzów Wrzosowa","lines":"218, 238","arr":["218","238"],"terminus":0,"mode":"bus","color":"#0059a9","colorDark":"#00294f","angle":169.9,"snapDist":6,"label":0}},{"type":"Feature","geometry":{"type":"Point","coordinates":[19.778101,50.117037]},"properties":{"name":"Zabierzów Ośrodek Zdrowia","lines":"218, 238","arr":["218","238"],"terminus":0,"mode":"bus","color":"#0059a9","colorDark":"#00294f","angle":186,"snapDist":7,"label":1}},{"type":"Feature","geometry":{"type":"Point","coordinates":[19.784392,50.116979]},"properties":{"name":"Zabierzów Piaski","lines":"218, 238","arr":["218","238"],"terminus":0,"mode":"bus","color":"#0059a9","colorDark":"#00294f","angle":181.5,"snapDist":7,"label":0}},{"type":"Feature","geometry":{"type":"Point","coordinates":[19.792507,50.115606]},"properties":{"name":"Zabierzów Kamieniołom","lines":"218, 238","arr":["218","238"],"terminus":0,"mode":"bus","color":"#0059a9","colorDark":"#00294f","angle":177.9,"snapDist":6,"label":0}},{"type":"Feature","geometry":{"type":"Point","coordinates":[19.799819,50.116478]},"properties":{"name":"Zabierzów Rynek","lines":"218, 248, 948","arr":["218","248","948"],"terminus":0,"mode":"bus","color":"#0059a9","colorDark":"#00294f","angle":109.2,"snapDist":6,"label":0}},{"type":"Feature","geometry":{"type":"Point","coordinates":[19.800887,50.118096]},"properties":{"name":"Zabierzów PKP","lines":"218, 248, 948","arr":["218","248","948"],"terminus":0,"mode":"bus","color":"#0059a9","colorDark":"#00294f","angle":115.8,"snapDist":4,"label":0}},{"type":"Feature","geometry":{"type":"Point","coordinates":[19.794363,50.043707]},"properties":{"name":"Kryspinów Rondo","lines":"219, 229, 239, 279","arr":["219","229","239","279"],"terminus":0,"mode":"bus","color":"#0059a9","colorDark":"#00294f","angle":19.2,"snapDist":2,"label":1}},{"type":"Feature","geometry":{"type":"Point","coordinates":[19.786727,50.041895]},"properties":{"name":"Kryspinów Sanka","lines":"219, 229, 239, 279","arr":["219","229","239","279"],"terminus":0,"mode":"bus","color":"#0059a9","colorDark":"#00294f","angle":336.8,"snapDist":7,"label":1}},{"type":"Feature","geometry":{"type":"Point","coordinates":[19.773338,50.038903]},"properties":{"name":"Liszki Mazurowa","lines":"219, 229, 239, 279","arr":["219","229","239","279"],"terminus":0,"mode":"bus","color":"#0059a9","colorDark":"#00294f","angle":2,"snapDist":4,"label":1}},{"type":"Feature","geometry":{"type":"Point","coordinates":[19.768342,50.038541]},"properties":{"name":"Liszki Urząd Gminy","lines":"219, 249, 279","arr":["219","249","279"],"terminus":0,"mode":"bus","color":"#0059a9","colorDark":"#00294f","angle":251.9,"snapDist":8,"label":1}},{"type":"Feature","geometry":{"type":"Point","coordinates":[19.773603,50.034609]},"properties":{"name":"Liszki Tyniecka","lines":"219, 249","arr":["219","249"],"terminus":0,"mode":"bus","color":"#0059a9","colorDark":"#00294f","angle":215.9,"snapDist":4,"label":1}},{"type":"Feature","geometry":{"type":"Point","coordinates":[19.780711,50.031278]},"properties":{"name":"Piekary Dół","lines":"219, 249","arr":["219","249"],"terminus":0,"mode":"bus","color":"#0059a9","colorDark":"#00294f","angle":216,"snapDist":3,"label":1}},{"type":"Feature","geometry":{"type":"Point","coordinates":[19.786651,50.028497]},"properties":{"name":"Piekary Borki","lines":"219, 249","arr":["219","249"],"terminus":0,"mode":"bus","color":"#0059a9","colorDark":"#00294f","angle":216.3,"snapDist":4,"label":1}},{"type":"Feature","geometry":{"type":"Point","coordinates":[19.794893,50.023084]},"properties":{"name":"Piekary Centrum","lines":"219, 259","arr":["219","259"],"terminus":0,"mode":"bus","color":"#0059a9","colorDark":"#00294f","angle":316.8,"snapDist":2,"label":1}},{"type":"Feature","geometry":{"type":"Point","coordinates":[19.793603,50.020591]},"properties":{"name":"Piekary Pałac","lines":"219, 259","arr":["219","259"],"terminus":0,"mode":"bus","color":"#0059a9","colorDark":"#00294f","angle":258.8,"snapDist":6,"label":1}},{"type":"Feature","geometry":{"type":"Point","coordinates":[19.787624,50.01824]},"properties":{"name":"Piekary Górne","lines":"219, 259","arr":["219","259"],"terminus":0,"mode":"bus","color":"#0059a9","colorDark":"#00294f","angle":335.3,"snapDist":2,"label":1}},{"type":"Feature","geometry":{"type":"Point","coordinates":[19.77514,50.015727]},"properties":{"name":"Rączna Gołębiec","lines":"219, 259, 279","arr":["219","259","279"],"terminus":0,"mode":"bus","color":"#0059a9","colorDark":"#00294f","angle":276.8,"snapDist":3,"label":1}},{"type":"Feature","geometry":{"type":"Point","coordinates":[19.775373,50.011148]},"properties":{"name":"Rączna Bażanty","lines":"219, 259, 279","arr":["219","259","279"],"terminus":0,"mode":"bus","color":"#0059a9","colorDark":"#00294f","angle":229.3,"snapDist":3,"label":1}},{"type":"Feature","geometry":{"type":"Point","coordinates":[19.778919,50.006211]},"properties":{"name":"Ściejowice Remiza","lines":"219, 259, 279","arr":["219","259","279"],"terminus":0,"mode":"bus","color":"#0059a9","colorDark":"#00294f","angle":269,"snapDist":6,"label":1}},{"type":"Feature","geometry":{"type":"Point","coordinates":[19.778351,50.002384]},"properties":{"name":"Ściejowice Na Bagnach","lines":"219, 259, 279","arr":["219","259","279"],"terminus":0,"mode":"bus","color":"#0059a9","colorDark":"#00294f","angle":261,"snapDist":3,"label":1}},{"type":"Feature","geometry":{"type":"Point","coordinates":[19.779696,49.998792]},"properties":{"name":"Ściejowice Kościel","lines":"219, 259, 279","arr":["219","259","279"],"terminus":0,"mode":"bus","color":"#0059a9","colorDark":"#00294f","angle":295.4,"snapDist":2,"label":1}},{"type":"Feature","geometry":{"type":"Point","coordinates":[19.776619,49.994095]},"properties":{"name":"Jeziorzany Rondo","lines":"219, 259, 279","arr":["219","259","279"],"terminus":0,"mode":"bus","color":"#0059a9","colorDark":"#00294f","angle":296,"snapDist":4,"label":1}},{"type":"Feature","geometry":{"type":"Point","coordinates":[19.778521,49.98714]},"properties":{"name":"Jeziorzany Pętla","lines":"219, 239, 279","arr":["219","239","279"],"terminus":1,"mode":"bus","color":"#0059a9","colorDark":"#00294f","angle":-179.4,"snapDist":8,"label":1}},{"type":"Feature","geometry":{"type":"Point","coordinates":[19.776672,49.993033]},"properties":{"name":"Jeziorzany Rondo","lines":"219, 239, 279","arr":["219","239","279"],"terminus":0,"mode":"bus","color":"#0059a9","colorDark":"#00294f","angle":73.6,"snapDist":7,"label":0}},{"type":"Feature","geometry":{"type":"Point","coordinates":[19.779787,49.998917]},"properties":{"name":"Ściejowice Kościel","lines":"219, 259, 279","arr":["219","259","279"],"terminus":0,"mode":"bus","color":"#0059a9","colorDark":"#00294f","angle":113.3,"snapDist":5,"label":0}},{"type":"Feature","geometry":{"type":"Point","coordinates":[19.778392,50.002215]},"properties":{"name":"Ściejowice Na Bagnach","lines":"219, 259, 279","arr":["219","259","279"],"terminus":0,"mode":"bus","color":"#0059a9","colorDark":"#00294f","angle":81,"snapDist":3,"label":0}},{"type":"Feature","geometry":{"type":"Point","coordinates":[19.778931,50.005799]},"properties":{"name":"Ściejowice Remiza","lines":"219, 259, 279","arr":["219","259","279"],"terminus":0,"mode":"bus","color":"#0059a9","colorDark":"#00294f","angle":88.9,"snapDist":6,"label":0}},{"type":"Feature","geometry":{"type":"Point","coordinates":[19.775207,50.011272]},"properties":{"name":"Rączna Bażanty","lines":"219, 259, 279","arr":["219","259","279"],"terminus":0,"mode":"bus","color":"#0059a9","colorDark":"#00294f","angle":49.3,"snapDist":3,"label":0}},{"type":"Feature","geometry":{"type":"Point","coordinates":[19.775903,50.016531]},"properties":{"name":"Rączna Gołębiec","lines":"219, 259","arr":["219","259"],"terminus":0,"mode":"bus","color":"#0059a9","colorDark":"#00294f","angle":172,"snapDist":3,"label":0}},{"type":"Feature","geometry":{"type":"Point","coordinates":[19.787493,50.018201]},"properties":{"name":"Piekary Górne","lines":"219, 259","arr":["219","259"],"terminus":0,"mode":"bus","color":"#0059a9","colorDark":"#00294f","angle":155.4,"snapDist":6,"label":0}},{"type":"Feature","geometry":{"type":"Point","coordinates":[19.793656,50.020421]},"properties":{"name":"Piekary Pałac","lines":"219, 259","arr":["219","259"],"terminus":0,"mode":"bus","color":"#0059a9","colorDark":"#00294f","angle":78.7,"snapDist":5,"label":0}},{"type":"Feature","geometry":{"type":"Point","coordinates":[19.795684,50.023797]},"properties":{"name":"Piekary Centrum","lines":"219, 249","arr":["219","249"],"terminus":0,"mode":"bus","color":"#0059a9","colorDark":"#00294f","angle":61.7,"snapDist":3,"label":0}},{"type":"Feature","geometry":{"type":"Point","coordinates":[19.786748,50.028451]},"properties":{"name":"Piekary Borki","lines":"219, 249","arr":["219","249"],"terminus":0,"mode":"bus","color":"#0059a9","colorDark":"#00294f","angle":36.4,"snapDist":3,"label":0}},{"type":"Feature","geometry":{"type":"Point","coordinates":[19.780782,50.031245]},"properties":{"name":"Piekary Dół","lines":"219, 249","arr":["219","249"],"terminus":0,"mode":"bus","color":"#0059a9","colorDark":"#00294f","angle":36,"snapDist":3,"label":0}},{"type":"Feature","geometry":{"type":"Point","coordinates":[19.773592,50.034614]},"properties":{"name":"Liszki Tyniecka","lines":"219, 249","arr":["219","249"],"terminus":0,"mode":"bus","color":"#0059a9","colorDark":"#00294f","angle":35.9,"snapDist":2,"label":0}},{"type":"Feature","geometry":{"type":"Point","coordinates":[19.768501,50.038815]},"properties":{"name":"Liszki Urząd Gminy","lines":"219, 229, 239, 279","arr":["219","229","239","279"],"terminus":0,"mode":"bus","color":"#0059a9","colorDark":"#00294f","angle":159.1,"snapDist":8,"label":0}},{"type":"Feature","geometry":{"type":"Point","coordinates":[19.774111,50.038886]},"properties":{"name":"Liszki Mazurowa","lines":"219, 229, 239, 279","arr":["219","229","239","279"],"terminus":0,"mode":"bus","color":"#0059a9","colorDark":"#00294f","angle":181.2,"snapDist":3,"label":0}},{"type":"Feature","geometry":{"type":"Point","coordinates":[19.788832,50.042475]},"properties":{"name":"Kryspinów Sanka","lines":"219, 229, 239, 279","arr":["219","229","239","279"],"terminus":0,"mode":"bus","color":"#0059a9","colorDark":"#00294f","angle":156.2,"snapDist":7,"label":0}},{"type":"Feature","geometry":{"type":"Point","coordinates":[19.894159,50.116969]},"properties":{"name":"Tonie Gliniki","lines":"220","arr":["220"],"terminus":0,"mode":"bus","color":"#0059a9","colorDark":"#00294f","angle":40.4,"snapDist":5,"label":1}},{"type":"Feature","geometry":{"type":"Point","coordinates":[19.887292,50.12325]},"properties":{"name":"Modlnica Bukowa","lines":"220","arr":["220"],"terminus":0,"mode":"bus","color":"#0059a9","colorDark":"#00294f","angle":43.2,"snapDist":6,"label":1}},{"type":"Feature","geometry":{"type":"Point","coordinates":[19.885024,50.124925]},"properties":{"name":"Modlnica Cicha","lines":"220","arr":["220"],"terminus":0,"mode":"bus","color":"#0059a9","colorDark":"#00294f","angle":49.2,"snapDist":4,"label":1}},{"type":"Feature","geometry":{"type":"Point","coordinates":[19.880187,50.129597]},"properties":{"name":"Giebułtów Osiedle Polana","lines":"220","arr":["220"],"terminus":0,"mode":"bus","color":"#0059a9","colorDark":"#00294f","angle":64.1,"snapDist":3,"label":1}},{"type":"Feature","geometry":{"type":"Point","coordinates":[19.871486,50.135706]},"properties":{"name":"Giebułtów Zielone Wzgórze","lines":"220","arr":["220"],"terminus":0,"mode":"bus","color":"#0059a9","colorDark":"#00294f","angle":42.9,"snapDist":4,"label":1}},{"type":"Feature","geometry":{"type":"Point","coordinates":[19.868965,50.138133]},"properties":{"name":"Giebułtów Świętego Idziego","lines":"220","arr":["220"],"terminus":0,"mode":"bus","color":"#0059a9","colorDark":"#00294f","angle":171.5,"snapDist":3,"label":1}},{"type":"Feature","geometry":{"type":"Point","coordinates":[19.883996,50.14169]},"properties":{"name":"Giebułtów Kościół","lines":"220","arr":["220"],"terminus":0,"mode":"bus","color":"#0059a9","colorDark":"#00294f","angle":122.2,"snapDist":15,"label":1}},{"type":"Feature","geometry":{"type":"Point","coordinates":[19.878858,50.143878]},"properties":{"name":"Giebułtów Plac Zabaw","lines":"220","arr":["220"],"terminus":0,"mode":"bus","color":"#0059a9","colorDark":"#00294f","angle":33.5,"snapDist":3,"label":1}},{"type":"Feature","geometry":{"type":"Point","coordinates":[19.875682,50.146986]},"properties":{"name":"Giebułtów Zbiornik","lines":"220","arr":["220"],"terminus":0,"mode":"bus","color":"#0059a9","colorDark":"#00294f","angle":57.6,"snapDist":5,"label":1}},{"type":"Feature","geometry":{"type":"Point","coordinates":[19.87103,50.151601]},"properties":{"name":"Giebułtów Morgi","lines":"220","arr":["220"],"terminus":1,"mode":"bus","color":"#0059a9","colorDark":"#00294f","angle":190.2,"snapDist":3,"label":1}},{"type":"Feature","geometry":{"type":"Point","coordinates":[19.875171,50.147503]},"properties":{"name":"Giebułtów Zbiornik","lines":"220","arr":["220"],"terminus":0,"mode":"bus","color":"#0059a9","colorDark":"#00294f","angle":237.5,"snapDist":3,"label":0}},{"type":"Feature","geometry":{"type":"Point","coordinates":[19.878643,50.144001]},"properties":{"name":"Giebułtów Plac Zabaw","lines":"220","arr":["220"],"terminus":0,"mode":"bus","color":"#0059a9","colorDark":"#00294f","angle":222.1,"snapDist":5,"label":0}},{"type":"Feature","geometry":{"type":"Point","coordinates":[19.883439,50.141298]},"properties":{"name":"Giebułtów Kościół","lines":"220","arr":["220"],"terminus":0,"mode":"bus","color":"#0059a9","colorDark":"#00294f","angle":310.4,"snapDist":6,"label":0}},{"type":"Feature","geometry":{"type":"Point","coordinates":[19.870445,50.138273]},"properties":{"name":"Giebułtów Świętego Idziego","lines":"220","arr":["220"],"terminus":0,"mode":"bus","color":"#0059a9","colorDark":"#00294f","angle":353.8,"snapDist":3,"label":0}},{"type":"Feature","geometry":{"type":"Point","coordinates":[19.871353,50.135786]},"properties":{"name":"Giebułtów Zielone Wzgórze","lines":"220","arr":["220"],"terminus":0,"mode":"bus","color":"#0059a9","colorDark":"#00294f","angle":222.4,"snapDist":2,"label":0}},{"type":"Feature","geometry":{"type":"Point","coordinates":[19.880871,50.128713]},"properties":{"name":"Giebułtów Osiedle Polana","lines":"220","arr":["220"],"terminus":0,"mode":"bus","color":"#0059a9","colorDark":"#00294f","angle":243.4,"snapDist":3,"label":0}},{"type":"Feature","geometry":{"type":"Point","coordinates":[19.884489,50.125289]},"properties":{"name":"Modlnica Cicha","lines":"220","arr":["220"],"terminus":0,"mode":"bus","color":"#0059a9","colorDark":"#00294f","angle":224.7,"snapDist":3,"label":0}},{"type":"Feature","geometry":{"type":"Point","coordinates":[19.887956,50.122882]},"properties":{"name":"Modlnica Bukowa","lines":"220","arr":["220"],"terminus":0,"mode":"bus","color":"#0059a9","colorDark":"#00294f","angle":220.6,"snapDist":6,"label":0}},{"type":"Feature","geometry":{"type":"Point","coordinates":[19.893671,50.117234]},"properties":{"name":"Tonie Gliniki","lines":"220","arr":["220"],"terminus":0,"mode":"bus","color":"#0059a9","colorDark":"#00294f","angle":220,"snapDist":3,"label":0}},{"type":"Feature","geometry":{"type":"Point","coordinates":[20.216379,50.037959]},"properties":{"name":"Niepołomice Dworzec","lines":"221, 301","arr":["221","301"],"terminus":1,"mode":"bus","color":"#0059a9","colorDark":"#00294f","angle":40.7,"snapDist":8,"label":1}},{"type":"Feature","geometry":{"type":"Point","coordinates":[20.205901,50.028819]},"properties":{"name":"Niepołomice Kościuszki","lines":"221, 301","arr":["221","301"],"terminus":0,"mode":"bus","color":"#0059a9","colorDark":"#00294f","angle":315.6,"snapDist":3,"label":1}},{"type":"Feature","geometry":{"type":"Point","coordinates":[20.197933,50.031075]},"properties":{"name":"Niepołomice Płaszowska","lines":"221","arr":["221"],"terminus":0,"mode":"bus","color":"#0059a9","colorDark":"#00294f","angle":44.4,"snapDist":4,"label":1}},{"type":"Feature","geometry":{"type":"Point","coordinates":[20.192645,50.033402]},"properties":{"name":"Niepołomice Wodna","lines":"221","arr":["221"],"terminus":0,"mode":"bus","color":"#0059a9","colorDark":"#00294f","angle":51.7,"snapDist":7,"label":1}},{"type":"Feature","geometry":{"type":"Point","coordinates":[20.188328,50.033906]},"properties":{"name":"Niepołomice Diesla","lines":"221","arr":["221"],"terminus":0,"mode":"bus","color":"#0059a9","colorDark":"#00294f","angle":2.6,"snapDist":4,"label":1}},{"type":"Feature","geometry":{"type":"Point","coordinates":[20.18004,50.037211]},"properties":{"name":"Niepołomice Poręby","lines":"221","arr":["221"],"terminus":0,"mode":"bus","color":"#0059a9","colorDark":"#00294f","angle":12.4,"snapDist":3,"label":1}},{"type":"Feature","geometry":{"type":"Point","coordinates":[20.173057,50.039004]},"properties":{"name":"Niepołomice Kątek","lines":"221","arr":["221"],"terminus":0,"mode":"bus","color":"#0059a9","colorDark":"#00294f","angle":3.5,"snapDist":3,"label":1}},{"type":"Feature","geometry":{"type":"Point","coordinates":[20.16603,50.040911]},"properties":{"name":"Niepołomice Pasternik","lines":"221","arr":["221"],"terminus":0,"mode":"bus","color":"#0059a9","colorDark":"#00294f","angle":359.8,"snapDist":7,"label":1}},{"type":"Feature","geometry":{"type":"Point","coordinates":[20.151908,50.038885]},"properties":{"name":"Niepołomice Podgrabie","lines":"221","arr":["221"],"terminus":0,"mode":"bus","color":"#0059a9","colorDark":"#00294f","angle":348.1,"snapDist":6,"label":1}},{"type":"Feature","geometry":{"type":"Point","coordinates":[20.13887,50.041415]},"properties":{"name":"Grabie Kościół","lines":"221, 264","arr":["221","264"],"terminus":0,"mode":"bus","color":"#0059a9","colorDark":"#00294f","angle":80.3,"snapDist":4,"label":0}},{"type":"Feature","geometry":{"type":"Point","coordinates":[20.133803,50.040252]},"properties":{"name":"Grabie Dom Kultury","lines":"221, 264","arr":["221","264"],"terminus":0,"mode":"bus","color":"#0059a9","colorDark":"#00294f","angle":287.3,"snapDist":3,"label":1}},{"type":"Feature","geometry":{"type":"Point","coordinates":[20.111753,50.038702]},"properties":{"name":"Grabie Szczurów","lines":"221, 264","arr":["221","264"],"terminus":0,"mode":"bus","color":"#0059a9","colorDark":"#00294f","angle":356.4,"snapDist":3,"label":1}},{"type":"Feature","geometry":{"type":"Point","coordinates":[20.105789,50.037147]},"properties":{"name":"Brzegi Granica","lines":"221, 264","arr":["221","264"],"terminus":0,"mode":"bus","color":"#0059a9","colorDark":"#00294f","angle":350.1,"snapDist":4,"label":1}},{"type":"Feature","geometry":{"type":"Point","coordinates":[20.100751,50.036392]},"properties":{"name":"Brzegi Dom Kultury","lines":"221, 264","arr":["221","264"],"terminus":0,"mode":"bus","color":"#0059a9","colorDark":"#00294f","angle":320.9,"snapDist":7,"label":1}},{"type":"Feature","geometry":{"type":"Point","coordinates":[20.093665,50.033378]},"properties":{"name":"Brzegi Grobla","lines":"221","arr":["221"],"terminus":0,"mode":"bus","color":"#0059a9","colorDark":"#00294f","angle":17.2,"snapDist":6,"label":1}},{"type":"Feature","geometry":{"type":"Point","coordinates":[20.073729,50.040583]},"properties":{"name":"Łutnia","lines":"221","arr":["221"],"terminus":0,"mode":"bus","color":"#0059a9","colorDark":"#00294f","angle":348,"snapDist":3,"label":1}},{"type":"Feature","geometry":{"type":"Point","coordinates":[20.073267,50.040511]},"properties":{"name":"Łutnia","lines":"221","arr":["221"],"terminus":0,"mode":"bus","color":"#0059a9","colorDark":"#00294f","angle":164.5,"snapDist":4,"label":0}},{"type":"Feature","geometry":{"type":"Point","coordinates":[20.094432,50.033227]},"properties":{"name":"Brzegi Grobla","lines":"221","arr":["221"],"terminus":0,"mode":"bus","color":"#0059a9","colorDark":"#00294f","angle":196.9,"snapDist":5,"label":0}},{"type":"Feature","geometry":{"type":"Point","coordinates":[20.101105,50.036696]},"properties":{"name":"Brzegi Dom Kultury","lines":"221, 264","arr":["221","264"],"terminus":0,"mode":"bus","color":"#0059a9","colorDark":"#00294f","angle":118.5,"snapDist":6,"label":0}},{"type":"Feature","geometry":{"type":"Point","coordinates":[20.106493,50.037234]},"properties":{"name":"Brzegi Granica","lines":"221, 264","arr":["221","264"],"terminus":0,"mode":"bus","color":"#0059a9","colorDark":"#00294f","angle":168.3,"snapDist":6,"label":0}},{"type":"Feature","geometry":{"type":"Point","coordinates":[20.111956,50.038709]},"properties":{"name":"Grabie Szczurów","lines":"221, 264","arr":["221","264"],"terminus":0,"mode":"bus","color":"#0059a9","colorDark":"#00294f","angle":176.9,"snapDist":5,"label":0}},{"type":"Feature","geometry":{"type":"Point","coordinates":[20.133926,50.040605]},"properties":{"name":"Grabie Dom Kultury","lines":"221, 264","arr":["221","264"],"terminus":0,"mode":"bus","color":"#0059a9","colorDark":"#00294f","angle":95.2,"snapDist":6,"label":0}},{"type":"Feature","geometry":{"type":"Point","coordinates":[20.139704,50.040493]},"properties":{"name":"Grabie Kościół","lines":"221","arr":["221"],"terminus":0,"mode":"bus","color":"#0059a9","colorDark":"#00294f","angle":226.2,"snapDist":5,"label":0}},{"type":"Feature","geometry":{"type":"Point","coordinates":[20.150226,50.038669]},"properties":{"name":"Niepołomice Podgrabie","lines":"221","arr":["221"],"terminus":0,"mode":"bus","color":"#0059a9","colorDark":"#00294f","angle":169.5,"snapDist":6,"label":0}},{"type":"Feature","geometry":{"type":"Point","coordinates":[20.167,50.040913]},"properties":{"name":"Niepołomice Pasternik","lines":"221","arr":["221"],"terminus":0,"mode":"bus","color":"#0059a9","colorDark":"#00294f","angle":180,"snapDist":4,"label":0}},{"type":"Feature","geometry":{"type":"Point","coordinates":[20.173453,50.038988]},"properties":{"name":"Niepołomice Kątek","lines":"221","arr":["221"],"terminus":0,"mode":"bus","color":"#0059a9","colorDark":"#00294f","angle":183.6,"snapDist":3,"label":0}},{"type":"Feature","geometry":{"type":"Point","coordinates":[20.180869,50.037111]},"properties":{"name":"Niepołomice Poręby","lines":"221","arr":["221"],"terminus":0,"mode":"bus","color":"#0059a9","colorDark":"#00294f","angle":191,"snapDist":3,"label":0}},{"type":"Feature","geometry":{"type":"Point","coordinates":[20.189013,50.033879]},"properties":{"name":"Niepołomice Diesla","lines":"221","arr":["221"],"terminus":0,"mode":"bus","color":"#0059a9","colorDark":"#00294f","angle":183.9,"snapDist":3,"label":0}},{"type":"Feature","geometry":{"type":"Point","coordinates":[20.193039,50.032372]},"properties":{"name":"Niepołomice Wodna","lines":"221","arr":["221"],"terminus":0,"mode":"bus","color":"#0059a9","colorDark":"#00294f","angle":268,"snapDist":6,"label":0}},{"type":"Feature","geometry":{"type":"Point","coordinates":[20.198198,50.030909]},"properties":{"name":"Niepołomice Płaszowska","lines":"221","arr":["221"],"terminus":0,"mode":"bus","color":"#0059a9","colorDark":"#00294f","angle":224.2,"snapDist":3,"label":0}},{"type":"Feature","geometry":{"type":"Point","coordinates":[20.206296,50.02906]},"properties":{"name":"Niepołomice Kościuszki","lines":"221, 301","arr":["221","301"],"terminus":0,"mode":"bus","color":"#0059a9","colorDark":"#00294f","angle":136.8,"snapDist":5,"label":0}},{"type":"Feature","geometry":{"type":"Point","coordinates":[20.084491,50.245302]},"properties":{"name":"Słomniki Osiedle","lines":"222","arr":["222"],"terminus":1,"mode":"bus","color":"#0059a9","colorDark":"#00294f","angle":14.2,"snapDist":2,"label":1}},{"type":"Feature","geometry":{"type":"Point","coordinates":[20.082818,50.243083]},"properties":{"name":"Słomniki Kościuszki","lines":"222","arr":["222"],"terminus":0,"mode":"bus","color":"#0059a9","colorDark":"#00294f","angle":284,"snapDist":8,"label":1}},{"type":"Feature","geometry":{"type":"Point","coordinates":[20.08066,50.240768]},"properties":{"name":"Słomniki Rynek","lines":"222","arr":["222"],"terminus":0,"mode":"bus","color":"#0059a9","colorDark":"#00294f","angle":107.4,"snapDist":7,"label":1}},{"type":"Feature","geometry":{"type":"Point","coordinates":[20.081953,50.234443]},"properties":{"name":"Słomniki Zagłoby","lines":"222","arr":["222"],"terminus":0,"mode":"bus","color":"#0059a9","colorDark":"#00294f","angle":263.1,"snapDist":3,"label":1}},{"type":"Feature","geometry":{"type":"Point","coordinates":[20.082008,50.22991]},"properties":{"name":"Ratajów Skrzyżowanie","lines":"222","arr":["222"],"terminus":0,"mode":"bus","color":"#0059a9","colorDark":"#00294f","angle":271,"snapDist":3,"label":1}},{"type":"Feature","geometry":{"type":"Point","coordinates":[20.082126,50.223084]},"properties":{"name":"Niedźwiedź Felix","lines":"222","arr":["222"],"terminus":0,"mode":"bus","color":"#0059a9","colorDark":"#00294f","angle":260.4,"snapDist":3,"label":1}},{"type":"Feature","geometry":{"type":"Point","coordinates":[20.085999,50.211548]},"properties":{"name":"Niedźwiedź PKP","lines":"222","arr":["222"],"terminus":0,"mode":"bus","color":"#0059a9","colorDark":"#00294f","angle":255.7,"snapDist":4,"label":1}},{"type":"Feature","geometry":{"type":"Point","coordinates":[20.091265,50.197879]},"properties":{"name":"Polanowice Boisko","lines":"222","arr":["222"],"terminus":0,"mode":"bus","color":"#0059a9","colorDark":"#00294f","angle":286.7,"snapDist":4,"label":1}},{"type":"Feature","geometry":{"type":"Point","coordinates":[20.091931,50.192732]},"properties":{"name":"Polanowice Kolonia","lines":"222","arr":["222"],"terminus":0,"mode":"bus","color":"#0059a9","colorDark":"#00294f","angle":252.9,"snapDist":5,"label":1}},{"type":"Feature","geometry":{"type":"Point","coordinates":[20.092584,50.188051]},"properties":{"name":"Marszowice","lines":"222","arr":["222"],"terminus":0,"mode":"bus","color":"#0059a9","colorDark":"#00294f","angle":266.5,"snapDist":2,"label":1}},{"type":"Feature","geometry":{"type":"Point","coordinates":[20.093462,50.180524]},"properties":{"name":"Marszowice Centrum","lines":"222","arr":["222"],"terminus":0,"mode":"bus","color":"#0059a9","colorDark":"#00294f","angle":260.9,"snapDist":3,"label":1}},{"type":"Feature","geometry":{"type":"Point","coordinates":[20.095954,50.17086]},"properties":{"name":"Marszowice Góry","lines":"222","arr":["222"],"terminus":0,"mode":"bus","color":"#0059a9","colorDark":"#00294f","angle":237.6,"snapDist":2,"label":1}},{"type":"Feature","geometry":{"type":"Point","coordinates":[20.100006,50.163668]},"properties":{"name":"Wysiołek Luborzycki Radwany","lines":"222","arr":["222"],"terminus":0,"mode":"bus","color":"#0059a9","colorDark":"#00294f","angle":255.1,"snapDist":3,"label":1}},{"type":"Feature","geometry":{"type":"Point","coordinates":[20.104208,50.158017]},"properties":{"name":"Wysiołek Luborzycki","lines":"222","arr":["222"],"terminus":0,"mode":"bus","color":"#0059a9","colorDark":"#00294f","angle":256.7,"snapDist":3,"label":1}},{"type":"Feature","geometry":{"type":"Point","coordinates":[20.10642,50.150956]},"properties":{"name":"Wysiołek Luborzycki Skrzyżowanie","lines":"222, 232","arr":["222","232"],"terminus":0,"mode":"bus","color":"#0059a9","colorDark":"#00294f","angle":229.3,"snapDist":3,"label":1}},{"type":"Feature","geometry":{"type":"Point","coordinates":[20.105982,50.152272]},"properties":{"name":"Wysiołek Luborzycki Skrzyżowanie","lines":"222","arr":["222"],"terminus":0,"mode":"bus","color":"#0059a9","colorDark":"#00294f","angle":95.6,"snapDist":3,"label":0}},{"type":"Feature","geometry":{"type":"Point","coordinates":[20.103993,50.158601]},"properties":{"name":"Wysiołek Luborzycki","lines":"222","arr":["222"],"terminus":0,"mode":"bus","color":"#0059a9","colorDark":"#00294f","angle":76.7,"snapDist":4,"label":0}},{"type":"Feature","geometry":{"type":"Point","coordinates":[20.099897,50.163933]},"properties":{"name":"Wysiołek Luborzycki Radwany","lines":"222","arr":["222"],"terminus":0,"mode":"bus","color":"#0059a9","colorDark":"#00294f","angle":75.1,"snapDist":3,"label":0}},{"type":"Feature","geometry":{"type":"Point","coordinates":[20.096194,50.170617]},"properties":{"name":"Marszowice Góry","lines":"222","arr":["222"],"terminus":0,"mode":"bus","color":"#0059a9","colorDark":"#00294f","angle":57.6,"snapDist":5,"label":0}},{"type":"Feature","geometry":{"type":"Point","coordinates":[20.093274,50.181374]},"properties":{"name":"Marszowice Centrum","lines":"222","arr":["222"],"terminus":0,"mode":"bus","color":"#0059a9","colorDark":"#00294f","angle":82.4,"snapDist":5,"label":0}},{"type":"Feature","geometry":{"type":"Point","coordinates":[20.092591,50.187978]},"properties":{"name":"Marszowice","lines":"222","arr":["222"],"terminus":0,"mode":"bus","color":"#0059a9","colorDark":"#00294f","angle":86.5,"snapDist":4,"label":0}},{"type":"Feature","geometry":{"type":"Point","coordinates":[20.091609,50.193402]},"properties":{"name":"Polanowice Kolonia","lines":"222","arr":["222"],"terminus":0,"mode":"bus","color":"#0059a9","colorDark":"#00294f","angle":73.4,"snapDist":3,"label":0}},{"type":"Feature","geometry":{"type":"Point","coordinates":[20.091454,50.198287]},"properties":{"name":"Polanowice Boisko","lines":"222","arr":["222"],"terminus":0,"mode":"bus","color":"#0059a9","colorDark":"#00294f","angle":105.6,"snapDist":3,"label":0}},{"type":"Feature","geometry":{"type":"Point","coordinates":[20.085866,50.211881]},"properties":{"name":"Niedźwiedź PKP","lines":"222","arr":["222"],"terminus":0,"mode":"bus","color":"#0059a9","colorDark":"#00294f","angle":75.5,"snapDist":4,"label":0}},{"type":"Feature","geometry":{"type":"Point","coordinates":[20.081953,50.223744]},"properties":{"name":"Niedźwiedź Felix","lines":"222","arr":["222"],"terminus":0,"mode":"bus","color":"#0059a9","colorDark":"#00294f","angle":82.4,"snapDist":5,"label":0}},{"type":"Feature","geometry":{"type":"Point","coordinates":[20.082014,50.230081]},"properties":{"name":"Ratajów Skrzyżowanie","lines":"222","arr":["222"],"terminus":0,"mode":"bus","color":"#0059a9","colorDark":"#00294f","angle":91.4,"snapDist":4,"label":0}},{"type":"Feature","geometry":{"type":"Point","coordinates":[20.081986,50.234257]},"properties":{"name":"Słomniki Zagłoby","lines":"222","arr":["222"],"terminus":0,"mode":"bus","color":"#0059a9","colorDark":"#00294f","angle":83.5,"snapDist":3,"label":0}},{"type":"Feature","geometry":{"type":"Point","coordinates":[20.080624,50.240695]},"properties":{"name":"Słomniki Rynek","lines":"222","arr":["222"],"terminus":0,"mode":"bus","color":"#0059a9","colorDark":"#00294f","angle":-72.6,"snapDist":2,"label":0}},{"type":"Feature","geometry":{"type":"Point","coordinates":[20.08292,50.243356]},"properties":{"name":"Słomniki Kościuszki","lines":"222","arr":["222"],"terminus":0,"mode":"bus","color":"#0059a9","colorDark":"#00294f","angle":102.9,"snapDist":8,"label":0}},{"type":"Feature","geometry":{"type":"Point","coordinates":[19.879896,50.007015]},"properties":{"name":"Babińskiego","lines":"223, 233, 253, 283, 293, 903","arr":["223","233","253","283","293","903"],"terminus":0,"mode":"bus","color":"#0059a9","colorDark":"#00294f","angle":342.8,"snapDist":6,"label":0}},{"type":"Feature","geometry":{"type":"Point","coordinates":[19.873861,50.00666]},"properties":{"name":"Skotniki","lines":"223, 233, 253, 283, 293, 903","arr":["223","233","253","283","293","903"],"terminus":0,"mode":"bus","color":"#0059a9","colorDark":"#00294f","angle":20.3,"snapDist":6,"label":0}},{"type":"Feature","geometry":{"type":"Point","coordinates":[19.85155,49.995011]},"properties":{"name":"Wrony","lines":"223, 253, 283, 293, 903","arr":["223","253","283","293","903"],"terminus":0,"mode":"bus","color":"#0059a9","colorDark":"#00294f","angle":303.8,"snapDist":8,"label":0}},{"type":"Feature","geometry":{"type":"Point","coordinates":[19.847661,49.990918]},"properties":{"name":"Skawina Obwodnica","lines":"223, 253, 283, 293, 903","arr":["223","253","283","293","903"],"terminus":0,"mode":"bus","color":"#0059a9","colorDark":"#00294f","angle":308.6,"snapDist":7,"label":1}},{"type":"Feature","geometry":{"type":"Point","coordinates":[19.842967,49.9875]},"properties":{"name":"Skawina Podlipki","lines":"223, 253, 283, 293, 903","arr":["223","253","283","293","903"],"terminus":0,"mode":"bus","color":"#0059a9","colorDark":"#00294f","angle":313,"snapDist":7,"label":1}},{"type":"Feature","geometry":{"type":"Point","coordinates":[19.837288,49.982749]},"properties":{"name":"Skawina Rzepnik","lines":"223, 253, 283, 293, 903","arr":["223","253","283","293","903"],"terminus":0,"mode":"bus","color":"#0059a9","colorDark":"#00294f","angle":292.6,"snapDist":6,"label":1}},{"type":"Feature","geometry":{"type":"Point","coordinates":[19.815656,49.975597]},"properties":{"name":"Skawina Sąd","lines":"223, 235","arr":["223","235"],"terminus":0,"mode":"bus","color":"#0059a9","colorDark":"#00294f","angle":315.5,"snapDist":4,"label":0}},{"type":"Feature","geometry":{"type":"Point","coordinates":[19.813384,49.973763]},"properties":{"name":"Skawina Koncentraty","lines":"223, 235","arr":["223","235"],"terminus":0,"mode":"bus","color":"#0059a9","colorDark":"#00294f","angle":349,"snapDist":5,"label":1}},{"type":"Feature","geometry":{"type":"Point","coordinates":[19.806552,49.97299]},"properties":{"name":"Skawina Zachodnia","lines":"223, 235","arr":["223","235"],"terminus":0,"mode":"bus","color":"#0059a9","colorDark":"#00294f","angle":358.4,"snapDist":4,"label":1}},{"type":"Feature","geometry":{"type":"Point","coordinates":[19.802229,49.972803]},"properties":{"name":"Skawina Elektrownia","lines":"223, 235","arr":["223","235"],"terminus":0,"mode":"bus","color":"#0059a9","colorDark":"#00294f","angle":348.3,"snapDist":7,"label":1}},{"type":"Feature","geometry":{"type":"Point","coordinates":[19.79724,49.972152]},"properties":{"name":"Skawina Piłsudskiego","lines":"223, 235","arr":["223","235"],"terminus":0,"mode":"bus","color":"#0059a9","colorDark":"#00294f","angle":347.3,"snapDist":7,"label":1}},{"type":"Feature","geometry":{"type":"Point","coordinates":[19.785673,49.968865]},"properties":{"name":"Skawina Sąsiedzka","lines":"223, 235","arr":["223","235"],"terminus":0,"mode":"bus","color":"#0059a9","colorDark":"#00294f","angle":329.8,"snapDist":3,"label":1}},{"type":"Feature","geometry":{"type":"Point","coordinates":[19.778936,49.966139]},"properties":{"name":"Borek Szlachecki Dworska","lines":"223, 235","arr":["223","235"],"terminus":0,"mode":"bus","color":"#0059a9","colorDark":"#00294f","angle":321.7,"snapDist":3,"label":1}},{"type":"Feature","geometry":{"type":"Point","coordinates":[19.772317,49.965064]},"properties":{"name":"Borek Szlachecki Kościół","lines":"223, 235","arr":["223","235"],"terminus":0,"mode":"bus","color":"#0059a9","colorDark":"#00294f","angle":343,"snapDist":6,"label":1}},{"type":"Feature","geometry":{"type":"Point","coordinates":[19.757931,49.962391]},"properties":{"name":"Zelczyna Lawendowa","lines":"223, 235","arr":["223","235"],"terminus":0,"mode":"bus","color":"#0059a9","colorDark":"#00294f","angle":335.1,"snapDist":4,"label":1}},{"type":"Feature","geometry":{"type":"Point","coordinates":[19.747696,49.960481]},"properties":{"name":"Zelczyna PKP","lines":"223, 235","arr":["223","235"],"terminus":0,"mode":"bus","color":"#0059a9","colorDark":"#00294f","angle":268.1,"snapDist":5,"label":1}},{"type":"Feature","geometry":{"type":"Point","coordinates":[19.743619,49.958836]},"properties":{"name":"Zelczyna Szkoła","lines":"223","arr":["223"],"terminus":0,"mode":"bus","color":"#0059a9","colorDark":"#00294f","angle":344.8,"snapDist":5,"label":1}},{"type":"Feature","geometry":{"type":"Point","coordinates":[19.721902,49.958834]},"properties":{"name":"Facimiech Pod Kolebą","lines":"223","arr":["223"],"terminus":0,"mode":"bus","color":"#0059a9","colorDark":"#00294f","angle":358.3,"snapDist":5,"label":1}},{"type":"Feature","geometry":{"type":"Point","coordinates":[19.710219,49.95804]},"properties":{"name":"Wielkie Drogi PKP","lines":"223","arr":["223"],"terminus":0,"mode":"bus","color":"#0059a9","colorDark":"#00294f","angle":18.5,"snapDist":5,"label":1}},{"type":"Feature","geometry":{"type":"Point","coordinates":[19.70093,49.959232]},"properties":{"name":"Wielkie Drogi Ośrodek Zdrowia","lines":"223","arr":["223"],"terminus":0,"mode":"bus","color":"#0059a9","colorDark":"#00294f","angle":34.4,"snapDist":4,"label":1}},{"type":"Feature","geometry":{"type":"Point","coordinates":[19.693643,49.960942]},"properties":{"name":"Wielkie Drogi Szkoła","lines":"223","arr":["223"],"terminus":0,"mode":"bus","color":"#0059a9","colorDark":"#00294f","angle":4.3,"snapDist":6,"label":1}},{"type":"Feature","geometry":{"type":"Point","coordinates":[19.685299,49.960755]},"properties":{"name":"Wielkie Drogi Trzebol","lines":"223","arr":["223"],"terminus":0,"mode":"bus","color":"#0059a9","colorDark":"#00294f","angle":16,"snapDist":3,"label":1}},{"type":"Feature","geometry":{"type":"Point","coordinates":[19.674013,49.960744]},"properties":{"name":"Jaśkowice PKP","lines":"223","arr":["223"],"terminus":0,"mode":"bus","color":"#0059a9","colorDark":"#00294f","angle":10.1,"snapDist":3,"label":1}},{"type":"Feature","geometry":{"type":"Point","coordinates":[19.666029,49.960029]},"properties":{"name":"Jaśkowice Remiza","lines":"223","arr":["223"],"terminus":0,"mode":"bus","color":"#0059a9","colorDark":"#00294f","angle":349.3,"snapDist":3,"label":1}},{"type":"Feature","geometry":{"type":"Point","coordinates":[19.648578,49.963073]},"properties":{"name":"Brzezinka Kuźnia","lines":"223","arr":["223"],"terminus":0,"mode":"bus","color":"#0059a9","colorDark":"#00294f","angle":20.6,"snapDist":4,"label":1}},{"type":"Feature","geometry":{"type":"Point","coordinates":[19.638458,49.964849]},"properties":{"name":"Brzeźnica Pasieka","lines":"223","arr":["223"],"terminus":0,"mode":"bus","color":"#0059a9","colorDark":"#00294f","angle":14.3,"snapDist":4,"label":1}},{"type":"Feature","geometry":{"type":"Point","coordinates":[19.628389,49.967166]},"properties":{"name":"Brzeźnica Dworzec","lines":"223","arr":["223"],"terminus":1,"mode":"bus","color":"#0059a9","colorDark":"#00294f","angle":191.7,"snapDist":8,"label":1}},{"type":"Feature","geometry":{"type":"Point","coordinates":[19.639422,49.964694]},"properties":{"name":"Brzeźnica Pasieka","lines":"223","arr":["223"],"terminus":0,"mode":"bus","color":"#0059a9","colorDark":"#00294f","angle":192.6,"snapDist":4,"label":0}},{"type":"Feature","geometry":{"type":"Point","coordinates":[19.649586,49.962863]},"properties":{"name":"Brzezinka Kuźnia","lines":"223","arr":["223"],"terminus":0,"mode":"bus","color":"#0059a9","colorDark":"#00294f","angle":197.5,"snapDist":4,"label":0}},{"type":"Feature","geometry":{"type":"Point","coordinates":[19.666806,49.960087]},"properties":{"name":"Jaśkowice Remiza","lines":"223","arr":["223"],"terminus":0,"mode":"bus","color":"#0059a9","colorDark":"#00294f","angle":174.1,"snapDist":3,"label":0}},{"type":"Feature","geometry":{"type":"Point","coordinates":[19.674599,49.960665]},"properties":{"name":"Jaśkowice PKP","lines":"223","arr":["223"],"terminus":0,"mode":"bus","color":"#0059a9","colorDark":"#00294f","angle":193.7,"snapDist":3,"label":0}},{"type":"Feature","geometry":{"type":"Point","coordinates":[19.687434,49.96067]},"properties":{"name":"Wielkie Drogi Trzebol","lines":"223","arr":["223"],"terminus":0,"mode":"bus","color":"#0059a9","colorDark":"#00294f","angle":161.4,"snapDist":4,"label":0}},{"type":"Feature","geometry":{"type":"Point","coordinates":[19.695212,49.960746]},"properties":{"name":"Wielkie Drogi Szkoła","lines":"223","arr":["223"],"terminus":0,"mode":"bus","color":"#0059a9","colorDark":"#00294f","angle":196.7,"snapDist":3,"label":0}},{"type":"Feature","geometry":{"type":"Point","coordinates":[19.701915,49.958972]},"properties":{"name":"Wielkie Drogi Ośrodek Zdrowia","lines":"223","arr":["223"],"terminus":0,"mode":"bus","color":"#0059a9","colorDark":"#00294f","angle":188.6,"snapDist":3,"label":0}},{"type":"Feature","geometry":{"type":"Point","coordinates":[19.711636,49.957743]},"properties":{"name":"Wielkie Drogi PKP","lines":"223","arr":["223"],"terminus":0,"mode":"bus","color":"#0059a9","colorDark":"#00294f","angle":197.2,"snapDist":4,"label":0}},{"type":"Feature","geometry":{"type":"Point","coordinates":[19.723097,49.958862]},"properties":{"name":"Facimiech Pod Kolebą","lines":"223","arr":["223"],"terminus":0,"mode":"bus","color":"#0059a9","colorDark":"#00294f","angle":177.9,"snapDist":6,"label":0}},{"type":"Feature","geometry":{"type":"Point","coordinates":[19.744563,49.959016]},"properties":{"name":"Zelczyna Szkoła","lines":"223","arr":["223"],"terminus":0,"mode":"bus","color":"#0059a9","colorDark":"#00294f","angle":162.7,"snapDist":4,"label":0}},{"type":"Feature","geometry":{"type":"Point","coordinates":[19.747958,49.960452]},"properties":{"name":"Zelczyna PKP","lines":"223, 235","arr":["223","235"],"terminus":0,"mode":"bus","color":"#0059a9","colorDark":"#00294f","angle":133.6,"snapDist":10,"label":0}},{"type":"Feature","geometry":{"type":"Point","coordinates":[19.758482,49.962555]},"properties":{"name":"Zelczyna Lawendowa","lines":"223, 235","arr":["223","235"],"terminus":0,"mode":"bus","color":"#0059a9","colorDark":"#00294f","angle":155.2,"snapDist":3,"label":0}},{"type":"Feature","geometry":{"type":"Point","coordinates":[19.770741,49.96483]},"properties":{"name":"Borek Szlachecki Kościół","lines":"223, 235","arr":["223","235"],"terminus":0,"mode":"bus","color":"#0059a9","colorDark":"#00294f","angle":174.6,"snapDist":7,"label":0}},{"type":"Feature","geometry":{"type":"Point","coordinates":[19.776577,49.965432]},"properties":{"name":"Borek Szlachecki Dworska","lines":"223, 235","arr":["223","235"],"terminus":0,"mode":"bus","color":"#0059a9","colorDark":"#00294f","angle":165.5,"snapDist":4,"label":0}},{"type":"Feature","geometry":{"type":"Point","coordinates":[19.784892,49.968563]},"properties":{"name":"Skawina Sąsiedzka","lines":"223, 235","arr":["223","235"],"terminus":0,"mode":"bus","color":"#0059a9","colorDark":"#00294f","angle":144.3,"snapDist":6,"label":0}},{"type":"Feature","geometry":{"type":"Point","coordinates":[19.799301,49.972421]},"properties":{"name":"Skawina Piłsudskiego","lines":"223, 235","arr":["223","235"],"terminus":0,"mode":"bus","color":"#0059a9","colorDark":"#00294f","angle":168.5,"snapDist":7,"label":0}},{"type":"Feature","geometry":{"type":"Point","coordinates":[19.804188,49.97295]},"properties":{"name":"Skawina Elektrownia","lines":"223, 235","arr":["223","235"],"terminus":0,"mode":"bus","color":"#0059a9","colorDark":"#00294f","angle":178.4,"snapDist":5,"label":0}},{"type":"Feature","geometry":{"type":"Point","coordinates":[19.806959,49.972998]},"properties":{"name":"Skawina Zachodnia","lines":"223, 235","arr":["223","235"],"terminus":0,"mode":"bus","color":"#0059a9","colorDark":"#00294f","angle":178.2,"snapDist":3,"label":0}},{"type":"Feature","geometry":{"type":"Point","coordinates":[19.813969,49.973837]},"properties":{"name":"Skawina Koncentraty","lines":"223, 235","arr":["223","235"],"terminus":0,"mode":"bus","color":"#0059a9","colorDark":"#00294f","angle":169.1,"snapDist":4,"label":0}},{"type":"Feature","geometry":{"type":"Point","coordinates":[19.837776,49.9835]},"properties":{"name":"Skawina Rzepnik","lines":"223, 253, 283, 293, 903","arr":["223","253","283","293","903"],"terminus":0,"mode":"bus","color":"#0059a9","colorDark":"#00294f","angle":112.7,"snapDist":6,"label":0}},{"type":"Feature","geometry":{"type":"Point","coordinates":[19.844509,49.988576]},"properties":{"name":"Skawina Podlipki","lines":"223, 253, 283, 293, 903","arr":["223","253","283","293","903"],"terminus":0,"mode":"bus","color":"#0059a9","colorDark":"#00294f","angle":132.7,"snapDist":6,"label":0}},{"type":"Feature","geometry":{"type":"Point","coordinates":[19.848794,49.991761]},"properties":{"name":"Skawina Obwodnica","lines":"223, 253, 283, 293, 903","arr":["223","253","283","293","903"],"terminus":0,"mode":"bus","color":"#0059a9","colorDark":"#00294f","angle":131.1,"snapDist":5,"label":0}},{"type":"Feature","geometry":{"type":"Point","coordinates":[19.875225,50.006402]},"properties":{"name":"Skotniki","lines":"223, 233, 253, 283, 293, 903","arr":["223","233","253","283","293","903"],"terminus":0,"mode":"bus","color":"#0059a9","colorDark":"#00294f","angle":197.3,"snapDist":6,"label":0}},{"type":"Feature","geometry":{"type":"Point","coordinates":[20.059819,49.984621]},"properties":{"name":"Wieliczka Magistrat","lines":"224, 284","arr":["224","284"],"terminus":0,"mode":"bus","color":"#0059a9","colorDark":"#00294f","angle":27.4,"snapDist":5,"label":1}},{"type":"Feature","geometry":{"type":"Point","coordinates":[20.056425,49.983165]},"properties":{"name":"Wieliczka Szyb Daniłowicza","lines":"224","arr":["224"],"terminus":0,"mode":"bus","color":"#0059a9","colorDark":"#00294f","angle":260.2,"snapDist":3,"label":1}},{"type":"Feature","geometry":{"type":"Point","coordinates":[20.055467,49.98085]},"properties":{"name":"Wieliczka Klaśnieńska","lines":"224","arr":["224"],"terminus":0,"mode":"bus","color":"#0059a9","colorDark":"#00294f","angle":334.5,"snapDist":6,"label":1}},{"type":"Feature","geometry":{"type":"Point","coordinates":[20.051122,49.980464]},"properties":{"name":"Wieliczka Sąd","lines":"224","arr":["224"],"terminus":0,"mode":"bus","color":"#0059a9","colorDark":"#00294f","angle":358.3,"snapDist":4,"label":1}},{"type":"Feature","geometry":{"type":"Point","coordinates":[20.045947,49.985803]},"properties":{"name":"Wieliczka Solne Miasto","lines":"224, 244","arr":["224","244"],"terminus":0,"mode":"bus","color":"#0059a9","colorDark":"#00294f","angle":72.8,"snapDist":2,"label":1}},{"type":"Feature","geometry":{"type":"Point","coordinates":[20.038779,49.988915]},"properties":{"name":"Wieliczka Os. Szymanowskiego","lines":"224","arr":["224"],"terminus":0,"mode":"bus","color":"#0059a9","colorDark":"#00294f","angle":347.6,"snapDist":3,"label":1}},{"type":"Feature","geometry":{"type":"Point","coordinates":[20.031538,49.989945]},"properties":{"name":"Wieliczka Krzyszkowice Dom Ludowy","lines":"224","arr":["224"],"terminus":0,"mode":"bus","color":"#0059a9","colorDark":"#00294f","angle":17.6,"snapDist":3,"label":1}},{"type":"Feature","geometry":{"type":"Point","coordinates":[20.019858,49.99491]},"properties":{"name":"Wieliczka Modrzewiowa","lines":"224, 244","arr":["224","244"],"terminus":0,"mode":"bus","color":"#0059a9","colorDark":"#00294f","angle":72.7,"snapDist":4,"label":1}},{"type":"Feature","geometry":{"type":"Point","coordinates":[20.024238,49.998533]},"properties":{"name":"Wieliczka Różana","lines":"224, 244","arr":["224","244"],"terminus":0,"mode":"bus","color":"#0059a9","colorDark":"#00294f","angle":157,"snapDist":4,"label":1}},{"type":"Feature","geometry":{"type":"Point","coordinates":[19.949048,50.014177]},"properties":{"name":"Kurdwanów P+R","lines":"224","arr":["224"],"terminus":0,"mode":"bus","color":"#0059a9","colorDark":"#00294f","angle":18,"snapDist":10,"label":0}},{"type":"Feature","geometry":{"type":"Point","coordinates":[19.944227,50.014964]},"properties":{"name":"Turowicza","lines":"224","arr":["224"],"terminus":0,"mode":"bus","color":"#0059a9","colorDark":"#00294f","angle":1.2,"snapDist":8,"label":1}},{"type":"Feature","geometry":{"type":"Point","coordinates":[19.937099,50.012394]},"properties":{"name":"Centrum JP II","lines":"224","arr":["224"],"terminus":1,"mode":"bus","color":"#0059a9","colorDark":"#00294f","angle":173.4,"snapDist":7,"label":1}},{"type":"Feature","geometry":{"type":"Point","coordinates":[19.946186,50.014583]},"properties":{"name":"Turowicza","lines":"224","arr":["224"],"terminus":0,"mode":"bus","color":"#0059a9","colorDark":"#00294f","angle":208.8,"snapDist":5,"label":0}},{"type":"Feature","geometry":{"type":"Point","coordinates":[20.026996,49.999165]},"properties":{"name":"Wielicka Granica Miasta","lines":"224, 244","arr":["224","244"],"terminus":0,"mode":"bus","color":"#0059a9","colorDark":"#00294f","angle":343.2,"snapDist":4,"label":0}},{"type":"Feature","geometry":{"type":"Point","coordinates":[20.019956,49.994712]},"properties":{"name":"Wieliczka Modrzewiowa","lines":"224, 244","arr":["224","244"],"terminus":0,"mode":"bus","color":"#0059a9","colorDark":"#00294f","angle":251.4,"snapDist":4,"label":0}},{"type":"Feature","geometry":{"type":"Point","coordinates":[20.032048,49.989857]},"properties":{"name":"Wieliczka Krzyszkowice Dom Ludowy","lines":"224","arr":["224"],"terminus":0,"mode":"bus","color":"#0059a9","colorDark":"#00294f","angle":191.5,"snapDist":3,"label":0}},{"type":"Feature","geometry":{"type":"Point","coordinates":[20.038238,49.988828]},"properties":{"name":"Wieliczka Os. Szymanowskiego","lines":"224, 244","arr":["224","244"],"terminus":0,"mode":"bus","color":"#0059a9","colorDark":"#00294f","angle":165.1,"snapDist":3,"label":0}},{"type":"Feature","geometry":{"type":"Point","coordinates":[20.046172,49.985351]},"properties":{"name":"Wieliczka Solne Miasto","lines":"224, 244","arr":["224","244"],"terminus":0,"mode":"bus","color":"#0059a9","colorDark":"#00294f","angle":251.4,"snapDist":4,"label":0}},{"type":"Feature","geometry":{"type":"Point","coordinates":[20.049444,49.980727]},"properties":{"name":"Wieliczka Sąd","lines":"224","arr":["224"],"terminus":0,"mode":"bus","color":"#0059a9","colorDark":"#00294f","angle":238.2,"snapDist":4,"label":0}},{"type":"Feature","geometry":{"type":"Point","coordinates":[20.05641,49.981232]},"properties":{"name":"Wieliczka Klaśnieńska","lines":"224","arr":["224"],"terminus":0,"mode":"bus","color":"#0059a9","colorDark":"#00294f","angle":137.9,"snapDist":3,"label":0}},{"type":"Feature","geometry":{"type":"Point","coordinates":[20.057042,49.984251]},"properties":{"name":"Wieliczka Kopalnia Soli","lines":"224, 244, 274, 304","arr":["224","244","274","304"],"terminus":0,"mode":"bus","color":"#0059a9","colorDark":"#00294f","angle":167.5,"snapDist":6,"label":1}},{"type":"Feature","geometry":{"type":"Point","coordinates":[20.061444,49.985151]},"properties":{"name":"Wieliczka Goliana","lines":"224, 284","arr":["224","284"],"terminus":0,"mode":"bus","color":"#0059a9","colorDark":"#00294f","angle":104.7,"snapDist":5,"label":1}},{"type":"Feature","geometry":{"type":"Point","coordinates":[19.967505,49.938425]},"properties":{"name":"Rzeszotary Pod Dębiną","lines":"225, 285, 915","arr":["225","285","915"],"terminus":0,"mode":"bus","color":"#0059a9","colorDark":"#00294f","angle":185.1,"snapDist":4,"label":1}},{"type":"Feature","geometry":{"type":"Point","coordinates":[19.972494,49.938106]},"properties":{"name":"Rzeszotary Szkoła","lines":"225, 285, 915","arr":["225","285","915"],"terminus":0,"mode":"bus","color":"#0059a9","colorDark":"#00294f","angle":172.1,"snapDist":3,"label":1}},{"type":"Feature","geometry":{"type":"Point","coordinates":[19.983636,49.939247]},"properties":{"name":"Rzeszotary Trafo","lines":"225, 285, 915","arr":["225","285","915"],"terminus":0,"mode":"bus","color":"#0059a9","colorDark":"#00294f","angle":188.5,"snapDist":3,"label":1}},{"type":"Feature","geometry":{"type":"Point","coordinates":[19.990418,49.941988]},"properties":{"name":"Rzeszotary Tempo","lines":"225, 285, 915","arr":["225","285","915"],"terminus":0,"mode":"bus","color":"#0059a9","colorDark":"#00294f","angle":177.5,"snapDist":3,"label":1}},{"type":"Feature","geometry":{"type":"Point","coordinates":[19.993381,49.94353]},"properties":{"name":"Rzeszotary Dworska","lines":"225, 285, 915","arr":["225","285","915"],"terminus":0,"mode":"bus","color":"#0059a9","colorDark":"#00294f","angle":51.4,"snapDist":5,"label":1}},{"type":"Feature","geometry":{"type":"Point","coordinates":[19.980837,49.945284]},"properties":{"name":"Rzeszotary Polanki","lines":"225, 285, 915","arr":["225","285","915"],"terminus":0,"mode":"bus","color":"#0059a9","colorDark":"#00294f","angle":17.5,"snapDist":3,"label":1}},{"type":"Feature","geometry":{"type":"Point","coordinates":[19.973003,49.945701]},"properties":{"name":"Rzeszotary Remiza","lines":"225, 285, 915","arr":["225","285","915"],"terminus":0,"mode":"bus","color":"#0059a9","colorDark":"#00294f","angle":324.6,"snapDist":5,"label":1}},{"type":"Feature","geometry":{"type":"Point","coordinates":[19.974183,49.952987]},"properties":{"name":"Ochojno Skrzyżowanie","lines":"225, 285, 915","arr":["225","285","915"],"terminus":0,"mode":"bus","color":"#0059a9","colorDark":"#00294f","angle":82.1,"snapDist":3,"label":1}},{"type":"Feature","geometry":{"type":"Point","coordinates":[19.9716,49.957169]},"properties":{"name":"Ochojno Kamieniec","lines":"225, 915","arr":["225","915"],"terminus":0,"mode":"bus","color":"#0059a9","colorDark":"#00294f","angle":29.7,"snapDist":1,"label":1}},{"type":"Feature","geometry":{"type":"Point","coordinates":[19.96341,49.959397]},"properties":{"name":"Ochojno Dąbrówki","lines":"225, 915","arr":["225","915"],"terminus":0,"mode":"bus","color":"#0059a9","colorDark":"#00294f","angle":15,"snapDist":3,"label":1}},{"type":"Feature","geometry":{"type":"Point","coordinates":[19.954215,49.961773]},"properties":{"name":"Wrząsowice Pod Skałą","lines":"225, 915","arr":["225","915"],"terminus":0,"mode":"bus","color":"#0059a9","colorDark":"#00294f","angle":73.7,"snapDist":3,"label":1}},{"type":"Feature","geometry":{"type":"Point","coordinates":[19.952365,49.967761]},"properties":{"name":"Wrząsowice Nad Wilgą","lines":"225, 915","arr":["225","915"],"terminus":0,"mode":"bus","color":"#0059a9","colorDark":"#00294f","angle":39.4,"snapDist":3,"label":1}},{"type":"Feature","geometry":{"type":"Point","coordinates":[19.953422,49.967287]},"properties":{"name":"Wrząsowice Nad Wilgą","lines":"225","arr":["225"],"terminus":0,"mode":"bus","color":"#0059a9","colorDark":"#00294f","angle":207.4,"snapDist":3,"label":0}},{"type":"Feature","geometry":{"type":"Point","coordinates":[19.954382,49.961408]},"properties":{"name":"Wrząsowice Pod Skałą","lines":"225","arr":["225"],"terminus":0,"mode":"bus","color":"#0059a9","colorDark":"#00294f","angle":253.7,"snapDist":3,"label":0}},{"type":"Feature","geometry":{"type":"Point","coordinates":[19.96334,49.959409]},"properties":{"name":"Ochojno Dąbrówki","lines":"225","arr":["225"],"terminus":0,"mode":"bus","color":"#0059a9","colorDark":"#00294f","angle":195,"snapDist":6,"label":0}},{"type":"Feature","geometry":{"type":"Point","coordinates":[19.970966,49.957401]},"properties":{"name":"Ochojno Kamieniec","lines":"225","arr":["225"],"terminus":0,"mode":"bus","color":"#0059a9","colorDark":"#00294f","angle":209.7,"snapDist":5,"label":0}},{"type":"Feature","geometry":{"type":"Point","coordinates":[19.974219,49.952721]},"properties":{"name":"Ochojno Skrzyżowanie","lines":"225, 285","arr":["225","285"],"terminus":0,"mode":"bus","color":"#0059a9","colorDark":"#00294f","angle":267.9,"snapDist":3,"label":0}},{"type":"Feature","geometry":{"type":"Point","coordinates":[19.972991,49.945695]},"properties":{"name":"Rzeszotary Remiza","lines":"225, 285","arr":["225","285"],"terminus":0,"mode":"bus","color":"#0059a9","colorDark":"#00294f","angle":144.6,"snapDist":5,"label":0}},{"type":"Feature","geometry":{"type":"Point","coordinates":[19.981302,49.94519]},"properties":{"name":"Rzeszotary Polanki","lines":"225, 285","arr":["225","285"],"terminus":0,"mode":"bus","color":"#0059a9","colorDark":"#00294f","angle":194.5,"snapDist":3,"label":0}},{"type":"Feature","geometry":{"type":"Point","coordinates":[19.993361,49.943546]},"properties":{"name":"Rzeszotary Dworska","lines":"225, 285","arr":["225","285"],"terminus":0,"mode":"bus","color":"#0059a9","colorDark":"#00294f","angle":231.3,"snapDist":5,"label":0}},{"type":"Feature","geometry":{"type":"Point","coordinates":[19.989057,49.941543]},"properties":{"name":"Rzeszotary Tempo","lines":"225, 285","arr":["225","285"],"terminus":0,"mode":"bus","color":"#0059a9","colorDark":"#00294f","angle":316.2,"snapDist":3,"label":0}},{"type":"Feature","geometry":{"type":"Point","coordinates":[19.983234,49.939286]},"properties":{"name":"Rzeszotary Trafo","lines":"225, 285","arr":["225","285"],"terminus":0,"mode":"bus","color":"#0059a9","colorDark":"#00294f","angle":8.5,"snapDist":3,"label":0}},{"type":"Feature","geometry":{"type":"Point","coordinates":[19.974495,49.938262]},"properties":{"name":"Rzeszotary Szkoła","lines":"225, 285","arr":["225","285"],"terminus":0,"mode":"bus","color":"#0059a9","colorDark":"#00294f","angle":353.8,"snapDist":3,"label":0}},{"type":"Feature","geometry":{"type":"Point","coordinates":[19.967895,49.938431]},"properties":{"name":"Rzeszotary Pod Dębiną","lines":"225, 285","arr":["225","285"],"terminus":0,"mode":"bus","color":"#0059a9","colorDark":"#00294f","angle":354.4,"snapDist":3,"label":0}},{"type":"Feature","geometry":{"type":"Point","coordinates":[19.928774,50.095136]},"properties":{"name":"Pachońskiego P+R","lines":"227, 267, 513, 937","arr":["227","267","513","937"],"terminus":0,"mode":"bus","color":"#0059a9","colorDark":"#00294f","angle":66.9,"snapDist":7,"label":0}},{"type":"Feature","geometry":{"type":"Point","coordinates":[19.923725,50.102508]},"properties":{"name":"Prądnik Biały Zachód","lines":"227, 267, 337, 937","arr":["227","267","337","937"],"terminus":0,"mode":"bus","color":"#0059a9","colorDark":"#00294f","angle":153.7,"snapDist":7,"label":0}},{"type":"Feature","geometry":{"type":"Point","coordinates":[19.92651,50.103351]},"properties":{"name":"Glogera","lines":"227, 267, 937","arr":["227","267","937"],"terminus":0,"mode":"bus","color":"#0059a9","colorDark":"#00294f","angle":156.9,"snapDist":4,"label":1}},{"type":"Feature","geometry":{"type":"Point","coordinates":[19.926403,50.104301]},"properties":{"name":"Glogera Granica Miasta","lines":"227, 267, 937","arr":["227","267","937"],"terminus":0,"mode":"bus","color":"#0059a9","colorDark":"#00294f","angle":68.4,"snapDist":3,"label":1}},{"type":"Feature","geometry":{"type":"Point","coordinates":[19.924152,50.108352]},"properties":{"name":"Zielonki Skrzyżowanie","lines":"227, 267, 337, 937","arr":["227","267","337","937"],"terminus":0,"mode":"bus","color":"#0059a9","colorDark":"#00294f","angle":75.9,"snapDist":4,"label":1}},{"type":"Feature","geometry":{"type":"Point","coordinates":[19.92089,50.113006]},"properties":{"name":"Zielonki Rondo","lines":"227, 267, 337, 937","arr":["227","267","337","937"],"terminus":0,"mode":"bus","color":"#0059a9","colorDark":"#00294f","angle":56.5,"snapDist":7,"label":1}},{"type":"Feature","geometry":{"type":"Point","coordinates":[19.91943,50.13233]},"properties":{"name":"Zielonki Jaskinia Zielonkowska","lines":"227","arr":["227"],"terminus":0,"mode":"bus","color":"#0059a9","colorDark":"#00294f","angle":156.6,"snapDist":4,"label":1}},{"type":"Feature","geometry":{"type":"Point","coordinates":[19.922932,50.134692]},"properties":{"name":"Garlica Murowana Kasztany","lines":"227","arr":["227"],"terminus":0,"mode":"bus","color":"#0059a9","colorDark":"#00294f","angle":157.8,"snapDist":1,"label":1}},{"type":"Feature","geometry":{"type":"Point","coordinates":[19.927532,50.141144]},"properties":{"name":"Garlica Murowana Plac Zabaw","lines":"227","arr":["227"],"terminus":0,"mode":"bus","color":"#0059a9","colorDark":"#00294f","angle":97,"snapDist":3,"label":1}},{"type":"Feature","geometry":{"type":"Point","coordinates":[19.924825,50.144197]},"properties":{"name":"Garlica Duchowna Kapliczka","lines":"227","arr":["227"],"terminus":0,"mode":"bus","color":"#0059a9","colorDark":"#00294f","angle":66.7,"snapDist":4,"label":1}},{"type":"Feature","geometry":{"type":"Point","coordinates":[19.922022,50.148824]},"properties":{"name":"Garlica Duchowna Rozjazd","lines":"227","arr":["227"],"terminus":0,"mode":"bus","color":"#0059a9","colorDark":"#00294f","angle":76.4,"snapDist":3,"label":1}},{"type":"Feature","geometry":{"type":"Point","coordinates":[19.931488,50.150439]},"properties":{"name":"Wola Zachariaszowska Szkoła","lines":"227, 280","arr":["227","280"],"terminus":0,"mode":"bus","color":"#0059a9","colorDark":"#00294f","angle":56,"snapDist":6,"label":1}},{"type":"Feature","geometry":{"type":"Point","coordinates":[19.936355,50.155538]},"properties":{"name":"Wola Zachariaszowska Słoneczna","lines":"227, 280","arr":["227","280"],"terminus":0,"mode":"bus","color":"#0059a9","colorDark":"#00294f","angle":52.8,"snapDist":4,"label":1}},{"type":"Feature","geometry":{"type":"Point","coordinates":[19.936107,50.162466]},"properties":{"name":"Górna Wieś Pętla","lines":"227, 280, 917","arr":["227","280","917"],"terminus":1,"mode":"bus","color":"#0059a9","colorDark":"#00294f","angle":259.2,"snapDist":3,"label":1}},{"type":"Feature","geometry":{"type":"Point","coordinates":[19.93621,50.155664]},"properties":{"name":"Wola Zachariaszowska Słoneczna","lines":"227, 280","arr":["227","280"],"terminus":0,"mode":"bus","color":"#0059a9","colorDark":"#00294f","angle":233.4,"snapDist":3,"label":0}},{"type":"Feature","geometry":{"type":"Point","coordinates":[19.931396,50.150526]},"properties":{"name":"Wola Zachariaszowska Szkoła","lines":"227, 280","arr":["227","280"],"terminus":0,"mode":"bus","color":"#0059a9","colorDark":"#00294f","angle":236,"snapDist":3,"label":0}},{"type":"Feature","geometry":{"type":"Point","coordinates":[19.921915,50.149107]},"properties":{"name":"Garlica Duchowna Rozjazd","lines":"227","arr":["227"],"terminus":0,"mode":"bus","color":"#0059a9","colorDark":"#00294f","angle":256.4,"snapDist":3,"label":0}},{"type":"Feature","geometry":{"type":"Point","coordinates":[19.925049,50.143858]},"properties":{"name":"Garlica Duchowna Kapliczka","lines":"227","arr":["227"],"terminus":0,"mode":"bus","color":"#0059a9","colorDark":"#00294f","angle":251.3,"snapDist":3,"label":0}},{"type":"Feature","geometry":{"type":"Point","coordinates":[19.927409,50.140691]},"properties":{"name":"Garlica Murowana Plac Zabaw","lines":"227","arr":["227"],"terminus":0,"mode":"bus","color":"#0059a9","colorDark":"#00294f","angle":279.4,"snapDist":6,"label":0}},{"type":"Feature","geometry":{"type":"Point","coordinates":[19.92205,50.134459]},"properties":{"name":"Garlica Murowana Kasztany","lines":"227","arr":["227"],"terminus":0,"mode":"bus","color":"#0059a9","colorDark":"#00294f","angle":337.5,"snapDist":4,"label":0}},{"type":"Feature","geometry":{"type":"Point","coordinates":[19.919021,50.132177]},"properties":{"name":"Zielonki Jaskinia Zielonkowska","lines":"227","arr":["227"],"terminus":0,"mode":"bus","color":"#0059a9","colorDark":"#00294f","angle":322.6,"snapDist":3,"label":0}},{"type":"Feature","geometry":{"type":"Point","coordinates":[19.921499,50.112186]},"properties":{"name":"Zielonki Rondo","lines":"227, 267, 337, 937","arr":["227","267","337","937"],"terminus":0,"mode":"bus","color":"#0059a9","colorDark":"#00294f","angle":243.2,"snapDist":6,"label":0}},{"type":"Feature","geometry":{"type":"Point","coordinates":[19.924422,50.107632]},"properties":{"name":"Zielonki Skrzyżowanie","lines":"227, 267, 337, 937","arr":["227","267","337","937"],"terminus":0,"mode":"bus","color":"#0059a9","colorDark":"#00294f","angle":257.5,"snapDist":6,"label":0}},{"type":"Feature","geometry":{"type":"Point","coordinates":[19.926487,50.104162]},"properties":{"name":"Glogera Granica Miasta","lines":"227, 267, 937","arr":["227","267","937"],"terminus":0,"mode":"bus","color":"#0059a9","colorDark":"#00294f","angle":248.1,"snapDist":4,"label":0}},{"type":"Feature","geometry":{"type":"Point","coordinates":[19.926092,50.103236]},"properties":{"name":"Glogera","lines":"227, 267, 937","arr":["227","267","937"],"terminus":0,"mode":"bus","color":"#0059a9","colorDark":"#00294f","angle":336.9,"snapDist":4,"label":0}},{"type":"Feature","geometry":{"type":"Point","coordinates":[19.923213,50.10162]},"properties":{"name":"Prądnik Biały Zachód","lines":"227, 267, 337, 513, 937","arr":["227","267","337","513","937"],"terminus":0,"mode":"bus","color":"#0059a9","colorDark":"#00294f","angle":243.5,"snapDist":7,"label":0}},{"type":"Feature","geometry":{"type":"Point","coordinates":[19.92905,50.094452]},"properties":{"name":"Pachońskiego P+R","lines":"227, 267, 513, 669, 937","arr":["227","267","513","669","937"],"terminus":0,"mode":"bus","color":"#0059a9","colorDark":"#00294f","angle":243.7,"snapDist":6,"label":0}},{"type":"Feature","geometry":{"type":"Point","coordinates":[19.709535,50.082165]},"properties":{"name":"Chrosna Pętla","lines":"228","arr":["228"],"terminus":1,"mode":"bus","color":"#0059a9","colorDark":"#00294f","angle":205,"snapDist":4,"label":1}},{"type":"Feature","geometry":{"type":"Point","coordinates":[19.716024,50.081339]},"properties":{"name":"Chrosna Studnia","lines":"228","arr":["228"],"terminus":0,"mode":"bus","color":"#0059a9","colorDark":"#00294f","angle":171.8,"snapDist":3,"label":1}},{"type":"Feature","geometry":{"type":"Point","coordinates":[19.721182,50.079609]},"properties":{"name":"Chrosna Sklep","lines":"228","arr":["228"],"terminus":0,"mode":"bus","color":"#0059a9","colorDark":"#00294f","angle":194.3,"snapDist":3,"label":1}},{"type":"Feature","geometry":{"type":"Point","coordinates":[19.73024,50.079669]},"properties":{"name":"Chrosna Kapliczka","lines":"228","arr":["228"],"terminus":0,"mode":"bus","color":"#0059a9","colorDark":"#00294f","angle":167.2,"snapDist":3,"label":1}},{"type":"Feature","geometry":{"type":"Point","coordinates":[19.738847,50.082755]},"properties":{"name":"Morawica Mostek","lines":"228","arr":["228"],"terminus":0,"mode":"bus","color":"#0059a9","colorDark":"#00294f","angle":189.8,"snapDist":3,"label":1}},{"type":"Feature","geometry":{"type":"Point","coordinates":[19.749434,50.080885]},"properties":{"name":"Morawica Krzyżówka","lines":"228","arr":["228"],"terminus":0,"mode":"bus","color":"#0059a9","colorDark":"#00294f","angle":34.5,"snapDist":2,"label":0}},{"type":"Feature","geometry":{"type":"Point","coordinates":[19.738834,50.082757]},"properties":{"name":"Morawica Mostek","lines":"228","arr":["228"],"terminus":0,"mode":"bus","color":"#0059a9","colorDark":"#00294f","angle":9.8,"snapDist":3,"label":0}},{"type":"Feature","geometry":{"type":"Point","coordinates":[19.729391,50.079568]},"properties":{"name":"Chrosna Kapliczka","lines":"228","arr":["228"],"terminus":0,"mode":"bus","color":"#0059a9","colorDark":"#00294f","angle":350.3,"snapDist":5,"label":0}},{"type":"Feature","geometry":{"type":"Point","coordinates":[19.721035,50.079633]},"properties":{"name":"Chrosna Sklep","lines":"228","arr":["228"],"terminus":0,"mode":"bus","color":"#0059a9","colorDark":"#00294f","angle":14.3,"snapDist":4,"label":0}},{"type":"Feature","geometry":{"type":"Point","coordinates":[19.716253,50.081353]},"properties":{"name":"Chrosna Studnia","lines":"228","arr":["228"],"terminus":0,"mode":"bus","color":"#0059a9","colorDark":"#00294f","angle":355.5,"snapDist":3,"label":0}},{"type":"Feature","geometry":{"type":"Point","coordinates":[19.767475,50.03857]},"properties":{"name":"Liszki Urząd Gminy","lines":"229, 239, 249","arr":["229","239","249"],"terminus":0,"mode":"bus","color":"#0059a9","colorDark":"#00294f","angle":339.7,"snapDist":7,"label":0}},{"type":"Feature","geometry":{"type":"Point","coordinates":[19.757588,50.034657]},"properties":{"name":"Liszki Rondo","lines":"229, 239, 249","arr":["229","239","249"],"terminus":0,"mode":"bus","color":"#0059a9","colorDark":"#00294f","angle":324.9,"snapDist":7,"label":1}},{"type":"Feature","geometry":{"type":"Point","coordinates":[19.749355,50.030998]},"properties":{"name":"Liszki Wołowska Droga","lines":"229, 239","arr":["229","239"],"terminus":0,"mode":"bus","color":"#0059a9","colorDark":"#00294f","angle":325.3,"snapDist":4,"label":1}},{"type":"Feature","geometry":{"type":"Point","coordinates":[19.73625,50.025149]},"properties":{"name":"Kaszów Wielka Droga","lines":"229","arr":["229"],"terminus":0,"mode":"bus","color":"#0059a9","colorDark":"#00294f","angle":325.2,"snapDist":3,"label":1}},{"type":"Feature","geometry":{"type":"Point","coordinates":[19.729016,50.02191]},"properties":{"name":"Kaszów Szkoła nr 2","lines":"229","arr":["229"],"terminus":0,"mode":"bus","color":"#0059a9","colorDark":"#00294f","angle":325.1,"snapDist":5,"label":1}},{"type":"Feature","geometry":{"type":"Point","coordinates":[19.719074,50.015941]},"properties":{"name":"Kaszów Wyźrał","lines":"229","arr":["229"],"terminus":0,"mode":"bus","color":"#0059a9","colorDark":"#00294f","angle":310.8,"snapDist":3,"label":1}},{"type":"Feature","geometry":{"type":"Point","coordinates":[19.702071,50.004058]},"properties":{"name":"Zagacie Witkówki","lines":"229","arr":["229"],"terminus":0,"mode":"bus","color":"#0059a9","colorDark":"#00294f","angle":309.5,"snapDist":4,"label":1}},{"type":"Feature","geometry":{"type":"Point","coordinates":[19.69666,49.999918]},"properties":{"name":"Zagacie Górka","lines":"229","arr":["229"],"terminus":0,"mode":"bus","color":"#0059a9","colorDark":"#00294f","angle":130.4,"snapDist":7,"label":1}},{"type":"Feature","geometry":{"type":"Point","coordinates":[19.685382,49.992048]},"properties":{"name":"Czernichów Studzienki","lines":"229, 259","arr":["229","259"],"terminus":0,"mode":"bus","color":"#0059a9","colorDark":"#00294f","angle":351.6,"snapDist":6,"label":1}},{"type":"Feature","geometry":{"type":"Point","coordinates":[19.676545,49.987198]},"properties":{"name":"Czernichów Rynek","lines":"229","arr":["229"],"terminus":0,"mode":"bus","color":"#0059a9","colorDark":"#00294f","angle":138.6,"snapDist":3,"label":0}},{"type":"Feature","geometry":{"type":"Point","coordinates":[19.666525,49.993222]},"properties":{"name":"Czernichów Zakamycze","lines":"229, 249","arr":["229","249"],"terminus":0,"mode":"bus","color":"#0059a9","colorDark":"#00294f","angle":70,"snapDist":3,"label":1}},{"type":"Feature","geometry":{"type":"Point","coordinates":[19.657376,49.995274]},"properties":{"name":"Czernichów Ratanice Most","lines":"229","arr":["229"],"terminus":0,"mode":"bus","color":"#0059a9","colorDark":"#00294f","angle":19.5,"snapDist":3,"label":1}},{"type":"Feature","geometry":{"type":"Point","coordinates":[19.650661,49.99695]},"properties":{"name":"Czernichów Ratanice","lines":"229","arr":["229"],"terminus":0,"mode":"bus","color":"#0059a9","colorDark":"#00294f","angle":11.2,"snapDist":3,"label":1}},{"type":"Feature","geometry":{"type":"Point","coordinates":[19.639658,49.994965]},"properties":{"name":"Kłokoczyn Szkoła","lines":"229","arr":["229"],"terminus":0,"mode":"bus","color":"#0059a9","colorDark":"#00294f","angle":22.4,"snapDist":4,"label":1}},{"type":"Feature","geometry":{"type":"Point","coordinates":[19.632464,49.996372]},"properties":{"name":"Kłokoczyn Machaczki","lines":"229","arr":["229"],"terminus":0,"mode":"bus","color":"#0059a9","colorDark":"#00294f","angle":341.6,"snapDist":3,"label":1}},{"type":"Feature","geometry":{"type":"Point","coordinates":[19.618272,49.995358]},"properties":{"name":"Rusocice Łęg","lines":"229","arr":["229"],"terminus":0,"mode":"bus","color":"#0059a9","colorDark":"#00294f","angle":357.3,"snapDist":4,"label":1}},{"type":"Feature","geometry":{"type":"Point","coordinates":[19.617005,49.997774]},"properties":{"name":"Rusocice Załęg","lines":"229","arr":["229"],"terminus":0,"mode":"bus","color":"#0059a9","colorDark":"#00294f","angle":232.9,"snapDist":5,"label":1}},{"type":"Feature","geometry":{"type":"Point","coordinates":[19.613078,50.001227]},"properties":{"name":"Rusocice Wieś","lines":"229","arr":["229"],"terminus":0,"mode":"bus","color":"#0059a9","colorDark":"#00294f","angle":-140.7,"snapDist":11,"label":1}},{"type":"Feature","geometry":{"type":"Point","coordinates":[19.606191,49.995098]},"properties":{"name":"Rusocice Skład","lines":"229","arr":["229"],"terminus":0,"mode":"bus","color":"#0059a9","colorDark":"#00294f","angle":63,"snapDist":5,"label":1}},{"type":"Feature","geometry":{"type":"Point","coordinates":[19.601885,49.999791]},"properties":{"name":"Rusocice Na Brzegu","lines":"229","arr":["229"],"terminus":0,"mode":"bus","color":"#0059a9","colorDark":"#00294f","angle":6.3,"snapDist":3,"label":1}},{"type":"Feature","geometry":{"type":"Point","coordinates":[19.591488,50.002029]},"properties":{"name":"Rusocice Jałowce","lines":"229","arr":["229"],"terminus":0,"mode":"bus","color":"#0059a9","colorDark":"#00294f","angle":44.3,"snapDist":3,"label":1}},{"type":"Feature","geometry":{"type":"Point","coordinates":[19.58798,50.005228]},"properties":{"name":"Rusocice Granica","lines":"229","arr":["229"],"terminus":0,"mode":"bus","color":"#0059a9","colorDark":"#00294f","angle":56.4,"snapDist":4,"label":1}},{"type":"Feature","geometry":{"type":"Point","coordinates":[19.5837,50.008577]},"properties":{"name":"Kamień Remiza","lines":"229","arr":["229"],"terminus":0,"mode":"bus","color":"#0059a9","colorDark":"#00294f","angle":96.8,"snapDist":6,"label":1}},{"type":"Feature","geometry":{"type":"Point","coordinates":[19.586718,50.014952]},"properties":{"name":"Kamień Szkoła","lines":"229","arr":["229"],"terminus":1,"mode":"bus","color":"#0059a9","colorDark":"#00294f","angle":264.5,"snapDist":2,"label":1}},{"type":"Feature","geometry":{"type":"Point","coordinates":[19.583968,50.009331]},"properties":{"name":"Kamień Remiza","lines":"229","arr":["229"],"terminus":0,"mode":"bus","color":"#0059a9","colorDark":"#00294f","angle":285.9,"snapDist":4,"label":0}},{"type":"Feature","geometry":{"type":"Point","coordinates":[19.588302,50.004909]},"properties":{"name":"Rusocice Granica","lines":"229","arr":["229"],"terminus":0,"mode":"bus","color":"#0059a9","colorDark":"#00294f","angle":237.7,"snapDist":6,"label":0}},{"type":"Feature","geometry":{"type":"Point","coordinates":[19.59068,50.002547]},"properties":{"name":"Rusocice Jałowce","lines":"229","arr":["229"],"terminus":0,"mode":"bus","color":"#0059a9","colorDark":"#00294f","angle":228.4,"snapDist":3,"label":0}},{"type":"Feature","geometry":{"type":"Point","coordinates":[19.601899,49.99979]},"properties":{"name":"Rusocice Na Brzegu","lines":"229","arr":["229"],"terminus":0,"mode":"bus","color":"#0059a9","colorDark":"#00294f","angle":186.3,"snapDist":6,"label":0}},{"type":"Feature","geometry":{"type":"Point","coordinates":[19.60649,49.994727]},"properties":{"name":"Rusocice Skład","lines":"229","arr":["229"],"terminus":0,"mode":"bus","color":"#0059a9","colorDark":"#00294f","angle":242.4,"snapDist":6,"label":0}},{"type":"Feature","geometry":{"type":"Point","coordinates":[19.613131,50.001199]},"properties":{"name":"Rusocice Wieś","lines":"229","arr":["229"],"terminus":0,"mode":"bus","color":"#0059a9","colorDark":"#00294f","angle":-140.7,"snapDist":13,"label":0}},{"type":"Feature","geometry":{"type":"Point","coordinates":[19.616301,49.99805]},"properties":{"name":"Rusocice Załęg","lines":"229","arr":["229"],"terminus":0,"mode":"bus","color":"#0059a9","colorDark":"#00294f","angle":33.3,"snapDist":3,"label":0}},{"type":"Feature","geometry":{"type":"Point","coordinates":[19.618257,49.995357]},"properties":{"name":"Rusocice Łęg","lines":"229","arr":["229"],"terminus":0,"mode":"bus","color":"#0059a9","colorDark":"#00294f","angle":177.3,"snapDist":4,"label":0}},{"type":"Feature","geometry":{"type":"Point","coordinates":[19.631743,49.996229]},"properties":{"name":"Kłokoczyn Machaczki","lines":"229","arr":["229"],"terminus":0,"mode":"bus","color":"#0059a9","colorDark":"#00294f","angle":171.1,"snapDist":3,"label":0}},{"type":"Feature","geometry":{"type":"Point","coordinates":[19.639387,49.995036]},"properties":{"name":"Kłokoczyn Szkoła","lines":"229","arr":["229"],"terminus":0,"mode":"bus","color":"#0059a9","colorDark":"#00294f","angle":202.4,"snapDist":3,"label":0}},{"type":"Feature","geometry":{"type":"Point","coordinates":[19.650378,49.996986]},"properties":{"name":"Czernichów Ratanice","lines":"229","arr":["229"],"terminus":0,"mode":"bus","color":"#0059a9","colorDark":"#00294f","angle":191,"snapDist":3,"label":0}},{"type":"Feature","geometry":{"type":"Point","coordinates":[19.657365,49.995276]},"properties":{"name":"Czernichów Ratanice Most","lines":"229","arr":["229"],"terminus":0,"mode":"bus","color":"#0059a9","colorDark":"#00294f","angle":199.5,"snapDist":3,"label":0}},{"type":"Feature","geometry":{"type":"Point","coordinates":[19.666628,49.993042]},"properties":{"name":"Czernichów Zakamycze","lines":"229, 249","arr":["229","249"],"terminus":0,"mode":"bus","color":"#0059a9","colorDark":"#00294f","angle":248.1,"snapDist":4,"label":0}},{"type":"Feature","geometry":{"type":"Point","coordinates":[19.676514,49.987181]},"properties":{"name":"Czernichów Rynek","lines":"229, 249, 259","arr":["229","249","259"],"terminus":1,"mode":"bus","color":"#0059a9","colorDark":"#00294f","angle":138.6,"snapDist":6,"label":1}},{"type":"Feature","geometry":{"type":"Point","coordinates":[19.685483,49.992059]},"properties":{"name":"Czernichów Studzienki","lines":"229, 259","arr":["229","259"],"terminus":0,"mode":"bus","color":"#0059a9","colorDark":"#00294f","angle":170.8,"snapDist":3,"label":0}},{"type":"Feature","geometry":{"type":"Point","coordinates":[19.696146,49.99953]},"properties":{"name":"Zagacie Górka","lines":"229","arr":["229"],"terminus":0,"mode":"bus","color":"#0059a9","colorDark":"#00294f","angle":130.4,"snapDist":5,"label":0}},{"type":"Feature","geometry":{"type":"Point","coordinates":[19.702847,50.004675]},"properties":{"name":"Zagacie Witkówki","lines":"229","arr":["229"],"terminus":0,"mode":"bus","color":"#0059a9","colorDark":"#00294f","angle":130.2,"snapDist":8,"label":0}},{"type":"Feature","geometry":{"type":"Point","coordinates":[19.718457,50.015483]},"properties":{"name":"Kaszów Wyźrał","lines":"229","arr":["229"],"terminus":0,"mode":"bus","color":"#0059a9","colorDark":"#00294f","angle":130.8,"snapDist":2,"label":0}},{"type":"Feature","geometry":{"type":"Point","coordinates":[19.728661,50.021751]},"properties":{"name":"Kaszów Szkoła nr 2","lines":"229","arr":["229"],"terminus":0,"mode":"bus","color":"#0059a9","colorDark":"#00294f","angle":145.2,"snapDist":4,"label":0}},{"type":"Feature","geometry":{"type":"Point","coordinates":[19.736218,50.025134]},"properties":{"name":"Kaszów Wielka Droga","lines":"229","arr":["229"],"terminus":0,"mode":"bus","color":"#0059a9","colorDark":"#00294f","angle":145.2,"snapDist":3,"label":0}},{"type":"Feature","geometry":{"type":"Point","coordinates":[19.749227,50.030943]},"properties":{"name":"Liszki Wołowska Droga","lines":"229, 239","arr":["229","239"],"terminus":0,"mode":"bus","color":"#0059a9","colorDark":"#00294f","angle":146.3,"snapDist":3,"label":0}},{"type":"Feature","geometry":{"type":"Point","coordinates":[19.759164,50.035363]},"properties":{"name":"Liszki Rondo","lines":"229, 239, 249","arr":["229","239","249"],"terminus":0,"mode":"bus","color":"#0059a9","colorDark":"#00294f","angle":145.4,"snapDist":6,"label":0}},{"type":"Feature","geometry":{"type":"Point","coordinates":[19.820314,50.135826]},"properties":{"name":"Ujazd Pętla","lines":"230, 288, 910","arr":["230","288","910"],"terminus":1,"mode":"bus","color":"#0059a9","colorDark":"#00294f","angle":276.3,"snapDist":4,"label":1}},{"type":"Feature","geometry":{"type":"Point","coordinates":[19.831448,50.134891]},"properties":{"name":"Tomaszowice Spacerowa","lines":"230, 910","arr":["230","910"],"terminus":0,"mode":"bus","color":"#0059a9","colorDark":"#00294f","angle":177.2,"snapDist":3,"label":1}},{"type":"Feature","geometry":{"type":"Point","coordinates":[19.836981,50.13477]},"properties":{"name":"Tomaszowice Kolberga","lines":"230, 910","arr":["230","910"],"terminus":0,"mode":"bus","color":"#0059a9","colorDark":"#00294f","angle":182.2,"snapDist":2,"label":1}},{"type":"Feature","geometry":{"type":"Point","coordinates":[19.842033,50.134362]},"properties":{"name":"Tomaszowice Dwór","lines":"230, 910","arr":["230","910"],"terminus":0,"mode":"bus","color":"#0059a9","colorDark":"#00294f","angle":172.1,"snapDist":4,"label":1}},{"type":"Feature","geometry":{"type":"Point","coordinates":[19.848634,50.135209]},"properties":{"name":"Tomaszowice Zacisze","lines":"230, 910","arr":["230","910"],"terminus":0,"mode":"bus","color":"#0059a9","colorDark":"#00294f","angle":197.4,"snapDist":3,"label":1}},{"type":"Feature","geometry":{"type":"Point","coordinates":[19.855762,50.133488]},"properties":{"name":"Modlnica Kościelna","lines":"230, 910","arr":["230","910"],"terminus":0,"mode":"bus","color":"#0059a9","colorDark":"#00294f","angle":202.6,"snapDist":2,"label":1}},{"type":"Feature","geometry":{"type":"Point","coordinates":[19.863162,50.130749]},"properties":{"name":"Modlnica Szkoła","lines":"230, 910","arr":["230","910"],"terminus":0,"mode":"bus","color":"#0059a9","colorDark":"#00294f","angle":260.4,"snapDist":6,"label":1}},{"type":"Feature","geometry":{"type":"Point","coordinates":[19.867824,50.124733]},"properties":{"name":"Modlnica Skrzyżowanie","lines":"230, 910","arr":["230","910"],"terminus":0,"mode":"bus","color":"#0059a9","colorDark":"#00294f","angle":263.5,"snapDist":3,"label":1}},{"type":"Feature","geometry":{"type":"Point","coordinates":[19.854775,50.11986]},"properties":{"name":"Modlniczka Dworska","lines":"230, 910","arr":["230","910"],"terminus":0,"mode":"bus","color":"#0059a9","colorDark":"#00294f","angle":193.5,"snapDist":5,"label":0}},{"type":"Feature","geometry":{"type":"Point","coordinates":[19.867575,50.124503]},"properties":{"name":"Modlnica Skrzyżowanie","lines":"230, 910","arr":["230","910"],"terminus":0,"mode":"bus","color":"#0059a9","colorDark":"#00294f","angle":174.2,"snapDist":4,"label":0}},{"type":"Feature","geometry":{"type":"Point","coordinates":[19.863196,50.130613]},"properties":{"name":"Modlnica Szkoła","lines":"230, 910","arr":["230","910"],"terminus":0,"mode":"bus","color":"#0059a9","colorDark":"#00294f","angle":80.9,"snapDist":5,"label":0}},{"type":"Feature","geometry":{"type":"Point","coordinates":[19.855421,50.133582]},"properties":{"name":"Modlnica Kościelna","lines":"230, 910","arr":["230","910"],"terminus":0,"mode":"bus","color":"#0059a9","colorDark":"#00294f","angle":23.6,"snapDist":3,"label":0}},{"type":"Feature","geometry":{"type":"Point","coordinates":[19.848192,50.135298]},"properties":{"name":"Tomaszowice Zacisze","lines":"230, 910","arr":["230","910"],"terminus":0,"mode":"bus","color":"#0059a9","colorDark":"#00294f","angle":13.9,"snapDist":3,"label":0}},{"type":"Feature","geometry":{"type":"Point","coordinates":[19.841741,50.134335]},"properties":{"name":"Tomaszowice Dwór","lines":"230, 910","arr":["230","910"],"terminus":0,"mode":"bus","color":"#0059a9","colorDark":"#00294f","angle":351.9,"snapDist":11,"label":0}},{"type":"Feature","geometry":{"type":"Point","coordinates":[19.836463,50.134788]},"properties":{"name":"Tomaszowice Kolberga","lines":"230, 910","arr":["230","910"],"terminus":0,"mode":"bus","color":"#0059a9","colorDark":"#00294f","angle":5.2,"snapDist":6,"label":0}},{"type":"Feature","geometry":{"type":"Point","coordinates":[19.831492,50.134893]},"properties":{"name":"Tomaszowice Spacerowa","lines":"230, 910","arr":["230","910"],"terminus":0,"mode":"bus","color":"#0059a9","colorDark":"#00294f","angle":357.2,"snapDist":3,"label":0}},{"type":"Feature","geometry":{"type":"Point","coordinates":[20.109788,50.17754]},"properties":{"name":"Wilków Pętla","lines":"232","arr":["232"],"terminus":1,"mode":"bus","color":"#0059a9","colorDark":"#00294f","angle":96.8,"snapDist":3,"label":1}},{"type":"Feature","geometry":{"type":"Point","coordinates":[20.109336,50.179151]},"properties":{"name":"Wilków Kaplica","lines":"232","arr":["232"],"terminus":0,"mode":"bus","color":"#0059a9","colorDark":"#00294f","angle":8.2,"snapDist":2,"label":1}},{"type":"Feature","geometry":{"type":"Point","coordinates":[20.092844,50.18086]},"properties":{"name":"Marszowice Centrum","lines":"232","arr":["232"],"terminus":0,"mode":"bus","color":"#0059a9","colorDark":"#00294f","angle":15.6,"snapDist":7,"label":0}},{"type":"Feature","geometry":{"type":"Point","coordinates":[20.073389,50.185065]},"properties":{"name":"Goszcza Kościół","lines":"232","arr":["232"],"terminus":0,"mode":"bus","color":"#0059a9","colorDark":"#00294f","angle":28.5,"snapDist":3,"label":1}},{"type":"Feature","geometry":{"type":"Point","coordinates":[20.069761,50.18693]},"properties":{"name":"Goszcza Dworek","lines":"232","arr":["232"],"terminus":0,"mode":"bus","color":"#0059a9","colorDark":"#00294f","angle":318.3,"snapDist":4,"label":1}},{"type":"Feature","geometry":{"type":"Point","coordinates":[20.0681,50.182138]},"properties":{"name":"Goszcza Cmentarz","lines":"232","arr":["232"],"terminus":0,"mode":"bus","color":"#0059a9","colorDark":"#00294f","angle":359.9,"snapDist":5,"label":1}},{"type":"Feature","geometry":{"type":"Point","coordinates":[20.066172,50.176798]},"properties":{"name":"Sadowie Wiadukt","lines":"232","arr":["232"],"terminus":0,"mode":"bus","color":"#0059a9","colorDark":"#00294f","angle":243.6,"snapDist":3,"label":1}},{"type":"Feature","geometry":{"type":"Point","coordinates":[20.068992,50.170543]},"properties":{"name":"Łuczyce Zwierzyniec","lines":"232","arr":["232"],"terminus":0,"mode":"bus","color":"#0059a9","colorDark":"#00294f","angle":257.8,"snapDist":2,"label":1}},{"type":"Feature","geometry":{"type":"Point","coordinates":[20.075541,50.164718]},"properties":{"name":"Łuczyce Zjawienie","lines":"232","arr":["232"],"terminus":0,"mode":"bus","color":"#0059a9","colorDark":"#00294f","angle":178.3,"snapDist":4,"label":1}},{"type":"Feature","geometry":{"type":"Point","coordinates":[20.083975,50.160578]},"properties":{"name":"Łuczyce Kosynierów","lines":"232","arr":["232"],"terminus":0,"mode":"bus","color":"#0059a9","colorDark":"#00294f","angle":209.4,"snapDist":4,"label":1}},{"type":"Feature","geometry":{"type":"Point","coordinates":[20.091826,50.159192]},"properties":{"name":"Łuczyce Las","lines":"232","arr":["232"],"terminus":0,"mode":"bus","color":"#0059a9","colorDark":"#00294f","angle":175.8,"snapDist":4,"label":1}},{"type":"Feature","geometry":{"type":"Point","coordinates":[20.099989,50.154617]},"properties":{"name":"Wysiołek Luborzycki Kapkazy","lines":"232","arr":["232"],"terminus":0,"mode":"bus","color":"#0059a9","colorDark":"#00294f","angle":235.9,"snapDist":3,"label":1}},{"type":"Feature","geometry":{"type":"Point","coordinates":[20.105084,50.151769]},"properties":{"name":"Wysiołek Luborzycki Skrzyżowanie","lines":"232","arr":["232"],"terminus":0,"mode":"bus","color":"#0059a9","colorDark":"#00294f","angle":28.4,"snapDist":4,"label":0}},{"type":"Feature","geometry":{"type":"Point","coordinates":[20.09973,50.154863]},"properties":{"name":"Wysiołek Luborzycki Kapkazy","lines":"232","arr":["232"],"terminus":0,"mode":"bus","color":"#0059a9","colorDark":"#00294f","angle":55.9,"snapDist":3,"label":0}},{"type":"Feature","geometry":{"type":"Point","coordinates":[20.092262,50.159213]},"properties":{"name":"Łuczyce Las","lines":"232","arr":["232"],"terminus":0,"mode":"bus","color":"#0059a9","colorDark":"#00294f","angle":355.8,"snapDist":2,"label":0}},{"type":"Feature","geometry":{"type":"Point","coordinates":[20.084648,50.160335]},"properties":{"name":"Łuczyce Kosynierów","lines":"232","arr":["232"],"terminus":0,"mode":"bus","color":"#0059a9","colorDark":"#00294f","angle":29.4,"snapDist":3,"label":0}},{"type":"Feature","geometry":{"type":"Point","coordinates":[20.075207,50.164709]},"properties":{"name":"Łuczyce Zjawienie","lines":"232","arr":["232"],"terminus":0,"mode":"bus","color":"#0059a9","colorDark":"#00294f","angle":356.5,"snapDist":3,"label":0}},{"type":"Feature","geometry":{"type":"Point","coordinates":[20.069145,50.170091]},"properties":{"name":"Łuczyce Zwierzyniec","lines":"232","arr":["232"],"terminus":0,"mode":"bus","color":"#0059a9","colorDark":"#00294f","angle":77.8,"snapDist":5,"label":0}},{"type":"Feature","geometry":{"type":"Point","coordinates":[20.066766,50.176066]},"properties":{"name":"Sadowie Wiadukt","lines":"232","arr":["232"],"terminus":0,"mode":"bus","color":"#0059a9","colorDark":"#00294f","angle":61.6,"snapDist":4,"label":0}},{"type":"Feature","geometry":{"type":"Point","coordinates":[20.068806,50.182541]},"properties":{"name":"Goszcza Cmentarz","lines":"232","arr":["232"],"terminus":0,"mode":"bus","color":"#0059a9","colorDark":"#00294f","angle":91.4,"snapDist":4,"label":0}},{"type":"Feature","geometry":{"type":"Point","coordinates":[20.069976,50.186704]},"properties":{"name":"Goszcza Dworek","lines":"232","arr":["232"],"terminus":0,"mode":"bus","color":"#0059a9","colorDark":"#00294f","angle":-74.6,"snapDist":12,"label":0}},{"type":"Feature","geometry":{"type":"Point","coordinates":[20.073858,50.184901]},"properties":{"name":"Goszcza Kościół","lines":"232","arr":["232"],"terminus":0,"mode":"bus","color":"#0059a9","colorDark":"#00294f","angle":208.5,"snapDist":3,"label":0}},{"type":"Feature","geometry":{"type":"Point","coordinates":[20.093087,50.180816]},"properties":{"name":"Marszowice Centrum","lines":"232","arr":["232"],"terminus":0,"mode":"bus","color":"#0059a9","colorDark":"#00294f","angle":195.6,"snapDist":2,"label":0}},{"type":"Feature","geometry":{"type":"Point","coordinates":[20.108697,50.17921]},"properties":{"name":"Wilków Kaplica","lines":"232","arr":["232"],"terminus":0,"mode":"bus","color":"#0059a9","colorDark":"#00294f","angle":188.2,"snapDist":3,"label":0}},{"type":"Feature","geometry":{"type":"Point","coordinates":[19.821763,49.976485]},"properties":{"name":"Skawina SCK","lines":"233","arr":["233"],"terminus":1,"mode":"bus","color":"#0059a9","colorDark":"#00294f","angle":277,"snapDist":13,"label":1}},{"type":"Feature","geometry":{"type":"Point","coordinates":[19.833425,49.974439]},"properties":{"name":"Skawina Popiełuszki","lines":"233, 235, 243","arr":["233","235","243"],"terminus":0,"mode":"bus","color":"#0059a9","colorDark":"#00294f","angle":185.9,"snapDist":3,"label":0}},{"type":"Feature","geometry":{"type":"Point","coordinates":[19.834522,49.973418]},"properties":{"name":"Skawina 29 Listopada","lines":"233","arr":["233"],"terminus":0,"mode":"bus","color":"#0059a9","colorDark":"#00294f","angle":230,"snapDist":5,"label":1}},{"type":"Feature","geometry":{"type":"Point","coordinates":[19.838629,49.971461]},"properties":{"name":"Skawina Starostwo Powiatowe","lines":"233","arr":["233"],"terminus":0,"mode":"bus","color":"#0059a9","colorDark":"#00294f","angle":211.3,"snapDist":4,"label":1}},{"type":"Feature","geometry":{"type":"Point","coordinates":[19.84414,49.968276]},"properties":{"name":"Skawina Ogrody","lines":"233","arr":["233"],"terminus":0,"mode":"bus","color":"#0059a9","colorDark":"#00294f","angle":229.8,"snapDist":3,"label":1}},{"type":"Feature","geometry":{"type":"Point","coordinates":[19.850097,49.966142]},"properties":{"name":"Skawina Kopernika","lines":"233","arr":["233"],"terminus":0,"mode":"bus","color":"#0059a9","colorDark":"#00294f","angle":190.8,"snapDist":3,"label":1}},{"type":"Feature","geometry":{"type":"Point","coordinates":[19.851927,49.967579]},"properties":{"name":"Skawina Cmentarz Komunalny","lines":"233","arr":["233"],"terminus":0,"mode":"bus","color":"#0059a9","colorDark":"#00294f","angle":104.4,"snapDist":4,"label":1}},{"type":"Feature","geometry":{"type":"Point","coordinates":[19.853338,49.971432]},"properties":{"name":"Skawina Wyspiańskiego Szkoła","lines":"233","arr":["233"],"terminus":0,"mode":"bus","color":"#0059a9","colorDark":"#00294f","angle":115.4,"snapDist":6,"label":1}},{"type":"Feature","geometry":{"type":"Point","coordinates":[19.858408,49.97477]},"properties":{"name":"Skawina Korabniki","lines":"233, 235, 243","arr":["233","235","243"],"terminus":0,"mode":"bus","color":"#0059a9","colorDark":"#00294f","angle":177.3,"snapDist":3,"label":1}},{"type":"Feature","geometry":{"type":"Point","coordinates":[19.861491,49.976631]},"properties":{"name":"Skawina Graniczna","lines":"233, 243","arr":["233","243"],"terminus":0,"mode":"bus","color":"#0059a9","colorDark":"#00294f","angle":158.4,"snapDist":4,"label":1}},{"type":"Feature","geometry":{"type":"Point","coordinates":[19.873108,49.980389]},"properties":{"name":"Nałkowskiej","lines":"233, 243","arr":["233","243"],"terminus":0,"mode":"bus","color":"#0059a9","colorDark":"#00294f","angle":319.2,"snapDist":3,"label":0}},{"type":"Feature","geometry":{"type":"Point","coordinates":[19.861164,49.976548]},"properties":{"name":"Skawina Graniczna","lines":"233, 243","arr":["233","243"],"terminus":0,"mode":"bus","color":"#0059a9","colorDark":"#00294f","angle":338.4,"snapDist":3,"label":0}},{"type":"Feature","geometry":{"type":"Point","coordinates":[19.858222,49.974959]},"properties":{"name":"Skawina Korabniki","lines":"233, 235, 243","arr":["233","235","243"],"terminus":0,"mode":"bus","color":"#0059a9","colorDark":"#00294f","angle":136.1,"snapDist":21,"label":0}},{"type":"Feature","geometry":{"type":"Point","coordinates":[19.85364,49.971836]},"properties":{"name":"Skawina Wyspiańskiego Szkoła","lines":"233","arr":["233"],"terminus":0,"mode":"bus","color":"#0059a9","colorDark":"#00294f","angle":298.9,"snapDist":3,"label":0}},{"type":"Feature","geometry":{"type":"Point","coordinates":[19.852707,49.967845]},"properties":{"name":"Skawina Cmentarz Komunalny","lines":"233","arr":["233"],"terminus":0,"mode":"bus","color":"#0059a9","colorDark":"#00294f","angle":172.2,"snapDist":9,"label":0}},{"type":"Feature","geometry":{"type":"Point","coordinates":[19.850401,49.966106]},"properties":{"name":"Skawina Kopernika","lines":"233","arr":["233"],"terminus":0,"mode":"bus","color":"#0059a9","colorDark":"#00294f","angle":9.8,"snapDist":4,"label":0}},{"type":"Feature","geometry":{"type":"Point","coordinates":[19.843502,49.968768]},"properties":{"name":"Skawina Ogrody","lines":"233","arr":["233"],"terminus":0,"mode":"bus","color":"#0059a9","colorDark":"#00294f","angle":55.8,"snapDist":2,"label":0}},{"type":"Feature","geometry":{"type":"Point","coordinates":[19.837087,49.972346]},"properties":{"name":"Skawina Starostwo Powiatowe","lines":"233","arr":["233"],"terminus":0,"mode":"bus","color":"#0059a9","colorDark":"#00294f","angle":19.2,"snapDist":3,"label":0}},{"type":"Feature","geometry":{"type":"Point","coordinates":[19.834686,49.973292]},"properties":{"name":"Skawina 29 Listopada","lines":"233","arr":["233"],"terminus":0,"mode":"bus","color":"#0059a9","colorDark":"#00294f","angle":50.1,"snapDist":3,"label":0}},{"type":"Feature","geometry":{"type":"Point","coordinates":[20.115211,50.01476]},"properties":{"name":"Węgrzce Wielkie Pętla","lines":"234","arr":["234"],"terminus":1,"mode":"bus","color":"#0059a9","colorDark":"#00294f","angle":-15.9,"snapDist":8,"label":1}},{"type":"Feature","geometry":{"type":"Point","coordinates":[20.110684,50.014856]},"properties":{"name":"Węgrzce Wielkie OSP","lines":"234","arr":["234"],"terminus":0,"mode":"bus","color":"#0059a9","colorDark":"#00294f","angle":356,"snapDist":4,"label":1}},{"type":"Feature","geometry":{"type":"Point","coordinates":[20.105913,50.014623]},"properties":{"name":"Węgrzce Wielkie Gościniec","lines":"234","arr":["234"],"terminus":0,"mode":"bus","color":"#0059a9","colorDark":"#00294f","angle":357.2,"snapDist":4,"label":1}},{"type":"Feature","geometry":{"type":"Point","coordinates":[20.09491,50.013794]},"properties":{"name":"Kokotów OSP","lines":"234","arr":["234"],"terminus":0,"mode":"bus","color":"#0059a9","colorDark":"#00294f","angle":346.1,"snapDist":3,"label":1}},{"type":"Feature","geometry":{"type":"Point","coordinates":[20.083421,50.012206]},"properties":{"name":"Kokotów Centrum","lines":"234","arr":["234"],"terminus":0,"mode":"bus","color":"#0059a9","colorDark":"#00294f","angle":358.5,"snapDist":4,"label":1}},{"type":"Feature","geometry":{"type":"Point","coordinates":[20.073586,50.012242]},"properties":{"name":"Czarnochowice Kokotowska","lines":"234","arr":["234"],"terminus":0,"mode":"bus","color":"#0059a9","colorDark":"#00294f","angle":4.9,"snapDist":3,"label":1}},{"type":"Feature","geometry":{"type":"Point","coordinates":[20.065205,50.010822]},"properties":{"name":"Bieżanów Granica Miasta","lines":"234","arr":["234"],"terminus":0,"mode":"bus","color":"#0059a9","colorDark":"#00294f","angle":288.6,"snapDist":6,"label":1}},{"type":"Feature","geometry":{"type":"Point","coordinates":[20.050603,50.016296]},"properties":{"name":"Złocieniowa","lines":"234","arr":["234"],"terminus":0,"mode":"bus","color":"#0059a9","colorDark":"#00294f","angle":24.5,"snapDist":3,"label":1}},{"type":"Feature","geometry":{"type":"Point","coordinates":[20.044012,50.017815]},"properties":{"name":"Sucharskiego","lines":"234","arr":["234"],"terminus":0,"mode":"bus","color":"#0059a9","colorDark":"#00294f","angle":27.6,"snapDist":4,"label":1}},{"type":"Feature","geometry":{"type":"Point","coordinates":[20.028271,50.015944]},"properties":{"name":"Korepty","lines":"234, 284","arr":["234","284"],"terminus":0,"mode":"bus","color":"#0059a9","colorDark":"#00294f","angle":262.4,"snapDist":4,"label":0}},{"type":"Feature","geometry":{"type":"Point","coordinates":[20.042742,50.01837]},"properties":{"name":"Sucharskiego","lines":"234","arr":["234"],"terminus":0,"mode":"bus","color":"#0059a9","colorDark":"#00294f","angle":216.1,"snapDist":3,"label":0}},{"type":"Feature","geometry":{"type":"Point","coordinates":[20.051184,50.016123]},"properties":{"name":"Złocieniowa","lines":"234","arr":["234"],"terminus":0,"mode":"bus","color":"#0059a9","colorDark":"#00294f","angle":205.4,"snapDist":4,"label":0}},{"type":"Feature","geometry":{"type":"Point","coordinates":[20.064334,50.009856]},"properties":{"name":"Bieżanów Granica Miasta","lines":"234","arr":["234"],"terminus":0,"mode":"bus","color":"#0059a9","colorDark":"#00294f","angle":141.7,"snapDist":6,"label":0}},{"type":"Feature","geometry":{"type":"Point","coordinates":[20.074321,50.012216]},"properties":{"name":"Czarnochowice Kokotowska","lines":"234","arr":["234"],"terminus":0,"mode":"bus","color":"#0059a9","colorDark":"#00294f","angle":180.7,"snapDist":6,"label":0}},{"type":"Feature","geometry":{"type":"Point","coordinates":[20.084306,50.012243]},"properties":{"name":"Kokotów Centrum","lines":"234","arr":["234"],"terminus":0,"mode":"bus","color":"#0059a9","colorDark":"#00294f","angle":170.5,"snapDist":6,"label":0}},{"type":"Feature","geometry":{"type":"Point","coordinates":[20.093077,50.013612]},"properties":{"name":"Kokotów OSP","lines":"234","arr":["234"],"terminus":0,"mode":"bus","color":"#0059a9","colorDark":"#00294f","angle":176,"snapDist":4,"label":0}},{"type":"Feature","geometry":{"type":"Point","coordinates":[20.106496,50.014643]},"properties":{"name":"Węgrzce Wielkie Gościniec","lines":"234","arr":["234"],"terminus":0,"mode":"bus","color":"#0059a9","colorDark":"#00294f","angle":175.8,"snapDist":4,"label":0}},{"type":"Feature","geometry":{"type":"Point","coordinates":[20.110697,50.014857]},"properties":{"name":"Węgrzce Wielkie OSP","lines":"234","arr":["234"],"terminus":0,"mode":"bus","color":"#0059a9","colorDark":"#00294f","angle":176,"snapDist":3,"label":0}},{"type":"Feature","geometry":{"type":"Point","coordinates":[19.750438,49.9778]},"properties":{"name":"Ochodza Odwiśle","lines":"235","arr":["235"],"terminus":1,"mode":"bus","color":"#0059a9","colorDark":"#00294f","angle":287.2,"snapDist":10,"label":1}},{"type":"Feature","geometry":{"type":"Point","coordinates":[19.746287,49.970191]},"properties":{"name":"Ochodza Staw","lines":"235","arr":["235"],"terminus":0,"mode":"bus","color":"#0059a9","colorDark":"#00294f","angle":329.2,"snapDist":2,"label":1}},{"type":"Feature","geometry":{"type":"Point","coordinates":[19.741796,49.966661]},"properties":{"name":"Ochodza Dom Ludowy","lines":"235","arr":["235"],"terminus":0,"mode":"bus","color":"#0059a9","colorDark":"#00294f","angle":268.5,"snapDist":3,"label":1}},{"type":"Feature","geometry":{"type":"Point","coordinates":[19.743279,49.964801]},"properties":{"name":"Ochodza Dwór","lines":"235","arr":["235"],"terminus":0,"mode":"bus","color":"#0059a9","colorDark":"#00294f","angle":94,"snapDist":2,"label":1}},{"type":"Feature","geometry":{"type":"Point","coordinates":[19.7437,49.9595]},"properties":{"name":"Zelczyna Szkoła","lines":"235","arr":["235"],"terminus":0,"mode":"bus","color":"#0059a9","colorDark":"#00294f","angle":258.5,"snapDist":6,"label":0}},{"type":"Feature","geometry":{"type":"Point","coordinates":[19.844798,49.974059]},"properties":{"name":"Skawina Korabnicka","lines":"235, 243","arr":["235","243"],"terminus":0,"mode":"bus","color":"#0059a9","colorDark":"#00294f","angle":178.5,"snapDist":4,"label":1}},{"type":"Feature","geometry":{"type":"Point","coordinates":[19.856478,49.974573]},"properties":{"name":"Skawina Wyspiańskiego","lines":"235, 243","arr":["235","243"],"terminus":0,"mode":"bus","color":"#0059a9","colorDark":"#00294f","angle":190.2,"snapDist":7,"label":1}},{"type":"Feature","geometry":{"type":"Point","coordinates":[19.869119,49.972602]},"properties":{"name":"Brzyczyna","lines":"235","arr":["235"],"terminus":0,"mode":"bus","color":"#0059a9","colorDark":"#00294f","angle":210.2,"snapDist":4,"label":1}},{"type":"Feature","geometry":{"type":"Point","coordinates":[19.876387,49.971567]},"properties":{"name":"Libertów Droga do Sidziny","lines":"235","arr":["235"],"terminus":0,"mode":"bus","color":"#0059a9","colorDark":"#00294f","angle":177.3,"snapDist":4,"label":1}},{"type":"Feature","geometry":{"type":"Point","coordinates":[19.883965,49.971671]},"properties":{"name":"Libertów Krzyżówka","lines":"235","arr":["235"],"terminus":0,"mode":"bus","color":"#0059a9","colorDark":"#00294f","angle":174.5,"snapDist":3,"label":1}},{"type":"Feature","geometry":{"type":"Point","coordinates":[19.891466,49.972164]},"properties":{"name":"Libertów Działy","lines":"235","arr":["235"],"terminus":0,"mode":"bus","color":"#0059a9","colorDark":"#00294f","angle":174.4,"snapDist":3,"label":1}},{"type":"Feature","geometry":{"type":"Point","coordinates":[19.898453,49.972486]},"properties":{"name":"Libertów Szkoła","lines":"235","arr":["235"],"terminus":0,"mode":"bus","color":"#0059a9","colorDark":"#00294f","angle":169.9,"snapDist":3,"label":1}},{"type":"Feature","geometry":{"type":"Point","coordinates":[19.904993,49.97319]},"properties":{"name":"Libertów Góra Libertowska","lines":"235","arr":["235"],"terminus":0,"mode":"bus","color":"#0059a9","colorDark":"#00294f","angle":165,"snapDist":5,"label":1}},{"type":"Feature","geometry":{"type":"Point","coordinates":[19.909552,49.978642]},"properties":{"name":"Libertów Zgodna","lines":"235","arr":["235"],"terminus":0,"mode":"bus","color":"#0059a9","colorDark":"#00294f","angle":80.9,"snapDist":6,"label":1}},{"type":"Feature","geometry":{"type":"Point","coordinates":[19.912907,49.983744]},"properties":{"name":"Ważewskiego","lines":"235, 245, 255, 275, 285","arr":["235","245","255","275","285"],"terminus":0,"mode":"bus","color":"#0059a9","colorDark":"#00294f","angle":108,"snapDist":6,"label":1}},{"type":"Feature","geometry":{"type":"Point","coordinates":[19.914064,49.986459]},"properties":{"name":"Opatkowice","lines":"235, 245, 255, 275, 285","arr":["235","245","255","275","285"],"terminus":0,"mode":"bus","color":"#0059a9","colorDark":"#00294f","angle":289.9,"snapDist":10,"label":0}},{"type":"Feature","geometry":{"type":"Point","coordinates":[19.912046,49.982894]},"properties":{"name":"Ważewskiego","lines":"235, 245, 255, 275, 285","arr":["235","245","255","275","285"],"terminus":0,"mode":"bus","color":"#0059a9","colorDark":"#00294f","angle":286.8,"snapDist":10,"label":0}},{"type":"Feature","geometry":{"type":"Point","coordinates":[19.909259,49.977899]},"properties":{"name":"Libertów Zgodna","lines":"235","arr":["235"],"terminus":0,"mode":"bus","color":"#0059a9","colorDark":"#00294f","angle":288.9,"snapDist":4,"label":0}},{"type":"Feature","geometry":{"type":"Point","coordinates":[19.907487,49.974508]},"properties":{"name":"Libertów Góra Libertowska","lines":"235","arr":["235"],"terminus":0,"mode":"bus","color":"#0059a9","colorDark":"#00294f","angle":288.2,"snapDist":4,"label":1}},{"type":"Feature","geometry":{"type":"Point","coordinates":[19.899923,49.972684]},"properties":{"name":"Libertów Szkoła","lines":"235","arr":["235"],"terminus":0,"mode":"bus","color":"#0059a9","colorDark":"#00294f","angle":356.1,"snapDist":3,"label":0}},{"type":"Feature","geometry":{"type":"Point","coordinates":[19.891094,49.972141]},"properties":{"name":"Libertów Działy","lines":"235","arr":["235"],"terminus":0,"mode":"bus","color":"#0059a9","colorDark":"#00294f","angle":354.4,"snapDist":3,"label":0}},{"type":"Feature","geometry":{"type":"Point","coordinates":[19.883674,49.971652]},"properties":{"name":"Libertów Krzyżówka","lines":"235","arr":["235"],"terminus":0,"mode":"bus","color":"#0059a9","colorDark":"#00294f","angle":354.5,"snapDist":3,"label":0}},{"type":"Feature","geometry":{"type":"Point","coordinates":[19.876132,49.97156]},"properties":{"name":"Libertów Droga do Sidziny","lines":"235","arr":["235"],"terminus":0,"mode":"bus","color":"#0059a9","colorDark":"#00294f","angle":357.3,"snapDist":3,"label":0}},{"type":"Feature","geometry":{"type":"Point","coordinates":[19.868641,49.972802]},"properties":{"name":"Brzyczyna","lines":"235","arr":["235"],"terminus":0,"mode":"bus","color":"#0059a9","colorDark":"#00294f","angle":34.4,"snapDist":2,"label":0}},{"type":"Feature","geometry":{"type":"Point","coordinates":[19.855218,49.974779]},"properties":{"name":"Skawina Wyspiańskiego","lines":"235, 243","arr":["235","243"],"terminus":0,"mode":"bus","color":"#0059a9","colorDark":"#00294f","angle":8.7,"snapDist":6,"label":0}},{"type":"Feature","geometry":{"type":"Point","coordinates":[19.847461,49.974113]},"properties":{"name":"Skawina Korabnicka","lines":"235, 243","arr":["235","243"],"terminus":0,"mode":"bus","color":"#0059a9","colorDark":"#00294f","angle":332.1,"snapDist":5,"label":0}},{"type":"Feature","geometry":{"type":"Point","coordinates":[19.836884,49.974219]},"properties":{"name":"Skawina Korabnicka Szkoła","lines":"235, 243","arr":["235","243"],"terminus":0,"mode":"bus","color":"#0059a9","colorDark":"#00294f","angle":6.6,"snapDist":3,"label":1}},{"type":"Feature","geometry":{"type":"Point","coordinates":[19.743963,49.959224]},"properties":{"name":"Zelczyna Szkoła","lines":"235","arr":["235"],"terminus":0,"mode":"bus","color":"#0059a9","colorDark":"#00294f","angle":78.3,"snapDist":3,"label":0}},{"type":"Feature","geometry":{"type":"Point","coordinates":[19.743279,49.964801]},"properties":{"name":"Ochodza Dwór","lines":"235","arr":["235"],"terminus":0,"mode":"bus","color":"#0059a9","colorDark":"#00294f","angle":94,"snapDist":2,"label":0}},{"type":"Feature","geometry":{"type":"Point","coordinates":[19.742296,49.967673]},"properties":{"name":"Ochodza Dom Ludowy","lines":"235","arr":["235"],"terminus":0,"mode":"bus","color":"#0059a9","colorDark":"#00294f","angle":129.6,"snapDist":2,"label":0}},{"type":"Feature","geometry":{"type":"Point","coordinates":[19.74663,49.970322]},"properties":{"name":"Ochodza Staw","lines":"235","arr":["235"],"terminus":0,"mode":"bus","color":"#0059a9","colorDark":"#00294f","angle":149.2,"snapDist":3,"label":0}},{"type":"Feature","geometry":{"type":"Point","coordinates":[19.692372,50.111969]},"properties":{"name":"Młynka Pętla","lines":"238","arr":["238"],"terminus":1,"mode":"bus","color":"#0059a9","colorDark":"#00294f","angle":174.3,"snapDist":5,"label":1}},{"type":"Feature","geometry":{"type":"Point","coordinates":[19.697456,50.113915]},"properties":{"name":"Młynka Kalwaryjska","lines":"238","arr":["238"],"terminus":0,"mode":"bus","color":"#0059a9","colorDark":"#00294f","angle":147.8,"snapDist":5,"label":1}},{"type":"Feature","geometry":{"type":"Point","coordinates":[19.702449,50.114246]},"properties":{"name":"Rudawa Młyn","lines":"238","arr":["238"],"terminus":0,"mode":"bus","color":"#0059a9","colorDark":"#00294f","angle":185.9,"snapDist":6,"label":1}},{"type":"Feature","geometry":{"type":"Point","coordinates":[19.711408,50.114435]},"properties":{"name":"Rudawa Stadion","lines":"238, 918","arr":["238","918"],"terminus":0,"mode":"bus","color":"#0059a9","colorDark":"#00294f","angle":100.7,"snapDist":3,"label":1}},{"type":"Feature","geometry":{"type":"Point","coordinates":[19.711842,50.122248]},"properties":{"name":"Rudawa Rynek","lines":"238, 278, 918","arr":["238","278","918"],"terminus":1,"mode":"bus","color":"#0059a9","colorDark":"#00294f","angle":78.8,"snapDist":4,"label":1}},{"type":"Feature","geometry":{"type":"Point","coordinates":[19.713482,50.11978]},"properties":{"name":"Rudawa PKP","lines":"238, 918","arr":["238","918"],"terminus":0,"mode":"bus","color":"#0059a9","colorDark":"#00294f","angle":-90,"snapDist":4,"label":1}},{"type":"Feature","geometry":{"type":"Point","coordinates":[19.713219,50.113552]},"properties":{"name":"Rudawa Stadion","lines":"238, 918","arr":["238","918"],"terminus":0,"mode":"bus","color":"#0059a9","colorDark":"#00294f","angle":185.6,"snapDist":7,"label":0}},{"type":"Feature","geometry":{"type":"Point","coordinates":[19.735274,50.112972]},"properties":{"name":"Kochanów Sowiarka","lines":"238, 918","arr":["238","918"],"terminus":0,"mode":"bus","color":"#0059a9","colorDark":"#00294f","angle":168.6,"snapDist":6,"label":1}},{"type":"Feature","geometry":{"type":"Point","coordinates":[19.804636,50.112792]},"properties":{"name":"Zabierzów Centrum","lines":"238, 248, 948","arr":["238","248","948"],"terminus":0,"mode":"bus","color":"#0059a9","colorDark":"#00294f","angle":183.8,"snapDist":7,"label":1}},{"type":"Feature","geometry":{"type":"Point","coordinates":[19.815594,50.109769]},"properties":{"name":"Zabierzów Kmity","lines":"238, 248, 948","arr":["238","248","948"],"terminus":0,"mode":"bus","color":"#0059a9","colorDark":"#00294f","angle":234,"snapDist":7,"label":1}},{"type":"Feature","geometry":{"type":"Point","coordinates":[19.824117,50.106671]},"properties":{"name":"Zabierzów Eximius Park","lines":"238","arr":["238"],"terminus":0,"mode":"bus","color":"#0059a9","colorDark":"#00294f","angle":226.1,"snapDist":4,"label":1}},{"type":"Feature","geometry":{"type":"Point","coordinates":[19.826438,50.109152]},"properties":{"name":"Zabierzów Rzemieślnicza","lines":"238, 248, 948","arr":["238","248","948"],"terminus":0,"mode":"bus","color":"#0059a9","colorDark":"#00294f","angle":171.4,"snapDist":6,"label":1}},{"type":"Feature","geometry":{"type":"Point","coordinates":[19.836774,50.10726]},"properties":{"name":"Modlniczka Mała","lines":"238, 288, 948","arr":["238","288","948"],"terminus":0,"mode":"bus","color":"#0059a9","colorDark":"#00294f","angle":299.7,"snapDist":4,"label":1}},{"type":"Feature","geometry":{"type":"Point","coordinates":[19.836851,50.099172]},"properties":{"name":"Rząska Szkoła","lines":"238, 288, 948","arr":["238","288","948"],"terminus":0,"mode":"bus","color":"#0059a9","colorDark":"#00294f","angle":219,"snapDist":5,"label":1}},{"type":"Feature","geometry":{"type":"Point","coordinates":[19.845992,50.096983]},"properties":{"name":"Rząska UR","lines":"238, 288, 948","arr":["238","288","948"],"terminus":0,"mode":"bus","color":"#0059a9","colorDark":"#00294f","angle":141.6,"snapDist":3,"label":1}},{"type":"Feature","geometry":{"type":"Point","coordinates":[19.855658,50.099627]},"properties":{"name":"Rząska Jednostka Wojskowa","lines":"238, 288, 948","arr":["238","288","948"],"terminus":0,"mode":"bus","color":"#0059a9","colorDark":"#00294f","angle":163,"snapDist":5,"label":1}},{"type":"Feature","geometry":{"type":"Point","coordinates":[19.862147,50.102343]},"properties":{"name":"Rząska Cmentarz","lines":"238, 248, 268, 278, 288, 948","arr":["238","248","268","278","288","948"],"terminus":0,"mode":"bus","color":"#0059a9","colorDark":"#00294f","angle":205.5,"snapDist":8,"label":1}},{"type":"Feature","geometry":{"type":"Point","coordinates":[19.869007,50.09755]},"properties":{"name":"Pasternik","lines":"238, 248, 268, 278, 288, 948","arr":["238","248","268","278","288","948"],"terminus":0,"mode":"bus","color":"#0059a9","colorDark":"#00294f","angle":220.4,"snapDist":7,"label":1}},{"type":"Feature","geometry":{"type":"Point","coordinates":[19.873755,50.095076]},"properties":{"name":"Cmentarz Bronowice","lines":"238, 248, 268, 278, 288, 948","arr":["238","248","268","278","288","948"],"terminus":0,"mode":"bus","color":"#0059a9","colorDark":"#00294f","angle":222.5,"snapDist":7,"label":1}},{"type":"Feature","geometry":{"type":"Point","coordinates":[19.873133,50.09558]},"properties":{"name":"Cmentarz Bronowice","lines":"238, 248, 258, 268, 278, 288, 948","arr":["238","248","258","268","278","288","948"],"terminus":0,"mode":"bus","color":"#0059a9","colorDark":"#00294f","angle":40.7,"snapDist":7,"label":0}},{"type":"Feature","geometry":{"type":"Point","coordinates":[19.868104,50.098624]},"properties":{"name":"Pasternik","lines":"238, 248, 258, 268, 278, 288, 948","arr":["238","248","258","268","278","288","948"],"terminus":0,"mode":"bus","color":"#0059a9","colorDark":"#00294f","angle":65,"snapDist":7,"label":0}},{"type":"Feature","geometry":{"type":"Point","coordinates":[19.860716,50.101081]},"properties":{"name":"Rząska Cmentarz","lines":"238, 258, 288, 948","arr":["238","258","288","948"],"terminus":0,"mode":"bus","color":"#0059a9","colorDark":"#00294f","angle":297.3,"snapDist":5,"label":0}},{"type":"Feature","geometry":{"type":"Point","coordinates":[19.855163,50.09953]},"properties":{"name":"Rząska Jednostka Wojskowa","lines":"238, 258, 288, 948","arr":["238","258","288","948"],"terminus":0,"mode":"bus","color":"#0059a9","colorDark":"#00294f","angle":343,"snapDist":8,"label":0}},{"type":"Feature","geometry":{"type":"Point","coordinates":[19.845577,50.096777]},"properties":{"name":"Rząska UR","lines":"238, 258, 288, 948","arr":["238","258","288","948"],"terminus":0,"mode":"bus","color":"#0059a9","colorDark":"#00294f","angle":322.3,"snapDist":3,"label":0}},{"type":"Feature","geometry":{"type":"Point","coordinates":[19.838578,50.098693]},"properties":{"name":"Rząska Szkoła","lines":"238, 258, 288, 948","arr":["238","258","288","948"],"terminus":0,"mode":"bus","color":"#0059a9","colorDark":"#00294f","angle":20.5,"snapDist":4,"label":0}},{"type":"Feature","geometry":{"type":"Point","coordinates":[19.835817,50.10549]},"properties":{"name":"Rząska Autostrada","lines":"238, 258, 288, 948","arr":["238","258","288","948"],"terminus":0,"mode":"bus","color":"#0059a9","colorDark":"#00294f","angle":90.5,"snapDist":3,"label":1}},{"type":"Feature","geometry":{"type":"Point","coordinates":[19.835283,50.107983]},"properties":{"name":"Modlniczka Mała","lines":"238, 248, 258, 948","arr":["238","248","258","948"],"terminus":0,"mode":"bus","color":"#0059a9","colorDark":"#00294f","angle":13.2,"snapDist":5,"label":0}},{"type":"Feature","geometry":{"type":"Point","coordinates":[19.825701,50.109074]},"properties":{"name":"Zabierzów Rzemieślnicza","lines":"238, 248, 258, 948","arr":["238","248","258","948"],"terminus":0,"mode":"bus","color":"#0059a9","colorDark":"#00294f","angle":348.9,"snapDist":4,"label":0}},{"type":"Feature","geometry":{"type":"Point","coordinates":[19.824076,50.106698]},"properties":{"name":"Zabierzów Eximius Park","lines":"238, 258","arr":["238","258"],"terminus":0,"mode":"bus","color":"#0059a9","colorDark":"#00294f","angle":46.1,"snapDist":6,"label":0}},{"type":"Feature","geometry":{"type":"Point","coordinates":[19.810147,50.112181]},"properties":{"name":"Zabierzów Willowa","lines":"238, 248, 948","arr":["238","248","948"],"terminus":0,"mode":"bus","color":"#0059a9","colorDark":"#00294f","angle":15.4,"snapDist":3,"label":1}},{"type":"Feature","geometry":{"type":"Point","coordinates":[19.800889,50.112899]},"properties":{"name":"Zabierzów Centrum","lines":"238, 248, 948","arr":["238","248","948"],"terminus":0,"mode":"bus","color":"#0059a9","colorDark":"#00294f","angle":38.2,"snapDist":6,"label":1}},{"type":"Feature","geometry":{"type":"Point","coordinates":[19.732386,50.112599]},"properties":{"name":"Kochanów Sowiarka","lines":"238, 918","arr":["238","918"],"terminus":0,"mode":"bus","color":"#0059a9","colorDark":"#00294f","angle":348.7,"snapDist":6,"label":0}},{"type":"Feature","geometry":{"type":"Point","coordinates":[19.711418,50.114469]},"properties":{"name":"Rudawa Stadion","lines":"238","arr":["238"],"terminus":0,"mode":"bus","color":"#0059a9","colorDark":"#00294f","angle":100.7,"snapDist":1,"label":0}},{"type":"Feature","geometry":{"type":"Point","coordinates":[19.713481,50.119762]},"properties":{"name":"Rudawa PKP","lines":"238, 918","arr":["238","918"],"terminus":0,"mode":"bus","color":"#0059a9","colorDark":"#00294f","angle":92.8,"snapDist":4,"label":0}},{"type":"Feature","geometry":{"type":"Point","coordinates":[19.711849,50.122225]},"properties":{"name":"Rudawa Rynek","lines":"238, 278","arr":["238","278"],"terminus":0,"mode":"bus","color":"#0059a9","colorDark":"#00294f","angle":78.8,"snapDist":5,"label":0}},{"type":"Feature","geometry":{"type":"Point","coordinates":[19.709179,50.113805]},"properties":{"name":"Rudawa Stadion","lines":"238","arr":["238"],"terminus":0,"mode":"bus","color":"#0059a9","colorDark":"#00294f","angle":6,"snapDist":7,"label":0}},{"type":"Feature","geometry":{"type":"Point","coordinates":[19.70105,50.114341]},"properties":{"name":"Rudawa Młyn","lines":"238","arr":["238"],"terminus":0,"mode":"bus","color":"#0059a9","colorDark":"#00294f","angle":6.3,"snapDist":7,"label":0}},{"type":"Feature","geometry":{"type":"Point","coordinates":[19.697163,50.113797]},"properties":{"name":"Młynka Kalwaryjska","lines":"238","arr":["238"],"terminus":0,"mode":"bus","color":"#0059a9","colorDark":"#00294f","angle":327.8,"snapDist":3,"label":0}},{"type":"Feature","geometry":{"type":"Point","coordinates":[19.727926,49.986355]},"properties":{"name":"Wołowice Kapliczka","lines":"239, 259, 279","arr":["239","259","279"],"terminus":1,"mode":"bus","color":"#0059a9","colorDark":"#00294f","angle":154.2,"snapDist":6,"label":1}},{"type":"Feature","geometry":{"type":"Point","coordinates":[19.744998,49.981719]},"properties":{"name":"Wołowice Zawierzbie","lines":"239, 279","arr":["239","279"],"terminus":0,"mode":"bus","color":"#0059a9","colorDark":"#00294f","angle":223.9,"snapDist":3,"label":1}},{"type":"Feature","geometry":{"type":"Point","coordinates":[19.75466,49.984528]},"properties":{"name":"Wołowice Grotowa Skrzyżowanie","lines":"239, 279","arr":["239","279"],"terminus":0,"mode":"bus","color":"#0059a9","colorDark":"#00294f","angle":178.6,"snapDist":1,"label":1}},{"type":"Feature","geometry":{"type":"Point","coordinates":[19.759098,49.98369]},"properties":{"name":"Wołowice Grotowa","lines":"239, 279","arr":["239","279"],"terminus":0,"mode":"bus","color":"#0059a9","colorDark":"#00294f","angle":209.9,"snapDist":3,"label":1}},{"type":"Feature","geometry":{"type":"Point","coordinates":[19.766682,49.981609]},"properties":{"name":"Jeziorzany Górskie Domy","lines":"239, 279","arr":["239","279"],"terminus":0,"mode":"bus","color":"#0059a9","colorDark":"#00294f","angle":148.1,"snapDist":5,"label":1}},{"type":"Feature","geometry":{"type":"Point","coordinates":[19.766622,50.004166]},"properties":{"name":"Rączna Cracovia Centrum Treningowe","lines":"239","arr":["239"],"terminus":0,"mode":"bus","color":"#0059a9","colorDark":"#00294f","angle":100.8,"snapDist":3,"label":1}},{"type":"Feature","geometry":{"type":"Point","coordinates":[19.767499,50.008023]},"properties":{"name":"Rączna Remiza","lines":"239","arr":["239"],"terminus":0,"mode":"bus","color":"#0059a9","colorDark":"#00294f","angle":36,"snapDist":4,"label":1}},{"type":"Feature","geometry":{"type":"Point","coordinates":[19.756612,50.011051]},"properties":{"name":"Rączna Kościół","lines":"239","arr":["239"],"terminus":0,"mode":"bus","color":"#0059a9","colorDark":"#00294f","angle":15.5,"snapDist":4,"label":1}},{"type":"Feature","geometry":{"type":"Point","coordinates":[19.745558,50.012388]},"properties":{"name":"Rączna Podlas","lines":"239","arr":["239"],"terminus":0,"mode":"bus","color":"#0059a9","colorDark":"#00294f","angle":346.4,"snapDist":2,"label":1}},{"type":"Feature","geometry":{"type":"Point","coordinates":[19.746073,50.017412]},"properties":{"name":"Rączna Dzikowiec","lines":"239","arr":["239"],"terminus":0,"mode":"bus","color":"#0059a9","colorDark":"#00294f","angle":93.8,"snapDist":3,"label":1}},{"type":"Feature","geometry":{"type":"Point","coordinates":[19.91685,50.052904]},"properties":{"name":"Salwator","lines":"239, 249, 259, 279, 310","arr":["239","249","259","279","310"],"terminus":1,"mode":"bus","color":"#0059a9","colorDark":"#00294f","angle":77.7,"snapDist":3,"label":0}},{"type":"Feature","geometry":{"type":"Point","coordinates":[19.746059,50.017278]},"properties":{"name":"Rączna Dzikowiec","lines":"239","arr":["239"],"terminus":0,"mode":"bus","color":"#0059a9","colorDark":"#00294f","angle":273.8,"snapDist":3,"label":0}},{"type":"Feature","geometry":{"type":"Point","coordinates":[19.745162,50.012329]},"properties":{"name":"Rączna Podlas","lines":"239","arr":["239"],"terminus":0,"mode":"bus","color":"#0059a9","colorDark":"#00294f","angle":169.6,"snapDist":3,"label":0}},{"type":"Feature","geometry":{"type":"Point","coordinates":[19.756836,50.01103]},"properties":{"name":"Rączna Kościół","lines":"239","arr":["239"],"terminus":0,"mode":"bus","color":"#0059a9","colorDark":"#00294f","angle":186.9,"snapDist":3,"label":0}},{"type":"Feature","geometry":{"type":"Point","coordinates":[19.767494,50.008026]},"properties":{"name":"Rączna Remiza","lines":"239","arr":["239"],"terminus":0,"mode":"bus","color":"#0059a9","colorDark":"#00294f","angle":218.4,"snapDist":5,"label":0}},{"type":"Feature","geometry":{"type":"Point","coordinates":[19.766722,50.003531]},"properties":{"name":"Rączna Cracovia Centrum Treningowe","lines":"239, 259","arr":["239","259"],"terminus":0,"mode":"bus","color":"#0059a9","colorDark":"#00294f","angle":237.4,"snapDist":4,"label":0}},{"type":"Feature","geometry":{"type":"Point","coordinates":[19.775795,49.994074]},"properties":{"name":"Jeziorzany Rondo","lines":"239, 259","arr":["239","259"],"terminus":0,"mode":"bus","color":"#0059a9","colorDark":"#00294f","angle":237.9,"snapDist":3,"label":0}},{"type":"Feature","geometry":{"type":"Point","coordinates":[19.778261,49.986872]},"properties":{"name":"Jeziorzany Pętla","lines":"239, 279","arr":["239","279"],"terminus":0,"mode":"bus","color":"#0059a9","colorDark":"#00294f","angle":287.1,"snapDist":3,"label":0}},{"type":"Feature","geometry":{"type":"Point","coordinates":[19.766702,49.981617]},"properties":{"name":"Jeziorzany Górskie Domy","lines":"239, 279","arr":["239","279"],"terminus":0,"mode":"bus","color":"#0059a9","colorDark":"#00294f","angle":328.1,"snapDist":2,"label":0}},{"type":"Feature","geometry":{"type":"Point","coordinates":[19.758962,49.98374]},"properties":{"name":"Wołowice Grotowa","lines":"239, 279","arr":["239","279"],"terminus":0,"mode":"bus","color":"#0059a9","colorDark":"#00294f","angle":29.9,"snapDist":3,"label":0}},{"type":"Feature","geometry":{"type":"Point","coordinates":[19.754596,49.984527]},"properties":{"name":"Wołowice Grotowa Skrzyżowanie","lines":"239, 279","arr":["239","279"],"terminus":0,"mode":"bus","color":"#0059a9","colorDark":"#00294f","angle":358.6,"snapDist":10,"label":0}},{"type":"Feature","geometry":{"type":"Point","coordinates":[19.744998,49.981719]},"properties":{"name":"Wołowice Zawierzbie","lines":"239, 279","arr":["239","279"],"terminus":0,"mode":"bus","color":"#0059a9","colorDark":"#00294f","angle":43.9,"snapDist":3,"label":0}},{"type":"Feature","geometry":{"type":"Point","coordinates":[19.897806,50.12819]},"properties":{"name":"Pękowice Ojcowska","lines":"240, 290","arr":["240","290"],"terminus":1,"mode":"bus","color":"#0059a9","colorDark":"#00294f","angle":185,"snapDist":3,"label":1}},{"type":"Feature","geometry":{"type":"Point","coordinates":[19.901357,50.12471]},"properties":{"name":"Pękowice Fort","lines":"240, 290","arr":["240","290"],"terminus":0,"mode":"bus","color":"#0059a9","colorDark":"#00294f","angle":252.2,"snapDist":4,"label":1}},{"type":"Feature","geometry":{"type":"Point","coordinates":[19.901318,50.11583]},"properties":{"name":"Na Zielonki","lines":"240","arr":["240"],"terminus":0,"mode":"bus","color":"#0059a9","colorDark":"#00294f","angle":330.9,"snapDist":3,"label":1}},{"type":"Feature","geometry":{"type":"Point","coordinates":[19.901065,50.115738]},"properties":{"name":"Na Zielonki","lines":"240","arr":["240"],"terminus":0,"mode":"bus","color":"#0059a9","colorDark":"#00294f","angle":149.7,"snapDist":4,"label":0}},{"type":"Feature","geometry":{"type":"Point","coordinates":[19.901243,50.124932]},"properties":{"name":"Pękowice Fort","lines":"240, 290","arr":["240","290"],"terminus":0,"mode":"bus","color":"#0059a9","colorDark":"#00294f","angle":71.7,"snapDist":3,"label":0}},{"type":"Feature","geometry":{"type":"Point","coordinates":[20.13828,50.115926]},"properties":{"name":"Krzysztoforzyce Pętla","lines":"242","arr":["242"],"terminus":1,"mode":"bus","color":"#0059a9","colorDark":"#00294f","angle":58.7,"snapDist":3,"label":1}},{"type":"Feature","geometry":{"type":"Point","coordinates":[20.13534,50.115181]},"properties":{"name":"Krzysztoforzyce Sklep","lines":"242","arr":["242"],"terminus":0,"mode":"bus","color":"#0059a9","colorDark":"#00294f","angle":53.9,"snapDist":4,"label":1}},{"type":"Feature","geometry":{"type":"Point","coordinates":[20.131566,50.115645]},"properties":{"name":"Krzysztoforzyce przy Dworze","lines":"242","arr":["242"],"terminus":0,"mode":"bus","color":"#0059a9","colorDark":"#00294f","angle":326.4,"snapDist":3,"label":1}},{"type":"Feature","geometry":{"type":"Point","coordinates":[20.126439,50.113722]},"properties":{"name":"Krzysztoforzyce Góra","lines":"242","arr":["242"],"terminus":0,"mode":"bus","color":"#0059a9","colorDark":"#00294f","angle":336.1,"snapDist":3,"label":1}},{"type":"Feature","geometry":{"type":"Point","coordinates":[20.124162,50.097155]},"properties":{"name":"Wadów","lines":"242, 272","arr":["242","272"],"terminus":0,"mode":"bus","color":"#0059a9","colorDark":"#00294f","angle":321.2,"snapDist":4,"label":1}},{"type":"Feature","geometry":{"type":"Point","coordinates":[20.119063,50.096445]},"properties":{"name":"Wadowska","lines":"242, 272","arr":["242","272"],"terminus":0,"mode":"bus","color":"#0059a9","colorDark":"#00294f","angle":336.8,"snapDist":4,"label":1}},{"type":"Feature","geometry":{"type":"Point","coordinates":[20.100582,50.094369]},"properties":{"name":"Lubocza Trafo","lines":"242, 272","arr":["242","272"],"terminus":0,"mode":"bus","color":"#0059a9","colorDark":"#00294f","angle":357.7,"snapDist":3,"label":1}},{"type":"Feature","geometry":{"type":"Point","coordinates":[20.073748,50.088711]},"properties":{"name":"Lubocza SKA","lines":"242, 272","arr":["242","272"],"terminus":0,"mode":"bus","color":"#0059a9","colorDark":"#00294f","angle":268.3,"snapDist":3,"label":1}},{"type":"Feature","geometry":{"type":"Point","coordinates":[20.074263,50.08515]},"properties":{"name":"Blokowa","lines":"242, 272","arr":["242","272"],"terminus":0,"mode":"bus","color":"#0059a9","colorDark":"#00294f","angle":323.5,"snapDist":3,"label":1}},{"type":"Feature","geometry":{"type":"Point","coordinates":[20.072245,50.08419]},"properties":{"name":"Mrozowa","lines":"242, 272","arr":["242","272"],"terminus":0,"mode":"bus","color":"#0059a9","colorDark":"#00294f","angle":323.4,"snapDist":4,"label":1}},{"type":"Feature","geometry":{"type":"Point","coordinates":[20.072314,50.084223]},"properties":{"name":"Mrozowa","lines":"242, 272","arr":["242","272"],"terminus":0,"mode":"bus","color":"#0059a9","colorDark":"#00294f","angle":143.4,"snapDist":3,"label":0}},{"type":"Feature","geometry":{"type":"Point","coordinates":[20.073782,50.085857]},"properties":{"name":"Blokowa","lines":"242, 272","arr":["242","272"],"terminus":0,"mode":"bus","color":"#0059a9","colorDark":"#00294f","angle":53.5,"snapDist":4,"label":0}},{"type":"Feature","geometry":{"type":"Point","coordinates":[20.073755,50.08834]},"properties":{"name":"Lubocza SKA","lines":"242, 272","arr":["242","272"],"terminus":0,"mode":"bus","color":"#0059a9","colorDark":"#00294f","angle":90.4,"snapDist":5,"label":0}},{"type":"Feature","geometry":{"type":"Point","coordinates":[20.093699,50.095014]},"properties":{"name":"Lubocza Szkoła","lines":"242, 272","arr":["242","272"],"terminus":0,"mode":"bus","color":"#0059a9","colorDark":"#00294f","angle":199.9,"snapDist":4,"label":0}},{"type":"Feature","geometry":{"type":"Point","coordinates":[20.100448,50.094366]},"properties":{"name":"Lubocza Trafo","lines":"242, 272","arr":["242","272"],"terminus":0,"mode":"bus","color":"#0059a9","colorDark":"#00294f","angle":177.7,"snapDist":4,"label":0}},{"type":"Feature","geometry":{"type":"Point","coordinates":[20.120068,50.096722]},"properties":{"name":"Wadowska","lines":"242, 272","arr":["242","272"],"terminus":0,"mode":"bus","color":"#0059a9","colorDark":"#00294f","angle":156.7,"snapDist":4,"label":0}},{"type":"Feature","geometry":{"type":"Point","coordinates":[20.124806,50.097401]},"properties":{"name":"Wadów","lines":"242, 272","arr":["242","272"],"terminus":0,"mode":"bus","color":"#0059a9","colorDark":"#00294f","angle":153.8,"snapDist":4,"label":0}},{"type":"Feature","geometry":{"type":"Point","coordinates":[20.126871,50.11384]},"properties":{"name":"Krzysztoforzyce Góra","lines":"242","arr":["242"],"terminus":0,"mode":"bus","color":"#0059a9","colorDark":"#00294f","angle":157.9,"snapDist":4,"label":0}},{"type":"Feature","geometry":{"type":"Point","coordinates":[20.131851,50.115753]},"properties":{"name":"Krzysztoforzyce przy Dworze","lines":"242","arr":["242"],"terminus":0,"mode":"bus","color":"#0059a9","colorDark":"#00294f","angle":151.8,"snapDist":3,"label":0}},{"type":"Feature","geometry":{"type":"Point","coordinates":[20.134924,50.115546]},"properties":{"name":"Krzysztoforzyce Sklep","lines":"242","arr":["242"],"terminus":0,"mode":"bus","color":"#0059a9","colorDark":"#00294f","angle":233.9,"snapDist":3,"label":0}},{"type":"Feature","geometry":{"type":"Point","coordinates":[20.069725,49.982497]},"properties":{"name":"Wieliczka Asnyka","lines":"244, 304","arr":["244","304"],"terminus":0,"mode":"bus","color":"#0059a9","colorDark":"#00294f","angle":285.1,"snapDist":10,"label":1}},{"type":"Feature","geometry":{"type":"Point","coordinates":[20.064651,49.984126]},"properties":{"name":"Wieliczka Mediateka","lines":"244, 274, 304","arr":["244","274","304"],"terminus":0,"mode":"bus","color":"#0059a9","colorDark":"#00294f","angle":19,"snapDist":6,"label":1}},{"type":"Feature","geometry":{"type":"Point","coordinates":[20.055481,49.984529]},"properties":{"name":"Wieliczka Kopalnia Soli","lines":"244, 274, 304","arr":["244","274","304"],"terminus":0,"mode":"bus","color":"#0059a9","colorDark":"#00294f","angle":24.5,"snapDist":5,"label":0}},{"type":"Feature","geometry":{"type":"Point","coordinates":[20.037331,49.988682]},"properties":{"name":"Wieliczka Os. Szymanowskiego","lines":"244","arr":["244"],"terminus":0,"mode":"bus","color":"#0059a9","colorDark":"#00294f","angle":346.3,"snapDist":3,"label":0}},{"type":"Feature","geometry":{"type":"Point","coordinates":[20.032674,49.987907]},"properties":{"name":"Wieliczka Krzyszkowice Kościół","lines":"244","arr":["244"],"terminus":0,"mode":"bus","color":"#0059a9","colorDark":"#00294f","angle":357.3,"snapDist":6,"label":1}},{"type":"Feature","geometry":{"type":"Point","coordinates":[20.024166,49.986506]},"properties":{"name":"Krzyszkowice Kasztanowa I","lines":"244","arr":["244"],"terminus":0,"mode":"bus","color":"#0059a9","colorDark":"#00294f","angle":84.8,"snapDist":5,"label":1}},{"type":"Feature","geometry":{"type":"Point","coordinates":[20.024321,49.990486]},"properties":{"name":"Krzyszkowice Kasztanowa II","lines":"244","arr":["244"],"terminus":0,"mode":"bus","color":"#0059a9","colorDark":"#00294f","angle":114.4,"snapDist":7,"label":1}},{"type":"Feature","geometry":{"type":"Point","coordinates":[20.024151,49.990246]},"properties":{"name":"Krzyszkowice Kasztanowa II","lines":"244","arr":["244"],"terminus":0,"mode":"bus","color":"#0059a9","colorDark":"#00294f","angle":294.4,"snapDist":6,"label":0}},{"type":"Feature","geometry":{"type":"Point","coordinates":[20.024687,49.986299]},"properties":{"name":"Krzyszkowice Kasztanowa I","lines":"244","arr":["244"],"terminus":0,"mode":"bus","color":"#0059a9","colorDark":"#00294f","angle":124.3,"snapDist":4,"label":0}},{"type":"Feature","geometry":{"type":"Point","coordinates":[20.033666,49.988001]},"properties":{"name":"Wieliczka Krzyszkowice Kościół","lines":"244","arr":["244"],"terminus":0,"mode":"bus","color":"#0059a9","colorDark":"#00294f","angle":163.2,"snapDist":4,"label":0}},{"type":"Feature","geometry":{"type":"Point","coordinates":[20.063415,49.98439]},"properties":{"name":"Wieliczka Mediateka","lines":"244, 274, 304","arr":["244","274","304"],"terminus":0,"mode":"bus","color":"#0059a9","colorDark":"#00294f","angle":198.4,"snapDist":3,"label":0}},{"type":"Feature","geometry":{"type":"Point","coordinates":[20.069868,49.98283]},"properties":{"name":"Wieliczka Asnyka","lines":"244, 304","arr":["244","304"],"terminus":0,"mode":"bus","color":"#0059a9","colorDark":"#00294f","angle":105.8,"snapDist":8,"label":0}},{"type":"Feature","geometry":{"type":"Point","coordinates":[19.836421,49.96162]},"properties":{"name":"Skawina Bukowska","lines":"245","arr":["245"],"terminus":0,"mode":"bus","color":"#0059a9","colorDark":"#00294f","angle":284.7,"snapDist":5,"label":1}},{"type":"Feature","geometry":{"type":"Point","coordinates":[19.834624,49.953038]},"properties":{"name":"Buków Pętla","lines":"245","arr":["245"],"terminus":0,"mode":"bus","color":"#0059a9","colorDark":"#00294f","angle":12.1,"snapDist":4,"label":1}},{"type":"Feature","geometry":{"type":"Point","coordinates":[19.841795,49.946595]},"properties":{"name":"Buków Klin","lines":"245","arr":["245"],"terminus":0,"mode":"bus","color":"#0059a9","colorDark":"#00294f","angle":213,"snapDist":3,"label":1}},{"type":"Feature","geometry":{"type":"Point","coordinates":[19.846658,49.946457]},"properties":{"name":"Buków Szkoła","lines":"245","arr":["245"],"terminus":0,"mode":"bus","color":"#0059a9","colorDark":"#00294f","angle":187.4,"snapDist":4,"label":1}},{"type":"Feature","geometry":{"type":"Point","coordinates":[19.853656,49.945301]},"properties":{"name":"Kulerzów","lines":"245","arr":["245"],"terminus":0,"mode":"bus","color":"#0059a9","colorDark":"#00294f","angle":187.3,"snapDist":3,"label":1}},{"type":"Feature","geometry":{"type":"Point","coordinates":[19.862236,49.945135]},"properties":{"name":"Kulerzów Wąwóz","lines":"245","arr":["245"],"terminus":0,"mode":"bus","color":"#0059a9","colorDark":"#00294f","angle":197.1,"snapDist":6,"label":1}},{"type":"Feature","geometry":{"type":"Point","coordinates":[19.869539,49.949273]},"properties":{"name":"Chorowice Pętla","lines":"245","arr":["245"],"terminus":0,"mode":"bus","color":"#0059a9","colorDark":"#00294f","angle":75.1,"snapDist":3,"label":1}},{"type":"Feature","geometry":{"type":"Point","coordinates":[19.870839,49.944031]},"properties":{"name":"Mogilany Pętla","lines":"245, 255, 275, 285","arr":["245","255","275","285"],"terminus":1,"mode":"bus","color":"#0059a9","colorDark":"#00294f","angle":178.2,"snapDist":2,"label":1}},{"type":"Feature","geometry":{"type":"Point","coordinates":[19.884087,49.944847]},"properties":{"name":"Mogilany Cmentarz","lines":"245, 255, 275, 285","arr":["245","255","275","285"],"terminus":0,"mode":"bus","color":"#0059a9","colorDark":"#00294f","angle":355.4,"snapDist":3,"label":1}},{"type":"Feature","geometry":{"type":"Point","coordinates":[19.885723,49.943284]},"properties":{"name":"Mogilany Rynek","lines":"245, 255, 275, 285","arr":["245","255","275","285"],"terminus":0,"mode":"bus","color":"#0059a9","colorDark":"#00294f","angle":263.8,"snapDist":5,"label":1}},{"type":"Feature","geometry":{"type":"Point","coordinates":[19.893106,49.938033]},"properties":{"name":"Mogilany Cicha","lines":"245, 255, 275, 285","arr":["245","255","275","285"],"terminus":0,"mode":"bus","color":"#0059a9","colorDark":"#00294f","angle":215,"snapDist":6,"label":1}},{"type":"Feature","geometry":{"type":"Point","coordinates":[19.892729,49.942407]},"properties":{"name":"Mogilany Ośrodek Zdrowia","lines":"245, 255, 275, 285","arr":["245","255","275","285"],"terminus":0,"mode":"bus","color":"#0059a9","colorDark":"#00294f","angle":66.4,"snapDist":6,"label":1}},{"type":"Feature","geometry":{"type":"Point","coordinates":[19.889454,49.955897]},"properties":{"name":"Gaj Zadziele","lines":"245, 275, 285","arr":["245","275","285"],"terminus":0,"mode":"bus","color":"#0059a9","colorDark":"#00294f","angle":76.6,"snapDist":6,"label":1}},{"type":"Feature","geometry":{"type":"Point","coordinates":[19.892021,49.961516]},"properties":{"name":"Gaj Szkoła","lines":"245, 275, 285","arr":["245","275","285"],"terminus":0,"mode":"bus","color":"#0059a9","colorDark":"#00294f","angle":140.5,"snapDist":7,"label":1}},{"type":"Feature","geometry":{"type":"Point","coordinates":[19.910566,49.97966]},"properties":{"name":"Libertów Góra Libertowska","lines":"245, 275, 285","arr":["245","275","285"],"terminus":0,"mode":"bus","color":"#0059a9","colorDark":"#00294f","angle":108.6,"snapDist":7,"label":1}},{"type":"Feature","geometry":{"type":"Point","coordinates":[19.909681,49.978318]},"properties":{"name":"Libertów Góra Libertowska","lines":"245, 275, 285","arr":["245","275","285"],"terminus":0,"mode":"bus","color":"#0059a9","colorDark":"#00294f","angle":288.6,"snapDist":8,"label":0}},{"type":"Feature","geometry":{"type":"Point","coordinates":[19.890071,49.96062]},"properties":{"name":"Gaj Szkoła","lines":"245, 275, 285","arr":["245","275","285"],"terminus":0,"mode":"bus","color":"#0059a9","colorDark":"#00294f","angle":320.2,"snapDist":6,"label":0}},{"type":"Feature","geometry":{"type":"Point","coordinates":[19.88954,49.955197]},"properties":{"name":"Gaj Zadziele","lines":"245, 255, 275, 285","arr":["245","255","275","285"],"terminus":0,"mode":"bus","color":"#0059a9","colorDark":"#00294f","angle":256.2,"snapDist":8,"label":0}},{"type":"Feature","geometry":{"type":"Point","coordinates":[19.892961,49.941803]},"properties":{"name":"Mogilany Ośrodek Zdrowia","lines":"245, 255","arr":["245","255"],"terminus":0,"mode":"bus","color":"#0059a9","colorDark":"#00294f","angle":246.4,"snapDist":6,"label":0}},{"type":"Feature","geometry":{"type":"Point","coordinates":[19.893844,49.937725]},"properties":{"name":"Mogilany Cicha","lines":"245, 255, 275, 285","arr":["245","255","275","285"],"terminus":0,"mode":"bus","color":"#0059a9","colorDark":"#00294f","angle":25.1,"snapDist":4,"label":0}},{"type":"Feature","geometry":{"type":"Point","coordinates":[19.885756,49.943112]},"properties":{"name":"Mogilany Rynek","lines":"245, 255, 275, 285","arr":["245","255","275","285"],"terminus":0,"mode":"bus","color":"#0059a9","colorDark":"#00294f","angle":82.4,"snapDist":7,"label":0}},{"type":"Feature","geometry":{"type":"Point","coordinates":[19.8828,49.944752]},"properties":{"name":"Mogilany Cmentarz","lines":"245, 255, 275, 285","arr":["245","255","275","285"],"terminus":0,"mode":"bus","color":"#0059a9","colorDark":"#00294f","angle":172,"snapDist":5,"label":0}},{"type":"Feature","geometry":{"type":"Point","coordinates":[19.870589,49.944025]},"properties":{"name":"Mogilany Pętla","lines":"245","arr":["245"],"terminus":0,"mode":"bus","color":"#0059a9","colorDark":"#00294f","angle":358.2,"snapDist":2,"label":0}},{"type":"Feature","geometry":{"type":"Point","coordinates":[19.86216,49.94515]},"properties":{"name":"Kulerzów Wąwóz","lines":"245","arr":["245"],"terminus":0,"mode":"bus","color":"#0059a9","colorDark":"#00294f","angle":17.1,"snapDist":0,"label":0}},{"type":"Feature","geometry":{"type":"Point","coordinates":[19.853843,49.945285]},"properties":{"name":"Kulerzów","lines":"245","arr":["245"],"terminus":0,"mode":"bus","color":"#0059a9","colorDark":"#00294f","angle":7.3,"snapDist":4,"label":0}},{"type":"Feature","geometry":{"type":"Point","coordinates":[19.84658,49.946459]},"properties":{"name":"Buków Szkoła","lines":"245","arr":["245"],"terminus":0,"mode":"bus","color":"#0059a9","colorDark":"#00294f","angle":359.8,"snapDist":3,"label":0}},{"type":"Feature","geometry":{"type":"Point","coordinates":[19.841858,49.946581]},"properties":{"name":"Buków Klin","lines":"245","arr":["245"],"terminus":0,"mode":"bus","color":"#0059a9","colorDark":"#00294f","angle":10.9,"snapDist":4,"label":0}},{"type":"Feature","geometry":{"type":"Point","coordinates":[19.835096,49.9536]},"properties":{"name":"Buków Pętla","lines":"245","arr":["245"],"terminus":0,"mode":"bus","color":"#0059a9","colorDark":"#00294f","angle":109.9,"snapDist":3,"label":0}},{"type":"Feature","geometry":{"type":"Point","coordinates":[19.836098,49.961963]},"properties":{"name":"Skawina Bukowska","lines":"245","arr":["245"],"terminus":0,"mode":"bus","color":"#0059a9","colorDark":"#00294f","angle":27.9,"snapDist":3,"label":0}},{"type":"Feature","geometry":{"type":"Point","coordinates":[19.939792,50.123608]},"properties":{"name":"Zielonki Marszowiec Pętla","lines":"247, 317","arr":["247","317"],"terminus":1,"mode":"bus","color":"#0059a9","colorDark":"#00294f","angle":84.5,"snapDist":4,"label":1}},{"type":"Feature","geometry":{"type":"Point","coordinates":[19.940669,50.125516]},"properties":{"name":"Bibice Cmentarz","lines":"247","arr":["247"],"terminus":0,"mode":"bus","color":"#0059a9","colorDark":"#00294f","angle":171.6,"snapDist":5,"label":1}},{"type":"Feature","geometry":{"type":"Point","coordinates":[19.953865,50.126178]},"properties":{"name":"Bibice Rynek","lines":"247, 280","arr":["247","280"],"terminus":0,"mode":"bus","color":"#0059a9","colorDark":"#00294f","angle":247.1,"snapDist":3,"label":1}},{"type":"Feature","geometry":{"type":"Point","coordinates":[19.958726,50.12135]},"properties":{"name":"Bibice Kościuszki","lines":"247, 280","arr":["247","280"],"terminus":0,"mode":"bus","color":"#0059a9","colorDark":"#00294f","angle":251.2,"snapDist":3,"label":1}},{"type":"Feature","geometry":{"type":"Point","coordinates":[19.966733,50.119944]},"properties":{"name":"Węgrzce A1","lines":"247, 280","arr":["247","280"],"terminus":0,"mode":"bus","color":"#0059a9","colorDark":"#00294f","angle":344.9,"snapDist":6,"label":0}},{"type":"Feature","geometry":{"type":"Point","coordinates":[19.958701,50.121407]},"properties":{"name":"Bibice Kościuszki","lines":"247, 280","arr":["247","280"],"terminus":0,"mode":"bus","color":"#0059a9","colorDark":"#00294f","angle":77.1,"snapDist":6,"label":0}},{"type":"Feature","geometry":{"type":"Point","coordinates":[19.953548,50.12663]},"properties":{"name":"Bibice Rynek","lines":"247, 280","arr":["247","280"],"terminus":0,"mode":"bus","color":"#0059a9","colorDark":"#00294f","angle":65.2,"snapDist":5,"label":0}},{"type":"Feature","geometry":{"type":"Point","coordinates":[19.942308,50.125686]},"properties":{"name":"Bibice Cmentarz","lines":"247","arr":["247"],"terminus":0,"mode":"bus","color":"#0059a9","colorDark":"#00294f","angle":349.6,"snapDist":7,"label":0}},{"type":"Feature","geometry":{"type":"Point","coordinates":[19.811558,50.161429]},"properties":{"name":"Zelków Pętla","lines":"248, 948","arr":["248","948"],"terminus":1,"mode":"bus","color":"#0059a9","colorDark":"#00294f","angle":193.7,"snapDist":4,"label":1}},{"type":"Feature","geometry":{"type":"Point","coordinates":[19.805714,50.161557]},"properties":{"name":"Zelków Kościuszki","lines":"248, 948","arr":["248","948"],"terminus":0,"mode":"bus","color":"#0059a9","colorDark":"#00294f","angle":354.3,"snapDist":3,"label":1}},{"type":"Feature","geometry":{"type":"Point","coordinates":[19.80028,50.16127]},"properties":{"name":"Zelków Spławy","lines":"248, 948","arr":["248","948"],"terminus":0,"mode":"bus","color":"#0059a9","colorDark":"#00294f","angle":307.9,"snapDist":4,"label":1}},{"type":"Feature","geometry":{"type":"Point","coordinates":[19.796115,50.159676]},"properties":{"name":"Zelków Staw","lines":"248, 948","arr":["248","948"],"terminus":0,"mode":"bus","color":"#0059a9","colorDark":"#00294f","angle":316.8,"snapDist":4,"label":1}},{"type":"Feature","geometry":{"type":"Point","coordinates":[19.799556,50.153913]},"properties":{"name":"Zelków Wola","lines":"248, 948","arr":["248","948"],"terminus":0,"mode":"bus","color":"#0059a9","colorDark":"#00294f","angle":292.1,"snapDist":5,"label":1}},{"type":"Feature","geometry":{"type":"Point","coordinates":[19.791381,50.14737]},"properties":{"name":"Bolechowice Centrum","lines":"248, 948","arr":["248","948"],"terminus":0,"mode":"bus","color":"#0059a9","colorDark":"#00294f","angle":237,"snapDist":6,"label":1}},{"type":"Feature","geometry":{"type":"Point","coordinates":[19.796732,50.142406]},"properties":{"name":"Bolechowice Drogi","lines":"248, 268, 948","arr":["248","268","948"],"terminus":0,"mode":"bus","color":"#0059a9","colorDark":"#00294f","angle":254.9,"snapDist":2,"label":1}},{"type":"Feature","geometry":{"type":"Point","coordinates":[19.799161,50.135153]},"properties":{"name":"Bolechowice Krzewiny","lines":"248, 268, 948","arr":["248","268","948"],"terminus":0,"mode":"bus","color":"#0059a9","colorDark":"#00294f","angle":263.7,"snapDist":3,"label":1}},{"type":"Feature","geometry":{"type":"Point","coordinates":[19.803726,50.12698]},"properties":{"name":"Bolechowice Zielona","lines":"248, 268, 278, 288, 948","arr":["248","268","278","288","948"],"terminus":0,"mode":"bus","color":"#0059a9","colorDark":"#00294f","angle":285.6,"snapDist":4,"label":1}},{"type":"Feature","geometry":{"type":"Point","coordinates":[19.839417,50.107467]},"properties":{"name":"Modlniczka Mała","lines":"248","arr":["248"],"terminus":0,"mode":"bus","color":"#0059a9","colorDark":"#00294f","angle":201.4,"snapDist":3,"label":0}},{"type":"Feature","geometry":{"type":"Point","coordinates":[19.850755,50.106078]},"properties":{"name":"Modlniczka Leroy Merlin","lines":"248, 268, 278","arr":["248","268","278"],"terminus":0,"mode":"bus","color":"#0059a9","colorDark":"#00294f","angle":193.4,"snapDist":8,"label":1}},{"type":"Feature","geometry":{"type":"Point","coordinates":[19.861442,50.102659]},"properties":{"name":"Rząska Cmentarz","lines":"248, 268, 278","arr":["248","268","278"],"terminus":0,"mode":"bus","color":"#0059a9","colorDark":"#00294f","angle":25.8,"snapDist":11,"label":0}},{"type":"Feature","geometry":{"type":"Point","coordinates":[19.849666,50.10635]},"properties":{"name":"Modlniczka Leroy Merlin","lines":"248, 268, 278","arr":["248","268","278"],"terminus":0,"mode":"bus","color":"#0059a9","colorDark":"#00294f","angle":12.4,"snapDist":8,"label":0}},{"type":"Feature","geometry":{"type":"Point","coordinates":[19.803796,50.127141]},"properties":{"name":"Bolechowice Zielona","lines":"248, 268, 278, 288, 948","arr":["248","268","278","288","948"],"terminus":0,"mode":"bus","color":"#0059a9","colorDark":"#00294f","angle":285.6,"snapDist":5,"label":0}},{"type":"Feature","geometry":{"type":"Point","coordinates":[19.799165,50.135127]},"properties":{"name":"Bolechowice Krzewiny","lines":"248, 268, 948","arr":["248","268","948"],"terminus":0,"mode":"bus","color":"#0059a9","colorDark":"#00294f","angle":83.7,"snapDist":3,"label":0}},{"type":"Feature","geometry":{"type":"Point","coordinates":[19.797081,50.141748]},"properties":{"name":"Bolechowice Drogi","lines":"248, 268, 948","arr":["248","268","948"],"terminus":0,"mode":"bus","color":"#0059a9","colorDark":"#00294f","angle":69.4,"snapDist":4,"label":0}},{"type":"Feature","geometry":{"type":"Point","coordinates":[19.791635,50.147105]},"properties":{"name":"Bolechowice Centrum","lines":"248, 948","arr":["248","948"],"terminus":0,"mode":"bus","color":"#0059a9","colorDark":"#00294f","angle":69.8,"snapDist":7,"label":0}},{"type":"Feature","geometry":{"type":"Point","coordinates":[19.799745,50.154238]},"properties":{"name":"Zelków Wola","lines":"248, 948","arr":["248","948"],"terminus":0,"mode":"bus","color":"#0059a9","colorDark":"#00294f","angle":109.2,"snapDist":3,"label":0}},{"type":"Feature","geometry":{"type":"Point","coordinates":[19.796047,50.159636]},"properties":{"name":"Zelków Staw","lines":"248, 948","arr":["248","948"],"terminus":0,"mode":"bus","color":"#0059a9","colorDark":"#00294f","angle":136.8,"snapDist":5,"label":0}},{"type":"Feature","geometry":{"type":"Point","coordinates":[19.800114,50.161155]},"properties":{"name":"Zelków Spławy","lines":"248, 948","arr":["248","948"],"terminus":0,"mode":"bus","color":"#0059a9","colorDark":"#00294f","angle":134.5,"snapDist":6,"label":0}},{"type":"Feature","geometry":{"type":"Point","coordinates":[19.805215,50.161525]},"properties":{"name":"Zelków Kościuszki","lines":"248, 948","arr":["248","948"],"terminus":0,"mode":"bus","color":"#0059a9","colorDark":"#00294f","angle":174.3,"snapDist":4,"label":0}},{"type":"Feature","geometry":{"type":"Point","coordinates":[19.830986,50.038867]},"properties":{"name":"Skalna","lines":"249, 259","arr":["249","259"],"terminus":0,"mode":"bus","color":"#0059a9","colorDark":"#00294f","angle":353.1,"snapDist":4,"label":1}},{"type":"Feature","geometry":{"type":"Point","coordinates":[19.82534,50.036484]},"properties":{"name":"Bielańska","lines":"249, 259","arr":["249","259"],"terminus":0,"mode":"bus","color":"#0059a9","colorDark":"#00294f","angle":323.3,"snapDist":4,"label":1}},{"type":"Feature","geometry":{"type":"Point","coordinates":[19.816262,50.033327]},"properties":{"name":"Kryspinów Stopień Wodny","lines":"249, 259","arr":["249","259"],"terminus":0,"mode":"bus","color":"#0059a9","colorDark":"#00294f","angle":328.1,"snapDist":4,"label":1}},{"type":"Feature","geometry":{"type":"Point","coordinates":[19.806876,50.029499]},"properties":{"name":"Piekary Na Brzegu","lines":"249, 259","arr":["249","259"],"terminus":0,"mode":"bus","color":"#0059a9","colorDark":"#00294f","angle":342.2,"snapDist":4,"label":1}},{"type":"Feature","geometry":{"type":"Point","coordinates":[19.800948,50.029037]},"properties":{"name":"Piekary Korea","lines":"249, 259","arr":["249","259"],"terminus":0,"mode":"bus","color":"#0059a9","colorDark":"#00294f","angle":333.5,"snapDist":3,"label":1}},{"type":"Feature","geometry":{"type":"Point","coordinates":[19.797439,50.026207]},"properties":{"name":"Piekary Sklep","lines":"249, 259","arr":["249","259"],"terminus":0,"mode":"bus","color":"#0059a9","colorDark":"#00294f","angle":262.7,"snapDist":6,"label":1}},{"type":"Feature","geometry":{"type":"Point","coordinates":[19.743822,50.037549]},"properties":{"name":"Kaszów Łysa Góra","lines":"249","arr":["249"],"terminus":0,"mode":"bus","color":"#0059a9","colorDark":"#00294f","angle":25.5,"snapDist":6,"label":1}},{"type":"Feature","geometry":{"type":"Point","coordinates":[19.73265,50.039604]},"properties":{"name":"Kaszów Tyrałówka","lines":"249","arr":["249"],"terminus":0,"mode":"bus","color":"#0059a9","colorDark":"#00294f","angle":359.8,"snapDist":6,"label":1}},{"type":"Feature","geometry":{"type":"Point","coordinates":[19.725606,50.039222]},"properties":{"name":"Kaszów Remiza","lines":"249","arr":["249"],"terminus":0,"mode":"bus","color":"#0059a9","colorDark":"#00294f","angle":85.4,"snapDist":8,"label":1}},{"type":"Feature","geometry":{"type":"Point","coordinates":[19.719912,50.038888]},"properties":{"name":"Kaszów Krzyżówka do Nowej Wsi Szlacheckiej","lines":"249","arr":["249"],"terminus":0,"mode":"bus","color":"#0059a9","colorDark":"#00294f","angle":358.6,"snapDist":7,"label":1}},{"type":"Feature","geometry":{"type":"Point","coordinates":[19.716066,50.0359]},"properties":{"name":"Kaszów Na Górce","lines":"249","arr":["249"],"terminus":0,"mode":"bus","color":"#0059a9","colorDark":"#00294f","angle":322.2,"snapDist":4,"label":1}},{"type":"Feature","geometry":{"type":"Point","coordinates":[19.710823,50.033843]},"properties":{"name":"Nowa Wieś Szlachecka Kapliczka","lines":"249","arr":["249"],"terminus":0,"mode":"bus","color":"#0059a9","colorDark":"#00294f","angle":338.3,"snapDist":4,"label":1}},{"type":"Feature","geometry":{"type":"Point","coordinates":[19.704354,50.030832]},"properties":{"name":"Nowa Wieś Szlachecka Sklep","lines":"249","arr":["249"],"terminus":0,"mode":"bus","color":"#0059a9","colorDark":"#00294f","angle":320.2,"snapDist":3,"label":1}},{"type":"Feature","geometry":{"type":"Point","coordinates":[19.697817,50.027431]},"properties":{"name":"Nowa Wieś Szlachecka Kościół","lines":"249","arr":["249"],"terminus":0,"mode":"bus","color":"#0059a9","colorDark":"#00294f","angle":322.2,"snapDist":5,"label":1}},{"type":"Feature","geometry":{"type":"Point","coordinates":[19.690047,50.025865]},"properties":{"name":"Nowa Wieś Szlachecka Pętla","lines":"249","arr":["249"],"terminus":0,"mode":"bus","color":"#0059a9","colorDark":"#00294f","angle":6.8,"snapDist":4,"label":1}},{"type":"Feature","geometry":{"type":"Point","coordinates":[19.68098,50.026619]},"properties":{"name":"Nowa Wieś Szlachecka Jesionka","lines":"249","arr":["249"],"terminus":0,"mode":"bus","color":"#0059a9","colorDark":"#00294f","angle":337.7,"snapDist":4,"label":1}},{"type":"Feature","geometry":{"type":"Point","coordinates":[19.655449,50.023924]},"properties":{"name":"Przeginia Duchowna Szkoła","lines":"249","arr":["249"],"terminus":0,"mode":"bus","color":"#0059a9","colorDark":"#00294f","angle":347.8,"snapDist":3,"label":1}},{"type":"Feature","geometry":{"type":"Point","coordinates":[19.651974,50.022393]},"properties":{"name":"Przeginia Duchowna Remiza","lines":"249","arr":["249"],"terminus":0,"mode":"bus","color":"#0059a9","colorDark":"#00294f","angle":240.6,"snapDist":5,"label":1}},{"type":"Feature","geometry":{"type":"Point","coordinates":[19.652975,50.018594]},"properties":{"name":"Przeginia Duchowna Kościół","lines":"249","arr":["249"],"terminus":0,"mode":"bus","color":"#0059a9","colorDark":"#00294f","angle":259.1,"snapDist":3,"label":1}},{"type":"Feature","geometry":{"type":"Point","coordinates":[19.657584,50.011247]},"properties":{"name":"Przeginia Narodowa Dwór","lines":"249","arr":["249"],"terminus":0,"mode":"bus","color":"#0059a9","colorDark":"#00294f","angle":260.9,"snapDist":5,"label":1}},{"type":"Feature","geometry":{"type":"Point","coordinates":[19.660699,50.005696]},"properties":{"name":"Przeginia Narodowa Bunar","lines":"249","arr":["249"],"terminus":0,"mode":"bus","color":"#0059a9","colorDark":"#00294f","angle":252.7,"snapDist":2,"label":1}},{"type":"Feature","geometry":{"type":"Point","coordinates":[19.668212,49.9996]},"properties":{"name":"Czernichów Bór","lines":"249","arr":["249"],"terminus":0,"mode":"bus","color":"#0059a9","colorDark":"#00294f","angle":225,"snapDist":3,"label":1}},{"type":"Feature","geometry":{"type":"Point","coordinates":[19.667763,49.999898]},"properties":{"name":"Czernichów Bór","lines":"249","arr":["249"],"terminus":0,"mode":"bus","color":"#0059a9","colorDark":"#00294f","angle":48.4,"snapDist":4,"label":0}},{"type":"Feature","geometry":{"type":"Point","coordinates":[19.660705,50.005683]},"properties":{"name":"Przeginia Narodowa Bunar","lines":"249","arr":["249"],"terminus":0,"mode":"bus","color":"#0059a9","colorDark":"#00294f","angle":72.7,"snapDist":6,"label":0}},{"type":"Feature","geometry":{"type":"Point","coordinates":[19.657574,50.011748]},"properties":{"name":"Przeginia Narodowa Dwór","lines":"249","arr":["249"],"terminus":0,"mode":"bus","color":"#0059a9","colorDark":"#00294f","angle":99.2,"snapDist":5,"label":0}},{"type":"Feature","geometry":{"type":"Point","coordinates":[19.653124,50.019566]},"properties":{"name":"Przeginia Duchowna Kościół","lines":"249","arr":["249"],"terminus":0,"mode":"bus","color":"#0059a9","colorDark":"#00294f","angle":98.8,"snapDist":4,"label":0}},{"type":"Feature","geometry":{"type":"Point","coordinates":[19.651938,50.022435]},"properties":{"name":"Przeginia Duchowna Remiza","lines":"249","arr":["249"],"terminus":0,"mode":"bus","color":"#0059a9","colorDark":"#00294f","angle":60.6,"snapDist":3,"label":0}},{"type":"Feature","geometry":{"type":"Point","coordinates":[19.655971,50.023996]},"properties":{"name":"Przeginia Duchowna Szkoła","lines":"249","arr":["249"],"terminus":0,"mode":"bus","color":"#0059a9","colorDark":"#00294f","angle":167.8,"snapDist":3,"label":0}},{"type":"Feature","geometry":{"type":"Point","coordinates":[19.681029,50.026632]},"properties":{"name":"Nowa Wieś Szlachecka Jesionka","lines":"249","arr":["249"],"terminus":0,"mode":"bus","color":"#0059a9","colorDark":"#00294f","angle":157.7,"snapDist":4,"label":0}},{"type":"Feature","geometry":{"type":"Point","coordinates":[19.689872,50.025875]},"properties":{"name":"Nowa Wieś Szlachecka Pętla","lines":"249","arr":["249"],"terminus":0,"mode":"bus","color":"#0059a9","colorDark":"#00294f","angle":186.5,"snapDist":7,"label":0}},{"type":"Feature","geometry":{"type":"Point","coordinates":[19.697283,50.027164]},"properties":{"name":"Nowa Wieś Szlachecka Kościół","lines":"249","arr":["249"],"terminus":0,"mode":"bus","color":"#0059a9","colorDark":"#00294f","angle":155.5,"snapDist":3,"label":0}},{"type":"Feature","geometry":{"type":"Point","coordinates":[19.704313,50.03081]},"properties":{"name":"Nowa Wieś Szlachecka Sklep","lines":"249","arr":["249"],"terminus":0,"mode":"bus","color":"#0059a9","colorDark":"#00294f","angle":140.1,"snapDist":3,"label":0}},{"type":"Feature","geometry":{"type":"Point","coordinates":[19.711339,50.033977]},"properties":{"name":"Nowa Wieś Szlachecka Kapliczka","lines":"249","arr":["249"],"terminus":0,"mode":"bus","color":"#0059a9","colorDark":"#00294f","angle":157.5,"snapDist":2,"label":0}},{"type":"Feature","geometry":{"type":"Point","coordinates":[19.716308,50.03602]},"properties":{"name":"Kaszów Na Górce","lines":"249","arr":["249"],"terminus":0,"mode":"bus","color":"#0059a9","colorDark":"#00294f","angle":142.2,"snapDist":1,"label":0}},{"type":"Feature","geometry":{"type":"Point","coordinates":[19.720758,50.0389]},"properties":{"name":"Kaszów Krzyżówka do Nowej Wsi Szlacheckiej","lines":"249","arr":["249"],"terminus":0,"mode":"bus","color":"#0059a9","colorDark":"#00294f","angle":178.9,"snapDist":7,"label":0}},{"type":"Feature","geometry":{"type":"Point","coordinates":[19.725598,50.039289]},"properties":{"name":"Kaszów Remiza","lines":"249","arr":["249"],"terminus":0,"mode":"bus","color":"#0059a9","colorDark":"#00294f","angle":85.4,"snapDist":2,"label":0}},{"type":"Feature","geometry":{"type":"Point","coordinates":[19.73425,50.039601]},"properties":{"name":"Kaszów Tyrałówka","lines":"249","arr":["249"],"terminus":0,"mode":"bus","color":"#0059a9","colorDark":"#00294f","angle":180.2,"snapDist":7,"label":0}},{"type":"Feature","geometry":{"type":"Point","coordinates":[19.744741,50.037268]},"properties":{"name":"Kaszów Łysa Góra","lines":"249","arr":["249"],"terminus":0,"mode":"bus","color":"#0059a9","colorDark":"#00294f","angle":205.6,"snapDist":4,"label":0}},{"type":"Feature","geometry":{"type":"Point","coordinates":[19.796441,50.02351]},"properties":{"name":"Piekary Centrum","lines":"249, 259","arr":["249","259"],"terminus":0,"mode":"bus","color":"#0059a9","colorDark":"#00294f","angle":136,"snapDist":3,"label":0}},{"type":"Feature","geometry":{"type":"Point","coordinates":[19.797451,50.026145]},"properties":{"name":"Piekary Sklep","lines":"249, 259","arr":["249","259"],"terminus":0,"mode":"bus","color":"#0059a9","colorDark":"#00294f","angle":82.8,"snapDist":4,"label":0}},{"type":"Feature","geometry":{"type":"Point","coordinates":[19.801122,50.029093]},"properties":{"name":"Piekary Korea","lines":"249, 259","arr":["249","259"],"terminus":0,"mode":"bus","color":"#0059a9","colorDark":"#00294f","angle":153.4,"snapDist":3,"label":0}},{"type":"Feature","geometry":{"type":"Point","coordinates":[19.807335,50.029591]},"properties":{"name":"Piekary Na Brzegu","lines":"249, 259","arr":["249","259"],"terminus":0,"mode":"bus","color":"#0059a9","colorDark":"#00294f","angle":162.9,"snapDist":4,"label":0}},{"type":"Feature","geometry":{"type":"Point","coordinates":[19.816263,50.033328]},"properties":{"name":"Kryspinów Stopień Wodny","lines":"249, 259","arr":["249","259"],"terminus":0,"mode":"bus","color":"#0059a9","colorDark":"#00294f","angle":148.1,"snapDist":4,"label":0}},{"type":"Feature","geometry":{"type":"Point","coordinates":[19.826047,50.036837]},"properties":{"name":"Bielańska","lines":"249, 259","arr":["249","259"],"terminus":0,"mode":"bus","color":"#0059a9","colorDark":"#00294f","angle":141.9,"snapDist":4,"label":0}},{"type":"Feature","geometry":{"type":"Point","coordinates":[19.831598,50.0389]},"properties":{"name":"Skalna","lines":"249, 259","arr":["249","259"],"terminus":0,"mode":"bus","color":"#0059a9","colorDark":"#00294f","angle":177,"snapDist":3,"label":0}},{"type":"Feature","geometry":{"type":"Point","coordinates":[20.050674,50.121266]},"properties":{"name":"Zastów Pętla","lines":"250, 270","arr":["250","270"],"terminus":1,"mode":"bus","color":"#0059a9","colorDark":"#00294f","angle":184.4,"snapDist":4,"label":1}},{"type":"Feature","geometry":{"type":"Point","coordinates":[20.040416,50.118528]},"properties":{"name":"Raciborowice Granica","lines":"250, 270","arr":["250","270"],"terminus":0,"mode":"bus","color":"#0059a9","colorDark":"#00294f","angle":335.5,"snapDist":3,"label":1}},{"type":"Feature","geometry":{"type":"Point","coordinates":[20.032619,50.116758]},"properties":{"name":"Raciborowice Wawelska","lines":"250, 270","arr":["250","270"],"terminus":0,"mode":"bus","color":"#0059a9","colorDark":"#00294f","angle":339.8,"snapDist":4,"label":1}},{"type":"Feature","geometry":{"type":"Point","coordinates":[20.022568,50.113878]},"properties":{"name":"Batowice Dłubnia","lines":"250, 260, 270","arr":["250","260","270"],"terminus":0,"mode":"bus","color":"#0059a9","colorDark":"#00294f","angle":334.9,"snapDist":6,"label":1}},{"type":"Feature","geometry":{"type":"Point","coordinates":[20.015437,50.111243]},"properties":{"name":"Batowice Kapliczka","lines":"250, 260, 270, 297","arr":["250","260","270","297"],"terminus":0,"mode":"bus","color":"#0059a9","colorDark":"#00294f","angle":327.1,"snapDist":4,"label":1}},{"type":"Feature","geometry":{"type":"Point","coordinates":[20.009075,50.110015]},"properties":{"name":"Batowice Spławy","lines":"250, 260, 270, 297","arr":["250","260","270","297"],"terminus":0,"mode":"bus","color":"#0059a9","colorDark":"#00294f","angle":22.4,"snapDist":7,"label":1}},{"type":"Feature","geometry":{"type":"Point","coordinates":[19.996184,50.107877]},"properties":{"name":"Dziekanowice Batowice SKA","lines":"250, 297","arr":["250","297"],"terminus":0,"mode":"bus","color":"#0059a9","colorDark":"#00294f","angle":7.1,"snapDist":4,"label":1}},{"type":"Feature","geometry":{"type":"Point","coordinates":[19.990994,50.109938]},"properties":{"name":"Węgrzce B1","lines":"250, 297","arr":["250","297"],"terminus":0,"mode":"bus","color":"#0059a9","colorDark":"#00294f","angle":315,"snapDist":3,"label":1}},{"type":"Feature","geometry":{"type":"Point","coordinates":[19.984916,50.10715]},"properties":{"name":"Węgrzce Sudół","lines":"250, 297","arr":["250","297"],"terminus":0,"mode":"bus","color":"#0059a9","colorDark":"#00294f","angle":322.8,"snapDist":4,"label":1}},{"type":"Feature","geometry":{"type":"Point","coordinates":[19.975086,50.097812]},"properties":{"name":"Reduta","lines":"250","arr":["250"],"terminus":0,"mode":"bus","color":"#0059a9","colorDark":"#00294f","angle":247.2,"snapDist":4,"label":1}},{"type":"Feature","geometry":{"type":"Point","coordinates":[19.974853,50.092502]},"properties":{"name":"Strzelców","lines":"250, 260, 270","arr":["250","260","270"],"terminus":0,"mode":"bus","color":"#0059a9","colorDark":"#00294f","angle":297.7,"snapDist":7,"label":0}},{"type":"Feature","geometry":{"type":"Point","coordinates":[19.973804,50.089769]},"properties":{"name":"Rondo Barei","lines":"250, 260, 270","arr":["250","260","270"],"terminus":0,"mode":"bus","color":"#0059a9","colorDark":"#00294f","angle":93.7,"snapDist":8,"label":0}},{"type":"Feature","geometry":{"type":"Point","coordinates":[19.975556,50.093352]},"properties":{"name":"Strzelców","lines":"250, 260, 270","arr":["250","260","270"],"terminus":0,"mode":"bus","color":"#0059a9","colorDark":"#00294f","angle":117.7,"snapDist":8,"label":0}},{"type":"Feature","geometry":{"type":"Point","coordinates":[19.974292,50.09908]},"properties":{"name":"Reduta","lines":"250","arr":["250"],"terminus":0,"mode":"bus","color":"#0059a9","colorDark":"#00294f","angle":67.5,"snapDist":3,"label":0}},{"type":"Feature","geometry":{"type":"Point","coordinates":[19.985297,50.10733]},"properties":{"name":"Węgrzce Sudół","lines":"250, 297","arr":["250","297"],"terminus":0,"mode":"bus","color":"#0059a9","colorDark":"#00294f","angle":143.6,"snapDist":3,"label":0}},{"type":"Feature","geometry":{"type":"Point","coordinates":[19.989929,50.109314]},"properties":{"name":"Węgrzce B1","lines":"250, 297","arr":["250","297"],"terminus":0,"mode":"bus","color":"#0059a9","colorDark":"#00294f","angle":143.4,"snapDist":6,"label":0}},{"type":"Feature","geometry":{"type":"Point","coordinates":[19.996724,50.107837]},"properties":{"name":"Dziekanowice Batowice SKA","lines":"250, 297","arr":["250","297"],"terminus":0,"mode":"bus","color":"#0059a9","colorDark":"#00294f","angle":185.5,"snapDist":3,"label":0}},{"type":"Feature","geometry":{"type":"Point","coordinates":[20.010471,50.109945]},"properties":{"name":"Batowice Spławy","lines":"250, 260, 270, 297","arr":["250","260","270","297"],"terminus":0,"mode":"bus","color":"#0059a9","colorDark":"#00294f","angle":169.1,"snapDist":7,"label":0}},{"type":"Feature","geometry":{"type":"Point","coordinates":[20.016332,50.111603]},"properties":{"name":"Batowice Kapliczka","lines":"250, 260, 270, 297","arr":["250","260","270","297"],"terminus":0,"mode":"bus","color":"#0059a9","colorDark":"#00294f","angle":145,"snapDist":7,"label":0}},{"type":"Feature","geometry":{"type":"Point","coordinates":[20.021734,50.113648]},"properties":{"name":"Batowice Dłubnia","lines":"250, 260, 270","arr":["250","260","270"],"terminus":0,"mode":"bus","color":"#0059a9","colorDark":"#00294f","angle":164.1,"snapDist":7,"label":0}},{"type":"Feature","geometry":{"type":"Point","coordinates":[20.033484,50.116965]},"properties":{"name":"Raciborowice Wawelska","lines":"250, 270","arr":["250","270"],"terminus":0,"mode":"bus","color":"#0059a9","colorDark":"#00294f","angle":159.5,"snapDist":5,"label":0}},{"type":"Feature","geometry":{"type":"Point","coordinates":[20.040676,50.118604]},"properties":{"name":"Raciborowice Granica","lines":"250, 270","arr":["250","270"],"terminus":0,"mode":"bus","color":"#0059a9","colorDark":"#00294f","angle":155.8,"snapDist":4,"label":0}},{"type":"Feature","geometry":{"type":"Point","coordinates":[19.7684,49.902494]},"properties":{"name":"Wola Radziszowska Pętla","lines":"253","arr":["253"],"terminus":1,"mode":"bus","color":"#0059a9","colorDark":"#00294f","angle":0,"snapDist":0,"label":1}},{"type":"Feature","geometry":{"type":"Point","coordinates":[19.777172,49.904058]},"properties":{"name":"Wola Radziszowska Chorzyny","lines":"253","arr":["253"],"terminus":0,"mode":"bus","color":"#0059a9","colorDark":"#00294f","angle":147.6,"snapDist":4,"label":1}},{"type":"Feature","geometry":{"type":"Point","coordinates":[19.788245,49.908432]},"properties":{"name":"Wola Radziszowska Centrum","lines":"253","arr":["253"],"terminus":0,"mode":"bus","color":"#0059a9","colorDark":"#00294f","angle":156.6,"snapDist":6,"label":1}},{"type":"Feature","geometry":{"type":"Point","coordinates":[19.79367,49.909952]},"properties":{"name":"Wola Radziszowska Podgaźle","lines":"253","arr":["253"],"terminus":0,"mode":"bus","color":"#0059a9","colorDark":"#00294f","angle":142.2,"snapDist":6,"label":1}},{"type":"Feature","geometry":{"type":"Point","coordinates":[19.799277,49.910054]},"properties":{"name":"Wola Radziszowska Lipki","lines":"253","arr":["253"],"terminus":0,"mode":"bus","color":"#0059a9","colorDark":"#00294f","angle":187.2,"snapDist":4,"label":1}},{"type":"Feature","geometry":{"type":"Point","coordinates":[19.804046,49.907696]},"properties":{"name":"Wola Radziszowska Most","lines":"253","arr":["253"],"terminus":0,"mode":"bus","color":"#0059a9","colorDark":"#00294f","angle":226.4,"snapDist":3,"label":1}},{"type":"Feature","geometry":{"type":"Point","coordinates":[19.815017,49.90676]},"properties":{"name":"Wola Radziszowska Mała Ostra Góra","lines":"253","arr":["253"],"terminus":0,"mode":"bus","color":"#0059a9","colorDark":"#00294f","angle":188.3,"snapDist":3,"label":1}},{"type":"Feature","geometry":{"type":"Point","coordinates":[19.808763,49.91821]},"properties":{"name":"Radziszów PKP","lines":"253","arr":["253"],"terminus":0,"mode":"bus","color":"#0059a9","colorDark":"#00294f","angle":96.5,"snapDist":10,"label":1}},{"type":"Feature","geometry":{"type":"Point","coordinates":[19.80748,49.921432]},"properties":{"name":"Radziszów Zawodzie","lines":"253","arr":["253"],"terminus":0,"mode":"bus","color":"#0059a9","colorDark":"#00294f","angle":94.1,"snapDist":3,"label":1}},{"type":"Feature","geometry":{"type":"Point","coordinates":[19.808137,49.92731]},"properties":{"name":"Radziszów Podwale","lines":"253","arr":["253"],"terminus":0,"mode":"bus","color":"#0059a9","colorDark":"#00294f","angle":109.8,"snapDist":3,"label":1}},{"type":"Feature","geometry":{"type":"Point","coordinates":[19.809449,49.935065]},"properties":{"name":"Radziszów Zacisze","lines":"253","arr":["253"],"terminus":0,"mode":"bus","color":"#0059a9","colorDark":"#00294f","angle":65.1,"snapDist":4,"label":1}},{"type":"Feature","geometry":{"type":"Point","coordinates":[19.809396,49.939037]},"properties":{"name":"Radziszów Centrum","lines":"253","arr":["253"],"terminus":0,"mode":"bus","color":"#0059a9","colorDark":"#00294f","angle":60.3,"snapDist":5,"label":1}},{"type":"Feature","geometry":{"type":"Point","coordinates":[19.811198,49.946633]},"properties":{"name":"Radziszów Kamionna","lines":"253","arr":["253"],"terminus":0,"mode":"bus","color":"#0059a9","colorDark":"#00294f","angle":95.5,"snapDist":4,"label":1}},{"type":"Feature","geometry":{"type":"Point","coordinates":[19.815198,49.954501]},"properties":{"name":"Skawina Nad Potokiem","lines":"253","arr":["253"],"terminus":0,"mode":"bus","color":"#0059a9","colorDark":"#00294f","angle":92.4,"snapDist":3,"label":1}},{"type":"Feature","geometry":{"type":"Point","coordinates":[19.815281,49.95952]},"properties":{"name":"Skawina Os. Radziszowskie","lines":"253","arr":["253"],"terminus":0,"mode":"bus","color":"#0059a9","colorDark":"#00294f","angle":110.6,"snapDist":3,"label":1}},{"type":"Feature","geometry":{"type":"Point","coordinates":[19.822729,49.969431]},"properties":{"name":"Skawina Radziszowska","lines":"253","arr":["253"],"terminus":0,"mode":"bus","color":"#0059a9","colorDark":"#00294f","angle":112.7,"snapDist":3,"label":1}},{"type":"Feature","geometry":{"type":"Point","coordinates":[19.82543,49.97124]},"properties":{"name":"Skawina Centrum Sportowe","lines":"253","arr":["253"],"terminus":0,"mode":"bus","color":"#0059a9","colorDark":"#00294f","angle":203,"snapDist":4,"label":1}},{"type":"Feature","geometry":{"type":"Point","coordinates":[19.825631,49.971182]},"properties":{"name":"Skawina Centrum Sportowe","lines":"253","arr":["253"],"terminus":0,"mode":"bus","color":"#0059a9","colorDark":"#00294f","angle":23.8,"snapDist":3,"label":0}},{"type":"Feature","geometry":{"type":"Point","coordinates":[19.822648,49.969307]},"properties":{"name":"Skawina Radziszowska","lines":"253","arr":["253"],"terminus":0,"mode":"bus","color":"#0059a9","colorDark":"#00294f","angle":292.7,"snapDist":4,"label":0}},{"type":"Feature","geometry":{"type":"Point","coordinates":[19.819837,49.9669]},"properties":{"name":"Skawina Groble","lines":"253","arr":["253"],"terminus":0,"mode":"bus","color":"#0059a9","colorDark":"#00294f","angle":309.1,"snapDist":5,"label":1}},{"type":"Feature","geometry":{"type":"Point","coordinates":[19.815615,49.96005]},"properties":{"name":"Skawina Os. Radziszowskie","lines":"253","arr":["253"],"terminus":0,"mode":"bus","color":"#0059a9","colorDark":"#00294f","angle":292.5,"snapDist":6,"label":0}},{"type":"Feature","geometry":{"type":"Point","coordinates":[19.814961,49.95309]},"properties":{"name":"Skawina Nad Potokiem","lines":"253","arr":["253"],"terminus":0,"mode":"bus","color":"#0059a9","colorDark":"#00294f","angle":290.1,"snapDist":3,"label":0}},{"type":"Feature","geometry":{"type":"Point","coordinates":[19.811289,49.94691]},"properties":{"name":"Radziszów Kamionna","lines":"253","arr":["253"],"terminus":0,"mode":"bus","color":"#0059a9","colorDark":"#00294f","angle":285.3,"snapDist":4,"label":0}},{"type":"Feature","geometry":{"type":"Point","coordinates":[19.810221,49.938443]},"properties":{"name":"Radziszów Centrum","lines":"253","arr":["253"],"terminus":0,"mode":"bus","color":"#0059a9","colorDark":"#00294f","angle":207.4,"snapDist":8,"label":0}},{"type":"Feature","geometry":{"type":"Point","coordinates":[19.809226,49.935366]},"properties":{"name":"Radziszów Zacisze","lines":"253","arr":["253"],"terminus":0,"mode":"bus","color":"#0059a9","colorDark":"#00294f","angle":245.6,"snapDist":4,"label":0}},{"type":"Feature","geometry":{"type":"Point","coordinates":[19.807969,49.927011]},"properties":{"name":"Radziszów Podwale","lines":"253","arr":["253"],"terminus":0,"mode":"bus","color":"#0059a9","colorDark":"#00294f","angle":289.8,"snapDist":3,"label":0}},{"type":"Feature","geometry":{"type":"Point","coordinates":[19.807448,49.921128]},"properties":{"name":"Radziszów Zawodzie","lines":"253","arr":["253"],"terminus":0,"mode":"bus","color":"#0059a9","colorDark":"#00294f","angle":273.8,"snapDist":3,"label":0}},{"type":"Feature","geometry":{"type":"Point","coordinates":[19.808763,49.91821]},"properties":{"name":"Radziszów PKP","lines":"253","arr":["253"],"terminus":0,"mode":"bus","color":"#0059a9","colorDark":"#00294f","angle":96.5,"snapDist":10,"label":0}},{"type":"Feature","geometry":{"type":"Point","coordinates":[19.814421,49.906831]},"properties":{"name":"Wola Radziszowska Mała Ostra Góra","lines":"253","arr":["253"],"terminus":0,"mode":"bus","color":"#0059a9","colorDark":"#00294f","angle":11.5,"snapDist":3,"label":0}},{"type":"Feature","geometry":{"type":"Point","coordinates":[19.804694,49.907178]},"properties":{"name":"Wola Radziszowska Most","lines":"253","arr":["253"],"terminus":0,"mode":"bus","color":"#0059a9","colorDark":"#00294f","angle":53.4,"snapDist":4,"label":0}},{"type":"Feature","geometry":{"type":"Point","coordinates":[19.797857,49.91024]},"properties":{"name":"Wola Radziszowska Lipki","lines":"253","arr":["253"],"terminus":0,"mode":"bus","color":"#0059a9","colorDark":"#00294f","angle":15.8,"snapDist":3,"label":0}},{"type":"Feature","geometry":{"type":"Point","coordinates":[19.792131,49.909552]},"properties":{"name":"Wola Radziszowska Podgaźle","lines":"253","arr":["253"],"terminus":0,"mode":"bus","color":"#0059a9","colorDark":"#00294f","angle":349.6,"snapDist":4,"label":0}},{"type":"Feature","geometry":{"type":"Point","coordinates":[19.787212,49.907764]},"properties":{"name":"Wola Radziszowska Centrum","lines":"253","arr":["253"],"terminus":0,"mode":"bus","color":"#0059a9","colorDark":"#00294f","angle":292.2,"snapDist":5,"label":0}},{"type":"Feature","geometry":{"type":"Point","coordinates":[19.775573,49.903758]},"properties":{"name":"Wola Radziszowska Chorzyny","lines":"253","arr":["253"],"terminus":0,"mode":"bus","color":"#0059a9","colorDark":"#00294f","angle":346,"snapDist":4,"label":0}},{"type":"Feature","geometry":{"type":"Point","coordinates":[19.967323,49.973872]},"properties":{"name":"Golkowice Pętla","lines":"254","arr":["254"],"terminus":1,"mode":"bus","color":"#0059a9","colorDark":"#00294f","angle":38.1,"snapDist":2,"label":1}},{"type":"Feature","geometry":{"type":"Point","coordinates":[19.960596,49.973447]},"properties":{"name":"Zbydniowicka","lines":"254","arr":["254"],"terminus":0,"mode":"bus","color":"#0059a9","colorDark":"#00294f","angle":336.1,"snapDist":3,"label":1}},{"type":"Feature","geometry":{"type":"Point","coordinates":[19.944826,49.980253]},"properties":{"name":"Wróblowice","lines":"254","arr":["254"],"terminus":0,"mode":"bus","color":"#0059a9","colorDark":"#00294f","angle":186.5,"snapDist":4,"label":0}},{"type":"Feature","geometry":{"type":"Point","coordinates":[19.949766,49.979539]},"properties":{"name":"Aleksandrowicza","lines":"254","arr":["254"],"terminus":0,"mode":"bus","color":"#0059a9","colorDark":"#00294f","angle":186.9,"snapDist":3,"label":1}},{"type":"Feature","geometry":{"type":"Point","coordinates":[19.954981,49.979833]},"properties":{"name":"Cmentarz Wróblowice","lines":"254","arr":["254"],"terminus":0,"mode":"bus","color":"#0059a9","colorDark":"#00294f","angle":164.2,"snapDist":5,"label":1}},{"type":"Feature","geometry":{"type":"Point","coordinates":[19.960061,49.982005]},"properties":{"name":"Kenara","lines":"254","arr":["254"],"terminus":0,"mode":"bus","color":"#0059a9","colorDark":"#00294f","angle":167.1,"snapDist":3,"label":1}},{"type":"Feature","geometry":{"type":"Point","coordinates":[19.927291,49.999549]},"properties":{"name":"Swoszowice SKA P+R","lines":"254","arr":["254"],"terminus":0,"mode":"bus","color":"#0059a9","colorDark":"#00294f","angle":140.9,"snapDist":9,"label":0}},{"type":"Feature","geometry":{"type":"Point","coordinates":[19.962263,49.988368]},"properties":{"name":"Landaua","lines":"254","arr":["254"],"terminus":0,"mode":"bus","color":"#0059a9","colorDark":"#00294f","angle":192.1,"snapDist":4,"label":0}},{"type":"Feature","geometry":{"type":"Point","coordinates":[19.95986,49.981977]},"properties":{"name":"Kenara","lines":"254","arr":["254"],"terminus":0,"mode":"bus","color":"#0059a9","colorDark":"#00294f","angle":348.6,"snapDist":4,"label":0}},{"type":"Feature","geometry":{"type":"Point","coordinates":[19.954808,49.979809]},"properties":{"name":"Cmentarz Wróblowice","lines":"254","arr":["254"],"terminus":0,"mode":"bus","color":"#0059a9","colorDark":"#00294f","angle":350.5,"snapDist":4,"label":0}},{"type":"Feature","geometry":{"type":"Point","coordinates":[19.94919,49.979616]},"properties":{"name":"Aleksandrowicza","lines":"254","arr":["254"],"terminus":0,"mode":"bus","color":"#0059a9","colorDark":"#00294f","angle":15.4,"snapDist":3,"label":0}},{"type":"Feature","geometry":{"type":"Point","coordinates":[19.947529,49.972736]},"properties":{"name":"Zbydniowice","lines":"254","arr":["254"],"terminus":0,"mode":"bus","color":"#0059a9","colorDark":"#00294f","angle":178.2,"snapDist":3,"label":0}},{"type":"Feature","geometry":{"type":"Point","coordinates":[19.961025,49.973524]},"properties":{"name":"Zbydniowicka","lines":"254","arr":["254"],"terminus":0,"mode":"bus","color":"#0059a9","colorDark":"#00294f","angle":167.9,"snapDist":5,"label":0}},{"type":"Feature","geometry":{"type":"Point","coordinates":[19.8916,49.955549]},"properties":{"name":"Gaj Wiadukt","lines":"255","arr":["255"],"terminus":0,"mode":"bus","color":"#0059a9","colorDark":"#00294f","angle":180.1,"snapDist":3,"label":1}},{"type":"Feature","geometry":{"type":"Point","coordinates":[19.897275,49.955652]},"properties":{"name":"Gaj Zgody","lines":"255","arr":["255"],"terminus":0,"mode":"bus","color":"#0059a9","colorDark":"#00294f","angle":171.9,"snapDist":2,"label":1}},{"type":"Feature","geometry":{"type":"Point","coordinates":[19.903398,49.956125]},"properties":{"name":"Gaj Rudawa","lines":"255","arr":["255"],"terminus":0,"mode":"bus","color":"#0059a9","colorDark":"#00294f","angle":162.2,"snapDist":3,"label":1}},{"type":"Feature","geometry":{"type":"Point","coordinates":[19.913604,49.957854]},"properties":{"name":"Gaj Kwiatowa","lines":"255","arr":["255"],"terminus":0,"mode":"bus","color":"#0059a9","colorDark":"#00294f","angle":194.9,"snapDist":4,"label":1}},{"type":"Feature","geometry":{"type":"Point","coordinates":[19.918641,49.961403]},"properties":{"name":"Lusina Kwiatowa","lines":"255","arr":["255"],"terminus":0,"mode":"bus","color":"#0059a9","colorDark":"#00294f","angle":152.3,"snapDist":3,"label":1}},{"type":"Feature","geometry":{"type":"Point","coordinates":[19.924061,49.963475]},"properties":{"name":"Lusina Łany","lines":"255","arr":["255"],"terminus":0,"mode":"bus","color":"#0059a9","colorDark":"#00294f","angle":153.4,"snapDist":3,"label":1}},{"type":"Feature","geometry":{"type":"Point","coordinates":[19.930186,49.96778]},"properties":{"name":"Lusina Szkoła","lines":"255","arr":["255"],"terminus":0,"mode":"bus","color":"#0059a9","colorDark":"#00294f","angle":133.1,"snapDist":3,"label":1}},{"type":"Feature","geometry":{"type":"Point","coordinates":[19.930531,49.970644]},"properties":{"name":"Lusina Spacerowa","lines":"255","arr":["255"],"terminus":0,"mode":"bus","color":"#0059a9","colorDark":"#00294f","angle":79,"snapDist":4,"label":1}},{"type":"Feature","geometry":{"type":"Point","coordinates":[19.927873,49.974028]},"properties":{"name":"Lusina Dwór","lines":"255","arr":["255"],"terminus":0,"mode":"bus","color":"#0059a9","colorDark":"#00294f","angle":86.3,"snapDist":3,"label":1}},{"type":"Feature","geometry":{"type":"Point","coordinates":[19.922756,49.975682]},"properties":{"name":"Lusina Krakowska","lines":"255","arr":["255"],"terminus":0,"mode":"bus","color":"#0059a9","colorDark":"#00294f","angle":17.4,"snapDist":3,"label":1}},{"type":"Feature","geometry":{"type":"Point","coordinates":[19.919055,49.979694]},"properties":{"name":"Libertów Świetlista","lines":"255","arr":["255"],"terminus":0,"mode":"bus","color":"#0059a9","colorDark":"#00294f","angle":75.5,"snapDist":3,"label":1}},{"type":"Feature","geometry":{"type":"Point","coordinates":[19.910703,49.979231]},"properties":{"name":"Libertów Dolny","lines":"255","arr":["255"],"terminus":0,"mode":"bus","color":"#0059a9","colorDark":"#00294f","angle":279.2,"snapDist":6,"label":1}},{"type":"Feature","geometry":{"type":"Point","coordinates":[19.910798,49.979624]},"properties":{"name":"Libertów Dolny","lines":"255","arr":["255"],"terminus":0,"mode":"bus","color":"#0059a9","colorDark":"#00294f","angle":98,"snapDist":3,"label":0}},{"type":"Feature","geometry":{"type":"Point","coordinates":[19.918218,49.979975]},"properties":{"name":"Libertów Świetlista","lines":"255","arr":["255"],"terminus":0,"mode":"bus","color":"#0059a9","colorDark":"#00294f","angle":177,"snapDist":3,"label":0}},{"type":"Feature","geometry":{"type":"Point","coordinates":[19.923118,49.975599]},"properties":{"name":"Lusina Krakowska","lines":"255","arr":["255"],"terminus":0,"mode":"bus","color":"#0059a9","colorDark":"#00294f","angle":201,"snapDist":4,"label":0}},{"type":"Feature","geometry":{"type":"Point","coordinates":[19.927905,49.973722]},"properties":{"name":"Lusina Dwór","lines":"255","arr":["255"],"terminus":0,"mode":"bus","color":"#0059a9","colorDark":"#00294f","angle":265.4,"snapDist":3,"label":0}},{"type":"Feature","geometry":{"type":"Point","coordinates":[19.93064,49.970295]},"properties":{"name":"Lusina Spacerowa","lines":"255","arr":["255"],"terminus":0,"mode":"bus","color":"#0059a9","colorDark":"#00294f","angle":258.2,"snapDist":3,"label":0}},{"type":"Feature","geometry":{"type":"Point","coordinates":[19.929655,49.967418]},"properties":{"name":"Lusina Szkoła","lines":"255","arr":["255"],"terminus":0,"mode":"bus","color":"#0059a9","colorDark":"#00294f","angle":313.8,"snapDist":3,"label":0}},{"type":"Feature","geometry":{"type":"Point","coordinates":[19.92367,49.963358]},"properties":{"name":"Lusina Łany","lines":"255","arr":["255"],"terminus":0,"mode":"bus","color":"#0059a9","colorDark":"#00294f","angle":338.5,"snapDist":4,"label":0}},{"type":"Feature","geometry":{"type":"Point","coordinates":[19.919761,49.961807]},"properties":{"name":"Lusina Kwiatowa","lines":"255","arr":["255"],"terminus":0,"mode":"bus","color":"#0059a9","colorDark":"#00294f","angle":329.3,"snapDist":3,"label":0}},{"type":"Feature","geometry":{"type":"Point","coordinates":[19.912753,49.957975]},"properties":{"name":"Gaj Kwiatowa","lines":"255","arr":["255"],"terminus":0,"mode":"bus","color":"#0059a9","colorDark":"#00294f","angle":7.4,"snapDist":4,"label":0}},{"type":"Feature","geometry":{"type":"Point","coordinates":[19.902933,49.956049]},"properties":{"name":"Gaj Rudawa","lines":"255","arr":["255"],"terminus":0,"mode":"bus","color":"#0059a9","colorDark":"#00294f","angle":348.8,"snapDist":5,"label":0}},{"type":"Feature","geometry":{"type":"Point","coordinates":[19.896738,49.955595]},"properties":{"name":"Gaj Zgody","lines":"255","arr":["255"],"terminus":0,"mode":"bus","color":"#0059a9","colorDark":"#00294f","angle":351.7,"snapDist":4,"label":0}},{"type":"Feature","geometry":{"type":"Point","coordinates":[19.892576,49.955524]},"properties":{"name":"Gaj Wiadukt","lines":"255","arr":["255"],"terminus":0,"mode":"bus","color":"#0059a9","colorDark":"#00294f","angle":4.4,"snapDist":4,"label":0}},{"type":"Feature","geometry":{"type":"Point","coordinates":[19.932575,50.180683]},"properties":{"name":"Narama Remiza","lines":"257","arr":["257"],"terminus":1,"mode":"bus","color":"#0059a9","colorDark":"#00294f","angle":93.4,"snapDist":5,"label":1}},{"type":"Feature","geometry":{"type":"Point","coordinates":[19.944545,50.180373]},"properties":{"name":"Narama Graniczna Sklep","lines":"257, 277","arr":["257","277"],"terminus":0,"mode":"bus","color":"#0059a9","colorDark":"#00294f","angle":262.8,"snapDist":3,"label":1}},{"type":"Feature","geometry":{"type":"Point","coordinates":[19.944478,50.173885]},"properties":{"name":"Michałowice Gościniec","lines":"257","arr":["257"],"terminus":0,"mode":"bus","color":"#0059a9","colorDark":"#00294f","angle":188.5,"snapDist":4,"label":1}},{"type":"Feature","geometry":{"type":"Point","coordinates":[19.961757,50.172619]},"properties":{"name":"Michałowice Laskowiec","lines":"257","arr":["257"],"terminus":0,"mode":"bus","color":"#0059a9","colorDark":"#00294f","angle":186.3,"snapDist":4,"label":1}},{"type":"Feature","geometry":{"type":"Point","coordinates":[19.975394,50.171021]},"properties":{"name":"Michałowice Warszawka","lines":"257","arr":["257"],"terminus":0,"mode":"bus","color":"#0059a9","colorDark":"#00294f","angle":184.2,"snapDist":3,"label":1}},{"type":"Feature","geometry":{"type":"Point","coordinates":[19.978591,50.16526]},"properties":{"name":"Michałowice Górna","lines":"257, 277","arr":["257","277"],"terminus":0,"mode":"bus","color":"#0059a9","colorDark":"#00294f","angle":260,"snapDist":7,"label":1}},{"type":"Feature","geometry":{"type":"Point","coordinates":[19.979333,50.16223]},"properties":{"name":"Michałowice Ośrodek Zdrowia","lines":"257, 277","arr":["257","277"],"terminus":0,"mode":"bus","color":"#0059a9","colorDark":"#00294f","angle":172.8,"snapDist":8,"label":1}},{"type":"Feature","geometry":{"type":"Point","coordinates":[19.980484,50.158343]},"properties":{"name":"Michałowice Centrum","lines":"257, 260, 277","arr":["257","260","277"],"terminus":0,"mode":"bus","color":"#0059a9","colorDark":"#00294f","angle":260.1,"snapDist":8,"label":1}},{"type":"Feature","geometry":{"type":"Point","coordinates":[19.983731,50.150938]},"properties":{"name":"Michałowice Dąbrowskich","lines":"257, 260, 277","arr":["257","260","277"],"terminus":0,"mode":"bus","color":"#0059a9","colorDark":"#00294f","angle":272,"snapDist":5,"label":1}},{"type":"Feature","geometry":{"type":"Point","coordinates":[19.97035,50.141296]},"properties":{"name":"Michałowice Komora","lines":"257, 277, 280, 307, 917","arr":["257","277","280","307","917"],"terminus":0,"mode":"bus","color":"#0059a9","colorDark":"#00294f","angle":284.7,"snapDist":10,"label":1}},{"type":"Feature","geometry":{"type":"Point","coordinates":[19.96692,50.132821]},"properties":{"name":"Bibice Na Czekaj","lines":"257, 277, 307, 917","arr":["257","277","307","917"],"terminus":0,"mode":"bus","color":"#0059a9","colorDark":"#00294f","angle":283.9,"snapDist":9,"label":1}},{"type":"Feature","geometry":{"type":"Point","coordinates":[19.968215,50.127794]},"properties":{"name":"Węgrzce Warszawska","lines":"257, 277, 307, 917","arr":["257","277","307","917"],"terminus":0,"mode":"bus","color":"#0059a9","colorDark":"#00294f","angle":274.3,"snapDist":10,"label":1}},{"type":"Feature","geometry":{"type":"Point","coordinates":[19.967235,50.120485]},"properties":{"name":"Węgrzce A1","lines":"257, 277, 307, 917","arr":["257","277","307","917"],"terminus":0,"mode":"bus","color":"#0059a9","colorDark":"#00294f","angle":94.8,"snapDist":6,"label":0}},{"type":"Feature","geometry":{"type":"Point","coordinates":[19.968292,50.128316]},"properties":{"name":"Węgrzce Warszawska","lines":"257, 277, 307, 917","arr":["257","277","307","917"],"terminus":0,"mode":"bus","color":"#0059a9","colorDark":"#00294f","angle":94.7,"snapDist":8,"label":0}},{"type":"Feature","geometry":{"type":"Point","coordinates":[19.967169,50.13344]},"properties":{"name":"Bibice Na Czekaj","lines":"257, 277, 280, 307, 917","arr":["257","277","280","307","917"],"terminus":0,"mode":"bus","color":"#0059a9","colorDark":"#00294f","angle":104.5,"snapDist":9,"label":0}},{"type":"Feature","geometry":{"type":"Point","coordinates":[19.970849,50.142518]},"properties":{"name":"Michałowice Komora","lines":"257, 277","arr":["257","277"],"terminus":0,"mode":"bus","color":"#0059a9","colorDark":"#00294f","angle":104.2,"snapDist":8,"label":0}},{"type":"Feature","geometry":{"type":"Point","coordinates":[19.983757,50.151512]},"properties":{"name":"Michałowice Dąbrowskich","lines":"257, 260, 277","arr":["257","260","277"],"terminus":0,"mode":"bus","color":"#0059a9","colorDark":"#00294f","angle":92,"snapDist":5,"label":0}},{"type":"Feature","geometry":{"type":"Point","coordinates":[19.980428,50.158947]},"properties":{"name":"Michałowice Centrum","lines":"257, 260, 277","arr":["257","260","277"],"terminus":0,"mode":"bus","color":"#0059a9","colorDark":"#00294f","angle":172.6,"snapDist":8,"label":0}},{"type":"Feature","geometry":{"type":"Point","coordinates":[19.979632,50.161459]},"properties":{"name":"Michałowice Ośrodek Zdrowia","lines":"257, 277","arr":["257","277"],"terminus":0,"mode":"bus","color":"#0059a9","colorDark":"#00294f","angle":80,"snapDist":7,"label":0}},{"type":"Feature","geometry":{"type":"Point","coordinates":[19.977858,50.16818]},"properties":{"name":"Michałowice Górna","lines":"257","arr":["257"],"terminus":0,"mode":"bus","color":"#0059a9","colorDark":"#00294f","angle":89.7,"snapDist":8,"label":1}},{"type":"Feature","geometry":{"type":"Point","coordinates":[19.975136,50.171034]},"properties":{"name":"Michałowice Warszawka","lines":"257","arr":["257"],"terminus":0,"mode":"bus","color":"#0059a9","colorDark":"#00294f","angle":4.1,"snapDist":4,"label":0}},{"type":"Feature","geometry":{"type":"Point","coordinates":[19.961175,50.172662]},"properties":{"name":"Michałowice Laskowiec","lines":"257","arr":["257"],"terminus":0,"mode":"bus","color":"#0059a9","colorDark":"#00294f","angle":6.6,"snapDist":3,"label":0}},{"type":"Feature","geometry":{"type":"Point","coordinates":[19.945674,50.173791]},"properties":{"name":"Michałowice Gościniec","lines":"257","arr":["257"],"terminus":0,"mode":"bus","color":"#0059a9","colorDark":"#00294f","angle":6,"snapDist":4,"label":0}},{"type":"Feature","geometry":{"type":"Point","coordinates":[19.944506,50.180577]},"properties":{"name":"Narama Graniczna Sklep","lines":"257, 277","arr":["257","277"],"terminus":0,"mode":"bus","color":"#0059a9","colorDark":"#00294f","angle":85.2,"snapDist":4,"label":0}},{"type":"Feature","geometry":{"type":"Point","coordinates":[19.816483,50.107311]},"properties":{"name":"Zabierzów Kmity","lines":"258","arr":["258"],"terminus":0,"mode":"bus","color":"#0059a9","colorDark":"#00294f","angle":279,"snapDist":7,"label":1}},{"type":"Feature","geometry":{"type":"Point","coordinates":[19.805351,50.098192]},"properties":{"name":"Szczyglice Skała Kmity","lines":"258","arr":["258"],"terminus":0,"mode":"bus","color":"#0059a9","colorDark":"#00294f","angle":305.4,"snapDist":4,"label":1}},{"type":"Feature","geometry":{"type":"Point","coordinates":[19.734891,50.090614]},"properties":{"name":"Brzoskwinia Koziary","lines":"258, 298","arr":["258","298"],"terminus":0,"mode":"bus","color":"#0059a9","colorDark":"#00294f","angle":13,"snapDist":3,"label":1}},{"type":"Feature","geometry":{"type":"Point","coordinates":[19.72881,50.093988]},"properties":{"name":"Brzoskwinia Góra","lines":"258, 298","arr":["258","298"],"terminus":0,"mode":"bus","color":"#0059a9","colorDark":"#00294f","angle":39.3,"snapDist":5,"label":1}},{"type":"Feature","geometry":{"type":"Point","coordinates":[19.718643,50.09566]},"properties":{"name":"Brzoskwinia Remiza","lines":"258, 298","arr":["258","298"],"terminus":0,"mode":"bus","color":"#0059a9","colorDark":"#00294f","angle":317,"snapDist":5,"label":1}},{"type":"Feature","geometry":{"type":"Point","coordinates":[19.710088,50.093233]},"properties":{"name":"Brzoskwinia Kamyk","lines":"258, 298","arr":["258","298"],"terminus":0,"mode":"bus","color":"#0059a9","colorDark":"#00294f","angle":333.9,"snapDist":5,"label":1}},{"type":"Feature","geometry":{"type":"Point","coordinates":[19.702879,50.08987]},"properties":{"name":"Brzoskwinia Pętla","lines":"258, 298","arr":["258","298"],"terminus":0,"mode":"bus","color":"#0059a9","colorDark":"#00294f","angle":164,"snapDist":8,"label":1}},{"type":"Feature","geometry":{"type":"Point","coordinates":[19.715139,50.103044]},"properties":{"name":"Nielepice Stadnina","lines":"258, 298","arr":["258","298"],"terminus":0,"mode":"bus","color":"#0059a9","colorDark":"#00294f","angle":45.7,"snapDist":4,"label":1}},{"type":"Feature","geometry":{"type":"Point","coordinates":[19.709609,50.106673]},"properties":{"name":"Nielepice Pętla","lines":"258, 298","arr":["258","298"],"terminus":1,"mode":"bus","color":"#0059a9","colorDark":"#00294f","angle":28.8,"snapDist":6,"label":1}},{"type":"Feature","geometry":{"type":"Point","coordinates":[19.766075,50.003846]},"properties":{"name":"Rączna Cracovia Centrum Treningowe","lines":"259","arr":["259"],"terminus":0,"mode":"bus","color":"#0059a9","colorDark":"#00294f","angle":354,"snapDist":4,"label":0}},{"type":"Feature","geometry":{"type":"Point","coordinates":[19.755373,50.001274]},"properties":{"name":"Rączna Osiedle","lines":"259","arr":["259"],"terminus":0,"mode":"bus","color":"#0059a9","colorDark":"#00294f","angle":39.4,"snapDist":9,"label":1}},{"type":"Feature","geometry":{"type":"Point","coordinates":[19.750652,49.99829]},"properties":{"name":"Dąbrowa Szlachecka Krzyż","lines":"259","arr":["259"],"terminus":0,"mode":"bus","color":"#0059a9","colorDark":"#00294f","angle":334.6,"snapDist":4,"label":1}},{"type":"Feature","geometry":{"type":"Point","coordinates":[19.742637,49.99563]},"properties":{"name":"Dąbrowa Szlachecka Figurka","lines":"259","arr":["259"],"terminus":0,"mode":"bus","color":"#0059a9","colorDark":"#00294f","angle":339.5,"snapDist":4,"label":1}},{"type":"Feature","geometry":{"type":"Point","coordinates":[19.734139,49.995344]},"properties":{"name":"Wołowice Skrzyżowanie","lines":"259","arr":["259"],"terminus":0,"mode":"bus","color":"#0059a9","colorDark":"#00294f","angle":14.9,"snapDist":3,"label":1}},{"type":"Feature","geometry":{"type":"Point","coordinates":[19.739057,49.999402]},"properties":{"name":"Dąbrowa Szlachecka Krzemiennik","lines":"259","arr":["259"],"terminus":0,"mode":"bus","color":"#0059a9","colorDark":"#00294f","angle":131.8,"snapDist":1,"label":0}},{"type":"Feature","geometry":{"type":"Point","coordinates":[19.731433,49.993841]},"properties":{"name":"Wołowice Szkoła","lines":"259, 279","arr":["259","279"],"terminus":0,"mode":"bus","color":"#0059a9","colorDark":"#00294f","angle":332.9,"snapDist":4,"label":1}},{"type":"Feature","geometry":{"type":"Point","coordinates":[19.72725,49.989355]},"properties":{"name":"Wołowice Remiza","lines":"259","arr":["259"],"terminus":0,"mode":"bus","color":"#0059a9","colorDark":"#00294f","angle":285.1,"snapDist":2,"label":1}},{"type":"Feature","geometry":{"type":"Point","coordinates":[19.727946,49.986513]},"properties":{"name":"Wołowice Kapliczka","lines":"259, 279","arr":["259","279"],"terminus":0,"mode":"bus","color":"#0059a9","colorDark":"#00294f","angle":30.6,"snapDist":5,"label":0}},{"type":"Feature","geometry":{"type":"Point","coordinates":[19.726387,49.989178]},"properties":{"name":"Wołowice Remiza","lines":"259","arr":["259"],"terminus":0,"mode":"bus","color":"#0059a9","colorDark":"#00294f","angle":33.7,"snapDist":4,"label":0}},{"type":"Feature","geometry":{"type":"Point","coordinates":[19.720585,49.989427]},"properties":{"name":"Wołowice Sklep","lines":"259","arr":["259"],"terminus":0,"mode":"bus","color":"#0059a9","colorDark":"#00294f","angle":351.4,"snapDist":3,"label":1}},{"type":"Feature","geometry":{"type":"Point","coordinates":[19.711666,49.988491]},"properties":{"name":"Wołowice Pichonówka","lines":"259","arr":["259"],"terminus":0,"mode":"bus","color":"#0059a9","colorDark":"#00294f","angle":353,"snapDist":3,"label":1}},{"type":"Feature","geometry":{"type":"Point","coordinates":[19.705122,49.988181]},"properties":{"name":"Wołowice Niwka","lines":"259","arr":["259"],"terminus":0,"mode":"bus","color":"#0059a9","colorDark":"#00294f","angle":356,"snapDist":2,"label":1}},{"type":"Feature","geometry":{"type":"Point","coordinates":[19.688548,49.99206]},"properties":{"name":"Czernichów Stacja Paliw","lines":"259","arr":["259"],"terminus":0,"mode":"bus","color":"#0059a9","colorDark":"#00294f","angle":14.8,"snapDist":3,"label":1}},{"type":"Feature","geometry":{"type":"Point","coordinates":[19.689292,49.991933]},"properties":{"name":"Czernichów Stacja Paliw","lines":"259","arr":["259"],"terminus":0,"mode":"bus","color":"#0059a9","colorDark":"#00294f","angle":194.8,"snapDist":6,"label":0}},{"type":"Feature","geometry":{"type":"Point","coordinates":[19.706056,49.988224]},"properties":{"name":"Wołowice Niwka","lines":"259","arr":["259"],"terminus":0,"mode":"bus","color":"#0059a9","colorDark":"#00294f","angle":175.9,"snapDist":4,"label":0}},{"type":"Feature","geometry":{"type":"Point","coordinates":[19.712915,49.988577]},"properties":{"name":"Wołowice Pichonówka","lines":"259","arr":["259"],"terminus":0,"mode":"bus","color":"#0059a9","colorDark":"#00294f","angle":173.8,"snapDist":3,"label":0}},{"type":"Feature","geometry":{"type":"Point","coordinates":[19.721184,49.98948]},"properties":{"name":"Wołowice Sklep","lines":"259","arr":["259"],"terminus":0,"mode":"bus","color":"#0059a9","colorDark":"#00294f","angle":173.1,"snapDist":3,"label":0}},{"type":"Feature","geometry":{"type":"Point","coordinates":[19.726968,49.988677]},"properties":{"name":"Wołowice Remiza","lines":"259, 279","arr":["259","279"],"terminus":0,"mode":"bus","color":"#0059a9","colorDark":"#00294f","angle":276.2,"snapDist":3,"label":0}},{"type":"Feature","geometry":{"type":"Point","coordinates":[19.727386,49.989689]},"properties":{"name":"Wołowice Remiza","lines":"259, 279","arr":["259","279"],"terminus":0,"mode":"bus","color":"#0059a9","colorDark":"#00294f","angle":104.9,"snapDist":4,"label":0}},{"type":"Feature","geometry":{"type":"Point","coordinates":[19.731012,49.993704]},"properties":{"name":"Wołowice Szkoła","lines":"259, 279","arr":["259","279"],"terminus":0,"mode":"bus","color":"#0059a9","colorDark":"#00294f","angle":154.8,"snapDist":3,"label":0}},{"type":"Feature","geometry":{"type":"Point","coordinates":[19.739157,49.999295]},"properties":{"name":"Dąbrowa Szlachecka Krzemiennik","lines":"259, 279","arr":["259","279"],"terminus":1,"mode":"bus","color":"#0059a9","colorDark":"#00294f","angle":47.7,"snapDist":4,"label":1}},{"type":"Feature","geometry":{"type":"Point","coordinates":[19.734661,49.995257]},"properties":{"name":"Wołowice Skrzyżowanie","lines":"259","arr":["259"],"terminus":0,"mode":"bus","color":"#0059a9","colorDark":"#00294f","angle":194.4,"snapDist":3,"label":0}},{"type":"Feature","geometry":{"type":"Point","coordinates":[19.743522,49.995882]},"properties":{"name":"Dąbrowa Szlachecka Figurka","lines":"259","arr":["259"],"terminus":0,"mode":"bus","color":"#0059a9","colorDark":"#00294f","angle":152.2,"snapDist":3,"label":0}},{"type":"Feature","geometry":{"type":"Point","coordinates":[19.751113,49.99844]},"properties":{"name":"Dąbrowa Szlachecka Krzyż","lines":"259","arr":["259"],"terminus":0,"mode":"bus","color":"#0059a9","colorDark":"#00294f","angle":151.2,"snapDist":2,"label":0}},{"type":"Feature","geometry":{"type":"Point","coordinates":[19.75605,50.001284]},"properties":{"name":"Rączna Osiedle","lines":"259","arr":["259"],"terminus":0,"mode":"bus","color":"#0059a9","colorDark":"#00294f","angle":179.3,"snapDist":3,"label":0}},{"type":"Feature","geometry":{"type":"Point","coordinates":[20.01184,50.107522]},"properties":{"name":"Piastów SKA","lines":"260, 270","arr":["260","270"],"terminus":0,"mode":"bus","color":"#0059a9","colorDark":"#00294f","angle":344,"snapDist":8,"label":0}},{"type":"Feature","geometry":{"type":"Point","coordinates":[20.031132,50.117903]},"properties":{"name":"Raciborowice Centrum","lines":"260","arr":["260"],"terminus":0,"mode":"bus","color":"#0059a9","colorDark":"#00294f","angle":83.5,"snapDist":7,"label":1}},{"type":"Feature","geometry":{"type":"Point","coordinates":[20.026922,50.121686]},"properties":{"name":"Kończyce Rycerza Racibora","lines":"260","arr":["260"],"terminus":0,"mode":"bus","color":"#0059a9","colorDark":"#00294f","angle":28.5,"snapDist":3,"label":1}},{"type":"Feature","geometry":{"type":"Point","coordinates":[20.021453,50.125276]},"properties":{"name":"Kończyce","lines":"260","arr":["260"],"terminus":0,"mode":"bus","color":"#0059a9","colorDark":"#00294f","angle":35.5,"snapDist":3,"label":1}},{"type":"Feature","geometry":{"type":"Point","coordinates":[20.013689,50.131238]},"properties":{"name":"Książniczki Paszczykówka","lines":"260","arr":["260"],"terminus":0,"mode":"bus","color":"#0059a9","colorDark":"#00294f","angle":64.9,"snapDist":3,"label":1}},{"type":"Feature","geometry":{"type":"Point","coordinates":[20.009334,50.13515]},"properties":{"name":"Książniczki Centrum","lines":"260","arr":["260"],"terminus":0,"mode":"bus","color":"#0059a9","colorDark":"#00294f","angle":49.3,"snapDist":3,"label":1}},{"type":"Feature","geometry":{"type":"Point","coordinates":[20.004723,50.133228]},"properties":{"name":"Książniczki Las","lines":"260","arr":["260"],"terminus":0,"mode":"bus","color":"#0059a9","colorDark":"#00294f","angle":39.2,"snapDist":3,"label":1}},{"type":"Feature","geometry":{"type":"Point","coordinates":[19.993827,50.139816]},"properties":{"name":"Młodziejowice Młyn","lines":"260","arr":["260"],"terminus":0,"mode":"bus","color":"#0059a9","colorDark":"#00294f","angle":45.9,"snapDist":2,"label":1}},{"type":"Feature","geometry":{"type":"Point","coordinates":[19.993141,50.144084]},"properties":{"name":"Młodziejowice Park","lines":"260","arr":["260"],"terminus":0,"mode":"bus","color":"#0059a9","colorDark":"#00294f","angle":152.7,"snapDist":3,"label":1}},{"type":"Feature","geometry":{"type":"Point","coordinates":[19.991303,50.149396]},"properties":{"name":"Michałowice Nad Dłubnią","lines":"260","arr":["260"],"terminus":0,"mode":"bus","color":"#0059a9","colorDark":"#00294f","angle":51.3,"snapDist":2,"label":1}},{"type":"Feature","geometry":{"type":"Point","coordinates":[19.989172,50.160363]},"properties":{"name":"Masłomiąca Koźlica","lines":"260","arr":["260"],"terminus":0,"mode":"bus","color":"#0059a9","colorDark":"#00294f","angle":171,"snapDist":4,"label":1}},{"type":"Feature","geometry":{"type":"Point","coordinates":[19.999547,50.160725]},"properties":{"name":"Masłomiąca Staw","lines":"260","arr":["260"],"terminus":0,"mode":"bus","color":"#0059a9","colorDark":"#00294f","angle":177.7,"snapDist":6,"label":1}},{"type":"Feature","geometry":{"type":"Point","coordinates":[20.013479,50.157822]},"properties":{"name":"Masłomiąca Długa","lines":"260","arr":["260"],"terminus":0,"mode":"bus","color":"#0059a9","colorDark":"#00294f","angle":220.8,"snapDist":3,"label":1}},{"type":"Feature","geometry":{"type":"Point","coordinates":[20.028926,50.154744]},"properties":{"name":"Więcławice Stare Centrum","lines":"260","arr":["260"],"terminus":0,"mode":"bus","color":"#0059a9","colorDark":"#00294f","angle":157.9,"snapDist":6,"label":1}},{"type":"Feature","geometry":{"type":"Point","coordinates":[20.035979,50.159965]},"properties":{"name":"Sieborowice","lines":"260","arr":["260"],"terminus":0,"mode":"bus","color":"#0059a9","colorDark":"#00294f","angle":279.2,"snapDist":4,"label":1}},{"type":"Feature","geometry":{"type":"Point","coordinates":[20.035129,50.167688]},"properties":{"name":"Zagórzyce Stare Owocowa","lines":"260","arr":["260"],"terminus":0,"mode":"bus","color":"#0059a9","colorDark":"#00294f","angle":106.4,"snapDist":3,"label":1}},{"type":"Feature","geometry":{"type":"Point","coordinates":[20.039457,50.174819]},"properties":{"name":"Zagórzyce Dworskie Remiza","lines":"260","arr":["260"],"terminus":0,"mode":"bus","color":"#0059a9","colorDark":"#00294f","angle":115.4,"snapDist":3,"label":1}},{"type":"Feature","geometry":{"type":"Point","coordinates":[20.034828,50.167031]},"properties":{"name":"Zagórzyce Stare Owocowa","lines":"260","arr":["260"],"terminus":0,"mode":"bus","color":"#0059a9","colorDark":"#00294f","angle":286.4,"snapDist":4,"label":0}},{"type":"Feature","geometry":{"type":"Point","coordinates":[20.035802,50.159266]},"properties":{"name":"Sieborowice","lines":"260","arr":["260"],"terminus":0,"mode":"bus","color":"#0059a9","colorDark":"#00294f","angle":99.2,"snapDist":3,"label":0}},{"type":"Feature","geometry":{"type":"Point","coordinates":[20.033008,50.154436]},"properties":{"name":"Więcławice Stare Wysyłek","lines":"260","arr":["260"],"terminus":0,"mode":"bus","color":"#0059a9","colorDark":"#00294f","angle":191.3,"snapDist":3,"label":1}},{"type":"Feature","geometry":{"type":"Point","coordinates":[20.03989,50.153459]},"properties":{"name":"Pielgrzymowice Granica","lines":"260","arr":["260"],"terminus":0,"mode":"bus","color":"#0059a9","colorDark":"#00294f","angle":192.6,"snapDist":3,"label":1}},{"type":"Feature","geometry":{"type":"Point","coordinates":[20.048588,50.150439]},"properties":{"name":"Pielgrzymowice Wierzbowa","lines":"260","arr":["260"],"terminus":0,"mode":"bus","color":"#0059a9","colorDark":"#00294f","angle":223.2,"snapDist":3,"label":1}},{"type":"Feature","geometry":{"type":"Point","coordinates":[20.048382,50.147231]},"properties":{"name":"Pielgrzymowice Pętla","lines":"260, 270","arr":["260","270"],"terminus":1,"mode":"bus","color":"#0059a9","colorDark":"#00294f","angle":336.1,"snapDist":1,"label":1}},{"type":"Feature","geometry":{"type":"Point","coordinates":[20.047895,50.150856]},"properties":{"name":"Pielgrzymowice Wierzbowa","lines":"260","arr":["260"],"terminus":0,"mode":"bus","color":"#0059a9","colorDark":"#00294f","angle":43.2,"snapDist":4,"label":0}},{"type":"Feature","geometry":{"type":"Point","coordinates":[20.039298,50.153544]},"properties":{"name":"Pielgrzymowice Granica","lines":"260","arr":["260"],"terminus":0,"mode":"bus","color":"#0059a9","colorDark":"#00294f","angle":12.6,"snapDist":4,"label":0}},{"type":"Feature","geometry":{"type":"Point","coordinates":[20.033022,50.154434]},"properties":{"name":"Więcławice Stare Wysyłek","lines":"260","arr":["260"],"terminus":0,"mode":"bus","color":"#0059a9","colorDark":"#00294f","angle":11.3,"snapDist":3,"label":0}},{"type":"Feature","geometry":{"type":"Point","coordinates":[20.02676,50.154513]},"properties":{"name":"Więcławice Stare Centrum","lines":"260","arr":["260"],"terminus":0,"mode":"bus","color":"#0059a9","colorDark":"#00294f","angle":359.9,"snapDist":6,"label":0}},{"type":"Feature","geometry":{"type":"Point","coordinates":[20.013096,50.158035]},"properties":{"name":"Masłomiąca Długa","lines":"260","arr":["260"],"terminus":0,"mode":"bus","color":"#0059a9","colorDark":"#00294f","angle":40.8,"snapDist":4,"label":0}},{"type":"Feature","geometry":{"type":"Point","coordinates":[19.998712,50.160704]},"properties":{"name":"Masłomiąca Staw","lines":"260","arr":["260"],"terminus":0,"mode":"bus","color":"#0059a9","colorDark":"#00294f","angle":357.7,"snapDist":3,"label":0}},{"type":"Feature","geometry":{"type":"Point","coordinates":[19.989886,50.160436]},"properties":{"name":"Masłomiąca Koźlica","lines":"260","arr":["260"],"terminus":0,"mode":"bus","color":"#0059a9","colorDark":"#00294f","angle":351,"snapDist":3,"label":0}},{"type":"Feature","geometry":{"type":"Point","coordinates":[19.987803,50.149821]},"properties":{"name":"Michałowice Ogrodowa","lines":"260","arr":["260"],"terminus":0,"mode":"bus","color":"#0059a9","colorDark":"#00294f","angle":140.4,"snapDist":3,"label":1}},{"type":"Feature","geometry":{"type":"Point","coordinates":[19.993334,50.144152]},"properties":{"name":"Młodziejowice Park","lines":"260","arr":["260"],"terminus":0,"mode":"bus","color":"#0059a9","colorDark":"#00294f","angle":331.9,"snapDist":4,"label":0}},{"type":"Feature","geometry":{"type":"Point","coordinates":[19.994178,50.139584]},"properties":{"name":"Młodziejowice Młyn","lines":"260","arr":["260"],"terminus":0,"mode":"bus","color":"#0059a9","colorDark":"#00294f","angle":225.9,"snapDist":4,"label":0}},{"type":"Feature","geometry":{"type":"Point","coordinates":[20.004474,50.133359]},"properties":{"name":"Książniczki Las","lines":"260","arr":["260"],"terminus":0,"mode":"bus","color":"#0059a9","colorDark":"#00294f","angle":219.2,"snapDist":3,"label":0}},{"type":"Feature","geometry":{"type":"Point","coordinates":[20.00964,50.134604]},"properties":{"name":"Książniczki Centrum","lines":"260","arr":["260"],"terminus":0,"mode":"bus","color":"#0059a9","colorDark":"#00294f","angle":247,"snapDist":7,"label":0}},{"type":"Feature","geometry":{"type":"Point","coordinates":[20.014087,50.130684]},"properties":{"name":"Książniczki Paszczykówka","lines":"260","arr":["260"],"terminus":0,"mode":"bus","color":"#0059a9","colorDark":"#00294f","angle":245.2,"snapDist":4,"label":0}},{"type":"Feature","geometry":{"type":"Point","coordinates":[20.022465,50.124602]},"properties":{"name":"Kończyce","lines":"260","arr":["260"],"terminus":0,"mode":"bus","color":"#0059a9","colorDark":"#00294f","angle":225.1,"snapDist":3,"label":0}},{"type":"Feature","geometry":{"type":"Point","coordinates":[20.026299,50.121906]},"properties":{"name":"Kończyce Rycerza Racibora","lines":"260","arr":["260"],"terminus":0,"mode":"bus","color":"#0059a9","colorDark":"#00294f","angle":209.2,"snapDist":3,"label":0}},{"type":"Feature","geometry":{"type":"Point","coordinates":[20.030982,50.11811]},"properties":{"name":"Raciborowice Centrum","lines":"260","arr":["260"],"terminus":0,"mode":"bus","color":"#0059a9","colorDark":"#00294f","angle":225.3,"snapDist":3,"label":0}},{"type":"Feature","geometry":{"type":"Point","coordinates":[20.155418,50.166469]},"properties":{"name":"Rawałowice Kapliczka","lines":"262","arr":["262"],"terminus":1,"mode":"bus","color":"#0059a9","colorDark":"#00294f","angle":246.1,"snapDist":5,"label":1}},{"type":"Feature","geometry":{"type":"Point","coordinates":[20.148732,50.164351]},"properties":{"name":"Rawałowice Skrzyżowanie","lines":"262","arr":["262"],"terminus":0,"mode":"bus","color":"#0059a9","colorDark":"#00294f","angle":338.1,"snapDist":2,"label":1}},{"type":"Feature","geometry":{"type":"Point","coordinates":[20.144788,50.155903]},"properties":{"name":"Rawałowice Góra","lines":"262","arr":["262"],"terminus":0,"mode":"bus","color":"#0059a9","colorDark":"#00294f","angle":261.5,"snapDist":2,"label":1}},{"type":"Feature","geometry":{"type":"Point","coordinates":[20.137214,50.150463]},"properties":{"name":"Luborzyca Piotrowiec","lines":"262","arr":["262"],"terminus":0,"mode":"bus","color":"#0059a9","colorDark":"#00294f","angle":120.9,"snapDist":7,"label":1}},{"type":"Feature","geometry":{"type":"Point","coordinates":[20.123661,50.142808]},"properties":{"name":"Luborzyca Przy Źródle","lines":"262","arr":["262"],"terminus":0,"mode":"bus","color":"#0059a9","colorDark":"#00294f","angle":5.3,"snapDist":7,"label":1}},{"type":"Feature","geometry":{"type":"Point","coordinates":[20.126304,50.143001]},"properties":{"name":"Luborzyca Przy Źródle","lines":"262","arr":["262"],"terminus":0,"mode":"bus","color":"#0059a9","colorDark":"#00294f","angle":154.4,"snapDist":8,"label":0}},{"type":"Feature","geometry":{"type":"Point","coordinates":[20.136367,50.149546]},"properties":{"name":"Luborzyca Piotrowiec","lines":"262","arr":["262"],"terminus":0,"mode":"bus","color":"#0059a9","colorDark":"#00294f","angle":-59,"snapDist":7,"label":0}},{"type":"Feature","geometry":{"type":"Point","coordinates":[20.144848,50.155644]},"properties":{"name":"Rawałowice Góra","lines":"262","arr":["262"],"terminus":0,"mode":"bus","color":"#0059a9","colorDark":"#00294f","angle":81.5,"snapDist":4,"label":0}},{"type":"Feature","geometry":{"type":"Point","coordinates":[20.148365,50.164252]},"properties":{"name":"Rawałowice Skrzyżowanie","lines":"262","arr":["262"],"terminus":0,"mode":"bus","color":"#0059a9","colorDark":"#00294f","angle":157,"snapDist":3,"label":0}},{"type":"Feature","geometry":{"type":"Point","coordinates":[20.043554,50.038313]},"properties":{"name":"Półłanki","lines":"264","arr":["264"],"terminus":0,"mode":"bus","color":"#0059a9","colorDark":"#00294f","angle":181.7,"snapDist":9,"label":0}},{"type":"Feature","geometry":{"type":"Point","coordinates":[20.053365,50.038032]},"properties":{"name":"Śliwiaka Zakłady","lines":"264","arr":["264"],"terminus":0,"mode":"bus","color":"#0059a9","colorDark":"#00294f","angle":187.6,"snapDist":8,"label":1}},{"type":"Feature","geometry":{"type":"Point","coordinates":[20.059572,50.03752]},"properties":{"name":"Śliwiaka","lines":"264","arr":["264"],"terminus":0,"mode":"bus","color":"#0059a9","colorDark":"#00294f","angle":187.1,"snapDist":7,"label":1}},{"type":"Feature","geometry":{"type":"Point","coordinates":[20.087529,50.03488]},"properties":{"name":"Brzegi Użytek Ekologiczny","lines":"264","arr":["264"],"terminus":0,"mode":"bus","color":"#0059a9","colorDark":"#00294f","angle":262.1,"snapDist":8,"label":1}},{"type":"Feature","geometry":{"type":"Point","coordinates":[20.094954,50.03146]},"properties":{"name":"Brzegi Pętla","lines":"264","arr":["264"],"terminus":0,"mode":"bus","color":"#0059a9","colorDark":"#00294f","angle":131.3,"snapDist":3,"label":0}},{"type":"Feature","geometry":{"type":"Point","coordinates":[20.139404,50.040561]},"properties":{"name":"Grabie Kościół","lines":"264","arr":["264"],"terminus":1,"mode":"bus","color":"#0059a9","colorDark":"#00294f","angle":316.2,"snapDist":6,"label":1}},{"type":"Feature","geometry":{"type":"Point","coordinates":[20.087471,50.035697]},"properties":{"name":"Brzegi Użytek Ekologiczny","lines":"264","arr":["264"],"terminus":0,"mode":"bus","color":"#0059a9","colorDark":"#00294f","angle":87.6,"snapDist":7,"label":0}},{"type":"Feature","geometry":{"type":"Point","coordinates":[20.058658,50.037713]},"properties":{"name":"Śliwiaka","lines":"264","arr":["264"],"terminus":0,"mode":"bus","color":"#0059a9","colorDark":"#00294f","angle":7.4,"snapDist":6,"label":0}},{"type":"Feature","geometry":{"type":"Point","coordinates":[20.051945,50.038321]},"properties":{"name":"Śliwiaka Zakłady","lines":"264","arr":["264"],"terminus":0,"mode":"bus","color":"#0059a9","colorDark":"#00294f","angle":2.6,"snapDist":8,"label":0}},{"type":"Feature","geometry":{"type":"Point","coordinates":[19.921218,49.944225]},"properties":{"name":"Konary Pętla","lines":"265","arr":["265"],"terminus":1,"mode":"bus","color":"#0059a9","colorDark":"#00294f","angle":255.6,"snapDist":2,"label":1}},{"type":"Feature","geometry":{"type":"Point","coordinates":[19.933433,49.953684]},"properties":{"name":"Lusina Zielona","lines":"265","arr":["265"],"terminus":0,"mode":"bus","color":"#0059a9","colorDark":"#00294f","angle":23.7,"snapDist":3,"label":1}},{"type":"Feature","geometry":{"type":"Point","coordinates":[19.929796,49.955161]},"properties":{"name":"Lusina Górka","lines":"265","arr":["265"],"terminus":0,"mode":"bus","color":"#0059a9","colorDark":"#00294f","angle":36.4,"snapDist":4,"label":1}},{"type":"Feature","geometry":{"type":"Point","coordinates":[19.929138,49.959043]},"properties":{"name":"Lusina Dobrzyczany","lines":"265","arr":["265"],"terminus":0,"mode":"bus","color":"#0059a9","colorDark":"#00294f","angle":130.3,"snapDist":4,"label":1}},{"type":"Feature","geometry":{"type":"Point","coordinates":[19.935007,49.963935]},"properties":{"name":"Lusina Kraśnik","lines":"265","arr":["265"],"terminus":0,"mode":"bus","color":"#0059a9","colorDark":"#00294f","angle":110.2,"snapDist":2,"label":1}},{"type":"Feature","geometry":{"type":"Point","coordinates":[19.936226,49.969197]},"properties":{"name":"Lusina Zagrody","lines":"265","arr":["265"],"terminus":0,"mode":"bus","color":"#0059a9","colorDark":"#00294f","angle":50.4,"snapDist":2,"label":1}},{"type":"Feature","geometry":{"type":"Point","coordinates":[19.933469,49.973656]},"properties":{"name":"Lusina Dolna","lines":"265","arr":["265"],"terminus":0,"mode":"bus","color":"#0059a9","colorDark":"#00294f","angle":103.2,"snapDist":3,"label":1}},{"type":"Feature","geometry":{"type":"Point","coordinates":[19.93229,49.978662]},"properties":{"name":"Lusina Krakówka","lines":"265","arr":["265"],"terminus":0,"mode":"bus","color":"#0059a9","colorDark":"#00294f","angle":104.6,"snapDist":4,"label":1}},{"type":"Feature","geometry":{"type":"Point","coordinates":[19.936708,49.982968]},"properties":{"name":"Chałubińskiego","lines":"265","arr":["265"],"terminus":0,"mode":"bus","color":"#0059a9","colorDark":"#00294f","angle":142,"snapDist":3,"label":1}},{"type":"Feature","geometry":{"type":"Point","coordinates":[19.940088,49.985995]},"properties":{"name":"Pytlasińskiego","lines":"265","arr":["265"],"terminus":0,"mode":"bus","color":"#0059a9","colorDark":"#00294f","angle":108.7,"snapDist":2,"label":1}},{"type":"Feature","geometry":{"type":"Point","coordinates":[19.94139,49.990366]},"properties":{"name":"Swoszowice Poczta","lines":"265","arr":["265"],"terminus":0,"mode":"bus","color":"#0059a9","colorDark":"#00294f","angle":257.8,"snapDist":3,"label":0}},{"type":"Feature","geometry":{"type":"Point","coordinates":[19.94041,49.986696]},"properties":{"name":"Pytlasińskiego","lines":"265","arr":["265"],"terminus":0,"mode":"bus","color":"#0059a9","colorDark":"#00294f","angle":292.8,"snapDist":4,"label":0}},{"type":"Feature","geometry":{"type":"Point","coordinates":[19.936975,49.983097]},"properties":{"name":"Chałubińskiego","lines":"265","arr":["265"],"terminus":0,"mode":"bus","color":"#0059a9","colorDark":"#00294f","angle":325.2,"snapDist":3,"label":0}},{"type":"Feature","geometry":{"type":"Point","coordinates":[19.932263,49.978597]},"properties":{"name":"Lusina Krakówka","lines":"265","arr":["265"],"terminus":0,"mode":"bus","color":"#0059a9","colorDark":"#00294f","angle":285.9,"snapDist":3,"label":0}},{"type":"Feature","geometry":{"type":"Point","coordinates":[19.933448,49.973594]},"properties":{"name":"Lusina Dolna","lines":"265","arr":["265"],"terminus":0,"mode":"bus","color":"#0059a9","colorDark":"#00294f","angle":281.3,"snapDist":3,"label":0}},{"type":"Feature","geometry":{"type":"Point","coordinates":[19.936107,49.96929]},"properties":{"name":"Lusina Zagrody","lines":"265","arr":["265"],"terminus":0,"mode":"bus","color":"#0059a9","colorDark":"#00294f","angle":230.4,"snapDist":3,"label":0}},{"type":"Feature","geometry":{"type":"Point","coordinates":[19.935002,49.963928]},"properties":{"name":"Lusina Kraśnik","lines":"265","arr":["265"],"terminus":0,"mode":"bus","color":"#0059a9","colorDark":"#00294f","angle":290.2,"snapDist":4,"label":0}},{"type":"Feature","geometry":{"type":"Point","coordinates":[19.929285,49.959146]},"properties":{"name":"Lusina Dobrzyczany","lines":"265","arr":["265"],"terminus":0,"mode":"bus","color":"#0059a9","colorDark":"#00294f","angle":316.3,"snapDist":4,"label":0}},{"type":"Feature","geometry":{"type":"Point","coordinates":[19.930029,49.955042]},"properties":{"name":"Lusina Górka","lines":"265","arr":["265"],"terminus":0,"mode":"bus","color":"#0059a9","colorDark":"#00294f","angle":219.8,"snapDist":3,"label":0}},{"type":"Feature","geometry":{"type":"Point","coordinates":[19.933621,49.95363]},"properties":{"name":"Lusina Zielona","lines":"265","arr":["265"],"terminus":0,"mode":"bus","color":"#0059a9","colorDark":"#00294f","angle":204.8,"snapDist":4,"label":0}},{"type":"Feature","geometry":{"type":"Point","coordinates":[19.853859,50.230311]},"properties":{"name":"Skała Rynek","lines":"267","arr":["267"],"terminus":1,"mode":"bus","color":"#0059a9","colorDark":"#00294f","angle":158.9,"snapDist":7,"label":1}},{"type":"Feature","geometry":{"type":"Point","coordinates":[19.857111,50.225566]},"properties":{"name":"Skała Rzeplińska","lines":"267","arr":["267"],"terminus":0,"mode":"bus","color":"#0059a9","colorDark":"#00294f","angle":239.3,"snapDist":3,"label":1}},{"type":"Feature","geometry":{"type":"Point","coordinates":[19.867242,50.212695]},"properties":{"name":"Cianowice Do Cegielni","lines":"267","arr":["267"],"terminus":0,"mode":"bus","color":"#0059a9","colorDark":"#00294f","angle":233,"snapDist":6,"label":1}},{"type":"Feature","geometry":{"type":"Point","coordinates":[19.872606,50.209733]},"properties":{"name":"Cianowice Poręba","lines":"267","arr":["267"],"terminus":0,"mode":"bus","color":"#0059a9","colorDark":"#00294f","angle":225.3,"snapDist":4,"label":1}},{"type":"Feature","geometry":{"type":"Point","coordinates":[19.881043,50.203533]},"properties":{"name":"Cianowice Marianów","lines":"267","arr":["267"],"terminus":0,"mode":"bus","color":"#0059a9","colorDark":"#00294f","angle":237.3,"snapDist":9,"label":1}},{"type":"Feature","geometry":{"type":"Point","coordinates":[19.883959,50.196224]},"properties":{"name":"Cianowice Szczodrkowicka","lines":"267","arr":["267"],"terminus":0,"mode":"bus","color":"#0059a9","colorDark":"#00294f","angle":261.7,"snapDist":3,"label":1}},{"type":"Feature","geometry":{"type":"Point","coordinates":[19.885229,50.186092]},"properties":{"name":"Cianowice Małe","lines":"267","arr":["267"],"terminus":0,"mode":"bus","color":"#0059a9","colorDark":"#00294f","angle":351.4,"snapDist":4,"label":1}},{"type":"Feature","geometry":{"type":"Point","coordinates":[19.868565,50.18986]},"properties":{"name":"Smardzowice Podgóry","lines":"267","arr":["267"],"terminus":0,"mode":"bus","color":"#0059a9","colorDark":"#00294f","angle":55.2,"snapDist":4,"label":1}},{"type":"Feature","geometry":{"type":"Point","coordinates":[19.859983,50.191925]},"properties":{"name":"Smardzowice Kościelna","lines":"267","arr":["267"],"terminus":0,"mode":"bus","color":"#0059a9","colorDark":"#00294f","angle":356.2,"snapDist":3,"label":1}},{"type":"Feature","geometry":{"type":"Point","coordinates":[19.853695,50.191884]},"properties":{"name":"Smardzowice Remiza","lines":"267","arr":["267"],"terminus":0,"mode":"bus","color":"#0059a9","colorDark":"#00294f","angle":75.6,"snapDist":3,"label":1}},{"type":"Feature","geometry":{"type":"Point","coordinates":[19.854688,50.18664]},"properties":{"name":"Smardzowice Wołówka","lines":"267","arr":["267"],"terminus":0,"mode":"bus","color":"#0059a9","colorDark":"#00294f","angle":248.4,"snapDist":3,"label":1}},{"type":"Feature","geometry":{"type":"Point","coordinates":[19.855795,50.180768]},"properties":{"name":"Maszyce Skrzyżowanie","lines":"267","arr":["267"],"terminus":0,"mode":"bus","color":"#0059a9","colorDark":"#00294f","angle":273,"snapDist":3,"label":1}},{"type":"Feature","geometry":{"type":"Point","coordinates":[19.861607,50.179196]},"properties":{"name":"Maszyce Remiza","lines":"267","arr":["267"],"terminus":0,"mode":"bus","color":"#0059a9","colorDark":"#00294f","angle":175.1,"snapDist":3,"label":1}},{"type":"Feature","geometry":{"type":"Point","coordinates":[19.863464,50.177793]},"properties":{"name":"Maszyce Sadzawka","lines":"267","arr":["267"],"terminus":0,"mode":"bus","color":"#0059a9","colorDark":"#00294f","angle":264.3,"snapDist":4,"label":1}},{"type":"Feature","geometry":{"type":"Point","coordinates":[19.863798,50.173738]},"properties":{"name":"Grębynice Mogiełki","lines":"267","arr":["267"],"terminus":0,"mode":"bus","color":"#0059a9","colorDark":"#00294f","angle":255.7,"snapDist":4,"label":1}},{"type":"Feature","geometry":{"type":"Point","coordinates":[19.867801,50.167571]},"properties":{"name":"Grębynice Parkowa","lines":"267","arr":["267"],"terminus":0,"mode":"bus","color":"#0059a9","colorDark":"#00294f","angle":248,"snapDist":3,"label":1}},{"type":"Feature","geometry":{"type":"Point","coordinates":[19.872795,50.166141]},"properties":{"name":"Grębynice Remiza","lines":"267","arr":["267"],"terminus":0,"mode":"bus","color":"#0059a9","colorDark":"#00294f","angle":185.8,"snapDist":3,"label":1}},{"type":"Feature","geometry":{"type":"Point","coordinates":[19.881096,50.161799]},"properties":{"name":"Korzkiew Zamek","lines":"267","arr":["267"],"terminus":0,"mode":"bus","color":"#0059a9","colorDark":"#00294f","angle":248.2,"snapDist":3,"label":1}},{"type":"Feature","geometry":{"type":"Point","coordinates":[19.883425,50.155615]},"properties":{"name":"Korzkiew Botoja","lines":"267","arr":["267"],"terminus":0,"mode":"bus","color":"#0059a9","colorDark":"#00294f","angle":278.3,"snapDist":4,"label":1}},{"type":"Feature","geometry":{"type":"Point","coordinates":[19.891526,50.151493]},"properties":{"name":"Januszowice Plac Zabaw","lines":"267","arr":["267"],"terminus":0,"mode":"bus","color":"#0059a9","colorDark":"#00294f","angle":216.1,"snapDist":3,"label":1}},{"type":"Feature","geometry":{"type":"Point","coordinates":[19.89288,50.149689]},"properties":{"name":"Januszowice Młyńska","lines":"267, 337, 937","arr":["267","337","937"],"terminus":0,"mode":"bus","color":"#0059a9","colorDark":"#00294f","angle":244.3,"snapDist":5,"label":1}},{"type":"Feature","geometry":{"type":"Point","coordinates":[19.899316,50.139086]},"properties":{"name":"Trojanowice Słoneczna","lines":"267, 337, 937","arr":["267","337","937"],"terminus":0,"mode":"bus","color":"#0059a9","colorDark":"#00294f","angle":229.5,"snapDist":6,"label":1}},{"type":"Feature","geometry":{"type":"Point","coordinates":[19.905546,50.134626]},"properties":{"name":"Trojanowice Strugi","lines":"267, 337, 937","arr":["267","337","937"],"terminus":0,"mode":"bus","color":"#0059a9","colorDark":"#00294f","angle":230,"snapDist":6,"label":1}},{"type":"Feature","geometry":{"type":"Point","coordinates":[19.906052,50.134243]},"properties":{"name":"Trojanowice Strugi","lines":"267, 337, 937","arr":["267","337","937"],"terminus":0,"mode":"bus","color":"#0059a9","colorDark":"#00294f","angle":49.7,"snapDist":6,"label":0}},{"type":"Feature","geometry":{"type":"Point","coordinates":[19.898709,50.13954]},"properties":{"name":"Trojanowice Słoneczna","lines":"267, 337, 937","arr":["267","337","937"],"terminus":0,"mode":"bus","color":"#0059a9","colorDark":"#00294f","angle":49.2,"snapDist":7,"label":0}},{"type":"Feature","geometry":{"type":"Point","coordinates":[19.893124,50.149357]},"properties":{"name":"Januszowice Młyńska","lines":"267, 337, 937","arr":["267","337","937"],"terminus":0,"mode":"bus","color":"#0059a9","colorDark":"#00294f","angle":64.8,"snapDist":6,"label":0}},{"type":"Feature","geometry":{"type":"Point","coordinates":[19.892144,50.151088]},"properties":{"name":"Januszowice Plac Zabaw","lines":"267","arr":["267"],"terminus":0,"mode":"bus","color":"#0059a9","colorDark":"#00294f","angle":52.8,"snapDist":4,"label":0}},{"type":"Feature","geometry":{"type":"Point","coordinates":[19.883466,50.155897]},"properties":{"name":"Korzkiew Botoja","lines":"267","arr":["267"],"terminus":0,"mode":"bus","color":"#0059a9","colorDark":"#00294f","angle":84.5,"snapDist":4,"label":0}},{"type":"Feature","geometry":{"type":"Point","coordinates":[19.881202,50.161628]},"properties":{"name":"Korzkiew Zamek","lines":"267","arr":["267"],"terminus":0,"mode":"bus","color":"#0059a9","colorDark":"#00294f","angle":68.2,"snapDist":4,"label":0}},{"type":"Feature","geometry":{"type":"Point","coordinates":[19.872191,50.166222]},"properties":{"name":"Grębynice Remiza","lines":"267","arr":["267"],"terminus":0,"mode":"bus","color":"#0059a9","colorDark":"#00294f","angle":11.3,"snapDist":3,"label":0}},{"type":"Feature","geometry":{"type":"Point","coordinates":[19.867507,50.168038]},"properties":{"name":"Grębynice Parkowa","lines":"267","arr":["267"],"terminus":0,"mode":"bus","color":"#0059a9","colorDark":"#00294f","angle":67.2,"snapDist":3,"label":0}},{"type":"Feature","geometry":{"type":"Point","coordinates":[19.863636,50.174396]},"properties":{"name":"Grębynice Mogiełki","lines":"267","arr":["267"],"terminus":0,"mode":"bus","color":"#0059a9","colorDark":"#00294f","angle":83,"snapDist":4,"label":0}},{"type":"Feature","geometry":{"type":"Point","coordinates":[19.863384,50.178246]},"properties":{"name":"Maszyce Sadzawka","lines":"267","arr":["267"],"terminus":0,"mode":"bus","color":"#0059a9","colorDark":"#00294f","angle":82.6,"snapDist":3,"label":0}},{"type":"Feature","geometry":{"type":"Point","coordinates":[19.860972,50.179174]},"properties":{"name":"Maszyce Remiza","lines":"267","arr":["267"],"terminus":0,"mode":"bus","color":"#0059a9","colorDark":"#00294f","angle":357.5,"snapDist":3,"label":0}},{"type":"Feature","geometry":{"type":"Point","coordinates":[19.855779,50.180572]},"properties":{"name":"Maszyce Skrzyżowanie","lines":"267","arr":["267"],"terminus":0,"mode":"bus","color":"#0059a9","colorDark":"#00294f","angle":93,"snapDist":4,"label":0}},{"type":"Feature","geometry":{"type":"Point","coordinates":[19.854311,50.187289]},"properties":{"name":"Smardzowice Wołówka","lines":"267","arr":["267"],"terminus":0,"mode":"bus","color":"#0059a9","colorDark":"#00294f","angle":69.8,"snapDist":4,"label":0}},{"type":"Feature","geometry":{"type":"Point","coordinates":[19.85368,50.191921]},"properties":{"name":"Smardzowice Remiza","lines":"267","arr":["267"],"terminus":0,"mode":"bus","color":"#0059a9","colorDark":"#00294f","angle":64.9,"snapDist":2,"label":0}},{"type":"Feature","geometry":{"type":"Point","coordinates":[19.861336,50.191985]},"properties":{"name":"Smardzowice Kościelna","lines":"267","arr":["267"],"terminus":0,"mode":"bus","color":"#0059a9","colorDark":"#00294f","angle":176.4,"snapDist":4,"label":0}},{"type":"Feature","geometry":{"type":"Point","coordinates":[19.869243,50.189271]},"properties":{"name":"Smardzowice Podgóry","lines":"267","arr":["267"],"terminus":0,"mode":"bus","color":"#0059a9","colorDark":"#00294f","angle":233.5,"snapDist":2,"label":0}},{"type":"Feature","geometry":{"type":"Point","coordinates":[19.885559,50.186564]},"properties":{"name":"Cianowice Małe","lines":"267","arr":["267"],"terminus":0,"mode":"bus","color":"#0059a9","colorDark":"#00294f","angle":76.7,"snapDist":3,"label":0}},{"type":"Feature","geometry":{"type":"Point","coordinates":[19.883537,50.198064]},"properties":{"name":"Cianowice Szczodrkowicka","lines":"267","arr":["267"],"terminus":0,"mode":"bus","color":"#0059a9","colorDark":"#00294f","angle":81.6,"snapDist":5,"label":0}},{"type":"Feature","geometry":{"type":"Point","coordinates":[19.880154,50.204304]},"properties":{"name":"Cianowice Marianów","lines":"267","arr":["267"],"terminus":0,"mode":"bus","color":"#0059a9","colorDark":"#00294f","angle":49.4,"snapDist":6,"label":0}},{"type":"Feature","geometry":{"type":"Point","coordinates":[19.871865,50.210218]},"properties":{"name":"Cianowice Poręba","lines":"267","arr":["267"],"terminus":0,"mode":"bus","color":"#0059a9","colorDark":"#00294f","angle":45.9,"snapDist":3,"label":0}},{"type":"Feature","geometry":{"type":"Point","coordinates":[19.865827,50.214083]},"properties":{"name":"Skała Wieś","lines":"267","arr":["267"],"terminus":0,"mode":"bus","color":"#0059a9","colorDark":"#00294f","angle":58.3,"snapDist":4,"label":1}},{"type":"Feature","geometry":{"type":"Point","coordinates":[19.856528,50.226132]},"properties":{"name":"Skała Rzeplińska","lines":"267","arr":["267"],"terminus":0,"mode":"bus","color":"#0059a9","colorDark":"#00294f","angle":55.8,"snapDist":4,"label":0}},{"type":"Feature","geometry":{"type":"Point","coordinates":[19.77392,50.152471]},"properties":{"name":"Karniowice Pętla","lines":"268","arr":["268"],"terminus":1,"mode":"bus","color":"#0059a9","colorDark":"#00294f","angle":186.6,"snapDist":12,"label":1}},{"type":"Feature","geometry":{"type":"Point","coordinates":[19.779233,50.149391]},"properties":{"name":"Karniowice Górki","lines":"268","arr":["268"],"terminus":0,"mode":"bus","color":"#0059a9","colorDark":"#00294f","angle":214.7,"snapDist":4,"label":1}},{"type":"Feature","geometry":{"type":"Point","coordinates":[19.792801,50.146503]},"properties":{"name":"Bolechowice Centrum","lines":"268","arr":["268"],"terminus":0,"mode":"bus","color":"#0059a9","colorDark":"#00294f","angle":243.7,"snapDist":3,"label":0}},{"type":"Feature","geometry":{"type":"Point","coordinates":[19.80158,50.119703]},"properties":{"name":"Zabierzów Młyn","lines":"268, 278, 288","arr":["268","278","288"],"terminus":1,"mode":"bus","color":"#0059a9","colorDark":"#00294f","angle":96.3,"snapDist":3,"label":0}},{"type":"Feature","geometry":{"type":"Point","coordinates":[19.814451,50.125055]},"properties":{"name":"Brzezie Kulka","lines":"268, 278, 288","arr":["268","278","288"],"terminus":0,"mode":"bus","color":"#0059a9","colorDark":"#00294f","angle":208.2,"snapDist":3,"label":1}},{"type":"Feature","geometry":{"type":"Point","coordinates":[19.821711,50.122173]},"properties":{"name":"Brzezie Narodowe","lines":"268, 278, 288","arr":["268","278","288"],"terminus":0,"mode":"bus","color":"#0059a9","colorDark":"#00294f","angle":211.6,"snapDist":7,"label":1}},{"type":"Feature","geometry":{"type":"Point","coordinates":[19.829032,50.116591]},"properties":{"name":"Brzezie Działki","lines":"268, 278, 288","arr":["268","278","288"],"terminus":0,"mode":"bus","color":"#0059a9","colorDark":"#00294f","angle":220.8,"snapDist":5,"label":1}},{"type":"Feature","geometry":{"type":"Point","coordinates":[19.84097,50.11092]},"properties":{"name":"Modlniczka Trzcie","lines":"268, 278, 288","arr":["268","278","288"],"terminus":0,"mode":"bus","color":"#0059a9","colorDark":"#00294f","angle":128.7,"snapDist":4,"label":1}},{"type":"Feature","geometry":{"type":"Point","coordinates":[19.839429,50.109467]},"properties":{"name":"Modlniczka Trzcie","lines":"268, 278, 288","arr":["268","278","288"],"terminus":0,"mode":"bus","color":"#0059a9","colorDark":"#00294f","angle":131,"snapDist":3,"label":0}},{"type":"Feature","geometry":{"type":"Point","coordinates":[19.828772,50.116736]},"properties":{"name":"Brzezie Działki","lines":"268, 278, 288","arr":["268","278","288"],"terminus":0,"mode":"bus","color":"#0059a9","colorDark":"#00294f","angle":41,"snapDist":2,"label":0}},{"type":"Feature","geometry":{"type":"Point","coordinates":[19.822323,50.121932]},"properties":{"name":"Brzezie Narodowe","lines":"268, 278, 288","arr":["268","278","288"],"terminus":0,"mode":"bus","color":"#0059a9","colorDark":"#00294f","angle":31.5,"snapDist":2,"label":0}},{"type":"Feature","geometry":{"type":"Point","coordinates":[19.815229,50.124791]},"properties":{"name":"Brzezie Kulka","lines":"268, 278, 288","arr":["268","278","288"],"terminus":0,"mode":"bus","color":"#0059a9","colorDark":"#00294f","angle":28.7,"snapDist":6,"label":0}},{"type":"Feature","geometry":{"type":"Point","coordinates":[19.80159,50.119757]},"properties":{"name":"Zabierzów Młyn","lines":"268, 278","arr":["268","278"],"terminus":0,"mode":"bus","color":"#0059a9","colorDark":"#00294f","angle":277.2,"snapDist":2,"label":0}},{"type":"Feature","geometry":{"type":"Point","coordinates":[19.803822,50.127201]},"properties":{"name":"Bolechowice Zielona","lines":"268, 278","arr":["268","278"],"terminus":0,"mode":"bus","color":"#0059a9","colorDark":"#00294f","angle":285.6,"snapDist":1,"label":0}},{"type":"Feature","geometry":{"type":"Point","coordinates":[19.792181,50.146896]},"properties":{"name":"Bolechowice Centrum","lines":"268","arr":["268"],"terminus":0,"mode":"bus","color":"#0059a9","colorDark":"#00294f","angle":27.2,"snapDist":3,"label":0}},{"type":"Feature","geometry":{"type":"Point","coordinates":[19.778941,50.149523]},"properties":{"name":"Karniowice Górki","lines":"268","arr":["268"],"terminus":0,"mode":"bus","color":"#0059a9","colorDark":"#00294f","angle":35.6,"snapDist":2,"label":0}},{"type":"Feature","geometry":{"type":"Point","coordinates":[19.791774,50.047454]},"properties":{"name":"Budzyń Plaża Główna","lines":"269","arr":["269"],"terminus":0,"mode":"bus","color":"#0059a9","colorDark":"#00294f","angle":55.7,"snapDist":3,"label":1}},{"type":"Feature","geometry":{"type":"Point","coordinates":[19.783756,50.052228]},"properties":{"name":"Cholerzyn Chałupki","lines":"269","arr":["269"],"terminus":0,"mode":"bus","color":"#0059a9","colorDark":"#00294f","angle":44.2,"snapDist":3,"label":1}},{"type":"Feature","geometry":{"type":"Point","coordinates":[19.774539,50.05846]},"properties":{"name":"Cholerzyn Skwer","lines":"269","arr":["269"],"terminus":0,"mode":"bus","color":"#0059a9","colorDark":"#00294f","angle":19.4,"snapDist":2,"label":1}},{"type":"Feature","geometry":{"type":"Point","coordinates":[19.768926,50.05918]},"properties":{"name":"Cholerzyn Sklep","lines":"269","arr":["269"],"terminus":0,"mode":"bus","color":"#0059a9","colorDark":"#00294f","angle":341.2,"snapDist":4,"label":1}},{"type":"Feature","geometry":{"type":"Point","coordinates":[19.762086,50.057926]},"properties":{"name":"Cholerzyn Skrzyżowanie","lines":"269","arr":["269"],"terminus":0,"mode":"bus","color":"#0059a9","colorDark":"#00294f","angle":353.1,"snapDist":4,"label":1}},{"type":"Feature","geometry":{"type":"Point","coordinates":[19.75395,50.058397]},"properties":{"name":"Cholerzyn Zagórze","lines":"269","arr":["269"],"terminus":0,"mode":"bus","color":"#0059a9","colorDark":"#00294f","angle":10.8,"snapDist":4,"label":1}},{"type":"Feature","geometry":{"type":"Point","coordinates":[19.742599,50.059806]},"properties":{"name":"Cholerzyn Granica","lines":"269","arr":["269"],"terminus":0,"mode":"bus","color":"#0059a9","colorDark":"#00294f","angle":1.1,"snapDist":4,"label":1}},{"type":"Feature","geometry":{"type":"Point","coordinates":[19.72782,50.059846]},"properties":{"name":"Mników Sklep","lines":"269","arr":["269"],"terminus":0,"mode":"bus","color":"#0059a9","colorDark":"#00294f","angle":359.5,"snapDist":4,"label":0}},{"type":"Feature","geometry":{"type":"Point","coordinates":[19.711671,50.059444]},"properties":{"name":"Czułów Granica","lines":"269","arr":["269"],"terminus":0,"mode":"bus","color":"#0059a9","colorDark":"#00294f","angle":358,"snapDist":3,"label":1}},{"type":"Feature","geometry":{"type":"Point","coordinates":[19.70342,50.059666]},"properties":{"name":"Czułów Sklep","lines":"269","arr":["269"],"terminus":0,"mode":"bus","color":"#0059a9","colorDark":"#00294f","angle":359.3,"snapDist":3,"label":1}},{"type":"Feature","geometry":{"type":"Point","coordinates":[19.694143,50.060975]},"properties":{"name":"Czułów Szkoła","lines":"269","arr":["269"],"terminus":0,"mode":"bus","color":"#0059a9","colorDark":"#00294f","angle":26.2,"snapDist":4,"label":1}},{"type":"Feature","geometry":{"type":"Point","coordinates":[19.687248,50.062695]},"properties":{"name":"Czułów Na Skałce","lines":"269","arr":["269"],"terminus":0,"mode":"bus","color":"#0059a9","colorDark":"#00294f","angle":28.9,"snapDist":3,"label":1}},{"type":"Feature","geometry":{"type":"Point","coordinates":[19.658915,50.065021]},"properties":{"name":"Rybna Droga do Sanki","lines":"269","arr":["269"],"terminus":0,"mode":"bus","color":"#0059a9","colorDark":"#00294f","angle":291.9,"snapDist":3,"label":1}},{"type":"Feature","geometry":{"type":"Point","coordinates":[19.656694,50.061559]},"properties":{"name":"Rybna Nowy Świat","lines":"269","arr":["269"],"terminus":0,"mode":"bus","color":"#0059a9","colorDark":"#00294f","angle":291.1,"snapDist":3,"label":1}},{"type":"Feature","geometry":{"type":"Point","coordinates":[19.654916,50.05885]},"properties":{"name":"Rybna Nowy Świat Góra","lines":"269","arr":["269"],"terminus":0,"mode":"bus","color":"#0059a9","colorDark":"#00294f","angle":292.9,"snapDist":3,"label":1}},{"type":"Feature","geometry":{"type":"Point","coordinates":[19.651815,50.054052]},"properties":{"name":"Rybna Szkoła","lines":"269","arr":["269"],"terminus":0,"mode":"bus","color":"#0059a9","colorDark":"#00294f","angle":308,"snapDist":3,"label":1}},{"type":"Feature","geometry":{"type":"Point","coordinates":[19.64693,50.049363]},"properties":{"name":"Rybna Kościół","lines":"269","arr":["269"],"terminus":0,"mode":"bus","color":"#0059a9","colorDark":"#00294f","angle":66.2,"snapDist":5,"label":1}},{"type":"Feature","geometry":{"type":"Point","coordinates":[19.637733,50.04412]},"properties":{"name":"Rybna Dół","lines":"269","arr":["269"],"terminus":0,"mode":"bus","color":"#0059a9","colorDark":"#00294f","angle":313.8,"snapDist":3,"label":1}},{"type":"Feature","geometry":{"type":"Point","coordinates":[19.643258,50.041437]},"properties":{"name":"Rybna Pawilon","lines":"269","arr":["269"],"terminus":0,"mode":"bus","color":"#0059a9","colorDark":"#00294f","angle":203.2,"snapDist":3,"label":1}},{"type":"Feature","geometry":{"type":"Point","coordinates":[19.643103,50.038013]},"properties":{"name":"Rybna Ośrodek Zdrowia","lines":"269","arr":["269"],"terminus":0,"mode":"bus","color":"#0059a9","colorDark":"#00294f","angle":283.6,"snapDist":3,"label":1}},{"type":"Feature","geometry":{"type":"Point","coordinates":[19.646208,50.03447]},"properties":{"name":"Przeginia Duchowna Rezerwat","lines":"269","arr":["269"],"terminus":0,"mode":"bus","color":"#0059a9","colorDark":"#00294f","angle":171.1,"snapDist":6,"label":1}},{"type":"Feature","geometry":{"type":"Point","coordinates":[19.683071,50.039558]},"properties":{"name":"Czułówek Skrzyżowanie","lines":"269","arr":["269"],"terminus":0,"mode":"bus","color":"#0059a9","colorDark":"#00294f","angle":30.1,"snapDist":4,"label":1}},{"type":"Feature","geometry":{"type":"Point","coordinates":[19.679937,50.042324]},"properties":{"name":"Czułówek Kapliczka","lines":"269","arr":["269"],"terminus":1,"mode":"bus","color":"#0059a9","colorDark":"#00294f","angle":240.6,"snapDist":6,"label":1}},{"type":"Feature","geometry":{"type":"Point","coordinates":[19.683825,50.038275]},"properties":{"name":"Czułówek Skrzyżowanie","lines":"269","arr":["269"],"terminus":0,"mode":"bus","color":"#0059a9","colorDark":"#00294f","angle":350.1,"snapDist":6,"label":0}},{"type":"Feature","geometry":{"type":"Point","coordinates":[19.644935,50.034342]},"properties":{"name":"Przeginia Duchowna Rezerwat","lines":"269","arr":["269"],"terminus":0,"mode":"bus","color":"#0059a9","colorDark":"#00294f","angle":350.6,"snapDist":6,"label":0}},{"type":"Feature","geometry":{"type":"Point","coordinates":[19.643086,50.037968]},"properties":{"name":"Rybna Ośrodek Zdrowia","lines":"269","arr":["269"],"terminus":0,"mode":"bus","color":"#0059a9","colorDark":"#00294f","angle":103.8,"snapDist":4,"label":0}},{"type":"Feature","geometry":{"type":"Point","coordinates":[19.643765,50.041298]},"properties":{"name":"Rybna Pawilon","lines":"269","arr":["269"],"terminus":0,"mode":"bus","color":"#0059a9","colorDark":"#00294f","angle":23.2,"snapDist":3,"label":0}},{"type":"Feature","geometry":{"type":"Point","coordinates":[19.637449,50.043906]},"properties":{"name":"Rybna Dół","lines":"269","arr":["269"],"terminus":0,"mode":"bus","color":"#0059a9","colorDark":"#00294f","angle":128.4,"snapDist":3,"label":0}},{"type":"Feature","geometry":{"type":"Point","coordinates":[19.646929,50.049364]},"properties":{"name":"Rybna Kościół","lines":"269","arr":["269"],"terminus":0,"mode":"bus","color":"#0059a9","colorDark":"#00294f","angle":66.2,"snapDist":2,"label":0}},{"type":"Feature","geometry":{"type":"Point","coordinates":[19.651819,50.054056]},"properties":{"name":"Rybna Szkoła","lines":"269","arr":["269"],"terminus":0,"mode":"bus","color":"#0059a9","colorDark":"#00294f","angle":128.1,"snapDist":3,"label":0}},{"type":"Feature","geometry":{"type":"Point","coordinates":[19.655051,50.059051]},"properties":{"name":"Rybna Nowy Świat Góra","lines":"269","arr":["269"],"terminus":0,"mode":"bus","color":"#0059a9","colorDark":"#00294f","angle":113.6,"snapDist":3,"label":0}},{"type":"Feature","geometry":{"type":"Point","coordinates":[19.656809,50.06175]},"properties":{"name":"Rybna Nowy Świat","lines":"269","arr":["269"],"terminus":0,"mode":"bus","color":"#0059a9","colorDark":"#00294f","angle":111.1,"snapDist":3,"label":0}},{"type":"Feature","geometry":{"type":"Point","coordinates":[19.658731,50.06473]},"properties":{"name":"Rybna Droga do Sanki","lines":"269","arr":["269"],"terminus":0,"mode":"bus","color":"#0059a9","colorDark":"#00294f","angle":112.5,"snapDist":3,"label":0}},{"type":"Feature","geometry":{"type":"Point","coordinates":[19.687658,50.062571]},"properties":{"name":"Czułów Na Skałce","lines":"269","arr":["269"],"terminus":0,"mode":"bus","color":"#0059a9","colorDark":"#00294f","angle":200.3,"snapDist":4,"label":0}},{"type":"Feature","geometry":{"type":"Point","coordinates":[19.694069,50.060998]},"properties":{"name":"Czułów Szkoła","lines":"269","arr":["269"],"terminus":0,"mode":"bus","color":"#0059a9","colorDark":"#00294f","angle":206.1,"snapDist":5,"label":0}},{"type":"Feature","geometry":{"type":"Point","coordinates":[19.703719,50.05967]},"properties":{"name":"Czułów Sklep","lines":"269","arr":["269"],"terminus":0,"mode":"bus","color":"#0059a9","colorDark":"#00294f","angle":178.3,"snapDist":2,"label":0}},{"type":"Feature","geometry":{"type":"Point","coordinates":[19.712059,50.059451]},"properties":{"name":"Czułów Granica","lines":"269","arr":["269"],"terminus":0,"mode":"bus","color":"#0059a9","colorDark":"#00294f","angle":179.1,"snapDist":2,"label":0}},{"type":"Feature","geometry":{"type":"Point","coordinates":[19.72858,50.059849]},"properties":{"name":"Mników Sklep","lines":"269","arr":["269"],"terminus":0,"mode":"bus","color":"#0059a9","colorDark":"#00294f","angle":179.4,"snapDist":3,"label":0}},{"type":"Feature","geometry":{"type":"Point","coordinates":[19.742161,50.059811]},"properties":{"name":"Cholerzyn Granica","lines":"269","arr":["269"],"terminus":0,"mode":"bus","color":"#0059a9","colorDark":"#00294f","angle":181.1,"snapDist":2,"label":0}},{"type":"Feature","geometry":{"type":"Point","coordinates":[19.75456,50.058322]},"properties":{"name":"Cholerzyn Zagórze","lines":"269","arr":["269"],"terminus":0,"mode":"bus","color":"#0059a9","colorDark":"#00294f","angle":191.1,"snapDist":4,"label":0}},{"type":"Feature","geometry":{"type":"Point","coordinates":[19.761866,50.057909]},"properties":{"name":"Cholerzyn Skrzyżowanie","lines":"269","arr":["269"],"terminus":0,"mode":"bus","color":"#0059a9","colorDark":"#00294f","angle":171.9,"snapDist":2,"label":0}},{"type":"Feature","geometry":{"type":"Point","coordinates":[19.768929,50.059181]},"properties":{"name":"Cholerzyn Sklep","lines":"269","arr":["269"],"terminus":0,"mode":"bus","color":"#0059a9","colorDark":"#00294f","angle":161.2,"snapDist":2,"label":0}},{"type":"Feature","geometry":{"type":"Point","coordinates":[19.775456,50.058283]},"properties":{"name":"Cholerzyn Skwer","lines":"269","arr":["269"],"terminus":0,"mode":"bus","color":"#0059a9","colorDark":"#00294f","angle":189.7,"snapDist":3,"label":0}},{"type":"Feature","geometry":{"type":"Point","coordinates":[19.78345,50.052417]},"properties":{"name":"Cholerzyn Chałupki","lines":"269","arr":["269"],"terminus":0,"mode":"bus","color":"#0059a9","colorDark":"#00294f","angle":223.7,"snapDist":4,"label":0}},{"type":"Feature","geometry":{"type":"Point","coordinates":[19.791392,50.047814]},"properties":{"name":"Budzyń Plaża Główna","lines":"269","arr":["269"],"terminus":0,"mode":"bus","color":"#0059a9","colorDark":"#00294f","angle":235.9,"snapDist":3,"label":0}},{"type":"Feature","geometry":{"type":"Point","coordinates":[20.050522,50.121327]},"properties":{"name":"Zastów Pętla","lines":"270","arr":["270"],"terminus":0,"mode":"bus","color":"#0059a9","colorDark":"#00294f","angle":241.4,"snapDist":1,"label":0}},{"type":"Feature","geometry":{"type":"Point","coordinates":[20.05639,50.12156]},"properties":{"name":"Zastów Działki","lines":"270","arr":["270"],"terminus":0,"mode":"bus","color":"#0059a9","colorDark":"#00294f","angle":180,"snapDist":2,"label":1}},{"type":"Feature","geometry":{"type":"Point","coordinates":[20.059154,50.13194]},"properties":{"name":"Wiktorowice Skrzyżowanie","lines":"270","arr":["270"],"terminus":0,"mode":"bus","color":"#0059a9","colorDark":"#00294f","angle":169.6,"snapDist":2,"label":1}},{"type":"Feature","geometry":{"type":"Point","coordinates":[20.063908,50.132622]},"properties":{"name":"Wiktorowice Rozlewnia Wód","lines":"270","arr":["270"],"terminus":0,"mode":"bus","color":"#0059a9","colorDark":"#00294f","angle":218.9,"snapDist":3,"label":1}},{"type":"Feature","geometry":{"type":"Point","coordinates":[20.070144,50.137088]},"properties":{"name":"Maciejowice Góra","lines":"270","arr":["270"],"terminus":0,"mode":"bus","color":"#0059a9","colorDark":"#00294f","angle":-60.4,"snapDist":3,"label":1}},{"type":"Feature","geometry":{"type":"Point","coordinates":[20.074262,50.140193]},"properties":{"name":"Maciejowice Skrzyżowanie","lines":"270","arr":["270"],"terminus":0,"mode":"bus","color":"#0059a9","colorDark":"#00294f","angle":60.9,"snapDist":4,"label":1}},{"type":"Feature","geometry":{"type":"Point","coordinates":[20.071174,50.142459]},"properties":{"name":"Maciejowice Pętla","lines":"270","arr":["270"],"terminus":0,"mode":"bus","color":"#0059a9","colorDark":"#00294f","angle":174.3,"snapDist":4,"label":1}},{"type":"Feature","geometry":{"type":"Point","coordinates":[20.0742,50.140264]},"properties":{"name":"Maciejowice Skrzyżowanie","lines":"270","arr":["270"],"terminus":0,"mode":"bus","color":"#0059a9","colorDark":"#00294f","angle":-119.1,"snapDist":3,"label":0}},{"type":"Feature","geometry":{"type":"Point","coordinates":[20.070096,50.137033]},"properties":{"name":"Maciejowice Góra","lines":"270","arr":["270"],"terminus":0,"mode":"bus","color":"#0059a9","colorDark":"#00294f","angle":119.6,"snapDist":3,"label":0}},{"type":"Feature","geometry":{"type":"Point","coordinates":[20.064373,50.132381]},"properties":{"name":"Wiktorowice Rozlewnia Wód","lines":"270","arr":["270"],"terminus":0,"mode":"bus","color":"#0059a9","colorDark":"#00294f","angle":38.9,"snapDist":4,"label":0}},{"type":"Feature","geometry":{"type":"Point","coordinates":[20.058418,50.132127]},"properties":{"name":"Wiktorowice Skrzyżowanie","lines":"270","arr":["270"],"terminus":0,"mode":"bus","color":"#0059a9","colorDark":"#00294f","angle":76.5,"snapDist":2,"label":0}},{"type":"Feature","geometry":{"type":"Point","coordinates":[20.061225,50.137316]},"properties":{"name":"Wiktorowice Centrum","lines":"270","arr":["270"],"terminus":0,"mode":"bus","color":"#0059a9","colorDark":"#00294f","angle":64.2,"snapDist":4,"label":1}},{"type":"Feature","geometry":{"type":"Point","coordinates":[20.056449,50.141514]},"properties":{"name":"Wiktorowice Granica","lines":"270","arr":["270"],"terminus":0,"mode":"bus","color":"#0059a9","colorDark":"#00294f","angle":58.1,"snapDist":3,"label":1}},{"type":"Feature","geometry":{"type":"Point","coordinates":[20.056965,50.141158]},"properties":{"name":"Wiktorowice Granica","lines":"270","arr":["270"],"terminus":0,"mode":"bus","color":"#0059a9","colorDark":"#00294f","angle":221.2,"snapDist":3,"label":0}},{"type":"Feature","geometry":{"type":"Point","coordinates":[20.061018,50.137526]},"properties":{"name":"Wiktorowice Centrum","lines":"270","arr":["270"],"terminus":0,"mode":"bus","color":"#0059a9","colorDark":"#00294f","angle":236.9,"snapDist":3,"label":0}},{"type":"Feature","geometry":{"type":"Point","coordinates":[20.05825,50.132566]},"properties":{"name":"Wiktorowice Skrzyżowanie","lines":"270","arr":["270"],"terminus":0,"mode":"bus","color":"#0059a9","colorDark":"#00294f","angle":256.2,"snapDist":3,"label":0}},{"type":"Feature","geometry":{"type":"Point","coordinates":[20.056741,50.121563]},"properties":{"name":"Zastów Działki","lines":"270","arr":["270"],"terminus":0,"mode":"bus","color":"#0059a9","colorDark":"#00294f","angle":358.4,"snapDist":3,"label":0}},{"type":"Feature","geometry":{"type":"Point","coordinates":[20.189476,50.113597]},"properties":{"name":"Wróżenice","lines":"271","arr":["271"],"terminus":0,"mode":"bus","color":"#0059a9","colorDark":"#00294f","angle":170.1,"snapDist":10,"label":0}},{"type":"Feature","geometry":{"type":"Point","coordinates":[20.178204,50.112255]},"properties":{"name":"Wróżenicka","lines":"271","arr":["271"],"terminus":0,"mode":"bus","color":"#0059a9","colorDark":"#00294f","angle":123.1,"snapDist":3,"label":1}},{"type":"Feature","geometry":{"type":"Point","coordinates":[20.187397,50.122583]},"properties":{"name":"Czulice Przymiarki","lines":"271","arr":["271"],"terminus":0,"mode":"bus","color":"#0059a9","colorDark":"#00294f","angle":120.5,"snapDist":3,"label":1}},{"type":"Feature","geometry":{"type":"Point","coordinates":[20.187289,50.122465]},"properties":{"name":"Czulice Przymiarki","lines":"271","arr":["271"],"terminus":0,"mode":"bus","color":"#0059a9","colorDark":"#00294f","angle":300.5,"snapDist":3,"label":0}},{"type":"Feature","geometry":{"type":"Point","coordinates":[20.178303,50.112353]},"properties":{"name":"Wróżenicka","lines":"271","arr":["271"],"terminus":0,"mode":"bus","color":"#0059a9","colorDark":"#00294f","angle":303.1,"snapDist":8,"label":0}},{"type":"Feature","geometry":{"type":"Point","coordinates":[20.118303,50.116941]},"properties":{"name":"Dojazdów Przedszkole","lines":"272","arr":["272"],"terminus":0,"mode":"bus","color":"#0059a9","colorDark":"#00294f","angle":57.6,"snapDist":4,"label":1}},{"type":"Feature","geometry":{"type":"Point","coordinates":[20.112817,50.120915]},"properties":{"name":"Dojazdów Plac św. Stanisława","lines":"272","arr":["272"],"terminus":0,"mode":"bus","color":"#0059a9","colorDark":"#00294f","angle":18,"snapDist":3,"label":1}},{"type":"Feature","geometry":{"type":"Point","coordinates":[20.108621,50.122489]},"properties":{"name":"Dojazdów Na Górce","lines":"272","arr":["272"],"terminus":0,"mode":"bus","color":"#0059a9","colorDark":"#00294f","angle":42.4,"snapDist":3,"label":1}},{"type":"Feature","geometry":{"type":"Point","coordinates":[20.108372,50.122635]},"properties":{"name":"Dojazdów Na Górce","lines":"272","arr":["272"],"terminus":0,"mode":"bus","color":"#0059a9","colorDark":"#00294f","angle":222.5,"snapDist":2,"label":0}},{"type":"Feature","geometry":{"type":"Point","coordinates":[20.113307,50.120813]},"properties":{"name":"Dojazdów Plac św. Stanisława","lines":"272","arr":["272"],"terminus":0,"mode":"bus","color":"#0059a9","colorDark":"#00294f","angle":198,"snapDist":8,"label":0}},{"type":"Feature","geometry":{"type":"Point","coordinates":[20.118003,50.117239]},"properties":{"name":"Dojazdów Przedszkole","lines":"272","arr":["272"],"terminus":0,"mode":"bus","color":"#0059a9","colorDark":"#00294f","angle":237.3,"snapDist":2,"label":0}},{"type":"Feature","geometry":{"type":"Point","coordinates":[20.147054,49.957328]},"properties":{"name":"Trąbki P+R","lines":"274","arr":["274"],"terminus":1,"mode":"bus","color":"#0059a9","colorDark":"#00294f","angle":231.1,"snapDist":5,"label":1}},{"type":"Feature","geometry":{"type":"Point","coordinates":[20.145802,49.958698]},"properties":{"name":"Trąbki Remiza","lines":"274","arr":["274"],"terminus":0,"mode":"bus","color":"#0059a9","colorDark":"#00294f","angle":54.1,"snapDist":6,"label":1}},{"type":"Feature","geometry":{"type":"Point","coordinates":[20.1422,49.96316]},"properties":{"name":"Trąbki Pacówki","lines":"274","arr":["274"],"terminus":0,"mode":"bus","color":"#0059a9","colorDark":"#00294f","angle":49.3,"snapDist":8,"label":1}},{"type":"Feature","geometry":{"type":"Point","coordinates":[20.132384,49.969341]},"properties":{"name":"Biskupice Szczygłów","lines":"274","arr":["274"],"terminus":0,"mode":"bus","color":"#0059a9","colorDark":"#00294f","angle":42.1,"snapDist":6,"label":1}},{"type":"Feature","geometry":{"type":"Point","coordinates":[20.122683,49.972639]},"properties":{"name":"Biskupice Rymarówka","lines":"274","arr":["274"],"terminus":0,"mode":"bus","color":"#0059a9","colorDark":"#00294f","angle":10,"snapDist":7,"label":1}},{"type":"Feature","geometry":{"type":"Point","coordinates":[20.111326,49.97333]},"properties":{"name":"Przebieczany Gdowska","lines":"274","arr":["274"],"terminus":0,"mode":"bus","color":"#0059a9","colorDark":"#00294f","angle":23.6,"snapDist":6,"label":1}},{"type":"Feature","geometry":{"type":"Point","coordinates":[20.098318,49.976074]},"properties":{"name":"Tomaszkowice Urząd Gminy Biskupice","lines":"274","arr":["274"],"terminus":0,"mode":"bus","color":"#0059a9","colorDark":"#00294f","angle":17.2,"snapDist":5,"label":1}},{"type":"Feature","geometry":{"type":"Point","coordinates":[20.091808,49.977338]},"properties":{"name":"Lednica Górna Gory","lines":"274","arr":["274"],"terminus":0,"mode":"bus","color":"#0059a9","colorDark":"#00294f","angle":15.4,"snapDist":6,"label":1}},{"type":"Feature","geometry":{"type":"Point","coordinates":[20.085831,49.978497]},"properties":{"name":"Lednica Górna Świdówka","lines":"274","arr":["274"],"terminus":0,"mode":"bus","color":"#0059a9","colorDark":"#00294f","angle":16.7,"snapDist":7,"label":1}},{"type":"Feature","geometry":{"type":"Point","coordinates":[20.077601,49.980119]},"properties":{"name":"Wieliczka Polna","lines":"274","arr":["274"],"terminus":0,"mode":"bus","color":"#0059a9","colorDark":"#00294f","angle":17.2,"snapDist":7,"label":1}},{"type":"Feature","geometry":{"type":"Point","coordinates":[20.050431,49.986884]},"properties":{"name":"Wieliczka Park","lines":"274, 304","arr":["274","304"],"terminus":0,"mode":"bus","color":"#0059a9","colorDark":"#00294f","angle":43.7,"snapDist":7,"label":1}},{"type":"Feature","geometry":{"type":"Point","coordinates":[20.049539,49.987383]},"properties":{"name":"Wieliczka Park","lines":"274, 304","arr":["274","304"],"terminus":0,"mode":"bus","color":"#0059a9","colorDark":"#00294f","angle":221.3,"snapDist":6,"label":0}},{"type":"Feature","geometry":{"type":"Point","coordinates":[20.070447,49.98156]},"properties":{"name":"Wieliczka Ochronka","lines":"274","arr":["274"],"terminus":0,"mode":"bus","color":"#0059a9","colorDark":"#00294f","angle":200.2,"snapDist":4,"label":1}},{"type":"Feature","geometry":{"type":"Point","coordinates":[20.077963,49.980047]},"properties":{"name":"Wieliczka Polna","lines":"274","arr":["274"],"terminus":0,"mode":"bus","color":"#0059a9","colorDark":"#00294f","angle":197.4,"snapDist":8,"label":0}},{"type":"Feature","geometry":{"type":"Point","coordinates":[20.08677,49.978314]},"properties":{"name":"Lednica Górna Świdówka","lines":"274","arr":["274"],"terminus":0,"mode":"bus","color":"#0059a9","colorDark":"#00294f","angle":196.9,"snapDist":7,"label":0}},{"type":"Feature","geometry":{"type":"Point","coordinates":[20.092229,49.977258]},"properties":{"name":"Lednica Górna Gory","lines":"274","arr":["274"],"terminus":0,"mode":"bus","color":"#0059a9","colorDark":"#00294f","angle":197.7,"snapDist":7,"label":0}},{"type":"Feature","geometry":{"type":"Point","coordinates":[20.099231,49.975896]},"properties":{"name":"Tomaszkowice Urząd Gminy Biskupice","lines":"274","arr":["274"],"terminus":0,"mode":"bus","color":"#0059a9","colorDark":"#00294f","angle":196.7,"snapDist":8,"label":0}},{"type":"Feature","geometry":{"type":"Point","coordinates":[20.108323,49.974116]},"properties":{"name":"Przebieczany Gdowska","lines":"274","arr":["274"],"terminus":0,"mode":"bus","color":"#0059a9","colorDark":"#00294f","angle":198,"snapDist":8,"label":1}},{"type":"Feature","geometry":{"type":"Point","coordinates":[20.123968,49.972496]},"properties":{"name":"Biskupice Rymarówka","lines":"274","arr":["274"],"terminus":0,"mode":"bus","color":"#0059a9","colorDark":"#00294f","angle":190.1,"snapDist":7,"label":0}},{"type":"Feature","geometry":{"type":"Point","coordinates":[20.13288,49.969053]},"properties":{"name":"Biskupice Szczygłów","lines":"274","arr":["274"],"terminus":0,"mode":"bus","color":"#0059a9","colorDark":"#00294f","angle":222.1,"snapDist":6,"label":0}},{"type":"Feature","geometry":{"type":"Point","coordinates":[20.141871,49.963406]},"properties":{"name":"Trąbki Pacówki","lines":"274","arr":["274"],"terminus":0,"mode":"bus","color":"#0059a9","colorDark":"#00294f","angle":231.6,"snapDist":6,"label":0}},{"type":"Feature","geometry":{"type":"Point","coordinates":[20.146596,49.958006]},"properties":{"name":"Trąbki Remiza","lines":"274","arr":["274"],"terminus":0,"mode":"bus","color":"#0059a9","colorDark":"#00294f","angle":233.5,"snapDist":7,"label":0}},{"type":"Feature","geometry":{"type":"Point","coordinates":[19.902954,49.913619]},"properties":{"name":"Włosań Centrum","lines":"275","arr":["275"],"terminus":1,"mode":"bus","color":"#0059a9","colorDark":"#00294f","angle":104,"snapDist":5,"label":1}},{"type":"Feature","geometry":{"type":"Point","coordinates":[19.907503,49.917229]},"properties":{"name":"Włosań Dział Wschodni","lines":"275","arr":["275"],"terminus":0,"mode":"bus","color":"#0059a9","colorDark":"#00294f","angle":171.4,"snapDist":3,"label":1}},{"type":"Feature","geometry":{"type":"Point","coordinates":[19.915083,49.918183]},"properties":{"name":"Włosań Krzyżówka","lines":"275","arr":["275"],"terminus":0,"mode":"bus","color":"#0059a9","colorDark":"#00294f","angle":152,"snapDist":4,"label":1}},{"type":"Feature","geometry":{"type":"Point","coordinates":[19.919852,49.923796]},"properties":{"name":"Włosań Kopań","lines":"275","arr":["275"],"terminus":0,"mode":"bus","color":"#0059a9","colorDark":"#00294f","angle":51.8,"snapDist":3,"label":1}},{"type":"Feature","geometry":{"type":"Point","coordinates":[19.917585,49.930619]},"properties":{"name":"Konary Pod Sosenką","lines":"275","arr":["275"],"terminus":0,"mode":"bus","color":"#0059a9","colorDark":"#00294f","angle":105.2,"snapDist":5,"label":1}},{"type":"Feature","geometry":{"type":"Point","coordinates":[19.915988,49.933432]},"properties":{"name":"Konary Królowej Polski","lines":"275, 285","arr":["275","285"],"terminus":0,"mode":"bus","color":"#0059a9","colorDark":"#00294f","angle":1.7,"snapDist":4,"label":1}},{"type":"Feature","geometry":{"type":"Point","coordinates":[19.906413,49.933409]},"properties":{"name":"Mogilany Krótka","lines":"275, 285","arr":["275","285"],"terminus":0,"mode":"bus","color":"#0059a9","colorDark":"#00294f","angle":63.9,"snapDist":5,"label":1}},{"type":"Feature","geometry":{"type":"Point","coordinates":[19.896639,49.936558]},"properties":{"name":"Mogilany Wiadukt","lines":"275, 285","arr":["275","285"],"terminus":0,"mode":"bus","color":"#0059a9","colorDark":"#00294f","angle":32.1,"snapDist":8,"label":1}},{"type":"Feature","geometry":{"type":"Point","coordinates":[19.896687,49.936539]},"properties":{"name":"Mogilany Wiadukt","lines":"275, 285","arr":["275","285"],"terminus":0,"mode":"bus","color":"#0059a9","colorDark":"#00294f","angle":212.1,"snapDist":9,"label":0}},{"type":"Feature","geometry":{"type":"Point","coordinates":[19.906648,49.933111]},"properties":{"name":"Mogilany Krótka","lines":"275, 285","arr":["275","285"],"terminus":0,"mode":"bus","color":"#0059a9","colorDark":"#00294f","angle":238.2,"snapDist":7,"label":0}},{"type":"Feature","geometry":{"type":"Point","coordinates":[19.916492,49.933462]},"properties":{"name":"Konary Królowej Polski","lines":"275, 285","arr":["275","285"],"terminus":0,"mode":"bus","color":"#0059a9","colorDark":"#00294f","angle":171.2,"snapDist":4,"label":0}},{"type":"Feature","geometry":{"type":"Point","coordinates":[19.917865,49.931038]},"properties":{"name":"Konary Pod Sosenką","lines":"275","arr":["275"],"terminus":0,"mode":"bus","color":"#0059a9","colorDark":"#00294f","angle":288.8,"snapDist":3,"label":0}},{"type":"Feature","geometry":{"type":"Point","coordinates":[19.92,49.923675]},"properties":{"name":"Włosań Kopań","lines":"275","arr":["275"],"terminus":0,"mode":"bus","color":"#0059a9","colorDark":"#00294f","angle":231.8,"snapDist":3,"label":0}},{"type":"Feature","geometry":{"type":"Point","coordinates":[19.914565,49.917995]},"properties":{"name":"Włosań Krzyżówka","lines":"275","arr":["275"],"terminus":0,"mode":"bus","color":"#0059a9","colorDark":"#00294f","angle":327.1,"snapDist":3,"label":0}},{"type":"Feature","geometry":{"type":"Point","coordinates":[19.906838,49.917107]},"properties":{"name":"Włosań Dział Wschodni","lines":"275","arr":["275"],"terminus":0,"mode":"bus","color":"#0059a9","colorDark":"#00294f","angle":332.2,"snapDist":3,"label":0}},{"type":"Feature","geometry":{"type":"Point","coordinates":[19.979671,50.22053]},"properties":{"name":"Iwanowice Dworskie Pętla","lines":"277","arr":["277"],"terminus":1,"mode":"bus","color":"#0059a9","colorDark":"#00294f","angle":270.9,"snapDist":4,"label":1}},{"type":"Feature","geometry":{"type":"Point","coordinates":[19.956382,50.213952]},"properties":{"name":"Iwanowice Dworskie Kotryska","lines":"277","arr":["277"],"terminus":0,"mode":"bus","color":"#0059a9","colorDark":"#00294f","angle":323.7,"snapDist":4,"label":1}},{"type":"Feature","geometry":{"type":"Point","coordinates":[19.949559,50.211322]},"properties":{"name":"Krasieniec Zakupny Kapliczka","lines":"277","arr":["277"],"terminus":0,"mode":"bus","color":"#0059a9","colorDark":"#00294f","angle":348.2,"snapDist":7,"label":1}},{"type":"Feature","geometry":{"type":"Point","coordinates":[19.937919,50.207447]},"properties":{"name":"Krasieniec Zakupny Pod Lipą","lines":"277","arr":["277"],"terminus":0,"mode":"bus","color":"#0059a9","colorDark":"#00294f","angle":306.9,"snapDist":6,"label":1}},{"type":"Feature","geometry":{"type":"Point","coordinates":[19.939158,50.200846]},"properties":{"name":"Krasieniec Zakupny Remiza","lines":"277","arr":["277"],"terminus":0,"mode":"bus","color":"#0059a9","colorDark":"#00294f","angle":264.7,"snapDist":7,"label":1}},{"type":"Feature","geometry":{"type":"Point","coordinates":[19.938664,50.196184]},"properties":{"name":"Krasieniec Stary Kopalina","lines":"277","arr":["277"],"terminus":0,"mode":"bus","color":"#0059a9","colorDark":"#00294f","angle":262.1,"snapDist":3,"label":1}},{"type":"Feature","geometry":{"type":"Point","coordinates":[19.941764,50.190281]},"properties":{"name":"Krasieniec Stary Skrzyżowanie","lines":"277","arr":["277"],"terminus":0,"mode":"bus","color":"#0059a9","colorDark":"#00294f","angle":248.7,"snapDist":3,"label":1}},{"type":"Feature","geometry":{"type":"Point","coordinates":[19.943733,50.185962]},"properties":{"name":"Narama Księża","lines":"277","arr":["277"],"terminus":0,"mode":"bus","color":"#0059a9","colorDark":"#00294f","angle":266.5,"snapDist":4,"label":1}},{"type":"Feature","geometry":{"type":"Point","coordinates":[19.942822,50.173622]},"properties":{"name":"Michałowice Gościniec","lines":"277","arr":["277"],"terminus":0,"mode":"bus","color":"#0059a9","colorDark":"#00294f","angle":286.9,"snapDist":3,"label":0}},{"type":"Feature","geometry":{"type":"Point","coordinates":[19.940178,50.170212]},"properties":{"name":"Michałowice Michałówka","lines":"277","arr":["277"],"terminus":0,"mode":"bus","color":"#0059a9","colorDark":"#00294f","angle":193,"snapDist":3,"label":1}},{"type":"Feature","geometry":{"type":"Point","coordinates":[19.950591,50.168567]},"properties":{"name":"Michałowice Na Stoku","lines":"277","arr":["277"],"terminus":0,"mode":"bus","color":"#0059a9","colorDark":"#00294f","angle":193.8,"snapDist":3,"label":1}},{"type":"Feature","geometry":{"type":"Point","coordinates":[19.967596,50.165333]},"properties":{"name":"Michałowice Lecznica","lines":"277","arr":["277"],"terminus":0,"mode":"bus","color":"#0059a9","colorDark":"#00294f","angle":175.2,"snapDist":4,"label":1}},{"type":"Feature","geometry":{"type":"Point","coordinates":[19.968972,50.165402]},"properties":{"name":"Michałowice Lecznica","lines":"277","arr":["277"],"terminus":0,"mode":"bus","color":"#0059a9","colorDark":"#00294f","angle":355.6,"snapDist":2,"label":0}},{"type":"Feature","geometry":{"type":"Point","coordinates":[19.951722,50.168388]},"properties":{"name":"Michałowice Na Stoku","lines":"277","arr":["277"],"terminus":0,"mode":"bus","color":"#0059a9","colorDark":"#00294f","angle":14,"snapDist":2,"label":0}},{"type":"Feature","geometry":{"type":"Point","coordinates":[19.940388,50.170179]},"properties":{"name":"Michałowice Michałówka","lines":"277","arr":["277"],"terminus":0,"mode":"bus","color":"#0059a9","colorDark":"#00294f","angle":14.1,"snapDist":4,"label":0}},{"type":"Feature","geometry":{"type":"Point","coordinates":[19.942883,50.173751]},"properties":{"name":"Michałowice Gościniec","lines":"277","arr":["277"],"terminus":0,"mode":"bus","color":"#0059a9","colorDark":"#00294f","angle":107,"snapDist":4,"label":0}},{"type":"Feature","geometry":{"type":"Point","coordinates":[19.943784,50.185517]},"properties":{"name":"Narama Księża","lines":"277","arr":["277"],"terminus":0,"mode":"bus","color":"#0059a9","colorDark":"#00294f","angle":85.3,"snapDist":5,"label":0}},{"type":"Feature","geometry":{"type":"Point","coordinates":[19.941302,50.191051]},"properties":{"name":"Krasieniec Stary Skrzyżowanie","lines":"277","arr":["277"],"terminus":0,"mode":"bus","color":"#0059a9","colorDark":"#00294f","angle":69.1,"snapDist":6,"label":0}},{"type":"Feature","geometry":{"type":"Point","coordinates":[19.938717,50.195962]},"properties":{"name":"Krasieniec Stary Kopalina","lines":"277","arr":["277"],"terminus":0,"mode":"bus","color":"#0059a9","colorDark":"#00294f","angle":79.3,"snapDist":5,"label":0}},{"type":"Feature","geometry":{"type":"Point","coordinates":[19.939147,50.200927]},"properties":{"name":"Krasieniec Zakupny Remiza","lines":"277","arr":["277"],"terminus":0,"mode":"bus","color":"#0059a9","colorDark":"#00294f","angle":84.7,"snapDist":4,"label":0}},{"type":"Feature","geometry":{"type":"Point","coordinates":[19.93822,50.207704]},"properties":{"name":"Krasieniec Zakupny Pod Lipą","lines":"277","arr":["277"],"terminus":0,"mode":"bus","color":"#0059a9","colorDark":"#00294f","angle":126.9,"snapDist":4,"label":0}},{"type":"Feature","geometry":{"type":"Point","coordinates":[19.949878,50.211365]},"properties":{"name":"Krasieniec Zakupny Kapliczka","lines":"277","arr":["277"],"terminus":0,"mode":"bus","color":"#0059a9","colorDark":"#00294f","angle":168.2,"snapDist":4,"label":0}},{"type":"Feature","geometry":{"type":"Point","coordinates":[19.955289,50.213386]},"properties":{"name":"Krasieniec Zakupny Kotryska","lines":"277","arr":["277"],"terminus":0,"mode":"bus","color":"#0059a9","colorDark":"#00294f","angle":140.1,"snapDist":2,"label":1}},{"type":"Feature","geometry":{"type":"Point","coordinates":[19.709393,50.148281]},"properties":{"name":"Radwanowice Pętla","lines":"278","arr":["278"],"terminus":1,"mode":"bus","color":"#0059a9","colorDark":"#00294f","angle":21.9,"snapDist":4,"label":1}},{"type":"Feature","geometry":{"type":"Point","coordinates":[19.708388,50.144951]},"properties":{"name":"Radwanowice Krzeszowicka","lines":"278","arr":["278"],"terminus":0,"mode":"bus","color":"#0059a9","colorDark":"#00294f","angle":283.8,"snapDist":4,"label":1}},{"type":"Feature","geometry":{"type":"Point","coordinates":[19.693514,50.144329]},"properties":{"name":"Pisary Dąbrówki","lines":"278","arr":["278"],"terminus":0,"mode":"bus","color":"#0059a9","colorDark":"#00294f","angle":272.2,"snapDist":4,"label":1}},{"type":"Feature","geometry":{"type":"Point","coordinates":[19.693327,50.141169]},"properties":{"name":"Pisary Kasztanowa","lines":"278","arr":["278"],"terminus":0,"mode":"bus","color":"#0059a9","colorDark":"#00294f","angle":272.2,"snapDist":3,"label":1}},{"type":"Feature","geometry":{"type":"Point","coordinates":[19.692973,50.135178]},"properties":{"name":"Pisary Spacerowa","lines":"278","arr":["278"],"terminus":0,"mode":"bus","color":"#0059a9","colorDark":"#00294f","angle":272.2,"snapDist":4,"label":1}},{"type":"Feature","geometry":{"type":"Point","coordinates":[19.692083,50.129103]},"properties":{"name":"Pisary Dwór","lines":"278","arr":["278"],"terminus":0,"mode":"bus","color":"#0059a9","colorDark":"#00294f","angle":238.7,"snapDist":3,"label":1}},{"type":"Feature","geometry":{"type":"Point","coordinates":[19.696758,50.125671]},"properties":{"name":"Pisary Akacjowa","lines":"278","arr":["278"],"terminus":0,"mode":"bus","color":"#0059a9","colorDark":"#00294f","angle":196.3,"snapDist":7,"label":1}},{"type":"Feature","geometry":{"type":"Point","coordinates":[19.702162,50.124699]},"properties":{"name":"Pisary Mleczna","lines":"278","arr":["278"],"terminus":0,"mode":"bus","color":"#0059a9","colorDark":"#00294f","angle":195,"snapDist":3,"label":1}},{"type":"Feature","geometry":{"type":"Point","coordinates":[19.706449,50.123229]},"properties":{"name":"Rudawa Szkoła","lines":"278","arr":["278"],"terminus":0,"mode":"bus","color":"#0059a9","colorDark":"#00294f","angle":166.4,"snapDist":3,"label":1}},{"type":"Feature","geometry":{"type":"Point","coordinates":[19.720873,50.127208]},"properties":{"name":"Rudawa Osiedle","lines":"278","arr":["278"],"terminus":0,"mode":"bus","color":"#0059a9","colorDark":"#00294f","angle":148.4,"snapDist":2,"label":1}},{"type":"Feature","geometry":{"type":"Point","coordinates":[19.734069,50.131624]},"properties":{"name":"Rudawa Granica","lines":"278","arr":["278"],"terminus":0,"mode":"bus","color":"#0059a9","colorDark":"#00294f","angle":172.5,"snapDist":1,"label":1}},{"type":"Feature","geometry":{"type":"Point","coordinates":[19.739627,50.135569]},"properties":{"name":"Brzezinka Skrzyżowanie","lines":"278","arr":["278"],"terminus":0,"mode":"bus","color":"#0059a9","colorDark":"#00294f","angle":72.4,"snapDist":4,"label":1}},{"type":"Feature","geometry":{"type":"Point","coordinates":[19.738737,50.137704]},"properties":{"name":"Brzezinka Kościół","lines":"278","arr":["278"],"terminus":0,"mode":"bus","color":"#0059a9","colorDark":"#00294f","angle":78.6,"snapDist":3,"label":1}},{"type":"Feature","geometry":{"type":"Point","coordinates":[19.747863,50.138257]},"properties":{"name":"Brzezinka Zarzecze","lines":"278","arr":["278"],"terminus":0,"mode":"bus","color":"#0059a9","colorDark":"#00294f","angle":218.3,"snapDist":4,"label":1}},{"type":"Feature","geometry":{"type":"Point","coordinates":[19.753055,50.14809]},"properties":{"name":"Kobylany Dworska","lines":"278","arr":["278"],"terminus":0,"mode":"bus","color":"#0059a9","colorDark":"#00294f","angle":185,"snapDist":4,"label":1}},{"type":"Feature","geometry":{"type":"Point","coordinates":[19.758608,50.148631]},"properties":{"name":"Kobylany Remiza","lines":"278","arr":["278"],"terminus":0,"mode":"bus","color":"#0059a9","colorDark":"#00294f","angle":165.7,"snapDist":4,"label":1}},{"type":"Feature","geometry":{"type":"Point","coordinates":[19.76136,50.147972]},"properties":{"name":"Kobylany Kwiatowa","lines":"278","arr":["278"],"terminus":0,"mode":"bus","color":"#0059a9","colorDark":"#00294f","angle":249,"snapDist":4,"label":1}},{"type":"Feature","geometry":{"type":"Point","coordinates":[19.77022,50.137564]},"properties":{"name":"Więckowice Ogrodowa","lines":"278","arr":["278"],"terminus":0,"mode":"bus","color":"#0059a9","colorDark":"#00294f","angle":219.7,"snapDist":3,"label":1}},{"type":"Feature","geometry":{"type":"Point","coordinates":[19.77766,50.133997]},"properties":{"name":"Więckowice Lipka","lines":"278","arr":["278"],"terminus":0,"mode":"bus","color":"#0059a9","colorDark":"#00294f","angle":206.1,"snapDist":3,"label":1}},{"type":"Feature","geometry":{"type":"Point","coordinates":[19.792078,50.131916]},"properties":{"name":"Bolechowice Zielona Mała","lines":"278","arr":["278"],"terminus":0,"mode":"bus","color":"#0059a9","colorDark":"#00294f","angle":198.2,"snapDist":4,"label":1}},{"type":"Feature","geometry":{"type":"Point","coordinates":[19.803728,50.126985]},"properties":{"name":"Bolechowice Zielona","lines":"278","arr":["278"],"terminus":0,"mode":"bus","color":"#0059a9","colorDark":"#00294f","angle":105.6,"snapDist":2,"label":0}},{"type":"Feature","geometry":{"type":"Point","coordinates":[19.791522,50.132033]},"properties":{"name":"Bolechowice Zielona Mała","lines":"278","arr":["278"],"terminus":0,"mode":"bus","color":"#0059a9","colorDark":"#00294f","angle":16.5,"snapDist":2,"label":0}},{"type":"Feature","geometry":{"type":"Point","coordinates":[19.77895,50.133595]},"properties":{"name":"Więckowice Lipka","lines":"278","arr":["278"],"terminus":0,"mode":"bus","color":"#0059a9","colorDark":"#00294f","angle":19.3,"snapDist":6,"label":0}},{"type":"Feature","geometry":{"type":"Point","coordinates":[19.769715,50.137833]},"properties":{"name":"Więckowice Ogrodowa","lines":"278","arr":["278"],"terminus":0,"mode":"bus","color":"#0059a9","colorDark":"#00294f","angle":39.7,"snapDist":4,"label":0}},{"type":"Feature","geometry":{"type":"Point","coordinates":[19.762873,50.146475]},"properties":{"name":"Kobylany Kwiatowa","lines":"278","arr":["278"],"terminus":0,"mode":"bus","color":"#0059a9","colorDark":"#00294f","angle":48.5,"snapDist":3,"label":0}},{"type":"Feature","geometry":{"type":"Point","coordinates":[19.758238,50.148588]},"properties":{"name":"Kobylany Remiza","lines":"278","arr":["278"],"terminus":0,"mode":"bus","color":"#0059a9","colorDark":"#00294f","angle":353.4,"snapDist":5,"label":0}},{"type":"Feature","geometry":{"type":"Point","coordinates":[19.753062,50.148143]},"properties":{"name":"Kobylany Dworska","lines":"278","arr":["278"],"terminus":0,"mode":"bus","color":"#0059a9","colorDark":"#00294f","angle":115.3,"snapDist":5,"label":0}},{"type":"Feature","geometry":{"type":"Point","coordinates":[19.748042,50.138167]},"properties":{"name":"Brzezinka Zarzecze","lines":"278","arr":["278"],"terminus":0,"mode":"bus","color":"#0059a9","colorDark":"#00294f","angle":38.3,"snapDist":3,"label":0}},{"type":"Feature","geometry":{"type":"Point","coordinates":[19.738678,50.137895]},"properties":{"name":"Brzezinka Kościół","lines":"278","arr":["278"],"terminus":0,"mode":"bus","color":"#0059a9","colorDark":"#00294f","angle":258.6,"snapDist":3,"label":0}},{"type":"Feature","geometry":{"type":"Point","coordinates":[19.739748,50.135257]},"properties":{"name":"Brzezinka Skrzyżowanie","lines":"278","arr":["278"],"terminus":0,"mode":"bus","color":"#0059a9","colorDark":"#00294f","angle":259.8,"snapDist":4,"label":0}},{"type":"Feature","geometry":{"type":"Point","coordinates":[19.734806,50.131693]},"properties":{"name":"Rudawa Granica","lines":"278","arr":["278"],"terminus":0,"mode":"bus","color":"#0059a9","colorDark":"#00294f","angle":172.1,"snapDist":13,"label":0}},{"type":"Feature","geometry":{"type":"Point","coordinates":[19.720899,50.127219]},"properties":{"name":"Rudawa Osiedle","lines":"278","arr":["278"],"terminus":0,"mode":"bus","color":"#0059a9","colorDark":"#00294f","angle":328.4,"snapDist":7,"label":0}},{"type":"Feature","geometry":{"type":"Point","coordinates":[19.707335,50.123334]},"properties":{"name":"Rudawa Szkoła","lines":"278","arr":["278"],"terminus":0,"mode":"bus","color":"#0059a9","colorDark":"#00294f","angle":2.5,"snapDist":7,"label":0}},{"type":"Feature","geometry":{"type":"Point","coordinates":[19.702189,50.124694]},"properties":{"name":"Pisary Mleczna","lines":"278","arr":["278"],"terminus":0,"mode":"bus","color":"#0059a9","colorDark":"#00294f","angle":15,"snapDist":3,"label":0}},{"type":"Feature","geometry":{"type":"Point","coordinates":[19.696724,50.125677]},"properties":{"name":"Pisary Akacjowa","lines":"278","arr":["278"],"terminus":0,"mode":"bus","color":"#0059a9","colorDark":"#00294f","angle":16.3,"snapDist":1,"label":0}},{"type":"Feature","geometry":{"type":"Point","coordinates":[19.692695,50.128458]},"properties":{"name":"Pisary Dwór","lines":"278","arr":["278"],"terminus":0,"mode":"bus","color":"#0059a9","colorDark":"#00294f","angle":58.6,"snapDist":5,"label":0}},{"type":"Feature","geometry":{"type":"Point","coordinates":[19.692972,50.135171]},"properties":{"name":"Pisary Spacerowa","lines":"278","arr":["278"],"terminus":0,"mode":"bus","color":"#0059a9","colorDark":"#00294f","angle":92.2,"snapDist":2,"label":0}},{"type":"Feature","geometry":{"type":"Point","coordinates":[19.693347,50.141501]},"properties":{"name":"Pisary Kasztanowa","lines":"278","arr":["278"],"terminus":0,"mode":"bus","color":"#0059a9","colorDark":"#00294f","angle":92.2,"snapDist":4,"label":0}},{"type":"Feature","geometry":{"type":"Point","coordinates":[19.693502,50.144111]},"properties":{"name":"Pisary Dąbrówki","lines":"278","arr":["278"],"terminus":0,"mode":"bus","color":"#0059a9","colorDark":"#00294f","angle":92.2,"snapDist":3,"label":0}},{"type":"Feature","geometry":{"type":"Point","coordinates":[19.768672,50.015505]},"properties":{"name":"Rączna Kapliczka","lines":"279","arr":["279"],"terminus":0,"mode":"bus","color":"#0059a9","colorDark":"#00294f","angle":281,"snapDist":3,"label":1}},{"type":"Feature","geometry":{"type":"Point","coordinates":[19.774674,50.016436]},"properties":{"name":"Rączna Gołębiec","lines":"279","arr":["279"],"terminus":0,"mode":"bus","color":"#0059a9","colorDark":"#00294f","angle":353.2,"snapDist":3,"label":0}},{"type":"Feature","geometry":{"type":"Point","coordinates":[19.768657,50.015455]},"properties":{"name":"Rączna Kapliczka","lines":"279","arr":["279"],"terminus":0,"mode":"bus","color":"#0059a9","colorDark":"#00294f","angle":101,"snapDist":3,"label":0}},{"type":"Feature","geometry":{"type":"Point","coordinates":[19.91321,50.17427]},"properties":{"name":"Owczary Pętla","lines":"280, 337, 937","arr":["280","337","937"],"terminus":1,"mode":"bus","color":"#0059a9","colorDark":"#00294f","angle":26.9,"snapDist":5,"label":1}},{"type":"Feature","geometry":{"type":"Point","coordinates":[19.919723,50.172046]},"properties":{"name":"Owczary Spacerowa","lines":"280","arr":["280"],"terminus":0,"mode":"bus","color":"#0059a9","colorDark":"#00294f","angle":197.3,"snapDist":3,"label":1}},{"type":"Feature","geometry":{"type":"Point","coordinates":[19.925729,50.169519]},"properties":{"name":"Owczary Gajowa","lines":"280","arr":["280"],"terminus":0,"mode":"bus","color":"#0059a9","colorDark":"#00294f","angle":313.4,"snapDist":2,"label":1}},{"type":"Feature","geometry":{"type":"Point","coordinates":[19.923203,50.16148]},"properties":{"name":"Owczary Górna","lines":"280","arr":["280"],"terminus":0,"mode":"bus","color":"#0059a9","colorDark":"#00294f","angle":295,"snapDist":3,"label":1}},{"type":"Feature","geometry":{"type":"Point","coordinates":[19.91928,50.155755]},"properties":{"name":"Garliczka Chochół","lines":"280","arr":["280"],"terminus":0,"mode":"bus","color":"#0059a9","colorDark":"#00294f","angle":245,"snapDist":4,"label":1}},{"type":"Feature","geometry":{"type":"Point","coordinates":[19.921838,50.14998]},"properties":{"name":"Garlica Duchowna Rozjazd","lines":"280","arr":["280"],"terminus":0,"mode":"bus","color":"#0059a9","colorDark":"#00294f","angle":269.6,"snapDist":3,"label":0}},{"type":"Feature","geometry":{"type":"Point","coordinates":[19.941004,50.15944]},"properties":{"name":"Michałowice Las Michałowski","lines":"280, 917","arr":["280","917"],"terminus":0,"mode":"bus","color":"#0059a9","colorDark":"#00294f","angle":234.1,"snapDist":4,"label":1}},{"type":"Feature","geometry":{"type":"Point","coordinates":[19.94911,50.154268]},"properties":{"name":"Michałowice Jana Pawła II","lines":"280, 307, 917","arr":["280","307","917"],"terminus":0,"mode":"bus","color":"#0059a9","colorDark":"#00294f","angle":226.8,"snapDist":3,"label":1}},{"type":"Feature","geometry":{"type":"Point","coordinates":[19.95714,50.150142]},"properties":{"name":"Michałowice Brzozowa","lines":"280, 307, 917","arr":["280","307","917"],"terminus":0,"mode":"bus","color":"#0059a9","colorDark":"#00294f","angle":221.5,"snapDist":3,"label":1}},{"type":"Feature","geometry":{"type":"Point","coordinates":[19.962624,50.146944]},"properties":{"name":"Michałowice Kwiaty Polne","lines":"280, 307, 917","arr":["280","307","917"],"terminus":0,"mode":"bus","color":"#0059a9","colorDark":"#00294f","angle":213,"snapDist":4,"label":1}},{"type":"Feature","geometry":{"type":"Point","coordinates":[19.967007,50.146494]},"properties":{"name":"Michałowice Banasiówka","lines":"280, 307, 917","arr":["280","307","917"],"terminus":0,"mode":"bus","color":"#0059a9","colorDark":"#00294f","angle":175.4,"snapDist":3,"label":1}},{"type":"Feature","geometry":{"type":"Point","coordinates":[19.965565,50.132669]},"properties":{"name":"Bibice Na Czekaj","lines":"280","arr":["280"],"terminus":0,"mode":"bus","color":"#0059a9","colorDark":"#00294f","angle":335.3,"snapDist":3,"label":0}},{"type":"Feature","geometry":{"type":"Point","coordinates":[19.960573,50.130945]},"properties":{"name":"Bibice Mokra","lines":"280","arr":["280"],"terminus":0,"mode":"bus","color":"#0059a9","colorDark":"#00294f","angle":328.7,"snapDist":3,"label":1}},{"type":"Feature","geometry":{"type":"Point","coordinates":[19.960869,50.13107]},"properties":{"name":"Bibice Mokra","lines":"280","arr":["280"],"terminus":0,"mode":"bus","color":"#0059a9","colorDark":"#00294f","angle":146.6,"snapDist":3,"label":0}},{"type":"Feature","geometry":{"type":"Point","coordinates":[19.969917,50.142573]},"properties":{"name":"Michałowice Komora","lines":"280, 307, 917","arr":["280","307","917"],"terminus":0,"mode":"bus","color":"#0059a9","colorDark":"#00294f","angle":58.3,"snapDist":4,"label":0}},{"type":"Feature","geometry":{"type":"Point","coordinates":[19.968494,50.145159]},"properties":{"name":"Michałowice Banasiówka","lines":"280, 307, 917","arr":["280","307","917"],"terminus":0,"mode":"bus","color":"#0059a9","colorDark":"#00294f","angle":88.2,"snapDist":4,"label":0}},{"type":"Feature","geometry":{"type":"Point","coordinates":[19.963147,50.146727]},"properties":{"name":"Michałowice Kwiaty Polne","lines":"280, 307, 917","arr":["280","307","917"],"terminus":0,"mode":"bus","color":"#0059a9","colorDark":"#00294f","angle":32.8,"snapDist":3,"label":0}},{"type":"Feature","geometry":{"type":"Point","coordinates":[19.957595,50.149884]},"properties":{"name":"Michałowice Brzozowa","lines":"280, 307, 917","arr":["280","307","917"],"terminus":0,"mode":"bus","color":"#0059a9","colorDark":"#00294f","angle":41.4,"snapDist":4,"label":0}},{"type":"Feature","geometry":{"type":"Point","coordinates":[19.948101,50.154963]},"properties":{"name":"Michałowice Jana Pawła II","lines":"280, 917","arr":["280","917"],"terminus":0,"mode":"bus","color":"#0059a9","colorDark":"#00294f","angle":42.9,"snapDist":4,"label":0}},{"type":"Feature","geometry":{"type":"Point","coordinates":[19.943098,50.158186]},"properties":{"name":"Michałowice Las Michałowski","lines":"280, 917","arr":["280","917"],"terminus":0,"mode":"bus","color":"#0059a9","colorDark":"#00294f","angle":38.3,"snapDist":5,"label":0}},{"type":"Feature","geometry":{"type":"Point","coordinates":[19.921835,50.15017]},"properties":{"name":"Garlica Duchowna Rozjazd","lines":"280","arr":["280"],"terminus":0,"mode":"bus","color":"#0059a9","colorDark":"#00294f","angle":89.6,"snapDist":4,"label":0}},{"type":"Feature","geometry":{"type":"Point","coordinates":[19.918895,50.156331]},"properties":{"name":"Garliczka Chochół","lines":"280","arr":["280"],"terminus":0,"mode":"bus","color":"#0059a9","colorDark":"#00294f","angle":68.2,"snapDist":3,"label":0}},{"type":"Feature","geometry":{"type":"Point","coordinates":[19.923432,50.162042]},"properties":{"name":"Owczary Górna","lines":"280","arr":["280"],"terminus":0,"mode":"bus","color":"#0059a9","colorDark":"#00294f","angle":94,"snapDist":3,"label":0}},{"type":"Feature","geometry":{"type":"Point","coordinates":[19.926132,50.169793]},"properties":{"name":"Owczary Gajowa","lines":"280","arr":["280"],"terminus":0,"mode":"bus","color":"#0059a9","colorDark":"#00294f","angle":133.4,"snapDist":4,"label":0}},{"type":"Feature","geometry":{"type":"Point","coordinates":[19.919346,50.172121]},"properties":{"name":"Owczary Spacerowa","lines":"280","arr":["280"],"terminus":0,"mode":"bus","color":"#0059a9","colorDark":"#00294f","angle":17.3,"snapDist":3,"label":0}},{"type":"Feature","geometry":{"type":"Point","coordinates":[20.05702,49.985067]},"properties":{"name":"Wieliczka Centrum","lines":"284","arr":["284"],"terminus":1,"mode":"bus","color":"#0059a9","colorDark":"#00294f","angle":280.2,"snapDist":2,"label":1}},{"type":"Feature","geometry":{"type":"Point","coordinates":[20.063587,49.989994]},"properties":{"name":"Wieliczka Czarnochowska","lines":"284","arr":["284"],"terminus":0,"mode":"bus","color":"#0059a9","colorDark":"#00294f","angle":116.4,"snapDist":3,"label":1}},{"type":"Feature","geometry":{"type":"Point","coordinates":[20.066219,49.994008]},"properties":{"name":"Wieliczka Orzechowa","lines":"284","arr":["284"],"terminus":0,"mode":"bus","color":"#0059a9","colorDark":"#00294f","angle":107.3,"snapDist":3,"label":1}},{"type":"Feature","geometry":{"type":"Point","coordinates":[20.059894,49.9963]},"properties":{"name":"Wieliczka Dębowa","lines":"284","arr":["284"],"terminus":0,"mode":"bus","color":"#0059a9","colorDark":"#00294f","angle":66.1,"snapDist":3,"label":1}},{"type":"Feature","geometry":{"type":"Point","coordinates":[20.055312,50.00298]},"properties":{"name":"Wieliczka Zbożowa","lines":"284","arr":["284"],"terminus":0,"mode":"bus","color":"#0059a9","colorDark":"#00294f","angle":89.7,"snapDist":2,"label":1}},{"type":"Feature","geometry":{"type":"Point","coordinates":[20.034953,50.017877]},"properties":{"name":"Bieżanów Pomnik","lines":"284","arr":["284"],"terminus":0,"mode":"bus","color":"#0059a9","colorDark":"#00294f","angle":255.4,"snapDist":3,"label":0}},{"type":"Feature","geometry":{"type":"Point","coordinates":[20.042036,50.014706]},"properties":{"name":"Jędrzejczyka","lines":"284","arr":["284"],"terminus":0,"mode":"bus","color":"#0059a9","colorDark":"#00294f","angle":255.8,"snapDist":3,"label":0}},{"type":"Feature","geometry":{"type":"Point","coordinates":[20.048651,50.013798]},"properties":{"name":"Pruszyńskiego","lines":"284","arr":["284"],"terminus":0,"mode":"bus","color":"#0059a9","colorDark":"#00294f","angle":216.6,"snapDist":3,"label":0}},{"type":"Feature","geometry":{"type":"Point","coordinates":[20.052875,50.008322]},"properties":{"name":"Bieżanów Potrzask","lines":"284","arr":["284"],"terminus":0,"mode":"bus","color":"#0059a9","colorDark":"#00294f","angle":266.5,"snapDist":3,"label":0}},{"type":"Feature","geometry":{"type":"Point","coordinates":[20.055325,50.002341]},"properties":{"name":"Wieliczka Zbożowa","lines":"284","arr":["284"],"terminus":0,"mode":"bus","color":"#0059a9","colorDark":"#00294f","angle":268.4,"snapDist":3,"label":0}},{"type":"Feature","geometry":{"type":"Point","coordinates":[20.059975,49.996182]},"properties":{"name":"Wieliczka Dębowa","lines":"284","arr":["284"],"terminus":0,"mode":"bus","color":"#0059a9","colorDark":"#00294f","angle":247.1,"snapDist":3,"label":0}},{"type":"Feature","geometry":{"type":"Point","coordinates":[20.065911,49.993398]},"properties":{"name":"Wieliczka Orzechowa","lines":"284","arr":["284"],"terminus":0,"mode":"bus","color":"#0059a9","colorDark":"#00294f","angle":289.7,"snapDist":4,"label":0}},{"type":"Feature","geometry":{"type":"Point","coordinates":[20.063129,49.989381]},"properties":{"name":"Wieliczka Czarnochowska","lines":"284","arr":["284"],"terminus":0,"mode":"bus","color":"#0059a9","colorDark":"#00294f","angle":294.8,"snapDist":2,"label":0}},{"type":"Feature","geometry":{"type":"Point","coordinates":[19.973934,49.954175]},"properties":{"name":"Ochojno Remiza","lines":"285","arr":["285"],"terminus":1,"mode":"bus","color":"#0059a9","colorDark":"#00294f","angle":264,"snapDist":16,"label":1}},{"type":"Feature","geometry":{"type":"Point","coordinates":[19.934436,49.935132]},"properties":{"name":"Świątniki Górne Buk","lines":"285","arr":["285"],"terminus":0,"mode":"bus","color":"#0059a9","colorDark":"#00294f","angle":318.6,"snapDist":7,"label":1}},{"type":"Feature","geometry":{"type":"Point","coordinates":[19.928322,49.935443]},"properties":{"name":"Konary Sęk","lines":"285","arr":["285"],"terminus":0,"mode":"bus","color":"#0059a9","colorDark":"#00294f","angle":356.9,"snapDist":3,"label":1}},{"type":"Feature","geometry":{"type":"Point","coordinates":[19.926657,49.935385]},"properties":{"name":"Konary Sęk","lines":"285","arr":["285"],"terminus":0,"mode":"bus","color":"#0059a9","colorDark":"#00294f","angle":176.8,"snapDist":4,"label":0}},{"type":"Feature","geometry":{"type":"Point","coordinates":[19.93433,49.935072]},"properties":{"name":"Świątniki Górne Buk","lines":"285","arr":["285"],"terminus":0,"mode":"bus","color":"#0059a9","colorDark":"#00294f","angle":138.3,"snapDist":3,"label":0}},{"type":"Feature","geometry":{"type":"Point","coordinates":[19.821098,50.122846]},"properties":{"name":"Brzezie Narodowe","lines":"288","arr":["288"],"terminus":0,"mode":"bus","color":"#0059a9","colorDark":"#00294f","angle":106.9,"snapDist":2,"label":0}},{"type":"Feature","geometry":{"type":"Point","coordinates":[19.8218,50.12924]},"properties":{"name":"Brzezie Kluczwody","lines":"288","arr":["288"],"terminus":0,"mode":"bus","color":"#0059a9","colorDark":"#00294f","angle":270.3,"snapDist":3,"label":1}},{"type":"Feature","geometry":{"type":"Point","coordinates":[19.821611,50.132423]},"properties":{"name":"Brzezie Kościół","lines":"288","arr":["288"],"terminus":0,"mode":"bus","color":"#0059a9","colorDark":"#00294f","angle":81.1,"snapDist":5,"label":1}},{"type":"Feature","geometry":{"type":"Point","coordinates":[19.821648,50.132235]},"properties":{"name":"Brzezie Kościół","lines":"288","arr":["288"],"terminus":0,"mode":"bus","color":"#0059a9","colorDark":"#00294f","angle":262.4,"snapDist":4,"label":0}},{"type":"Feature","geometry":{"type":"Point","coordinates":[19.821868,50.128196]},"properties":{"name":"Brzezie Kluczwody","lines":"288","arr":["288"],"terminus":0,"mode":"bus","color":"#0059a9","colorDark":"#00294f","angle":-96.1,"snapDist":6,"label":0}},{"type":"Feature","geometry":{"type":"Point","coordinates":[19.821801,50.1293]},"properties":{"name":"Brzezie Kluczwody","lines":"288","arr":["288"],"terminus":0,"mode":"bus","color":"#0059a9","colorDark":"#00294f","angle":270.3,"snapDist":0,"label":0}},{"type":"Feature","geometry":{"type":"Point","coordinates":[19.821603,50.132456]},"properties":{"name":"Brzezie Kościół","lines":"288","arr":["288"],"terminus":0,"mode":"bus","color":"#0059a9","colorDark":"#00294f","angle":81.1,"snapDist":3,"label":0}},{"type":"Feature","geometry":{"type":"Point","coordinates":[19.820348,50.135744]},"properties":{"name":"Ujazd Pętla","lines":"288","arr":["288"],"terminus":0,"mode":"bus","color":"#0059a9","colorDark":"#00294f","angle":71.5,"snapDist":7,"label":0}},{"type":"Feature","geometry":{"type":"Point","coordinates":[19.821655,50.132202]},"properties":{"name":"Brzezie Kościół","lines":"288","arr":["288"],"terminus":0,"mode":"bus","color":"#0059a9","colorDark":"#00294f","angle":82.4,"snapDist":2,"label":0}},{"type":"Feature","geometry":{"type":"Point","coordinates":[19.821872,50.128174]},"properties":{"name":"Brzezie Kluczwody","lines":"288","arr":["288"],"terminus":0,"mode":"bus","color":"#0059a9","colorDark":"#00294f","angle":83.5,"snapDist":4,"label":0}},{"type":"Feature","geometry":{"type":"Point","coordinates":[19.821701,50.124326]},"properties":{"name":"Brzezie Narodowe","lines":"288","arr":["288"],"terminus":0,"mode":"bus","color":"#0059a9","colorDark":"#00294f","angle":99.6,"snapDist":3,"label":1}},{"type":"Feature","geometry":{"type":"Point","coordinates":[19.902404,50.115966]},"properties":{"name":"Na Zielonki","lines":"290","arr":["290"],"terminus":0,"mode":"bus","color":"#0059a9","colorDark":"#00294f","angle":186.2,"snapDist":3,"label":0}},{"type":"Feature","geometry":{"type":"Point","coordinates":[19.914031,50.112456]},"properties":{"name":"Zielonki Długopolska","lines":"290","arr":["290"],"terminus":0,"mode":"bus","color":"#0059a9","colorDark":"#00294f","angle":254.9,"snapDist":7,"label":1}},{"type":"Feature","geometry":{"type":"Point","coordinates":[19.915917,50.108612]},"properties":{"name":"Zielonki Na Popielówkę","lines":"290","arr":["290"],"terminus":0,"mode":"bus","color":"#0059a9","colorDark":"#00294f","angle":253.5,"snapDist":3,"label":1}},{"type":"Feature","geometry":{"type":"Point","coordinates":[19.918532,50.104384]},"properties":{"name":"Zielonki Słoneczna","lines":"290","arr":["290"],"terminus":0,"mode":"bus","color":"#0059a9","colorDark":"#00294f","angle":235.2,"snapDist":3,"label":1}},{"type":"Feature","geometry":{"type":"Point","coordinates":[19.914525,50.100554]},"properties":{"name":"Pękowicka","lines":"290","arr":["290"],"terminus":0,"mode":"bus","color":"#0059a9","colorDark":"#00294f","angle":7.1,"snapDist":3,"label":1}},{"type":"Feature","geometry":{"type":"Point","coordinates":[19.910506,50.101151]},"properties":{"name":"Starego Wiarusa","lines":"290","arr":["290"],"terminus":0,"mode":"bus","color":"#0059a9","colorDark":"#00294f","angle":198.9,"snapDist":4,"label":0}},{"type":"Feature","geometry":{"type":"Point","coordinates":[19.91498,50.100763]},"properties":{"name":"Pękowicka","lines":"290","arr":["290"],"terminus":0,"mode":"bus","color":"#0059a9","colorDark":"#00294f","angle":91.6,"snapDist":4,"label":0}},{"type":"Feature","geometry":{"type":"Point","coordinates":[19.918715,50.104214]},"properties":{"name":"Zielonki Słoneczna","lines":"290","arr":["290"],"terminus":0,"mode":"bus","color":"#0059a9","colorDark":"#00294f","angle":55.3,"snapDist":3,"label":0}},{"type":"Feature","geometry":{"type":"Point","coordinates":[19.916421,50.107548]},"properties":{"name":"Zielonki Na Popielówkę","lines":"290","arr":["290"],"terminus":0,"mode":"bus","color":"#0059a9","colorDark":"#00294f","angle":73,"snapDist":3,"label":0}},{"type":"Feature","geometry":{"type":"Point","coordinates":[19.914335,50.111722]},"properties":{"name":"Zielonki Długopolska","lines":"290","arr":["290"],"terminus":0,"mode":"bus","color":"#0059a9","colorDark":"#00294f","angle":75.2,"snapDist":3,"label":0}},{"type":"Feature","geometry":{"type":"Point","coordinates":[19.902536,50.115957]},"properties":{"name":"Na Zielonki","lines":"290","arr":["290"],"terminus":0,"mode":"bus","color":"#0059a9","colorDark":"#00294f","angle":6.2,"snapDist":3,"label":0}},{"type":"Feature","geometry":{"type":"Point","coordinates":[19.97854,50.122096]},"properties":{"name":"Węgrzce Kuźnia","lines":"297","arr":["297"],"terminus":0,"mode":"bus","color":"#0059a9","colorDark":"#00294f","angle":181.3,"snapDist":0,"label":1}},{"type":"Feature","geometry":{"type":"Point","coordinates":[19.988994,50.125419]},"properties":{"name":"Bosutów C3","lines":"297","arr":["297"],"terminus":0,"mode":"bus","color":"#0059a9","colorDark":"#00294f","angle":39.1,"snapDist":3,"label":1}},{"type":"Feature","geometry":{"type":"Point","coordinates":[19.983169,50.128597]},"properties":{"name":"Boleń Pętla","lines":"297","arr":["297"],"terminus":0,"mode":"bus","color":"#0059a9","colorDark":"#00294f","angle":51.5,"snapDist":3,"label":1}},{"type":"Feature","geometry":{"type":"Point","coordinates":[19.988902,50.125075]},"properties":{"name":"Bosutów C3","lines":"297","arr":["297"],"terminus":0,"mode":"bus","color":"#0059a9","colorDark":"#00294f","angle":153.9,"snapDist":2,"label":0}},{"type":"Feature","geometry":{"type":"Point","coordinates":[19.977944,50.122138]},"properties":{"name":"Węgrzce Kuźnia","lines":"297","arr":["297"],"terminus":0,"mode":"bus","color":"#0059a9","colorDark":"#00294f","angle":189.9,"snapDist":2,"label":0}},{"type":"Feature","geometry":{"type":"Point","coordinates":[19.967828,50.116862]},"properties":{"name":"Węgrzce Centrum Medyczne","lines":"297","arr":["297"],"terminus":0,"mode":"bus","color":"#0059a9","colorDark":"#00294f","angle":222,"snapDist":1,"label":1}},{"type":"Feature","geometry":{"type":"Point","coordinates":[19.974099,50.114291]},"properties":{"name":"Węgrzce Magiczne Wzgórze","lines":"297","arr":["297"],"terminus":0,"mode":"bus","color":"#0059a9","colorDark":"#00294f","angle":221.4,"snapDist":3,"label":1}},{"type":"Feature","geometry":{"type":"Point","coordinates":[19.980068,50.109705]},"properties":{"name":"Węgrzce B4","lines":"297","arr":["297"],"terminus":0,"mode":"bus","color":"#0059a9","colorDark":"#00294f","angle":231,"snapDist":3,"label":1}},{"type":"Feature","geometry":{"type":"Point","coordinates":[20.0121,50.117109]},"properties":{"name":"Dziekanowice Kapliczka","lines":"297","arr":["297"],"terminus":1,"mode":"bus","color":"#0059a9","colorDark":"#00294f","angle":292.2,"snapDist":3,"label":1}},{"type":"Feature","geometry":{"type":"Point","coordinates":[19.980889,50.109064]},"properties":{"name":"Węgrzce B4","lines":"297","arr":["297"],"terminus":0,"mode":"bus","color":"#0059a9","colorDark":"#00294f","angle":51.9,"snapDist":3,"label":0}},{"type":"Feature","geometry":{"type":"Point","coordinates":[19.975061,50.11369]},"properties":{"name":"Węgrzce Magiczne Wzgórze","lines":"297","arr":["297"],"terminus":0,"mode":"bus","color":"#0059a9","colorDark":"#00294f","angle":51.4,"snapDist":5,"label":0}},{"type":"Feature","geometry":{"type":"Point","coordinates":[19.968176,50.116609]},"properties":{"name":"Węgrzce Centrum Medyczne","lines":"297","arr":["297"],"terminus":0,"mode":"bus","color":"#0059a9","colorDark":"#00294f","angle":43,"snapDist":8,"label":0}},{"type":"Feature","geometry":{"type":"Point","coordinates":[19.716389,50.102533]},"properties":{"name":"Nielepice Stadnina","lines":"298","arr":["298"],"terminus":0,"mode":"bus","color":"#0059a9","colorDark":"#00294f","angle":194.3,"snapDist":3,"label":0}},{"type":"Feature","geometry":{"type":"Point","coordinates":[19.702908,50.089876]},"properties":{"name":"Brzoskwinia Pętla","lines":"298","arr":["298"],"terminus":0,"mode":"bus","color":"#0059a9","colorDark":"#00294f","angle":164,"snapDist":1,"label":0}},{"type":"Feature","geometry":{"type":"Point","coordinates":[19.71013,50.093246]},"properties":{"name":"Brzoskwinia Kamyk","lines":"298","arr":["298"],"terminus":0,"mode":"bus","color":"#0059a9","colorDark":"#00294f","angle":153.9,"snapDist":3,"label":0}},{"type":"Feature","geometry":{"type":"Point","coordinates":[19.718352,50.095493]},"properties":{"name":"Brzoskwinia Remiza","lines":"298","arr":["298"],"terminus":0,"mode":"bus","color":"#0059a9","colorDark":"#00294f","angle":139.1,"snapDist":6,"label":0}},{"type":"Feature","geometry":{"type":"Point","coordinates":[19.729636,50.093356]},"properties":{"name":"Brzoskwinia Góra","lines":"298","arr":["298"],"terminus":0,"mode":"bus","color":"#0059a9","colorDark":"#00294f","angle":235.8,"snapDist":3,"label":0}},{"type":"Feature","geometry":{"type":"Point","coordinates":[19.734921,50.09061]},"properties":{"name":"Brzoskwinia Koziary","lines":"298","arr":["298"],"terminus":0,"mode":"bus","color":"#0059a9","colorDark":"#00294f","angle":193,"snapDist":3,"label":0}},{"type":"Feature","geometry":{"type":"Point","coordinates":[19.80992,50.085685]},"properties":{"name":"Szczyglice Błonie","lines":"298","arr":["298"],"terminus":0,"mode":"bus","color":"#0059a9","colorDark":"#00294f","angle":155.2,"snapDist":7,"label":0}},{"type":"Feature","geometry":{"type":"Point","coordinates":[19.818703,50.088004]},"properties":{"name":"Szczyglice Most","lines":"298","arr":["298"],"terminus":0,"mode":"bus","color":"#0059a9","colorDark":"#00294f","angle":143.9,"snapDist":3,"label":1}},{"type":"Feature","geometry":{"type":"Point","coordinates":[19.818325,50.087836]},"properties":{"name":"Szczyglice Most","lines":"298","arr":["298"],"terminus":0,"mode":"bus","color":"#0059a9","colorDark":"#00294f","angle":326.2,"snapDist":3,"label":0}},{"type":"Feature","geometry":{"type":"Point","coordinates":[19.864709,50.068489]},"properties":{"name":"Panieńskich Skał","lines":"300, 902","arr":["300","902"],"terminus":0,"mode":"bus","color":"#0059a9","colorDark":"#00294f","angle":12.7,"snapDist":3,"label":1}},{"type":"Feature","geometry":{"type":"Point","coordinates":[19.805144,50.062038]},"properties":{"name":"Olszanica Bory","lines":"300, 902","arr":["300","902"],"terminus":0,"mode":"bus","color":"#0059a9","colorDark":"#00294f","angle":20.5,"snapDist":7,"label":0}},{"type":"Feature","geometry":{"type":"Point","coordinates":[19.863596,50.068641]},"properties":{"name":"Panieńskich Skał","lines":"300, 902","arr":["300","902"],"terminus":0,"mode":"bus","color":"#0059a9","colorDark":"#00294f","angle":194,"snapDist":5,"label":0}},{"type":"Feature","geometry":{"type":"Point","coordinates":[20.070174,49.986843]},"properties":{"name":"Wieliczka Rondo Armii Krajowej","lines":"301, 904","arr":["301","904"],"terminus":0,"mode":"bus","color":"#0059a9","colorDark":"#00294f","angle":191.7,"snapDist":5,"label":1}},{"type":"Feature","geometry":{"type":"Point","coordinates":[20.086473,49.992532]},"properties":{"name":"Zabawa Granica","lines":"301","arr":["301"],"terminus":0,"mode":"bus","color":"#0059a9","colorDark":"#00294f","angle":143,"snapDist":4,"label":1}},{"type":"Feature","geometry":{"type":"Point","coordinates":[20.090929,49.994686]},"properties":{"name":"Zabawa Centrum","lines":"301","arr":["301"],"terminus":0,"mode":"bus","color":"#0059a9","colorDark":"#00294f","angle":143.2,"snapDist":4,"label":1}},{"type":"Feature","geometry":{"type":"Point","coordinates":[20.102014,49.998754]},"properties":{"name":"Mała Wieś Skrzyżowanie","lines":"301","arr":["301"],"terminus":0,"mode":"bus","color":"#0059a9","colorDark":"#00294f","angle":182.2,"snapDist":7,"label":1}},{"type":"Feature","geometry":{"type":"Point","coordinates":[20.111533,49.999412]},"properties":{"name":"Sułków Zbój","lines":"301","arr":["301"],"terminus":0,"mode":"bus","color":"#0059a9","colorDark":"#00294f","angle":167.9,"snapDist":6,"label":1}},{"type":"Feature","geometry":{"type":"Point","coordinates":[20.126394,50.00303]},"properties":{"name":"Ochmanów Oknoplast","lines":"301","arr":["301"],"terminus":0,"mode":"bus","color":"#0059a9","colorDark":"#00294f","angle":149.8,"snapDist":6,"label":1}},{"type":"Feature","geometry":{"type":"Point","coordinates":[20.145929,50.009732]},"properties":{"name":"Zakrzów Ogrodzieniec","lines":"301","arr":["301"],"terminus":0,"mode":"bus","color":"#0059a9","colorDark":"#00294f","angle":153.1,"snapDist":7,"label":1}},{"type":"Feature","geometry":{"type":"Point","coordinates":[20.1521,50.010903]},"properties":{"name":"Podłęże Balachówka","lines":"301","arr":["301"],"terminus":0,"mode":"bus","color":"#0059a9","colorDark":"#00294f","angle":150.1,"snapDist":3,"label":1}},{"type":"Feature","geometry":{"type":"Point","coordinates":[20.164369,50.013467]},"properties":{"name":"Podłęże Remiza","lines":"301","arr":["301"],"terminus":0,"mode":"bus","color":"#0059a9","colorDark":"#00294f","angle":179.1,"snapDist":6,"label":1}},{"type":"Feature","geometry":{"type":"Point","coordinates":[20.171408,50.014339]},"properties":{"name":"Podłęże Centrum","lines":"301","arr":["301"],"terminus":0,"mode":"bus","color":"#0059a9","colorDark":"#00294f","angle":159.7,"snapDist":5,"label":1}},{"type":"Feature","geometry":{"type":"Point","coordinates":[20.180648,50.016477]},"properties":{"name":"Staniątki Wiadukt","lines":"301","arr":["301"],"terminus":0,"mode":"bus","color":"#0059a9","colorDark":"#00294f","angle":168.5,"snapDist":4,"label":1}},{"type":"Feature","geometry":{"type":"Point","coordinates":[20.192221,50.01942]},"properties":{"name":"Niepołomice Wielicka","lines":"301","arr":["301"],"terminus":0,"mode":"bus","color":"#0059a9","colorDark":"#00294f","angle":148.7,"snapDist":3,"label":1}},{"type":"Feature","geometry":{"type":"Point","coordinates":[20.198653,50.0234]},"properties":{"name":"Niepołomice Boryczów","lines":"301","arr":["301"],"terminus":0,"mode":"bus","color":"#0059a9","colorDark":"#00294f","angle":121.7,"snapDist":6,"label":1}},{"type":"Feature","geometry":{"type":"Point","coordinates":[20.198201,50.022932]},"properties":{"name":"Niepołomice Boryczów","lines":"301","arr":["301"],"terminus":0,"mode":"bus","color":"#0059a9","colorDark":"#00294f","angle":301.7,"snapDist":6,"label":0}},{"type":"Feature","geometry":{"type":"Point","coordinates":[20.191354,50.019084]},"properties":{"name":"Niepołomice Wielicka","lines":"301","arr":["301"],"terminus":0,"mode":"bus","color":"#0059a9","colorDark":"#00294f","angle":328.8,"snapDist":3,"label":0}},{"type":"Feature","geometry":{"type":"Point","coordinates":[20.177391,50.015711]},"properties":{"name":"Staniątki Wiadukt","lines":"301","arr":["301"],"terminus":0,"mode":"bus","color":"#0059a9","colorDark":"#00294f","angle":340.9,"snapDist":5,"label":1}},{"type":"Feature","geometry":{"type":"Point","coordinates":[20.170631,50.014163]},"properties":{"name":"Podłęże Centrum","lines":"301","arr":["301"],"terminus":0,"mode":"bus","color":"#0059a9","colorDark":"#00294f","angle":340.1,"snapDist":4,"label":0}},{"type":"Feature","geometry":{"type":"Point","coordinates":[20.161751,50.013447]},"properties":{"name":"Podłęże Przedszkole","lines":"301","arr":["301"],"terminus":0,"mode":"bus","color":"#0059a9","colorDark":"#00294f","angle":359.4,"snapDist":5,"label":1}},{"type":"Feature","geometry":{"type":"Point","coordinates":[20.151474,50.010673]},"properties":{"name":"Podłęże Balachówka","lines":"301","arr":["301"],"terminus":0,"mode":"bus","color":"#0059a9","colorDark":"#00294f","angle":330.2,"snapDist":4,"label":0}},{"type":"Feature","geometry":{"type":"Point","coordinates":[20.143178,50.008851]},"properties":{"name":"Zakrzów Ogrodzieniec","lines":"301","arr":["301"],"terminus":0,"mode":"bus","color":"#0059a9","colorDark":"#00294f","angle":333.5,"snapDist":6,"label":0}},{"type":"Feature","geometry":{"type":"Point","coordinates":[20.125237,50.002668]},"properties":{"name":"Ochmanów Oknoplast","lines":"301","arr":["301"],"terminus":0,"mode":"bus","color":"#0059a9","colorDark":"#00294f","angle":335.2,"snapDist":6,"label":0}},{"type":"Feature","geometry":{"type":"Point","coordinates":[20.110141,49.999225]},"properties":{"name":"Sułków Zbój","lines":"301","arr":["301"],"terminus":0,"mode":"bus","color":"#0059a9","colorDark":"#00294f","angle":348.3,"snapDist":7,"label":0}},{"type":"Feature","geometry":{"type":"Point","coordinates":[20.101997,49.998754]},"properties":{"name":"Mała Wieś Skrzyżowanie","lines":"301","arr":["301"],"terminus":0,"mode":"bus","color":"#0059a9","colorDark":"#00294f","angle":2.2,"snapDist":6,"label":0}},{"type":"Feature","geometry":{"type":"Point","coordinates":[20.089812,49.994147]},"properties":{"name":"Zabawa Centrum","lines":"301","arr":["301"],"terminus":0,"mode":"bus","color":"#0059a9","colorDark":"#00294f","angle":323.1,"snapDist":7,"label":0}},{"type":"Feature","geometry":{"type":"Point","coordinates":[20.085741,49.992178]},"properties":{"name":"Wieliczka Niepołomska Granica","lines":"301","arr":["301"],"terminus":0,"mode":"bus","color":"#0059a9","colorDark":"#00294f","angle":323,"snapDist":7,"label":1}},{"type":"Feature","geometry":{"type":"Point","coordinates":[20.069996,49.986867]},"properties":{"name":"Wieliczka Rondo Armii Krajowej","lines":"301","arr":["301"],"terminus":0,"mode":"bus","color":"#0059a9","colorDark":"#00294f","angle":11.7,"snapDist":5,"label":0}},{"type":"Feature","geometry":{"type":"Point","coordinates":[19.978456,50.158875]},"properties":{"name":"Michałowice P+R","lines":"307","arr":["307"],"terminus":1,"mode":"bus","color":"#0059a9","colorDark":"#00294f","angle":260.2,"snapDist":10,"label":1}},{"type":"Feature","geometry":{"type":"Point","coordinates":[19.966002,50.158297]},"properties":{"name":"Michałowice Ujęcie Wody","lines":"307","arr":["307"],"terminus":0,"mode":"bus","color":"#0059a9","colorDark":"#00294f","angle":357,"snapDist":3,"label":1}},{"type":"Feature","geometry":{"type":"Point","coordinates":[19.949095,50.154895]},"properties":{"name":"Michałowice Jana Pawła II","lines":"307","arr":["307"],"terminus":0,"mode":"bus","color":"#0059a9","colorDark":"#00294f","angle":159.7,"snapDist":3,"label":0}},{"type":"Feature","geometry":{"type":"Point","coordinates":[19.966978,50.158326]},"properties":{"name":"Michałowice Ujęcie Wody","lines":"307","arr":["307"],"terminus":0,"mode":"bus","color":"#0059a9","colorDark":"#00294f","angle":177.7,"snapDist":4,"label":0}},{"type":"Feature","geometry":{"type":"Point","coordinates":[19.921755,50.05338]},"properties":{"name":"Komorowskiego","lines":"310, 609","arr":["310","609"],"terminus":0,"mode":"bus","color":"#0059a9","colorDark":"#00294f","angle":155.8,"snapDist":6,"label":1}},{"type":"Feature","geometry":{"type":"Point","coordinates":[19.870264,50.129143]},"properties":{"name":"Modlnica Kolonia","lines":"310, 910","arr":["310","910"],"terminus":0,"mode":"bus","color":"#0059a9","colorDark":"#00294f","angle":84.3,"snapDist":8,"label":1}},{"type":"Feature","geometry":{"type":"Point","coordinates":[19.86471,50.138257]},"properties":{"name":"Modlnica Komora","lines":"310, 910","arr":["310","910"],"terminus":0,"mode":"bus","color":"#0059a9","colorDark":"#00294f","angle":69.4,"snapDist":14,"label":1}},{"type":"Feature","geometry":{"type":"Point","coordinates":[19.861541,50.144115]},"properties":{"name":"Szyce Spacerowa","lines":"310, 910","arr":["310","910"],"terminus":0,"mode":"bus","color":"#0059a9","colorDark":"#00294f","angle":48.6,"snapDist":7,"label":1}},{"type":"Feature","geometry":{"type":"Point","coordinates":[19.853282,50.151206]},"properties":{"name":"Szyce Wesoła","lines":"310, 910, LR0","arr":["310","910","LR0"],"terminus":0,"mode":"bus","color":"#0059a9","colorDark":"#00294f","angle":55.9,"snapDist":7,"label":1}},{"type":"Feature","geometry":{"type":"Point","coordinates":[19.84215,50.157357]},"properties":{"name":"Wielka Wieś Szkoła","lines":"310, 910","arr":["310","910"],"terminus":0,"mode":"bus","color":"#0059a9","colorDark":"#00294f","angle":42.2,"snapDist":6,"label":1}},{"type":"Feature","geometry":{"type":"Point","coordinates":[19.82586,50.16928]},"properties":{"name":"Biały Kościół Dolina Kluczwody","lines":"310, 910, LR0","arr":["310","910","LR0"],"terminus":0,"mode":"bus","color":"#0059a9","colorDark":"#00294f","angle":59.7,"snapDist":7,"label":1}},{"type":"Feature","geometry":{"type":"Point","coordinates":[19.81256,50.179552]},"properties":{"name":"Biały Kościół Murownia","lines":"310, 910, LR0","arr":["310","910","LR0"],"terminus":0,"mode":"bus","color":"#0059a9","colorDark":"#00294f","angle":57,"snapDist":8,"label":1}},{"type":"Feature","geometry":{"type":"Point","coordinates":[19.798348,50.189567]},"properties":{"name":"Czajowice Władysława Łokietka","lines":"310, 910, LR0","arr":["310","910","LR0"],"terminus":0,"mode":"bus","color":"#0059a9","colorDark":"#00294f","angle":32.1,"snapDist":8,"label":1}},{"type":"Feature","geometry":{"type":"Point","coordinates":[19.792119,50.184332]},"properties":{"name":"Bębło Stara Wieś","lines":"310, 910","arr":["310","910"],"terminus":0,"mode":"bus","color":"#0059a9","colorDark":"#00294f","angle":300.2,"snapDist":4,"label":1}},{"type":"Feature","geometry":{"type":"Point","coordinates":[19.785845,50.17994]},"properties":{"name":"Bębło Łabajowa","lines":"310, 910","arr":["310","910"],"terminus":0,"mode":"bus","color":"#0059a9","colorDark":"#00294f","angle":311.9,"snapDist":3,"label":1}},{"type":"Feature","geometry":{"type":"Point","coordinates":[19.777477,50.183201]},"properties":{"name":"Bębło Lasek","lines":"310, 910","arr":["310","910"],"terminus":0,"mode":"bus","color":"#0059a9","colorDark":"#00294f","angle":347.1,"snapDist":2,"label":1}},{"type":"Feature","geometry":{"type":"Point","coordinates":[19.767118,50.18069]},"properties":{"name":"Będkowice Mosurowa","lines":"310, 910","arr":["310","910"],"terminus":0,"mode":"bus","color":"#0059a9","colorDark":"#00294f","angle":329.5,"snapDist":4,"label":1}},{"type":"Feature","geometry":{"type":"Point","coordinates":[19.763146,50.178969]},"properties":{"name":"Będkowice Kawiory","lines":"310, 910","arr":["310","910"],"terminus":0,"mode":"bus","color":"#0059a9","colorDark":"#00294f","angle":322.8,"snapDist":4,"label":1}},{"type":"Feature","geometry":{"type":"Point","coordinates":[19.75445,50.175852]},"properties":{"name":"Będkowice Borynia","lines":"310, 910","arr":["310","910"],"terminus":0,"mode":"bus","color":"#0059a9","colorDark":"#00294f","angle":298.9,"snapDist":4,"label":1}},{"type":"Feature","geometry":{"type":"Point","coordinates":[19.749572,50.171233]},"properties":{"name":"Będkowice Cmentarz","lines":"310, 910","arr":["310","910"],"terminus":0,"mode":"bus","color":"#0059a9","colorDark":"#00294f","angle":265.7,"snapDist":4,"label":1}},{"type":"Feature","geometry":{"type":"Point","coordinates":[19.751935,50.167292]},"properties":{"name":"Będkowice Rynek","lines":"310, 910","arr":["310","910"],"terminus":0,"mode":"bus","color":"#0059a9","colorDark":"#00294f","angle":285,"snapDist":3,"label":1}},{"type":"Feature","geometry":{"type":"Point","coordinates":[19.75038,50.163732]},"properties":{"name":"Będkowice Długa","lines":"310, 910","arr":["310","910"],"terminus":0,"mode":"bus","color":"#0059a9","colorDark":"#00294f","angle":279.6,"snapDist":5,"label":1}},{"type":"Feature","geometry":{"type":"Point","coordinates":[19.747301,50.158629]},"properties":{"name":"Będkowice Pętla","lines":"310, 910","arr":["310","910"],"terminus":1,"mode":"bus","color":"#0059a9","colorDark":"#00294f","angle":181,"snapDist":3,"label":1}},{"type":"Feature","geometry":{"type":"Point","coordinates":[19.750475,50.164222]},"properties":{"name":"Będkowice Długa","lines":"310, 910","arr":["310","910"],"terminus":0,"mode":"bus","color":"#0059a9","colorDark":"#00294f","angle":93.5,"snapDist":3,"label":0}},{"type":"Feature","geometry":{"type":"Point","coordinates":[19.75216,50.167925]},"properties":{"name":"Będkowice Rynek","lines":"310, 910","arr":["310","910"],"terminus":0,"mode":"bus","color":"#0059a9","colorDark":"#00294f","angle":95.8,"snapDist":6,"label":0}},{"type":"Feature","geometry":{"type":"Point","coordinates":[19.749532,50.17161]},"properties":{"name":"Będkowice Cmentarz","lines":"310, 910","arr":["310","910"],"terminus":0,"mode":"bus","color":"#0059a9","colorDark":"#00294f","angle":89.2,"snapDist":3,"label":0}},{"type":"Feature","geometry":{"type":"Point","coordinates":[19.754601,50.17603]},"properties":{"name":"Będkowice Borynia","lines":"310, 910","arr":["310","910"],"terminus":0,"mode":"bus","color":"#0059a9","colorDark":"#00294f","angle":117.2,"snapDist":2,"label":0}},{"type":"Feature","geometry":{"type":"Point","coordinates":[19.761076,50.178187]},"properties":{"name":"Będkowice Kawiory","lines":"310, 910","arr":["310","910"],"terminus":0,"mode":"bus","color":"#0059a9","colorDark":"#00294f","angle":150,"snapDist":3,"label":0}},{"type":"Feature","geometry":{"type":"Point","coordinates":[19.767193,50.180718]},"properties":{"name":"Będkowice Mosurowa","lines":"310, 910","arr":["310","910"],"terminus":0,"mode":"bus","color":"#0059a9","colorDark":"#00294f","angle":149.5,"snapDist":2,"label":0}},{"type":"Feature","geometry":{"type":"Point","coordinates":[19.777269,50.183169]},"properties":{"name":"Bębło Lasek","lines":"310, 910","arr":["310","910"],"terminus":0,"mode":"bus","color":"#0059a9","colorDark":"#00294f","angle":166.5,"snapDist":3,"label":0}},{"type":"Feature","geometry":{"type":"Point","coordinates":[19.785606,50.179769]},"properties":{"name":"Bębło Łabajowa","lines":"310, 910","arr":["310","910"],"terminus":0,"mode":"bus","color":"#0059a9","colorDark":"#00294f","angle":131.9,"snapDist":3,"label":0}},{"type":"Feature","geometry":{"type":"Point","coordinates":[19.792429,50.184647]},"properties":{"name":"Bębło Stara Wieś","lines":"310, 910","arr":["310","910"],"terminus":0,"mode":"bus","color":"#0059a9","colorDark":"#00294f","angle":123.2,"snapDist":3,"label":0}},{"type":"Feature","geometry":{"type":"Point","coordinates":[19.797411,50.189935]},"properties":{"name":"Czajowice Władysława Łokietka","lines":"310, 910, LR0","arr":["310","910","LR0"],"terminus":0,"mode":"bus","color":"#0059a9","colorDark":"#00294f","angle":211,"snapDist":7,"label":0}},{"type":"Feature","geometry":{"type":"Point","coordinates":[19.814703,50.1778]},"properties":{"name":"Biały Kościół Murownia","lines":"310, 910, LR0","arr":["310","910","LR0"],"terminus":0,"mode":"bus","color":"#0059a9","colorDark":"#00294f","angle":227.1,"snapDist":8,"label":1}},{"type":"Feature","geometry":{"type":"Point","coordinates":[19.826849,50.168169]},"properties":{"name":"Biały Kościół Dolina Kluczwody","lines":"310, 910, LR0","arr":["310","910","LR0"],"terminus":0,"mode":"bus","color":"#0059a9","colorDark":"#00294f","angle":240.6,"snapDist":6,"label":0}},{"type":"Feature","geometry":{"type":"Point","coordinates":[19.844249,50.156354]},"properties":{"name":"Wielka Wieś Szkoła","lines":"310, 910","arr":["310","910"],"terminus":0,"mode":"bus","color":"#0059a9","colorDark":"#00294f","angle":209.9,"snapDist":7,"label":0}},{"type":"Feature","geometry":{"type":"Point","coordinates":[19.854624,50.1499]},"properties":{"name":"Szyce Wesoła","lines":"310, 910, LR0","arr":["310","910","LR0"],"terminus":0,"mode":"bus","color":"#0059a9","colorDark":"#00294f","angle":236.3,"snapDist":8,"label":0}},{"type":"Feature","geometry":{"type":"Point","coordinates":[19.863266,50.141863]},"properties":{"name":"Szyce Spacerowa","lines":"310, 910","arr":["310","910"],"terminus":0,"mode":"bus","color":"#0059a9","colorDark":"#00294f","angle":258.4,"snapDist":7,"label":1}},{"type":"Feature","geometry":{"type":"Point","coordinates":[19.865244,50.136871]},"properties":{"name":"Modlnica Komora","lines":"310, 910","arr":["310","910"],"terminus":0,"mode":"bus","color":"#0059a9","colorDark":"#00294f","angle":261.1,"snapDist":8,"label":0}},{"type":"Feature","geometry":{"type":"Point","coordinates":[19.870397,50.127488]},"properties":{"name":"Modlnica Kolonia","lines":"310, 910","arr":["310","910"],"terminus":0,"mode":"bus","color":"#0059a9","colorDark":"#00294f","angle":264.6,"snapDist":9,"label":0}},{"type":"Feature","geometry":{"type":"Point","coordinates":[19.922406,50.053567]},"properties":{"name":"Komorowskiego","lines":"310, 609","arr":["310","609"],"terminus":0,"mode":"bus","color":"#0059a9","colorDark":"#00294f","angle":336.4,"snapDist":6,"label":0}},{"type":"Feature","geometry":{"type":"Point","coordinates":[19.948665,50.099223]},"properties":{"name":"Siewna","lines":"317","arr":["317"],"terminus":0,"mode":"bus","color":"#0059a9","colorDark":"#00294f","angle":224.2,"snapDist":4,"label":0}},{"type":"Feature","geometry":{"type":"Point","coordinates":[19.951147,50.098262]},"properties":{"name":"Natansona","lines":"317","arr":["317"],"terminus":0,"mode":"bus","color":"#0059a9","colorDark":"#00294f","angle":192.1,"snapDist":2,"label":1}},{"type":"Feature","geometry":{"type":"Point","coordinates":[19.957582,50.098288]},"properties":{"name":"Kuźnicy Kołłątajowskiej","lines":"317","arr":["317"],"terminus":0,"mode":"bus","color":"#0059a9","colorDark":"#00294f","angle":169.9,"snapDist":3,"label":1}},{"type":"Feature","geometry":{"type":"Point","coordinates":[19.949121,50.070416]},"properties":{"name":"Muzeum Armii Krajowej","lines":"317","arr":["317"],"terminus":0,"mode":"bus","color":"#0059a9","colorDark":"#00294f","angle":264.5,"snapDist":7,"label":1}},{"type":"Feature","geometry":{"type":"Point","coordinates":[19.948763,50.071606]},"properties":{"name":"Muzeum Armii Krajowej","lines":"317","arr":["317"],"terminus":0,"mode":"bus","color":"#0059a9","colorDark":"#00294f","angle":58.6,"snapDist":7,"label":0}},{"type":"Feature","geometry":{"type":"Point","coordinates":[19.96183,50.097932]},"properties":{"name":"ks. Meiera","lines":"317, 669","arr":["317","669"],"terminus":0,"mode":"bus","color":"#0059a9","colorDark":"#00294f","angle":12.4,"snapDist":3,"label":0}},{"type":"Feature","geometry":{"type":"Point","coordinates":[19.958806,50.098424]},"properties":{"name":"Kuźnicy Kołłątajowskiej","lines":"317","arr":["317"],"terminus":0,"mode":"bus","color":"#0059a9","colorDark":"#00294f","angle":351.4,"snapDist":3,"label":0}},{"type":"Feature","geometry":{"type":"Point","coordinates":[19.951716,50.09823]},"properties":{"name":"Natansona","lines":"317","arr":["317"],"terminus":0,"mode":"bus","color":"#0059a9","colorDark":"#00294f","angle":4.4,"snapDist":3,"label":0}},{"type":"Feature","geometry":{"type":"Point","coordinates":[19.907977,50.177382]},"properties":{"name":"Owczary Długa","lines":"337, 937","arr":["337","937"],"terminus":0,"mode":"bus","color":"#0059a9","colorDark":"#00294f","angle":350.4,"snapDist":3,"label":1}},{"type":"Feature","geometry":{"type":"Point","coordinates":[19.896487,50.175519]},"properties":{"name":"Brzozówka Oskarówka","lines":"337, 937","arr":["337","937"],"terminus":0,"mode":"bus","color":"#0059a9","colorDark":"#00294f","angle":271.8,"snapDist":4,"label":1}},{"type":"Feature","geometry":{"type":"Point","coordinates":[19.898294,50.172014]},"properties":{"name":"Brzozówka Ośrodek","lines":"337, 937","arr":["337","937"],"terminus":0,"mode":"bus","color":"#0059a9","colorDark":"#00294f","angle":266,"snapDist":7,"label":1}},{"type":"Feature","geometry":{"type":"Point","coordinates":[19.899071,50.163479]},"properties":{"name":"Przybysławice Na Stoczki","lines":"337, 937","arr":["337","937"],"terminus":0,"mode":"bus","color":"#0059a9","colorDark":"#00294f","angle":287.8,"snapDist":4,"label":1}},{"type":"Feature","geometry":{"type":"Point","coordinates":[19.89681,50.159613]},"properties":{"name":"Przybysławice Na Lipowiec","lines":"337, 937","arr":["337","937"],"terminus":0,"mode":"bus","color":"#0059a9","colorDark":"#00294f","angle":297.7,"snapDist":4,"label":1}},{"type":"Feature","geometry":{"type":"Point","coordinates":[19.895244,50.157195]},"properties":{"name":"Przybysławice Centrum","lines":"337, 937","arr":["337","937"],"terminus":0,"mode":"bus","color":"#0059a9","colorDark":"#00294f","angle":254.3,"snapDist":6,"label":1}},{"type":"Feature","geometry":{"type":"Point","coordinates":[19.895245,50.157621]},"properties":{"name":"Przybysławice Centrum","lines":"337, 937","arr":["337","937"],"terminus":0,"mode":"bus","color":"#0059a9","colorDark":"#00294f","angle":93.5,"snapDist":3,"label":0}},{"type":"Feature","geometry":{"type":"Point","coordinates":[19.897191,50.160055]},"properties":{"name":"Przybysławice Na Lipowiec","lines":"337, 937","arr":["337","937"],"terminus":0,"mode":"bus","color":"#0059a9","colorDark":"#00294f","angle":121,"snapDist":3,"label":0}},{"type":"Feature","geometry":{"type":"Point","coordinates":[19.899397,50.16406]},"properties":{"name":"Przybysławice Na Stoczki","lines":"337, 937","arr":["337","937"],"terminus":0,"mode":"bus","color":"#0059a9","colorDark":"#00294f","angle":107.1,"snapDist":4,"label":0}},{"type":"Feature","geometry":{"type":"Point","coordinates":[19.898232,50.172457]},"properties":{"name":"Brzozówka Ośrodek","lines":"337, 937","arr":["337","937"],"terminus":0,"mode":"bus","color":"#0059a9","colorDark":"#00294f","angle":84.6,"snapDist":3,"label":0}},{"type":"Feature","geometry":{"type":"Point","coordinates":[19.896485,50.175491]},"properties":{"name":"Brzozówka Oskarówka","lines":"337, 937","arr":["337","937"],"terminus":0,"mode":"bus","color":"#0059a9","colorDark":"#00294f","angle":91.7,"snapDist":4,"label":0}},{"type":"Feature","geometry":{"type":"Point","coordinates":[19.908755,50.17746]},"properties":{"name":"Owczary Długa","lines":"337, 937","arr":["337","937"],"terminus":0,"mode":"bus","color":"#0059a9","colorDark":"#00294f","angle":170.9,"snapDist":2,"label":0}},{"type":"Feature","geometry":{"type":"Point","coordinates":[19.897602,50.094844]},"properties":{"name":"Piaskowa","lines":"402","arr":["402"],"terminus":1,"mode":"bus","color":"#0059a9","colorDark":"#00294f","angle":-13,"snapDist":3,"label":0}},{"type":"Feature","geometry":{"type":"Point","coordinates":[19.931477,50.060366]},"properties":{"name":"UJ / AST","lines":"402","arr":["402"],"terminus":0,"mode":"bus","color":"#0059a9","colorDark":"#00294f","angle":167.1,"snapDist":4,"label":1}},{"type":"Feature","geometry":{"type":"Point","coordinates":[19.937402,50.059134]},"properties":{"name":"Plac Wszystkich Świętych","lines":"402, 609","arr":["402","609"],"terminus":0,"mode":"bus","color":"#0059a9","colorDark":"#00294f","angle":182.2,"snapDist":4,"label":1}},{"type":"Feature","geometry":{"type":"Point","coordinates":[19.938339,50.059114]},"properties":{"name":"Plac Wszystkich Świętych","lines":"402, 609","arr":["402","609"],"terminus":0,"mode":"bus","color":"#0059a9","colorDark":"#00294f","angle":1.8,"snapDist":3,"label":0}},{"type":"Feature","geometry":{"type":"Point","coordinates":[19.930633,50.060243]},"properties":{"name":"UJ / AST","lines":"402","arr":["402"],"terminus":0,"mode":"bus","color":"#0059a9","colorDark":"#00294f","angle":347.2,"snapDist":4,"label":0}},{"type":"Feature","geometry":{"type":"Point","coordinates":[19.885916,50.10939]},"properties":{"name":"Tonie","lines":"420","arr":["420"],"terminus":1,"mode":"bus","color":"#0059a9","colorDark":"#00294f","angle":171.7,"snapDist":2,"label":1}},{"type":"Feature","geometry":{"type":"Point","coordinates":[19.936133,50.074859]},"properties":{"name":"Nowy Kleparz","lines":"420","arr":["420"],"terminus":1,"mode":"bus","color":"#0059a9","colorDark":"#00294f","angle":272.1,"snapDist":2,"label":0}},{"type":"Feature","geometry":{"type":"Point","coordinates":[19.984161,50.077034]},"properties":{"name":"Ugorek","lines":"424","arr":["424"],"terminus":1,"mode":"bus","color":"#0059a9","colorDark":"#00294f","angle":63.1,"snapDist":6,"label":1}},{"type":"Feature","geometry":{"type":"Point","coordinates":[19.981465,50.079879]},"properties":{"name":"Spadochroniarzy","lines":"424","arr":["424"],"terminus":0,"mode":"bus","color":"#0059a9","colorDark":"#00294f","angle":46.4,"snapDist":3,"label":0}},{"type":"Feature","geometry":{"type":"Point","coordinates":[19.976948,50.081495]},"properties":{"name":"Akacjowa","lines":"424","arr":["424"],"terminus":0,"mode":"bus","color":"#0059a9","colorDark":"#00294f","angle":347.7,"snapDist":3,"label":0}},{"type":"Feature","geometry":{"type":"Point","coordinates":[19.983917,50.071716]},"properties":{"name":"TAURON Arena Kraków Wieczysta","lines":"424, 664","arr":["424","664"],"terminus":0,"mode":"bus","color":"#0059a9","colorDark":"#00294f","angle":124.2,"snapDist":7,"label":0}},{"type":"Feature","geometry":{"type":"Point","coordinates":[19.973327,50.044493]},"properties":{"name":"Kuklińskiego","lines":"427, 497, 605","arr":["427","497","605"],"terminus":0,"mode":"bus","color":"#0059a9","colorDark":"#00294f","angle":245.5,"snapDist":6,"label":0}},{"type":"Feature","geometry":{"type":"Point","coordinates":[19.977051,50.040551]},"properties":{"name":"Gromadzka","lines":"427, 497, 605","arr":["427","497","605"],"terminus":0,"mode":"bus","color":"#0059a9","colorDark":"#00294f","angle":187.7,"snapDist":6,"label":1}},{"type":"Feature","geometry":{"type":"Point","coordinates":[19.982452,50.040779]},"properties":{"name":"Lipska","lines":"427, 497, 605","arr":["427","497","605"],"terminus":0,"mode":"bus","color":"#0059a9","colorDark":"#00294f","angle":358.8,"snapDist":7,"label":0}},{"type":"Feature","geometry":{"type":"Point","coordinates":[19.976885,50.040764]},"properties":{"name":"Gromadzka","lines":"427, 497, 605","arr":["427","497","605"],"terminus":0,"mode":"bus","color":"#0059a9","colorDark":"#00294f","angle":9.8,"snapDist":6,"label":0}},{"type":"Feature","geometry":{"type":"Point","coordinates":[19.995776,50.095565]},"properties":{"name":"Mistrzejowice","lines":"482","arr":["482"],"terminus":0,"mode":"bus","color":"#0059a9","colorDark":"#00294f","angle":187.9,"snapDist":8,"label":0}},{"type":"Feature","geometry":{"type":"Point","coordinates":[19.999561,50.03317]},"properties":{"name":"Bagry Tężnia","lines":"497","arr":["497"],"terminus":1,"mode":"bus","color":"#0059a9","colorDark":"#00294f","angle":261.9,"snapDist":4,"label":1}},{"type":"Feature","geometry":{"type":"Point","coordinates":[19.938955,50.066708]},"properties":{"name":"Stary Kleparz","lines":"502, 608","arr":["502","608"],"terminus":0,"mode":"bus","color":"#0059a9","colorDark":"#00294f","angle":257.4,"snapDist":4,"label":0}},{"type":"Feature","geometry":{"type":"Point","coordinates":[19.980587,50.085853]},"properties":{"name":"Bora-Komorowskiego","lines":"502, 511, 608","arr":["502","511","608"],"terminus":0,"mode":"bus","color":"#0059a9","colorDark":"#00294f","angle":169.9,"snapDist":9,"label":1}},{"type":"Feature","geometry":{"type":"Point","coordinates":[20.033755,50.075526]},"properties":{"name":"Aleja Przyjaźni","lines":"502","arr":["502"],"terminus":1,"mode":"bus","color":"#0059a9","colorDark":"#00294f","angle":-168.3,"snapDist":9,"label":0}},{"type":"Feature","geometry":{"type":"Point","coordinates":[19.978479,50.08578]},"properties":{"name":"Bora-Komorowskiego","lines":"502, 511, 608","arr":["502","511","608"],"terminus":0,"mode":"bus","color":"#0059a9","colorDark":"#00294f","angle":350,"snapDist":8,"label":0}},{"type":"Feature","geometry":{"type":"Point","coordinates":[20.018478,50.00831]},"properties":{"name":"Aleksandry","lines":"503","arr":["503"],"terminus":0,"mode":"bus","color":"#0059a9","colorDark":"#00294f","angle":230.6,"snapDist":4,"label":1}},{"type":"Feature","geometry":{"type":"Point","coordinates":[20.017736,50.006701]},"properties":{"name":"Węzeł Wielicki","lines":"503","arr":["503"],"terminus":0,"mode":"bus","color":"#0059a9","colorDark":"#00294f","angle":35.5,"snapDist":7,"label":0}},{"type":"Feature","geometry":{"type":"Point","coordinates":[20.017426,50.006199]},"properties":{"name":"Węzeł Wielicki","lines":"503","arr":["503"],"terminus":0,"mode":"bus","color":"#0059a9","colorDark":"#00294f","angle":162.5,"snapDist":10,"label":0}},{"type":"Feature","geometry":{"type":"Point","coordinates":[20.018117,50.008598]},"properties":{"name":"Aleksandry","lines":"503","arr":["503"],"terminus":0,"mode":"bus","color":"#0059a9","colorDark":"#00294f","angle":50.9,"snapDist":4,"label":0}},{"type":"Feature","geometry":{"type":"Point","coordinates":[19.89321,50.09392]},"properties":{"name":"Stawowa","lines":"511, 611","arr":["511","611"],"terminus":0,"mode":"bus","color":"#0059a9","colorDark":"#00294f","angle":71.9,"snapDist":4,"label":0}},{"type":"Feature","geometry":{"type":"Point","coordinates":[19.897552,50.093504]},"properties":{"name":"Bronowice Wielkie Wschód","lines":"511, 611","arr":["511","611"],"terminus":1,"mode":"bus","color":"#0059a9","colorDark":"#00294f","angle":17.5,"snapDist":4,"label":0}},{"type":"Feature","geometry":{"type":"Point","coordinates":[19.923683,50.100575]},"properties":{"name":"Prądnik Biały Zachód","lines":"513","arr":["513"],"terminus":1,"mode":"bus","color":"#0059a9","colorDark":"#00294f","angle":63.9,"snapDist":10,"label":1}},{"type":"Feature","geometry":{"type":"Point","coordinates":[19.938676,50.088362]},"properties":{"name":"Szpital Jana Pawła II","lines":"513","arr":["513"],"terminus":0,"mode":"bus","color":"#0059a9","colorDark":"#00294f","angle":276.2,"snapDist":8,"label":0}},{"type":"Feature","geometry":{"type":"Point","coordinates":[19.93837,50.086562]},"properties":{"name":"Lekarska","lines":"513","arr":["513"],"terminus":0,"mode":"bus","color":"#0059a9","colorDark":"#00294f","angle":276.2,"snapDist":8,"label":1}},{"type":"Feature","geometry":{"type":"Point","coordinates":[19.934566,50.082703]},"properties":{"name":"Bratysławska","lines":"513","arr":["513"],"terminus":0,"mode":"bus","color":"#0059a9","colorDark":"#00294f","angle":63.4,"snapDist":7,"label":1}},{"type":"Feature","geometry":{"type":"Point","coordinates":[19.936758,50.083527]},"properties":{"name":"Pielęgniarek","lines":"513","arr":["513"],"terminus":0,"mode":"bus","color":"#0059a9","colorDark":"#00294f","angle":178.8,"snapDist":6,"label":1}},{"type":"Feature","geometry":{"type":"Point","coordinates":[19.93842,50.086856]},"properties":{"name":"Lekarska","lines":"513","arr":["513"],"terminus":0,"mode":"bus","color":"#0059a9","colorDark":"#00294f","angle":96.3,"snapDist":6,"label":0}},{"type":"Feature","geometry":{"type":"Point","coordinates":[19.913715,50.089342]},"properties":{"name":"Mehoffera","lines":"572","arr":["572"],"terminus":0,"mode":"bus","color":"#0059a9","colorDark":"#00294f","angle":176.2,"snapDist":6,"label":1}},{"type":"Feature","geometry":{"type":"Point","coordinates":[19.932549,50.091284]},"properties":{"name":"Sosabowskiego","lines":"572","arr":["572"],"terminus":0,"mode":"bus","color":"#0059a9","colorDark":"#00294f","angle":172.7,"snapDist":6,"label":0}},{"type":"Feature","geometry":{"type":"Point","coordinates":[20.034606,50.075412]},"properties":{"name":"Aleja Przyjaźni","lines":"572, 601","arr":["572","601"],"terminus":1,"mode":"bus","color":"#0059a9","colorDark":"#00294f","angle":192.9,"snapDist":8,"label":0}},{"type":"Feature","geometry":{"type":"Point","coordinates":[19.912646,50.089518]},"properties":{"name":"Mehoffera","lines":"572","arr":["572"],"terminus":0,"mode":"bus","color":"#0059a9","colorDark":"#00294f","angle":1.6,"snapDist":9,"label":0}},{"type":"Feature","geometry":{"type":"Point","coordinates":[20.034397,50.075441]},"properties":{"name":"Aleja Przyjaźni","lines":"601","arr":["601"],"terminus":0,"mode":"bus","color":"#0059a9","colorDark":"#00294f","angle":11.9,"snapDist":8,"label":0}},{"type":"Feature","geometry":{"type":"Point","coordinates":[20.066247,50.079207]},"properties":{"name":"Kombinat","lines":"601","arr":["601"],"terminus":0,"mode":"bus","color":"#0059a9","colorDark":"#00294f","angle":86.1,"snapDist":5,"label":0}},{"type":"Feature","geometry":{"type":"Point","coordinates":[19.973107,50.045614]},"properties":{"name":"Kuklińskiego","lines":"605, 669, 703","arr":["605","669","703"],"terminus":0,"mode":"bus","color":"#0059a9","colorDark":"#00294f","angle":45.9,"snapDist":7,"label":0}},{"type":"Feature","geometry":{"type":"Point","coordinates":[19.967619,50.049107]},"properties":{"name":"Klimeckiego","lines":"605","arr":["605"],"terminus":0,"mode":"bus","color":"#0059a9","colorDark":"#00294f","angle":31.8,"snapDist":7,"label":1}},{"type":"Feature","geometry":{"type":"Point","coordinates":[19.962107,50.051027]},"properties":{"name":"Most Kotlarski","lines":"605","arr":["605"],"terminus":0,"mode":"bus","color":"#0059a9","colorDark":"#00294f","angle":61.3,"snapDist":8,"label":1}},{"type":"Feature","geometry":{"type":"Point","coordinates":[19.959197,50.058436]},"properties":{"name":"Rondo Grzegórzeckie","lines":"605, 662","arr":["605","662"],"terminus":0,"mode":"bus","color":"#0059a9","colorDark":"#00294f","angle":99.9,"snapDist":4,"label":1}},{"type":"Feature","geometry":{"type":"Point","coordinates":[19.959315,50.064912]},"properties":{"name":"Rondo Mogilskie","lines":"605, 662","arr":["605","662"],"terminus":0,"mode":"bus","color":"#0059a9","colorDark":"#00294f","angle":69.6,"snapDist":6,"label":1}},{"type":"Feature","geometry":{"type":"Point","coordinates":[19.959297,50.064944]},"properties":{"name":"Rondo Mogilskie","lines":"605, 662","arr":["605","662"],"terminus":0,"mode":"bus","color":"#0059a9","colorDark":"#00294f","angle":249.6,"snapDist":4,"label":0}},{"type":"Feature","geometry":{"type":"Point","coordinates":[19.958971,50.056942]},"properties":{"name":"Rondo Grzegórzeckie","lines":"605","arr":["605"],"terminus":0,"mode":"bus","color":"#0059a9","colorDark":"#00294f","angle":266.7,"snapDist":4,"label":0}},{"type":"Feature","geometry":{"type":"Point","coordinates":[19.968491,50.048387]},"properties":{"name":"Klimeckiego","lines":"605","arr":["605"],"terminus":0,"mode":"bus","color":"#0059a9","colorDark":"#00294f","angle":224.3,"snapDist":7,"label":0}},{"type":"Feature","geometry":{"type":"Point","coordinates":[20.055522,50.096931]},"properties":{"name":"Architektów","lines":"608","arr":["608"],"terminus":0,"mode":"bus","color":"#0059a9","colorDark":"#00294f","angle":207.8,"snapDist":6,"label":0}},{"type":"Feature","geometry":{"type":"Point","coordinates":[20.060668,50.096703]},"properties":{"name":"Architektów Szkoła","lines":"608","arr":["608"],"terminus":0,"mode":"bus","color":"#0059a9","colorDark":"#00294f","angle":226.4,"snapDist":4,"label":1}},{"type":"Feature","geometry":{"type":"Point","coordinates":[19.98622,50.086817]},"properties":{"name":"Cogiteon","lines":"608","arr":["608"],"terminus":0,"mode":"bus","color":"#0059a9","colorDark":"#00294f","angle":154.6,"snapDist":8,"label":1}},{"type":"Feature","geometry":{"type":"Point","coordinates":[19.968975,50.083322]},"properties":{"name":"Miechowity","lines":"608","arr":["608"],"terminus":0,"mode":"bus","color":"#0059a9","colorDark":"#00294f","angle":338.9,"snapDist":7,"label":0}},{"type":"Feature","geometry":{"type":"Point","coordinates":[19.964346,50.083247]},"properties":{"name":"Bosaków","lines":"608","arr":["608"],"terminus":0,"mode":"bus","color":"#0059a9","colorDark":"#00294f","angle":2,"snapDist":7,"label":1}},{"type":"Feature","geometry":{"type":"Point","coordinates":[19.961075,50.079856]},"properties":{"name":"Brogi","lines":"608","arr":["608"],"terminus":0,"mode":"bus","color":"#0059a9","colorDark":"#00294f","angle":295.4,"snapDist":4,"label":1}},{"type":"Feature","geometry":{"type":"Point","coordinates":[19.953834,50.082268]},"properties":{"name":"Wileńska","lines":"608","arr":["608"],"terminus":0,"mode":"bus","color":"#0059a9","colorDark":"#00294f","angle":40.2,"snapDist":6,"label":1}},{"type":"Feature","geometry":{"type":"Point","coordinates":[19.93756,50.069604]},"properties":{"name":"Pędzichów","lines":"608","arr":["608"],"terminus":0,"mode":"bus","color":"#0059a9","colorDark":"#00294f","angle":57.6,"snapDist":3,"label":1}},{"type":"Feature","geometry":{"type":"Point","coordinates":[19.939979,50.036946]},"properties":{"name":"Rondo Matecznego","lines":"608","arr":["608"],"terminus":0,"mode":"bus","color":"#0059a9","colorDark":"#00294f","angle":249.9,"snapDist":5,"label":0}},{"type":"Feature","geometry":{"type":"Point","coordinates":[19.938332,50.032651]},"properties":{"name":"Rzemieślnicza","lines":"608","arr":["608"],"terminus":0,"mode":"bus","color":"#0059a9","colorDark":"#00294f","angle":288.5,"snapDist":3,"label":1}},{"type":"Feature","geometry":{"type":"Point","coordinates":[19.936315,50.028789]},"properties":{"name":"Łagiewniki","lines":"608, 915","arr":["608","915"],"terminus":0,"mode":"bus","color":"#0059a9","colorDark":"#00294f","angle":288.6,"snapDist":7,"label":0}},{"type":"Feature","geometry":{"type":"Point","coordinates":[19.931839,50.021389]},"properties":{"name":"Łagiewniki SKA","lines":"608","arr":["608"],"terminus":0,"mode":"bus","color":"#0059a9","colorDark":"#00294f","angle":27.5,"snapDist":6,"label":1}},{"type":"Feature","geometry":{"type":"Point","coordinates":[19.919376,50.024943]},"properties":{"name":"Krokusowa","lines":"608","arr":["608"],"terminus":0,"mode":"bus","color":"#0059a9","colorDark":"#00294f","angle":30.8,"snapDist":6,"label":1}},{"type":"Feature","geometry":{"type":"Point","coordinates":[19.914955,50.027682]},"properties":{"name":"Rostworowskiego","lines":"608","arr":["608"],"terminus":0,"mode":"bus","color":"#0059a9","colorDark":"#00294f","angle":236.5,"snapDist":6,"label":0}},{"type":"Feature","geometry":{"type":"Point","coordinates":[19.919659,50.024273]},"properties":{"name":"Krokusowa","lines":"608","arr":["608"],"terminus":0,"mode":"bus","color":"#0059a9","colorDark":"#00294f","angle":205.4,"snapDist":6,"label":0}},{"type":"Feature","geometry":{"type":"Point","coordinates":[19.932799,50.02186]},"properties":{"name":"Łagiewniki SKA","lines":"608, 915","arr":["608","915"],"terminus":0,"mode":"bus","color":"#0059a9","colorDark":"#00294f","angle":108.7,"snapDist":7,"label":0}},{"type":"Feature","geometry":{"type":"Point","coordinates":[19.937459,50.030787]},"properties":{"name":"Łagiewniki","lines":"608, 915","arr":["608","915"],"terminus":1,"mode":"bus","color":"#0059a9","colorDark":"#00294f","angle":108.4,"snapDist":6,"label":1}},{"type":"Feature","geometry":{"type":"Point","coordinates":[19.938756,50.033217]},"properties":{"name":"Rzemieślnicza","lines":"608","arr":["608"],"terminus":0,"mode":"bus","color":"#0059a9","colorDark":"#00294f","angle":107.9,"snapDist":6,"label":0}},{"type":"Feature","geometry":{"type":"Point","coordinates":[19.934865,50.073116]},"properties":{"name":"Nowy Kleparz","lines":"608","arr":["608"],"terminus":0,"mode":"bus","color":"#0059a9","colorDark":"#00294f","angle":240.6,"snapDist":4,"label":0}},{"type":"Feature","geometry":{"type":"Point","coordinates":[19.937489,50.069676]},"properties":{"name":"Pędzichów","lines":"608","arr":["608"],"terminus":0,"mode":"bus","color":"#0059a9","colorDark":"#00294f","angle":237.5,"snapDist":3,"label":0}},{"type":"Feature","geometry":{"type":"Point","coordinates":[19.952035,50.082473]},"properties":{"name":"UR Al. 29 Listopada","lines":"608","arr":["608"],"terminus":0,"mode":"bus","color":"#0059a9","colorDark":"#00294f","angle":114.4,"snapDist":9,"label":0}},{"type":"Feature","geometry":{"type":"Point","coordinates":[19.959435,50.079686]},"properties":{"name":"Brogi","lines":"608","arr":["608"],"terminus":0,"mode":"bus","color":"#0059a9","colorDark":"#00294f","angle":212,"snapDist":6,"label":0}},{"type":"Feature","geometry":{"type":"Point","coordinates":[19.962996,50.082283]},"properties":{"name":"Bosaków","lines":"608","arr":["608"],"terminus":0,"mode":"bus","color":"#0059a9","colorDark":"#00294f","angle":116.1,"snapDist":8,"label":0}},{"type":"Feature","geometry":{"type":"Point","coordinates":[19.972081,50.08497]},"properties":{"name":"Olsza II","lines":"608","arr":["608"],"terminus":0,"mode":"bus","color":"#0059a9","colorDark":"#00294f","angle":173.2,"snapDist":6,"label":0}},{"type":"Feature","geometry":{"type":"Point","coordinates":[19.986181,50.086484]},"properties":{"name":"Cogiteon","lines":"608","arr":["608"],"terminus":0,"mode":"bus","color":"#0059a9","colorDark":"#00294f","angle":170.6,"snapDist":8,"label":0}},{"type":"Feature","geometry":{"type":"Point","coordinates":[20.063814,50.095795]},"properties":{"name":"Wzgórza Krzesławickie","lines":"608","arr":["608"],"terminus":0,"mode":"bus","color":"#0059a9","colorDark":"#00294f","angle":33.6,"snapDist":3,"label":0}},{"type":"Feature","geometry":{"type":"Point","coordinates":[20.06065,50.096716]},"properties":{"name":"Architektów Szkoła","lines":"608","arr":["608"],"terminus":0,"mode":"bus","color":"#0059a9","colorDark":"#00294f","angle":46.4,"snapDist":4,"label":0}},{"type":"Feature","geometry":{"type":"Point","coordinates":[19.942565,50.059897]},"properties":{"name":"Poczta Główna","lines":"609, 610, 662, 669, 904","arr":["609","610","662","669","904"],"terminus":0,"mode":"bus","color":"#0059a9","colorDark":"#00294f","angle":311.6,"snapDist":7,"label":1}},{"type":"Feature","geometry":{"type":"Point","coordinates":[19.934106,50.059189]},"properties":{"name":"Filharmonia","lines":"609","arr":["609"],"terminus":0,"mode":"bus","color":"#0059a9","colorDark":"#00294f","angle":330.6,"snapDist":5,"label":1}},{"type":"Feature","geometry":{"type":"Point","coordinates":[19.928144,50.055618]},"properties":{"name":"Jubilat","lines":"609","arr":["609"],"terminus":0,"mode":"bus","color":"#0059a9","colorDark":"#00294f","angle":317,"snapDist":6,"label":0}},{"type":"Feature","geometry":{"type":"Point","coordinates":[19.917464,50.052608]},"properties":{"name":"Salwator","lines":"609","arr":["609"],"terminus":0,"mode":"bus","color":"#0059a9","colorDark":"#00294f","angle":11.1,"snapDist":6,"label":0}},{"type":"Feature","geometry":{"type":"Point","coordinates":[19.926969,50.054871]},"properties":{"name":"Jubilat","lines":"609","arr":["609"],"terminus":0,"mode":"bus","color":"#0059a9","colorDark":"#00294f","angle":-32.4,"snapDist":6,"label":0}},{"type":"Feature","geometry":{"type":"Point","coordinates":[19.93286,50.058637]},"properties":{"name":"Filharmonia","lines":"609","arr":["609"],"terminus":0,"mode":"bus","color":"#0059a9","colorDark":"#00294f","angle":323.7,"snapDist":4,"label":0}},{"type":"Feature","geometry":{"type":"Point","coordinates":[19.941651,50.05924]},"properties":{"name":"Poczta Główna","lines":"609","arr":["609"],"terminus":0,"mode":"bus","color":"#0059a9","colorDark":"#00294f","angle":131.7,"snapDist":7,"label":0}},{"type":"Feature","geometry":{"type":"Point","coordinates":[19.944996,50.064006]},"properties":{"name":"Teatr Słowackiego","lines":"609, 610, 662, 669, 904","arr":["609","610","662","669","904"],"terminus":0,"mode":"bus","color":"#0059a9","colorDark":"#00294f","angle":85.8,"snapDist":7,"label":0}},{"type":"Feature","geometry":{"type":"Point","coordinates":[19.933048,50.048489]},"properties":{"name":"Rondo Grunwaldzkie","lines":"610","arr":["610"],"terminus":0,"mode":"bus","color":"#0059a9","colorDark":"#00294f","angle":64.8,"snapDist":8,"label":0}},{"type":"Feature","geometry":{"type":"Point","coordinates":[19.94222,50.052036]},"properties":{"name":"Stradom","lines":"610, 662, 904","arr":["610","662","904"],"terminus":0,"mode":"bus","color":"#0059a9","colorDark":"#00294f","angle":121.7,"snapDist":3,"label":1}},{"type":"Feature","geometry":{"type":"Point","coordinates":[19.945956,50.056747]},"properties":{"name":"Starowiślna","lines":"610, 662, 669, 904","arr":["610","662","669","904"],"terminus":0,"mode":"bus","color":"#0059a9","colorDark":"#00294f","angle":117,"snapDist":7,"label":1}},{"type":"Feature","geometry":{"type":"Point","coordinates":[19.942794,50.059272]},"properties":{"name":"Poczta Główna","lines":"610, 662, 669, 904","arr":["610","662","669","904"],"terminus":0,"mode":"bus","color":"#0059a9","colorDark":"#00294f","angle":37.8,"snapDist":5,"label":0}},{"type":"Feature","geometry":{"type":"Point","coordinates":[19.944928,50.056877]},"properties":{"name":"Starowiślna","lines":"610, 662, 669, 904","arr":["610","662","669","904"],"terminus":0,"mode":"bus","color":"#0059a9","colorDark":"#00294f","angle":54.7,"snapDist":6,"label":0}},{"type":"Feature","geometry":{"type":"Point","coordinates":[19.940887,50.051429]},"properties":{"name":"Stradom","lines":"610, 662","arr":["610","662"],"terminus":0,"mode":"bus","color":"#0059a9","colorDark":"#00294f","angle":311.4,"snapDist":4,"label":0}},{"type":"Feature","geometry":{"type":"Point","coordinates":[20.014794,50.078161]},"properties":{"name":"Dąbrowskiej","lines":"611","arr":["611"],"terminus":0,"mode":"bus","color":"#0059a9","colorDark":"#00294f","angle":109,"snapDist":7,"label":1}},{"type":"Feature","geometry":{"type":"Point","coordinates":[20.016739,50.082666]},"properties":{"name":"Os. Kościuszkowskie","lines":"611","arr":["611"],"terminus":0,"mode":"bus","color":"#0059a9","colorDark":"#00294f","angle":128.4,"snapDist":6,"label":1}},{"type":"Feature","geometry":{"type":"Point","coordinates":[20.016554,50.082753]},"properties":{"name":"Os. Kościuszkowskie","lines":"611","arr":["611"],"terminus":0,"mode":"bus","color":"#0059a9","colorDark":"#00294f","angle":308,"snapDist":7,"label":0}},{"type":"Feature","geometry":{"type":"Point","coordinates":[20.014503,50.078119]},"properties":{"name":"Dąbrowskiej","lines":"611","arr":["611"],"terminus":0,"mode":"bus","color":"#0059a9","colorDark":"#00294f","angle":289,"snapDist":7,"label":0}},{"type":"Feature","geometry":{"type":"Point","coordinates":[19.996355,50.065595]},"properties":{"name":"Ogród Doświadczeń","lines":"662","arr":["662"],"terminus":0,"mode":"bus","color":"#0059a9","colorDark":"#00294f","angle":344.4,"snapDist":4,"label":1}},{"type":"Feature","geometry":{"type":"Point","coordinates":[19.966755,50.060094]},"properties":{"name":"Nullo","lines":"662","arr":["662"],"terminus":0,"mode":"bus","color":"#0059a9","colorDark":"#00294f","angle":338,"snapDist":7,"label":1}},{"type":"Feature","geometry":{"type":"Point","coordinates":[19.920006,50.031771]},"properties":{"name":"Grota-Roweckiego","lines":"662","arr":["662"],"terminus":0,"mode":"bus","color":"#0059a9","colorDark":"#00294f","angle":20.4,"snapDist":7,"label":0}},{"type":"Feature","geometry":{"type":"Point","coordinates":[19.912134,50.029555]},"properties":{"name":"Norymberska","lines":"662","arr":["662"],"terminus":0,"mode":"bus","color":"#0059a9","colorDark":"#00294f","angle":328,"snapDist":7,"label":1}},{"type":"Feature","geometry":{"type":"Point","coordinates":[19.905128,50.0267]},"properties":{"name":"Ruczaj","lines":"662","arr":["662"],"terminus":0,"mode":"bus","color":"#0059a9","colorDark":"#00294f","angle":328,"snapDist":8,"label":1}},{"type":"Feature","geometry":{"type":"Point","coordinates":[19.901631,50.023826]},"properties":{"name":"Kampus UJ","lines":"662","arr":["662"],"terminus":0,"mode":"bus","color":"#0059a9","colorDark":"#00294f","angle":292.6,"snapDist":7,"label":1}},{"type":"Feature","geometry":{"type":"Point","coordinates":[19.897567,50.020132]},"properties":{"name":"Kampus UP JP II","lines":"662","arr":["662"],"terminus":0,"mode":"bus","color":"#0059a9","colorDark":"#00294f","angle":307.7,"snapDist":7,"label":1}},{"type":"Feature","geometry":{"type":"Point","coordinates":[19.898636,50.020837]},"properties":{"name":"Kampus UP JP II","lines":"662","arr":["662"],"terminus":0,"mode":"bus","color":"#0059a9","colorDark":"#00294f","angle":127.7,"snapDist":7,"label":0}},{"type":"Feature","geometry":{"type":"Point","coordinates":[19.902418,50.024667]},"properties":{"name":"Kampus UJ","lines":"662","arr":["662"],"terminus":0,"mode":"bus","color":"#0059a9","colorDark":"#00294f","angle":114.2,"snapDist":7,"label":0}},{"type":"Feature","geometry":{"type":"Point","coordinates":[19.906486,50.027103]},"properties":{"name":"Ruczaj","lines":"662","arr":["662"],"terminus":0,"mode":"bus","color":"#0059a9","colorDark":"#00294f","angle":146.9,"snapDist":7,"label":0}},{"type":"Feature","geometry":{"type":"Point","coordinates":[19.913626,50.030043]},"properties":{"name":"Norymberska","lines":"662","arr":["662"],"terminus":0,"mode":"bus","color":"#0059a9","colorDark":"#00294f","angle":147,"snapDist":7,"label":0}},{"type":"Feature","geometry":{"type":"Point","coordinates":[19.960359,50.057806]},"properties":{"name":"Rondo Grzegórzeckie","lines":"662","arr":["662"],"terminus":0,"mode":"bus","color":"#0059a9","colorDark":"#00294f","angle":-27,"snapDist":9,"label":0}},{"type":"Feature","geometry":{"type":"Point","coordinates":[19.967867,50.060196]},"properties":{"name":"Nullo","lines":"662","arr":["662"],"terminus":0,"mode":"bus","color":"#0059a9","colorDark":"#00294f","angle":159.4,"snapDist":7,"label":0}},{"type":"Feature","geometry":{"type":"Point","coordinates":[19.990332,50.064256]},"properties":{"name":"TAURON Arena Kraków Al. Pokoju","lines":"662","arr":["662"],"terminus":0,"mode":"bus","color":"#0059a9","colorDark":"#00294f","angle":162.5,"snapDist":7,"label":0}},{"type":"Feature","geometry":{"type":"Point","coordinates":[19.995865,50.065297]},"properties":{"name":"Ogród Doświadczeń","lines":"662","arr":["662"],"terminus":0,"mode":"bus","color":"#0059a9","colorDark":"#00294f","angle":164.4,"snapDist":7,"label":0}},{"type":"Feature","geometry":{"type":"Point","coordinates":[20.013006,50.100903]},"properties":{"name":"Os. Piastów","lines":"664","arr":["664"],"terminus":1,"mode":"bus","color":"#0059a9","colorDark":"#00294f","angle":-102.2,"snapDist":7,"label":0}},{"type":"Feature","geometry":{"type":"Point","coordinates":[20.013146,50.097915]},"properties":{"name":"Piasta Kołodzieja","lines":"664","arr":["664"],"terminus":0,"mode":"bus","color":"#0059a9","colorDark":"#00294f","angle":276,"snapDist":5,"label":1}},{"type":"Feature","geometry":{"type":"Point","coordinates":[20.012834,50.095856]},"properties":{"name":"Kleeberga","lines":"664","arr":["664"],"terminus":0,"mode":"bus","color":"#0059a9","colorDark":"#00294f","angle":275.8,"snapDist":5,"label":0}},{"type":"Feature","geometry":{"type":"Point","coordinates":[20.02117,50.090195]},"properties":{"name":"Rondo Hipokratesa","lines":"664","arr":["664"],"terminus":0,"mode":"bus","color":"#0059a9","colorDark":"#00294f","angle":262.7,"snapDist":4,"label":0}},{"type":"Feature","geometry":{"type":"Point","coordinates":[20.021636,50.076407]},"properties":{"name":"Bieńczycka","lines":"664","arr":["664"],"terminus":0,"mode":"bus","color":"#0059a9","colorDark":"#00294f","angle":319.9,"snapDist":6,"label":1}},{"type":"Feature","geometry":{"type":"Point","coordinates":[20.011267,50.074111]},"properties":{"name":"Czyżyny","lines":"664","arr":["664"],"terminus":0,"mode":"bus","color":"#0059a9","colorDark":"#00294f","angle":7.9,"snapDist":7,"label":1}},{"type":"Feature","geometry":{"type":"Point","coordinates":[20.005372,50.074447]},"properties":{"name":"Stella-Sawickiego","lines":"664","arr":["664"],"terminus":0,"mode":"bus","color":"#0059a9","colorDark":"#00294f","angle":358.3,"snapDist":6,"label":0}},{"type":"Feature","geometry":{"type":"Point","coordinates":[19.982555,50.070966]},"properties":{"name":"TAURON Arena Kraków Wieczysta","lines":"664","arr":["664"],"terminus":0,"mode":"bus","color":"#0059a9","colorDark":"#00294f","angle":303.6,"snapDist":5,"label":0}},{"type":"Feature","geometry":{"type":"Point","coordinates":[19.978475,50.068129]},"properties":{"name":"Białucha","lines":"664","arr":["664"],"terminus":0,"mode":"bus","color":"#0059a9","colorDark":"#00294f","angle":330.2,"snapDist":7,"label":1}},{"type":"Feature","geometry":{"type":"Point","coordinates":[19.925308,50.070031]},"properties":{"name":"Plac Inwalidów","lines":"664, 704, 708","arr":["664","704","708"],"terminus":0,"mode":"bus","color":"#0059a9","colorDark":"#00294f","angle":37.1,"snapDist":3,"label":0}},{"type":"Feature","geometry":{"type":"Point","coordinates":[19.920001,50.071762]},"properties":{"name":"Urzędnicza","lines":"664, 704, 708","arr":["664","704","708"],"terminus":0,"mode":"bus","color":"#0059a9","colorDark":"#00294f","angle":23.7,"snapDist":7,"label":1}},{"type":"Feature","geometry":{"type":"Point","coordinates":[19.916131,50.072828]},"properties":{"name":"Biprostal","lines":"664, 704, 708","arr":["664","704","708"],"terminus":0,"mode":"bus","color":"#0059a9","colorDark":"#00294f","angle":22,"snapDist":7,"label":0}},{"type":"Feature","geometry":{"type":"Point","coordinates":[19.91096,50.074066]},"properties":{"name":"UKEN","lines":"664, 704, 708","arr":["664","704","708"],"terminus":0,"mode":"bus","color":"#0059a9","colorDark":"#00294f","angle":19.6,"snapDist":6,"label":0}},{"type":"Feature","geometry":{"type":"Point","coordinates":[19.900827,50.077841]},"properties":{"name":"Bronowice","lines":"664, 704, 708","arr":["664","704","708"],"terminus":0,"mode":"bus","color":"#0059a9","colorDark":"#00294f","angle":30.1,"snapDist":8,"label":1}},{"type":"Feature","geometry":{"type":"Point","coordinates":[19.89683,50.079335]},"properties":{"name":"Wesele","lines":"664, 704, 708","arr":["664","704","708"],"terminus":0,"mode":"bus","color":"#0059a9","colorDark":"#00294f","angle":30.1,"snapDist":7,"label":1}},{"type":"Feature","geometry":{"type":"Point","coordinates":[19.888459,50.08169]},"properties":{"name":"Bronowice SKA","lines":"664, 704, 708","arr":["664","704","708"],"terminus":0,"mode":"bus","color":"#0059a9","colorDark":"#00294f","angle":197.5,"snapDist":7,"label":0}},{"type":"Feature","geometry":{"type":"Point","coordinates":[19.898147,50.078833]},"properties":{"name":"Wesele","lines":"664, 704, 708","arr":["664","704","708"],"terminus":0,"mode":"bus","color":"#0059a9","colorDark":"#00294f","angle":208.9,"snapDist":5,"label":0}},{"type":"Feature","geometry":{"type":"Point","coordinates":[19.902681,50.077076]},"properties":{"name":"Bronowice","lines":"664, 704, 708","arr":["664","704","708"],"terminus":0,"mode":"bus","color":"#0059a9","colorDark":"#00294f","angle":210,"snapDist":6,"label":0}},{"type":"Feature","geometry":{"type":"Point","coordinates":[19.905681,50.075966]},"properties":{"name":"Głowackiego","lines":"664, 704, 708","arr":["664","704","708"],"terminus":0,"mode":"bus","color":"#0059a9","colorDark":"#00294f","angle":209.8,"snapDist":6,"label":0}},{"type":"Feature","geometry":{"type":"Point","coordinates":[19.909735,50.074325]},"properties":{"name":"UKEN","lines":"664, 704, 708","arr":["664","704","708"],"terminus":0,"mode":"bus","color":"#0059a9","colorDark":"#00294f","angle":196.3,"snapDist":6,"label":0}},{"type":"Feature","geometry":{"type":"Point","coordinates":[19.914957,50.073137]},"properties":{"name":"Biprostal","lines":"664, 704, 708","arr":["664","704","708"],"terminus":0,"mode":"bus","color":"#0059a9","colorDark":"#00294f","angle":202.3,"snapDist":7,"label":0}},{"type":"Feature","geometry":{"type":"Point","coordinates":[19.919131,50.07201]},"properties":{"name":"Urzędnicza","lines":"664, 704, 708","arr":["664","704","708"],"terminus":0,"mode":"bus","color":"#0059a9","colorDark":"#00294f","angle":203.8,"snapDist":7,"label":0}},{"type":"Feature","geometry":{"type":"Point","coordinates":[19.925462,50.06979]},"properties":{"name":"Plac Inwalidów","lines":"664, 704","arr":["664","704"],"terminus":0,"mode":"bus","color":"#0059a9","colorDark":"#00294f","angle":43,"snapDist":6,"label":0}},{"type":"Feature","geometry":{"type":"Point","coordinates":[19.977037,50.067433]},"properties":{"name":"Białucha","lines":"664","arr":["664"],"terminus":0,"mode":"bus","color":"#0059a9","colorDark":"#00294f","angle":152.4,"snapDist":7,"label":0}},{"type":"Feature","geometry":{"type":"Point","coordinates":[20.005294,50.074173]},"properties":{"name":"Stella-Sawickiego","lines":"664","arr":["664"],"terminus":0,"mode":"bus","color":"#0059a9","colorDark":"#00294f","angle":173,"snapDist":9,"label":0}},{"type":"Feature","geometry":{"type":"Point","coordinates":[20.012497,50.073835]},"properties":{"name":"Czyżyny","lines":"664","arr":["664"],"terminus":0,"mode":"bus","color":"#0059a9","colorDark":"#00294f","angle":187.2,"snapDist":4,"label":0}},{"type":"Feature","geometry":{"type":"Point","coordinates":[20.021947,50.076335]},"properties":{"name":"Bieńczycka","lines":"664","arr":["664"],"terminus":0,"mode":"bus","color":"#0059a9","colorDark":"#00294f","angle":140,"snapDist":4,"label":0}},{"type":"Feature","geometry":{"type":"Point","coordinates":[20.020826,50.090854]},"properties":{"name":"Rondo Hipokratesa","lines":"664","arr":["664"],"terminus":0,"mode":"bus","color":"#0059a9","colorDark":"#00294f","angle":3.6,"snapDist":4,"label":1}},{"type":"Feature","geometry":{"type":"Point","coordinates":[20.013256,50.098643]},"properties":{"name":"Piasta Kołodzieja","lines":"664","arr":["664"],"terminus":0,"mode":"bus","color":"#0059a9","colorDark":"#00294f","angle":94,"snapDist":5,"label":0}},{"type":"Feature","geometry":{"type":"Point","coordinates":[19.976195,50.027455]},"properties":{"name":"Kabel","lines":"669, 703","arr":["669","703"],"terminus":0,"mode":"bus","color":"#0059a9","colorDark":"#00294f","angle":56.8,"snapDist":3,"label":1}},{"type":"Feature","geometry":{"type":"Point","coordinates":[19.969958,50.033554]},"properties":{"name":"Dworcowa","lines":"669, 703","arr":["669","703"],"terminus":0,"mode":"bus","color":"#0059a9","colorDark":"#00294f","angle":55.9,"snapDist":7,"label":1}},{"type":"Feature","geometry":{"type":"Point","coordinates":[19.964827,50.038582]},"properties":{"name":"Cmentarz Podgórski","lines":"669, 703","arr":["669","703"],"terminus":0,"mode":"bus","color":"#0059a9","colorDark":"#00294f","angle":56.8,"snapDist":4,"label":1}},{"type":"Feature","geometry":{"type":"Point","coordinates":[19.95521,50.046658]},"properties":{"name":"Plac Bohaterów Getta","lines":"669","arr":["669"],"terminus":0,"mode":"bus","color":"#0059a9","colorDark":"#00294f","angle":-103.4,"snapDist":9,"label":0}},{"type":"Feature","geometry":{"type":"Point","coordinates":[19.95084,50.051359]},"properties":{"name":"św. Wawrzyńca","lines":"669","arr":["669"],"terminus":0,"mode":"bus","color":"#0059a9","colorDark":"#00294f","angle":55.5,"snapDist":6,"label":1}},{"type":"Feature","geometry":{"type":"Point","coordinates":[19.94891,50.053179]},"properties":{"name":"Miodowa","lines":"669","arr":["669"],"terminus":0,"mode":"bus","color":"#0059a9","colorDark":"#00294f","angle":55.2,"snapDist":6,"label":1}},{"type":"Feature","geometry":{"type":"Point","coordinates":[19.933301,50.084533]},"properties":{"name":"Bratysławska","lines":"669","arr":["669"],"terminus":0,"mode":"bus","color":"#0059a9","colorDark":"#00294f","angle":77.9,"snapDist":4,"label":0}},{"type":"Feature","geometry":{"type":"Point","coordinates":[19.935299,50.094933]},"properties":{"name":"Białoprądnicka","lines":"669","arr":["669"],"terminus":0,"mode":"bus","color":"#0059a9","colorDark":"#00294f","angle":209,"snapDist":4,"label":1}},{"type":"Feature","geometry":{"type":"Point","coordinates":[19.941852,50.096268]},"properties":{"name":"Górnickiego","lines":"669","arr":["669"],"terminus":0,"mode":"bus","color":"#0059a9","colorDark":"#00294f","angle":147.1,"snapDist":4,"label":1}},{"type":"Feature","geometry":{"type":"Point","coordinates":[19.954366,50.095175]},"properties":{"name":"Bociana","lines":"669","arr":["669"],"terminus":0,"mode":"bus","color":"#0059a9","colorDark":"#00294f","angle":191.9,"snapDist":5,"label":1}},{"type":"Feature","geometry":{"type":"Point","coordinates":[19.956241,50.097907]},"properties":{"name":"Kuźnicy Kołłątajowskiej","lines":"669","arr":["669"],"terminus":0,"mode":"bus","color":"#0059a9","colorDark":"#00294f","angle":272.8,"snapDist":14,"label":0}},{"type":"Feature","geometry":{"type":"Point","coordinates":[19.955912,50.097862]},"properties":{"name":"Kuźnicy Kołłątajowskiej","lines":"669","arr":["669"],"terminus":0,"mode":"bus","color":"#0059a9","colorDark":"#00294f","angle":95.8,"snapDist":8,"label":0}},{"type":"Feature","geometry":{"type":"Point","coordinates":[19.953745,50.095258]},"properties":{"name":"Bociana","lines":"669","arr":["669"],"terminus":0,"mode":"bus","color":"#0059a9","colorDark":"#00294f","angle":11.1,"snapDist":10,"label":0}},{"type":"Feature","geometry":{"type":"Point","coordinates":[19.946463,50.096351]},"properties":{"name":"Siewna Wiadukt","lines":"669","arr":["669"],"terminus":0,"mode":"bus","color":"#0059a9","colorDark":"#00294f","angle":13,"snapDist":6,"label":0}},{"type":"Feature","geometry":{"type":"Point","coordinates":[19.941367,50.09607]},"properties":{"name":"Górnickiego","lines":"669","arr":["669"],"terminus":0,"mode":"bus","color":"#0059a9","colorDark":"#00294f","angle":329.7,"snapDist":4,"label":0}},{"type":"Feature","geometry":{"type":"Point","coordinates":[19.935297,50.094934]},"properties":{"name":"Białoprądnicka","lines":"669","arr":["669"],"terminus":0,"mode":"bus","color":"#0059a9","colorDark":"#00294f","angle":29,"snapDist":3,"label":0}},{"type":"Feature","geometry":{"type":"Point","coordinates":[19.948058,50.05398]},"properties":{"name":"Miodowa","lines":"669","arr":["669"],"terminus":0,"mode":"bus","color":"#0059a9","colorDark":"#00294f","angle":235.3,"snapDist":6,"label":0}},{"type":"Feature","geometry":{"type":"Point","coordinates":[19.951042,50.051172]},"properties":{"name":"św. Wawrzyńca","lines":"669","arr":["669"],"terminus":0,"mode":"bus","color":"#0059a9","colorDark":"#00294f","angle":235.5,"snapDist":6,"label":0}},{"type":"Feature","geometry":{"type":"Point","coordinates":[19.954889,50.046613]},"properties":{"name":"Plac Bohaterów Getta","lines":"669","arr":["669"],"terminus":0,"mode":"bus","color":"#0059a9","colorDark":"#00294f","angle":76.7,"snapDist":8,"label":0}},{"type":"Feature","geometry":{"type":"Point","coordinates":[19.961192,50.041858]},"properties":{"name":"Podgórze SKA","lines":"669, 703","arr":["669","703"],"terminus":0,"mode":"bus","color":"#0059a9","colorDark":"#00294f","angle":230.8,"snapDist":7,"label":0}},{"type":"Feature","geometry":{"type":"Point","coordinates":[19.963698,50.039521]},"properties":{"name":"Cmentarz Podgórski","lines":"669, 703","arr":["669","703"],"terminus":0,"mode":"bus","color":"#0059a9","colorDark":"#00294f","angle":233.9,"snapDist":8,"label":0}},{"type":"Feature","geometry":{"type":"Point","coordinates":[19.970809,50.03259]},"properties":{"name":"Dworcowa","lines":"669, 703","arr":["669","703"],"terminus":0,"mode":"bus","color":"#0059a9","colorDark":"#00294f","angle":235.9,"snapDist":6,"label":0}},{"type":"Feature","geometry":{"type":"Point","coordinates":[19.976074,50.027474]},"properties":{"name":"Kabel","lines":"669, 703","arr":["669","703"],"terminus":0,"mode":"bus","color":"#0059a9","colorDark":"#00294f","angle":236.5,"snapDist":9,"label":0}},{"type":"Feature","geometry":{"type":"Point","coordinates":[19.95486,50.046691]},"properties":{"name":"Plac Bohaterów Getta","lines":"703","arr":["703"],"terminus":1,"mode":"bus","color":"#0059a9","colorDark":"#00294f","angle":256.7,"snapDist":5,"label":1}},{"type":"Feature","geometry":{"type":"Point","coordinates":[19.979059,50.023566]},"properties":{"name":"Bieżanowska","lines":"703, 904","arr":["703","904"],"terminus":0,"mode":"bus","color":"#0059a9","colorDark":"#00294f","angle":134.7,"snapDist":4,"label":0}},{"type":"Feature","geometry":{"type":"Point","coordinates":[19.853145,50.068219]},"properties":{"name":"Wilczy Stok","lines":"902","arr":["902"],"terminus":0,"mode":"bus","color":"#0059a9","colorDark":"#00294f","angle":151,"snapDist":4,"label":1}},{"type":"Feature","geometry":{"type":"Point","coordinates":[19.858955,50.069781]},"properties":{"name":"Grabowa","lines":"902","arr":["902"],"terminus":0,"mode":"bus","color":"#0059a9","colorDark":"#00294f","angle":209.7,"snapDist":7,"label":1}},{"type":"Feature","geometry":{"type":"Point","coordinates":[19.859268,50.069666]},"properties":{"name":"Grabowa","lines":"902","arr":["902"],"terminus":0,"mode":"bus","color":"#0059a9","colorDark":"#00294f","angle":30.7,"snapDist":3,"label":0}},{"type":"Feature","geometry":{"type":"Point","coordinates":[19.85311,50.068206]},"properties":{"name":"Wilczy Stok","lines":"902","arr":["902"],"terminus":0,"mode":"bus","color":"#0059a9","colorDark":"#00294f","angle":331,"snapDist":3,"label":0}},{"type":"Feature","geometry":{"type":"Point","coordinates":[19.801754,50.069352]},"properties":{"name":"Balice Medweckiego","lines":"902","arr":["902"],"terminus":0,"mode":"bus","color":"#0059a9","colorDark":"#00294f","angle":136.9,"snapDist":8,"label":0}},{"type":"Feature","geometry":{"type":"Point","coordinates":[20.015621,50.005781]},"properties":{"name":"Węzeł Wielicki","lines":"904","arr":["904"],"terminus":0,"mode":"bus","color":"#0059a9","colorDark":"#00294f","angle":339.9,"snapDist":10,"label":0}},{"type":"Feature","geometry":{"type":"Point","coordinates":[20.011631,50.004541]},"properties":{"name":"Kosocicka","lines":"904","arr":["904"],"terminus":0,"mode":"bus","color":"#0059a9","colorDark":"#00294f","angle":334.7,"snapDist":4,"label":1}},{"type":"Feature","geometry":{"type":"Point","coordinates":[20.003377,50.003427]},"properties":{"name":"Słona Woda","lines":"904","arr":["904"],"terminus":0,"mode":"bus","color":"#0059a9","colorDark":"#00294f","angle":323.5,"snapDist":3,"label":1}},{"type":"Feature","geometry":{"type":"Point","coordinates":[19.993585,50.003699]},"properties":{"name":"Hallera","lines":"904","arr":["904"],"terminus":0,"mode":"bus","color":"#0059a9","colorDark":"#00294f","angle":17.3,"snapDist":4,"label":1}},{"type":"Feature","geometry":{"type":"Point","coordinates":[19.99022,50.003972]},"properties":{"name":"Przy Kuźni","lines":"904","arr":["904"],"terminus":0,"mode":"bus","color":"#0059a9","colorDark":"#00294f","angle":0.1,"snapDist":3,"label":1}},{"type":"Feature","geometry":{"type":"Point","coordinates":[19.941014,50.036788]},"properties":{"name":"Rondo Matecznego","lines":"904","arr":["904"],"terminus":0,"mode":"bus","color":"#0059a9","colorDark":"#00294f","angle":86.5,"snapDist":3,"label":0}},{"type":"Feature","geometry":{"type":"Point","coordinates":[19.94318,50.041561]},"properties":{"name":"Smolki","lines":"904","arr":["904"],"terminus":0,"mode":"bus","color":"#0059a9","colorDark":"#00294f","angle":109.6,"snapDist":4,"label":1}},{"type":"Feature","geometry":{"type":"Point","coordinates":[19.946533,50.043525]},"properties":{"name":"Korona","lines":"904","arr":["904"],"terminus":0,"mode":"bus","color":"#0059a9","colorDark":"#00294f","angle":141.1,"snapDist":6,"label":1}},{"type":"Feature","geometry":{"type":"Point","coordinates":[19.94346,50.048031]},"properties":{"name":"Plac Wolnica","lines":"904","arr":["904"],"terminus":0,"mode":"bus","color":"#0059a9","colorDark":"#00294f","angle":74.1,"snapDist":4,"label":1}},{"type":"Feature","geometry":{"type":"Point","coordinates":[19.942006,50.052487]},"properties":{"name":"Stradom","lines":"904","arr":["904"],"terminus":0,"mode":"bus","color":"#0059a9","colorDark":"#00294f","angle":294,"snapDist":4,"label":0}},{"type":"Feature","geometry":{"type":"Point","coordinates":[19.943435,50.048087]},"properties":{"name":"Plac Wolnica","lines":"904","arr":["904"],"terminus":0,"mode":"bus","color":"#0059a9","colorDark":"#00294f","angle":254.1,"snapDist":7,"label":0}},{"type":"Feature","geometry":{"type":"Point","coordinates":[19.946537,50.044087]},"properties":{"name":"Korona","lines":"904","arr":["904"],"terminus":0,"mode":"bus","color":"#0059a9","colorDark":"#00294f","angle":47.1,"snapDist":7,"label":0}},{"type":"Feature","geometry":{"type":"Point","coordinates":[19.943163,50.04153]},"properties":{"name":"Smolki","lines":"904","arr":["904"],"terminus":0,"mode":"bus","color":"#0059a9","colorDark":"#00294f","angle":289.6,"snapDist":3,"label":0}},{"type":"Feature","geometry":{"type":"Point","coordinates":[19.988561,50.00404]},"properties":{"name":"Przy Kuźni","lines":"904","arr":["904"],"terminus":0,"mode":"bus","color":"#0059a9","colorDark":"#00294f","angle":192.8,"snapDist":3,"label":0}},{"type":"Feature","geometry":{"type":"Point","coordinates":[19.995242,50.003365]},"properties":{"name":"Hallera","lines":"904","arr":["904"],"terminus":0,"mode":"bus","color":"#0059a9","colorDark":"#00294f","angle":197.5,"snapDist":3,"label":0}},{"type":"Feature","geometry":{"type":"Point","coordinates":[20.003888,50.003661]},"properties":{"name":"Słona Woda","lines":"904","arr":["904"],"terminus":0,"mode":"bus","color":"#0059a9","colorDark":"#00294f","angle":146.1,"snapDist":4,"label":0}},{"type":"Feature","geometry":{"type":"Point","coordinates":[20.010804,50.00432]},"properties":{"name":"Kosocicka","lines":"904","arr":["904"],"terminus":0,"mode":"bus","color":"#0059a9","colorDark":"#00294f","angle":160.5,"snapDist":4,"label":0}},{"type":"Feature","geometry":{"type":"Point","coordinates":[19.936225,50.030092]},"properties":{"name":"Łagiewniki","lines":"915","arr":["915"],"terminus":1,"mode":"bus","color":"#0059a9","colorDark":"#00294f","angle":159.1,"snapDist":5,"label":1}},{"type":"Feature","geometry":{"type":"Point","coordinates":[19.931767,50.020045]},"properties":{"name":"Łagiewniki SKA","lines":"915","arr":["915"],"terminus":0,"mode":"bus","color":"#0059a9","colorDark":"#00294f","angle":283.5,"snapDist":7,"label":0}},{"type":"Feature","geometry":{"type":"Point","coordinates":[19.927437,50.011888]},"properties":{"name":"Borek Fałęcki","lines":"915","arr":["915"],"terminus":0,"mode":"bus","color":"#0059a9","colorDark":"#00294f","angle":288.1,"snapDist":8,"label":0}},{"type":"Feature","geometry":{"type":"Point","coordinates":[19.776317,50.230352]},"properties":{"name":"Sąspów Cmentarz","lines":"LR0","arr":["LR0"],"terminus":0,"mode":"bus","color":"#0059a9","colorDark":"#00294f","angle":158.8,"snapDist":3,"label":1}},{"type":"Feature","geometry":{"type":"Point","coordinates":[19.815387,50.21494]},"properties":{"name":"Ojców Złota Góra","lines":"LR0","arr":["LR0"],"terminus":0,"mode":"bus","color":"#0059a9","colorDark":"#00294f","angle":237,"snapDist":4,"label":1}},{"type":"Feature","geometry":{"type":"Point","coordinates":[19.831268,50.212833]},"properties":{"name":"Ojców Zamek","lines":"LR0","arr":["LR0"],"terminus":1,"mode":"bus","color":"#0059a9","colorDark":"#00294f","angle":175.6,"snapDist":1,"label":1}},{"type":"Feature","geometry":{"type":"Point","coordinates":[19.815154,50.215177]},"properties":{"name":"Ojców Złota Góra","lines":"LR0","arr":["LR0"],"terminus":0,"mode":"bus","color":"#0059a9","colorDark":"#00294f","angle":58,"snapDist":5,"label":0}},{"type":"Feature","geometry":{"type":"Point","coordinates":[19.775494,50.230156]},"properties":{"name":"Sąspów Cmentarz","lines":"LR0","arr":["LR0"],"terminus":0,"mode":"bus","color":"#0059a9","colorDark":"#00294f","angle":339.5,"snapDist":3,"label":0}},{"type":"Feature","geometry":{"type":"Point","coordinates":[20.05702,49.985214]},"properties":{"name":"Wieliczka Centrum Dw.","lines":"B2, D2, G3, G4, J1, L1, P2, R2, W2, Z1","arr":["B2","D2","G3","G4","J1","L1","P2","R2","W2","Z1"],"terminus":1,"mode":"bus","color":"#0059a9","colorDark":"#00294f","angle":22.4,"snapDist":10,"label":1}},{"type":"Feature","geometry":{"type":"Point","coordinates":[20.05861,49.986032]},"properties":{"name":"Wieliczka Mickiewicza","lines":"B2, D2, G4, W2","arr":["B2","D2","G4","W2"],"terminus":0,"mode":"bus","color":"#0059a9","colorDark":"#00294f","angle":95.8,"snapDist":3,"label":1}},{"type":"Feature","geometry":{"type":"Point","coordinates":[20.064228,49.987338]},"properties":{"name":"Wieliczka Cmentarz","lines":"B2, D2, W2","arr":["B2","D2","W2"],"terminus":0,"mode":"bus","color":"#0059a9","colorDark":"#00294f","angle":183.8,"snapDist":3,"label":0}},{"type":"Feature","geometry":{"type":"Point","coordinates":[20.070074,49.991206]},"properties":{"name":"Wieliczka Os. Lekarka","lines":"B2","arr":["B2"],"terminus":0,"mode":"bus","color":"#0059a9","colorDark":"#00294f","angle":137.3,"snapDist":5,"label":1}},{"type":"Feature","geometry":{"type":"Point","coordinates":[20.072692,49.993112]},"properties":{"name":"Wieliczka Politechniczna","lines":"B2","arr":["B2"],"terminus":0,"mode":"bus","color":"#0059a9","colorDark":"#00294f","angle":128.8,"snapDist":5,"label":1}},{"type":"Feature","geometry":{"type":"Point","coordinates":[20.077039,49.99856]},"properties":{"name":"Zabawa Lurańce","lines":"B2","arr":["B2"],"terminus":0,"mode":"bus","color":"#0059a9","colorDark":"#00294f","angle":141,"snapDist":4,"label":1}},{"type":"Feature","geometry":{"type":"Point","coordinates":[20.079446,50.001565]},"properties":{"name":"Śledziejowice Kresy","lines":"B2","arr":["B2"],"terminus":0,"mode":"bus","color":"#0059a9","colorDark":"#00294f","angle":148,"snapDist":3,"label":1}},{"type":"Feature","geometry":{"type":"Point","coordinates":[20.084579,50.004829]},"properties":{"name":"Śledziejowice Europejska","lines":"B2, G4","arr":["B2","G4"],"terminus":0,"mode":"bus","color":"#0059a9","colorDark":"#00294f","angle":142.1,"snapDist":5,"label":1}},{"type":"Feature","geometry":{"type":"Point","coordinates":[20.084284,50.010065]},"properties":{"name":"Śledziejowice Szkoła","lines":"B2, G4","arr":["B2","G4"],"terminus":0,"mode":"bus","color":"#0059a9","colorDark":"#00294f","angle":87.7,"snapDist":5,"label":1}},{"type":"Feature","geometry":{"type":"Point","coordinates":[20.084199,50.012233]},"properties":{"name":"Kokotów Centrum","lines":"B2","arr":["B2"],"terminus":0,"mode":"bus","color":"#0059a9","colorDark":"#00294f","angle":171.6,"snapDist":5,"label":0}},{"type":"Feature","geometry":{"type":"Point","coordinates":[20.093057,50.013611]},"properties":{"name":"Kokotów OSP","lines":"B2","arr":["B2"],"terminus":0,"mode":"bus","color":"#0059a9","colorDark":"#00294f","angle":176,"snapDist":3,"label":0}},{"type":"Feature","geometry":{"type":"Point","coordinates":[20.106467,50.014642]},"properties":{"name":"Węgrzce Wielkie Gościniec","lines":"B2, Z1","arr":["B2","Z1"],"terminus":0,"mode":"bus","color":"#0059a9","colorDark":"#00294f","angle":175.8,"snapDist":4,"label":0}},{"type":"Feature","geometry":{"type":"Point","coordinates":[20.110831,50.015502]},"properties":{"name":"Węgrzce Wielkie Szkoła","lines":"B2","arr":["B2"],"terminus":0,"mode":"bus","color":"#0059a9","colorDark":"#00294f","angle":128.1,"snapDist":2,"label":1}},{"type":"Feature","geometry":{"type":"Point","coordinates":[20.115025,50.021776]},"properties":{"name":"Węgrzce Wielkie Krótka","lines":"B2","arr":["B2"],"terminus":0,"mode":"bus","color":"#0059a9","colorDark":"#00294f","angle":131.5,"snapDist":6,"label":1}},{"type":"Feature","geometry":{"type":"Point","coordinates":[20.121114,50.025486]},"properties":{"name":"Węgrzce Wielkie Krupy","lines":"B2","arr":["B2"],"terminus":0,"mode":"bus","color":"#0059a9","colorDark":"#00294f","angle":156.5,"snapDist":3,"label":1}},{"type":"Feature","geometry":{"type":"Point","coordinates":[20.125925,50.027762]},"properties":{"name":"Węgrzce Wielkie Krupy II","lines":"B2","arr":["B2"],"terminus":0,"mode":"bus","color":"#0059a9","colorDark":"#00294f","angle":143,"snapDist":4,"label":1}},{"type":"Feature","geometry":{"type":"Point","coordinates":[20.133411,50.035128]},"properties":{"name":"Grabie Gruczyn","lines":"B2","arr":["B2"],"terminus":0,"mode":"bus","color":"#0059a9","colorDark":"#00294f","angle":96.5,"snapDist":2,"label":1}},{"type":"Feature","geometry":{"type":"Point","coordinates":[20.133624,50.039919]},"properties":{"name":"Grabie Dom Kultury","lines":"B2","arr":["B2"],"terminus":0,"mode":"bus","color":"#0059a9","colorDark":"#00294f","angle":110.5,"snapDist":5,"label":0}},{"type":"Feature","geometry":{"type":"Point","coordinates":[20.139384,50.040709]},"properties":{"name":"Grabie Kościół","lines":"B2","arr":["B2"],"terminus":0,"mode":"bus","color":"#0059a9","colorDark":"#00294f","angle":230.8,"snapDist":14,"label":0}},{"type":"Feature","geometry":{"type":"Point","coordinates":[20.133582,50.039847]},"properties":{"name":"Grabie Dom Kultury","lines":"B2","arr":["B2"],"terminus":0,"mode":"bus","color":"#0059a9","colorDark":"#00294f","angle":110.5,"snapDist":4,"label":0}},{"type":"Feature","geometry":{"type":"Point","coordinates":[20.132657,50.039132]},"properties":{"name":"Grabie Skrzyżowanie","lines":"B2","arr":["B2"],"terminus":0,"mode":"bus","color":"#0059a9","colorDark":"#00294f","angle":4.2,"snapDist":3,"label":1}},{"type":"Feature","geometry":{"type":"Point","coordinates":[20.111759,50.038702]},"properties":{"name":"Grabie Szczurów","lines":"B2","arr":["B2"],"terminus":0,"mode":"bus","color":"#0059a9","colorDark":"#00294f","angle":356.4,"snapDist":4,"label":0}},{"type":"Feature","geometry":{"type":"Point","coordinates":[20.104528,50.036997]},"properties":{"name":"Brzegi Granica","lines":"B2","arr":["B2"],"terminus":0,"mode":"bus","color":"#0059a9","colorDark":"#00294f","angle":349.2,"snapDist":4,"label":0}},{"type":"Feature","geometry":{"type":"Point","coordinates":[20.101315,50.036923]},"properties":{"name":"Brzegi Dom Kultury","lines":"B2","arr":["B2"],"terminus":0,"mode":"bus","color":"#0059a9","colorDark":"#00294f","angle":306,"snapDist":6,"label":0}},{"type":"Feature","geometry":{"type":"Point","coordinates":[20.094776,50.03133]},"properties":{"name":"Brzegi Pętla","lines":"B2, G4","arr":["B2","G4"],"terminus":1,"mode":"bus","color":"#0059a9","colorDark":"#00294f","angle":-48.7,"snapDist":2,"label":1}},{"type":"Feature","geometry":{"type":"Point","coordinates":[20.102785,50.036827]},"properties":{"name":"Brzegi Dom Kultury","lines":"B2","arr":["B2"],"terminus":0,"mode":"bus","color":"#0059a9","colorDark":"#00294f","angle":185.2,"snapDist":3,"label":0}},{"type":"Feature","geometry":{"type":"Point","coordinates":[20.104538,50.036998]},"properties":{"name":"Brzegi Granica","lines":"B2","arr":["B2"],"terminus":0,"mode":"bus","color":"#0059a9","colorDark":"#00294f","angle":169.2,"snapDist":4,"label":0}},{"type":"Feature","geometry":{"type":"Point","coordinates":[20.112129,50.038716]},"properties":{"name":"Grabie Szczurów","lines":"B2","arr":["B2"],"terminus":0,"mode":"bus","color":"#0059a9","colorDark":"#00294f","angle":177.1,"snapDist":2,"label":0}},{"type":"Feature","geometry":{"type":"Point","coordinates":[20.132773,50.038799]},"properties":{"name":"Grabie Skrzyżowanie","lines":"B2","arr":["B2"],"terminus":0,"mode":"bus","color":"#0059a9","colorDark":"#00294f","angle":275.6,"snapDist":3,"label":0}},{"type":"Feature","geometry":{"type":"Point","coordinates":[20.133323,50.034772]},"properties":{"name":"Grabie Gruczyn","lines":"B2","arr":["B2"],"terminus":0,"mode":"bus","color":"#0059a9","colorDark":"#00294f","angle":280.8,"snapDist":5,"label":0}},{"type":"Feature","geometry":{"type":"Point","coordinates":[20.124966,50.027202]},"properties":{"name":"Węgrzce Wielkie Krupy II","lines":"B2","arr":["B2"],"terminus":0,"mode":"bus","color":"#0059a9","colorDark":"#00294f","angle":312.2,"snapDist":1,"label":0}},{"type":"Feature","geometry":{"type":"Point","coordinates":[20.121044,50.025466]},"properties":{"name":"Węgrzce Wielkie Krupy","lines":"B2","arr":["B2"],"terminus":0,"mode":"bus","color":"#0059a9","colorDark":"#00294f","angle":335.2,"snapDist":4,"label":0}},{"type":"Feature","geometry":{"type":"Point","coordinates":[20.114826,50.021632]},"properties":{"name":"Węgrzce Wielkie Krótka","lines":"B2","arr":["B2"],"terminus":0,"mode":"bus","color":"#0059a9","colorDark":"#00294f","angle":311.5,"snapDist":8,"label":0}},{"type":"Feature","geometry":{"type":"Point","coordinates":[20.110124,50.014975]},"properties":{"name":"Węgrzce Wielkie Szkoła","lines":"B2","arr":["B2"],"terminus":0,"mode":"bus","color":"#0059a9","colorDark":"#00294f","angle":311.5,"snapDist":4,"label":0}},{"type":"Feature","geometry":{"type":"Point","coordinates":[20.105929,50.014624]},"properties":{"name":"Węgrzce Wielkie Gościniec","lines":"B2, Z1","arr":["B2","Z1"],"terminus":0,"mode":"bus","color":"#0059a9","colorDark":"#00294f","angle":357.2,"snapDist":3,"label":0}},{"type":"Feature","geometry":{"type":"Point","coordinates":[20.094869,50.013788]},"properties":{"name":"Kokotów OSP","lines":"B2","arr":["B2"],"terminus":0,"mode":"bus","color":"#0059a9","colorDark":"#00294f","angle":346,"snapDist":4,"label":0}},{"type":"Feature","geometry":{"type":"Point","coordinates":[20.084062,50.011944]},"properties":{"name":"Kokotów Centrum","lines":"B2, G4","arr":["B2","G4"],"terminus":0,"mode":"bus","color":"#0059a9","colorDark":"#00294f","angle":263,"snapDist":3,"label":0}},{"type":"Feature","geometry":{"type":"Point","coordinates":[20.084286,50.010025]},"properties":{"name":"Śledziejowice Szkoła","lines":"B2, G4","arr":["B2","G4"],"terminus":0,"mode":"bus","color":"#0059a9","colorDark":"#00294f","angle":267.7,"snapDist":3,"label":0}},{"type":"Feature","geometry":{"type":"Point","coordinates":[20.083736,50.004069]},"properties":{"name":"Śledziejowice Europejska","lines":"B2","arr":["B2"],"terminus":0,"mode":"bus","color":"#0059a9","colorDark":"#00294f","angle":294.8,"snapDist":1,"label":0}},{"type":"Feature","geometry":{"type":"Point","coordinates":[20.079234,50.00148]},"properties":{"name":"Śledziejowice Kresy","lines":"B2","arr":["B2"],"terminus":0,"mode":"bus","color":"#0059a9","colorDark":"#00294f","angle":328,"snapDist":6,"label":0}},{"type":"Feature","geometry":{"type":"Point","coordinates":[20.076947,49.998512]},"properties":{"name":"Zabawa Lurańce","lines":"B2","arr":["B2"],"terminus":0,"mode":"bus","color":"#0059a9","colorDark":"#00294f","angle":321,"snapDist":4,"label":0}},{"type":"Feature","geometry":{"type":"Point","coordinates":[20.07271,49.993127]},"properties":{"name":"Wieliczka Politechniczna","lines":"B2","arr":["B2"],"terminus":0,"mode":"bus","color":"#0059a9","colorDark":"#00294f","angle":308.8,"snapDist":4,"label":0}},{"type":"Feature","geometry":{"type":"Point","coordinates":[20.069753,49.991016]},"properties":{"name":"Wieliczka Os. Lekarka","lines":"B2","arr":["B2"],"terminus":0,"mode":"bus","color":"#0059a9","colorDark":"#00294f","angle":317,"snapDist":5,"label":0}},{"type":"Feature","geometry":{"type":"Point","coordinates":[20.065155,49.9873]},"properties":{"name":"Wieliczka Cmentarz","lines":"B2, D2, W2","arr":["B2","D2","W2"],"terminus":0,"mode":"bus","color":"#0059a9","colorDark":"#00294f","angle":4.3,"snapDist":4,"label":0}},{"type":"Feature","geometry":{"type":"Point","coordinates":[20.055655,49.988418]},"properties":{"name":"Wieliczka Klasztor","lines":"B2, D2, W2","arr":["B2","D2","W2"],"terminus":0,"mode":"bus","color":"#0059a9","colorDark":"#00294f","angle":6.7,"snapDist":4,"label":0}},{"type":"Feature","geometry":{"type":"Point","coordinates":[20.058595,49.985934]},"properties":{"name":"Wieliczka Mickiewicza","lines":"B2, D2, G4, W2","arr":["B2","D2","G4","W2"],"terminus":0,"mode":"bus","color":"#0059a9","colorDark":"#00294f","angle":274.6,"snapDist":2,"label":0}},{"type":"Feature","geometry":{"type":"Point","coordinates":[20.056836,49.985265]},"properties":{"name":"Wieliczka Centrum Dw.","lines":"B2, D2, G3, G4, J1, L1, P2, R2, W2, Z1","arr":["B2","D2","G3","G4","J1","L1","P2","R2","W2","Z1"],"terminus":1,"mode":"bus","color":"#0059a9","colorDark":"#00294f","angle":23.5,"snapDist":7,"label":0}},{"type":"Feature","geometry":{"type":"Point","coordinates":[20.069926,49.982963]},"properties":{"name":"Wieliczka Asnyka","lines":"D2, L1","arr":["D2","L1"],"terminus":0,"mode":"bus","color":"#0059a9","colorDark":"#00294f","angle":286,"snapDist":3,"label":0}},{"type":"Feature","geometry":{"type":"Point","coordinates":[20.061356,49.972053]},"properties":{"name":"Wieliczka Pod Baranem","lines":"D2, R2","arr":["D2","R2"],"terminus":0,"mode":"bus","color":"#0059a9","colorDark":"#00294f","angle":302.4,"snapDist":5,"label":1}},{"type":"Feature","geometry":{"type":"Point","coordinates":[20.057952,49.966034]},"properties":{"name":"Pawlikowice Rożnowa","lines":"D2","arr":["D2"],"terminus":0,"mode":"bus","color":"#0059a9","colorDark":"#00294f","angle":282.7,"snapDist":6,"label":1}},{"type":"Feature","geometry":{"type":"Point","coordinates":[20.053295,49.958692]},"properties":{"name":"Pawlikowice Taszyce","lines":"D2","arr":["D2"],"terminus":0,"mode":"bus","color":"#0059a9","colorDark":"#00294f","angle":302.6,"snapDist":5,"label":1}},{"type":"Feature","geometry":{"type":"Point","coordinates":[20.055112,49.953382]},"properties":{"name":"Pawlikowice","lines":"D2","arr":["D2"],"terminus":0,"mode":"bus","color":"#0059a9","colorDark":"#00294f","angle":261.1,"snapDist":3,"label":1}},{"type":"Feature","geometry":{"type":"Point","coordinates":[20.05755,49.951668]},"properties":{"name":"Pawlikowice Skrzyżowanie","lines":"D2","arr":["D2"],"terminus":0,"mode":"bus","color":"#0059a9","colorDark":"#00294f","angle":168.8,"snapDist":2,"label":1}},{"type":"Feature","geometry":{"type":"Point","coordinates":[20.063652,49.954721]},"properties":{"name":"Pawlikowice Krzyż","lines":"D2","arr":["D2"],"terminus":0,"mode":"bus","color":"#0059a9","colorDark":"#00294f","angle":115.3,"snapDist":3,"label":1}},{"type":"Feature","geometry":{"type":"Point","coordinates":[20.066178,49.961014]},"properties":{"name":"Pawlikowice Cmentarz","lines":"D2","arr":["D2"],"terminus":0,"mode":"bus","color":"#0059a9","colorDark":"#00294f","angle":78.5,"snapDist":2,"label":1}},{"type":"Feature","geometry":{"type":"Point","coordinates":[20.062464,49.968896]},"properties":{"name":"Mietniów Pawlikowice","lines":"D2","arr":["D2"],"terminus":0,"mode":"bus","color":"#0059a9","colorDark":"#00294f","angle":196.9,"snapDist":3,"label":1}},{"type":"Feature","geometry":{"type":"Point","coordinates":[20.068731,49.966792]},"properties":{"name":"Mietniów Pod Aniołem","lines":"D2","arr":["D2"],"terminus":0,"mode":"bus","color":"#0059a9","colorDark":"#00294f","angle":202.3,"snapDist":7,"label":1}},{"type":"Feature","geometry":{"type":"Point","coordinates":[20.075396,49.961502]},"properties":{"name":"Mietniów Szkoła","lines":"D2","arr":["D2"],"terminus":0,"mode":"bus","color":"#0059a9","colorDark":"#00294f","angle":271.8,"snapDist":7,"label":1}},{"type":"Feature","geometry":{"type":"Point","coordinates":[20.076082,49.957173]},"properties":{"name":"Mietniów Skrzynki","lines":"D2","arr":["D2"],"terminus":0,"mode":"bus","color":"#0059a9","colorDark":"#00294f","angle":255.8,"snapDist":0,"label":1}},{"type":"Feature","geometry":{"type":"Point","coordinates":[20.07555,49.951586]},"properties":{"name":"Mietniów Stawy","lines":"D2","arr":["D2"],"terminus":0,"mode":"bus","color":"#0059a9","colorDark":"#00294f","angle":273.2,"snapDist":6,"label":1}},{"type":"Feature","geometry":{"type":"Point","coordinates":[20.081436,49.945785]},"properties":{"name":"Mietniów Kluczna","lines":"D2","arr":["D2"],"terminus":0,"mode":"bus","color":"#0059a9","colorDark":"#00294f","angle":236.4,"snapDist":4,"label":1}},{"type":"Feature","geometry":{"type":"Point","coordinates":[20.08189,49.944156]},"properties":{"name":"Raciborsko Krzyżówka","lines":"D2","arr":["D2"],"terminus":0,"mode":"bus","color":"#0059a9","colorDark":"#00294f","angle":264.3,"snapDist":3,"label":1}},{"type":"Feature","geometry":{"type":"Point","coordinates":[20.092949,49.943585]},"properties":{"name":"Grajów Przymiarki","lines":"D2","arr":["D2"],"terminus":0,"mode":"bus","color":"#0059a9","colorDark":"#00294f","angle":284.8,"snapDist":4,"label":1}},{"type":"Feature","geometry":{"type":"Point","coordinates":[20.098056,49.939916]},"properties":{"name":"Grajów Sklep","lines":"D2","arr":["D2"],"terminus":0,"mode":"bus","color":"#0059a9","colorDark":"#00294f","angle":201.8,"snapDist":3,"label":1}},{"type":"Feature","geometry":{"type":"Point","coordinates":[20.102372,49.937906]},"properties":{"name":"Grajów Szkoła","lines":"D2","arr":["D2"],"terminus":0,"mode":"bus","color":"#0059a9","colorDark":"#00294f","angle":233.8,"snapDist":3,"label":1}},{"type":"Feature","geometry":{"type":"Point","coordinates":[20.104075,49.936845]},"properties":{"name":"Grajów Podlas","lines":"D2","arr":["D2"],"terminus":0,"mode":"bus","color":"#0059a9","colorDark":"#00294f","angle":211,"snapDist":3,"label":1}},{"type":"Feature","geometry":{"type":"Point","coordinates":[20.108112,49.933686]},"properties":{"name":"Grajów Katy","lines":"D2","arr":["D2"],"terminus":0,"mode":"bus","color":"#0059a9","colorDark":"#00294f","angle":225.6,"snapDist":2,"label":1}},{"type":"Feature","geometry":{"type":"Point","coordinates":[20.109662,49.928864]},"properties":{"name":"Grajów Boisko","lines":"D2","arr":["D2"],"terminus":0,"mode":"bus","color":"#0059a9","colorDark":"#00294f","angle":248.6,"snapDist":7,"label":1}},{"type":"Feature","geometry":{"type":"Point","coordinates":[20.115035,49.924891]},"properties":{"name":"Grajów Dębówka","lines":"D2","arr":["D2"],"terminus":0,"mode":"bus","color":"#0059a9","colorDark":"#00294f","angle":224.4,"snapDist":1,"label":1}},{"type":"Feature","geometry":{"type":"Point","coordinates":[20.117178,49.922567]},"properties":{"name":"Grajów Żakowa","lines":"D2","arr":["D2"],"terminus":0,"mode":"bus","color":"#0059a9","colorDark":"#00294f","angle":274.2,"snapDist":2,"label":1}},{"type":"Feature","geometry":{"type":"Point","coordinates":[20.118927,49.919713]},"properties":{"name":"Hucisko Skrzyżowanie","lines":"D2","arr":["D2"],"terminus":0,"mode":"bus","color":"#0059a9","colorDark":"#00294f","angle":239.4,"snapDist":2,"label":1}},{"type":"Feature","geometry":{"type":"Point","coordinates":[20.126313,49.914999]},"properties":{"name":"Hucisko Las","lines":"D2","arr":["D2"],"terminus":0,"mode":"bus","color":"#0059a9","colorDark":"#00294f","angle":253.4,"snapDist":1,"label":1}},{"type":"Feature","geometry":{"type":"Point","coordinates":[20.135006,49.91997]},"properties":{"name":"Hucisko Centrum","lines":"D2","arr":["D2"],"terminus":0,"mode":"bus","color":"#0059a9","colorDark":"#00294f","angle":71.5,"snapDist":4,"label":1}},{"type":"Feature","geometry":{"type":"Point","coordinates":[20.12943,49.925221]},"properties":{"name":"Hucisko Pasternik","lines":"D2","arr":["D2"],"terminus":0,"mode":"bus","color":"#0059a9","colorDark":"#00294f","angle":44.9,"snapDist":4,"label":1}},{"type":"Feature","geometry":{"type":"Point","coordinates":[20.12437,49.931384]},"properties":{"name":"Dobranowice Wola Dobranowska","lines":"D2","arr":["D2"],"terminus":0,"mode":"bus","color":"#0059a9","colorDark":"#00294f","angle":81.1,"snapDist":6,"label":1}},{"type":"Feature","geometry":{"type":"Point","coordinates":[20.121193,49.938285]},"properties":{"name":"Dobranowice Las Winny","lines":"D2","arr":["D2"],"terminus":0,"mode":"bus","color":"#0059a9","colorDark":"#00294f","angle":90.9,"snapDist":6,"label":1}},{"type":"Feature","geometry":{"type":"Point","coordinates":[20.116625,49.942639]},"properties":{"name":"Dobranowice Szkoła","lines":"D2","arr":["D2"],"terminus":1,"mode":"bus","color":"#0059a9","colorDark":"#00294f","angle":49.2,"snapDist":7,"label":1}},{"type":"Feature","geometry":{"type":"Point","coordinates":[20.117007,49.942353]},"properties":{"name":"Dobranowice Szkoła","lines":"D2","arr":["D2"],"terminus":1,"mode":"bus","color":"#0059a9","colorDark":"#00294f","angle":218.4,"snapDist":4,"label":0}},{"type":"Feature","geometry":{"type":"Point","coordinates":[20.121189,49.938129]},"properties":{"name":"Dobranowice Las Winny","lines":"D2","arr":["D2"],"terminus":0,"mode":"bus","color":"#0059a9","colorDark":"#00294f","angle":271,"snapDist":3,"label":0}},{"type":"Feature","geometry":{"type":"Point","coordinates":[20.124424,49.931212]},"properties":{"name":"Dobranowice Wola Dobranowska","lines":"D2","arr":["D2"],"terminus":0,"mode":"bus","color":"#0059a9","colorDark":"#00294f","angle":257.5,"snapDist":5,"label":0}},{"type":"Feature","geometry":{"type":"Point","coordinates":[20.129593,49.925121]},"properties":{"name":"Hucisko Pasternik","lines":"D2","arr":["D2"],"terminus":0,"mode":"bus","color":"#0059a9","colorDark":"#00294f","angle":223.2,"snapDist":6,"label":0}},{"type":"Feature","geometry":{"type":"Point","coordinates":[20.135094,49.919796]},"properties":{"name":"Hucisko Centrum","lines":"D2","arr":["D2"],"terminus":0,"mode":"bus","color":"#0059a9","colorDark":"#00294f","angle":253.7,"snapDist":4,"label":0}},{"type":"Feature","geometry":{"type":"Point","coordinates":[20.126328,49.914967]},"properties":{"name":"Hucisko Las","lines":"D2","arr":["D2"],"terminus":0,"mode":"bus","color":"#0059a9","colorDark":"#00294f","angle":73.4,"snapDist":2,"label":0}},{"type":"Feature","geometry":{"type":"Point","coordinates":[20.118927,49.919714]},"properties":{"name":"Hucisko Skrzyżowanie","lines":"D2","arr":["D2"],"terminus":0,"mode":"bus","color":"#0059a9","colorDark":"#00294f","angle":59.4,"snapDist":3,"label":0}},{"type":"Feature","geometry":{"type":"Point","coordinates":[20.117182,49.922608]},"properties":{"name":"Grajów Żakowa","lines":"D2","arr":["D2"],"terminus":0,"mode":"bus","color":"#0059a9","colorDark":"#00294f","angle":92.6,"snapDist":2,"label":0}},{"type":"Feature","geometry":{"type":"Point","coordinates":[20.115689,49.924537]},"properties":{"name":"Grajów Dębówka","lines":"D2","arr":["D2"],"terminus":0,"mode":"bus","color":"#0059a9","colorDark":"#00294f","angle":40.3,"snapDist":4,"label":0}},{"type":"Feature","geometry":{"type":"Point","coordinates":[20.109691,49.928819]},"properties":{"name":"Grajów Boisko","lines":"D2","arr":["D2"],"terminus":0,"mode":"bus","color":"#0059a9","colorDark":"#00294f","angle":62.2,"snapDist":1,"label":0}},{"type":"Feature","geometry":{"type":"Point","coordinates":[20.108105,49.933691]},"properties":{"name":"Grajów Katy","lines":"D2","arr":["D2"],"terminus":0,"mode":"bus","color":"#0059a9","colorDark":"#00294f","angle":45.6,"snapDist":4,"label":0}},{"type":"Feature","geometry":{"type":"Point","coordinates":[20.104078,49.936844]},"properties":{"name":"Grajów Podlas","lines":"D2","arr":["D2"],"terminus":0,"mode":"bus","color":"#0059a9","colorDark":"#00294f","angle":31,"snapDist":2,"label":0}},{"type":"Feature","geometry":{"type":"Point","coordinates":[20.102316,49.937954]},"properties":{"name":"Grajów Szkoła","lines":"D2","arr":["D2"],"terminus":0,"mode":"bus","color":"#0059a9","colorDark":"#00294f","angle":53.8,"snapDist":1,"label":0}},{"type":"Feature","geometry":{"type":"Point","coordinates":[20.098147,49.939893]},"properties":{"name":"Grajów Sklep","lines":"D2","arr":["D2"],"terminus":0,"mode":"bus","color":"#0059a9","colorDark":"#00294f","angle":21.8,"snapDist":3,"label":0}},{"type":"Feature","geometry":{"type":"Point","coordinates":[20.092949,49.943584]},"properties":{"name":"Grajów Przymiarki","lines":"D2","arr":["D2"],"terminus":0,"mode":"bus","color":"#0059a9","colorDark":"#00294f","angle":104.8,"snapDist":3,"label":0}},{"type":"Feature","geometry":{"type":"Point","coordinates":[20.081884,49.944198]},"properties":{"name":"Raciborsko Krzyżówka","lines":"D2","arr":["D2"],"terminus":0,"mode":"bus","color":"#0059a9","colorDark":"#00294f","angle":84.3,"snapDist":4,"label":0}},{"type":"Feature","geometry":{"type":"Point","coordinates":[20.081317,49.945887]},"properties":{"name":"Mietniów Kluczna","lines":"D2","arr":["D2"],"terminus":0,"mode":"bus","color":"#0059a9","colorDark":"#00294f","angle":46.5,"snapDist":1,"label":0}},{"type":"Feature","geometry":{"type":"Point","coordinates":[20.075558,49.951674]},"properties":{"name":"Mietniów Stawy","lines":"D2","arr":["D2"],"terminus":0,"mode":"bus","color":"#0059a9","colorDark":"#00294f","angle":93.2,"snapDist":5,"label":0}},{"type":"Feature","geometry":{"type":"Point","coordinates":[20.076067,49.958041]},"properties":{"name":"Mietniów Skrzynki","lines":"D2","arr":["D2"],"terminus":0,"mode":"bus","color":"#0059a9","colorDark":"#00294f","angle":94.6,"snapDist":3,"label":0}},{"type":"Feature","geometry":{"type":"Point","coordinates":[20.075388,49.961344]},"properties":{"name":"Mietniów Szkoła","lines":"D2","arr":["D2"],"terminus":0,"mode":"bus","color":"#0059a9","colorDark":"#00294f","angle":91.7,"snapDist":6,"label":0}},{"type":"Feature","geometry":{"type":"Point","coordinates":[20.068649,49.966814]},"properties":{"name":"Mietniów Pod Aniołem","lines":"D2","arr":["D2"],"terminus":0,"mode":"bus","color":"#0059a9","colorDark":"#00294f","angle":22.3,"snapDist":5,"label":0}},{"type":"Feature","geometry":{"type":"Point","coordinates":[20.061992,49.968796]},"properties":{"name":"Pawlikowice Granica","lines":"D2","arr":["D2"],"terminus":0,"mode":"bus","color":"#0059a9","colorDark":"#00294f","angle":237.4,"snapDist":4,"label":1}},{"type":"Feature","geometry":{"type":"Point","coordinates":[20.066099,49.961265]},"properties":{"name":"Pawlikowice Cmentarz","lines":"D2","arr":["D2"],"terminus":0,"mode":"bus","color":"#0059a9","colorDark":"#00294f","angle":258.5,"snapDist":3,"label":0}},{"type":"Feature","geometry":{"type":"Point","coordinates":[20.063817,49.954952]},"properties":{"name":"Pawlikowice Krzyż","lines":"D2","arr":["D2"],"terminus":0,"mode":"bus","color":"#0059a9","colorDark":"#00294f","angle":294.7,"snapDist":3,"label":0}},{"type":"Feature","geometry":{"type":"Point","coordinates":[20.057478,49.951659]},"properties":{"name":"Pawlikowice Skrzyżowanie","lines":"D2","arr":["D2"],"terminus":0,"mode":"bus","color":"#0059a9","colorDark":"#00294f","angle":348.8,"snapDist":3,"label":0}},{"type":"Feature","geometry":{"type":"Point","coordinates":[20.054892,49.953846]},"properties":{"name":"Pawlikowice","lines":"D2","arr":["D2"],"terminus":0,"mode":"bus","color":"#0059a9","colorDark":"#00294f","angle":69.2,"snapDist":5,"label":0}},{"type":"Feature","geometry":{"type":"Point","coordinates":[20.054136,49.959563]},"properties":{"name":"Pawlikowice Taszyce","lines":"D2","arr":["D2"],"terminus":0,"mode":"bus","color":"#0059a9","colorDark":"#00294f","angle":120.5,"snapDist":3,"label":0}},{"type":"Feature","geometry":{"type":"Point","coordinates":[20.058338,49.967111]},"properties":{"name":"Pawlikowice Rożnowa","lines":"D2","arr":["D2"],"terminus":0,"mode":"bus","color":"#0059a9","colorDark":"#00294f","angle":102.7,"snapDist":5,"label":0}},{"type":"Feature","geometry":{"type":"Point","coordinates":[20.06099,49.971761]},"properties":{"name":"Wieliczka Pod Baranem","lines":"D2, R2","arr":["D2","R2"],"terminus":0,"mode":"bus","color":"#0059a9","colorDark":"#00294f","angle":134.9,"snapDist":2,"label":0}},{"type":"Feature","geometry":{"type":"Point","coordinates":[20.069723,49.982491]},"properties":{"name":"Wieliczka Asnyka","lines":"D2","arr":["D2"],"terminus":0,"mode":"bus","color":"#0059a9","colorDark":"#00294f","angle":105.2,"snapDist":5,"label":0}},{"type":"Feature","geometry":{"type":"Point","coordinates":[20.0462,49.985298]},"properties":{"name":"Wieliczka Solne Miasto","lines":"G3, J1, P2","arr":["G3","J1","P2"],"terminus":0,"mode":"bus","color":"#0059a9","colorDark":"#00294f","angle":71.4,"snapDist":6,"label":0}},{"type":"Feature","geometry":{"type":"Point","coordinates":[20.049471,49.980701]},"properties":{"name":"Wieliczka Sąd","lines":"G3, J1","arr":["G3","J1"],"terminus":0,"mode":"bus","color":"#0059a9","colorDark":"#00294f","angle":230.4,"snapDist":1,"label":0}},{"type":"Feature","geometry":{"type":"Point","coordinates":[20.049885,49.976147]},"properties":{"name":"Siercza Klasno","lines":"G3","arr":["G3"],"terminus":0,"mode":"bus","color":"#0059a9","colorDark":"#00294f","angle":329,"snapDist":3,"label":1}},{"type":"Feature","geometry":{"type":"Point","coordinates":[20.04473,49.97544]},"properties":{"name":"Siercza Przetakówka","lines":"G3","arr":["G3"],"terminus":0,"mode":"bus","color":"#0059a9","colorDark":"#00294f","angle":356.4,"snapDist":3,"label":1}},{"type":"Feature","geometry":{"type":"Point","coordinates":[20.042717,49.973081]},"properties":{"name":"Siercza Stacja Paliw","lines":"G3, J1","arr":["G3","J1"],"terminus":0,"mode":"bus","color":"#0059a9","colorDark":"#00294f","angle":276.2,"snapDist":3,"label":1}},{"type":"Feature","geometry":{"type":"Point","coordinates":[20.039838,49.971253]},"properties":{"name":"Siercza Szkoła","lines":"G3","arr":["G3"],"terminus":0,"mode":"bus","color":"#0059a9","colorDark":"#00294f","angle":330.6,"snapDist":3,"label":1}},{"type":"Feature","geometry":{"type":"Point","coordinates":[20.035719,49.96697]},"properties":{"name":"Siercza Kapliczka","lines":"G3","arr":["G3"],"terminus":0,"mode":"bus","color":"#0059a9","colorDark":"#00294f","angle":274.4,"snapDist":0,"label":1}},{"type":"Feature","geometry":{"type":"Point","coordinates":[20.03012,49.961384]},"properties":{"name":"Sygneczów Młyn","lines":"G3","arr":["G3"],"terminus":0,"mode":"bus","color":"#0059a9","colorDark":"#00294f","angle":36.9,"snapDist":6,"label":1}},{"type":"Feature","geometry":{"type":"Point","coordinates":[20.027084,49.963141]},"properties":{"name":"Sygneczów Wilga","lines":"G3","arr":["G3"],"terminus":0,"mode":"bus","color":"#0059a9","colorDark":"#00294f","angle":39.5,"snapDist":5,"label":1}},{"type":"Feature","geometry":{"type":"Point","coordinates":[20.026301,49.966509]},"properties":{"name":"Sygneczów Zakręt","lines":"G3","arr":["G3"],"terminus":0,"mode":"bus","color":"#0059a9","colorDark":"#00294f","angle":24,"snapDist":2,"label":1}},{"type":"Feature","geometry":{"type":"Point","coordinates":[20.019071,49.968766]},"properties":{"name":"Sygneczów Stacja Trafo","lines":"G3","arr":["G3"],"terminus":0,"mode":"bus","color":"#0059a9","colorDark":"#00294f","angle":31.9,"snapDist":6,"label":1}},{"type":"Feature","geometry":{"type":"Point","coordinates":[20.013012,49.970187]},"properties":{"name":"Sygneczów Kościół","lines":"G3","arr":["G3"],"terminus":0,"mode":"bus","color":"#0059a9","colorDark":"#00294f","angle":53.7,"snapDist":2,"label":1}},{"type":"Feature","geometry":{"type":"Point","coordinates":[20.011188,49.973437]},"properties":{"name":"Sygneczów Sklep","lines":"G3","arr":["G3"],"terminus":0,"mode":"bus","color":"#0059a9","colorDark":"#00294f","angle":106,"snapDist":5,"label":1}},{"type":"Feature","geometry":{"type":"Point","coordinates":[20.002056,49.974087]},"properties":{"name":"Grabówki Pętla","lines":"G3, P2","arr":["G3","P2"],"terminus":0,"mode":"bus","color":"#0059a9","colorDark":"#00294f","angle":344.3,"snapDist":4,"label":0}},{"type":"Feature","geometry":{"type":"Point","coordinates":[19.995791,49.973774]},"properties":{"name":"Grabówki Granica","lines":"G3","arr":["G3"],"terminus":0,"mode":"bus","color":"#0059a9","colorDark":"#00294f","angle":354.5,"snapDist":3,"label":1}},{"type":"Feature","geometry":{"type":"Point","coordinates":[19.988773,49.97298]},"properties":{"name":"Golkowice Sklep","lines":"G3","arr":["G3"],"terminus":0,"mode":"bus","color":"#0059a9","colorDark":"#00294f","angle":1,"snapDist":12,"label":0}},{"type":"Feature","geometry":{"type":"Point","coordinates":[19.979993,49.972616]},"properties":{"name":"Golkowice Kościół","lines":"G3","arr":["G3"],"terminus":0,"mode":"bus","color":"#0059a9","colorDark":"#00294f","angle":3.3,"snapDist":2,"label":1}},{"type":"Feature","geometry":{"type":"Point","coordinates":[19.967373,49.973847]},"properties":{"name":"Golkowice Pętla","lines":"G3","arr":["G3"],"terminus":1,"mode":"bus","color":"#0059a9","colorDark":"#00294f","angle":38.1,"snapDist":5,"label":0}},{"type":"Feature","geometry":{"type":"Point","coordinates":[19.978215,49.972645]},"properties":{"name":"Golkowice Kościół","lines":"G3","arr":["G3"],"terminus":0,"mode":"bus","color":"#0059a9","colorDark":"#00294f","angle":189.4,"snapDist":4,"label":0}},{"type":"Feature","geometry":{"type":"Point","coordinates":[19.989246,49.972975]},"properties":{"name":"Golkowice Sklep","lines":"G3","arr":["G3"],"terminus":0,"mode":"bus","color":"#0059a9","colorDark":"#00294f","angle":180.7,"snapDist":4,"label":0}},{"type":"Feature","geometry":{"type":"Point","coordinates":[20.000623,49.973747]},"properties":{"name":"Grabówki Pętla","lines":"G3, P2","arr":["G3","P2"],"terminus":0,"mode":"bus","color":"#0059a9","colorDark":"#00294f","angle":28.9,"snapDist":10,"label":0}},{"type":"Feature","geometry":{"type":"Point","coordinates":[20.011291,49.974004]},"properties":{"name":"Sygneczów Sklep","lines":"G3","arr":["G3"],"terminus":0,"mode":"bus","color":"#0059a9","colorDark":"#00294f","angle":273.3,"snapDist":2,"label":0}},{"type":"Feature","geometry":{"type":"Point","coordinates":[20.013085,49.970133]},"properties":{"name":"Sygneczów Kościół","lines":"G3","arr":["G3"],"terminus":0,"mode":"bus","color":"#0059a9","colorDark":"#00294f","angle":224.3,"snapDist":3,"label":0}},{"type":"Feature","geometry":{"type":"Point","coordinates":[20.02008,49.968416]},"properties":{"name":"Sygneczów Stacja Trafo","lines":"G3","arr":["G3"],"terminus":0,"mode":"bus","color":"#0059a9","colorDark":"#00294f","angle":200.9,"snapDist":2,"label":0}},{"type":"Feature","geometry":{"type":"Point","coordinates":[20.024736,49.966931]},"properties":{"name":"Sygneczów Zakręt","lines":"G3","arr":["G3"],"terminus":0,"mode":"bus","color":"#0059a9","colorDark":"#00294f","angle":202.9,"snapDist":0,"label":0}},{"type":"Feature","geometry":{"type":"Point","coordinates":[20.027259,49.963048]},"properties":{"name":"Sygneczów Wilga","lines":"G3","arr":["G3"],"terminus":0,"mode":"bus","color":"#0059a9","colorDark":"#00294f","angle":219.5,"snapDist":1,"label":0}},{"type":"Feature","geometry":{"type":"Point","coordinates":[20.031078,49.96124]},"properties":{"name":"Sygneczów Młyn","lines":"G3","arr":["G3"],"terminus":0,"mode":"bus","color":"#0059a9","colorDark":"#00294f","angle":163.4,"snapDist":3,"label":0}},{"type":"Feature","geometry":{"type":"Point","coordinates":[20.035938,49.967434]},"properties":{"name":"Siercza Kapliczka","lines":"G3","arr":["G3"],"terminus":0,"mode":"bus","color":"#0059a9","colorDark":"#00294f","angle":114.2,"snapDist":4,"label":0}},{"type":"Feature","geometry":{"type":"Point","coordinates":[20.040302,49.971424]},"properties":{"name":"Siercza Szkoła","lines":"G3","arr":["G3"],"terminus":0,"mode":"bus","color":"#0059a9","colorDark":"#00294f","angle":148.1,"snapDist":1,"label":0}},{"type":"Feature","geometry":{"type":"Point","coordinates":[20.044425,49.975427]},"properties":{"name":"Siercza Przetakówka","lines":"G3","arr":["G3"],"terminus":0,"mode":"bus","color":"#0059a9","colorDark":"#00294f","angle":176.4,"snapDist":5,"label":0}},{"type":"Feature","geometry":{"type":"Point","coordinates":[20.049794,49.976111]},"properties":{"name":"Siercza Klasno","lines":"G3","arr":["G3"],"terminus":0,"mode":"bus","color":"#0059a9","colorDark":"#00294f","angle":149,"snapDist":3,"label":0}},{"type":"Feature","geometry":{"type":"Point","coordinates":[20.051144,49.980464]},"properties":{"name":"Wieliczka Sąd","lines":"G3, J1","arr":["G3","J1"],"terminus":0,"mode":"bus","color":"#0059a9","colorDark":"#00294f","angle":358.3,"snapDist":3,"label":0}},{"type":"Feature","geometry":{"type":"Point","coordinates":[20.04593,49.985839]},"properties":{"name":"Wieliczka Solne Miasto","lines":"G3, J1, P2","arr":["G3","J1","P2"],"terminus":0,"mode":"bus","color":"#0059a9","colorDark":"#00294f","angle":72.8,"snapDist":2,"label":0}},{"type":"Feature","geometry":{"type":"Point","coordinates":[20.043105,49.993017]},"properties":{"name":"Wieliczka Os. Kościuszki","lines":"G3, P2","arr":["G3","P2"],"terminus":0,"mode":"bus","color":"#0059a9","colorDark":"#00294f","angle":212.6,"snapDist":1,"label":0}},{"type":"Feature","geometry":{"type":"Point","coordinates":[20.050759,49.986694]},"properties":{"name":"Wieliczka Park","lines":"G3, P2","arr":["G3","P2"],"terminus":0,"mode":"bus","color":"#0059a9","colorDark":"#00294f","angle":221.1,"snapDist":2,"label":0}},{"type":"Feature","geometry":{"type":"Point","coordinates":[20.049669,49.990938]},"properties":{"name":"Wieliczka Arena Lekkoatletyczna","lines":"G4","arr":["G4"],"terminus":0,"mode":"bus","color":"#0059a9","colorDark":"#00294f","angle":41.1,"snapDist":3,"label":1}},{"type":"Feature","geometry":{"type":"Point","coordinates":[20.047718,49.995897]},"properties":{"name":"Wieliczka Winnicka","lines":"G4","arr":["G4"],"terminus":0,"mode":"bus","color":"#0059a9","colorDark":"#00294f","angle":91.8,"snapDist":4,"label":1}},{"type":"Feature","geometry":{"type":"Point","coordinates":[20.053073,49.997434]},"properties":{"name":"Wieliczka Os. Bogucice","lines":"G4","arr":["G4"],"terminus":0,"mode":"bus","color":"#0059a9","colorDark":"#00294f","angle":150.8,"snapDist":2,"label":1}},{"type":"Feature","geometry":{"type":"Point","coordinates":[20.057908,49.999367]},"properties":{"name":"Czarnochowice Wygoda","lines":"G4","arr":["G4"],"terminus":0,"mode":"bus","color":"#0059a9","colorDark":"#00294f","angle":122.1,"snapDist":2,"label":1}},{"type":"Feature","geometry":{"type":"Point","coordinates":[20.062428,50.002039]},"properties":{"name":"Czarnochowice Osiedle","lines":"G4","arr":["G4"],"terminus":0,"mode":"bus","color":"#0059a9","colorDark":"#00294f","angle":140,"snapDist":4,"label":1}},{"type":"Feature","geometry":{"type":"Point","coordinates":[20.070585,50.005895]},"properties":{"name":"Czarnochowice Kościół","lines":"G4","arr":["G4"],"terminus":0,"mode":"bus","color":"#0059a9","colorDark":"#00294f","angle":212.8,"snapDist":2,"label":1}},{"type":"Feature","geometry":{"type":"Point","coordinates":[20.078362,50.004683]},"properties":{"name":"Śledziejowice Europejska","lines":"G4","arr":["G4"],"terminus":0,"mode":"bus","color":"#0059a9","colorDark":"#00294f","angle":180.9,"snapDist":2,"label":1}},{"type":"Feature","geometry":{"type":"Point","coordinates":[20.081679,50.004761]},"properties":{"name":"Śledziejowice Arka","lines":"G4","arr":["G4"],"terminus":0,"mode":"bus","color":"#0059a9","colorDark":"#00294f","angle":183.9,"snapDist":1,"label":1}},{"type":"Feature","geometry":{"type":"Point","coordinates":[20.083866,50.012683]},"properties":{"name":"Kokotów Centrum","lines":"G4","arr":["G4"],"terminus":0,"mode":"bus","color":"#0059a9","colorDark":"#00294f","angle":79.8,"snapDist":4,"label":0}},{"type":"Feature","geometry":{"type":"Point","coordinates":[20.082149,50.019717]},"properties":{"name":"Kokotów Wiadukt","lines":"G4","arr":["G4"],"terminus":0,"mode":"bus","color":"#0059a9","colorDark":"#00294f","angle":86.3,"snapDist":6,"label":1}},{"type":"Feature","geometry":{"type":"Point","coordinates":[20.091581,50.02351]},"properties":{"name":"Kokotów Strefa Aktywności Gospodarczej","lines":"G4","arr":["G4"],"terminus":0,"mode":"bus","color":"#0059a9","colorDark":"#00294f","angle":97.9,"snapDist":4,"label":1}},{"type":"Feature","geometry":{"type":"Point","coordinates":[20.091656,50.023155]},"properties":{"name":"Kokotów Strefa Aktywności Gospodarczej","lines":"G4","arr":["G4"],"terminus":0,"mode":"bus","color":"#0059a9","colorDark":"#00294f","angle":254.6,"snapDist":2,"label":0}},{"type":"Feature","geometry":{"type":"Point","coordinates":[20.08217,50.01951]},"properties":{"name":"Kokotów Wiadukt","lines":"G4","arr":["G4"],"terminus":0,"mode":"bus","color":"#0059a9","colorDark":"#00294f","angle":266.3,"snapDist":5,"label":0}},{"type":"Feature","geometry":{"type":"Point","coordinates":[20.083531,50.00455]},"properties":{"name":"Śledziejowice Europejska","lines":"G4","arr":["G4"],"terminus":0,"mode":"bus","color":"#0059a9","colorDark":"#00294f","angle":7.2,"snapDist":6,"label":0}},{"type":"Feature","geometry":{"type":"Point","coordinates":[20.079004,50.004678]},"properties":{"name":"Śledziejowice Europejska","lines":"G4","arr":["G4"],"terminus":0,"mode":"bus","color":"#0059a9","colorDark":"#00294f","angle":358.9,"snapDist":3,"label":0}},{"type":"Feature","geometry":{"type":"Point","coordinates":[20.070072,50.006149]},"properties":{"name":"Czarnochowice Kościół","lines":"G4","arr":["G4"],"terminus":0,"mode":"bus","color":"#0059a9","colorDark":"#00294f","angle":38.2,"snapDist":2,"label":0}},{"type":"Feature","geometry":{"type":"Point","coordinates":[20.062244,50.001934]},"properties":{"name":"Czarnochowice Osiedle","lines":"G4","arr":["G4"],"terminus":0,"mode":"bus","color":"#0059a9","colorDark":"#00294f","angle":318,"snapDist":0,"label":0}},{"type":"Feature","geometry":{"type":"Point","coordinates":[20.058154,49.999602]},"properties":{"name":"Czarnochowice Wygoda","lines":"G4","arr":["G4"],"terminus":0,"mode":"bus","color":"#0059a9","colorDark":"#00294f","angle":310.5,"snapDist":2,"label":0}},{"type":"Feature","geometry":{"type":"Point","coordinates":[20.05291,49.997386]},"properties":{"name":"Wieliczka Os. Bogucice","lines":"G4","arr":["G4"],"terminus":0,"mode":"bus","color":"#0059a9","colorDark":"#00294f","angle":342.4,"snapDist":3,"label":0}},{"type":"Feature","geometry":{"type":"Point","coordinates":[20.04771,49.99617]},"properties":{"name":"Wieliczka Winnicka","lines":"G4","arr":["G4"],"terminus":0,"mode":"bus","color":"#0059a9","colorDark":"#00294f","angle":267.1,"snapDist":6,"label":0}},{"type":"Feature","geometry":{"type":"Point","coordinates":[20.049126,49.99125]},"properties":{"name":"Wieliczka Arena Lekkoatletyczna","lines":"G4","arr":["G4"],"terminus":0,"mode":"bus","color":"#0059a9","colorDark":"#00294f","angle":223.4,"snapDist":2,"label":0}},{"type":"Feature","geometry":{"type":"Point","coordinates":[20.053605,49.988722]},"properties":{"name":"Wieliczka Klasztor","lines":"G4","arr":["G4"],"terminus":0,"mode":"bus","color":"#0059a9","colorDark":"#00294f","angle":213.2,"snapDist":5,"label":0}},{"type":"Feature","geometry":{"type":"Point","coordinates":[20.056432,49.98314]},"properties":{"name":"Wieliczka Szyb Daniłowicza","lines":"J1","arr":["J1"],"terminus":0,"mode":"bus","color":"#0059a9","colorDark":"#00294f","angle":260.2,"snapDist":5,"label":0}},{"type":"Feature","geometry":{"type":"Point","coordinates":[20.05564,49.980902]},"properties":{"name":"Wieliczka Klaśnieńska","lines":"J1","arr":["J1"],"terminus":0,"mode":"bus","color":"#0059a9","colorDark":"#00294f","angle":334.5,"snapDist":3,"label":0}},{"type":"Feature","geometry":{"type":"Point","coordinates":[20.034749,49.982333]},"properties":{"name":"Wieliczka ul.J.Jedynaka","lines":"J1, P2","arr":["J1","P2"],"terminus":0,"mode":"bus","color":"#0059a9","colorDark":"#00294f","angle":324.4,"snapDist":2,"label":1}},{"type":"Feature","geometry":{"type":"Point","coordinates":[20.028735,49.979077]},"properties":{"name":"Grabówki Żłobek","lines":"J1, P2","arr":["J1","P2"],"terminus":0,"mode":"bus","color":"#0059a9","colorDark":"#00294f","angle":266.4,"snapDist":4,"label":1}},{"type":"Feature","geometry":{"type":"Point","coordinates":[20.029067,49.97468]},"properties":{"name":"Grabówki Krzyżówka","lines":"J1, P2","arr":["J1","P2"],"terminus":0,"mode":"bus","color":"#0059a9","colorDark":"#00294f","angle":269.7,"snapDist":3,"label":1}},{"type":"Feature","geometry":{"type":"Point","coordinates":[20.031275,49.973952]},"properties":{"name":"Siercza Zbiorniki","lines":"J1","arr":["J1"],"terminus":0,"mode":"bus","color":"#0059a9","colorDark":"#00294f","angle":179.2,"snapDist":4,"label":1}},{"type":"Feature","geometry":{"type":"Point","coordinates":[20.042714,49.969733]},"properties":{"name":"Siercza Sosna","lines":"J1, R2","arr":["J1","R2"],"terminus":0,"mode":"bus","color":"#0059a9","colorDark":"#00294f","angle":273.2,"snapDist":3,"label":1}},{"type":"Feature","geometry":{"type":"Point","coordinates":[20.041828,49.964609]},"properties":{"name":"Siercza Sklep","lines":"J1, R2","arr":["J1","R2"],"terminus":0,"mode":"bus","color":"#0059a9","colorDark":"#00294f","angle":298.3,"snapDist":1,"label":1}},{"type":"Feature","geometry":{"type":"Point","coordinates":[20.039615,49.961768]},"properties":{"name":"Koźmice Wielkie Kopce","lines":"J1, R2","arr":["J1","R2"],"terminus":0,"mode":"bus","color":"#0059a9","colorDark":"#00294f","angle":291.6,"snapDist":1,"label":1}},{"type":"Feature","geometry":{"type":"Point","coordinates":[20.033989,49.955363]},"properties":{"name":"Koźmice Wielkie Stara Poczta","lines":"J1","arr":["J1"],"terminus":0,"mode":"bus","color":"#0059a9","colorDark":"#00294f","angle":43.4,"snapDist":4,"label":1}},{"type":"Feature","geometry":{"type":"Point","coordinates":[20.029756,49.959047]},"properties":{"name":"Janowice Wilga","lines":"J1","arr":["J1"],"terminus":0,"mode":"bus","color":"#0059a9","colorDark":"#00294f","angle":63.6,"snapDist":2,"label":1}},{"type":"Feature","geometry":{"type":"Point","coordinates":[20.021222,49.958636]},"properties":{"name":"Janowice Dwór","lines":"J1","arr":["J1"],"terminus":0,"mode":"bus","color":"#0059a9","colorDark":"#00294f","angle":295.9,"snapDist":1,"label":1}},{"type":"Feature","geometry":{"type":"Point","coordinates":[20.015117,49.957212]},"properties":{"name":"Janowice Pod Szkołą","lines":"J1","arr":["J1"],"terminus":0,"mode":"bus","color":"#0059a9","colorDark":"#00294f","angle":289.8,"snapDist":4,"label":1}},{"type":"Feature","geometry":{"type":"Point","coordinates":[20.013111,49.95408]},"properties":{"name":"Janowice Szkoła","lines":"J1","arr":["J1"],"terminus":1,"mode":"bus","color":"#0059a9","colorDark":"#00294f","angle":312,"snapDist":0,"label":1}},{"type":"Feature","geometry":{"type":"Point","coordinates":[20.013047,49.954033]},"properties":{"name":"Janowice Szkoła","lines":"J1","arr":["J1"],"terminus":1,"mode":"bus","color":"#0059a9","colorDark":"#00294f","angle":312.7,"snapDist":1,"label":0}},{"type":"Feature","geometry":{"type":"Point","coordinates":[20.006884,49.949403]},"properties":{"name":"Janowice Szwaby","lines":"J1","arr":["J1"],"terminus":0,"mode":"bus","color":"#0059a9","colorDark":"#00294f","angle":316.1,"snapDist":10,"label":1}},{"type":"Feature","geometry":{"type":"Point","coordinates":[20.005952,49.944044]},"properties":{"name":"Janowice Granica","lines":"J1","arr":["J1"],"terminus":0,"mode":"bus","color":"#0059a9","colorDark":"#00294f","angle":268.9,"snapDist":3,"label":1}},{"type":"Feature","geometry":{"type":"Point","coordinates":[20.005501,49.939198]},"properties":{"name":"Janowice Panciawa I","lines":"J1","arr":["J1"],"terminus":0,"mode":"bus","color":"#0059a9","colorDark":"#00294f","angle":307.4,"snapDist":3,"label":1}},{"type":"Feature","geometry":{"type":"Point","coordinates":[19.999307,49.934848]},"properties":{"name":"Rzeszotary Panciawa","lines":"J1","arr":["J1"],"terminus":0,"mode":"bus","color":"#0059a9","colorDark":"#00294f","angle":329.7,"snapDist":3,"label":1}},{"type":"Feature","geometry":{"type":"Point","coordinates":[20.005636,49.939311]},"properties":{"name":"Janowice Panciawa I","lines":"J1","arr":["J1"],"terminus":0,"mode":"bus","color":"#0059a9","colorDark":"#00294f","angle":127.4,"snapDist":3,"label":0}},{"type":"Feature","geometry":{"type":"Point","coordinates":[20.005953,49.943997]},"properties":{"name":"Janowice Granica","lines":"J1","arr":["J1"],"terminus":0,"mode":"bus","color":"#0059a9","colorDark":"#00294f","angle":88.9,"snapDist":3,"label":0}},{"type":"Feature","geometry":{"type":"Point","coordinates":[20.012014,49.947867]},"properties":{"name":"Janowice Bałówka I","lines":"J1","arr":["J1"],"terminus":0,"mode":"bus","color":"#0059a9","colorDark":"#00294f","angle":124.6,"snapDist":7,"label":1}},{"type":"Feature","geometry":{"type":"Point","coordinates":[20.015753,49.94999]},"properties":{"name":"Janowice Bałówka II","lines":"J1","arr":["J1"],"terminus":0,"mode":"bus","color":"#0059a9","colorDark":"#00294f","angle":165.5,"snapDist":4,"label":1}},{"type":"Feature","geometry":{"type":"Point","coordinates":[20.021794,49.952808]},"properties":{"name":"Janowice Karczma","lines":"J1","arr":["J1"],"terminus":0,"mode":"bus","color":"#0059a9","colorDark":"#00294f","angle":124.4,"snapDist":3,"label":1}},{"type":"Feature","geometry":{"type":"Point","coordinates":[20.026769,49.953727]},"properties":{"name":"Koźmice Wielkie Podjanowice","lines":"J1","arr":["J1"],"terminus":0,"mode":"bus","color":"#0059a9","colorDark":"#00294f","angle":151.4,"snapDist":5,"label":1}},{"type":"Feature","geometry":{"type":"Point","coordinates":[20.03466,49.955387]},"properties":{"name":"Koźmice Wielkie Stara Poczta","lines":"J1, R2","arr":["J1","R2"],"terminus":0,"mode":"bus","color":"#0059a9","colorDark":"#00294f","angle":111.7,"snapDist":4,"label":0}},{"type":"Feature","geometry":{"type":"Point","coordinates":[20.039552,49.961666]},"properties":{"name":"Koźmice Wielkie Kopce","lines":"J1, R2","arr":["J1","R2"],"terminus":0,"mode":"bus","color":"#0059a9","colorDark":"#00294f","angle":111.6,"snapDist":6,"label":0}},{"type":"Feature","geometry":{"type":"Point","coordinates":[20.042166,49.965092]},"properties":{"name":"Siercza Sklep","lines":"J1, R2","arr":["J1","R2"],"terminus":0,"mode":"bus","color":"#0059a9","colorDark":"#00294f","angle":110.6,"snapDist":6,"label":0}},{"type":"Feature","geometry":{"type":"Point","coordinates":[20.042782,49.970539]},"properties":{"name":"Siercza Sosna","lines":"J1, R2","arr":["J1","R2"],"terminus":0,"mode":"bus","color":"#0059a9","colorDark":"#00294f","angle":93.9,"snapDist":6,"label":0}},{"type":"Feature","geometry":{"type":"Point","coordinates":[20.030632,49.97395]},"properties":{"name":"Siercza Zbiorniki","lines":"J1","arr":["J1"],"terminus":0,"mode":"bus","color":"#0059a9","colorDark":"#00294f","angle":360,"snapDist":4,"label":0}},{"type":"Feature","geometry":{"type":"Point","coordinates":[20.029059,49.975139]},"properties":{"name":"Grabówki Krzyżówka","lines":"J1, P2","arr":["J1","P2"],"terminus":0,"mode":"bus","color":"#0059a9","colorDark":"#00294f","angle":87.4,"snapDist":4,"label":0}},{"type":"Feature","geometry":{"type":"Point","coordinates":[20.028758,49.978844]},"properties":{"name":"Grabówki Żłobek","lines":"J1, P2","arr":["J1","P2"],"terminus":0,"mode":"bus","color":"#0059a9","colorDark":"#00294f","angle":86.4,"snapDist":4,"label":0}},{"type":"Feature","geometry":{"type":"Point","coordinates":[20.036095,49.982696]},"properties":{"name":"Wieliczka ul.J.Jedynaka","lines":"J1, P2","arr":["J1","P2"],"terminus":0,"mode":"bus","color":"#0059a9","colorDark":"#00294f","angle":173.1,"snapDist":4,"label":0}},{"type":"Feature","geometry":{"type":"Point","coordinates":[20.056273,49.981152]},"properties":{"name":"Wieliczka Klaśnieńska","lines":"J1","arr":["J1"],"terminus":0,"mode":"bus","color":"#0059a9","colorDark":"#00294f","angle":137.9,"snapDist":3,"label":0}},{"type":"Feature","geometry":{"type":"Point","coordinates":[20.061466,49.985205]},"properties":{"name":"Wieliczka Goliana","lines":"L1","arr":["L1"],"terminus":0,"mode":"bus","color":"#0059a9","colorDark":"#00294f","angle":104.7,"snapDist":2,"label":0}},{"type":"Feature","geometry":{"type":"Point","coordinates":[20.066073,49.985624]},"properties":{"name":"Wieliczka Sienkiewicza","lines":"L1","arr":["L1"],"terminus":0,"mode":"bus","color":"#0059a9","colorDark":"#00294f","angle":171.8,"snapDist":0,"label":1}},{"type":"Feature","geometry":{"type":"Point","coordinates":[20.070338,49.981586]},"properties":{"name":"Wieliczka Gdowska","lines":"L1, Z1","arr":["L1","Z1"],"terminus":0,"mode":"bus","color":"#0059a9","colorDark":"#00294f","angle":200.2,"snapDist":3,"label":1}},{"type":"Feature","geometry":{"type":"Point","coordinates":[20.077951,49.980049]},"properties":{"name":"Wieliczka Polna","lines":"L1, Z1","arr":["L1","Z1"],"terminus":0,"mode":"bus","color":"#0059a9","colorDark":"#00294f","angle":197.4,"snapDist":3,"label":0}},{"type":"Feature","geometry":{"type":"Point","coordinates":[20.086377,49.977513]},"properties":{"name":"Lednica Górna Zakręt","lines":"L1","arr":["L1"],"terminus":1,"mode":"bus","color":"#0059a9","colorDark":"#00294f","angle":314.4,"snapDist":3,"label":1}},{"type":"Feature","geometry":{"type":"Point","coordinates":[20.081935,49.974209]},"properties":{"name":"Lednica Górna Świetlica","lines":"L1","arr":["L1"],"terminus":0,"mode":"bus","color":"#0059a9","colorDark":"#00294f","angle":309,"snapDist":2,"label":1}},{"type":"Feature","geometry":{"type":"Point","coordinates":[20.083349,49.970101]},"properties":{"name":"Lednica Górna Winnica","lines":"L1","arr":["L1"],"terminus":0,"mode":"bus","color":"#0059a9","colorDark":"#00294f","angle":247.9,"snapDist":3,"label":1}},{"type":"Feature","geometry":{"type":"Point","coordinates":[20.084958,49.970738]},"properties":{"name":"Lednica Górna Kocowa","lines":"L1","arr":["L1"],"terminus":0,"mode":"bus","color":"#0059a9","colorDark":"#00294f","angle":56.6,"snapDist":3,"label":1}},{"type":"Feature","geometry":{"type":"Point","coordinates":[20.078395,49.973744]},"properties":{"name":"Lednica Górna Skrzyżowanie","lines":"L1","arr":["L1"],"terminus":0,"mode":"bus","color":"#0059a9","colorDark":"#00294f","angle":359.2,"snapDist":6,"label":1}},{"type":"Feature","geometry":{"type":"Point","coordinates":[20.076747,49.972677]},"properties":{"name":"Lednica Górna Wieś","lines":"L1","arr":["L1"],"terminus":0,"mode":"bus","color":"#0059a9","colorDark":"#00294f","angle":241,"snapDist":5,"label":1}},{"type":"Feature","geometry":{"type":"Point","coordinates":[20.074204,49.969011]},"properties":{"name":"Lednica Górna Budzyń","lines":"L1","arr":["L1"],"terminus":0,"mode":"bus","color":"#0059a9","colorDark":"#00294f","angle":30.5,"snapDist":3,"label":1}},{"type":"Feature","geometry":{"type":"Point","coordinates":[20.071539,49.970654]},"properties":{"name":"Lednica Górna Granica","lines":"L1","arr":["L1"],"terminus":0,"mode":"bus","color":"#0059a9","colorDark":"#00294f","angle":86.5,"snapDist":2,"label":1}},{"type":"Feature","geometry":{"type":"Point","coordinates":[20.070937,49.973902]},"properties":{"name":"Wieliczka Mietniowska","lines":"L1","arr":["L1"],"terminus":0,"mode":"bus","color":"#0059a9","colorDark":"#00294f","angle":82.1,"snapDist":2,"label":1}},{"type":"Feature","geometry":{"type":"Point","coordinates":[20.068261,49.981402]},"properties":{"name":"Wieliczka Chopina","lines":"L1, R2, Z1","arr":["L1","R2","Z1"],"terminus":0,"mode":"bus","color":"#0059a9","colorDark":"#00294f","angle":5.3,"snapDist":4,"label":1}},{"type":"Feature","geometry":{"type":"Point","coordinates":[20.064747,49.984105]},"properties":{"name":"Wieliczka Mediateka","lines":"L1, R2, Z1","arr":["L1","R2","Z1"],"terminus":0,"mode":"bus","color":"#0059a9","colorDark":"#00294f","angle":17.7,"snapDist":5,"label":0}},{"type":"Feature","geometry":{"type":"Point","coordinates":[20.059811,49.984624]},"properties":{"name":"Wieliczka Magistrat","lines":"L1, Z1","arr":["L1","Z1"],"terminus":0,"mode":"bus","color":"#0059a9","colorDark":"#00294f","angle":27.4,"snapDist":4,"label":0}},{"type":"Feature","geometry":{"type":"Point","coordinates":[20.038242,49.988829]},"properties":{"name":"ul. Sadowa Szkoła","lines":"P2","arr":["P2"],"terminus":0,"mode":"bus","color":"#0059a9","colorDark":"#00294f","angle":345.1,"snapDist":3,"label":1}},{"type":"Feature","geometry":{"type":"Point","coordinates":[20.03153,49.989947]},"properties":{"name":"Krzyszkowice Dom Ludowy","lines":"P2","arr":["P2"],"terminus":0,"mode":"bus","color":"#0059a9","colorDark":"#00294f","angle":17.6,"snapDist":2,"label":1}},{"type":"Feature","geometry":{"type":"Point","coordinates":[20.024138,49.990227]},"properties":{"name":"Krzyszkowice Kasztanowa II","lines":"P2","arr":["P2"],"terminus":0,"mode":"bus","color":"#0059a9","colorDark":"#00294f","angle":294.4,"snapDist":4,"label":0}},{"type":"Feature","geometry":{"type":"Point","coordinates":[20.024673,49.986285]},"properties":{"name":"Krzyszkowice Kasztanowa I","lines":"P2","arr":["P2"],"terminus":0,"mode":"bus","color":"#0059a9","colorDark":"#00294f","angle":141.7,"snapDist":4,"label":0}},{"type":"Feature","geometry":{"type":"Point","coordinates":[20.028717,49.987432]},"properties":{"name":"ul. Sadowa Gościniec","lines":"P2","arr":["P2"],"terminus":0,"mode":"bus","color":"#0059a9","colorDark":"#00294f","angle":161.8,"snapDist":4,"label":1}},{"type":"Feature","geometry":{"type":"Point","coordinates":[20.033628,49.987993]},"properties":{"name":"Krzyszkowice Kościół","lines":"P2","arr":["P2"],"terminus":0,"mode":"bus","color":"#0059a9","colorDark":"#00294f","angle":163.2,"snapDist":4,"label":1}},{"type":"Feature","geometry":{"type":"Point","coordinates":[20.038309,49.98884]},"properties":{"name":"ul. Sadowa Szkoła","lines":"P2","arr":["P2"],"terminus":0,"mode":"bus","color":"#0059a9","colorDark":"#00294f","angle":165.1,"snapDist":4,"label":0}},{"type":"Feature","geometry":{"type":"Point","coordinates":[20.022222,49.974547]},"properties":{"name":"Grabówki Kowalówka","lines":"P2","arr":["P2"],"terminus":0,"mode":"bus","color":"#0059a9","colorDark":"#00294f","angle":12.8,"snapDist":4,"label":1}},{"type":"Feature","geometry":{"type":"Point","coordinates":[20.015947,49.975198]},"properties":{"name":"Grabówki Babiny","lines":"P2","arr":["P2"],"terminus":0,"mode":"bus","color":"#0059a9","colorDark":"#00294f","angle":346.8,"snapDist":3,"label":1}},{"type":"Feature","geometry":{"type":"Point","coordinates":[20.010663,49.974341]},"properties":{"name":"Grabówki Krzyżowa","lines":"P2","arr":["P2"],"terminus":0,"mode":"bus","color":"#0059a9","colorDark":"#00294f","angle":356.6,"snapDist":4,"label":1}},{"type":"Feature","geometry":{"type":"Point","coordinates":[19.999887,49.96441]},"properties":{"name":"Podstolice Zamłynie","lines":"P2","arr":["P2"],"terminus":0,"mode":"bus","color":"#0059a9","colorDark":"#00294f","angle":245,"snapDist":6,"label":0}},{"type":"Feature","geometry":{"type":"Point","coordinates":[19.997059,49.958541]},"properties":{"name":"Podstolice Centrum","lines":"P2","arr":["P2"],"terminus":1,"mode":"bus","color":"#0059a9","colorDark":"#00294f","angle":310.6,"snapDist":2,"label":0}},{"type":"Feature","geometry":{"type":"Point","coordinates":[19.999788,49.964598]},"properties":{"name":"Podstolice Zamłynie","lines":"P2","arr":["P2"],"terminus":0,"mode":"bus","color":"#0059a9","colorDark":"#00294f","angle":77.3,"snapDist":6,"label":0}},{"type":"Feature","geometry":{"type":"Point","coordinates":[20.011282,49.974365]},"properties":{"name":"Grabówki Krzyżowa","lines":"P2","arr":["P2"],"terminus":0,"mode":"bus","color":"#0059a9","colorDark":"#00294f","angle":176.7,"snapDist":3,"label":0}},{"type":"Feature","geometry":{"type":"Point","coordinates":[20.016056,49.975214]},"properties":{"name":"Grabówki Babiny","lines":"P2","arr":["P2"],"terminus":0,"mode":"bus","color":"#0059a9","colorDark":"#00294f","angle":166.7,"snapDist":3,"label":0}},{"type":"Feature","geometry":{"type":"Point","coordinates":[20.022383,49.974524]},"properties":{"name":"Grabówki Kowalówka","lines":"P2","arr":["P2"],"terminus":0,"mode":"bus","color":"#0059a9","colorDark":"#00294f","angle":193.1,"snapDist":1,"label":0}},{"type":"Feature","geometry":{"type":"Point","coordinates":[20.032717,49.987908]},"properties":{"name":"Krzyszkowice Kościół","lines":"P2","arr":["P2"],"terminus":0,"mode":"bus","color":"#0059a9","colorDark":"#00294f","angle":357.3,"snapDist":6,"label":0}},{"type":"Feature","geometry":{"type":"Point","coordinates":[20.024163,49.986527]},"properties":{"name":"Krzyszkowice Kasztanowa I","lines":"P2","arr":["P2"],"terminus":0,"mode":"bus","color":"#0059a9","colorDark":"#00294f","angle":84.8,"snapDist":5,"label":0}},{"type":"Feature","geometry":{"type":"Point","coordinates":[20.024273,49.990418]},"properties":{"name":"Krzyszkowice Kasztanowa II","lines":"P2","arr":["P2"],"terminus":0,"mode":"bus","color":"#0059a9","colorDark":"#00294f","angle":114.4,"snapDist":4,"label":0}},{"type":"Feature","geometry":{"type":"Point","coordinates":[20.031957,49.989869]},"properties":{"name":"Krzyszkowice Dom Ludowy","lines":"P2","arr":["P2"],"terminus":0,"mode":"bus","color":"#0059a9","colorDark":"#00294f","angle":191.5,"snapDist":1,"label":0}},{"type":"Feature","geometry":{"type":"Point","coordinates":[20.063532,49.984365]},"properties":{"name":"Wieliczka Mediateka","lines":"R2, Z1","arr":["R2","Z1"],"terminus":0,"mode":"bus","color":"#0059a9","colorDark":"#00294f","angle":198.3,"snapDist":4,"label":0}},{"type":"Feature","geometry":{"type":"Point","coordinates":[20.06842,49.981366]},"properties":{"name":"Wieliczka Chopina","lines":"R2","arr":["R2"],"terminus":0,"mode":"bus","color":"#0059a9","colorDark":"#00294f","angle":91.8,"snapDist":7,"label":0}},{"type":"Feature","geometry":{"type":"Point","coordinates":[20.055561,49.974248]},"properties":{"name":"Wieliczka Osiedle Zdrojowe","lines":"R2","arr":["R2"],"terminus":0,"mode":"bus","color":"#0059a9","colorDark":"#00294f","angle":10.9,"snapDist":5,"label":1}},{"type":"Feature","geometry":{"type":"Point","coordinates":[20.051517,49.973625]},"properties":{"name":"Siercza Chalakówka","lines":"R2","arr":["R2"],"terminus":0,"mode":"bus","color":"#0059a9","colorDark":"#00294f","angle":346.1,"snapDist":4,"label":1}},{"type":"Feature","geometry":{"type":"Point","coordinates":[20.044149,49.972581]},"properties":{"name":"Siercza Centrum","lines":"R2","arr":["R2"],"terminus":0,"mode":"bus","color":"#0059a9","colorDark":"#00294f","angle":334.5,"snapDist":4,"label":1}},{"type":"Feature","geometry":{"type":"Point","coordinates":[20.034502,49.955043]},"properties":{"name":"Koźmice Wielkie Stara Poczta","lines":"R2","arr":["R2"],"terminus":0,"mode":"bus","color":"#0059a9","colorDark":"#00294f","angle":272.5,"snapDist":4,"label":0}},{"type":"Feature","geometry":{"type":"Point","coordinates":[20.037173,49.94811]},"properties":{"name":"Koźmice Wielkie Centrum","lines":"R2","arr":["R2"],"terminus":0,"mode":"bus","color":"#0059a9","colorDark":"#00294f","angle":285,"snapDist":4,"label":1}},{"type":"Feature","geometry":{"type":"Point","coordinates":[20.027484,49.942312]},"properties":{"name":"Koźmice Wielkie Bugaj","lines":"R2","arr":["R2"],"terminus":0,"mode":"bus","color":"#0059a9","colorDark":"#00294f","angle":333.3,"snapDist":4,"label":1}},{"type":"Feature","geometry":{"type":"Point","coordinates":[20.020039,49.938137]},"properties":{"name":"Koźmice Wielkie Dąbrowy I","lines":"R2","arr":["R2"],"terminus":0,"mode":"bus","color":"#0059a9","colorDark":"#00294f","angle":328.5,"snapDist":4,"label":1}},{"type":"Feature","geometry":{"type":"Point","coordinates":[20.013481,49.934677]},"properties":{"name":"Koźmice Wielkie Dąbrowy II","lines":"R2","arr":["R2"],"terminus":0,"mode":"bus","color":"#0059a9","colorDark":"#00294f","angle":329.3,"snapDist":3,"label":1}},{"type":"Feature","geometry":{"type":"Point","coordinates":[20.006138,49.931809]},"properties":{"name":"Koźmice Wielkie Dąbrowy","lines":"R2","arr":["R2"],"terminus":0,"mode":"bus","color":"#0059a9","colorDark":"#00294f","angle":318.5,"snapDist":3,"label":1}},{"type":"Feature","geometry":{"type":"Point","coordinates":[20.004062,49.930089]},"properties":{"name":"Byszyce Kopce","lines":"R2","arr":["R2"],"terminus":0,"mode":"bus","color":"#0059a9","colorDark":"#00294f","angle":274.9,"snapDist":3,"label":1}},{"type":"Feature","geometry":{"type":"Point","coordinates":[20.014411,49.926912]},"properties":{"name":"Byszyce Centrum","lines":"R2","arr":["R2"],"terminus":0,"mode":"bus","color":"#0059a9","colorDark":"#00294f","angle":185.8,"snapDist":3,"label":1}},{"type":"Feature","geometry":{"type":"Point","coordinates":[20.025193,49.927852]},"properties":{"name":"Gorzków Pod Pasiekami","lines":"R2","arr":["R2"],"terminus":0,"mode":"bus","color":"#0059a9","colorDark":"#00294f","angle":177.3,"snapDist":3,"label":1}},{"type":"Feature","geometry":{"type":"Point","coordinates":[20.028514,49.925545]},"properties":{"name":"Gorzków OSP","lines":"R2","arr":["R2"],"terminus":0,"mode":"bus","color":"#0059a9","colorDark":"#00294f","angle":253.9,"snapDist":5,"label":1}},{"type":"Feature","geometry":{"type":"Point","coordinates":[20.036564,49.92468]},"properties":{"name":"Gorzkow Czarnociny Dolne","lines":"R2","arr":["R2"],"terminus":0,"mode":"bus","color":"#0059a9","colorDark":"#00294f","angle":200.3,"snapDist":4,"label":1}},{"type":"Feature","geometry":{"type":"Point","coordinates":[20.038603,49.923079]},"properties":{"name":"Gorzków Czarnociny Dolne I","lines":"R2","arr":["R2"],"terminus":0,"mode":"bus","color":"#0059a9","colorDark":"#00294f","angle":208.4,"snapDist":3,"label":1}},{"type":"Feature","geometry":{"type":"Point","coordinates":[20.044534,49.921221]},"properties":{"name":"Gorzków Czarnociny Dolne II","lines":"R2","arr":["R2"],"terminus":0,"mode":"bus","color":"#0059a9","colorDark":"#00294f","angle":190.2,"snapDist":4,"label":1}},{"type":"Feature","geometry":{"type":"Point","coordinates":[20.052013,49.918788]},"properties":{"name":"Gorzków Czarnociny Dolne III","lines":"R2","arr":["R2"],"terminus":0,"mode":"bus","color":"#0059a9","colorDark":"#00294f","angle":191.6,"snapDist":3,"label":1}},{"type":"Feature","geometry":{"type":"Point","coordinates":[20.059619,49.918963]},"properties":{"name":"Jankówka Pogwizdów","lines":"R2","arr":["R2"],"terminus":0,"mode":"bus","color":"#0059a9","colorDark":"#00294f","angle":88.6,"snapDist":3,"label":1}},{"type":"Feature","geometry":{"type":"Point","coordinates":[20.062191,49.924355]},"properties":{"name":"Jankówka Skrzyżowanie","lines":"R2","arr":["R2"],"terminus":1,"mode":"bus","color":"#0059a9","colorDark":"#00294f","angle":83.1,"snapDist":5,"label":1}},{"type":"Feature","geometry":{"type":"Point","coordinates":[20.062194,49.924341]},"properties":{"name":"Jankówka Skrzyżowanie","lines":"R2","arr":["R2"],"terminus":1,"mode":"bus","color":"#0059a9","colorDark":"#00294f","angle":263.1,"snapDist":3,"label":0}},{"type":"Feature","geometry":{"type":"Point","coordinates":[20.059619,49.918955]},"properties":{"name":"Jankówka Pogwizdów","lines":"R2","arr":["R2"],"terminus":0,"mode":"bus","color":"#0059a9","colorDark":"#00294f","angle":268.6,"snapDist":4,"label":0}},{"type":"Feature","geometry":{"type":"Point","coordinates":[20.052091,49.918778]},"properties":{"name":"Gorzków Czarnociny Dolne III","lines":"R2","arr":["R2"],"terminus":0,"mode":"bus","color":"#0059a9","colorDark":"#00294f","angle":11.6,"snapDist":3,"label":0}},{"type":"Feature","geometry":{"type":"Point","coordinates":[20.044358,49.921233]},"properties":{"name":"Gorzków Czarnociny Dolne II","lines":"R2","arr":["R2"],"terminus":0,"mode":"bus","color":"#0059a9","colorDark":"#00294f","angle":5.2,"snapDist":3,"label":0}},{"type":"Feature","geometry":{"type":"Point","coordinates":[20.037025,49.924452]},"properties":{"name":"Gorzkow Czarnociny Dolne","lines":"R2","arr":["R2"],"terminus":0,"mode":"bus","color":"#0059a9","colorDark":"#00294f","angle":59,"snapDist":4,"label":0}},{"type":"Feature","geometry":{"type":"Point","coordinates":[20.029363,49.92543]},"properties":{"name":"Gorzków OSP","lines":"R2","arr":["R2"],"terminus":0,"mode":"bus","color":"#0059a9","colorDark":"#00294f","angle":15.8,"snapDist":5,"label":0}},{"type":"Feature","geometry":{"type":"Point","coordinates":[20.024378,49.927824]},"properties":{"name":"Gorzków Pod Pasiekami","lines":"R2","arr":["R2"],"terminus":0,"mode":"bus","color":"#0059a9","colorDark":"#00294f","angle":356,"snapDist":4,"label":0}},{"type":"Feature","geometry":{"type":"Point","coordinates":[20.013344,49.927015]},"properties":{"name":"Byszyce Centrum","lines":"R2","arr":["R2"],"terminus":0,"mode":"bus","color":"#0059a9","colorDark":"#00294f","angle":9.5,"snapDist":2,"label":0}},{"type":"Feature","geometry":{"type":"Point","coordinates":[20.004077,49.930197]},"properties":{"name":"Koźmice Wielkie Dąbrowy III","lines":"R2","arr":["R2"],"terminus":0,"mode":"bus","color":"#0059a9","colorDark":"#00294f","angle":94.9,"snapDist":5,"label":1}},{"type":"Feature","geometry":{"type":"Point","coordinates":[20.006264,49.931877]},"properties":{"name":"Koźmice Wielkie Dąbrowy","lines":"R2","arr":["R2"],"terminus":0,"mode":"bus","color":"#0059a9","colorDark":"#00294f","angle":141.3,"snapDist":3,"label":0}},{"type":"Feature","geometry":{"type":"Point","coordinates":[20.012972,49.934513]},"properties":{"name":"Koźmice Wielkie Dąbrowy II","lines":"R2","arr":["R2"],"terminus":0,"mode":"bus","color":"#0059a9","colorDark":"#00294f","angle":160.1,"snapDist":3,"label":0}},{"type":"Feature","geometry":{"type":"Point","coordinates":[20.020777,49.938406]},"properties":{"name":"Koźmice Wielkie Dąbrowy I","lines":"R2","arr":["R2"],"terminus":0,"mode":"bus","color":"#0059a9","colorDark":"#00294f","angle":141.4,"snapDist":5,"label":0}},{"type":"Feature","geometry":{"type":"Point","coordinates":[20.0262,49.941827]},"properties":{"name":"Koźmice Wielkie Bugaj","lines":"R2","arr":["R2"],"terminus":0,"mode":"bus","color":"#0059a9","colorDark":"#00294f","angle":148.5,"snapDist":4,"label":0}},{"type":"Feature","geometry":{"type":"Point","coordinates":[20.037181,49.948129]},"properties":{"name":"Koźmice Wielkie Centrum","lines":"R2","arr":["R2"],"terminus":0,"mode":"bus","color":"#0059a9","colorDark":"#00294f","angle":105,"snapDist":6,"label":0}},{"type":"Feature","geometry":{"type":"Point","coordinates":[20.044294,49.972627]},"properties":{"name":"Siercza Centrum","lines":"R2","arr":["R2"],"terminus":0,"mode":"bus","color":"#0059a9","colorDark":"#00294f","angle":150.8,"snapDist":4,"label":0}},{"type":"Feature","geometry":{"type":"Point","coordinates":[20.051639,49.973645]},"properties":{"name":"Siercza Chalakówka","lines":"R2","arr":["R2"],"terminus":0,"mode":"bus","color":"#0059a9","colorDark":"#00294f","angle":166.1,"snapDist":2,"label":0}},{"type":"Feature","geometry":{"type":"Point","coordinates":[20.055694,49.974232]},"properties":{"name":"Wieliczka Osiedle Zdrojowe","lines":"R2","arr":["R2"],"terminus":0,"mode":"bus","color":"#0059a9","colorDark":"#00294f","angle":190.9,"snapDist":2,"label":0}},{"type":"Feature","geometry":{"type":"Point","coordinates":[20.115341,50.014912]},"properties":{"name":"Węgrzce Wielkie Pętla","lines":"W2, Z1","arr":["W2","Z1"],"terminus":1,"mode":"bus","color":"#0059a9","colorDark":"#00294f","angle":295.7,"snapDist":3,"label":0}},{"type":"Feature","geometry":{"type":"Point","coordinates":[20.123418,50.01473]},"properties":{"name":"Węgrzce Wielkie Dąbrowy","lines":"W2","arr":["W2"],"terminus":0,"mode":"bus","color":"#0059a9","colorDark":"#00294f","angle":174.1,"snapDist":6,"label":1}},{"type":"Feature","geometry":{"type":"Point","coordinates":[20.117996,50.010485]},"properties":{"name":"Węgrzce Wielkie os. Piaski","lines":"W2","arr":["W2"],"terminus":0,"mode":"bus","color":"#0059a9","colorDark":"#00294f","angle":334.1,"snapDist":2,"label":1}},{"type":"Feature","geometry":{"type":"Point","coordinates":[20.114988,50.007728]},"properties":{"name":"Węgrzce Wielkie SUW","lines":"W2","arr":["W2"],"terminus":0,"mode":"bus","color":"#0059a9","colorDark":"#00294f","angle":286.9,"snapDist":2,"label":1}},{"type":"Feature","geometry":{"type":"Point","coordinates":[20.112356,50.003758]},"properties":{"name":"Mała Wieś Leśna","lines":"W2","arr":["W2"],"terminus":0,"mode":"bus","color":"#0059a9","colorDark":"#00294f","angle":285.8,"snapDist":3,"label":1}},{"type":"Feature","geometry":{"type":"Point","coordinates":[20.110195,49.999233]},"properties":{"name":"Sułków Zbój","lines":"W2, Z1","arr":["W2","Z1"],"terminus":0,"mode":"bus","color":"#0059a9","colorDark":"#00294f","angle":348.3,"snapDist":4,"label":0}},{"type":"Feature","geometry":{"type":"Point","coordinates":[20.101955,49.998755]},"properties":{"name":"Mała Wieś Skrzyżowanie","lines":"W2","arr":["W2"],"terminus":0,"mode":"bus","color":"#0059a9","colorDark":"#00294f","angle":2.2,"snapDist":4,"label":0}},{"type":"Feature","geometry":{"type":"Point","coordinates":[20.089831,49.994157]},"properties":{"name":"Zabawa Centrum","lines":"W2","arr":["W2"],"terminus":0,"mode":"bus","color":"#0059a9","colorDark":"#00294f","angle":323.1,"snapDist":4,"label":0}},{"type":"Feature","geometry":{"type":"Point","coordinates":[20.08575,49.992182]},"properties":{"name":"Zabawa Granica","lines":"W2","arr":["W2"],"terminus":0,"mode":"bus","color":"#0059a9","colorDark":"#00294f","angle":323,"snapDist":7,"label":0}},{"type":"Feature","geometry":{"type":"Point","coordinates":[20.070326,49.986825]},"properties":{"name":"Wieliczka Rondo Armi Krajowej","lines":"W2","arr":["W2"],"terminus":0,"mode":"bus","color":"#0059a9","colorDark":"#00294f","angle":7.6,"snapDist":4,"label":1}},{"type":"Feature","geometry":{"type":"Point","coordinates":[20.07046,49.986792]},"properties":{"name":"Wieliczka Rondo Armi Krajowej","lines":"W2","arr":["W2"],"terminus":0,"mode":"bus","color":"#0059a9","colorDark":"#00294f","angle":200.5,"snapDist":3,"label":0}},{"type":"Feature","geometry":{"type":"Point","coordinates":[20.086557,49.992572]},"properties":{"name":"Zabawa Granica","lines":"W2","arr":["W2"],"terminus":0,"mode":"bus","color":"#0059a9","colorDark":"#00294f","angle":143.2,"snapDist":3,"label":0}},{"type":"Feature","geometry":{"type":"Point","coordinates":[20.090925,49.994684]},"properties":{"name":"Zabawa Centrum","lines":"W2","arr":["W2"],"terminus":0,"mode":"bus","color":"#0059a9","colorDark":"#00294f","angle":143.2,"snapDist":2,"label":0}},{"type":"Feature","geometry":{"type":"Point","coordinates":[20.101962,49.998755]},"properties":{"name":"Mała Wieś Skrzyżowanie","lines":"W2","arr":["W2"],"terminus":0,"mode":"bus","color":"#0059a9","colorDark":"#00294f","angle":182.2,"snapDist":4,"label":0}},{"type":"Feature","geometry":{"type":"Point","coordinates":[20.111011,49.99995]},"properties":{"name":"Sułków Zbój","lines":"W2","arr":["W2"],"terminus":0,"mode":"bus","color":"#0059a9","colorDark":"#00294f","angle":104.5,"snapDist":2,"label":0}},{"type":"Feature","geometry":{"type":"Point","coordinates":[20.112413,50.004069]},"properties":{"name":"Mała Wieś Leśna","lines":"W2","arr":["W2"],"terminus":0,"mode":"bus","color":"#0059a9","colorDark":"#00294f","angle":90.9,"snapDist":2,"label":0}},{"type":"Feature","geometry":{"type":"Point","coordinates":[20.115175,50.008097]},"properties":{"name":"Węgrzce Wielkie SUW","lines":"W2","arr":["W2"],"terminus":0,"mode":"bus","color":"#0059a9","colorDark":"#00294f","angle":110.2,"snapDist":3,"label":0}},{"type":"Feature","geometry":{"type":"Point","coordinates":[20.118439,50.010631]},"properties":{"name":"Węgrzce Wielkie os. Piaski","lines":"W2","arr":["W2"],"terminus":0,"mode":"bus","color":"#0059a9","colorDark":"#00294f","angle":151.4,"snapDist":3,"label":0}},{"type":"Feature","geometry":{"type":"Point","coordinates":[20.123739,50.01475]},"properties":{"name":"Węgrzce Wielkie Dąbrowy","lines":"W2","arr":["W2"],"terminus":0,"mode":"bus","color":"#0059a9","colorDark":"#00294f","angle":354.7,"snapDist":1,"label":0}},{"type":"Feature","geometry":{"type":"Point","coordinates":[20.110758,50.01486]},"properties":{"name":"Węgrzce Wielkie OSP","lines":"Z1","arr":["Z1"],"terminus":0,"mode":"bus","color":"#0059a9","colorDark":"#00294f","angle":355.9,"snapDist":3,"label":0}},{"type":"Feature","geometry":{"type":"Point","coordinates":[20.101192,50.011857]},"properties":{"name":"Strumiany Kościół","lines":"Z1","arr":["Z1"],"terminus":0,"mode":"bus","color":"#0059a9","colorDark":"#00294f","angle":295.2,"snapDist":3,"label":1}},{"type":"Feature","geometry":{"type":"Point","coordinates":[20.104396,50.008468]},"properties":{"name":"Mała Wieś Zakątek","lines":"Z1","arr":["Z1"],"terminus":0,"mode":"bus","color":"#0059a9","colorDark":"#00294f","angle":242.9,"snapDist":1,"label":1}},{"type":"Feature","geometry":{"type":"Point","coordinates":[20.104221,50.004417]},"properties":{"name":"Mała Wieś Miła","lines":"Z1","arr":["Z1"],"terminus":0,"mode":"bus","color":"#0059a9","colorDark":"#00294f","angle":306.2,"snapDist":1,"label":1}},{"type":"Feature","geometry":{"type":"Point","coordinates":[20.103703,50.002461]},"properties":{"name":"Mała Wieś Sklep","lines":"Z1","arr":["Z1"],"terminus":0,"mode":"bus","color":"#0059a9","colorDark":"#00294f","angle":260.5,"snapDist":1,"label":1}},{"type":"Feature","geometry":{"type":"Point","coordinates":[20.110566,49.998881]},"properties":{"name":"Sułków Zbój","lines":"Z1","arr":["Z1"],"terminus":0,"mode":"bus","color":"#0059a9","colorDark":"#00294f","angle":289.3,"snapDist":4,"label":0}},{"type":"Feature","geometry":{"type":"Point","coordinates":[20.105366,49.992484]},"properties":{"name":"Sułków Boisko","lines":"Z1","arr":["Z1"],"terminus":0,"mode":"bus","color":"#0059a9","colorDark":"#00294f","angle":289.1,"snapDist":3,"label":1}},{"type":"Feature","geometry":{"type":"Point","coordinates":[20.102891,49.990821]},"properties":{"name":"Sułków Sklep","lines":"Z1","arr":["Z1"],"terminus":0,"mode":"bus","color":"#0059a9","colorDark":"#00294f","angle":292.3,"snapDist":4,"label":1}},{"type":"Feature","geometry":{"type":"Point","coordinates":[20.098365,49.987154]},"properties":{"name":"Sułków Osiedle","lines":"Z1","arr":["Z1"],"terminus":0,"mode":"bus","color":"#0059a9","colorDark":"#00294f","angle":283.9,"snapDist":2,"label":1}},{"type":"Feature","geometry":{"type":"Point","coordinates":[20.098738,49.98203]},"properties":{"name":"Sułków Zwólka","lines":"Z1","arr":["Z1"],"terminus":0,"mode":"bus","color":"#0059a9","colorDark":"#00294f","angle":270.9,"snapDist":5,"label":1}},{"type":"Feature","geometry":{"type":"Point","coordinates":[20.098197,49.976636]},"properties":{"name":"Tomaszkowice Urząd Gminy","lines":"Z1","arr":["Z1"],"terminus":0,"mode":"bus","color":"#0059a9","colorDark":"#00294f","angle":300.7,"snapDist":4,"label":1}},{"type":"Feature","geometry":{"type":"Point","coordinates":[20.091836,49.977333]},"properties":{"name":"Lednica Górna Gory","lines":"Z1","arr":["Z1"],"terminus":0,"mode":"bus","color":"#0059a9","colorDark":"#00294f","angle":15.4,"snapDist":5,"label":0}},{"type":"Feature","geometry":{"type":"Point","coordinates":[20.085859,49.978492]},"properties":{"name":"Lednica Górna Świdówka","lines":"Z1","arr":["Z1"],"terminus":0,"mode":"bus","color":"#0059a9","colorDark":"#00294f","angle":16.7,"snapDist":6,"label":0}},{"type":"Feature","geometry":{"type":"Point","coordinates":[20.077603,49.980119]},"properties":{"name":"Wieliczka Polna","lines":"Z1","arr":["Z1"],"terminus":0,"mode":"bus","color":"#0059a9","colorDark":"#00294f","angle":17.2,"snapDist":5,"label":0}},{"type":"Feature","geometry":{"type":"Point","coordinates":[20.086805,49.978307]},"properties":{"name":"Lednica Górna Świdówka","lines":"Z1","arr":["Z1"],"terminus":0,"mode":"bus","color":"#0059a9","colorDark":"#00294f","angle":196.9,"snapDist":3,"label":0}},{"type":"Feature","geometry":{"type":"Point","coordinates":[20.092158,49.977272]},"properties":{"name":"Lednica Górna Gory","lines":"Z1","arr":["Z1"],"terminus":0,"mode":"bus","color":"#0059a9","colorDark":"#00294f","angle":197.7,"snapDist":3,"label":0}},{"type":"Feature","geometry":{"type":"Point","coordinates":[20.098206,49.976646]},"properties":{"name":"Tomaszkowice Urząd Gminy","lines":"Z1","arr":["Z1"],"terminus":0,"mode":"bus","color":"#0059a9","colorDark":"#00294f","angle":120.7,"snapDist":3,"label":0}},{"type":"Feature","geometry":{"type":"Point","coordinates":[20.099255,49.982879]},"properties":{"name":"Sułków Zwólka","lines":"Z1","arr":["Z1"],"terminus":0,"mode":"bus","color":"#0059a9","colorDark":"#00294f","angle":91.7,"snapDist":4,"label":0}},{"type":"Feature","geometry":{"type":"Point","coordinates":[20.098491,49.987489]},"properties":{"name":"Sułków Osiedle","lines":"Z1","arr":["Z1"],"terminus":0,"mode":"bus","color":"#0059a9","colorDark":"#00294f","angle":97.1,"snapDist":5,"label":0}},{"type":"Feature","geometry":{"type":"Point","coordinates":[20.1006,49.989724]},"properties":{"name":"Sułków Kościół","lines":"Z1","arr":["Z1"],"terminus":0,"mode":"bus","color":"#0059a9","colorDark":"#00294f","angle":164.7,"snapDist":1,"label":1}},{"type":"Feature","geometry":{"type":"Point","coordinates":[20.10279,49.990663]},"properties":{"name":"Sułków Sklep","lines":"Z1","arr":["Z1"],"terminus":0,"mode":"bus","color":"#0059a9","colorDark":"#00294f","angle":112.3,"snapDist":5,"label":0}},{"type":"Feature","geometry":{"type":"Point","coordinates":[20.105447,49.992771]},"properties":{"name":"Sułków OSP","lines":"Z1","arr":["Z1"],"terminus":0,"mode":"bus","color":"#0059a9","colorDark":"#00294f","angle":94.2,"snapDist":4,"label":1}},{"type":"Feature","geometry":{"type":"Point","coordinates":[20.103745,50.002302]},"properties":{"name":"Mała Wieś Sklep","lines":"Z1","arr":["Z1"],"terminus":0,"mode":"bus","color":"#0059a9","colorDark":"#00294f","angle":80.5,"snapDist":7,"label":0}},{"type":"Feature","geometry":{"type":"Point","coordinates":[20.105074,50.005359]},"properties":{"name":"Mała Wieś Miła","lines":"Z1","arr":["Z1"],"terminus":0,"mode":"bus","color":"#0059a9","colorDark":"#00294f","angle":105.5,"snapDist":5,"label":0}},{"type":"Feature","geometry":{"type":"Point","coordinates":[20.104141,50.008783]},"properties":{"name":"Mała Wieś Zakątek","lines":"Z1","arr":["Z1"],"terminus":0,"mode":"bus","color":"#0059a9","colorDark":"#00294f","angle":61.1,"snapDist":6,"label":0}},{"type":"Feature","geometry":{"type":"Point","coordinates":[20.101539,50.010705]},"properties":{"name":"Strumiany Przedszkole","lines":"Z1","arr":["Z1"],"terminus":0,"mode":"bus","color":"#0059a9","colorDark":"#00294f","angle":49.8,"snapDist":4,"label":1}},{"type":"Feature","geometry":{"type":"Point","coordinates":[20.110643,50.014854]},"properties":{"name":"Węgrzce Wielkie OSP","lines":"Z1","arr":["Z1"],"terminus":0,"mode":"bus","color":"#0059a9","colorDark":"#00294f","angle":175.9,"snapDist":3,"label":0}},{"type":"Feature","geometry":{"type":"Point","coordinates":[19.913794,50.052729]},"properties":{"name":"Salwator","lines":"1, 70","arr":["1","70"],"terminus":1,"mode":"tram","color":"#d6212b","colorDark":"#7c1116","angle":245.1,"snapDist":5,"label":1}},{"type":"Feature","geometry":{"type":"Point","coordinates":[19.915025,50.052738]},"properties":{"name":"Salwator","lines":"1, 70","arr":["1","70"],"terminus":0,"mode":"tram","color":"#d6212b","colorDark":"#7c1116","angle":173.3,"snapDist":2,"label":0}},{"type":"Feature","geometry":{"type":"Point","coordinates":[19.921882,50.0534]},"properties":{"name":"Komorowskiego","lines":"1, 70","arr":["1","70"],"terminus":0,"mode":"tram","color":"#d6212b","colorDark":"#7c1116","angle":155.7,"snapDist":2,"label":1}},{"type":"Feature","geometry":{"type":"Point","coordinates":[19.927059,50.054992]},"properties":{"name":"Jubilat","lines":"1, 70","arr":["1","70"],"terminus":0,"mode":"tram","color":"#d6212b","colorDark":"#7c1116","angle":146.8,"snapDist":1,"label":1}},{"type":"Feature","geometry":{"type":"Point","coordinates":[19.932995,50.058673]},"properties":{"name":"Filharmonia","lines":"1, 70","arr":["1","70"],"terminus":0,"mode":"tram","color":"#d6212b","colorDark":"#7c1116","angle":148.8,"snapDist":1,"label":1}},{"type":"Feature","geometry":{"type":"Point","coordinates":[19.937497,50.059118]},"properties":{"name":"Plac Wszystkich Świętych","lines":"1, 8, 15, 20, 70","arr":["1","8","15","20","70"],"terminus":0,"mode":"tram","color":"#d6212b","colorDark":"#7c1116","angle":182.1,"snapDist":1,"label":1}},{"type":"Feature","geometry":{"type":"Point","coordinates":[19.941817,50.059341]},"properties":{"name":"Poczta Główna","lines":"1, 15, 18, 20","arr":["1","15","18","20"],"terminus":0,"mode":"tram","color":"#d6212b","colorDark":"#7c1116","angle":131.6,"snapDist":0,"label":1}},{"type":"Feature","geometry":{"type":"Point","coordinates":[19.944997,50.064192]},"properties":{"name":"Teatr Słowackiego","lines":"1, 10, 15, 18, 20, 22, 52, 62, 73, 76","arr":["1","10","15","18","20","22","52","62","73","76"],"terminus":0,"mode":"tram","color":"#d6212b","colorDark":"#7c1116","angle":85.3,"snapDist":1,"label":1}},{"type":"Feature","geometry":{"type":"Point","coordinates":[19.951094,50.065048]},"properties":{"name":"Lubicz","lines":"1, 3, 10, 15, 20, 22, 52, 62, 73, 74, 76","arr":["1","3","10","15","20","22","52","62","73","74","76"],"terminus":0,"mode":"tram","color":"#d6212b","colorDark":"#7c1116","angle":172.2,"snapDist":0,"label":1}},{"type":"Feature","geometry":{"type":"Point","coordinates":[19.959309,50.064866]},"properties":{"name":"Rondo Mogilskie","lines":"1, 3, 9, 14, 15, 20, 22, 50, 62, 73","arr":["1","3","9","14","15","20","22","50","62","73"],"terminus":0,"mode":"tram","color":"#d6212b","colorDark":"#7c1116","angle":249.5,"snapDist":0,"label":1}},{"type":"Feature","geometry":{"type":"Point","coordinates":[19.960289,50.057897]},"properties":{"name":"Rondo Grzegórzeckie","lines":"1, 14, 15, 22, 62","arr":["1","14","15","22","62"],"terminus":0,"mode":"tram","color":"#d6212b","colorDark":"#7c1116","angle":152.6,"snapDist":1,"label":1}},{"type":"Feature","geometry":{"type":"Point","coordinates":[19.962527,50.05886]},"properties":{"name":"Teatr Variete","lines":"1, 14, 15, 22, 62","arr":["1","14","15","22","62"],"terminus":0,"mode":"tram","color":"#d6212b","colorDark":"#7c1116","angle":147.7,"snapDist":0,"label":1}},{"type":"Feature","geometry":{"type":"Point","coordinates":[19.966793,50.060001]},"properties":{"name":"Nullo","lines":"1, 14, 15, 22, 62","arr":["1","14","15","22","62"],"terminus":0,"mode":"tram","color":"#d6212b","colorDark":"#7c1116","angle":159.3,"snapDist":0,"label":1}},{"type":"Feature","geometry":{"type":"Point","coordinates":[19.970175,50.060444]},"properties":{"name":"Fabryczna","lines":"1, 14, 15, 22, 62","arr":["1","14","15","22","62"],"terminus":0,"mode":"tram","color":"#d6212b","colorDark":"#7c1116","angle":194.6,"snapDist":1,"label":1}},{"type":"Feature","geometry":{"type":"Point","coordinates":[19.976356,50.059608]},"properties":{"name":"Ofiar Dąbia","lines":"1, 14, 15, 22, 62","arr":["1","14","15","22","62"],"terminus":0,"mode":"tram","color":"#d6212b","colorDark":"#7c1116","angle":165.8,"snapDist":2,"label":1}},{"type":"Feature","geometry":{"type":"Point","coordinates":[19.979189,50.06072]},"properties":{"name":"Dąbie","lines":"1, 14, 15, 22, 62","arr":["1","14","15","22","62"],"terminus":0,"mode":"tram","color":"#d6212b","colorDark":"#7c1116","angle":142.9,"snapDist":0,"label":1}},{"type":"Feature","geometry":{"type":"Point","coordinates":[19.988978,50.064187]},"properties":{"name":"TAURON Arena Kraków Al. Pokoju","lines":"1, 14, 15, 22, 62","arr":["1","14","15","22","62"],"terminus":0,"mode":"tram","color":"#d6212b","colorDark":"#7c1116","angle":164.6,"snapDist":0,"label":1}},{"type":"Feature","geometry":{"type":"Point","coordinates":[19.997484,50.065668]},"properties":{"name":"Ogród Doświadczeń","lines":"1, 14, 15, 22, 62","arr":["1","14","15","22","62"],"terminus":0,"mode":"tram","color":"#d6212b","colorDark":"#7c1116","angle":164.7,"snapDist":1,"label":1}},{"type":"Feature","geometry":{"type":"Point","coordinates":[20.005375,50.067362]},"properties":{"name":"Rondo 308. Dywizjonu","lines":"1, 14, 15, 22, 62","arr":["1","14","15","22","62"],"terminus":0,"mode":"tram","color":"#d6212b","colorDark":"#7c1116","angle":167,"snapDist":1,"label":1}},{"type":"Feature","geometry":{"type":"Point","coordinates":[20.012192,50.069199]},"properties":{"name":"Gałczyńskiego","lines":"1, 14, 15, 22, 62","arr":["1","14","15","22","62"],"terminus":0,"mode":"tram","color":"#d6212b","colorDark":"#7c1116","angle":154.4,"snapDist":0,"label":1}},{"type":"Feature","geometry":{"type":"Point","coordinates":[20.01803,50.074192]},"properties":{"name":"Rondo Czyżyńskie","lines":"1, 5, 9, 14, 52","arr":["1","5","9","14","52"],"terminus":0,"mode":"tram","color":"#d6212b","colorDark":"#7c1116","angle":124.2,"snapDist":0,"label":1}},{"type":"Feature","geometry":{"type":"Point","coordinates":[20.020583,50.075697]},"properties":{"name":"Bieńczycka","lines":"1, 5, 9, 14, 52","arr":["1","5","9","14","52"],"terminus":0,"mode":"tram","color":"#d6212b","colorDark":"#7c1116","angle":140.1,"snapDist":0,"label":1}},{"type":"Feature","geometry":{"type":"Point","coordinates":[20.028405,50.080066]},"properties":{"name":"Rondo Kocmyrzowskie im. ks. Gorzelanego","lines":"1, 5","arr":["1","5"],"terminus":0,"mode":"tram","color":"#d6212b","colorDark":"#7c1116","angle":153.8,"snapDist":0,"label":1}},{"type":"Feature","geometry":{"type":"Point","coordinates":[20.032031,50.081866]},"properties":{"name":"Teatr Ludowy","lines":"1, 5","arr":["1","5"],"terminus":0,"mode":"tram","color":"#d6212b","colorDark":"#7c1116","angle":140.1,"snapDist":0,"label":1}},{"type":"Feature","geometry":{"type":"Point","coordinates":[20.03771,50.084927]},"properties":{"name":"Cienista","lines":"1, 5","arr":["1","5"],"terminus":0,"mode":"tram","color":"#d6212b","colorDark":"#7c1116","angle":139.9,"snapDist":1,"label":1}},{"type":"Feature","geometry":{"type":"Point","coordinates":[20.047607,50.086943]},"properties":{"name":"Wańkowicza","lines":"1, 5","arr":["1","5"],"terminus":0,"mode":"tram","color":"#d6212b","colorDark":"#7c1116","angle":171.4,"snapDist":1,"label":1}},{"type":"Feature","geometry":{"type":"Point","coordinates":[20.059097,50.089601]},"properties":{"name":"Darwina","lines":"1, 5, 74","arr":["1","5","74"],"terminus":0,"mode":"tram","color":"#d6212b","colorDark":"#7c1116","angle":103.4,"snapDist":0,"label":1}},{"type":"Feature","geometry":{"type":"Point","coordinates":[20.061603,50.092301]},"properties":{"name":"Jarzębiny","lines":"1, 5, 74","arr":["1","5","74"],"terminus":0,"mode":"tram","color":"#d6212b","colorDark":"#7c1116","angle":131.8,"snapDist":1,"label":1}},{"type":"Feature","geometry":{"type":"Point","coordinates":[20.064855,50.094596]},"properties":{"name":"Wzgórza Krzesławickie","lines":"1, 5, 74","arr":["1","5","74"],"terminus":1,"mode":"tram","color":"#d6212b","colorDark":"#7c1116","angle":299.2,"snapDist":0,"label":1}},{"type":"Feature","geometry":{"type":"Point","coordinates":[20.061091,50.09199]},"properties":{"name":"Jarzębiny","lines":"1, 5, 74","arr":["1","5","74"],"terminus":0,"mode":"tram","color":"#d6212b","colorDark":"#7c1116","angle":312.5,"snapDist":1,"label":0}},{"type":"Feature","geometry":{"type":"Point","coordinates":[20.058987,50.089453]},"properties":{"name":"Darwina","lines":"1, 5, 74","arr":["1","5","74"],"terminus":0,"mode":"tram","color":"#d6212b","colorDark":"#7c1116","angle":283.2,"snapDist":1,"label":0}},{"type":"Feature","geometry":{"type":"Point","coordinates":[20.047561,50.086975]},"properties":{"name":"Wańkowicza","lines":"1, 5","arr":["1","5"],"terminus":0,"mode":"tram","color":"#d6212b","colorDark":"#7c1116","angle":351.3,"snapDist":0,"label":0}},{"type":"Feature","geometry":{"type":"Point","coordinates":[20.03852,50.08539]},"properties":{"name":"Cienista","lines":"1, 5","arr":["1","5"],"terminus":0,"mode":"tram","color":"#d6212b","colorDark":"#7c1116","angle":322.4,"snapDist":0,"label":0}},{"type":"Feature","geometry":{"type":"Point","coordinates":[20.032698,50.082272]},"properties":{"name":"Teatr Ludowy","lines":"1, 5","arr":["1","5"],"terminus":0,"mode":"tram","color":"#d6212b","colorDark":"#7c1116","angle":320,"snapDist":1,"label":0}},{"type":"Feature","geometry":{"type":"Point","coordinates":[20.026488,50.079049]},"properties":{"name":"Rondo Kocmyrzowskie im. ks. Gorzelanego","lines":"1, 5, 9, 14, 52","arr":["1","5","9","14","52"],"terminus":0,"mode":"tram","color":"#d6212b","colorDark":"#7c1116","angle":301.8,"snapDist":0,"label":0}},{"type":"Feature","geometry":{"type":"Point","coordinates":[20.020437,50.075663]},"properties":{"name":"Bieńczycka","lines":"1, 5, 9, 14, 52","arr":["1","5","9","14","52"],"terminus":0,"mode":"tram","color":"#d6212b","colorDark":"#7c1116","angle":319.8,"snapDist":0,"label":0}},{"type":"Feature","geometry":{"type":"Point","coordinates":[20.017064,50.072759]},"properties":{"name":"Rondo Czyżyńskie","lines":"1, 14, 15, 22, 62","arr":["1","14","15","22","62"],"terminus":0,"mode":"tram","color":"#d6212b","colorDark":"#7c1116","angle":289.1,"snapDist":0,"label":0}},{"type":"Feature","geometry":{"type":"Point","coordinates":[20.012742,50.069417]},"properties":{"name":"Gałczyńskiego","lines":"1, 14, 15, 22, 62","arr":["1","14","15","22","62"],"terminus":0,"mode":"tram","color":"#d6212b","colorDark":"#7c1116","angle":331.8,"snapDist":0,"label":0}},{"type":"Feature","geometry":{"type":"Point","coordinates":[20.005374,50.067397]},"properties":{"name":"Rondo 308. Dywizjonu","lines":"1, 14, 15, 22, 62","arr":["1","14","15","22","62"],"terminus":0,"mode":"tram","color":"#d6212b","colorDark":"#7c1116","angle":347.3,"snapDist":0,"label":0}},{"type":"Feature","geometry":{"type":"Point","coordinates":[19.996323,50.065504]},"properties":{"name":"Ogród Doświadczeń","lines":"1, 14, 15, 22, 62","arr":["1","14","15","22","62"],"terminus":0,"mode":"tram","color":"#d6212b","colorDark":"#7c1116","angle":345.3,"snapDist":0,"label":0}},{"type":"Feature","geometry":{"type":"Point","coordinates":[19.990077,50.064416]},"properties":{"name":"TAURON Arena Kraków Al. Pokoju","lines":"1, 14, 15, 22, 62","arr":["1","14","15","22","62"],"terminus":0,"mode":"tram","color":"#d6212b","colorDark":"#7c1116","angle":344.7,"snapDist":0,"label":0}},{"type":"Feature","geometry":{"type":"Point","coordinates":[19.979035,50.06069]},"properties":{"name":"Dąbie","lines":"1, 14, 15, 22, 62","arr":["1","14","15","22","62"],"terminus":0,"mode":"tram","color":"#d6212b","colorDark":"#7c1116","angle":323.2,"snapDist":3,"label":0}},{"type":"Feature","geometry":{"type":"Point","coordinates":[19.976271,50.059629]},"properties":{"name":"Ofiar Dąbia","lines":"1, 14, 15, 22, 62","arr":["1","14","15","22","62"],"terminus":0,"mode":"tram","color":"#d6212b","colorDark":"#7c1116","angle":345.9,"snapDist":0,"label":0}},{"type":"Feature","geometry":{"type":"Point","coordinates":[19.97127,50.060248]},"properties":{"name":"Fabryczna","lines":"1, 14, 15, 22, 62","arr":["1","14","15","22","62"],"terminus":0,"mode":"tram","color":"#d6212b","colorDark":"#7c1116","angle":18.6,"snapDist":0,"label":0}},{"type":"Feature","geometry":{"type":"Point","coordinates":[19.967377,50.060182]},"properties":{"name":"Nullo","lines":"1, 14, 15, 22, 62","arr":["1","14","15","22","62"],"terminus":0,"mode":"tram","color":"#d6212b","colorDark":"#7c1116","angle":339.3,"snapDist":1,"label":0}},{"type":"Feature","geometry":{"type":"Point","coordinates":[19.962368,50.058833]},"properties":{"name":"Teatr Variete","lines":"1, 14, 15, 22, 62","arr":["1","14","15","22","62"],"terminus":0,"mode":"tram","color":"#d6212b","colorDark":"#7c1116","angle":326.7,"snapDist":1,"label":0}},{"type":"Feature","geometry":{"type":"Point","coordinates":[19.959223,50.058428]},"properties":{"name":"Rondo Grzegórzeckie","lines":"1, 3, 9, 14, 15, 20, 22, 62, 73","arr":["1","3","9","14","15","20","22","62","73"],"terminus":0,"mode":"tram","color":"#d6212b","colorDark":"#7c1116","angle":99.9,"snapDist":1,"label":0}},{"type":"Feature","geometry":{"type":"Point","coordinates":[19.959346,50.06497]},"properties":{"name":"Rondo Mogilskie","lines":"1, 3, 15, 20, 22, 62, 73","arr":["1","3","15","20","22","62","73"],"terminus":0,"mode":"tram","color":"#d6212b","colorDark":"#7c1116","angle":69.7,"snapDist":1,"label":0}},{"type":"Feature","geometry":{"type":"Point","coordinates":[19.952107,50.065171]},"properties":{"name":"Lubicz","lines":"1, 3, 10, 15, 20, 22, 52, 62, 73, 74","arr":["1","3","10","15","20","22","52","62","73","74"],"terminus":0,"mode":"tram","color":"#d6212b","colorDark":"#7c1116","angle":352.5,"snapDist":2,"label":0}},{"type":"Feature","geometry":{"type":"Point","coordinates":[19.945626,50.064617]},"properties":{"name":"Teatr Słowackiego","lines":"1, 3, 10, 15, 20, 22, 52, 62, 73, 74, 76","arr":["1","3","10","15","20","22","52","62","73","74","76"],"terminus":0,"mode":"tram","color":"#d6212b","colorDark":"#7c1116","angle":352.3,"snapDist":1,"label":0}},{"type":"Feature","geometry":{"type":"Point","coordinates":[19.942401,50.059799]},"properties":{"name":"Poczta Główna","lines":"1, 10, 15, 18, 20, 22, 52, 62, 73, 76","arr":["1","10","15","18","20","22","52","62","73","76"],"terminus":0,"mode":"tram","color":"#d6212b","colorDark":"#7c1116","angle":311.7,"snapDist":0,"label":0}},{"type":"Feature","geometry":{"type":"Point","coordinates":[19.938241,50.05913]},"properties":{"name":"Plac Wszystkich Świętych","lines":"1, 8, 15, 20, 70","arr":["1","8","15","20","70"],"terminus":0,"mode":"tram","color":"#d6212b","colorDark":"#7c1116","angle":2,"snapDist":1,"label":0}},{"type":"Feature","geometry":{"type":"Point","coordinates":[19.933869,50.059032]},"properties":{"name":"Filharmonia","lines":"1, 8, 15, 20, 70","arr":["1","8","15","20","70"],"terminus":0,"mode":"tram","color":"#d6212b","colorDark":"#7c1116","angle":329.7,"snapDist":0,"label":0}},{"type":"Feature","geometry":{"type":"Point","coordinates":[19.928111,50.055496]},"properties":{"name":"Jubilat","lines":"1, 70","arr":["1","70"],"terminus":0,"mode":"tram","color":"#d6212b","colorDark":"#7c1116","angle":318.6,"snapDist":0,"label":0}},{"type":"Feature","geometry":{"type":"Point","coordinates":[19.921886,50.053433]},"properties":{"name":"Komorowskiego","lines":"1, 70","arr":["1","70"],"terminus":0,"mode":"tram","color":"#d6212b","colorDark":"#7c1116","angle":336,"snapDist":2,"label":0}},{"type":"Feature","geometry":{"type":"Point","coordinates":[19.917407,50.052629]},"properties":{"name":"Salwator","lines":"1, 70","arr":["1","70"],"terminus":0,"mode":"tram","color":"#d6212b","colorDark":"#7c1116","angle":11,"snapDist":0,"label":1}},{"type":"Feature","geometry":{"type":"Point","coordinates":[20.023063,50.015594]},"properties":{"name":"Nowy Bieżanów P+R","lines":"3, 9, 73","arr":["3","9","73"],"terminus":1,"mode":"tram","color":"#d6212b","colorDark":"#7c1116","angle":333.6,"snapDist":2,"label":1}},{"type":"Feature","geometry":{"type":"Point","coordinates":[20.019964,50.015958]},"properties":{"name":"Ćwiklińskiej","lines":"3, 9, 73","arr":["3","9","73"],"terminus":0,"mode":"tram","color":"#d6212b","colorDark":"#7c1116","angle":16.7,"snapDist":1,"label":1}},{"type":"Feature","geometry":{"type":"Point","coordinates":[20.013227,50.016314]},"properties":{"name":"Nowy Prokocim","lines":"3, 9, 73","arr":["3","9","73"],"terminus":0,"mode":"tram","color":"#d6212b","colorDark":"#7c1116","angle":345.9,"snapDist":0,"label":1}},{"type":"Feature","geometry":{"type":"Point","coordinates":[20.007913,50.016504]},"properties":{"name":"Teligi","lines":"3, 9, 73","arr":["3","9","73"],"terminus":0,"mode":"tram","color":"#d6212b","colorDark":"#7c1116","angle":14.6,"snapDist":1,"label":1}},{"type":"Feature","geometry":{"type":"Point","coordinates":[20.000181,50.014577]},"properties":{"name":"Prokocim Szpital","lines":"3, 9, 73","arr":["3","9","73"],"terminus":0,"mode":"tram","color":"#d6212b","colorDark":"#7c1116","angle":318.6,"snapDist":1,"label":1}},{"type":"Feature","geometry":{"type":"Point","coordinates":[19.990976,50.017638]},"properties":{"name":"Prokocim","lines":"3, 9, 73","arr":["3","9","73"],"terminus":0,"mode":"tram","color":"#d6212b","colorDark":"#7c1116","angle":42.7,"snapDist":1,"label":1}},{"type":"Feature","geometry":{"type":"Point","coordinates":[19.987835,50.019542]},"properties":{"name":"Wlotowa","lines":"3, 9, 73","arr":["3","9","73"],"terminus":0,"mode":"tram","color":"#d6212b","colorDark":"#7c1116","angle":42.6,"snapDist":2,"label":1}},{"type":"Feature","geometry":{"type":"Point","coordinates":[19.981681,50.023111]},"properties":{"name":"Bieżanowska","lines":"3, 9, 73","arr":["3","9","73"],"terminus":0,"mode":"tram","color":"#d6212b","colorDark":"#7c1116","angle":42.2,"snapDist":1,"label":1}},{"type":"Feature","geometry":{"type":"Point","coordinates":[19.977232,50.026621]},"properties":{"name":"Kabel","lines":"3, 9, 70, 73","arr":["3","9","70","73"],"terminus":0,"mode":"tram","color":"#d6212b","colorDark":"#7c1116","angle":56.1,"snapDist":0,"label":1}},{"type":"Feature","geometry":{"type":"Point","coordinates":[19.977203,50.033551]},"properties":{"name":"Dworzec Płaszów Estakada","lines":"3, 9, 70, 73","arr":["3","9","70","73"],"terminus":0,"mode":"tram","color":"#d6212b","colorDark":"#7c1116","angle":135.6,"snapDist":1,"label":1}},{"type":"Feature","geometry":{"type":"Point","coordinates":[19.981676,50.040685]},"properties":{"name":"Lipska","lines":"3, 9, 20, 73","arr":["3","9","20","73"],"terminus":0,"mode":"tram","color":"#d6212b","colorDark":"#7c1116","angle":358.8,"snapDist":0,"label":1}},{"type":"Feature","geometry":{"type":"Point","coordinates":[19.978132,50.040656]},"properties":{"name":"Gromadzka","lines":"3, 9, 20, 73","arr":["3","9","20","73"],"terminus":0,"mode":"tram","color":"#d6212b","colorDark":"#7c1116","angle":359.1,"snapDist":1,"label":1}},{"type":"Feature","geometry":{"type":"Point","coordinates":[19.973594,50.044573]},"properties":{"name":"Kuklińskiego","lines":"3, 9, 20, 73","arr":["3","9","20","73"],"terminus":0,"mode":"tram","color":"#d6212b","colorDark":"#7c1116","angle":73,"snapDist":1,"label":1}},{"type":"Feature","geometry":{"type":"Point","coordinates":[19.967611,50.049008]},"properties":{"name":"Klimeckiego","lines":"3, 9, 20, 73","arr":["3","9","20","73"],"terminus":0,"mode":"tram","color":"#d6212b","colorDark":"#7c1116","angle":37.1,"snapDist":1,"label":1}},{"type":"Feature","geometry":{"type":"Point","coordinates":[19.964212,50.049943]},"properties":{"name":"Zabłocie","lines":"3, 9, 20, 73","arr":["3","9","20","73"],"terminus":0,"mode":"tram","color":"#d6212b","colorDark":"#7c1116","angle":20.4,"snapDist":1,"label":1}},{"type":"Feature","geometry":{"type":"Point","coordinates":[19.93972,50.066292]},"properties":{"name":"Stary Kleparz","lines":"3, 74","arr":["3","74"],"terminus":0,"mode":"tram","color":"#d6212b","colorDark":"#7c1116","angle":1.9,"snapDist":2,"label":1}},{"type":"Feature","geometry":{"type":"Point","coordinates":[19.937521,50.069672]},"properties":{"name":"Pędzichów","lines":"3, 74","arr":["3","74"],"terminus":0,"mode":"tram","color":"#d6212b","colorDark":"#7c1116","angle":57.3,"snapDist":1,"label":1}},{"type":"Feature","geometry":{"type":"Point","coordinates":[19.936629,50.073493]},"properties":{"name":"Nowy Kleparz","lines":"3, 74","arr":["3","74"],"terminus":0,"mode":"tram","color":"#d6212b","colorDark":"#7c1116","angle":168.4,"snapDist":0,"label":1}},{"type":"Feature","geometry":{"type":"Point","coordinates":[19.940291,50.075986]},"properties":{"name":"Dworzec Towarowy","lines":"3, 5, 18, 75","arr":["3","5","18","75"],"terminus":0,"mode":"tram","color":"#d6212b","colorDark":"#7c1116","angle":21.1,"snapDist":0,"label":0}},{"type":"Feature","geometry":{"type":"Point","coordinates":[19.93762,50.080782]},"properties":{"name":"Szpital Narutowicza","lines":"3, 5, 18, 75","arr":["3","5","18","75"],"terminus":0,"mode":"tram","color":"#d6212b","colorDark":"#7c1116","angle":26.6,"snapDist":2,"label":1}},{"type":"Feature","geometry":{"type":"Point","coordinates":[19.93415,50.083727]},"properties":{"name":"Bratysławska","lines":"3, 5, 18, 75","arr":["3","5","18","75"],"terminus":0,"mode":"tram","color":"#d6212b","colorDark":"#7c1116","angle":64,"snapDist":1,"label":1}},{"type":"Feature","geometry":{"type":"Point","coordinates":[19.931661,50.089386]},"properties":{"name":"Krowodrza Górka P+R","lines":"3, 5","arr":["3","5"],"terminus":1,"mode":"tram","color":"#d6212b","colorDark":"#7c1116","angle":277.6,"snapDist":2,"label":1}},{"type":"Feature","geometry":{"type":"Point","coordinates":[19.932767,50.088754]},"properties":{"name":"Krowodrza Górka P+R","lines":"3, 5, 18, 50, 75","arr":["3","5","18","50","75"],"terminus":0,"mode":"tram","color":"#d6212b","colorDark":"#7c1116","angle":261.8,"snapDist":2,"label":0}},{"type":"Feature","geometry":{"type":"Point","coordinates":[19.93359,50.084646]},"properties":{"name":"Bratysławska","lines":"3, 5, 18, 50, 75","arr":["3","5","18","50","75"],"terminus":0,"mode":"tram","color":"#d6212b","colorDark":"#7c1116","angle":256.2,"snapDist":1,"label":0}},{"type":"Feature","geometry":{"type":"Point","coordinates":[19.937976,50.080627]},"properties":{"name":"Szpital Narutowicza","lines":"3, 5, 18, 50, 75","arr":["3","5","18","50","75"],"terminus":0,"mode":"tram","color":"#d6212b","colorDark":"#7c1116","angle":206.7,"snapDist":0,"label":0}},{"type":"Feature","geometry":{"type":"Point","coordinates":[19.939707,50.07498]},"properties":{"name":"Dworzec Towarowy","lines":"3, 74","arr":["3","74"],"terminus":1,"mode":"tram","color":"#d6212b","colorDark":"#7c1116","angle":309.1,"snapDist":2,"label":1}},{"type":"Feature","geometry":{"type":"Point","coordinates":[19.936454,50.073501]},"properties":{"name":"Nowy Kleparz","lines":"3, 74","arr":["3","74"],"terminus":0,"mode":"tram","color":"#d6212b","colorDark":"#7c1116","angle":348.1,"snapDist":1,"label":0}},{"type":"Feature","geometry":{"type":"Point","coordinates":[19.937491,50.069643]},"properties":{"name":"Pędzichów","lines":"3, 74","arr":["3","74"],"terminus":0,"mode":"tram","color":"#d6212b","colorDark":"#7c1116","angle":237.9,"snapDist":1,"label":0}},{"type":"Feature","geometry":{"type":"Point","coordinates":[19.938952,50.06666]},"properties":{"name":"Stary Kleparz","lines":"3, 74","arr":["3","74"],"terminus":0,"mode":"tram","color":"#d6212b","colorDark":"#7c1116","angle":256.5,"snapDist":0,"label":0}},{"type":"Feature","geometry":{"type":"Point","coordinates":[19.944407,50.064789]},"properties":{"name":"Teatr Słowackiego","lines":"3, 74","arr":["3","74"],"terminus":0,"mode":"tram","color":"#d6212b","colorDark":"#7c1116","angle":208.1,"snapDist":0,"label":0}},{"type":"Feature","geometry":{"type":"Point","coordinates":[19.958949,50.056894]},"properties":{"name":"Rondo Grzegórzeckie","lines":"3, 9, 20, 50, 73","arr":["3","9","20","50","73"],"terminus":0,"mode":"tram","color":"#d6212b","colorDark":"#7c1116","angle":266.6,"snapDist":1,"label":0}},{"type":"Feature","geometry":{"type":"Point","coordinates":[19.965149,50.049701]},"properties":{"name":"Zabłocie","lines":"3, 9, 20, 50, 73","arr":["3","9","20","50","73"],"terminus":0,"mode":"tram","color":"#d6212b","colorDark":"#7c1116","angle":200.5,"snapDist":0,"label":0}},{"type":"Feature","geometry":{"type":"Point","coordinates":[19.967578,50.04898]},"properties":{"name":"Klimeckiego","lines":"3, 9, 20, 50, 73","arr":["3","9","20","50","73"],"terminus":0,"mode":"tram","color":"#d6212b","colorDark":"#7c1116","angle":217.1,"snapDist":1,"label":0}},{"type":"Feature","geometry":{"type":"Point","coordinates":[19.973558,50.044531]},"properties":{"name":"Kuklińskiego","lines":"3, 9, 20, 50, 73","arr":["3","9","20","50","73"],"terminus":0,"mode":"tram","color":"#d6212b","colorDark":"#7c1116","angle":252.9,"snapDist":1,"label":0}},{"type":"Feature","geometry":{"type":"Point","coordinates":[19.978133,50.040619]},"properties":{"name":"Gromadzka","lines":"3, 9, 20, 50, 73","arr":["3","9","20","50","73"],"terminus":0,"mode":"tram","color":"#d6212b","colorDark":"#7c1116","angle":179.2,"snapDist":2,"label":0}},{"type":"Feature","geometry":{"type":"Point","coordinates":[19.982941,50.039691]},"properties":{"name":"Lipska","lines":"3, 9, 50, 70, 73","arr":["3","9","50","70","73"],"terminus":0,"mode":"tram","color":"#d6212b","colorDark":"#7c1116","angle":276.8,"snapDist":4,"label":0}},{"type":"Feature","geometry":{"type":"Point","coordinates":[19.976961,50.033458]},"properties":{"name":"Dworzec Płaszów Estakada","lines":"3, 9, 50, 70, 73","arr":["3","9","50","70","73"],"terminus":0,"mode":"tram","color":"#d6212b","colorDark":"#7c1116","angle":315.8,"snapDist":2,"label":0}},{"type":"Feature","geometry":{"type":"Point","coordinates":[19.976554,50.027224]},"properties":{"name":"Kabel","lines":"3, 9, 50, 70, 73","arr":["3","9","50","70","73"],"terminus":0,"mode":"tram","color":"#d6212b","colorDark":"#7c1116","angle":236.6,"snapDist":1,"label":0}},{"type":"Feature","geometry":{"type":"Point","coordinates":[19.981766,50.023009]},"properties":{"name":"Bieżanowska","lines":"3, 9, 73","arr":["3","9","73"],"terminus":0,"mode":"tram","color":"#d6212b","colorDark":"#7c1116","angle":222.7,"snapDist":3,"label":0}},{"type":"Feature","geometry":{"type":"Point","coordinates":[19.988085,50.019345]},"properties":{"name":"Wlotowa","lines":"3, 9, 73","arr":["3","9","73"],"terminus":0,"mode":"tram","color":"#d6212b","colorDark":"#7c1116","angle":223.4,"snapDist":3,"label":0}},{"type":"Feature","geometry":{"type":"Point","coordinates":[19.991095,50.017519]},"properties":{"name":"Prokocim","lines":"3, 9, 73","arr":["3","9","73"],"terminus":0,"mode":"tram","color":"#d6212b","colorDark":"#7c1116","angle":222.9,"snapDist":1,"label":0}},{"type":"Feature","geometry":{"type":"Point","coordinates":[19.998946,50.014431]},"properties":{"name":"Prokocim Szpital","lines":"3, 9, 73","arr":["3","9","73"],"terminus":0,"mode":"tram","color":"#d6212b","colorDark":"#7c1116","angle":197.6,"snapDist":1,"label":0}},{"type":"Feature","geometry":{"type":"Point","coordinates":[20.007156,50.016591]},"properties":{"name":"Teligi","lines":"3, 9, 73","arr":["3","9","73"],"terminus":0,"mode":"tram","color":"#d6212b","colorDark":"#7c1116","angle":195,"snapDist":1,"label":0}},{"type":"Feature","geometry":{"type":"Point","coordinates":[20.012099,50.016125]},"properties":{"name":"Nowy Prokocim","lines":"3, 9, 73","arr":["3","9","73"],"terminus":0,"mode":"tram","color":"#d6212b","colorDark":"#7c1116","angle":170.9,"snapDist":0,"label":0}},{"type":"Feature","geometry":{"type":"Point","coordinates":[20.019313,50.016048]},"properties":{"name":"Ćwiklińskiej","lines":"3, 9, 73","arr":["3","9","73"],"terminus":0,"mode":"tram","color":"#d6212b","colorDark":"#7c1116","angle":196.9,"snapDist":1,"label":0}},{"type":"Feature","geometry":{"type":"Point","coordinates":[20.016059,50.073575]},"properties":{"name":"Rondo Czyżyńskie","lines":"5, 9, 10, 52, 74, 75","arr":["5","9","10","52","74","75"],"terminus":0,"mode":"tram","color":"#d6212b","colorDark":"#7c1116","angle":9.2,"snapDist":1,"label":0}},{"type":"Feature","geometry":{"type":"Point","coordinates":[20.011272,50.074038]},"properties":{"name":"Czyżyny","lines":"5, 9, 10, 52, 74, 75","arr":["5","9","10","52","74","75"],"terminus":0,"mode":"tram","color":"#d6212b","colorDark":"#7c1116","angle":8.2,"snapDist":0,"label":1}},{"type":"Feature","geometry":{"type":"Point","coordinates":[20.004591,50.074297]},"properties":{"name":"Stella-Sawickiego","lines":"5, 9, 10, 52, 74, 75","arr":["5","9","10","52","74","75"],"terminus":0,"mode":"tram","color":"#d6212b","colorDark":"#7c1116","angle":355.6,"snapDist":1,"label":1}},{"type":"Feature","geometry":{"type":"Point","coordinates":[19.998688,50.073993]},"properties":{"name":"AKF / PK","lines":"5, 9, 10, 52, 74, 75","arr":["5","9","10","52","74","75"],"terminus":0,"mode":"tram","color":"#d6212b","colorDark":"#7c1116","angle":355,"snapDist":2,"label":1}},{"type":"Feature","geometry":{"type":"Point","coordinates":[19.990255,50.073535]},"properties":{"name":"Muzeum Lotnictwa Polskiego","lines":"5, 9, 10, 52, 74, 75","arr":["5","9","10","52","74","75"],"terminus":0,"mode":"tram","color":"#d6212b","colorDark":"#7c1116","angle":355.1,"snapDist":0,"label":1}},{"type":"Feature","geometry":{"type":"Point","coordinates":[19.982872,50.071102]},"properties":{"name":"TAURON Arena Kraków Wieczysta","lines":"5, 9, 10, 52, 74, 75","arr":["5","9","10","52","74","75"],"terminus":0,"mode":"tram","color":"#d6212b","colorDark":"#7c1116","angle":310,"snapDist":0,"label":1}},{"type":"Feature","geometry":{"type":"Point","coordinates":[19.977195,50.067594]},"properties":{"name":"Białucha","lines":"5, 9, 10, 52, 74, 75","arr":["5","9","10","52","74","75"],"terminus":0,"mode":"tram","color":"#d6212b","colorDark":"#7c1116","angle":330.8,"snapDist":0,"label":1}},{"type":"Feature","geometry":{"type":"Point","coordinates":[19.969149,50.066534]},"properties":{"name":"Cystersów","lines":"5, 9, 10, 52, 74, 75","arr":["5","9","10","52","74","75"],"terminus":0,"mode":"tram","color":"#d6212b","colorDark":"#7c1116","angle":359.5,"snapDist":1,"label":1}},{"type":"Feature","geometry":{"type":"Point","coordinates":[19.958707,50.065998]},"properties":{"name":"Rondo Mogilskie","lines":"5, 14, 75","arr":["5","14","75"],"terminus":0,"mode":"tram","color":"#d6212b","colorDark":"#7c1116","angle":69.5,"snapDist":1,"label":0}},{"type":"Feature","geometry":{"type":"Point","coordinates":[19.947641,50.068244]},"properties":{"name":"Dworzec Główny Tunel","lines":"5, 14, 75","arr":["5","14","75"],"terminus":0,"mode":"tram","color":"#d6212b","colorDark":"#7c1116","angle":358.7,"snapDist":2,"label":1}},{"type":"Feature","geometry":{"type":"Point","coordinates":[19.94486,50.071138]},"properties":{"name":"Politechnika","lines":"5, 14, 75","arr":["5","14","75"],"terminus":0,"mode":"tram","color":"#d6212b","colorDark":"#7c1116","angle":87.8,"snapDist":15,"label":1}},{"type":"Feature","geometry":{"type":"Point","coordinates":[19.940383,50.075925]},"properties":{"name":"Dworzec Towarowy","lines":"5, 14, 18, 50, 75","arr":["5","14","18","50","75"],"terminus":1,"mode":"tram","color":"#d6212b","colorDark":"#7c1116","angle":201.1,"snapDist":1,"label":0}},{"type":"Feature","geometry":{"type":"Point","coordinates":[19.944796,50.071055]},"properties":{"name":"Politechnika","lines":"5, 14, 50, 75","arr":["5","14","50","75"],"terminus":0,"mode":"tram","color":"#d6212b","colorDark":"#7c1116","angle":89.6,"snapDist":16,"label":0}},{"type":"Feature","geometry":{"type":"Point","coordinates":[19.947649,50.068203]},"properties":{"name":"Dworzec Główny Tunel","lines":"5, 14, 50, 75","arr":["5","14","50","75"],"terminus":0,"mode":"tram","color":"#d6212b","colorDark":"#7c1116","angle":178.6,"snapDist":0,"label":0}},{"type":"Feature","geometry":{"type":"Point","coordinates":[19.959861,50.065764]},"properties":{"name":"Rondo Mogilskie","lines":"5, 9, 10, 52, 74, 75","arr":["5","9","10","52","74","75"],"terminus":0,"mode":"tram","color":"#d6212b","colorDark":"#7c1116","angle":157.5,"snapDist":1,"label":0}},{"type":"Feature","geometry":{"type":"Point","coordinates":[19.970519,50.066517]},"properties":{"name":"Cystersów","lines":"5, 9, 10, 52, 74, 75","arr":["5","9","10","52","74","75"],"terminus":0,"mode":"tram","color":"#d6212b","colorDark":"#7c1116","angle":177.3,"snapDist":1,"label":0}},{"type":"Feature","geometry":{"type":"Point","coordinates":[19.977991,50.067841]},"properties":{"name":"Białucha","lines":"5, 9, 10, 52, 74, 75","arr":["5","9","10","52","74","75"],"terminus":0,"mode":"tram","color":"#d6212b","colorDark":"#7c1116","angle":151.2,"snapDist":0,"label":0}},{"type":"Feature","geometry":{"type":"Point","coordinates":[19.983837,50.071786]},"properties":{"name":"TAURON Arena Kraków Wieczysta","lines":"5, 9, 10, 52, 74, 75","arr":["5","9","10","52","74","75"],"terminus":0,"mode":"tram","color":"#d6212b","colorDark":"#7c1116","angle":130,"snapDist":0,"label":0}},{"type":"Feature","geometry":{"type":"Point","coordinates":[19.990473,50.073511]},"properties":{"name":"Muzeum Lotnictwa Polskiego","lines":"5, 9, 10, 52, 74, 75","arr":["5","9","10","52","74","75"],"terminus":0,"mode":"tram","color":"#d6212b","colorDark":"#7c1116","angle":175.2,"snapDist":1,"label":0}},{"type":"Feature","geometry":{"type":"Point","coordinates":[19.99881,50.073965]},"properties":{"name":"AKF / PK","lines":"5, 9, 10, 52, 74, 75","arr":["5","9","10","52","74","75"],"terminus":0,"mode":"tram","color":"#d6212b","colorDark":"#7c1116","angle":174.5,"snapDist":0,"label":0}},{"type":"Feature","geometry":{"type":"Point","coordinates":[20.004747,50.074271]},"properties":{"name":"Stella-Sawickiego","lines":"5, 9, 10, 52, 74, 75","arr":["5","9","10","52","74","75"],"terminus":0,"mode":"tram","color":"#d6212b","colorDark":"#7c1116","angle":175.7,"snapDist":0,"label":0}},{"type":"Feature","geometry":{"type":"Point","coordinates":[20.011458,50.073984]},"properties":{"name":"Czyżyny","lines":"5, 9, 10, 52, 74, 75","arr":["5","9","10","52","74","75"],"terminus":0,"mode":"tram","color":"#d6212b","colorDark":"#7c1116","angle":188,"snapDist":1,"label":0}},{"type":"Feature","geometry":{"type":"Point","coordinates":[19.927011,50.013093]},"properties":{"name":"Borek Fałęcki","lines":"8, 22, 50","arr":["8","22","50"],"terminus":1,"mode":"tram","color":"#d6212b","colorDark":"#7c1116","angle":39.7,"snapDist":1,"label":1}},{"type":"Feature","geometry":{"type":"Point","coordinates":[19.927829,50.014559]},"properties":{"name":"Solvay","lines":"8, 22","arr":["8","22"],"terminus":0,"mode":"tram","color":"#d6212b","colorDark":"#7c1116","angle":198.4,"snapDist":2,"label":1}},{"type":"Feature","geometry":{"type":"Point","coordinates":[19.929332,50.015663]},"properties":{"name":"Kościuszkowców","lines":"8, 22","arr":["8","22"],"terminus":0,"mode":"tram","color":"#d6212b","colorDark":"#7c1116","angle":108.4,"snapDist":1,"label":1}},{"type":"Feature","geometry":{"type":"Point","coordinates":[19.932594,50.022104]},"properties":{"name":"Łagiewniki SKA","lines":"8, 10, 22, 70","arr":["8","10","22","70"],"terminus":0,"mode":"tram","color":"#d6212b","colorDark":"#7c1116","angle":107.9,"snapDist":1,"label":1}},{"type":"Feature","geometry":{"type":"Point","coordinates":[19.937033,50.030491]},"properties":{"name":"Łagiewniki","lines":"8, 10, 70, 73, 76","arr":["8","10","70","73","76"],"terminus":1,"mode":"tram","color":"#d6212b","colorDark":"#7c1116","angle":109.1,"snapDist":2,"label":1}},{"type":"Feature","geometry":{"type":"Point","coordinates":[19.938387,50.032951]},"properties":{"name":"Rzemieślnicza","lines":"8, 10, 70, 73, 76","arr":["8","10","70","73","76"],"terminus":0,"mode":"tram","color":"#d6212b","colorDark":"#7c1116","angle":108.2,"snapDist":0,"label":1}},{"type":"Feature","geometry":{"type":"Point","coordinates":[19.940364,50.035927]},"properties":{"name":"Rondo Matecznego","lines":"8, 10, 70, 73, 76","arr":["8","10","70","73","76"],"terminus":0,"mode":"tram","color":"#d6212b","colorDark":"#7c1116","angle":128.3,"snapDist":0,"label":1}},{"type":"Feature","geometry":{"type":"Point","coordinates":[19.943242,50.041634]},"properties":{"name":"Smolki","lines":"8, 10, 70, 73, 76","arr":["8","10","70","73","76"],"terminus":0,"mode":"tram","color":"#d6212b","colorDark":"#7c1116","angle":109.6,"snapDist":2,"label":1}},{"type":"Feature","geometry":{"type":"Point","coordinates":[19.946696,50.043594]},"properties":{"name":"Korona","lines":"8, 10, 70, 73, 76","arr":["8","10","70","73","76"],"terminus":0,"mode":"tram","color":"#d6212b","colorDark":"#7c1116","angle":141.3,"snapDist":1,"label":1}},{"type":"Feature","geometry":{"type":"Point","coordinates":[19.943448,50.048114]},"properties":{"name":"Plac Wolnica","lines":"8, 70","arr":["8","70"],"terminus":0,"mode":"tram","color":"#d6212b","colorDark":"#7c1116","angle":74.1,"snapDist":0,"label":1}},{"type":"Feature","geometry":{"type":"Point","coordinates":[19.942398,50.050839]},"properties":{"name":"Stradom","lines":"8, 70","arr":["8","70"],"terminus":0,"mode":"tram","color":"#d6212b","colorDark":"#7c1116","angle":72.6,"snapDist":1,"label":1}},{"type":"Feature","geometry":{"type":"Point","coordinates":[19.939654,50.054477]},"properties":{"name":"Wawel","lines":"8, 18, 70","arr":["8","18","70"],"terminus":0,"mode":"tram","color":"#d6212b","colorDark":"#7c1116","angle":129.4,"snapDist":2,"label":1}},{"type":"Feature","geometry":{"type":"Point","coordinates":[19.940978,50.058629]},"properties":{"name":"św. Gertrudy","lines":"8, 70","arr":["8","70"],"terminus":0,"mode":"tram","color":"#d6212b","colorDark":"#7c1116","angle":108.3,"snapDist":1,"label":1}},{"type":"Feature","geometry":{"type":"Point","coordinates":[19.93053,50.06024]},"properties":{"name":"UJ / AST","lines":"8, 15, 20","arr":["8","15","20"],"terminus":0,"mode":"tram","color":"#d6212b","colorDark":"#7c1116","angle":347.2,"snapDist":3,"label":1}},{"type":"Feature","geometry":{"type":"Point","coordinates":[19.925544,50.059513]},"properties":{"name":"Muzeum Narodowe","lines":"8, 15, 20","arr":["8","15","20"],"terminus":0,"mode":"tram","color":"#d6212b","colorDark":"#7c1116","angle":347.2,"snapDist":1,"label":1}},{"type":"Feature","geometry":{"type":"Point","coordinates":[19.921195,50.05979]},"properties":{"name":"Oleandry","lines":"8, 15, 20","arr":["8","15","20"],"terminus":0,"mode":"tram","color":"#d6212b","colorDark":"#7c1116","angle":13.5,"snapDist":0,"label":1}},{"type":"Feature","geometry":{"type":"Point","coordinates":[19.918097,50.060269]},"properties":{"name":"Park Jordana","lines":"8, 15, 20","arr":["8","15","20"],"terminus":0,"mode":"tram","color":"#d6212b","colorDark":"#7c1116","angle":13.6,"snapDist":2,"label":1}},{"type":"Feature","geometry":{"type":"Point","coordinates":[19.911156,50.061344]},"properties":{"name":"Reymana","lines":"8, 15, 20","arr":["8","15","20"],"terminus":0,"mode":"tram","color":"#d6212b","colorDark":"#7c1116","angle":13.2,"snapDist":2,"label":1}},{"type":"Feature","geometry":{"type":"Point","coordinates":[19.903375,50.062937]},"properties":{"name":"Cichy Kącik","lines":"8, 15, 20","arr":["8","15","20"],"terminus":1,"mode":"tram","color":"#d6212b","colorDark":"#7c1116","angle":19.7,"snapDist":2,"label":1}},{"type":"Feature","geometry":{"type":"Point","coordinates":[19.910732,50.061383]},"properties":{"name":"Reymana","lines":"8, 15, 20","arr":["8","15","20"],"terminus":0,"mode":"tram","color":"#d6212b","colorDark":"#7c1116","angle":193.5,"snapDist":3,"label":0}},{"type":"Feature","geometry":{"type":"Point","coordinates":[19.917822,50.060287]},"properties":{"name":"Park Jordana","lines":"8, 15, 20","arr":["8","15","20"],"terminus":0,"mode":"tram","color":"#d6212b","colorDark":"#7c1116","angle":193.3,"snapDist":7,"label":0}},{"type":"Feature","geometry":{"type":"Point","coordinates":[19.920537,50.059866]},"properties":{"name":"Oleandry","lines":"8, 15, 20","arr":["8","15","20"],"terminus":0,"mode":"tram","color":"#d6212b","colorDark":"#7c1116","angle":192.8,"snapDist":2,"label":0}},{"type":"Feature","geometry":{"type":"Point","coordinates":[19.924504,50.059357]},"properties":{"name":"Muzeum Narodowe","lines":"8, 15, 20","arr":["8","15","20"],"terminus":0,"mode":"tram","color":"#d6212b","colorDark":"#7c1116","angle":180.2,"snapDist":3,"label":0}},{"type":"Feature","geometry":{"type":"Point","coordinates":[19.931723,50.060391]},"properties":{"name":"UJ / AST","lines":"8, 15, 20","arr":["8","15","20"],"terminus":0,"mode":"tram","color":"#d6212b","colorDark":"#7c1116","angle":167.6,"snapDist":3,"label":0}},{"type":"Feature","geometry":{"type":"Point","coordinates":[19.933103,50.059171]},"properties":{"name":"Filharmonia","lines":"8, 15, 20","arr":["8","15","20"],"terminus":0,"mode":"tram","color":"#d6212b","colorDark":"#7c1116","angle":249.9,"snapDist":0,"label":0}},{"type":"Feature","geometry":{"type":"Point","coordinates":[19.940861,50.058481]},"properties":{"name":"św. Gertrudy","lines":"8, 18, 70","arr":["8","18","70"],"terminus":0,"mode":"tram","color":"#d6212b","colorDark":"#7c1116","angle":288.3,"snapDist":2,"label":0}},{"type":"Feature","geometry":{"type":"Point","coordinates":[19.939416,50.054337]},"properties":{"name":"Wawel","lines":"8, 18, 70","arr":["8","18","70"],"terminus":0,"mode":"tram","color":"#d6212b","colorDark":"#7c1116","angle":312.8,"snapDist":1,"label":0}},{"type":"Feature","geometry":{"type":"Point","coordinates":[19.941173,50.05209]},"properties":{"name":"Stradom","lines":"8, 18, 70","arr":["8","18","70"],"terminus":0,"mode":"tram","color":"#d6212b","colorDark":"#7c1116","angle":229.9,"snapDist":1,"label":0}},{"type":"Feature","geometry":{"type":"Point","coordinates":[19.943434,50.048029]},"properties":{"name":"Plac Wolnica","lines":"8, 70","arr":["8","70"],"terminus":0,"mode":"tram","color":"#d6212b","colorDark":"#7c1116","angle":254.1,"snapDist":1,"label":0}},{"type":"Feature","geometry":{"type":"Point","coordinates":[19.946775,50.044029]},"properties":{"name":"Korona","lines":"8, 70","arr":["8","70"],"terminus":0,"mode":"tram","color":"#d6212b","colorDark":"#7c1116","angle":229.1,"snapDist":0,"label":0}},{"type":"Feature","geometry":{"type":"Point","coordinates":[19.943122,50.041495]},"properties":{"name":"Smolki","lines":"8, 10, 70, 73, 76","arr":["8","10","70","73","76"],"terminus":0,"mode":"tram","color":"#d6212b","colorDark":"#7c1116","angle":289.7,"snapDist":0,"label":0}},{"type":"Feature","geometry":{"type":"Point","coordinates":[19.940787,50.03696]},"properties":{"name":"Rondo Matecznego","lines":"8, 10, 70, 73, 76","arr":["8","10","70","73","76"],"terminus":0,"mode":"tram","color":"#d6212b","colorDark":"#7c1116","angle":278,"snapDist":1,"label":0}},{"type":"Feature","geometry":{"type":"Point","coordinates":[19.938703,50.033643]},"properties":{"name":"Rzemieślnicza","lines":"8, 10, 70, 73, 76","arr":["8","10","70","73","76"],"terminus":0,"mode":"tram","color":"#d6212b","colorDark":"#7c1116","angle":108,"snapDist":0,"label":0}},{"type":"Feature","geometry":{"type":"Point","coordinates":[19.93697,50.030476]},"properties":{"name":"Łagiewniki","lines":"8, 10, 70, 73","arr":["8","10","70","73"],"terminus":0,"mode":"tram","color":"#d6212b","colorDark":"#7c1116","angle":288.4,"snapDist":0,"label":0}},{"type":"Feature","geometry":{"type":"Point","coordinates":[19.933919,50.024578]},"properties":{"name":"Łagiewniki ZUS","lines":"8, 10, 22, 70","arr":["8","10","22","70"],"terminus":0,"mode":"tram","color":"#d6212b","colorDark":"#7c1116","angle":288.6,"snapDist":0,"label":1}},{"type":"Feature","geometry":{"type":"Point","coordinates":[19.932534,50.022101]},"properties":{"name":"Łagiewniki SKA","lines":"8, 22","arr":["8","22"],"terminus":0,"mode":"tram","color":"#d6212b","colorDark":"#7c1116","angle":288.1,"snapDist":0,"label":0}},{"type":"Feature","geometry":{"type":"Point","coordinates":[19.929809,50.016656]},"properties":{"name":"Kościuszkowców","lines":"8, 22, 50","arr":["8","22","50"],"terminus":0,"mode":"tram","color":"#d6212b","colorDark":"#7c1116","angle":288.2,"snapDist":2,"label":0}},{"type":"Feature","geometry":{"type":"Point","coordinates":[19.927845,50.014593]},"properties":{"name":"Solvay","lines":"8, 22, 50","arr":["8","22","50"],"terminus":0,"mode":"tram","color":"#d6212b","colorDark":"#7c1116","angle":19.1,"snapDist":2,"label":0}},{"type":"Feature","geometry":{"type":"Point","coordinates":[20.021371,50.090091]},"properties":{"name":"Rondo Hipokratesa","lines":"9, 14, 16, 21, 52","arr":["9","14","16","21","52"],"terminus":1,"mode":"tram","color":"#d6212b","colorDark":"#7c1116","angle":285.3,"snapDist":1,"label":1}},{"type":"Feature","geometry":{"type":"Point","coordinates":[20.020693,50.084436]},"properties":{"name":"DH Wanda","lines":"9, 14, 16, 21, 52","arr":["9","14","16","21","52"],"terminus":0,"mode":"tram","color":"#d6212b","colorDark":"#7c1116","angle":212.3,"snapDist":1,"label":1}},{"type":"Feature","geometry":{"type":"Point","coordinates":[20.026554,50.080253]},"properties":{"name":"Rondo Kocmyrzowskie im. ks. Gorzelanego","lines":"9, 14, 16, 21, 52","arr":["9","14","16","21","52"],"terminus":0,"mode":"tram","color":"#d6212b","colorDark":"#7c1116","angle":49.1,"snapDist":1,"label":0}},{"type":"Feature","geometry":{"type":"Point","coordinates":[20.020677,50.084483]},"properties":{"name":"DH Wanda","lines":"9, 14, 16, 21, 52","arr":["9","14","16","21","52"],"terminus":0,"mode":"tram","color":"#d6212b","colorDark":"#7c1116","angle":32.6,"snapDist":1,"label":0}},{"type":"Feature","geometry":{"type":"Point","coordinates":[20.116889,50.072893]},"properties":{"name":"Pleszów","lines":"10, 15, 21","arr":["10","15","21"],"terminus":1,"mode":"tram","color":"#d6212b","colorDark":"#7c1116","angle":300.9,"snapDist":0,"label":1}},{"type":"Feature","geometry":{"type":"Point","coordinates":[20.104477,50.071903]},"properties":{"name":"Koksochemia","lines":"10, 15, 21","arr":["10","15","21"],"terminus":0,"mode":"tram","color":"#d6212b","colorDark":"#7c1116","angle":332.4,"snapDist":3,"label":1}},{"type":"Feature","geometry":{"type":"Point","coordinates":[20.095244,50.069884]},"properties":{"name":"Meksyk","lines":"10, 15, 21","arr":["10","15","21"],"terminus":0,"mode":"tram","color":"#d6212b","colorDark":"#7c1116","angle":354.8,"snapDist":1,"label":1}},{"type":"Feature","geometry":{"type":"Point","coordinates":[20.091598,50.069066]},"properties":{"name":"Brama nr 5","lines":"10, 15, 21","arr":["10","15","21"],"terminus":0,"mode":"tram","color":"#d6212b","colorDark":"#7c1116","angle":300.4,"snapDist":1,"label":1}},{"type":"Feature","geometry":{"type":"Point","coordinates":[20.084796,50.064714]},"properties":{"name":"Giedroycia","lines":"10, 15, 21","arr":["10","15","21"],"terminus":0,"mode":"tram","color":"#d6212b","colorDark":"#7c1116","angle":346.4,"snapDist":2,"label":1}},{"type":"Feature","geometry":{"type":"Point","coordinates":[20.075209,50.064893]},"properties":{"name":"Brama nr 4","lines":"10, 15, 21","arr":["10","15","21"],"terminus":0,"mode":"tram","color":"#d6212b","colorDark":"#7c1116","angle":19.6,"snapDist":1,"label":1}},{"type":"Feature","geometry":{"type":"Point","coordinates":[20.071327,50.066395]},"properties":{"name":"Fort Mogiła","lines":"10, 15, 21","arr":["10","15","21"],"terminus":0,"mode":"tram","color":"#d6212b","colorDark":"#7c1116","angle":45.4,"snapDist":0,"label":1}},{"type":"Feature","geometry":{"type":"Point","coordinates":[20.064912,50.067772]},"properties":{"name":"Bardosa","lines":"10, 15, 16","arr":["10","15","16"],"terminus":1,"mode":"tram","color":"#d6212b","colorDark":"#7c1116","angle":351,"snapDist":0,"label":1}},{"type":"Feature","geometry":{"type":"Point","coordinates":[20.059695,50.067514]},"properties":{"name":"Suche Stawy","lines":"10, 15, 16","arr":["10","15","16"],"terminus":0,"mode":"tram","color":"#d6212b","colorDark":"#7c1116","angle":358.6,"snapDist":0,"label":1}},{"type":"Feature","geometry":{"type":"Point","coordinates":[20.053011,50.068482]},"properties":{"name":"Klasztorna","lines":"10, 15, 16","arr":["10","15","16"],"terminus":0,"mode":"tram","color":"#d6212b","colorDark":"#7c1116","angle":15.7,"snapDist":0,"label":1}},{"type":"Feature","geometry":{"type":"Point","coordinates":[20.046219,50.069705]},"properties":{"name":"Os. Na Skarpie","lines":"10, 15, 16","arr":["10","15","16"],"terminus":0,"mode":"tram","color":"#d6212b","colorDark":"#7c1116","angle":16.3,"snapDist":0,"label":1}},{"type":"Feature","geometry":{"type":"Point","coordinates":[20.035631,50.071704]},"properties":{"name":"Plac Centralny im. R. Reagana","lines":"10, 15, 22, 62, 74, 75","arr":["10","15","22","62","74","75"],"terminus":1,"mode":"tram","color":"#d6212b","colorDark":"#7c1116","angle":5,"snapDist":0,"label":1}},{"type":"Feature","geometry":{"type":"Point","coordinates":[20.028514,50.07236]},"properties":{"name":"Os. Kolorowe","lines":"10, 15, 22, 62, 74, 75","arr":["10","15","22","62","74","75"],"terminus":0,"mode":"tram","color":"#d6212b","colorDark":"#7c1116","angle":8.7,"snapDist":1,"label":1}},{"type":"Feature","geometry":{"type":"Point","coordinates":[19.959646,50.06577]},"properties":{"name":"Rondo Mogilskie","lines":"10, 52, 74","arr":["10","52","74"],"terminus":0,"mode":"tram","color":"#d6212b","colorDark":"#7c1116","angle":338.1,"snapDist":1,"label":0}},{"type":"Feature","geometry":{"type":"Point","coordinates":[19.945042,50.056898]},"properties":{"name":"Starowiślna","lines":"10, 22, 52, 62, 73, 76","arr":["10","22","52","62","73","76"],"terminus":0,"mode":"tram","color":"#d6212b","colorDark":"#7c1116","angle":227.6,"snapDist":1,"label":1}},{"type":"Feature","geometry":{"type":"Point","coordinates":[19.948123,50.053892]},"properties":{"name":"Miodowa","lines":"10, 73, 76","arr":["10","73","76"],"terminus":0,"mode":"tram","color":"#d6212b","colorDark":"#7c1116","angle":237.3,"snapDist":1,"label":1}},{"type":"Feature","geometry":{"type":"Point","coordinates":[19.951065,50.051131]},"properties":{"name":"św. Wawrzyńca","lines":"10, 73, 76","arr":["10","73","76"],"terminus":0,"mode":"tram","color":"#d6212b","colorDark":"#7c1116","angle":235.5,"snapDist":0,"label":1}},{"type":"Feature","geometry":{"type":"Point","coordinates":[19.955035,50.046606]},"properties":{"name":"Plac Bohaterów Getta","lines":"10, 73, 76","arr":["10","73","76"],"terminus":0,"mode":"tram","color":"#d6212b","colorDark":"#7c1116","angle":257.5,"snapDist":0,"label":1}},{"type":"Feature","geometry":{"type":"Point","coordinates":[19.9475,50.04405]},"properties":{"name":"Korona","lines":"10, 73, 76","arr":["10","73","76"],"terminus":0,"mode":"tram","color":"#d6212b","colorDark":"#7c1116","angle":320.7,"snapDist":0,"label":0}},{"type":"Feature","geometry":{"type":"Point","coordinates":[19.932882,50.021112]},"properties":{"name":"Łagiewniki SKA","lines":"10, 70","arr":["10","70"],"terminus":0,"mode":"tram","color":"#d6212b","colorDark":"#7c1116","angle":216.6,"snapDist":0,"label":0}},{"type":"Feature","geometry":{"type":"Point","coordinates":[19.936268,50.017772]},"properties":{"name":"Sanktuarium Bożego Miłosierdzia","lines":"10, 70","arr":["10","70"],"terminus":0,"mode":"tram","color":"#d6212b","colorDark":"#7c1116","angle":251.5,"snapDist":1,"label":1}},{"type":"Feature","geometry":{"type":"Point","coordinates":[19.94439,50.015082]},"properties":{"name":"Turowicza","lines":"10, 70","arr":["10","70"],"terminus":0,"mode":"tram","color":"#d6212b","colorDark":"#7c1116","angle":180.5,"snapDist":2,"label":1}},{"type":"Feature","geometry":{"type":"Point","coordinates":[19.948094,50.014078]},"properties":{"name":"Kurdwanów P+R","lines":"10, 50, 70","arr":["10","50","70"],"terminus":1,"mode":"tram","color":"#d6212b","colorDark":"#7c1116","angle":17.6,"snapDist":1,"label":1}},{"type":"Feature","geometry":{"type":"Point","coordinates":[19.94435,50.015118]},"properties":{"name":"Turowicza","lines":"10, 50, 70","arr":["10","50","70"],"terminus":0,"mode":"tram","color":"#d6212b","colorDark":"#7c1116","angle":0.3,"snapDist":1,"label":0}},{"type":"Feature","geometry":{"type":"Point","coordinates":[19.936313,50.017786]},"properties":{"name":"Sanktuarium Bożego Miłosierdzia","lines":"10, 50, 70","arr":["10","50","70"],"terminus":0,"mode":"tram","color":"#d6212b","colorDark":"#7c1116","angle":71.6,"snapDist":1,"label":0}},{"type":"Feature","geometry":{"type":"Point","coordinates":[19.955042,50.046708]},"properties":{"name":"Plac Bohaterów Getta","lines":"10, 73, 76","arr":["10","73","76"],"terminus":0,"mode":"tram","color":"#d6212b","colorDark":"#7c1116","angle":77.7,"snapDist":4,"label":0}},{"type":"Feature","geometry":{"type":"Point","coordinates":[19.950814,50.051409]},"properties":{"name":"św. Wawrzyńca","lines":"10, 73, 76","arr":["10","73","76"],"terminus":0,"mode":"tram","color":"#d6212b","colorDark":"#7c1116","angle":55.5,"snapDist":1,"label":0}},{"type":"Feature","geometry":{"type":"Point","coordinates":[19.948895,50.053208]},"properties":{"name":"Miodowa","lines":"10, 73, 76","arr":["10","73","76"],"terminus":0,"mode":"tram","color":"#d6212b","colorDark":"#7c1116","angle":56.2,"snapDist":0,"label":0}},{"type":"Feature","geometry":{"type":"Point","coordinates":[19.944546,50.057308]},"properties":{"name":"Starowiślna","lines":"10, 22, 52, 62, 73, 76","arr":["10","22","52","62","73","76"],"terminus":0,"mode":"tram","color":"#d6212b","colorDark":"#7c1116","angle":54.5,"snapDist":0,"label":0}},{"type":"Feature","geometry":{"type":"Point","coordinates":[19.942559,50.0592]},"properties":{"name":"Poczta Główna","lines":"10, 22, 52, 62, 73, 76","arr":["10","22","52","62","73","76"],"terminus":0,"mode":"tram","color":"#d6212b","colorDark":"#7c1116","angle":58.7,"snapDist":1,"label":0}},{"type":"Feature","geometry":{"type":"Point","coordinates":[20.018879,50.073297]},"properties":{"name":"Rondo Czyżyńskie","lines":"10, 15, 22, 62, 74, 75","arr":["10","15","22","62","74","75"],"terminus":0,"mode":"tram","color":"#d6212b","colorDark":"#7c1116","angle":189,"snapDist":0,"label":0}},{"type":"Feature","geometry":{"type":"Point","coordinates":[20.0298,50.072199]},"properties":{"name":"Os. Kolorowe","lines":"10, 15, 22, 62, 74, 75","arr":["10","15","22","62","74","75"],"terminus":0,"mode":"tram","color":"#d6212b","colorDark":"#7c1116","angle":188.7,"snapDist":0,"label":0}},{"type":"Feature","geometry":{"type":"Point","coordinates":[20.038491,50.071278]},"properties":{"name":"Plac Centralny im. R. Reagana","lines":"10, 15, 16","arr":["10","15","16"],"terminus":0,"mode":"tram","color":"#d6212b","colorDark":"#7c1116","angle":201.6,"snapDist":1,"label":0}},{"type":"Feature","geometry":{"type":"Point","coordinates":[20.045462,50.069807]},"properties":{"name":"Os. Na Skarpie","lines":"10, 15, 16","arr":["10","15","16"],"terminus":0,"mode":"tram","color":"#d6212b","colorDark":"#7c1116","angle":195.6,"snapDist":1,"label":0}},{"type":"Feature","geometry":{"type":"Point","coordinates":[20.052162,50.0686]},"properties":{"name":"Klasztorna","lines":"10, 15, 16","arr":["10","15","16"],"terminus":0,"mode":"tram","color":"#d6212b","colorDark":"#7c1116","angle":195.8,"snapDist":1,"label":0}},{"type":"Feature","geometry":{"type":"Point","coordinates":[20.060032,50.067484]},"properties":{"name":"Suche Stawy","lines":"10, 15, 16","arr":["10","15","16"],"terminus":0,"mode":"tram","color":"#d6212b","colorDark":"#7c1116","angle":178.6,"snapDist":2,"label":0}},{"type":"Feature","geometry":{"type":"Point","coordinates":[20.06495,50.06774]},"properties":{"name":"Bardosa","lines":"10, 15","arr":["10","15"],"terminus":0,"mode":"tram","color":"#d6212b","colorDark":"#7c1116","angle":171.2,"snapDist":0,"label":0}},{"type":"Feature","geometry":{"type":"Point","coordinates":[20.07082,50.066676]},"properties":{"name":"Fort Mogiła","lines":"10, 15, 21","arr":["10","15","21"],"terminus":0,"mode":"tram","color":"#d6212b","colorDark":"#7c1116","angle":225.3,"snapDist":3,"label":0}},{"type":"Feature","geometry":{"type":"Point","coordinates":[20.074757,50.064958]},"properties":{"name":"Brama nr 4","lines":"10, 15, 21","arr":["10","15","21"],"terminus":0,"mode":"tram","color":"#d6212b","colorDark":"#7c1116","angle":199.5,"snapDist":0,"label":0}},{"type":"Feature","geometry":{"type":"Point","coordinates":[20.084466,50.064638]},"properties":{"name":"Giedroycia","lines":"10, 15, 21","arr":["10","15","21"],"terminus":0,"mode":"tram","color":"#d6212b","colorDark":"#7c1116","angle":172.2,"snapDist":2,"label":0}},{"type":"Feature","geometry":{"type":"Point","coordinates":[20.091765,50.069182]},"properties":{"name":"Brama nr 5","lines":"10, 15, 21","arr":["10","15","21"],"terminus":0,"mode":"tram","color":"#d6212b","colorDark":"#7c1116","angle":120.6,"snapDist":1,"label":0}},{"type":"Feature","geometry":{"type":"Point","coordinates":[20.09469,50.069818]},"properties":{"name":"Meksyk","lines":"10, 15, 21","arr":["10","15","21"],"terminus":0,"mode":"tram","color":"#d6212b","colorDark":"#7c1116","angle":175.1,"snapDist":0,"label":0}},{"type":"Feature","geometry":{"type":"Point","coordinates":[20.104688,50.071935]},"properties":{"name":"Koksochemia","lines":"10, 15, 21","arr":["10","15","21"],"terminus":0,"mode":"tram","color":"#d6212b","colorDark":"#7c1116","angle":152.5,"snapDist":1,"label":0}},{"type":"Feature","geometry":{"type":"Point","coordinates":[19.995526,50.094875]},"properties":{"name":"Mistrzejowice","lines":"14, 16","arr":["14","16"],"terminus":1,"mode":"tram","color":"#d6212b","colorDark":"#7c1116","angle":182.8,"snapDist":2,"label":1}},{"type":"Feature","geometry":{"type":"Point","coordinates":[20.000156,50.094409]},"properties":{"name":"Miśnieńska","lines":"14, 16","arr":["14","16"],"terminus":0,"mode":"tram","color":"#d6212b","colorDark":"#7c1116","angle":201.9,"snapDist":0,"label":1}},{"type":"Feature","geometry":{"type":"Point","coordinates":[20.004481,50.093673]},"properties":{"name":"Os. Złotego Wieku","lines":"14, 16","arr":["14","16"],"terminus":0,"mode":"tram","color":"#d6212b","colorDark":"#7c1116","angle":201.8,"snapDist":1,"label":1}},{"type":"Feature","geometry":{"type":"Point","coordinates":[20.011303,50.094352]},"properties":{"name":"Rondo Piastowskie","lines":"14, 16","arr":["14","16"],"terminus":0,"mode":"tram","color":"#d6212b","colorDark":"#7c1116","angle":166.2,"snapDist":0,"label":1}},{"type":"Feature","geometry":{"type":"Point","coordinates":[20.015497,50.092521]},"properties":{"name":"Dunikowskiego","lines":"14, 16, 21, 52","arr":["14","16","21","52"],"terminus":0,"mode":"tram","color":"#d6212b","colorDark":"#7c1116","angle":228.1,"snapDist":1,"label":1}},{"type":"Feature","geometry":{"type":"Point","coordinates":[20.021397,50.090025]},"properties":{"name":"Rondo Hipokratesa","lines":"14, 16, 21, 52","arr":["14","16","21","52"],"terminus":0,"mode":"tram","color":"#d6212b","colorDark":"#7c1116","angle":105,"snapDist":0,"label":0}},{"type":"Feature","geometry":{"type":"Point","coordinates":[20.016028,50.092195]},"properties":{"name":"Dunikowskiego","lines":"14, 16, 21, 52","arr":["14","16","21","52"],"terminus":0,"mode":"tram","color":"#d6212b","colorDark":"#7c1116","angle":48,"snapDist":1,"label":0}},{"type":"Feature","geometry":{"type":"Point","coordinates":[20.01122,50.094375]},"properties":{"name":"Rondo Piastowskie","lines":"14, 16","arr":["14","16"],"terminus":0,"mode":"tram","color":"#d6212b","colorDark":"#7c1116","angle":345.9,"snapDist":0,"label":0}},{"type":"Feature","geometry":{"type":"Point","coordinates":[20.004333,50.093749]},"properties":{"name":"Os. Złotego Wieku","lines":"14, 16","arr":["14","16"],"terminus":0,"mode":"tram","color":"#d6212b","colorDark":"#7c1116","angle":21.1,"snapDist":0,"label":0}},{"type":"Feature","geometry":{"type":"Point","coordinates":[19.999999,50.094489]},"properties":{"name":"Miśnieńska","lines":"14, 16","arr":["14","16"],"terminus":0,"mode":"tram","color":"#d6212b","colorDark":"#7c1116","angle":22.5,"snapDist":0,"label":0}},{"type":"Feature","geometry":{"type":"Point","coordinates":[20.036335,50.072963]},"properties":{"name":"Plac Centralny im. R. Reagana","lines":"16, 21","arr":["16","21"],"terminus":0,"mode":"tram","color":"#d6212b","colorDark":"#7c1116","angle":48.2,"snapDist":0,"label":0}},{"type":"Feature","geometry":{"type":"Point","coordinates":[20.031519,50.076453]},"properties":{"name":"Os. Zgody","lines":"16, 21","arr":["16","21"],"terminus":0,"mode":"tram","color":"#d6212b","colorDark":"#7c1116","angle":50.1,"snapDist":0,"label":1}},{"type":"Feature","geometry":{"type":"Point","coordinates":[20.028061,50.079056]},"properties":{"name":"Rondo Kocmyrzowskie im. ks. Gorzelanego","lines":"16, 21","arr":["16","21"],"terminus":0,"mode":"tram","color":"#d6212b","colorDark":"#7c1116","angle":230.1,"snapDist":0,"label":0}},{"type":"Feature","geometry":{"type":"Point","coordinates":[20.030841,50.076922]},"properties":{"name":"Os. Zgody","lines":"16, 21","arr":["16","21"],"terminus":0,"mode":"tram","color":"#d6212b","colorDark":"#7c1116","angle":230,"snapDist":0,"label":0}},{"type":"Feature","geometry":{"type":"Point","coordinates":[19.889106,50.017985]},"properties":{"name":"Czerwone Maki P+R","lines":"18, 52, 62, 73","arr":["18","52","62","73"],"terminus":1,"mode":"tram","color":"#d6212b","colorDark":"#7c1116","angle":221.8,"snapDist":0,"label":1}},{"type":"Feature","geometry":{"type":"Point","coordinates":[19.898117,50.020827]},"properties":{"name":"Kampus UP JP II","lines":"18, 52, 62, 73","arr":["18","52","62","73"],"terminus":0,"mode":"tram","color":"#d6212b","colorDark":"#7c1116","angle":127.6,"snapDist":0,"label":1}},{"type":"Feature","geometry":{"type":"Point","coordinates":[19.901993,50.024686]},"properties":{"name":"Kampus UJ","lines":"18, 52, 62, 73","arr":["18","52","62","73"],"terminus":0,"mode":"tram","color":"#d6212b","colorDark":"#7c1116","angle":114.1,"snapDist":0,"label":1}},{"type":"Feature","geometry":{"type":"Point","coordinates":[19.906122,50.027292]},"properties":{"name":"Ruczaj","lines":"18, 52, 62, 73","arr":["18","52","62","73"],"terminus":0,"mode":"tram","color":"#d6212b","colorDark":"#7c1116","angle":146.5,"snapDist":0,"label":1}},{"type":"Feature","geometry":{"type":"Point","coordinates":[19.913125,50.030135]},"properties":{"name":"Norymberska","lines":"18, 52, 62, 73","arr":["18","52","62","73"],"terminus":0,"mode":"tram","color":"#d6212b","colorDark":"#7c1116","angle":147.9,"snapDist":1,"label":1}},{"type":"Feature","geometry":{"type":"Point","coordinates":[19.921166,50.031599]},"properties":{"name":"Grota-Roweckiego","lines":"18, 52, 62, 73","arr":["18","52","62","73"],"terminus":0,"mode":"tram","color":"#d6212b","colorDark":"#7c1116","angle":202.5,"snapDist":1,"label":1}},{"type":"Feature","geometry":{"type":"Point","coordinates":[19.924876,50.030744]},"properties":{"name":"Lipińskiego","lines":"18, 52, 62, 73","arr":["18","52","62","73"],"terminus":0,"mode":"tram","color":"#d6212b","colorDark":"#7c1116","angle":193.3,"snapDist":1,"label":1}},{"type":"Feature","geometry":{"type":"Point","coordinates":[19.925975,50.034593]},"properties":{"name":"Kobierzyńska","lines":"18, 22, 52, 62","arr":["18","22","52","62"],"terminus":0,"mode":"tram","color":"#d6212b","colorDark":"#7c1116","angle":88.6,"snapDist":1,"label":1}},{"type":"Feature","geometry":{"type":"Point","coordinates":[19.92454,50.040823]},"properties":{"name":"Słomiana","lines":"18, 22, 52, 62","arr":["18","22","52","62"],"terminus":0,"mode":"tram","color":"#d6212b","colorDark":"#7c1116","angle":68.4,"snapDist":1,"label":1}},{"type":"Feature","geometry":{"type":"Point","coordinates":[19.922031,50.045044]},"properties":{"name":"Kapelanka","lines":"18, 22, 52, 62","arr":["18","22","52","62"],"terminus":0,"mode":"tram","color":"#d6212b","colorDark":"#7c1116","angle":69.5,"snapDist":1,"label":1}},{"type":"Feature","geometry":{"type":"Point","coordinates":[19.925485,50.046743]},"properties":{"name":"Szwedzka","lines":"18, 22, 52, 62","arr":["18","22","52","62"],"terminus":0,"mode":"tram","color":"#d6212b","colorDark":"#7c1116","angle":152.8,"snapDist":0,"label":1}},{"type":"Feature","geometry":{"type":"Point","coordinates":[19.931155,50.048604]},"properties":{"name":"Rondo Grunwaldzkie","lines":"18, 22, 52, 62","arr":["18","22","52","62"],"terminus":0,"mode":"tram","color":"#d6212b","colorDark":"#7c1116","angle":152.9,"snapDist":0,"label":1}},{"type":"Feature","geometry":{"type":"Point","coordinates":[19.938254,50.050538]},"properties":{"name":"Orzeszkowej","lines":"18, 22, 52, 62","arr":["18","22","52","62"],"terminus":0,"mode":"tram","color":"#d6212b","colorDark":"#7c1116","angle":167.8,"snapDist":1,"label":1}},{"type":"Feature","geometry":{"type":"Point","coordinates":[19.941336,50.05148]},"properties":{"name":"Stradom","lines":"18, 22, 52, 62","arr":["18","22","52","62"],"terminus":0,"mode":"tram","color":"#d6212b","colorDark":"#7c1116","angle":133.2,"snapDist":0,"label":0}},{"type":"Feature","geometry":{"type":"Point","coordinates":[19.945392,50.067827]},"properties":{"name":"Dworzec Główny Zachód","lines":"18","arr":["18"],"terminus":0,"mode":"tram","color":"#d6212b","colorDark":"#7c1116","angle":92.1,"snapDist":1,"label":1}},{"type":"Feature","geometry":{"type":"Point","coordinates":[19.945046,50.07134]},"properties":{"name":"Politechnika","lines":"18","arr":["18"],"terminus":0,"mode":"tram","color":"#d6212b","colorDark":"#7c1116","angle":84.3,"snapDist":1,"label":0}},{"type":"Feature","geometry":{"type":"Point","coordinates":[19.93278,50.088955]},"properties":{"name":"Krowodrza Górka P+R","lines":"18, 75","arr":["18","75"],"terminus":0,"mode":"tram","color":"#d6212b","colorDark":"#7c1116","angle":82.2,"snapDist":3,"label":0}},{"type":"Feature","geometry":{"type":"Point","coordinates":[19.929835,50.094161]},"properties":{"name":"Pachońskiego P+R","lines":"18, 75","arr":["18","75"],"terminus":0,"mode":"tram","color":"#d6212b","colorDark":"#7c1116","angle":66.4,"snapDist":0,"label":1}},{"type":"Feature","geometry":{"type":"Point","coordinates":[19.93519,50.094838]},"properties":{"name":"Białoprądnicka","lines":"18, 75","arr":["18","75"],"terminus":0,"mode":"tram","color":"#d6212b","colorDark":"#7c1116","angle":207.2,"snapDist":1,"label":1}},{"type":"Feature","geometry":{"type":"Point","coordinates":[19.942006,50.096184]},"properties":{"name":"Górnickiego","lines":"18, 75","arr":["18","75"],"terminus":0,"mode":"tram","color":"#d6212b","colorDark":"#7c1116","angle":146.9,"snapDist":2,"label":1}},{"type":"Feature","geometry":{"type":"Point","coordinates":[19.948168,50.095849]},"properties":{"name":"Siewna Wiadukt","lines":"18, 75","arr":["18","75"],"terminus":0,"mode":"tram","color":"#d6212b","colorDark":"#7c1116","angle":194.9,"snapDist":2,"label":1}},{"type":"Feature","geometry":{"type":"Point","coordinates":[19.954462,50.095057]},"properties":{"name":"Bociana","lines":"18, 75","arr":["18","75"],"terminus":0,"mode":"tram","color":"#d6212b","colorDark":"#7c1116","angle":192.4,"snapDist":1,"label":1}},{"type":"Feature","geometry":{"type":"Point","coordinates":[19.956112,50.098009]},"properties":{"name":"Kuźnicy Kołłątajowskiej","lines":"18, 75","arr":["18","75"],"terminus":0,"mode":"tram","color":"#d6212b","colorDark":"#7c1116","angle":94.9,"snapDist":1,"label":1}},{"type":"Feature","geometry":{"type":"Point","coordinates":[19.957467,50.101894]},"properties":{"name":"Papierni Prądnickich","lines":"18, 75","arr":["18","75"],"terminus":0,"mode":"tram","color":"#d6212b","colorDark":"#7c1116","angle":103.8,"snapDist":3,"label":1}},{"type":"Feature","geometry":{"type":"Point","coordinates":[19.962464,50.104864]},"properties":{"name":"Górka Narodowa P+R","lines":"18, 50, 75","arr":["18","50","75"],"terminus":1,"mode":"tram","color":"#d6212b","colorDark":"#7c1116","angle":273.3,"snapDist":0,"label":1}},{"type":"Feature","geometry":{"type":"Point","coordinates":[19.957307,50.101629]},"properties":{"name":"Papierni Prądnickich","lines":"18, 50, 75","arr":["18","50","75"],"terminus":0,"mode":"tram","color":"#d6212b","colorDark":"#7c1116","angle":284,"snapDist":1,"label":0}},{"type":"Feature","geometry":{"type":"Point","coordinates":[19.956005,50.097662]},"properties":{"name":"Kuźnicy Kołłątajowskiej","lines":"18, 50, 75","arr":["18","50","75"],"terminus":0,"mode":"tram","color":"#d6212b","colorDark":"#7c1116","angle":275.3,"snapDist":2,"label":0}},{"type":"Feature","geometry":{"type":"Point","coordinates":[19.953947,50.09516]},"properties":{"name":"Bociana","lines":"18, 50, 75","arr":["18","50","75"],"terminus":0,"mode":"tram","color":"#d6212b","colorDark":"#7c1116","angle":11.8,"snapDist":2,"label":0}},{"type":"Feature","geometry":{"type":"Point","coordinates":[19.947515,50.096001]},"properties":{"name":"Siewna Wiadukt","lines":"18, 50, 75","arr":["18","50","75"],"terminus":0,"mode":"tram","color":"#d6212b","colorDark":"#7c1116","angle":15.1,"snapDist":1,"label":0}},{"type":"Feature","geometry":{"type":"Point","coordinates":[19.941418,50.095982]},"properties":{"name":"Górnickiego","lines":"18, 50, 75","arr":["18","50","75"],"terminus":0,"mode":"tram","color":"#d6212b","colorDark":"#7c1116","angle":327,"snapDist":0,"label":0}},{"type":"Feature","geometry":{"type":"Point","coordinates":[19.934859,50.094989]},"properties":{"name":"Białoprądnicka","lines":"18, 50, 75","arr":["18","50","75"],"terminus":0,"mode":"tram","color":"#d6212b","colorDark":"#7c1116","angle":27.5,"snapDist":0,"label":0}},{"type":"Feature","geometry":{"type":"Point","coordinates":[19.930023,50.093783]},"properties":{"name":"Pachońskiego P+R","lines":"18, 50, 75","arr":["18","50","75"],"terminus":0,"mode":"tram","color":"#d6212b","colorDark":"#7c1116","angle":247.1,"snapDist":2,"label":0}},{"type":"Feature","geometry":{"type":"Point","coordinates":[19.945072,50.070808]},"properties":{"name":"Politechnika","lines":"18","arr":["18"],"terminus":0,"mode":"tram","color":"#d6212b","colorDark":"#7c1116","angle":264.4,"snapDist":1,"label":0}},{"type":"Feature","geometry":{"type":"Point","coordinates":[19.94535,50.06783]},"properties":{"name":"Dworzec Główny Zachód","lines":"18","arr":["18"],"terminus":0,"mode":"tram","color":"#d6212b","colorDark":"#7c1116","angle":272.3,"snapDist":0,"label":0}},{"type":"Feature","geometry":{"type":"Point","coordinates":[19.945142,50.065007]},"properties":{"name":"Teatr Słowackiego","lines":"18","arr":["18"],"terminus":0,"mode":"tram","color":"#d6212b","colorDark":"#7c1116","angle":273.4,"snapDist":3,"label":0}},{"type":"Feature","geometry":{"type":"Point","coordinates":[19.938671,50.050632]},"properties":{"name":"Orzeszkowej","lines":"18, 22, 52, 62","arr":["18","22","52","62"],"terminus":0,"mode":"tram","color":"#d6212b","colorDark":"#7c1116","angle":347.8,"snapDist":0,"label":0}},{"type":"Feature","geometry":{"type":"Point","coordinates":[19.930918,50.048566]},"properties":{"name":"Rondo Grunwaldzkie","lines":"18, 22, 52, 62","arr":["18","22","52","62"],"terminus":0,"mode":"tram","color":"#d6212b","colorDark":"#7c1116","angle":333.1,"snapDist":0,"label":0}},{"type":"Feature","geometry":{"type":"Point","coordinates":[19.9253,50.04672]},"properties":{"name":"Szwedzka","lines":"18, 22, 52, 62","arr":["18","22","52","62"],"terminus":0,"mode":"tram","color":"#d6212b","colorDark":"#7c1116","angle":332.8,"snapDist":0,"label":0}},{"type":"Feature","geometry":{"type":"Point","coordinates":[19.92205,50.044911]},"properties":{"name":"Kapelanka","lines":"18, 22, 52, 62","arr":["18","22","52","62"],"terminus":0,"mode":"tram","color":"#d6212b","colorDark":"#7c1116","angle":249.8,"snapDist":1,"label":0}},{"type":"Feature","geometry":{"type":"Point","coordinates":[19.924095,50.041403]},"properties":{"name":"Słomiana","lines":"18, 22, 52, 62","arr":["18","22","52","62"],"terminus":0,"mode":"tram","color":"#d6212b","colorDark":"#7c1116","angle":248.3,"snapDist":0,"label":0}},{"type":"Feature","geometry":{"type":"Point","coordinates":[19.925927,50.03444]},"properties":{"name":"Kobierzyńska","lines":"18, 22, 52, 62","arr":["18","22","52","62"],"terminus":0,"mode":"tram","color":"#d6212b","colorDark":"#7c1116","angle":268,"snapDist":0,"label":0}},{"type":"Feature","geometry":{"type":"Point","coordinates":[19.924804,50.030791]},"properties":{"name":"Lipińskiego","lines":"18, 52, 62, 73","arr":["18","52","62","73"],"terminus":0,"mode":"tram","color":"#d6212b","colorDark":"#7c1116","angle":13.2,"snapDist":0,"label":0}},{"type":"Feature","geometry":{"type":"Point","coordinates":[19.920213,50.03187]},"properties":{"name":"Grota-Roweckiego","lines":"18, 52, 62, 73","arr":["18","52","62","73"],"terminus":0,"mode":"tram","color":"#d6212b","colorDark":"#7c1116","angle":19.9,"snapDist":0,"label":0}},{"type":"Feature","geometry":{"type":"Point","coordinates":[19.912222,50.029812]},"properties":{"name":"Norymberska","lines":"18, 52, 62, 73","arr":["18","52","62","73"],"terminus":0,"mode":"tram","color":"#d6212b","colorDark":"#7c1116","angle":327.8,"snapDist":0,"label":0}},{"type":"Feature","geometry":{"type":"Point","coordinates":[19.905182,50.026931]},"properties":{"name":"Ruczaj","lines":"18, 52, 62, 73","arr":["18","52","62","73"],"terminus":0,"mode":"tram","color":"#d6212b","colorDark":"#7c1116","angle":326.3,"snapDist":0,"label":0}},{"type":"Feature","geometry":{"type":"Point","coordinates":[19.901477,50.024046]},"properties":{"name":"Kampus UJ","lines":"18, 52, 62, 73","arr":["18","52","62","73"],"terminus":0,"mode":"tram","color":"#d6212b","colorDark":"#7c1116","angle":294.5,"snapDist":1,"label":0}},{"type":"Feature","geometry":{"type":"Point","coordinates":[19.897507,50.020376]},"properties":{"name":"Kampus UP JP II","lines":"18, 52, 62, 73","arr":["18","52","62","73"],"terminus":0,"mode":"tram","color":"#d6212b","colorDark":"#7c1116","angle":307.6,"snapDist":0,"label":0}},{"type":"Feature","geometry":{"type":"Point","coordinates":[20.001503,50.040064]},"properties":{"name":"Mały Płaszów P+R","lines":"20, 70","arr":["20","70"],"terminus":1,"mode":"tram","color":"#d6212b","colorDark":"#7c1116","angle":278.6,"snapDist":0,"label":1}},{"type":"Feature","geometry":{"type":"Point","coordinates":[19.990871,50.040551]},"properties":{"name":"Rzebika","lines":"20, 70","arr":["20","70"],"terminus":0,"mode":"tram","color":"#d6212b","colorDark":"#7c1116","angle":1.7,"snapDist":1,"label":1}},{"type":"Feature","geometry":{"type":"Point","coordinates":[19.98442,50.040648]},"properties":{"name":"Lipska","lines":"20, 70","arr":["20","70"],"terminus":0,"mode":"tram","color":"#d6212b","colorDark":"#7c1116","angle":181.5,"snapDist":1,"label":0}},{"type":"Feature","geometry":{"type":"Point","coordinates":[19.992647,50.040434]},"properties":{"name":"Rzebika","lines":"20, 70","arr":["20","70"],"terminus":0,"mode":"tram","color":"#d6212b","colorDark":"#7c1116","angle":188.3,"snapDist":1,"label":0}},{"type":"Feature","geometry":{"type":"Point","coordinates":[20.067076,50.069652]},"properties":{"name":"Kopiec Wandy","lines":"21, 22, 75","arr":["21","22","75"],"terminus":1,"mode":"tram","color":"#d6212b","colorDark":"#7c1116","angle":55.7,"snapDist":2,"label":1}},{"type":"Feature","geometry":{"type":"Point","coordinates":[20.065996,50.0787]},"properties":{"name":"Kombinat","lines":"21, 22, 75","arr":["21","22","75"],"terminus":0,"mode":"tram","color":"#d6212b","colorDark":"#7c1116","angle":86.3,"snapDist":1,"label":1}},{"type":"Feature","geometry":{"type":"Point","coordinates":[20.052452,50.076212]},"properties":{"name":"Zalew Nowohucki","lines":"21, 22, 74, 75","arr":["21","22","74","75"],"terminus":0,"mode":"tram","color":"#d6212b","colorDark":"#7c1116","angle":337.6,"snapDist":2,"label":1}},{"type":"Feature","geometry":{"type":"Point","coordinates":[20.047467,50.074892]},"properties":{"name":"Struga","lines":"21, 22, 74, 75","arr":["21","22","74","75"],"terminus":0,"mode":"tram","color":"#d6212b","colorDark":"#7c1116","angle":337.5,"snapDist":0,"label":1}},{"type":"Feature","geometry":{"type":"Point","coordinates":[20.012701,50.095793]},"properties":{"name":"Kleeberga","lines":"21, 52","arr":["21","52"],"terminus":0,"mode":"tram","color":"#d6212b","colorDark":"#7c1116","angle":95.7,"snapDist":1,"label":1}},{"type":"Feature","geometry":{"type":"Point","coordinates":[20.013014,50.097862]},"properties":{"name":"Piasta Kołodzieja","lines":"21, 52","arr":["21","52"],"terminus":0,"mode":"tram","color":"#d6212b","colorDark":"#7c1116","angle":95.8,"snapDist":0,"label":1}},{"type":"Feature","geometry":{"type":"Point","coordinates":[20.012061,50.101981]},"properties":{"name":"Os. Piastów","lines":"21, 52","arr":["21","52"],"terminus":1,"mode":"tram","color":"#d6212b","colorDark":"#7c1116","angle":207.2,"snapDist":1,"label":1}},{"type":"Feature","geometry":{"type":"Point","coordinates":[20.013056,50.098526]},"properties":{"name":"Piasta Kołodzieja","lines":"21, 52","arr":["21","52"],"terminus":0,"mode":"tram","color":"#d6212b","colorDark":"#7c1116","angle":274.9,"snapDist":0,"label":0}},{"type":"Feature","geometry":{"type":"Point","coordinates":[20.01264,50.095759]},"properties":{"name":"Kleeberga","lines":"21, 52","arr":["21","52"],"terminus":0,"mode":"tram","color":"#d6212b","colorDark":"#7c1116","angle":275.7,"snapDist":0,"label":0}},{"type":"Feature","geometry":{"type":"Point","coordinates":[20.038839,50.072566]},"properties":{"name":"Plac Centralny im. R. Reagana","lines":"21, 22, 74, 75","arr":["21","22","74","75"],"terminus":0,"mode":"tram","color":"#d6212b","colorDark":"#7c1116","angle":157.5,"snapDist":1,"label":1}},{"type":"Feature","geometry":{"type":"Point","coordinates":[20.046308,50.074546]},"properties":{"name":"Struga","lines":"21, 22, 74, 75","arr":["21","22","74","75"],"terminus":0,"mode":"tram","color":"#d6212b","colorDark":"#7c1116","angle":157.3,"snapDist":0,"label":0}},{"type":"Feature","geometry":{"type":"Point","coordinates":[20.052473,50.076181]},"properties":{"name":"Zalew Nowohucki","lines":"21, 22, 74, 75","arr":["21","22","74","75"],"terminus":0,"mode":"tram","color":"#d6212b","colorDark":"#7c1116","angle":157.5,"snapDist":3,"label":0}},{"type":"Feature","geometry":{"type":"Point","coordinates":[20.065059,50.079134]},"properties":{"name":"Kombinat","lines":"21, 22, 74, 75","arr":["21","22","74","75"],"terminus":0,"mode":"tram","color":"#d6212b","colorDark":"#7c1116","angle":176.9,"snapDist":0,"label":0}},{"type":"Feature","geometry":{"type":"Point","coordinates":[20.066651,50.070011]},"properties":{"name":"Kopiec Wandy","lines":"21","arr":["21"],"terminus":0,"mode":"tram","color":"#d6212b","colorDark":"#7c1116","angle":238.9,"snapDist":2,"label":0}},{"type":"Feature","geometry":{"type":"Point","coordinates":[19.93545,50.029679]},"properties":{"name":"Łagiewniki","lines":"22, 73","arr":["22","73"],"terminus":0,"mode":"tram","color":"#d6212b","colorDark":"#7c1116","angle":24.5,"snapDist":0,"label":0}},{"type":"Feature","geometry":{"type":"Point","coordinates":[19.93173,50.030523]},"properties":{"name":"Brożka","lines":"22, 73","arr":["22","73"],"terminus":0,"mode":"tram","color":"#d6212b","colorDark":"#7c1116","angle":359.3,"snapDist":1,"label":1}},{"type":"Feature","geometry":{"type":"Point","coordinates":[19.929101,50.030549]},"properties":{"name":"Borsucza","lines":"22, 73","arr":["22","73"],"terminus":0,"mode":"tram","color":"#d6212b","colorDark":"#7c1116","angle":0,"snapDist":0,"label":1}},{"type":"Feature","geometry":{"type":"Point","coordinates":[19.942063,50.052257]},"properties":{"name":"Stradom","lines":"22, 52, 62","arr":["22","52","62"],"terminus":0,"mode":"tram","color":"#d6212b","colorDark":"#7c1116","angle":299.4,"snapDist":0,"label":0}},{"type":"Feature","geometry":{"type":"Point","coordinates":[19.928538,50.03051]},"properties":{"name":"Borsucza","lines":"22, 73","arr":["22","73"],"terminus":0,"mode":"tram","color":"#d6212b","colorDark":"#7c1116","angle":179.7,"snapDist":1,"label":0}},{"type":"Feature","geometry":{"type":"Point","coordinates":[19.931874,50.030497]},"properties":{"name":"Brożka","lines":"22, 73","arr":["22","73"],"terminus":0,"mode":"tram","color":"#d6212b","colorDark":"#7c1116","angle":179.5,"snapDist":0,"label":0}},{"type":"Feature","geometry":{"type":"Point","coordinates":[19.935945,50.029496]},"properties":{"name":"Łagiewniki","lines":"22, 73","arr":["22","73"],"terminus":0,"mode":"tram","color":"#d6212b","colorDark":"#7c1116","angle":204.4,"snapDist":0,"label":0}},{"type":"Feature","geometry":{"type":"Point","coordinates":[19.979258,50.023563]},"properties":{"name":"Bieżanowska","lines":"50, 70","arr":["50","70"],"terminus":0,"mode":"tram","color":"#d6212b","colorDark":"#7c1116","angle":318,"snapDist":0,"label":0}},{"type":"Feature","geometry":{"type":"Point","coordinates":[19.977522,50.018289]},"properties":{"name":"Dauna","lines":"50, 70","arr":["50","70"],"terminus":0,"mode":"tram","color":"#d6212b","colorDark":"#7c1116","angle":269,"snapDist":0,"label":1}},{"type":"Feature","geometry":{"type":"Point","coordinates":[19.971575,50.015479]},"properties":{"name":"Piaski Nowe","lines":"50, 70","arr":["50","70"],"terminus":0,"mode":"tram","color":"#d6212b","colorDark":"#7c1116","angle":340.7,"snapDist":0,"label":1}},{"type":"Feature","geometry":{"type":"Point","coordinates":[19.964628,50.013468]},"properties":{"name":"Nowosądecka","lines":"50, 70","arr":["50","70"],"terminus":0,"mode":"tram","color":"#d6212b","colorDark":"#7c1116","angle":341.3,"snapDist":2,"label":1}},{"type":"Feature","geometry":{"type":"Point","coordinates":[19.956858,50.012342]},"properties":{"name":"Witosa","lines":"50, 70","arr":["50","70"],"terminus":0,"mode":"tram","color":"#d6212b","colorDark":"#7c1116","angle":5.7,"snapDist":0,"label":1}},{"type":"Feature","geometry":{"type":"Point","coordinates":[19.950447,50.013603]},"properties":{"name":"Kurdwanów P+R","lines":"50, 70","arr":["50","70"],"terminus":0,"mode":"tram","color":"#d6212b","colorDark":"#7c1116","angle":18.5,"snapDist":1,"label":0}},{"type":"Feature","geometry":{"type":"Point","coordinates":[19.931692,50.020322]},"properties":{"name":"Łagiewniki SKA","lines":"50","arr":["50"],"terminus":0,"mode":"tram","color":"#d6212b","colorDark":"#7c1116","angle":288.8,"snapDist":1,"label":0}},{"type":"Feature","geometry":{"type":"Point","coordinates":[19.947832,50.014093]},"properties":{"name":"Kurdwanów P+R","lines":"70","arr":["70"],"terminus":0,"mode":"tram","color":"#d6212b","colorDark":"#7c1116","angle":197.7,"snapDist":0,"label":0}},{"type":"Feature","geometry":{"type":"Point","coordinates":[19.950426,50.013572]},"properties":{"name":"Kurdwanów P+R","lines":"70","arr":["70"],"terminus":0,"mode":"tram","color":"#d6212b","colorDark":"#7c1116","angle":198.8,"snapDist":1,"label":0}},{"type":"Feature","geometry":{"type":"Point","coordinates":[19.955792,50.01243]},"properties":{"name":"Witosa","lines":"70","arr":["70"],"terminus":0,"mode":"tram","color":"#d6212b","colorDark":"#7c1116","angle":192.3,"snapDist":1,"label":0}},{"type":"Feature","geometry":{"type":"Point","coordinates":[19.96468,50.013445]},"properties":{"name":"Nowosądecka","lines":"70","arr":["70"],"terminus":0,"mode":"tram","color":"#d6212b","colorDark":"#7c1116","angle":160.2,"snapDist":1,"label":0}},{"type":"Feature","geometry":{"type":"Point","coordinates":[19.971603,50.015449]},"properties":{"name":"Piaski Nowe","lines":"70","arr":["70"],"terminus":0,"mode":"tram","color":"#d6212b","colorDark":"#7c1116","angle":160.5,"snapDist":0,"label":0}},{"type":"Feature","geometry":{"type":"Point","coordinates":[19.977579,50.018408]},"properties":{"name":"Dauna","lines":"70","arr":["70"],"terminus":0,"mode":"tram","color":"#d6212b","colorDark":"#7c1116","angle":89.4,"snapDist":0,"label":0}},{"type":"Feature","geometry":{"type":"Point","coordinates":[19.979427,50.023612]},"properties":{"name":"Bieżanowska","lines":"70","arr":["70"],"terminus":0,"mode":"tram","color":"#d6212b","colorDark":"#7c1116","angle":136.7,"snapDist":0,"label":0}},{"type":"Feature","geometry":{"type":"Point","coordinates":[20.059584,50.087319]},"properties":{"name":"Grodzki Urząd Pracy","lines":"74","arr":["74"],"terminus":0,"mode":"tram","color":"#d6212b","colorDark":"#7c1116","angle":151.6,"snapDist":2,"label":1}},{"type":"Feature","geometry":{"type":"Point","coordinates":[20.064594,50.087678]},"properties":{"name":"Elektromontaż","lines":"74","arr":["74"],"terminus":0,"mode":"tram","color":"#d6212b","colorDark":"#7c1116","angle":181.7,"snapDist":0,"label":1}},{"type":"Feature","geometry":{"type":"Point","coordinates":[20.065545,50.083538]},"properties":{"name":"Zajezdnia Nowa Huta","lines":"74","arr":["74"],"terminus":0,"mode":"tram","color":"#d6212b","colorDark":"#7c1116","angle":266.9,"snapDist":1,"label":1}},{"type":"Feature","geometry":{"type":"Point","coordinates":[20.065852,50.079835]},"properties":{"name":"Kombinat","lines":"74","arr":["74"],"terminus":0,"mode":"tram","color":"#d6212b","colorDark":"#7c1116","angle":266.9,"snapDist":1,"label":0}},{"type":"Feature","geometry":{"type":"Point","coordinates":[20.065593,50.08358]},"properties":{"name":"Zajezdnia Nowa Huta","lines":"74","arr":["74"],"terminus":0,"mode":"tram","color":"#d6212b","colorDark":"#7c1116","angle":86.9,"snapDist":0,"label":0}},{"type":"Feature","geometry":{"type":"Point","coordinates":[20.064095,50.087719]},"properties":{"name":"Elektromontaż","lines":"74","arr":["74"],"terminus":0,"mode":"tram","color":"#d6212b","colorDark":"#7c1116","angle":1.5,"snapDist":1,"label":0}},{"type":"Feature","geometry":{"type":"Point","coordinates":[20.059701,50.087398]},"properties":{"name":"Grodzki Urząd Pracy","lines":"74","arr":["74"],"terminus":0,"mode":"tram","color":"#d6212b","colorDark":"#7c1116","angle":331.8,"snapDist":0,"label":0}},{"type":"Feature","geometry":{"type":"Point","coordinates":[19.952218,50.06761]},"properties":{"name":"Uniwersytet Ekonomiczny","lines":"76","arr":["76"],"terminus":0,"mode":"tram","color":"#d6212b","colorDark":"#7c1116","angle":99.2,"snapDist":1,"label":1}},{"type":"Feature","geometry":{"type":"Point","coordinates":[19.954282,50.070486]},"properties":{"name":"Muzeum Fotografii","lines":"76","arr":["76"],"terminus":0,"mode":"tram","color":"#d6212b","colorDark":"#7c1116","angle":115.5,"snapDist":0,"label":1}},{"type":"Feature","geometry":{"type":"Point","coordinates":[19.9574,50.074278]},"properties":{"name":"Cmentarz Rakowicki","lines":"76","arr":["76"],"terminus":1,"mode":"tram","color":"#d6212b","colorDark":"#7c1116","angle":27.3,"snapDist":2,"label":1}},{"type":"Feature","geometry":{"type":"Point","coordinates":[19.956053,50.072944]},"properties":{"name":"Cmentarz Rakowicki","lines":"76","arr":["76"],"terminus":0,"mode":"tram","color":"#d6212b","colorDark":"#7c1116","angle":295.7,"snapDist":1,"label":0}},{"type":"Feature","geometry":{"type":"Point","coordinates":[19.9546,50.07098]},"properties":{"name":"Muzeum Fotografii","lines":"76","arr":["76"],"terminus":0,"mode":"tram","color":"#d6212b","colorDark":"#7c1116","angle":295.5,"snapDist":1,"label":0}},{"type":"Feature","geometry":{"type":"Point","coordinates":[19.952635,50.068329]},"properties":{"name":"Uniwersytet Ekonomiczny","lines":"76","arr":["76"],"terminus":0,"mode":"tram","color":"#d6212b","colorDark":"#7c1116","angle":295.1,"snapDist":0,"label":0}},{"type":"Feature","geometry":{"type":"Point","coordinates":[19.95165,50.065433]},"properties":{"name":"Lubicz","lines":"76","arr":["76"],"terminus":0,"mode":"tram","color":"#d6212b","colorDark":"#7c1116","angle":278.7,"snapDist":2,"label":0}}]}