{"type":"FeatureCollection","features":[{"type":"Feature","geometry":{"type":"Point","coordinates":[19.931438,50.088956]},"properties":{"line":"3","mode":"tram","color":"#d6212b","colorDark":"#7c1116","band":0,"off":[-6,1.1]}},{"type":"Feature","geometry":{"type":"Point","coordinates":[19.931438,50.088956]},"properties":{"line":"5","mode":"tram","color":"#d6212b","colorDark":"#7c1116","band":0,"off":[-3,1.1]}},{"type":"Feature","geometry":{"type":"Point","coordinates":[19.931438,50.088956]},"properties":{"line":"102","mode":"bus","color":"#0059a9","colorDark":"#00294f","band":0,"off":[0,1.1]}},{"type":"Feature","geometry":{"type":"Point","coordinates":[19.931438,50.088956]},"properties":{"line":"137","mode":"bus","color":"#0059a9","colorDark":"#00294f","band":0,"off":[3,1.1]}},{"type":"Feature","geometry":{"type":"Point","coordinates":[19.931438,50.088956]},"properties":{"line":"150","mode":"bus","color":"#0059a9","colorDark":"#00294f","band":0,"off":[6,1.1]}},{"type":"Feature","geometry":{"type":"Point","coordinates":[19.931438,50.088956]},"properties":{"line":"168","mode":"bus","color":"#0059a9","colorDark":"#00294f","band":0,"off":[-6,2.6]}},{"type":"Feature","geometry":{"type":"Point","coordinates":[19.931438,50.088956]},"properties":{"line":"194","mode":"bus","color":"#0059a9","colorDark":"#00294f","band":0,"off":[-3,2.6]}},{"type":"Feature","geometry":{"type":"Point","coordinates":[19.931438,50.088956]},"properties":{"line":"207","mode":"bus","color":"#0059a9","colorDark":"#00294f","band":0,"off":[0,2.6]}},{"type":"Feature","geometry":{"type":"Point","coordinates":[19.931438,50.088956]},"properties":{"line":"220","mode":"bus","color":"#0059a9","colorDark":"#00294f","band":0,"off":[3,2.6]}},{"type":"Feature","geometry":{"type":"Point","coordinates":[19.931438,50.088956]},"properties":{"line":"227","mode":"bus","color":"#0059a9","colorDark":"#00294f","band":0,"off":[6,2.6]}},{"type":"Feature","geometry":{"type":"Point","coordinates":[19.931438,50.088956]},"properties":{"line":"240","mode":"bus","color":"#0059a9","colorDark":"#00294f","band":0,"off":[-4.5,4.1]}},{"type":"Feature","geometry":{"type":"Point","coordinates":[19.931438,50.088956]},"properties":{"line":"267","mode":"bus","color":"#0059a9","colorDark":"#00294f","band":0,"off":[-1.5,4.1]}},{"type":"Feature","geometry":{"type":"Point","coordinates":[19.931438,50.088956]},"properties":{"line":"290","mode":"bus","color":"#0059a9","colorDark":"#00294f","band":0,"off":[1.5,4.1]}},{"type":"Feature","geometry":{"type":"Point","coordinates":[19.931438,50.088956]},"properties":{"line":"937","mode":"bus","color":"#0059a9","colorDark":"#00294f","band":0,"off":[4.5,4.1]}},{"type":"Feature","geometry":{"type":"Point","coordinates":[19.819855,50.043295]},"properties":{"line":"102","mode":"bus","color":"#0059a9","colorDark":"#00294f","band":0,"off":[-1.5,1.1]}},{"type":"Feature","geometry":{"type":"Point","coordinates":[19.819855,50.043295]},"properties":{"line":"609","mode":"bus","color":"#0059a9","colorDark":"#00294f","band":0,"off":[1.5,1.1]}},{"type":"Feature","geometry":{"type":"Point","coordinates":[19.847207,50.067862]},"properties":{"line":"102","mode":"bus","color":"#0059a9","colorDark":"#00294f","band":0,"off":[-6,1.1]}},{"type":"Feature","geometry":{"type":"Point","coordinates":[19.847207,50.067862]},"properties":{"line":"126","mode":"bus","color":"#0059a9","colorDark":"#00294f","band":0,"off":[-3,1.1]}},{"type":"Feature","geometry":{"type":"Point","coordinates":[19.847207,50.067862]},"properties":{"line":"192","mode":"bus","color":"#0059a9","colorDark":"#00294f","band":0,"off":[0,1.1]}},{"type":"Feature","geometry":{"type":"Point","coordinates":[19.847207,50.067862]},"properties":{"line":"300","mode":"bus","color":"#0059a9","colorDark":"#00294f","band":0,"off":[3,1.1]}},{"type":"Feature","geometry":{"type":"Point","coordinates":[19.847207,50.067862]},"properties":{"line":"902","mode":"bus","color":"#0059a9","colorDark":"#00294f","band":0,"off":[6,1.1]}},{"type":"Feature","geometry":{"type":"Point","coordinates":[19.92774,49.999784]},"properties":{"line":"104","mode":"bus","color":"#0059a9","colorDark":"#00294f","band":0,"off":[-3,1.1]}},{"type":"Feature","geometry":{"type":"Point","coordinates":[19.92774,49.999784]},"properties":{"line":"155","mode":"bus","color":"#0059a9","colorDark":"#00294f","band":0,"off":[0,1.1]}},{"type":"Feature","geometry":{"type":"Point","coordinates":[19.92774,49.999784]},"properties":{"line":"254","mode":"bus","color":"#0059a9","colorDark":"#00294f","band":0,"off":[3,1.1]}},{"type":"Feature","geometry":{"type":"Point","coordinates":[19.897177,49.998655]},"properties":{"line":"104","mode":"bus","color":"#0059a9","colorDark":"#00294f","band":0,"off":[-6,1.1]}},{"type":"Feature","geometry":{"type":"Point","coordinates":[19.897177,49.998655]},"properties":{"line":"151","mode":"bus","color":"#0059a9","colorDark":"#00294f","band":0,"off":[-3,1.1]}},{"type":"Feature","geometry":{"type":"Point","coordinates":[19.897177,49.998655]},"properties":{"line":"194","mode":"bus","color":"#0059a9","colorDark":"#00294f","band":0,"off":[0,1.1]}},{"type":"Feature","geometry":{"type":"Point","coordinates":[19.897177,49.998655]},"properties":{"line":"494","mode":"bus","color":"#0059a9","colorDark":"#00294f","band":0,"off":[3,1.1]}},{"type":"Feature","geometry":{"type":"Point","coordinates":[19.897177,49.998655]},"properties":{"line":"608","mode":"bus","color":"#0059a9","colorDark":"#00294f","band":0,"off":[6,1.1]}},{"type":"Feature","geometry":{"type":"Point","coordinates":[19.889249,50.018088]},"properties":{"line":"11","mode":"tram","color":"#d6212b","colorDark":"#7c1116","band":0,"off":[-6,1.1]}},{"type":"Feature","geometry":{"type":"Point","coordinates":[19.889249,50.018088]},"properties":{"line":"17","mode":"tram","color":"#d6212b","colorDark":"#7c1116","band":0,"off":[-3,1.1]}},{"type":"Feature","geometry":{"type":"Point","coordinates":[19.889249,50.018088]},"properties":{"line":"18","mode":"tram","color":"#d6212b","colorDark":"#7c1116","band":0,"off":[0,1.1]}},{"type":"Feature","geometry":{"type":"Point","coordinates":[19.889249,50.018088]},"properties":{"line":"52","mode":"tram","color":"#d6212b","colorDark":"#7c1116","band":0,"off":[3,1.1]}},{"type":"Feature","geometry":{"type":"Point","coordinates":[19.889249,50.018088]},"properties":{"line":"62","mode":"tram","color":"#d6212b","colorDark":"#7c1116","band":0,"off":[6,1.1]}},{"type":"Feature","geometry":{"type":"Point","coordinates":[19.889249,50.018088]},"properties":{"line":"104","mode":"bus","color":"#0059a9","colorDark":"#00294f","band":0,"off":[-6,2.6]}},{"type":"Feature","geometry":{"type":"Point","coordinates":[19.889249,50.018088]},"properties":{"line":"204","mode":"bus","color":"#0059a9","colorDark":"#00294f","band":0,"off":[-3,2.6]}},{"type":"Feature","geometry":{"type":"Point","coordinates":[19.889249,50.018088]},"properties":{"line":"223","mode":"bus","color":"#0059a9","colorDark":"#00294f","band":0,"off":[0,2.6]}},{"type":"Feature","geometry":{"type":"Point","coordinates":[19.889249,50.018088]},"properties":{"line":"233","mode":"bus","color":"#0059a9","colorDark":"#00294f","band":0,"off":[3,2.6]}},{"type":"Feature","geometry":{"type":"Point","coordinates":[19.889249,50.018088]},"properties":{"line":"253","mode":"bus","color":"#0059a9","colorDark":"#00294f","band":0,"off":[6,2.6]}},{"type":"Feature","geometry":{"type":"Point","coordinates":[19.889249,50.018088]},"properties":{"line":"283","mode":"bus","color":"#0059a9","colorDark":"#00294f","band":0,"off":[-4.5,4.1]}},{"type":"Feature","geometry":{"type":"Point","coordinates":[19.889249,50.018088]},"properties":{"line":"476","mode":"bus","color":"#0059a9","colorDark":"#00294f","band":0,"off":[-1.5,4.1]}},{"type":"Feature","geometry":{"type":"Point","coordinates":[19.889249,50.018088]},"properties":{"line":"662","mode":"bus","color":"#0059a9","colorDark":"#00294f","band":0,"off":[1.5,4.1]}},{"type":"Feature","geometry":{"type":"Point","coordinates":[19.889249,50.018088]},"properties":{"line":"903","mode":"bus","color":"#0059a9","colorDark":"#00294f","band":0,"off":[4.5,4.1]}},{"type":"Feature","geometry":{"type":"Point","coordinates":[20.012427,50.102006]},"properties":{"line":"21","mode":"tram","color":"#d6212b","colorDark":"#7c1116","band":0,"off":[-3,1.1]}},{"type":"Feature","geometry":{"type":"Point","coordinates":[20.012427,50.102006]},"properties":{"line":"52","mode":"tram","color":"#d6212b","colorDark":"#7c1116","band":0,"off":[0,1.1]}},{"type":"Feature","geometry":{"type":"Point","coordinates":[20.012427,50.102006]},"properties":{"line":"105","mode":"bus","color":"#0059a9","colorDark":"#00294f","band":0,"off":[3,1.1]}},{"type":"Feature","geometry":{"type":"Point","coordinates":[19.974275,50.096778]},"properties":{"line":"105","mode":"bus","color":"#0059a9","colorDark":"#00294f","band":0,"off":[-6,1.1]}},{"type":"Feature","geometry":{"type":"Point","coordinates":[19.974275,50.096778]},"properties":{"line":"199","mode":"bus","color":"#0059a9","colorDark":"#00294f","band":0,"off":[-3,1.1]}},{"type":"Feature","geometry":{"type":"Point","coordinates":[19.974275,50.096778]},"properties":{"line":"250","mode":"bus","color":"#0059a9","colorDark":"#00294f","band":0,"off":[0,1.1]}},{"type":"Feature","geometry":{"type":"Point","coordinates":[19.974275,50.096778]},"properties":{"line":"260","mode":"bus","color":"#0059a9","colorDark":"#00294f","band":0,"off":[3,1.1]}},{"type":"Feature","geometry":{"type":"Point","coordinates":[19.974275,50.096778]},"properties":{"line":"270","mode":"bus","color":"#0059a9","colorDark":"#00294f","band":0,"off":[6,1.1]}},{"type":"Feature","geometry":{"type":"Point","coordinates":[19.974275,50.096778]},"properties":{"line":"405","mode":"bus","color":"#0059a9","colorDark":"#00294f","band":0,"off":[-1.5,2.6]}},{"type":"Feature","geometry":{"type":"Point","coordinates":[19.974275,50.096778]},"properties":{"line":"610","mode":"bus","color":"#0059a9","colorDark":"#00294f","band":0,"off":[1.5,2.6]}},{"type":"Feature","geometry":{"type":"Point","coordinates":[19.947009,50.068545]},"properties":{"line":"105","mode":"bus","color":"#0059a9","colorDark":"#00294f","band":0,"off":[-6,1.1]}},{"type":"Feature","geometry":{"type":"Point","coordinates":[19.947009,50.068545]},"properties":{"line":"125","mode":"bus","color":"#0059a9","colorDark":"#00294f","band":0,"off":[-3,1.1]}},{"type":"Feature","geometry":{"type":"Point","coordinates":[19.947009,50.068545]},"properties":{"line":"132","mode":"bus","color":"#0059a9","colorDark":"#00294f","band":0,"off":[0,1.1]}},{"type":"Feature","geometry":{"type":"Point","coordinates":[19.947009,50.068545]},"properties":{"line":"182","mode":"bus","color":"#0059a9","colorDark":"#00294f","band":0,"off":[3,1.1]}},{"type":"Feature","geometry":{"type":"Point","coordinates":[19.947009,50.068545]},"properties":{"line":"192","mode":"bus","color":"#0059a9","colorDark":"#00294f","band":0,"off":[6,1.1]}},{"type":"Feature","geometry":{"type":"Point","coordinates":[19.947009,50.068545]},"properties":{"line":"317","mode":"bus","color":"#0059a9","colorDark":"#00294f","band":0,"off":[-6,2.6]}},{"type":"Feature","geometry":{"type":"Point","coordinates":[19.947009,50.068545]},"properties":{"line":"405","mode":"bus","color":"#0059a9","colorDark":"#00294f","band":0,"off":[-3,2.6]}},{"type":"Feature","geometry":{"type":"Point","coordinates":[19.947009,50.068545]},"properties":{"line":"482","mode":"bus","color":"#0059a9","colorDark":"#00294f","band":0,"off":[0,2.6]}},{"type":"Feature","geometry":{"type":"Point","coordinates":[19.947009,50.068545]},"properties":{"line":"609","mode":"bus","color":"#0059a9","colorDark":"#00294f","band":0,"off":[3,2.6]}},{"type":"Feature","geometry":{"type":"Point","coordinates":[19.947009,50.068545]},"properties":{"line":"902","mode":"bus","color":"#0059a9","colorDark":"#00294f","band":0,"off":[6,2.6]}},{"type":"Feature","geometry":{"type":"Point","coordinates":[19.960381,50.023326]},"properties":{"line":"107","mode":"bus","color":"#0059a9","colorDark":"#00294f","band":0,"off":[-6,1.1]}},{"type":"Feature","geometry":{"type":"Point","coordinates":[19.960381,50.023326]},"properties":{"line":"164","mode":"bus","color":"#0059a9","colorDark":"#00294f","band":0,"off":[-3,1.1]}},{"type":"Feature","geometry":{"type":"Point","coordinates":[19.960381,50.023326]},"properties":{"line":"169","mode":"bus","color":"#0059a9","colorDark":"#00294f","band":0,"off":[0,1.1]}},{"type":"Feature","geometry":{"type":"Point","coordinates":[19.960381,50.023326]},"properties":{"line":"174","mode":"bus","color":"#0059a9","colorDark":"#00294f","band":0,"off":[3,1.1]}},{"type":"Feature","geometry":{"type":"Point","coordinates":[19.960381,50.023326]},"properties":{"line":"179","mode":"bus","color":"#0059a9","colorDark":"#00294f","band":0,"off":[6,1.1]}},{"type":"Feature","geometry":{"type":"Point","coordinates":[19.960381,50.023326]},"properties":{"line":"610","mode":"bus","color":"#0059a9","colorDark":"#00294f","band":0,"off":[0,2.6]}},{"type":"Feature","geometry":{"type":"Point","coordinates":[19.990106,49.979671]},"properties":{"line":"107","mode":"bus","color":"#0059a9","colorDark":"#00294f","band":0,"off":[0,1.1]}},{"type":"Feature","geometry":{"type":"Point","coordinates":[20.117115,50.072826]},"properties":{"line":"10","mode":"tram","color":"#d6212b","colorDark":"#7c1116","band":0,"off":[-6,1.1]}},{"type":"Feature","geometry":{"type":"Point","coordinates":[20.117115,50.072826]},"properties":{"line":"21","mode":"tram","color":"#d6212b","colorDark":"#7c1116","band":0,"off":[-3,1.1]}},{"type":"Feature","geometry":{"type":"Point","coordinates":[20.117115,50.072826]},"properties":{"line":"111","mode":"bus","color":"#0059a9","colorDark":"#00294f","band":0,"off":[0,1.1]}},{"type":"Feature","geometry":{"type":"Point","coordinates":[20.117115,50.072826]},"properties":{"line":"160","mode":"bus","color":"#0059a9","colorDark":"#00294f","band":0,"off":[3,1.1]}},{"type":"Feature","geometry":{"type":"Point","coordinates":[20.117115,50.072826]},"properties":{"line":"161","mode":"bus","color":"#0059a9","colorDark":"#00294f","band":0,"off":[6,1.1]}},{"type":"Feature","geometry":{"type":"Point","coordinates":[20.117115,50.072826]},"properties":{"line":"171","mode":"bus","color":"#0059a9","colorDark":"#00294f","band":0,"off":[-3,2.6]}},{"type":"Feature","geometry":{"type":"Point","coordinates":[20.117115,50.072826]},"properties":{"line":"211","mode":"bus","color":"#0059a9","colorDark":"#00294f","band":0,"off":[0,2.6]}},{"type":"Feature","geometry":{"type":"Point","coordinates":[20.117115,50.072826]},"properties":{"line":"271","mode":"bus","color":"#0059a9","colorDark":"#00294f","band":0,"off":[3,2.6]}},{"type":"Feature","geometry":{"type":"Point","coordinates":[19.842919,50.018925]},"properties":{"line":"112","mode":"bus","color":"#0059a9","colorDark":"#00294f","band":0,"off":[-1.5,1.1]}},{"type":"Feature","geometry":{"type":"Point","coordinates":[19.842919,50.018925]},"properties":{"line":"162","mode":"bus","color":"#0059a9","colorDark":"#00294f","band":0,"off":[1.5,1.1]}},{"type":"Feature","geometry":{"type":"Point","coordinates":[19.849778,50.02811]},"properties":{"line":"112","mode":"bus","color":"#0059a9","colorDark":"#00294f","band":0,"off":[-6,1.1]}},{"type":"Feature","geometry":{"type":"Point","coordinates":[19.849778,50.02811]},"properties":{"line":"162","mode":"bus","color":"#0059a9","colorDark":"#00294f","band":0,"off":[-3,1.1]}},{"type":"Feature","geometry":{"type":"Point","coordinates":[19.849778,50.02811]},"properties":{"line":"176","mode":"bus","color":"#0059a9","colorDark":"#00294f","band":0,"off":[0,1.1]}},{"type":"Feature","geometry":{"type":"Point","coordinates":[19.849778,50.02811]},"properties":{"line":"203","mode":"bus","color":"#0059a9","colorDark":"#00294f","band":0,"off":[3,1.1]}},{"type":"Feature","geometry":{"type":"Point","coordinates":[19.849778,50.02811]},"properties":{"line":"476","mode":"bus","color":"#0059a9","colorDark":"#00294f","band":0,"off":[6,1.1]}},{"type":"Feature","geometry":{"type":"Point","coordinates":[19.93274,50.0467]},"properties":{"line":"112","mode":"bus","color":"#0059a9","colorDark":"#00294f","band":0,"off":[-4.5,1.1]}},{"type":"Feature","geometry":{"type":"Point","coordinates":[19.93274,50.0467]},"properties":{"line":"126","mode":"bus","color":"#0059a9","colorDark":"#00294f","band":0,"off":[-1.5,1.1]}},{"type":"Feature","geometry":{"type":"Point","coordinates":[19.93274,50.0467]},"properties":{"line":"162","mode":"bus","color":"#0059a9","colorDark":"#00294f","band":0,"off":[1.5,1.1]}},{"type":"Feature","geometry":{"type":"Point","coordinates":[19.93274,50.0467]},"properties":{"line":"712","mode":"bus","color":"#0059a9","colorDark":"#00294f","band":0,"off":[4.5,1.1]}},{"type":"Feature","geometry":{"type":"Point","coordinates":[19.938258,50.075383]},"properties":{"line":"3","mode":"tram","color":"#d6212b","colorDark":"#7c1116","band":0,"off":[-6,1.1]}},{"type":"Feature","geometry":{"type":"Point","coordinates":[19.938258,50.075383]},"properties":{"line":"5","mode":"tram","color":"#d6212b","colorDark":"#7c1116","band":0,"off":[-3,1.1]}},{"type":"Feature","geometry":{"type":"Point","coordinates":[19.938258,50.075383]},"properties":{"line":"17","mode":"tram","color":"#d6212b","colorDark":"#7c1116","band":0,"off":[0,1.1]}},{"type":"Feature","geometry":{"type":"Point","coordinates":[19.938258,50.075383]},"properties":{"line":"50","mode":"tram","color":"#d6212b","colorDark":"#7c1116","band":0,"off":[3,1.1]}},{"type":"Feature","geometry":{"type":"Point","coordinates":[19.938258,50.075383]},"properties":{"line":"69","mode":"tram","color":"#d6212b","colorDark":"#7c1116","band":0,"off":[6,1.1]}},{"type":"Feature","geometry":{"type":"Point","coordinates":[19.938258,50.075383]},"properties":{"line":"120","mode":"bus","color":"#0059a9","colorDark":"#00294f","band":0,"off":[-3,2.6]}},{"type":"Feature","geometry":{"type":"Point","coordinates":[19.938258,50.075383]},"properties":{"line":"140","mode":"bus","color":"#0059a9","colorDark":"#00294f","band":0,"off":[0,2.6]}},{"type":"Feature","geometry":{"type":"Point","coordinates":[19.938258,50.075383]},"properties":{"line":"337","mode":"bus","color":"#0059a9","colorDark":"#00294f","band":0,"off":[3,2.6]}},{"type":"Feature","geometry":{"type":"Point","coordinates":[19.878034,50.081118]},"properties":{"line":"120","mode":"bus","color":"#0059a9","colorDark":"#00294f","band":0,"off":[-6,1.1]}},{"type":"Feature","geometry":{"type":"Point","coordinates":[19.878034,50.081118]},"properties":{"line":"200","mode":"bus","color":"#0059a9","colorDark":"#00294f","band":0,"off":[-3,1.1]}},{"type":"Feature","geometry":{"type":"Point","coordinates":[19.878034,50.081118]},"properties":{"line":"210","mode":"bus","color":"#0059a9","colorDark":"#00294f","band":0,"off":[0,1.1]}},{"type":"Feature","geometry":{"type":"Point","coordinates":[19.878034,50.081118]},"properties":{"line":"218","mode":"bus","color":"#0059a9","colorDark":"#00294f","band":0,"off":[3,1.1]}},{"type":"Feature","geometry":{"type":"Point","coordinates":[19.878034,50.081118]},"properties":{"line":"228","mode":"bus","color":"#0059a9","colorDark":"#00294f","band":0,"off":[6,1.1]}},{"type":"Feature","geometry":{"type":"Point","coordinates":[19.878034,50.081118]},"properties":{"line":"230","mode":"bus","color":"#0059a9","colorDark":"#00294f","band":0,"off":[-6,2.6]}},{"type":"Feature","geometry":{"type":"Point","coordinates":[19.878034,50.081118]},"properties":{"line":"238","mode":"bus","color":"#0059a9","colorDark":"#00294f","band":0,"off":[-3,2.6]}},{"type":"Feature","geometry":{"type":"Point","coordinates":[19.878034,50.081118]},"properties":{"line":"248","mode":"bus","color":"#0059a9","colorDark":"#00294f","band":0,"off":[0,2.6]}},{"type":"Feature","geometry":{"type":"Point","coordinates":[19.878034,50.081118]},"properties":{"line":"258","mode":"bus","color":"#0059a9","colorDark":"#00294f","band":0,"off":[3,2.6]}},{"type":"Feature","geometry":{"type":"Point","coordinates":[19.878034,50.081118]},"properties":{"line":"268","mode":"bus","color":"#0059a9","colorDark":"#00294f","band":0,"off":[6,2.6]}},{"type":"Feature","geometry":{"type":"Point","coordinates":[19.878034,50.081118]},"properties":{"line":"278","mode":"bus","color":"#0059a9","colorDark":"#00294f","band":0,"off":[-6,4.1]}},{"type":"Feature","geometry":{"type":"Point","coordinates":[19.878034,50.081118]},"properties":{"line":"288","mode":"bus","color":"#0059a9","colorDark":"#00294f","band":0,"off":[-3,4.1]}},{"type":"Feature","geometry":{"type":"Point","coordinates":[19.878034,50.081118]},"properties":{"line":"298","mode":"bus","color":"#0059a9","colorDark":"#00294f","band":0,"off":[0,4.1]}},{"type":"Feature","geometry":{"type":"Point","coordinates":[19.878034,50.081118]},"properties":{"line":"572","mode":"bus","color":"#0059a9","colorDark":"#00294f","band":0,"off":[3,4.1]}},{"type":"Feature","geometry":{"type":"Point","coordinates":[19.878034,50.081118]},"properties":{"line":"664","mode":"bus","color":"#0059a9","colorDark":"#00294f","band":0,"off":[6,4.1]}},{"type":"Feature","geometry":{"type":"Point","coordinates":[19.878034,50.081118]},"properties":{"line":"704","mode":"bus","color":"#0059a9","colorDark":"#00294f","band":0,"off":[-6,5.6]}},{"type":"Feature","geometry":{"type":"Point","coordinates":[19.878034,50.081118]},"properties":{"line":"708","mode":"bus","color":"#0059a9","colorDark":"#00294f","band":0,"off":[-3,5.6]}},{"type":"Feature","geometry":{"type":"Point","coordinates":[19.878034,50.081118]},"properties":{"line":"910","mode":"bus","color":"#0059a9","colorDark":"#00294f","band":0,"off":[0,5.6]}},{"type":"Feature","geometry":{"type":"Point","coordinates":[19.878034,50.081118]},"properties":{"line":"918","mode":"bus","color":"#0059a9","colorDark":"#00294f","band":0,"off":[3,5.6]}},{"type":"Feature","geometry":{"type":"Point","coordinates":[19.878034,50.081118]},"properties":{"line":"948","mode":"bus","color":"#0059a9","colorDark":"#00294f","band":0,"off":[6,5.6]}},{"type":"Feature","geometry":{"type":"Point","coordinates":[19.89241,50.086934]},"properties":{"line":"120","mode":"bus","color":"#0059a9","colorDark":"#00294f","band":0,"off":[-6,1.1]}},{"type":"Feature","geometry":{"type":"Point","coordinates":[19.89241,50.086934]},"properties":{"line":"140","mode":"bus","color":"#0059a9","colorDark":"#00294f","band":0,"off":[-3,1.1]}},{"type":"Feature","geometry":{"type":"Point","coordinates":[19.89241,50.086934]},"properties":{"line":"238","mode":"bus","color":"#0059a9","colorDark":"#00294f","band":0,"off":[0,1.1]}},{"type":"Feature","geometry":{"type":"Point","coordinates":[19.89241,50.086934]},"properties":{"line":"248","mode":"bus","color":"#0059a9","colorDark":"#00294f","band":0,"off":[3,1.1]}},{"type":"Feature","geometry":{"type":"Point","coordinates":[19.89241,50.086934]},"properties":{"line":"258","mode":"bus","color":"#0059a9","colorDark":"#00294f","band":0,"off":[6,1.1]}},{"type":"Feature","geometry":{"type":"Point","coordinates":[19.89241,50.086934]},"properties":{"line":"268","mode":"bus","color":"#0059a9","colorDark":"#00294f","band":0,"off":[-4.5,2.6]}},{"type":"Feature","geometry":{"type":"Point","coordinates":[19.89241,50.086934]},"properties":{"line":"278","mode":"bus","color":"#0059a9","colorDark":"#00294f","band":0,"off":[-1.5,2.6]}},{"type":"Feature","geometry":{"type":"Point","coordinates":[19.89241,50.086934]},"properties":{"line":"288","mode":"bus","color":"#0059a9","colorDark":"#00294f","band":0,"off":[1.5,2.6]}},{"type":"Feature","geometry":{"type":"Point","coordinates":[19.89241,50.086934]},"properties":{"line":"948","mode":"bus","color":"#0059a9","colorDark":"#00294f","band":0,"off":[4.5,2.6]}},{"type":"Feature","geometry":{"type":"Point","coordinates":[19.911619,49.995364]},"properties":{"line":"121","mode":"bus","color":"#0059a9","colorDark":"#00294f","band":0,"off":[0,1.1]}},{"type":"Feature","geometry":{"type":"Point","coordinates":[19.926645,50.011341]},"properties":{"line":"121","mode":"bus","color":"#0059a9","colorDark":"#00294f","band":0,"off":[-6,1.1]}},{"type":"Feature","geometry":{"type":"Point","coordinates":[19.926645,50.011341]},"properties":{"line":"151","mode":"bus","color":"#0059a9","colorDark":"#00294f","band":0,"off":[-3,1.1]}},{"type":"Feature","geometry":{"type":"Point","coordinates":[19.926645,50.011341]},"properties":{"line":"175","mode":"bus","color":"#0059a9","colorDark":"#00294f","band":0,"off":[0,1.1]}},{"type":"Feature","geometry":{"type":"Point","coordinates":[19.926645,50.011341]},"properties":{"line":"204","mode":"bus","color":"#0059a9","colorDark":"#00294f","band":0,"off":[3,1.1]}},{"type":"Feature","geometry":{"type":"Point","coordinates":[19.926645,50.011341]},"properties":{"line":"214","mode":"bus","color":"#0059a9","colorDark":"#00294f","band":0,"off":[6,1.1]}},{"type":"Feature","geometry":{"type":"Point","coordinates":[19.926645,50.011341]},"properties":{"line":"215","mode":"bus","color":"#0059a9","colorDark":"#00294f","band":0,"off":[-6,2.6]}},{"type":"Feature","geometry":{"type":"Point","coordinates":[19.926645,50.011341]},"properties":{"line":"225","mode":"bus","color":"#0059a9","colorDark":"#00294f","band":0,"off":[-3,2.6]}},{"type":"Feature","geometry":{"type":"Point","coordinates":[19.926645,50.011341]},"properties":{"line":"235","mode":"bus","color":"#0059a9","colorDark":"#00294f","band":0,"off":[0,2.6]}},{"type":"Feature","geometry":{"type":"Point","coordinates":[19.926645,50.011341]},"properties":{"line":"243","mode":"bus","color":"#0059a9","colorDark":"#00294f","band":0,"off":[3,2.6]}},{"type":"Feature","geometry":{"type":"Point","coordinates":[19.926645,50.011341]},"properties":{"line":"245","mode":"bus","color":"#0059a9","colorDark":"#00294f","band":0,"off":[6,2.6]}},{"type":"Feature","geometry":{"type":"Point","coordinates":[19.926645,50.011341]},"properties":{"line":"254","mode":"bus","color":"#0059a9","colorDark":"#00294f","band":0,"off":[-6,4.1]}},{"type":"Feature","geometry":{"type":"Point","coordinates":[19.926645,50.011341]},"properties":{"line":"255","mode":"bus","color":"#0059a9","colorDark":"#00294f","band":0,"off":[-3,4.1]}},{"type":"Feature","geometry":{"type":"Point","coordinates":[19.926645,50.011341]},"properties":{"line":"265","mode":"bus","color":"#0059a9","colorDark":"#00294f","band":0,"off":[0,4.1]}},{"type":"Feature","geometry":{"type":"Point","coordinates":[19.926645,50.011341]},"properties":{"line":"275","mode":"bus","color":"#0059a9","colorDark":"#00294f","band":0,"off":[3,4.1]}},{"type":"Feature","geometry":{"type":"Point","coordinates":[19.926645,50.011341]},"properties":{"line":"285","mode":"bus","color":"#0059a9","colorDark":"#00294f","band":0,"off":[6,4.1]}},{"type":"Feature","geometry":{"type":"Point","coordinates":[19.926645,50.011341]},"properties":{"line":"293","mode":"bus","color":"#0059a9","colorDark":"#00294f","band":0,"off":[-3,5.6]}},{"type":"Feature","geometry":{"type":"Point","coordinates":[19.926645,50.011341]},"properties":{"line":"475","mode":"bus","color":"#0059a9","colorDark":"#00294f","band":0,"off":[0,5.6]}},{"type":"Feature","geometry":{"type":"Point","coordinates":[19.926645,50.011341]},"properties":{"line":"610","mode":"bus","color":"#0059a9","colorDark":"#00294f","band":0,"off":[3,5.6]}},{"type":"Feature","geometry":{"type":"Point","coordinates":[20.043855,50.106217]},"properties":{"line":"122","mode":"bus","color":"#0059a9","colorDark":"#00294f","band":0,"off":[0,1.1]}},{"type":"Feature","geometry":{"type":"Point","coordinates":[20.033993,50.075238]},"properties":{"line":"122","mode":"bus","color":"#0059a9","colorDark":"#00294f","band":0,"off":[-1.5,1.1]}},{"type":"Feature","geometry":{"type":"Point","coordinates":[20.033993,50.075238]},"properties":{"line":"160","mode":"bus","color":"#0059a9","colorDark":"#00294f","band":0,"off":[1.5,1.1]}},{"type":"Feature","geometry":{"type":"Point","coordinates":[20.027066,50.090639]},"properties":{"line":"9","mode":"tram","color":"#d6212b","colorDark":"#7c1116","band":0,"off":[-6,1.1]}},{"type":"Feature","geometry":{"type":"Point","coordinates":[20.027066,50.090639]},"properties":{"line":"14","mode":"tram","color":"#d6212b","colorDark":"#7c1116","band":0,"off":[-3,1.1]}},{"type":"Feature","geometry":{"type":"Point","coordinates":[20.027066,50.090639]},"properties":{"line":"16","mode":"tram","color":"#d6212b","colorDark":"#7c1116","band":0,"off":[0,1.1]}},{"type":"Feature","geometry":{"type":"Point","coordinates":[20.027066,50.090639]},"properties":{"line":"21","mode":"tram","color":"#d6212b","colorDark":"#7c1116","band":0,"off":[3,1.1]}},{"type":"Feature","geometry":{"type":"Point","coordinates":[20.027066,50.090639]},"properties":{"line":"52","mode":"tram","color":"#d6212b","colorDark":"#7c1116","band":0,"off":[6,1.1]}},{"type":"Feature","geometry":{"type":"Point","coordinates":[20.027066,50.090639]},"properties":{"line":"122","mode":"bus","color":"#0059a9","colorDark":"#00294f","band":0,"off":[-4.5,2.6]}},{"type":"Feature","geometry":{"type":"Point","coordinates":[20.027066,50.090639]},"properties":{"line":"138","mode":"bus","color":"#0059a9","colorDark":"#00294f","band":0,"off":[-1.5,2.6]}},{"type":"Feature","geometry":{"type":"Point","coordinates":[20.027066,50.090639]},"properties":{"line":"601","mode":"bus","color":"#0059a9","colorDark":"#00294f","band":0,"off":[1.5,2.6]}},{"type":"Feature","geometry":{"type":"Point","coordinates":[20.027066,50.090639]},"properties":{"line":"608","mode":"bus","color":"#0059a9","colorDark":"#00294f","band":0,"off":[4.5,2.6]}},{"type":"Feature","geometry":{"type":"Point","coordinates":[19.995788,50.095337]},"properties":{"line":"14","mode":"tram","color":"#d6212b","colorDark":"#7c1116","band":0,"off":[-4.5,1.1]}},{"type":"Feature","geometry":{"type":"Point","coordinates":[19.995788,50.095337]},"properties":{"line":"16","mode":"tram","color":"#d6212b","colorDark":"#7c1116","band":0,"off":[-1.5,1.1]}},{"type":"Feature","geometry":{"type":"Point","coordinates":[19.995788,50.095337]},"properties":{"line":"123","mode":"bus","color":"#0059a9","colorDark":"#00294f","band":0,"off":[1.5,1.1]}},{"type":"Feature","geometry":{"type":"Point","coordinates":[19.995788,50.095337]},"properties":{"line":"482","mode":"bus","color":"#0059a9","colorDark":"#00294f","band":0,"off":[4.5,1.1]}},{"type":"Feature","geometry":{"type":"Point","coordinates":[20.001148,50.040149]},"properties":{"line":"11","mode":"tram","color":"#d6212b","colorDark":"#7c1116","band":0,"off":[-6,1.1]}},{"type":"Feature","geometry":{"type":"Point","coordinates":[20.001148,50.040149]},"properties":{"line":"20","mode":"tram","color":"#d6212b","colorDark":"#7c1116","band":0,"off":[-3,1.1]}},{"type":"Feature","geometry":{"type":"Point","coordinates":[20.001148,50.040149]},"properties":{"line":"76","mode":"tram","color":"#d6212b","colorDark":"#7c1116","band":0,"off":[0,1.1]}},{"type":"Feature","geometry":{"type":"Point","coordinates":[20.001148,50.040149]},"properties":{"line":"123","mode":"bus","color":"#0059a9","colorDark":"#00294f","band":0,"off":[3,1.1]}},{"type":"Feature","geometry":{"type":"Point","coordinates":[20.001148,50.040149]},"properties":{"line":"195","mode":"bus","color":"#0059a9","colorDark":"#00294f","band":0,"off":[6,1.1]}},{"type":"Feature","geometry":{"type":"Point","coordinates":[20.001148,50.040149]},"properties":{"line":"221","mode":"bus","color":"#0059a9","colorDark":"#00294f","band":0,"off":[-1.5,2.6]}},{"type":"Feature","geometry":{"type":"Point","coordinates":[20.001148,50.040149]},"properties":{"line":"264","mode":"bus","color":"#0059a9","colorDark":"#00294f","band":0,"off":[1.5,2.6]}},{"type":"Feature","geometry":{"type":"Point","coordinates":[20.045374,50.054047]},"properties":{"line":"123","mode":"bus","color":"#0059a9","colorDark":"#00294f","band":0,"off":[-1.5,1.1]}},{"type":"Feature","geometry":{"type":"Point","coordinates":[20.045374,50.054047]},"properties":{"line":"149","mode":"bus","color":"#0059a9","colorDark":"#00294f","band":0,"off":[1.5,1.1]}},{"type":"Feature","geometry":{"type":"Point","coordinates":[19.983885,50.07199]},"properties":{"line":"49","mode":"tram","color":"#d6212b","colorDark":"#7c1116","band":0,"off":[-3,1.1]}},{"type":"Feature","geometry":{"type":"Point","coordinates":[19.983885,50.07199]},"properties":{"line":"124","mode":"bus","color":"#0059a9","colorDark":"#00294f","band":0,"off":[0,1.1]}},{"type":"Feature","geometry":{"type":"Point","coordinates":[19.983885,50.07199]},"properties":{"line":"128","mode":"bus","color":"#0059a9","colorDark":"#00294f","band":0,"off":[3,1.1]}},{"type":"Feature","geometry":{"type":"Point","coordinates":[19.944201,50.064876]},"properties":{"line":"124","mode":"bus","color":"#0059a9","colorDark":"#00294f","band":0,"off":[-6,1.1]}},{"type":"Feature","geometry":{"type":"Point","coordinates":[19.944201,50.064876]},"properties":{"line":"424","mode":"bus","color":"#0059a9","colorDark":"#00294f","band":0,"off":[-3,1.1]}},{"type":"Feature","geometry":{"type":"Point","coordinates":[19.944201,50.064876]},"properties":{"line":"601","mode":"bus","color":"#0059a9","colorDark":"#00294f","band":0,"off":[0,1.1]}},{"type":"Feature","geometry":{"type":"Point","coordinates":[19.944201,50.064876]},"properties":{"line":"605","mode":"bus","color":"#0059a9","colorDark":"#00294f","band":0,"off":[3,1.1]}},{"type":"Feature","geometry":{"type":"Point","coordinates":[19.944201,50.064876]},"properties":{"line":"608","mode":"bus","color":"#0059a9","colorDark":"#00294f","band":0,"off":[6,1.1]}},{"type":"Feature","geometry":{"type":"Point","coordinates":[19.944201,50.064876]},"properties":{"line":"610","mode":"bus","color":"#0059a9","colorDark":"#00294f","band":0,"off":[-6,2.6]}},{"type":"Feature","geometry":{"type":"Point","coordinates":[19.944201,50.064876]},"properties":{"line":"611","mode":"bus","color":"#0059a9","colorDark":"#00294f","band":0,"off":[-3,2.6]}},{"type":"Feature","geometry":{"type":"Point","coordinates":[19.944201,50.064876]},"properties":{"line":"664","mode":"bus","color":"#0059a9","colorDark":"#00294f","band":0,"off":[0,2.6]}},{"type":"Feature","geometry":{"type":"Point","coordinates":[19.944201,50.064876]},"properties":{"line":"704","mode":"bus","color":"#0059a9","colorDark":"#00294f","band":0,"off":[3,2.6]}},{"type":"Feature","geometry":{"type":"Point","coordinates":[19.944201,50.064876]},"properties":{"line":"902","mode":"bus","color":"#0059a9","colorDark":"#00294f","band":0,"off":[6,2.6]}},{"type":"Feature","geometry":{"type":"Point","coordinates":[19.944201,50.064876]},"properties":{"line":"904","mode":"bus","color":"#0059a9","colorDark":"#00294f","band":0,"off":[0,4.1]}},{"type":"Feature","geometry":{"type":"Point","coordinates":[20.051306,50.021807]},"properties":{"line":"125","mode":"bus","color":"#0059a9","colorDark":"#00294f","band":0,"off":[-1.5,1.1]}},{"type":"Feature","geometry":{"type":"Point","coordinates":[20.051306,50.021807]},"properties":{"line":"605","mode":"bus","color":"#0059a9","colorDark":"#00294f","band":0,"off":[1.5,1.1]}},{"type":"Feature","geometry":{"type":"Point","coordinates":[19.962876,50.042123]},"properties":{"line":"127","mode":"bus","color":"#0059a9","colorDark":"#00294f","band":0,"off":[-6,1.1]}},{"type":"Feature","geometry":{"type":"Point","coordinates":[19.962876,50.042123]},"properties":{"line":"155","mode":"bus","color":"#0059a9","colorDark":"#00294f","band":0,"off":[-3,1.1]}},{"type":"Feature","geometry":{"type":"Point","coordinates":[19.962876,50.042123]},"properties":{"line":"158","mode":"bus","color":"#0059a9","colorDark":"#00294f","band":0,"off":[0,1.1]}},{"type":"Feature","geometry":{"type":"Point","coordinates":[19.962876,50.042123]},"properties":{"line":"427","mode":"bus","color":"#0059a9","colorDark":"#00294f","band":0,"off":[3,1.1]}},{"type":"Feature","geometry":{"type":"Point","coordinates":[19.962876,50.042123]},"properties":{"line":"497","mode":"bus","color":"#0059a9","colorDark":"#00294f","band":0,"off":[6,1.1]}},{"type":"Feature","geometry":{"type":"Point","coordinates":[19.997426,50.033611]},"properties":{"line":"127","mode":"bus","color":"#0059a9","colorDark":"#00294f","band":0,"off":[-3,1.1]}},{"type":"Feature","geometry":{"type":"Point","coordinates":[19.997426,50.033611]},"properties":{"line":"427","mode":"bus","color":"#0059a9","colorDark":"#00294f","band":0,"off":[0,1.1]}},{"type":"Feature","geometry":{"type":"Point","coordinates":[19.997426,50.033611]},"properties":{"line":"497","mode":"bus","color":"#0059a9","colorDark":"#00294f","band":0,"off":[3,1.1]}},{"type":"Feature","geometry":{"type":"Point","coordinates":[20.011679,50.035491]},"properties":{"line":"128","mode":"bus","color":"#0059a9","colorDark":"#00294f","band":0,"off":[-4.5,1.1]}},{"type":"Feature","geometry":{"type":"Point","coordinates":[20.011679,50.035491]},"properties":{"line":"148","mode":"bus","color":"#0059a9","colorDark":"#00294f","band":0,"off":[-1.5,1.1]}},{"type":"Feature","geometry":{"type":"Point","coordinates":[20.011679,50.035491]},"properties":{"line":"158","mode":"bus","color":"#0059a9","colorDark":"#00294f","band":0,"off":[1.5,1.1]}},{"type":"Feature","geometry":{"type":"Point","coordinates":[20.011679,50.035491]},"properties":{"line":"605","mode":"bus","color":"#0059a9","colorDark":"#00294f","band":0,"off":[4.5,1.1]}},{"type":"Feature","geometry":{"type":"Point","coordinates":[19.963066,50.104982]},"properties":{"line":"18","mode":"tram","color":"#d6212b","colorDark":"#7c1116","band":0,"off":[-6,1.1]}},{"type":"Feature","geometry":{"type":"Point","coordinates":[19.963066,50.104982]},"properties":{"line":"50","mode":"tram","color":"#d6212b","colorDark":"#7c1116","band":0,"off":[-3,1.1]}},{"type":"Feature","geometry":{"type":"Point","coordinates":[19.963066,50.104982]},"properties":{"line":"69","mode":"tram","color":"#d6212b","colorDark":"#7c1116","band":0,"off":[0,1.1]}},{"type":"Feature","geometry":{"type":"Point","coordinates":[19.963066,50.104982]},"properties":{"line":"75","mode":"tram","color":"#d6212b","colorDark":"#7c1116","band":0,"off":[3,1.1]}},{"type":"Feature","geometry":{"type":"Point","coordinates":[19.963066,50.104982]},"properties":{"line":"128","mode":"bus","color":"#0059a9","colorDark":"#00294f","band":0,"off":[6,1.1]}},{"type":"Feature","geometry":{"type":"Point","coordinates":[19.963066,50.104982]},"properties":{"line":"169","mode":"bus","color":"#0059a9","colorDark":"#00294f","band":0,"off":[-6,2.6]}},{"type":"Feature","geometry":{"type":"Point","coordinates":[19.963066,50.104982]},"properties":{"line":"217","mode":"bus","color":"#0059a9","colorDark":"#00294f","band":0,"off":[-3,2.6]}},{"type":"Feature","geometry":{"type":"Point","coordinates":[19.963066,50.104982]},"properties":{"line":"247","mode":"bus","color":"#0059a9","colorDark":"#00294f","band":0,"off":[0,2.6]}},{"type":"Feature","geometry":{"type":"Point","coordinates":[19.963066,50.104982]},"properties":{"line":"257","mode":"bus","color":"#0059a9","colorDark":"#00294f","band":0,"off":[3,2.6]}},{"type":"Feature","geometry":{"type":"Point","coordinates":[19.963066,50.104982]},"properties":{"line":"277","mode":"bus","color":"#0059a9","colorDark":"#00294f","band":0,"off":[6,2.6]}},{"type":"Feature","geometry":{"type":"Point","coordinates":[19.963066,50.104982]},"properties":{"line":"280","mode":"bus","color":"#0059a9","colorDark":"#00294f","band":0,"off":[-6,4.1]}},{"type":"Feature","geometry":{"type":"Point","coordinates":[19.963066,50.104982]},"properties":{"line":"297","mode":"bus","color":"#0059a9","colorDark":"#00294f","band":0,"off":[-3,4.1]}},{"type":"Feature","geometry":{"type":"Point","coordinates":[19.963066,50.104982]},"properties":{"line":"469","mode":"bus","color":"#0059a9","colorDark":"#00294f","band":0,"off":[0,4.1]}},{"type":"Feature","geometry":{"type":"Point","coordinates":[19.963066,50.104982]},"properties":{"line":"503","mode":"bus","color":"#0059a9","colorDark":"#00294f","band":0,"off":[3,4.1]}},{"type":"Feature","geometry":{"type":"Point","coordinates":[19.963066,50.104982]},"properties":{"line":"669","mode":"bus","color":"#0059a9","colorDark":"#00294f","band":0,"off":[6,4.1]}},{"type":"Feature","geometry":{"type":"Point","coordinates":[19.963066,50.104982]},"properties":{"line":"917","mode":"bus","color":"#0059a9","colorDark":"#00294f","band":0,"off":[0,5.6]}},{"type":"Feature","geometry":{"type":"Point","coordinates":[19.908847,50.086785]},"properties":{"line":"130","mode":"bus","color":"#0059a9","colorDark":"#00294f","band":0,"off":[-6,1.1]}},{"type":"Feature","geometry":{"type":"Point","coordinates":[19.908847,50.086785]},"properties":{"line":"138","mode":"bus","color":"#0059a9","colorDark":"#00294f","band":0,"off":[-3,1.1]}},{"type":"Feature","geometry":{"type":"Point","coordinates":[19.908847,50.086785]},"properties":{"line":"140","mode":"bus","color":"#0059a9","colorDark":"#00294f","band":0,"off":[0,1.1]}},{"type":"Feature","geometry":{"type":"Point","coordinates":[19.908847,50.086785]},"properties":{"line":"168","mode":"bus","color":"#0059a9","colorDark":"#00294f","band":0,"off":[3,1.1]}},{"type":"Feature","geometry":{"type":"Point","coordinates":[19.908847,50.086785]},"properties":{"line":"173","mode":"bus","color":"#0059a9","colorDark":"#00294f","band":0,"off":[6,1.1]}},{"type":"Feature","geometry":{"type":"Point","coordinates":[19.908847,50.086785]},"properties":{"line":"494","mode":"bus","color":"#0059a9","colorDark":"#00294f","band":0,"off":[-1.5,2.6]}},{"type":"Feature","geometry":{"type":"Point","coordinates":[19.908847,50.086785]},"properties":{"line":"904","mode":"bus","color":"#0059a9","colorDark":"#00294f","band":0,"off":[1.5,2.6]}},{"type":"Feature","geometry":{"type":"Point","coordinates":[20.06652,50.078572]},"properties":{"line":"132","mode":"bus","color":"#0059a9","colorDark":"#00294f","band":0,"off":[-6,1.1]}},{"type":"Feature","geometry":{"type":"Point","coordinates":[20.06652,50.078572]},"properties":{"line":"138","mode":"bus","color":"#0059a9","colorDark":"#00294f","band":0,"off":[-3,1.1]}},{"type":"Feature","geometry":{"type":"Point","coordinates":[20.06652,50.078572]},"properties":{"line":"139","mode":"bus","color":"#0059a9","colorDark":"#00294f","band":0,"off":[0,1.1]}},{"type":"Feature","geometry":{"type":"Point","coordinates":[20.06652,50.078572]},"properties":{"line":"174","mode":"bus","color":"#0059a9","colorDark":"#00294f","band":0,"off":[3,1.1]}},{"type":"Feature","geometry":{"type":"Point","coordinates":[20.06652,50.078572]},"properties":{"line":"242","mode":"bus","color":"#0059a9","colorDark":"#00294f","band":0,"off":[6,1.1]}},{"type":"Feature","geometry":{"type":"Point","coordinates":[20.06652,50.078572]},"properties":{"line":"272","mode":"bus","color":"#0059a9","colorDark":"#00294f","band":0,"off":[-1.5,2.6]}},{"type":"Feature","geometry":{"type":"Point","coordinates":[20.06652,50.078572]},"properties":{"line":"463","mode":"bus","color":"#0059a9","colorDark":"#00294f","band":0,"off":[1.5,2.6]}},{"type":"Feature","geometry":{"type":"Point","coordinates":[19.855382,50.055083]},"properties":{"line":"134","mode":"bus","color":"#0059a9","colorDark":"#00294f","band":0,"off":[-1.5,1.1]}},{"type":"Feature","geometry":{"type":"Point","coordinates":[19.855382,50.055083]},"properties":{"line":"434","mode":"bus","color":"#0059a9","colorDark":"#00294f","band":0,"off":[1.5,1.1]}},{"type":"Feature","geometry":{"type":"Point","coordinates":[19.92259,50.058487]},"properties":{"line":"134","mode":"bus","color":"#0059a9","colorDark":"#00294f","band":0,"off":[-1.5,1.1]}},{"type":"Feature","geometry":{"type":"Point","coordinates":[19.92259,50.058487]},"properties":{"line":"307","mode":"bus","color":"#0059a9","colorDark":"#00294f","band":0,"off":[1.5,1.1]}},{"type":"Feature","geometry":{"type":"Point","coordinates":[19.862337,50.059104]},"properties":{"line":"134","mode":"bus","color":"#0059a9","colorDark":"#00294f","band":0,"off":[-1.5,1.1]}},{"type":"Feature","geometry":{"type":"Point","coordinates":[19.862337,50.059104]},"properties":{"line":"434","mode":"bus","color":"#0059a9","colorDark":"#00294f","band":0,"off":[1.5,1.1]}},{"type":"Feature","geometry":{"type":"Point","coordinates":[19.964453,50.099858]},"properties":{"line":"137","mode":"bus","color":"#0059a9","colorDark":"#00294f","band":0,"off":[-4.5,1.1]}},{"type":"Feature","geometry":{"type":"Point","coordinates":[19.964453,50.099858]},"properties":{"line":"169","mode":"bus","color":"#0059a9","colorDark":"#00294f","band":0,"off":[-1.5,1.1]}},{"type":"Feature","geometry":{"type":"Point","coordinates":[19.964453,50.099858]},"properties":{"line":"469","mode":"bus","color":"#0059a9","colorDark":"#00294f","band":0,"off":[1.5,1.1]}},{"type":"Feature","geometry":{"type":"Point","coordinates":[19.964453,50.099858]},"properties":{"line":"503","mode":"bus","color":"#0059a9","colorDark":"#00294f","band":0,"off":[4.5,1.1]}},{"type":"Feature","geometry":{"type":"Point","coordinates":[19.899012,50.070695]},"properties":{"line":"139","mode":"bus","color":"#0059a9","colorDark":"#00294f","band":0,"off":[-6,1.1]}},{"type":"Feature","geometry":{"type":"Point","coordinates":[19.899012,50.070695]},"properties":{"line":"164","mode":"bus","color":"#0059a9","colorDark":"#00294f","band":0,"off":[-3,1.1]}},{"type":"Feature","geometry":{"type":"Point","coordinates":[19.899012,50.070695]},"properties":{"line":"173","mode":"bus","color":"#0059a9","colorDark":"#00294f","band":0,"off":[0,1.1]}},{"type":"Feature","geometry":{"type":"Point","coordinates":[19.899012,50.070695]},"properties":{"line":"199","mode":"bus","color":"#0059a9","colorDark":"#00294f","band":0,"off":[3,1.1]}},{"type":"Feature","geometry":{"type":"Point","coordinates":[19.899012,50.070695]},"properties":{"line":"310","mode":"bus","color":"#0059a9","colorDark":"#00294f","band":0,"off":[6,1.1]}},{"type":"Feature","geometry":{"type":"Point","coordinates":[19.899012,50.070695]},"properties":{"line":"511","mode":"bus","color":"#0059a9","colorDark":"#00294f","band":0,"off":[-3,2.6]}},{"type":"Feature","geometry":{"type":"Point","coordinates":[19.899012,50.070695]},"properties":{"line":"601","mode":"bus","color":"#0059a9","colorDark":"#00294f","band":0,"off":[0,2.6]}},{"type":"Feature","geometry":{"type":"Point","coordinates":[19.899012,50.070695]},"properties":{"line":"611","mode":"bus","color":"#0059a9","colorDark":"#00294f","band":0,"off":[3,2.6]}},{"type":"Feature","geometry":{"type":"Point","coordinates":[20.011009,50.006305]},"properties":{"line":"144","mode":"bus","color":"#0059a9","colorDark":"#00294f","band":0,"off":[-1.5,1.1]}},{"type":"Feature","geometry":{"type":"Point","coordinates":[20.011009,50.006305]},"properties":{"line":"195","mode":"bus","color":"#0059a9","colorDark":"#00294f","band":0,"off":[1.5,1.1]}},{"type":"Feature","geometry":{"type":"Point","coordinates":[19.930286,50.096264]},"properties":{"line":"144","mode":"bus","color":"#0059a9","colorDark":"#00294f","band":0,"off":[-1.5,1.1]}},{"type":"Feature","geometry":{"type":"Point","coordinates":[19.930286,50.096264]},"properties":{"line":"904","mode":"bus","color":"#0059a9","colorDark":"#00294f","band":0,"off":[1.5,1.1]}},{"type":"Feature","geometry":{"type":"Point","coordinates":[20.015237,50.075143]},"properties":{"line":"148","mode":"bus","color":"#0059a9","colorDark":"#00294f","band":0,"off":[-6,1.1]}},{"type":"Feature","geometry":{"type":"Point","coordinates":[20.015237,50.075143]},"properties":{"line":"202","mode":"bus","color":"#0059a9","colorDark":"#00294f","band":0,"off":[-3,1.1]}},{"type":"Feature","geometry":{"type":"Point","coordinates":[20.015237,50.075143]},"properties":{"line":"212","mode":"bus","color":"#0059a9","colorDark":"#00294f","band":0,"off":[0,1.1]}},{"type":"Feature","geometry":{"type":"Point","coordinates":[20.015237,50.075143]},"properties":{"line":"222","mode":"bus","color":"#0059a9","colorDark":"#00294f","band":0,"off":[3,1.1]}},{"type":"Feature","geometry":{"type":"Point","coordinates":[20.015237,50.075143]},"properties":{"line":"232","mode":"bus","color":"#0059a9","colorDark":"#00294f","band":0,"off":[6,1.1]}},{"type":"Feature","geometry":{"type":"Point","coordinates":[20.015237,50.075143]},"properties":{"line":"262","mode":"bus","color":"#0059a9","colorDark":"#00294f","band":0,"off":[-1.5,2.6]}},{"type":"Feature","geometry":{"type":"Point","coordinates":[20.015237,50.075143]},"properties":{"line":"611","mode":"bus","color":"#0059a9","colorDark":"#00294f","band":0,"off":[1.5,2.6]}},{"type":"Feature","geometry":{"type":"Point","coordinates":[20.064061,50.099456]},"properties":{"line":"149","mode":"bus","color":"#0059a9","colorDark":"#00294f","band":0,"off":[0,1.1]}},{"type":"Feature","geometry":{"type":"Point","coordinates":[19.897641,50.095021]},"properties":{"line":"150","mode":"bus","color":"#0059a9","colorDark":"#00294f","band":0,"off":[-1.5,1.1]}},{"type":"Feature","geometry":{"type":"Point","coordinates":[19.897641,50.095021]},"properties":{"line":"240","mode":"bus","color":"#0059a9","colorDark":"#00294f","band":0,"off":[1.5,1.1]}},{"type":"Feature","geometry":{"type":"Point","coordinates":[20.003626,50.009332]},"properties":{"line":"153","mode":"bus","color":"#0059a9","colorDark":"#00294f","band":0,"off":[-1.5,1.1]}},{"type":"Feature","geometry":{"type":"Point","coordinates":[20.003626,50.009332]},"properties":{"line":"513","mode":"bus","color":"#0059a9","colorDark":"#00294f","band":0,"off":[1.5,1.1]}},{"type":"Feature","geometry":{"type":"Point","coordinates":[20.052867,50.008398]},"properties":{"line":"153","mode":"bus","color":"#0059a9","colorDark":"#00294f","band":0,"off":[-1.5,1.1]}},{"type":"Feature","geometry":{"type":"Point","coordinates":[20.052867,50.008398]},"properties":{"line":"284","mode":"bus","color":"#0059a9","colorDark":"#00294f","band":0,"off":[1.5,1.1]}},{"type":"Feature","geometry":{"type":"Point","coordinates":[20.023092,50.01539]},"properties":{"line":"3","mode":"tram","color":"#d6212b","colorDark":"#7c1116","band":0,"off":[-6,1.1]}},{"type":"Feature","geometry":{"type":"Point","coordinates":[20.023092,50.01539]},"properties":{"line":"9","mode":"tram","color":"#d6212b","colorDark":"#7c1116","band":0,"off":[-3,1.1]}},{"type":"Feature","geometry":{"type":"Point","coordinates":[20.023092,50.01539]},"properties":{"line":"13","mode":"tram","color":"#d6212b","colorDark":"#7c1116","band":0,"off":[0,1.1]}},{"type":"Feature","geometry":{"type":"Point","coordinates":[20.023092,50.01539]},"properties":{"line":"49","mode":"tram","color":"#d6212b","colorDark":"#7c1116","band":0,"off":[3,1.1]}},{"type":"Feature","geometry":{"type":"Point","coordinates":[20.023092,50.01539]},"properties":{"line":"69","mode":"tram","color":"#d6212b","colorDark":"#7c1116","band":0,"off":[6,1.1]}},{"type":"Feature","geometry":{"type":"Point","coordinates":[20.023092,50.01539]},"properties":{"line":"153","mode":"bus","color":"#0059a9","colorDark":"#00294f","band":0,"off":[-6,2.6]}},{"type":"Feature","geometry":{"type":"Point","coordinates":[20.023092,50.01539]},"properties":{"line":"195","mode":"bus","color":"#0059a9","colorDark":"#00294f","band":0,"off":[-3,2.6]}},{"type":"Feature","geometry":{"type":"Point","coordinates":[20.023092,50.01539]},"properties":{"line":"234","mode":"bus","color":"#0059a9","colorDark":"#00294f","band":0,"off":[0,2.6]}},{"type":"Feature","geometry":{"type":"Point","coordinates":[20.023092,50.01539]},"properties":{"line":"284","mode":"bus","color":"#0059a9","colorDark":"#00294f","band":0,"off":[3,2.6]}},{"type":"Feature","geometry":{"type":"Point","coordinates":[20.023092,50.01539]},"properties":{"line":"669","mode":"bus","color":"#0059a9","colorDark":"#00294f","band":0,"off":[6,2.6]}},{"type":"Feature","geometry":{"type":"Point","coordinates":[20.060018,50.047632]},"properties":{"line":"158","mode":"bus","color":"#0059a9","colorDark":"#00294f","band":0,"off":[0,1.1]}},{"type":"Feature","geometry":{"type":"Point","coordinates":[19.844449,50.006404]},"properties":{"line":"162","mode":"bus","color":"#0059a9","colorDark":"#00294f","band":0,"off":[0,1.1]}},{"type":"Feature","geometry":{"type":"Point","coordinates":[19.970086,50.015255]},"properties":{"line":"164","mode":"bus","color":"#0059a9","colorDark":"#00294f","band":0,"off":[-4.5,1.1]}},{"type":"Feature","geometry":{"type":"Point","coordinates":[19.970086,50.015255]},"properties":{"line":"204","mode":"bus","color":"#0059a9","colorDark":"#00294f","band":0,"off":[-1.5,1.1]}},{"type":"Feature","geometry":{"type":"Point","coordinates":[19.970086,50.015255]},"properties":{"line":"224","mode":"bus","color":"#0059a9","colorDark":"#00294f","band":0,"off":[1.5,1.1]}},{"type":"Feature","geometry":{"type":"Point","coordinates":[19.970086,50.015255]},"properties":{"line":"904","mode":"bus","color":"#0059a9","colorDark":"#00294f","band":0,"off":[4.5,1.1]}},{"type":"Feature","geometry":{"type":"Point","coordinates":[19.840192,50.090889]},"properties":{"line":"164","mode":"bus","color":"#0059a9","colorDark":"#00294f","band":0,"off":[-3,1.1]}},{"type":"Feature","geometry":{"type":"Point","coordinates":[19.840192,50.090889]},"properties":{"line":"199","mode":"bus","color":"#0059a9","colorDark":"#00294f","band":0,"off":[0,1.1]}},{"type":"Feature","geometry":{"type":"Point","coordinates":[19.840192,50.090889]},"properties":{"line":"601","mode":"bus","color":"#0059a9","colorDark":"#00294f","band":0,"off":[3,1.1]}},{"type":"Feature","geometry":{"type":"Point","coordinates":[19.897204,50.093298]},"properties":{"line":"168","mode":"bus","color":"#0059a9","colorDark":"#00294f","band":0,"off":[-1.5,1.1]}},{"type":"Feature","geometry":{"type":"Point","coordinates":[19.897204,50.093298]},"properties":{"line":"240","mode":"bus","color":"#0059a9","colorDark":"#00294f","band":0,"off":[1.5,1.1]}},{"type":"Feature","geometry":{"type":"Point","coordinates":[20.189654,50.113617]},"properties":{"line":"171","mode":"bus","color":"#0059a9","colorDark":"#00294f","band":0,"off":[-1.5,1.1]}},{"type":"Feature","geometry":{"type":"Point","coordinates":[20.189654,50.113617]},"properties":{"line":"271","mode":"bus","color":"#0059a9","colorDark":"#00294f","band":0,"off":[1.5,1.1]}},{"type":"Feature","geometry":{"type":"Point","coordinates":[20.015548,50.012676]},"properties":{"line":"173","mode":"bus","color":"#0059a9","colorDark":"#00294f","band":0,"off":[-6,1.1]}},{"type":"Feature","geometry":{"type":"Point","coordinates":[20.015548,50.012676]},"properties":{"line":"234","mode":"bus","color":"#0059a9","colorDark":"#00294f","band":0,"off":[-3,1.1]}},{"type":"Feature","geometry":{"type":"Point","coordinates":[20.015548,50.012676]},"properties":{"line":"244","mode":"bus","color":"#0059a9","colorDark":"#00294f","band":0,"off":[0,1.1]}},{"type":"Feature","geometry":{"type":"Point","coordinates":[20.015548,50.012676]},"properties":{"line":"274","mode":"bus","color":"#0059a9","colorDark":"#00294f","band":0,"off":[3,1.1]}},{"type":"Feature","geometry":{"type":"Point","coordinates":[20.015548,50.012676]},"properties":{"line":"284","mode":"bus","color":"#0059a9","colorDark":"#00294f","band":0,"off":[6,1.1]}},{"type":"Feature","geometry":{"type":"Point","coordinates":[20.015548,50.012676]},"properties":{"line":"503","mode":"bus","color":"#0059a9","colorDark":"#00294f","band":0,"off":[0,2.6]}},{"type":"Feature","geometry":{"type":"Point","coordinates":[19.960373,50.004485]},"properties":{"line":"174","mode":"bus","color":"#0059a9","colorDark":"#00294f","band":0,"off":[-1.5,1.1]}},{"type":"Feature","geometry":{"type":"Point","coordinates":[19.960373,50.004485]},"properties":{"line":"179","mode":"bus","color":"#0059a9","colorDark":"#00294f","band":0,"off":[1.5,1.1]}},{"type":"Feature","geometry":{"type":"Point","coordinates":[20.035572,50.071743]},"properties":{"line":"10","mode":"tram","color":"#d6212b","colorDark":"#7c1116","band":0,"off":[-6,1.1]}},{"type":"Feature","geometry":{"type":"Point","coordinates":[20.035572,50.071743]},"properties":{"line":"22","mode":"tram","color":"#d6212b","colorDark":"#7c1116","band":0,"off":[-3,1.1]}},{"type":"Feature","geometry":{"type":"Point","coordinates":[20.035572,50.071743]},"properties":{"line":"62","mode":"tram","color":"#d6212b","colorDark":"#7c1116","band":0,"off":[0,1.1]}},{"type":"Feature","geometry":{"type":"Point","coordinates":[20.035572,50.071743]},"properties":{"line":"74","mode":"tram","color":"#d6212b","colorDark":"#7c1116","band":0,"off":[3,1.1]}},{"type":"Feature","geometry":{"type":"Point","coordinates":[20.035572,50.071743]},"properties":{"line":"75","mode":"tram","color":"#d6212b","colorDark":"#7c1116","band":0,"off":[6,1.1]}},{"type":"Feature","geometry":{"type":"Point","coordinates":[20.035572,50.071743]},"properties":{"line":"174","mode":"bus","color":"#0059a9","colorDark":"#00294f","band":0,"off":[-3,2.6]}},{"type":"Feature","geometry":{"type":"Point","coordinates":[20.035572,50.071743]},"properties":{"line":"463","mode":"bus","color":"#0059a9","colorDark":"#00294f","band":0,"off":[0,2.6]}},{"type":"Feature","geometry":{"type":"Point","coordinates":[20.035572,50.071743]},"properties":{"line":"662","mode":"bus","color":"#0059a9","colorDark":"#00294f","band":0,"off":[3,2.6]}},{"type":"Feature","geometry":{"type":"Point","coordinates":[19.871982,49.988471]},"properties":{"line":"175","mode":"bus","color":"#0059a9","colorDark":"#00294f","band":0,"off":[-3,1.1]}},{"type":"Feature","geometry":{"type":"Point","coordinates":[19.871982,49.988471]},"properties":{"line":"233","mode":"bus","color":"#0059a9","colorDark":"#00294f","band":0,"off":[0,1.1]}},{"type":"Feature","geometry":{"type":"Point","coordinates":[19.871982,49.988471]},"properties":{"line":"475","mode":"bus","color":"#0059a9","colorDark":"#00294f","band":0,"off":[3,1.1]}},{"type":"Feature","geometry":{"type":"Point","coordinates":[19.867555,50.038703]},"properties":{"line":"176","mode":"bus","color":"#0059a9","colorDark":"#00294f","band":0,"off":[0,1.1]}},{"type":"Feature","geometry":{"type":"Point","coordinates":[20.050115,50.097851]},"properties":{"line":"180","mode":"bus","color":"#0059a9","colorDark":"#00294f","band":0,"off":[-4.5,1.1]}},{"type":"Feature","geometry":{"type":"Point","coordinates":[20.050115,50.097851]},"properties":{"line":"182","mode":"bus","color":"#0059a9","colorDark":"#00294f","band":0,"off":[-1.5,1.1]}},{"type":"Feature","geometry":{"type":"Point","coordinates":[20.050115,50.097851]},"properties":{"line":"511","mode":"bus","color":"#0059a9","colorDark":"#00294f","band":0,"off":[1.5,1.1]}},{"type":"Feature","geometry":{"type":"Point","coordinates":[20.050115,50.097851]},"properties":{"line":"608","mode":"bus","color":"#0059a9","colorDark":"#00294f","band":0,"off":[4.5,1.1]}},{"type":"Feature","geometry":{"type":"Point","coordinates":[20.073158,50.097325]},"properties":{"line":"180","mode":"bus","color":"#0059a9","colorDark":"#00294f","band":0,"off":[0,1.1]}},{"type":"Feature","geometry":{"type":"Point","coordinates":[19.805888,50.06186]},"properties":{"line":"192","mode":"bus","color":"#0059a9","colorDark":"#00294f","band":0,"off":[-3,1.1]}},{"type":"Feature","geometry":{"type":"Point","coordinates":[19.805888,50.06186]},"properties":{"line":"300","mode":"bus","color":"#0059a9","colorDark":"#00294f","band":0,"off":[0,1.1]}},{"type":"Feature","geometry":{"type":"Point","coordinates":[19.805888,50.06186]},"properties":{"line":"902","mode":"bus","color":"#0059a9","colorDark":"#00294f","band":0,"off":[3,1.1]}},{"type":"Feature","geometry":{"type":"Point","coordinates":[19.685759,50.237651]},"properties":{"line":"200","mode":"bus","color":"#0059a9","colorDark":"#00294f","band":0,"off":[0,1.1]}},{"type":"Feature","geometry":{"type":"Point","coordinates":[20.160193,50.187641]},"properties":{"line":"202","mode":"bus","color":"#0059a9","colorDark":"#00294f","band":0,"off":[0,1.1]}},{"type":"Feature","geometry":{"type":"Point","coordinates":[20.11313,50.135103]},"properties":{"line":"202","mode":"bus","color":"#0059a9","colorDark":"#00294f","band":0,"off":[-6,1.1]}},{"type":"Feature","geometry":{"type":"Point","coordinates":[20.11313,50.135103]},"properties":{"line":"222","mode":"bus","color":"#0059a9","colorDark":"#00294f","band":0,"off":[-3,1.1]}},{"type":"Feature","geometry":{"type":"Point","coordinates":[20.11313,50.135103]},"properties":{"line":"232","mode":"bus","color":"#0059a9","colorDark":"#00294f","band":0,"off":[0,1.1]}},{"type":"Feature","geometry":{"type":"Point","coordinates":[20.11313,50.135103]},"properties":{"line":"262","mode":"bus","color":"#0059a9","colorDark":"#00294f","band":0,"off":[3,1.1]}},{"type":"Feature","geometry":{"type":"Point","coordinates":[20.11313,50.135103]},"properties":{"line":"272","mode":"bus","color":"#0059a9","colorDark":"#00294f","band":0,"off":[6,1.1]}},{"type":"Feature","geometry":{"type":"Point","coordinates":[19.821764,49.97649]},"properties":{"line":"203","mode":"bus","color":"#0059a9","colorDark":"#00294f","band":0,"off":[0,1.1]}},{"type":"Feature","geometry":{"type":"Point","coordinates":[20.074891,49.986339]},"properties":{"line":"204","mode":"bus","color":"#0059a9","colorDark":"#00294f","band":0,"off":[-6,1.1]}},{"type":"Feature","geometry":{"type":"Point","coordinates":[20.074891,49.986339]},"properties":{"line":"224","mode":"bus","color":"#0059a9","colorDark":"#00294f","band":0,"off":[-3,1.1]}},{"type":"Feature","geometry":{"type":"Point","coordinates":[20.074891,49.986339]},"properties":{"line":"244","mode":"bus","color":"#0059a9","colorDark":"#00294f","band":0,"off":[0,1.1]}},{"type":"Feature","geometry":{"type":"Point","coordinates":[20.074891,49.986339]},"properties":{"line":"304","mode":"bus","color":"#0059a9","colorDark":"#00294f","band":0,"off":[3,1.1]}},{"type":"Feature","geometry":{"type":"Point","coordinates":[20.074891,49.986339]},"properties":{"line":"904","mode":"bus","color":"#0059a9","colorDark":"#00294f","band":0,"off":[6,1.1]}},{"type":"Feature","geometry":{"type":"Point","coordinates":[19.910909,50.141]},"properties":{"line":"207","mode":"bus","color":"#0059a9","colorDark":"#00294f","band":0,"off":[0,1.1]}},{"type":"Feature","geometry":{"type":"Point","coordinates":[19.915233,50.052902]},"properties":{"line":"1","mode":"tram","color":"#d6212b","colorDark":"#7c1116","band":0,"off":[-6,1.1]}},{"type":"Feature","geometry":{"type":"Point","coordinates":[19.915233,50.052902]},"properties":{"line":"13","mode":"tram","color":"#d6212b","colorDark":"#7c1116","band":0,"off":[-3,1.1]}},{"type":"Feature","geometry":{"type":"Point","coordinates":[19.915233,50.052902]},"properties":{"line":"209","mode":"bus","color":"#0059a9","colorDark":"#00294f","band":0,"off":[0,1.1]}},{"type":"Feature","geometry":{"type":"Point","coordinates":[19.915233,50.052902]},"properties":{"line":"229","mode":"bus","color":"#0059a9","colorDark":"#00294f","band":0,"off":[3,1.1]}},{"type":"Feature","geometry":{"type":"Point","coordinates":[19.915233,50.052902]},"properties":{"line":"269","mode":"bus","color":"#0059a9","colorDark":"#00294f","band":0,"off":[6,1.1]}},{"type":"Feature","geometry":{"type":"Point","coordinates":[19.753279,50.075181]},"properties":{"line":"209","mode":"bus","color":"#0059a9","colorDark":"#00294f","band":0,"off":[0,1.1]}},{"type":"Feature","geometry":{"type":"Point","coordinates":[19.800201,50.071563]},"properties":{"line":"209","mode":"bus","color":"#0059a9","colorDark":"#00294f","band":0,"off":[-3,1.1]}},{"type":"Feature","geometry":{"type":"Point","coordinates":[19.800201,50.071563]},"properties":{"line":"300","mode":"bus","color":"#0059a9","colorDark":"#00294f","band":0,"off":[0,1.1]}},{"type":"Feature","geometry":{"type":"Point","coordinates":[19.800201,50.071563]},"properties":{"line":"902","mode":"bus","color":"#0059a9","colorDark":"#00294f","band":0,"off":[3,1.1]}},{"type":"Feature","geometry":{"type":"Point","coordinates":[19.840837,50.114289]},"properties":{"line":"210","mode":"bus","color":"#0059a9","colorDark":"#00294f","band":0,"off":[0,1.1]}},{"type":"Feature","geometry":{"type":"Point","coordinates":[20.352597,50.080185]},"properties":{"line":"211","mode":"bus","color":"#0059a9","colorDark":"#00294f","band":0,"off":[0,1.1]}},{"type":"Feature","geometry":{"type":"Point","coordinates":[20.188001,50.126996]},"properties":{"line":"212","mode":"bus","color":"#0059a9","colorDark":"#00294f","band":0,"off":[-1.5,1.1]}},{"type":"Feature","geometry":{"type":"Point","coordinates":[20.188001,50.126996]},"properties":{"line":"271","mode":"bus","color":"#0059a9","colorDark":"#00294f","band":0,"off":[1.5,1.1]}},{"type":"Feature","geometry":{"type":"Point","coordinates":[19.997666,49.958498]},"properties":{"line":"214","mode":"bus","color":"#0059a9","colorDark":"#00294f","band":0,"off":[0,1.1]}},{"type":"Feature","geometry":{"type":"Point","coordinates":[19.999363,49.934869]},"properties":{"line":"215","mode":"bus","color":"#0059a9","colorDark":"#00294f","band":0,"off":[0,1.1]}},{"type":"Feature","geometry":{"type":"Point","coordinates":[19.946657,49.934314]},"properties":{"line":"215","mode":"bus","color":"#0059a9","colorDark":"#00294f","band":0,"off":[-4.5,1.1]}},{"type":"Feature","geometry":{"type":"Point","coordinates":[19.946657,49.934314]},"properties":{"line":"225","mode":"bus","color":"#0059a9","colorDark":"#00294f","band":0,"off":[-1.5,1.1]}},{"type":"Feature","geometry":{"type":"Point","coordinates":[19.946657,49.934314]},"properties":{"line":"285","mode":"bus","color":"#0059a9","colorDark":"#00294f","band":0,"off":[1.5,1.1]}},{"type":"Feature","geometry":{"type":"Point","coordinates":[19.946657,49.934314]},"properties":{"line":"915","mode":"bus","color":"#0059a9","colorDark":"#00294f","band":0,"off":[4.5,1.1]}},{"type":"Feature","geometry":{"type":"Point","coordinates":[19.974789,50.128752]},"properties":{"line":"217","mode":"bus","color":"#0059a9","colorDark":"#00294f","band":0,"off":[0,1.1]}},{"type":"Feature","geometry":{"type":"Point","coordinates":[19.80126,50.11952]},"properties":{"line":"218","mode":"bus","color":"#0059a9","colorDark":"#00294f","band":0,"off":[0,1.1]}},{"type":"Feature","geometry":{"type":"Point","coordinates":[19.778521,49.98714]},"properties":{"line":"219","mode":"bus","color":"#0059a9","colorDark":"#00294f","band":0,"off":[-3,1.1]}},{"type":"Feature","geometry":{"type":"Point","coordinates":[19.778521,49.98714]},"properties":{"line":"239","mode":"bus","color":"#0059a9","colorDark":"#00294f","band":0,"off":[0,1.1]}},{"type":"Feature","geometry":{"type":"Point","coordinates":[19.778521,49.98714]},"properties":{"line":"279","mode":"bus","color":"#0059a9","colorDark":"#00294f","band":0,"off":[3,1.1]}},{"type":"Feature","geometry":{"type":"Point","coordinates":[19.87103,50.151601]},"properties":{"line":"220","mode":"bus","color":"#0059a9","colorDark":"#00294f","band":0,"off":[0,1.1]}},{"type":"Feature","geometry":{"type":"Point","coordinates":[20.216381,50.037958]},"properties":{"line":"221","mode":"bus","color":"#0059a9","colorDark":"#00294f","band":0,"off":[-1.5,1.1]}},{"type":"Feature","geometry":{"type":"Point","coordinates":[20.216381,50.037958]},"properties":{"line":"301","mode":"bus","color":"#0059a9","colorDark":"#00294f","band":0,"off":[1.5,1.1]}},{"type":"Feature","geometry":{"type":"Point","coordinates":[20.084491,50.245302]},"properties":{"line":"222","mode":"bus","color":"#0059a9","colorDark":"#00294f","band":0,"off":[0,1.1]}},{"type":"Feature","geometry":{"type":"Point","coordinates":[19.829836,49.968548]},"properties":{"line":"223","mode":"bus","color":"#0059a9","colorDark":"#00294f","band":0,"off":[-6,1.1]}},{"type":"Feature","geometry":{"type":"Point","coordinates":[19.829836,49.968548]},"properties":{"line":"233","mode":"bus","color":"#0059a9","colorDark":"#00294f","band":0,"off":[-3,1.1]}},{"type":"Feature","geometry":{"type":"Point","coordinates":[19.829836,49.968548]},"properties":{"line":"243","mode":"bus","color":"#0059a9","colorDark":"#00294f","band":0,"off":[0,1.1]}},{"type":"Feature","geometry":{"type":"Point","coordinates":[19.829836,49.968548]},"properties":{"line":"245","mode":"bus","color":"#0059a9","colorDark":"#00294f","band":0,"off":[3,1.1]}},{"type":"Feature","geometry":{"type":"Point","coordinates":[19.829836,49.968548]},"properties":{"line":"283","mode":"bus","color":"#0059a9","colorDark":"#00294f","band":0,"off":[6,1.1]}},{"type":"Feature","geometry":{"type":"Point","coordinates":[19.829836,49.968548]},"properties":{"line":"293","mode":"bus","color":"#0059a9","colorDark":"#00294f","band":0,"off":[-1.5,2.6]}},{"type":"Feature","geometry":{"type":"Point","coordinates":[19.829836,49.968548]},"properties":{"line":"903","mode":"bus","color":"#0059a9","colorDark":"#00294f","band":0,"off":[1.5,2.6]}},{"type":"Feature","geometry":{"type":"Point","coordinates":[19.628372,49.967169]},"properties":{"line":"223","mode":"bus","color":"#0059a9","colorDark":"#00294f","band":0,"off":[0,1.1]}},{"type":"Feature","geometry":{"type":"Point","coordinates":[19.937099,50.012394]},"properties":{"line":"224","mode":"bus","color":"#0059a9","colorDark":"#00294f","band":0,"off":[0,1.1]}},{"type":"Feature","geometry":{"type":"Point","coordinates":[19.936107,50.162466]},"properties":{"line":"227","mode":"bus","color":"#0059a9","colorDark":"#00294f","band":0,"off":[-3,1.1]}},{"type":"Feature","geometry":{"type":"Point","coordinates":[19.936107,50.162466]},"properties":{"line":"280","mode":"bus","color":"#0059a9","colorDark":"#00294f","band":0,"off":[0,1.1]}},{"type":"Feature","geometry":{"type":"Point","coordinates":[19.936107,50.162466]},"properties":{"line":"917","mode":"bus","color":"#0059a9","colorDark":"#00294f","band":0,"off":[3,1.1]}},{"type":"Feature","geometry":{"type":"Point","coordinates":[19.709535,50.082165]},"properties":{"line":"228","mode":"bus","color":"#0059a9","colorDark":"#00294f","band":0,"off":[0,1.1]}},{"type":"Feature","geometry":{"type":"Point","coordinates":[19.586718,50.01495]},"properties":{"line":"229","mode":"bus","color":"#0059a9","colorDark":"#00294f","band":0,"off":[0,1.1]}},{"type":"Feature","geometry":{"type":"Point","coordinates":[19.676514,49.987181]},"properties":{"line":"229","mode":"bus","color":"#0059a9","colorDark":"#00294f","band":0,"off":[-3,1.1]}},{"type":"Feature","geometry":{"type":"Point","coordinates":[19.676514,49.987181]},"properties":{"line":"249","mode":"bus","color":"#0059a9","colorDark":"#00294f","band":0,"off":[0,1.1]}},{"type":"Feature","geometry":{"type":"Point","coordinates":[19.676514,49.987181]},"properties":{"line":"259","mode":"bus","color":"#0059a9","colorDark":"#00294f","band":0,"off":[3,1.1]}},{"type":"Feature","geometry":{"type":"Point","coordinates":[19.820314,50.135826]},"properties":{"line":"230","mode":"bus","color":"#0059a9","colorDark":"#00294f","band":0,"off":[-3,1.1]}},{"type":"Feature","geometry":{"type":"Point","coordinates":[19.820314,50.135826]},"properties":{"line":"288","mode":"bus","color":"#0059a9","colorDark":"#00294f","band":0,"off":[0,1.1]}},{"type":"Feature","geometry":{"type":"Point","coordinates":[19.820314,50.135826]},"properties":{"line":"910","mode":"bus","color":"#0059a9","colorDark":"#00294f","band":0,"off":[3,1.1]}},{"type":"Feature","geometry":{"type":"Point","coordinates":[20.109786,50.177533]},"properties":{"line":"232","mode":"bus","color":"#0059a9","colorDark":"#00294f","band":0,"off":[0,1.1]}},{"type":"Feature","geometry":{"type":"Point","coordinates":[20.115211,50.01476]},"properties":{"line":"234","mode":"bus","color":"#0059a9","colorDark":"#00294f","band":0,"off":[0,1.1]}},{"type":"Feature","geometry":{"type":"Point","coordinates":[19.785141,49.968666]},"properties":{"line":"235","mode":"bus","color":"#0059a9","colorDark":"#00294f","band":0,"off":[0,1.1]}},{"type":"Feature","geometry":{"type":"Point","coordinates":[19.692426,50.111972]},"properties":{"line":"238","mode":"bus","color":"#0059a9","colorDark":"#00294f","band":0,"off":[0,1.1]}},{"type":"Feature","geometry":{"type":"Point","coordinates":[19.711842,50.122248]},"properties":{"line":"238","mode":"bus","color":"#0059a9","colorDark":"#00294f","band":0,"off":[-3,1.1]}},{"type":"Feature","geometry":{"type":"Point","coordinates":[19.711842,50.122248]},"properties":{"line":"278","mode":"bus","color":"#0059a9","colorDark":"#00294f","band":0,"off":[0,1.1]}},{"type":"Feature","geometry":{"type":"Point","coordinates":[19.711842,50.122248]},"properties":{"line":"918","mode":"bus","color":"#0059a9","colorDark":"#00294f","band":0,"off":[3,1.1]}},{"type":"Feature","geometry":{"type":"Point","coordinates":[19.897806,50.12819]},"properties":{"line":"240","mode":"bus","color":"#0059a9","colorDark":"#00294f","band":0,"off":[-1.5,1.1]}},{"type":"Feature","geometry":{"type":"Point","coordinates":[19.897806,50.12819]},"properties":{"line":"290","mode":"bus","color":"#0059a9","colorDark":"#00294f","band":0,"off":[1.5,1.1]}},{"type":"Feature","geometry":{"type":"Point","coordinates":[20.13828,50.115926]},"properties":{"line":"242","mode":"bus","color":"#0059a9","colorDark":"#00294f","band":0,"off":[0,1.1]}},{"type":"Feature","geometry":{"type":"Point","coordinates":[19.870839,49.944031]},"properties":{"line":"245","mode":"bus","color":"#0059a9","colorDark":"#00294f","band":0,"off":[-4.5,1.1]}},{"type":"Feature","geometry":{"type":"Point","coordinates":[19.870839,49.944031]},"properties":{"line":"255","mode":"bus","color":"#0059a9","colorDark":"#00294f","band":0,"off":[-1.5,1.1]}},{"type":"Feature","geometry":{"type":"Point","coordinates":[19.870839,49.944031]},"properties":{"line":"275","mode":"bus","color":"#0059a9","colorDark":"#00294f","band":0,"off":[1.5,1.1]}},{"type":"Feature","geometry":{"type":"Point","coordinates":[19.870839,49.944031]},"properties":{"line":"285","mode":"bus","color":"#0059a9","colorDark":"#00294f","band":0,"off":[4.5,1.1]}},{"type":"Feature","geometry":{"type":"Point","coordinates":[19.939789,50.123612]},"properties":{"line":"247","mode":"bus","color":"#0059a9","colorDark":"#00294f","band":0,"off":[0,1.1]}},{"type":"Feature","geometry":{"type":"Point","coordinates":[19.811558,50.161429]},"properties":{"line":"248","mode":"bus","color":"#0059a9","colorDark":"#00294f","band":0,"off":[-1.5,1.1]}},{"type":"Feature","geometry":{"type":"Point","coordinates":[19.811558,50.161429]},"properties":{"line":"948","mode":"bus","color":"#0059a9","colorDark":"#00294f","band":0,"off":[1.5,1.1]}},{"type":"Feature","geometry":{"type":"Point","coordinates":[20.050674,50.121266]},"properties":{"line":"250","mode":"bus","color":"#0059a9","colorDark":"#00294f","band":0,"off":[-1.5,1.1]}},{"type":"Feature","geometry":{"type":"Point","coordinates":[20.050674,50.121266]},"properties":{"line":"270","mode":"bus","color":"#0059a9","colorDark":"#00294f","band":0,"off":[1.5,1.1]}},{"type":"Feature","geometry":{"type":"Point","coordinates":[19.7684,49.902494]},"properties":{"line":"253","mode":"bus","color":"#0059a9","colorDark":"#00294f","band":0,"off":[0,1.1]}},{"type":"Feature","geometry":{"type":"Point","coordinates":[19.967323,49.973872]},"properties":{"line":"254","mode":"bus","color":"#0059a9","colorDark":"#00294f","band":0,"off":[0,1.1]}},{"type":"Feature","geometry":{"type":"Point","coordinates":[19.932575,50.180683]},"properties":{"line":"257","mode":"bus","color":"#0059a9","colorDark":"#00294f","band":0,"off":[0,1.1]}},{"type":"Feature","geometry":{"type":"Point","coordinates":[19.709609,50.106673]},"properties":{"line":"258","mode":"bus","color":"#0059a9","colorDark":"#00294f","band":0,"off":[-1.5,1.1]}},{"type":"Feature","geometry":{"type":"Point","coordinates":[19.709609,50.106673]},"properties":{"line":"298","mode":"bus","color":"#0059a9","colorDark":"#00294f","band":0,"off":[1.5,1.1]}},{"type":"Feature","geometry":{"type":"Point","coordinates":[19.727926,49.986355]},"properties":{"line":"259","mode":"bus","color":"#0059a9","colorDark":"#00294f","band":0,"off":[-1.5,1.1]}},{"type":"Feature","geometry":{"type":"Point","coordinates":[19.727926,49.986355]},"properties":{"line":"279","mode":"bus","color":"#0059a9","colorDark":"#00294f","band":0,"off":[1.5,1.1]}},{"type":"Feature","geometry":{"type":"Point","coordinates":[20.048651,50.147309]},"properties":{"line":"260","mode":"bus","color":"#0059a9","colorDark":"#00294f","band":0,"off":[-1.5,1.1]}},{"type":"Feature","geometry":{"type":"Point","coordinates":[20.048651,50.147309]},"properties":{"line":"270","mode":"bus","color":"#0059a9","colorDark":"#00294f","band":0,"off":[1.5,1.1]}},{"type":"Feature","geometry":{"type":"Point","coordinates":[20.155413,50.166477]},"properties":{"line":"262","mode":"bus","color":"#0059a9","colorDark":"#00294f","band":0,"off":[0,1.1]}},{"type":"Feature","geometry":{"type":"Point","coordinates":[20.139398,50.040548]},"properties":{"line":"264","mode":"bus","color":"#0059a9","colorDark":"#00294f","band":0,"off":[0,1.1]}},{"type":"Feature","geometry":{"type":"Point","coordinates":[19.921218,49.944225]},"properties":{"line":"265","mode":"bus","color":"#0059a9","colorDark":"#00294f","band":0,"off":[0,1.1]}},{"type":"Feature","geometry":{"type":"Point","coordinates":[19.853842,50.230307]},"properties":{"line":"267","mode":"bus","color":"#0059a9","colorDark":"#00294f","band":0,"off":[0,1.1]}},{"type":"Feature","geometry":{"type":"Point","coordinates":[19.77392,50.152471]},"properties":{"line":"268","mode":"bus","color":"#0059a9","colorDark":"#00294f","band":0,"off":[0,1.1]}},{"type":"Feature","geometry":{"type":"Point","coordinates":[19.634105,50.039651]},"properties":{"line":"269","mode":"bus","color":"#0059a9","colorDark":"#00294f","band":0,"off":[0,1.1]}},{"type":"Feature","geometry":{"type":"Point","coordinates":[19.768024,49.932971]},"properties":{"line":"273","mode":"bus","color":"#0059a9","colorDark":"#00294f","band":0,"off":[0,1.1]}},{"type":"Feature","geometry":{"type":"Point","coordinates":[20.147054,49.957328]},"properties":{"line":"274","mode":"bus","color":"#0059a9","colorDark":"#00294f","band":0,"off":[0,1.1]}},{"type":"Feature","geometry":{"type":"Point","coordinates":[19.902954,49.913619]},"properties":{"line":"275","mode":"bus","color":"#0059a9","colorDark":"#00294f","band":0,"off":[0,1.1]}},{"type":"Feature","geometry":{"type":"Point","coordinates":[19.979634,50.220567]},"properties":{"line":"277","mode":"bus","color":"#0059a9","colorDark":"#00294f","band":0,"off":[0,1.1]}},{"type":"Feature","geometry":{"type":"Point","coordinates":[19.709393,50.148281]},"properties":{"line":"278","mode":"bus","color":"#0059a9","colorDark":"#00294f","band":0,"off":[0,1.1]}},{"type":"Feature","geometry":{"type":"Point","coordinates":[19.913209,50.174271]},"properties":{"line":"280","mode":"bus","color":"#0059a9","colorDark":"#00294f","band":0,"off":[-3,1.1]}},{"type":"Feature","geometry":{"type":"Point","coordinates":[19.913209,50.174271]},"properties":{"line":"337","mode":"bus","color":"#0059a9","colorDark":"#00294f","band":0,"off":[0,1.1]}},{"type":"Feature","geometry":{"type":"Point","coordinates":[19.913209,50.174271]},"properties":{"line":"937","mode":"bus","color":"#0059a9","colorDark":"#00294f","band":0,"off":[3,1.1]}},{"type":"Feature","geometry":{"type":"Point","coordinates":[20.05702,49.985067]},"properties":{"line":"284","mode":"bus","color":"#0059a9","colorDark":"#00294f","band":0,"off":[0,1.1]}},{"type":"Feature","geometry":{"type":"Point","coordinates":[19.973934,49.954175]},"properties":{"line":"285","mode":"bus","color":"#0059a9","colorDark":"#00294f","band":0,"off":[0,1.1]}},{"type":"Feature","geometry":{"type":"Point","coordinates":[19.735685,49.926523]},"properties":{"line":"295","mode":"bus","color":"#0059a9","colorDark":"#00294f","band":0,"off":[0,1.1]}},{"type":"Feature","geometry":{"type":"Point","coordinates":[19.983159,50.128605]},"properties":{"line":"297","mode":"bus","color":"#0059a9","colorDark":"#00294f","band":0,"off":[0,1.1]}},{"type":"Feature","geometry":{"type":"Point","coordinates":[19.978456,50.158875]},"properties":{"line":"307","mode":"bus","color":"#0059a9","colorDark":"#00294f","band":0,"off":[0,1.1]}},{"type":"Feature","geometry":{"type":"Point","coordinates":[19.747301,50.158629]},"properties":{"line":"310","mode":"bus","color":"#0059a9","colorDark":"#00294f","band":0,"off":[-1.5,1.1]}},{"type":"Feature","geometry":{"type":"Point","coordinates":[19.747301,50.158629]},"properties":{"line":"910","mode":"bus","color":"#0059a9","colorDark":"#00294f","band":0,"off":[1.5,1.1]}},{"type":"Feature","geometry":{"type":"Point","coordinates":[19.942316,50.107389]},"properties":{"line":"317","mode":"bus","color":"#0059a9","colorDark":"#00294f","band":0,"off":[0,1.1]}},{"type":"Feature","geometry":{"type":"Point","coordinates":[19.984161,50.077034]},"properties":{"line":"424","mode":"bus","color":"#0059a9","colorDark":"#00294f","band":0,"off":[0,1.1]}},{"type":"Feature","geometry":{"type":"Point","coordinates":[19.936225,50.030092]},"properties":{"line":"463","mode":"bus","color":"#0059a9","colorDark":"#00294f","band":0,"off":[-1.5,1.1]}},{"type":"Feature","geometry":{"type":"Point","coordinates":[19.936225,50.030092]},"properties":{"line":"915","mode":"bus","color":"#0059a9","colorDark":"#00294f","band":0,"off":[1.5,1.1]}},{"type":"Feature","geometry":{"type":"Point","coordinates":[19.982993,50.005775]},"properties":{"line":"469","mode":"bus","color":"#0059a9","colorDark":"#00294f","band":0,"off":[0,1.1]}},{"type":"Feature","geometry":{"type":"Point","coordinates":[19.923683,50.100575]},"properties":{"line":"513","mode":"bus","color":"#0059a9","colorDark":"#00294f","band":0,"off":[0,1.1]}},{"type":"Feature","geometry":{"type":"Point","coordinates":[19.814514,50.008316]},"properties":{"line":"712","mode":"bus","color":"#0059a9","colorDark":"#00294f","band":0,"off":[0,1.1]}},{"type":"Feature","geometry":{"type":"Point","coordinates":[19.83127,50.212833]},"properties":{"line":"LR0","mode":"bus","color":"#0059a9","colorDark":"#00294f","band":0,"off":[0,1.1]}},{"type":"Feature","geometry":{"type":"Point","coordinates":[20.064855,50.094596]},"properties":{"line":"1","mode":"tram","color":"#d6212b","colorDark":"#7c1116","band":0,"off":[-3,1.1]}},{"type":"Feature","geometry":{"type":"Point","coordinates":[20.064855,50.094596]},"properties":{"line":"5","mode":"tram","color":"#d6212b","colorDark":"#7c1116","band":0,"off":[0,1.1]}},{"type":"Feature","geometry":{"type":"Point","coordinates":[20.064855,50.094596]},"properties":{"line":"74","mode":"tram","color":"#d6212b","colorDark":"#7c1116","band":0,"off":[3,1.1]}},{"type":"Feature","geometry":{"type":"Point","coordinates":[19.927011,50.013093]},"properties":{"line":"8","mode":"tram","color":"#d6212b","colorDark":"#7c1116","band":0,"off":[-3,1.1]}},{"type":"Feature","geometry":{"type":"Point","coordinates":[19.927011,50.013093]},"properties":{"line":"22","mode":"tram","color":"#d6212b","colorDark":"#7c1116","band":0,"off":[0,1.1]}},{"type":"Feature","geometry":{"type":"Point","coordinates":[19.927011,50.013093]},"properties":{"line":"50","mode":"tram","color":"#d6212b","colorDark":"#7c1116","band":0,"off":[3,1.1]}},{"type":"Feature","geometry":{"type":"Point","coordinates":[19.903375,50.062937]},"properties":{"line":"8","mode":"tram","color":"#d6212b","colorDark":"#7c1116","band":0,"off":[-1.5,1.1]}},{"type":"Feature","geometry":{"type":"Point","coordinates":[19.903375,50.062937]},"properties":{"line":"14","mode":"tram","color":"#d6212b","colorDark":"#7c1116","band":0,"off":[1.5,1.1]}},{"type":"Feature","geometry":{"type":"Point","coordinates":[19.948094,50.014078]},"properties":{"line":"10","mode":"tram","color":"#d6212b","colorDark":"#7c1116","band":0,"off":[-3,1.1]}},{"type":"Feature","geometry":{"type":"Point","coordinates":[19.948094,50.014078]},"properties":{"line":"11","mode":"tram","color":"#d6212b","colorDark":"#7c1116","band":0,"off":[0,1.1]}},{"type":"Feature","geometry":{"type":"Point","coordinates":[19.948094,50.014078]},"properties":{"line":"50","mode":"tram","color":"#d6212b","colorDark":"#7c1116","band":0,"off":[3,1.1]}},{"type":"Feature","geometry":{"type":"Point","coordinates":[20.064912,50.067772]},"properties":{"line":"10","mode":"tram","color":"#d6212b","colorDark":"#7c1116","band":0,"off":[-1.5,1.1]}},{"type":"Feature","geometry":{"type":"Point","coordinates":[20.064912,50.067772]},"properties":{"line":"16","mode":"tram","color":"#d6212b","colorDark":"#7c1116","band":0,"off":[1.5,1.1]}},{"type":"Feature","geometry":{"type":"Point","coordinates":[20.067076,50.069652]},"properties":{"line":"21","mode":"tram","color":"#d6212b","colorDark":"#7c1116","band":0,"off":[-3,1.1]}},{"type":"Feature","geometry":{"type":"Point","coordinates":[20.067076,50.069652]},"properties":{"line":"22","mode":"tram","color":"#d6212b","colorDark":"#7c1116","band":0,"off":[0,1.1]}},{"type":"Feature","geometry":{"type":"Point","coordinates":[20.067076,50.069652]},"properties":{"line":"75","mode":"tram","color":"#d6212b","colorDark":"#7c1116","band":0,"off":[3,1.1]}},{"type":"Feature","geometry":{"type":"Point","coordinates":[20.052452,50.076212]},"properties":{"line":"21","mode":"tram","color":"#d6212b","colorDark":"#7c1116","band":0,"off":[-4.5,1.1]}},{"type":"Feature","geometry":{"type":"Point","coordinates":[20.052452,50.076212]},"properties":{"line":"22","mode":"tram","color":"#d6212b","colorDark":"#7c1116","band":0,"off":[-1.5,1.1]}},{"type":"Feature","geometry":{"type":"Point","coordinates":[20.052452,50.076212]},"properties":{"line":"74","mode":"tram","color":"#d6212b","colorDark":"#7c1116","band":0,"off":[1.5,1.1]}},{"type":"Feature","geometry":{"type":"Point","coordinates":[20.052452,50.076212]},"properties":{"line":"75","mode":"tram","color":"#d6212b","colorDark":"#7c1116","band":0,"off":[4.5,1.1]}},{"type":"Feature","geometry":{"type":"Point","coordinates":[19.9574,50.074278]},"properties":{"line":"76","mode":"tram","color":"#d6212b","colorDark":"#7c1116","band":0,"off":[0,1.1]}},{"type":"Feature","geometry":{"type":"Point","coordinates":[19.931215,50.088526]},"properties":{"line":"102","mode":"bus","color":"#0059a9","colorDark":"#00294f","band":1,"off":[-6,1.1]}},{"type":"Feature","geometry":{"type":"Point","coordinates":[19.931215,50.088526]},"properties":{"line":"137","mode":"bus","color":"#0059a9","colorDark":"#00294f","band":1,"off":[-3,1.1]}},{"type":"Feature","geometry":{"type":"Point","coordinates":[19.931215,50.088526]},"properties":{"line":"150","mode":"bus","color":"#0059a9","colorDark":"#00294f","band":1,"off":[0,1.1]}},{"type":"Feature","geometry":{"type":"Point","coordinates":[19.931215,50.088526]},"properties":{"line":"168","mode":"bus","color":"#0059a9","colorDark":"#00294f","band":1,"off":[3,1.1]}},{"type":"Feature","geometry":{"type":"Point","coordinates":[19.931215,50.088526]},"properties":{"line":"194","mode":"bus","color":"#0059a9","colorDark":"#00294f","band":1,"off":[6,1.1]}},{"type":"Feature","geometry":{"type":"Point","coordinates":[19.931215,50.088526]},"properties":{"line":"207","mode":"bus","color":"#0059a9","colorDark":"#00294f","band":1,"off":[-6,2.6]}},{"type":"Feature","geometry":{"type":"Point","coordinates":[19.931215,50.088526]},"properties":{"line":"220","mode":"bus","color":"#0059a9","colorDark":"#00294f","band":1,"off":[-3,2.6]}},{"type":"Feature","geometry":{"type":"Point","coordinates":[19.931215,50.088526]},"properties":{"line":"227","mode":"bus","color":"#0059a9","colorDark":"#00294f","band":1,"off":[0,2.6]}},{"type":"Feature","geometry":{"type":"Point","coordinates":[19.931215,50.088526]},"properties":{"line":"240","mode":"bus","color":"#0059a9","colorDark":"#00294f","band":1,"off":[3,2.6]}},{"type":"Feature","geometry":{"type":"Point","coordinates":[19.931215,50.088526]},"properties":{"line":"267","mode":"bus","color":"#0059a9","colorDark":"#00294f","band":1,"off":[6,2.6]}},{"type":"Feature","geometry":{"type":"Point","coordinates":[19.931215,50.088526]},"properties":{"line":"290","mode":"bus","color":"#0059a9","colorDark":"#00294f","band":1,"off":[-1.5,4.1]}},{"type":"Feature","geometry":{"type":"Point","coordinates":[19.931215,50.088526]},"properties":{"line":"937","mode":"bus","color":"#0059a9","colorDark":"#00294f","band":1,"off":[1.5,4.1]}},{"type":"Feature","geometry":{"type":"Point","coordinates":[19.819855,50.043295]},"properties":{"line":"102","mode":"bus","color":"#0059a9","colorDark":"#00294f","band":1,"off":[-1.5,1.1]}},{"type":"Feature","geometry":{"type":"Point","coordinates":[19.819855,50.043295]},"properties":{"line":"609","mode":"bus","color":"#0059a9","colorDark":"#00294f","band":1,"off":[1.5,1.1]}},{"type":"Feature","geometry":{"type":"Point","coordinates":[19.847207,50.067862]},"properties":{"line":"102","mode":"bus","color":"#0059a9","colorDark":"#00294f","band":1,"off":[-6,1.1]}},{"type":"Feature","geometry":{"type":"Point","coordinates":[19.847207,50.067862]},"properties":{"line":"126","mode":"bus","color":"#0059a9","colorDark":"#00294f","band":1,"off":[-3,1.1]}},{"type":"Feature","geometry":{"type":"Point","coordinates":[19.847207,50.067862]},"properties":{"line":"192","mode":"bus","color":"#0059a9","colorDark":"#00294f","band":1,"off":[0,1.1]}},{"type":"Feature","geometry":{"type":"Point","coordinates":[19.847207,50.067862]},"properties":{"line":"300","mode":"bus","color":"#0059a9","colorDark":"#00294f","band":1,"off":[3,1.1]}},{"type":"Feature","geometry":{"type":"Point","coordinates":[19.847207,50.067862]},"properties":{"line":"902","mode":"bus","color":"#0059a9","colorDark":"#00294f","band":1,"off":[6,1.1]}},{"type":"Feature","geometry":{"type":"Point","coordinates":[19.92774,49.999784]},"properties":{"line":"104","mode":"bus","color":"#0059a9","colorDark":"#00294f","band":1,"off":[-3,1.1]}},{"type":"Feature","geometry":{"type":"Point","coordinates":[19.92774,49.999784]},"properties":{"line":"155","mode":"bus","color":"#0059a9","colorDark":"#00294f","band":1,"off":[0,1.1]}},{"type":"Feature","geometry":{"type":"Point","coordinates":[19.92774,49.999784]},"properties":{"line":"254","mode":"bus","color":"#0059a9","colorDark":"#00294f","band":1,"off":[3,1.1]}},{"type":"Feature","geometry":{"type":"Point","coordinates":[19.897177,49.998655]},"properties":{"line":"104","mode":"bus","color":"#0059a9","colorDark":"#00294f","band":1,"off":[-6,1.1]}},{"type":"Feature","geometry":{"type":"Point","coordinates":[19.897177,49.998655]},"properties":{"line":"151","mode":"bus","color":"#0059a9","colorDark":"#00294f","band":1,"off":[-3,1.1]}},{"type":"Feature","geometry":{"type":"Point","coordinates":[19.897177,49.998655]},"properties":{"line":"194","mode":"bus","color":"#0059a9","colorDark":"#00294f","band":1,"off":[0,1.1]}},{"type":"Feature","geometry":{"type":"Point","coordinates":[19.897177,49.998655]},"properties":{"line":"494","mode":"bus","color":"#0059a9","colorDark":"#00294f","band":1,"off":[3,1.1]}},{"type":"Feature","geometry":{"type":"Point","coordinates":[19.897177,49.998655]},"properties":{"line":"608","mode":"bus","color":"#0059a9","colorDark":"#00294f","band":1,"off":[6,1.1]}},{"type":"Feature","geometry":{"type":"Point","coordinates":[19.889249,50.018088]},"properties":{"line":"11","mode":"tram","color":"#d6212b","colorDark":"#7c1116","band":1,"off":[-6,1.1]}},{"type":"Feature","geometry":{"type":"Point","coordinates":[19.889249,50.018088]},"properties":{"line":"17","mode":"tram","color":"#d6212b","colorDark":"#7c1116","band":1,"off":[-3,1.1]}},{"type":"Feature","geometry":{"type":"Point","coordinates":[19.889249,50.018088]},"properties":{"line":"18","mode":"tram","color":"#d6212b","colorDark":"#7c1116","band":1,"off":[0,1.1]}},{"type":"Feature","geometry":{"type":"Point","coordinates":[19.889249,50.018088]},"properties":{"line":"52","mode":"tram","color":"#d6212b","colorDark":"#7c1116","band":1,"off":[3,1.1]}},{"type":"Feature","geometry":{"type":"Point","coordinates":[19.889249,50.018088]},"properties":{"line":"62","mode":"tram","color":"#d6212b","colorDark":"#7c1116","band":1,"off":[6,1.1]}},{"type":"Feature","geometry":{"type":"Point","coordinates":[19.889249,50.018088]},"properties":{"line":"104","mode":"bus","color":"#0059a9","colorDark":"#00294f","band":1,"off":[-6,2.6]}},{"type":"Feature","geometry":{"type":"Point","coordinates":[19.889249,50.018088]},"properties":{"line":"204","mode":"bus","color":"#0059a9","colorDark":"#00294f","band":1,"off":[-3,2.6]}},{"type":"Feature","geometry":{"type":"Point","coordinates":[19.889249,50.018088]},"properties":{"line":"223","mode":"bus","color":"#0059a9","colorDark":"#00294f","band":1,"off":[0,2.6]}},{"type":"Feature","geometry":{"type":"Point","coordinates":[19.889249,50.018088]},"properties":{"line":"233","mode":"bus","color":"#0059a9","colorDark":"#00294f","band":1,"off":[3,2.6]}},{"type":"Feature","geometry":{"type":"Point","coordinates":[19.889249,50.018088]},"properties":{"line":"253","mode":"bus","color":"#0059a9","colorDark":"#00294f","band":1,"off":[6,2.6]}},{"type":"Feature","geometry":{"type":"Point","coordinates":[19.889249,50.018088]},"properties":{"line":"283","mode":"bus","color":"#0059a9","colorDark":"#00294f","band":1,"off":[-4.5,4.1]}},{"type":"Feature","geometry":{"type":"Point","coordinates":[19.889249,50.018088]},"properties":{"line":"476","mode":"bus","color":"#0059a9","colorDark":"#00294f","band":1,"off":[-1.5,4.1]}},{"type":"Feature","geometry":{"type":"Point","coordinates":[19.889249,50.018088]},"properties":{"line":"662","mode":"bus","color":"#0059a9","colorDark":"#00294f","band":1,"off":[1.5,4.1]}},{"type":"Feature","geometry":{"type":"Point","coordinates":[19.889249,50.018088]},"properties":{"line":"903","mode":"bus","color":"#0059a9","colorDark":"#00294f","band":1,"off":[4.5,4.1]}},{"type":"Feature","geometry":{"type":"Point","coordinates":[20.012427,50.102006]},"properties":{"line":"21","mode":"tram","color":"#d6212b","colorDark":"#7c1116","band":1,"off":[-3,1.1]}},{"type":"Feature","geometry":{"type":"Point","coordinates":[20.012427,50.102006]},"properties":{"line":"52","mode":"tram","color":"#d6212b","colorDark":"#7c1116","band":1,"off":[0,1.1]}},{"type":"Feature","geometry":{"type":"Point","coordinates":[20.012427,50.102006]},"properties":{"line":"105","mode":"bus","color":"#0059a9","colorDark":"#00294f","band":1,"off":[3,1.1]}},{"type":"Feature","geometry":{"type":"Point","coordinates":[19.974275,50.096778]},"properties":{"line":"105","mode":"bus","color":"#0059a9","colorDark":"#00294f","band":1,"off":[-6,1.1]}},{"type":"Feature","geometry":{"type":"Point","coordinates":[19.974275,50.096778]},"properties":{"line":"199","mode":"bus","color":"#0059a9","colorDark":"#00294f","band":1,"off":[-3,1.1]}},{"type":"Feature","geometry":{"type":"Point","coordinates":[19.974275,50.096778]},"properties":{"line":"250","mode":"bus","color":"#0059a9","colorDark":"#00294f","band":1,"off":[0,1.1]}},{"type":"Feature","geometry":{"type":"Point","coordinates":[19.974275,50.096778]},"properties":{"line":"260","mode":"bus","color":"#0059a9","colorDark":"#00294f","band":1,"off":[3,1.1]}},{"type":"Feature","geometry":{"type":"Point","coordinates":[19.974275,50.096778]},"properties":{"line":"270","mode":"bus","color":"#0059a9","colorDark":"#00294f","band":1,"off":[6,1.1]}},{"type":"Feature","geometry":{"type":"Point","coordinates":[19.974275,50.096778]},"properties":{"line":"405","mode":"bus","color":"#0059a9","colorDark":"#00294f","band":1,"off":[-1.5,2.6]}},{"type":"Feature","geometry":{"type":"Point","coordinates":[19.974275,50.096778]},"properties":{"line":"610","mode":"bus","color":"#0059a9","colorDark":"#00294f","band":1,"off":[1.5,2.6]}},{"type":"Feature","geometry":{"type":"Point","coordinates":[19.947009,50.068545]},"properties":{"line":"105","mode":"bus","color":"#0059a9","colorDark":"#00294f","band":1,"off":[-6,1.1]}},{"type":"Feature","geometry":{"type":"Point","coordinates":[19.947009,50.068545]},"properties":{"line":"125","mode":"bus","color":"#0059a9","colorDark":"#00294f","band":1,"off":[-3,1.1]}},{"type":"Feature","geometry":{"type":"Point","coordinates":[19.947009,50.068545]},"properties":{"line":"132","mode":"bus","color":"#0059a9","colorDark":"#00294f","band":1,"off":[0,1.1]}},{"type":"Feature","geometry":{"type":"Point","coordinates":[19.947009,50.068545]},"properties":{"line":"182","mode":"bus","color":"#0059a9","colorDark":"#00294f","band":1,"off":[3,1.1]}},{"type":"Feature","geometry":{"type":"Point","coordinates":[19.947009,50.068545]},"properties":{"line":"192","mode":"bus","color":"#0059a9","colorDark":"#00294f","band":1,"off":[6,1.1]}},{"type":"Feature","geometry":{"type":"Point","coordinates":[19.947009,50.068545]},"properties":{"line":"317","mode":"bus","color":"#0059a9","colorDark":"#00294f","band":1,"off":[-6,2.6]}},{"type":"Feature","geometry":{"type":"Point","coordinates":[19.947009,50.068545]},"properties":{"line":"405","mode":"bus","color":"#0059a9","colorDark":"#00294f","band":1,"off":[-3,2.6]}},{"type":"Feature","geometry":{"type":"Point","coordinates":[19.947009,50.068545]},"properties":{"line":"482","mode":"bus","color":"#0059a9","colorDark":"#00294f","band":1,"off":[0,2.6]}},{"type":"Feature","geometry":{"type":"Point","coordinates":[19.947009,50.068545]},"properties":{"line":"609","mode":"bus","color":"#0059a9","colorDark":"#00294f","band":1,"off":[3,2.6]}},{"type":"Feature","geometry":{"type":"Point","coordinates":[19.947009,50.068545]},"properties":{"line":"902","mode":"bus","color":"#0059a9","colorDark":"#00294f","band":1,"off":[6,2.6]}},{"type":"Feature","geometry":{"type":"Point","coordinates":[19.960381,50.023326]},"properties":{"line":"107","mode":"bus","color":"#0059a9","colorDark":"#00294f","band":1,"off":[-6,1.1]}},{"type":"Feature","geometry":{"type":"Point","coordinates":[19.960381,50.023326]},"properties":{"line":"164","mode":"bus","color":"#0059a9","colorDark":"#00294f","band":1,"off":[-3,1.1]}},{"type":"Feature","geometry":{"type":"Point","coordinates":[19.960381,50.023326]},"properties":{"line":"169","mode":"bus","color":"#0059a9","colorDark":"#00294f","band":1,"off":[0,1.1]}},{"type":"Feature","geometry":{"type":"Point","coordinates":[19.960381,50.023326]},"properties":{"line":"174","mode":"bus","color":"#0059a9","colorDark":"#00294f","band":1,"off":[3,1.1]}},{"type":"Feature","geometry":{"type":"Point","coordinates":[19.960381,50.023326]},"properties":{"line":"179","mode":"bus","color":"#0059a9","colorDark":"#00294f","band":1,"off":[6,1.1]}},{"type":"Feature","geometry":{"type":"Point","coordinates":[19.960381,50.023326]},"properties":{"line":"610","mode":"bus","color":"#0059a9","colorDark":"#00294f","band":1,"off":[0,2.6]}},{"type":"Feature","geometry":{"type":"Point","coordinates":[19.990106,49.979671]},"properties":{"line":"107","mode":"bus","color":"#0059a9","colorDark":"#00294f","band":1,"off":[0,1.1]}},{"type":"Feature","geometry":{"type":"Point","coordinates":[20.117115,50.072826]},"properties":{"line":"10","mode":"tram","color":"#d6212b","colorDark":"#7c1116","band":1,"off":[-6,1.1]}},{"type":"Feature","geometry":{"type":"Point","coordinates":[20.117115,50.072826]},"properties":{"line":"21","mode":"tram","color":"#d6212b","colorDark":"#7c1116","band":1,"off":[-3,1.1]}},{"type":"Feature","geometry":{"type":"Point","coordinates":[20.117115,50.072826]},"properties":{"line":"111","mode":"bus","color":"#0059a9","colorDark":"#00294f","band":1,"off":[0,1.1]}},{"type":"Feature","geometry":{"type":"Point","coordinates":[20.117115,50.072826]},"properties":{"line":"160","mode":"bus","color":"#0059a9","colorDark":"#00294f","band":1,"off":[3,1.1]}},{"type":"Feature","geometry":{"type":"Point","coordinates":[20.117115,50.072826]},"properties":{"line":"161","mode":"bus","color":"#0059a9","colorDark":"#00294f","band":1,"off":[6,1.1]}},{"type":"Feature","geometry":{"type":"Point","coordinates":[20.117115,50.072826]},"properties":{"line":"171","mode":"bus","color":"#0059a9","colorDark":"#00294f","band":1,"off":[-3,2.6]}},{"type":"Feature","geometry":{"type":"Point","coordinates":[20.117115,50.072826]},"properties":{"line":"211","mode":"bus","color":"#0059a9","colorDark":"#00294f","band":1,"off":[0,2.6]}},{"type":"Feature","geometry":{"type":"Point","coordinates":[20.117115,50.072826]},"properties":{"line":"271","mode":"bus","color":"#0059a9","colorDark":"#00294f","band":1,"off":[3,2.6]}},{"type":"Feature","geometry":{"type":"Point","coordinates":[19.842919,50.018925]},"properties":{"line":"112","mode":"bus","color":"#0059a9","colorDark":"#00294f","band":1,"off":[-1.5,1.1]}},{"type":"Feature","geometry":{"type":"Point","coordinates":[19.842919,50.018925]},"properties":{"line":"162","mode":"bus","color":"#0059a9","colorDark":"#00294f","band":1,"off":[1.5,1.1]}},{"type":"Feature","geometry":{"type":"Point","coordinates":[19.852133,50.028654]},"properties":{"line":"112","mode":"bus","color":"#0059a9","colorDark":"#00294f","band":1,"off":[-4.5,1.1]}},{"type":"Feature","geometry":{"type":"Point","coordinates":[19.852133,50.028654]},"properties":{"line":"162","mode":"bus","color":"#0059a9","colorDark":"#00294f","band":1,"off":[-1.5,1.1]}},{"type":"Feature","geometry":{"type":"Point","coordinates":[19.852133,50.028654]},"properties":{"line":"176","mode":"bus","color":"#0059a9","colorDark":"#00294f","band":1,"off":[1.5,1.1]}},{"type":"Feature","geometry":{"type":"Point","coordinates":[19.852133,50.028654]},"properties":{"line":"476","mode":"bus","color":"#0059a9","colorDark":"#00294f","band":1,"off":[4.5,1.1]}},{"type":"Feature","geometry":{"type":"Point","coordinates":[19.93274,50.0467]},"properties":{"line":"112","mode":"bus","color":"#0059a9","colorDark":"#00294f","band":1,"off":[-4.5,1.1]}},{"type":"Feature","geometry":{"type":"Point","coordinates":[19.93274,50.0467]},"properties":{"line":"126","mode":"bus","color":"#0059a9","colorDark":"#00294f","band":1,"off":[-1.5,1.1]}},{"type":"Feature","geometry":{"type":"Point","coordinates":[19.93274,50.0467]},"properties":{"line":"162","mode":"bus","color":"#0059a9","colorDark":"#00294f","band":1,"off":[1.5,1.1]}},{"type":"Feature","geometry":{"type":"Point","coordinates":[19.93274,50.0467]},"properties":{"line":"712","mode":"bus","color":"#0059a9","colorDark":"#00294f","band":1,"off":[4.5,1.1]}},{"type":"Feature","geometry":{"type":"Point","coordinates":[19.936132,50.07484]},"properties":{"line":"120","mode":"bus","color":"#0059a9","colorDark":"#00294f","band":1,"off":[-3,1.1]}},{"type":"Feature","geometry":{"type":"Point","coordinates":[19.936132,50.07484]},"properties":{"line":"140","mode":"bus","color":"#0059a9","colorDark":"#00294f","band":1,"off":[0,1.1]}},{"type":"Feature","geometry":{"type":"Point","coordinates":[19.936132,50.07484]},"properties":{"line":"337","mode":"bus","color":"#0059a9","colorDark":"#00294f","band":1,"off":[3,1.1]}},{"type":"Feature","geometry":{"type":"Point","coordinates":[19.870553,50.080141]},"properties":{"line":"120","mode":"bus","color":"#0059a9","colorDark":"#00294f","band":1,"off":[-1.5,1.1]}},{"type":"Feature","geometry":{"type":"Point","coordinates":[19.870553,50.080141]},"properties":{"line":"572","mode":"bus","color":"#0059a9","colorDark":"#00294f","band":1,"off":[1.5,1.1]}},{"type":"Feature","geometry":{"type":"Point","coordinates":[19.881775,50.081607]},"properties":{"line":"120","mode":"bus","color":"#0059a9","colorDark":"#00294f","band":1,"off":[-6,1.1]}},{"type":"Feature","geometry":{"type":"Point","coordinates":[19.881775,50.081607]},"properties":{"line":"200","mode":"bus","color":"#0059a9","colorDark":"#00294f","band":1,"off":[-3,1.1]}},{"type":"Feature","geometry":{"type":"Point","coordinates":[19.881775,50.081607]},"properties":{"line":"210","mode":"bus","color":"#0059a9","colorDark":"#00294f","band":1,"off":[0,1.1]}},{"type":"Feature","geometry":{"type":"Point","coordinates":[19.881775,50.081607]},"properties":{"line":"218","mode":"bus","color":"#0059a9","colorDark":"#00294f","band":1,"off":[3,1.1]}},{"type":"Feature","geometry":{"type":"Point","coordinates":[19.881775,50.081607]},"properties":{"line":"228","mode":"bus","color":"#0059a9","colorDark":"#00294f","band":1,"off":[6,1.1]}},{"type":"Feature","geometry":{"type":"Point","coordinates":[19.881775,50.081607]},"properties":{"line":"230","mode":"bus","color":"#0059a9","colorDark":"#00294f","band":1,"off":[-6,2.6]}},{"type":"Feature","geometry":{"type":"Point","coordinates":[19.881775,50.081607]},"properties":{"line":"238","mode":"bus","color":"#0059a9","colorDark":"#00294f","band":1,"off":[-3,2.6]}},{"type":"Feature","geometry":{"type":"Point","coordinates":[19.881775,50.081607]},"properties":{"line":"248","mode":"bus","color":"#0059a9","colorDark":"#00294f","band":1,"off":[0,2.6]}},{"type":"Feature","geometry":{"type":"Point","coordinates":[19.881775,50.081607]},"properties":{"line":"258","mode":"bus","color":"#0059a9","colorDark":"#00294f","band":1,"off":[3,2.6]}},{"type":"Feature","geometry":{"type":"Point","coordinates":[19.881775,50.081607]},"properties":{"line":"268","mode":"bus","color":"#0059a9","colorDark":"#00294f","band":1,"off":[6,2.6]}},{"type":"Feature","geometry":{"type":"Point","coordinates":[19.881775,50.081607]},"properties":{"line":"278","mode":"bus","color":"#0059a9","colorDark":"#00294f","band":1,"off":[-6,4.1]}},{"type":"Feature","geometry":{"type":"Point","coordinates":[19.881775,50.081607]},"properties":{"line":"288","mode":"bus","color":"#0059a9","colorDark":"#00294f","band":1,"off":[-3,4.1]}},{"type":"Feature","geometry":{"type":"Point","coordinates":[19.881775,50.081607]},"properties":{"line":"298","mode":"bus","color":"#0059a9","colorDark":"#00294f","band":1,"off":[0,4.1]}},{"type":"Feature","geometry":{"type":"Point","coordinates":[19.881775,50.081607]},"properties":{"line":"572","mode":"bus","color":"#0059a9","colorDark":"#00294f","band":1,"off":[3,4.1]}},{"type":"Feature","geometry":{"type":"Point","coordinates":[19.881775,50.081607]},"properties":{"line":"664","mode":"bus","color":"#0059a9","colorDark":"#00294f","band":1,"off":[6,4.1]}},{"type":"Feature","geometry":{"type":"Point","coordinates":[19.881775,50.081607]},"properties":{"line":"704","mode":"bus","color":"#0059a9","colorDark":"#00294f","band":1,"off":[-6,5.6]}},{"type":"Feature","geometry":{"type":"Point","coordinates":[19.881775,50.081607]},"properties":{"line":"708","mode":"bus","color":"#0059a9","colorDark":"#00294f","band":1,"off":[-3,5.6]}},{"type":"Feature","geometry":{"type":"Point","coordinates":[19.881775,50.081607]},"properties":{"line":"910","mode":"bus","color":"#0059a9","colorDark":"#00294f","band":1,"off":[0,5.6]}},{"type":"Feature","geometry":{"type":"Point","coordinates":[19.881775,50.081607]},"properties":{"line":"918","mode":"bus","color":"#0059a9","colorDark":"#00294f","band":1,"off":[3,5.6]}},{"type":"Feature","geometry":{"type":"Point","coordinates":[19.881775,50.081607]},"properties":{"line":"948","mode":"bus","color":"#0059a9","colorDark":"#00294f","band":1,"off":[6,5.6]}},{"type":"Feature","geometry":{"type":"Point","coordinates":[19.890788,50.087618]},"properties":{"line":"120","mode":"bus","color":"#0059a9","colorDark":"#00294f","band":1,"off":[-6,1.1]}},{"type":"Feature","geometry":{"type":"Point","coordinates":[19.890788,50.087618]},"properties":{"line":"238","mode":"bus","color":"#0059a9","colorDark":"#00294f","band":1,"off":[-3,1.1]}},{"type":"Feature","geometry":{"type":"Point","coordinates":[19.890788,50.087618]},"properties":{"line":"248","mode":"bus","color":"#0059a9","colorDark":"#00294f","band":1,"off":[0,1.1]}},{"type":"Feature","geometry":{"type":"Point","coordinates":[19.890788,50.087618]},"properties":{"line":"258","mode":"bus","color":"#0059a9","colorDark":"#00294f","band":1,"off":[3,1.1]}},{"type":"Feature","geometry":{"type":"Point","coordinates":[19.890788,50.087618]},"properties":{"line":"268","mode":"bus","color":"#0059a9","colorDark":"#00294f","band":1,"off":[6,1.1]}},{"type":"Feature","geometry":{"type":"Point","coordinates":[19.890788,50.087618]},"properties":{"line":"278","mode":"bus","color":"#0059a9","colorDark":"#00294f","band":1,"off":[-3,2.6]}},{"type":"Feature","geometry":{"type":"Point","coordinates":[19.890788,50.087618]},"properties":{"line":"288","mode":"bus","color":"#0059a9","colorDark":"#00294f","band":1,"off":[0,2.6]}},{"type":"Feature","geometry":{"type":"Point","coordinates":[19.890788,50.087618]},"properties":{"line":"948","mode":"bus","color":"#0059a9","colorDark":"#00294f","band":1,"off":[3,2.6]}},{"type":"Feature","geometry":{"type":"Point","coordinates":[19.911619,49.995364]},"properties":{"line":"121","mode":"bus","color":"#0059a9","colorDark":"#00294f","band":1,"off":[0,1.1]}},{"type":"Feature","geometry":{"type":"Point","coordinates":[19.926645,50.011341]},"properties":{"line":"121","mode":"bus","color":"#0059a9","colorDark":"#00294f","band":1,"off":[-6,1.1]}},{"type":"Feature","geometry":{"type":"Point","coordinates":[19.926645,50.011341]},"properties":{"line":"151","mode":"bus","color":"#0059a9","colorDark":"#00294f","band":1,"off":[-3,1.1]}},{"type":"Feature","geometry":{"type":"Point","coordinates":[19.926645,50.011341]},"properties":{"line":"175","mode":"bus","color":"#0059a9","colorDark":"#00294f","band":1,"off":[0,1.1]}},{"type":"Feature","geometry":{"type":"Point","coordinates":[19.926645,50.011341]},"properties":{"line":"204","mode":"bus","color":"#0059a9","colorDark":"#00294f","band":1,"off":[3,1.1]}},{"type":"Feature","geometry":{"type":"Point","coordinates":[19.926645,50.011341]},"properties":{"line":"214","mode":"bus","color":"#0059a9","colorDark":"#00294f","band":1,"off":[6,1.1]}},{"type":"Feature","geometry":{"type":"Point","coordinates":[19.926645,50.011341]},"properties":{"line":"215","mode":"bus","color":"#0059a9","colorDark":"#00294f","band":1,"off":[-6,2.6]}},{"type":"Feature","geometry":{"type":"Point","coordinates":[19.926645,50.011341]},"properties":{"line":"225","mode":"bus","color":"#0059a9","colorDark":"#00294f","band":1,"off":[-3,2.6]}},{"type":"Feature","geometry":{"type":"Point","coordinates":[19.926645,50.011341]},"properties":{"line":"235","mode":"bus","color":"#0059a9","colorDark":"#00294f","band":1,"off":[0,2.6]}},{"type":"Feature","geometry":{"type":"Point","coordinates":[19.926645,50.011341]},"properties":{"line":"243","mode":"bus","color":"#0059a9","colorDark":"#00294f","band":1,"off":[3,2.6]}},{"type":"Feature","geometry":{"type":"Point","coordinates":[19.926645,50.011341]},"properties":{"line":"245","mode":"bus","color":"#0059a9","colorDark":"#00294f","band":1,"off":[6,2.6]}},{"type":"Feature","geometry":{"type":"Point","coordinates":[19.926645,50.011341]},"properties":{"line":"254","mode":"bus","color":"#0059a9","colorDark":"#00294f","band":1,"off":[-6,4.1]}},{"type":"Feature","geometry":{"type":"Point","coordinates":[19.926645,50.011341]},"properties":{"line":"255","mode":"bus","color":"#0059a9","colorDark":"#00294f","band":1,"off":[-3,4.1]}},{"type":"Feature","geometry":{"type":"Point","coordinates":[19.926645,50.011341]},"properties":{"line":"265","mode":"bus","color":"#0059a9","colorDark":"#00294f","band":1,"off":[0,4.1]}},{"type":"Feature","geometry":{"type":"Point","coordinates":[19.926645,50.011341]},"properties":{"line":"275","mode":"bus","color":"#0059a9","colorDark":"#00294f","band":1,"off":[3,4.1]}},{"type":"Feature","geometry":{"type":"Point","coordinates":[19.926645,50.011341]},"properties":{"line":"285","mode":"bus","color":"#0059a9","colorDark":"#00294f","band":1,"off":[6,4.1]}},{"type":"Feature","geometry":{"type":"Point","coordinates":[19.926645,50.011341]},"properties":{"line":"293","mode":"bus","color":"#0059a9","colorDark":"#00294f","band":1,"off":[-3,5.6]}},{"type":"Feature","geometry":{"type":"Point","coordinates":[19.926645,50.011341]},"properties":{"line":"475","mode":"bus","color":"#0059a9","colorDark":"#00294f","band":1,"off":[0,5.6]}},{"type":"Feature","geometry":{"type":"Point","coordinates":[19.926645,50.011341]},"properties":{"line":"610","mode":"bus","color":"#0059a9","colorDark":"#00294f","band":1,"off":[3,5.6]}},{"type":"Feature","geometry":{"type":"Point","coordinates":[20.043855,50.106217]},"properties":{"line":"122","mode":"bus","color":"#0059a9","colorDark":"#00294f","band":1,"off":[0,1.1]}},{"type":"Feature","geometry":{"type":"Point","coordinates":[20.033993,50.075238]},"properties":{"line":"122","mode":"bus","color":"#0059a9","colorDark":"#00294f","band":1,"off":[-1.5,1.1]}},{"type":"Feature","geometry":{"type":"Point","coordinates":[20.033993,50.075238]},"properties":{"line":"160","mode":"bus","color":"#0059a9","colorDark":"#00294f","band":1,"off":[1.5,1.1]}},{"type":"Feature","geometry":{"type":"Point","coordinates":[20.032761,50.091186]},"properties":{"line":"122","mode":"bus","color":"#0059a9","colorDark":"#00294f","band":1,"off":[-4.5,1.1]}},{"type":"Feature","geometry":{"type":"Point","coordinates":[20.032761,50.091186]},"properties":{"line":"138","mode":"bus","color":"#0059a9","colorDark":"#00294f","band":1,"off":[-1.5,1.1]}},{"type":"Feature","geometry":{"type":"Point","coordinates":[20.032761,50.091186]},"properties":{"line":"601","mode":"bus","color":"#0059a9","colorDark":"#00294f","band":1,"off":[1.5,1.1]}},{"type":"Feature","geometry":{"type":"Point","coordinates":[20.032761,50.091186]},"properties":{"line":"608","mode":"bus","color":"#0059a9","colorDark":"#00294f","band":1,"off":[4.5,1.1]}},{"type":"Feature","geometry":{"type":"Point","coordinates":[19.99605,50.095799]},"properties":{"line":"123","mode":"bus","color":"#0059a9","colorDark":"#00294f","band":1,"off":[-1.5,1.1]}},{"type":"Feature","geometry":{"type":"Point","coordinates":[19.99605,50.095799]},"properties":{"line":"482","mode":"bus","color":"#0059a9","colorDark":"#00294f","band":1,"off":[1.5,1.1]}},{"type":"Feature","geometry":{"type":"Point","coordinates":[20.001148,50.040149]},"properties":{"line":"11","mode":"tram","color":"#d6212b","colorDark":"#7c1116","band":1,"off":[-6,1.1]}},{"type":"Feature","geometry":{"type":"Point","coordinates":[20.001148,50.040149]},"properties":{"line":"20","mode":"tram","color":"#d6212b","colorDark":"#7c1116","band":1,"off":[-3,1.1]}},{"type":"Feature","geometry":{"type":"Point","coordinates":[20.001148,50.040149]},"properties":{"line":"76","mode":"tram","color":"#d6212b","colorDark":"#7c1116","band":1,"off":[0,1.1]}},{"type":"Feature","geometry":{"type":"Point","coordinates":[20.001148,50.040149]},"properties":{"line":"123","mode":"bus","color":"#0059a9","colorDark":"#00294f","band":1,"off":[3,1.1]}},{"type":"Feature","geometry":{"type":"Point","coordinates":[20.001148,50.040149]},"properties":{"line":"195","mode":"bus","color":"#0059a9","colorDark":"#00294f","band":1,"off":[6,1.1]}},{"type":"Feature","geometry":{"type":"Point","coordinates":[20.001148,50.040149]},"properties":{"line":"221","mode":"bus","color":"#0059a9","colorDark":"#00294f","band":1,"off":[-1.5,2.6]}},{"type":"Feature","geometry":{"type":"Point","coordinates":[20.001148,50.040149]},"properties":{"line":"264","mode":"bus","color":"#0059a9","colorDark":"#00294f","band":1,"off":[1.5,2.6]}},{"type":"Feature","geometry":{"type":"Point","coordinates":[20.045374,50.054047]},"properties":{"line":"123","mode":"bus","color":"#0059a9","colorDark":"#00294f","band":1,"off":[-1.5,1.1]}},{"type":"Feature","geometry":{"type":"Point","coordinates":[20.045374,50.054047]},"properties":{"line":"149","mode":"bus","color":"#0059a9","colorDark":"#00294f","band":1,"off":[1.5,1.1]}},{"type":"Feature","geometry":{"type":"Point","coordinates":[19.982603,50.071879]},"properties":{"line":"124","mode":"bus","color":"#0059a9","colorDark":"#00294f","band":1,"off":[-1.5,1.1]}},{"type":"Feature","geometry":{"type":"Point","coordinates":[19.982603,50.071879]},"properties":{"line":"128","mode":"bus","color":"#0059a9","colorDark":"#00294f","band":1,"off":[1.5,1.1]}},{"type":"Feature","geometry":{"type":"Point","coordinates":[19.944201,50.064876]},"properties":{"line":"124","mode":"bus","color":"#0059a9","colorDark":"#00294f","band":1,"off":[-6,1.1]}},{"type":"Feature","geometry":{"type":"Point","coordinates":[19.944201,50.064876]},"properties":{"line":"424","mode":"bus","color":"#0059a9","colorDark":"#00294f","band":1,"off":[-3,1.1]}},{"type":"Feature","geometry":{"type":"Point","coordinates":[19.944201,50.064876]},"properties":{"line":"601","mode":"bus","color":"#0059a9","colorDark":"#00294f","band":1,"off":[0,1.1]}},{"type":"Feature","geometry":{"type":"Point","coordinates":[19.944201,50.064876]},"properties":{"line":"605","mode":"bus","color":"#0059a9","colorDark":"#00294f","band":1,"off":[3,1.1]}},{"type":"Feature","geometry":{"type":"Point","coordinates":[19.944201,50.064876]},"properties":{"line":"608","mode":"bus","color":"#0059a9","colorDark":"#00294f","band":1,"off":[6,1.1]}},{"type":"Feature","geometry":{"type":"Point","coordinates":[19.944201,50.064876]},"properties":{"line":"610","mode":"bus","color":"#0059a9","colorDark":"#00294f","band":1,"off":[-6,2.6]}},{"type":"Feature","geometry":{"type":"Point","coordinates":[19.944201,50.064876]},"properties":{"line":"611","mode":"bus","color":"#0059a9","colorDark":"#00294f","band":1,"off":[-3,2.6]}},{"type":"Feature","geometry":{"type":"Point","coordinates":[19.944201,50.064876]},"properties":{"line":"664","mode":"bus","color":"#0059a9","colorDark":"#00294f","band":1,"off":[0,2.6]}},{"type":"Feature","geometry":{"type":"Point","coordinates":[19.944201,50.064876]},"properties":{"line":"704","mode":"bus","color":"#0059a9","colorDark":"#00294f","band":1,"off":[3,2.6]}},{"type":"Feature","geometry":{"type":"Point","coordinates":[19.944201,50.064876]},"properties":{"line":"902","mode":"bus","color":"#0059a9","colorDark":"#00294f","band":1,"off":[6,2.6]}},{"type":"Feature","geometry":{"type":"Point","coordinates":[19.944201,50.064876]},"properties":{"line":"904","mode":"bus","color":"#0059a9","colorDark":"#00294f","band":1,"off":[0,4.1]}},{"type":"Feature","geometry":{"type":"Point","coordinates":[20.051306,50.021807]},"properties":{"line":"125","mode":"bus","color":"#0059a9","colorDark":"#00294f","band":1,"off":[-1.5,1.1]}},{"type":"Feature","geometry":{"type":"Point","coordinates":[20.051306,50.021807]},"properties":{"line":"605","mode":"bus","color":"#0059a9","colorDark":"#00294f","band":1,"off":[1.5,1.1]}},{"type":"Feature","geometry":{"type":"Point","coordinates":[19.962876,50.042123]},"properties":{"line":"127","mode":"bus","color":"#0059a9","colorDark":"#00294f","band":1,"off":[-6,1.1]}},{"type":"Feature","geometry":{"type":"Point","coordinates":[19.962876,50.042123]},"properties":{"line":"155","mode":"bus","color":"#0059a9","colorDark":"#00294f","band":1,"off":[-3,1.1]}},{"type":"Feature","geometry":{"type":"Point","coordinates":[19.962876,50.042123]},"properties":{"line":"158","mode":"bus","color":"#0059a9","colorDark":"#00294f","band":1,"off":[0,1.1]}},{"type":"Feature","geometry":{"type":"Point","coordinates":[19.962876,50.042123]},"properties":{"line":"427","mode":"bus","color":"#0059a9","colorDark":"#00294f","band":1,"off":[3,1.1]}},{"type":"Feature","geometry":{"type":"Point","coordinates":[19.962876,50.042123]},"properties":{"line":"497","mode":"bus","color":"#0059a9","colorDark":"#00294f","band":1,"off":[6,1.1]}},{"type":"Feature","geometry":{"type":"Point","coordinates":[19.995291,50.034047]},"properties":{"line":"127","mode":"bus","color":"#0059a9","colorDark":"#00294f","band":1,"off":[-1.5,1.1]}},{"type":"Feature","geometry":{"type":"Point","coordinates":[19.995291,50.034047]},"properties":{"line":"427","mode":"bus","color":"#0059a9","colorDark":"#00294f","band":1,"off":[1.5,1.1]}},{"type":"Feature","geometry":{"type":"Point","coordinates":[20.011679,50.035491]},"properties":{"line":"128","mode":"bus","color":"#0059a9","colorDark":"#00294f","band":1,"off":[-4.5,1.1]}},{"type":"Feature","geometry":{"type":"Point","coordinates":[20.011679,50.035491]},"properties":{"line":"148","mode":"bus","color":"#0059a9","colorDark":"#00294f","band":1,"off":[-1.5,1.1]}},{"type":"Feature","geometry":{"type":"Point","coordinates":[20.011679,50.035491]},"properties":{"line":"158","mode":"bus","color":"#0059a9","colorDark":"#00294f","band":1,"off":[1.5,1.1]}},{"type":"Feature","geometry":{"type":"Point","coordinates":[20.011679,50.035491]},"properties":{"line":"605","mode":"bus","color":"#0059a9","colorDark":"#00294f","band":1,"off":[4.5,1.1]}},{"type":"Feature","geometry":{"type":"Point","coordinates":[19.963066,50.104982]},"properties":{"line":"18","mode":"tram","color":"#d6212b","colorDark":"#7c1116","band":1,"off":[-6,1.1]}},{"type":"Feature","geometry":{"type":"Point","coordinates":[19.963066,50.104982]},"properties":{"line":"50","mode":"tram","color":"#d6212b","colorDark":"#7c1116","band":1,"off":[-3,1.1]}},{"type":"Feature","geometry":{"type":"Point","coordinates":[19.963066,50.104982]},"properties":{"line":"69","mode":"tram","color":"#d6212b","colorDark":"#7c1116","band":1,"off":[0,1.1]}},{"type":"Feature","geometry":{"type":"Point","coordinates":[19.963066,50.104982]},"properties":{"line":"75","mode":"tram","color":"#d6212b","colorDark":"#7c1116","band":1,"off":[3,1.1]}},{"type":"Feature","geometry":{"type":"Point","coordinates":[19.963066,50.104982]},"properties":{"line":"128","mode":"bus","color":"#0059a9","colorDark":"#00294f","band":1,"off":[6,1.1]}},{"type":"Feature","geometry":{"type":"Point","coordinates":[19.963066,50.104982]},"properties":{"line":"169","mode":"bus","color":"#0059a9","colorDark":"#00294f","band":1,"off":[-6,2.6]}},{"type":"Feature","geometry":{"type":"Point","coordinates":[19.963066,50.104982]},"properties":{"line":"217","mode":"bus","color":"#0059a9","colorDark":"#00294f","band":1,"off":[-3,2.6]}},{"type":"Feature","geometry":{"type":"Point","coordinates":[19.963066,50.104982]},"properties":{"line":"247","mode":"bus","color":"#0059a9","colorDark":"#00294f","band":1,"off":[0,2.6]}},{"type":"Feature","geometry":{"type":"Point","coordinates":[19.963066,50.104982]},"properties":{"line":"257","mode":"bus","color":"#0059a9","colorDark":"#00294f","band":1,"off":[3,2.6]}},{"type":"Feature","geometry":{"type":"Point","coordinates":[19.963066,50.104982]},"properties":{"line":"277","mode":"bus","color":"#0059a9","colorDark":"#00294f","band":1,"off":[6,2.6]}},{"type":"Feature","geometry":{"type":"Point","coordinates":[19.963066,50.104982]},"properties":{"line":"280","mode":"bus","color":"#0059a9","colorDark":"#00294f","band":1,"off":[-6,4.1]}},{"type":"Feature","geometry":{"type":"Point","coordinates":[19.963066,50.104982]},"properties":{"line":"297","mode":"bus","color":"#0059a9","colorDark":"#00294f","band":1,"off":[-3,4.1]}},{"type":"Feature","geometry":{"type":"Point","coordinates":[19.963066,50.104982]},"properties":{"line":"469","mode":"bus","color":"#0059a9","colorDark":"#00294f","band":1,"off":[0,4.1]}},{"type":"Feature","geometry":{"type":"Point","coordinates":[19.963066,50.104982]},"properties":{"line":"503","mode":"bus","color":"#0059a9","colorDark":"#00294f","band":1,"off":[3,4.1]}},{"type":"Feature","geometry":{"type":"Point","coordinates":[19.963066,50.104982]},"properties":{"line":"669","mode":"bus","color":"#0059a9","colorDark":"#00294f","band":1,"off":[6,4.1]}},{"type":"Feature","geometry":{"type":"Point","coordinates":[19.963066,50.104982]},"properties":{"line":"917","mode":"bus","color":"#0059a9","colorDark":"#00294f","band":1,"off":[0,5.6]}},{"type":"Feature","geometry":{"type":"Point","coordinates":[19.908847,50.086785]},"properties":{"line":"130","mode":"bus","color":"#0059a9","colorDark":"#00294f","band":1,"off":[-6,1.1]}},{"type":"Feature","geometry":{"type":"Point","coordinates":[19.908847,50.086785]},"properties":{"line":"138","mode":"bus","color":"#0059a9","colorDark":"#00294f","band":1,"off":[-3,1.1]}},{"type":"Feature","geometry":{"type":"Point","coordinates":[19.908847,50.086785]},"properties":{"line":"140","mode":"bus","color":"#0059a9","colorDark":"#00294f","band":1,"off":[0,1.1]}},{"type":"Feature","geometry":{"type":"Point","coordinates":[19.908847,50.086785]},"properties":{"line":"168","mode":"bus","color":"#0059a9","colorDark":"#00294f","band":1,"off":[3,1.1]}},{"type":"Feature","geometry":{"type":"Point","coordinates":[19.908847,50.086785]},"properties":{"line":"173","mode":"bus","color":"#0059a9","colorDark":"#00294f","band":1,"off":[6,1.1]}},{"type":"Feature","geometry":{"type":"Point","coordinates":[19.908847,50.086785]},"properties":{"line":"494","mode":"bus","color":"#0059a9","colorDark":"#00294f","band":1,"off":[-1.5,2.6]}},{"type":"Feature","geometry":{"type":"Point","coordinates":[19.908847,50.086785]},"properties":{"line":"904","mode":"bus","color":"#0059a9","colorDark":"#00294f","band":1,"off":[1.5,2.6]}},{"type":"Feature","geometry":{"type":"Point","coordinates":[20.06652,50.078572]},"properties":{"line":"132","mode":"bus","color":"#0059a9","colorDark":"#00294f","band":1,"off":[-6,1.1]}},{"type":"Feature","geometry":{"type":"Point","coordinates":[20.06652,50.078572]},"properties":{"line":"138","mode":"bus","color":"#0059a9","colorDark":"#00294f","band":1,"off":[-3,1.1]}},{"type":"Feature","geometry":{"type":"Point","coordinates":[20.06652,50.078572]},"properties":{"line":"139","mode":"bus","color":"#0059a9","colorDark":"#00294f","band":1,"off":[0,1.1]}},{"type":"Feature","geometry":{"type":"Point","coordinates":[20.06652,50.078572]},"properties":{"line":"174","mode":"bus","color":"#0059a9","colorDark":"#00294f","band":1,"off":[3,1.1]}},{"type":"Feature","geometry":{"type":"Point","coordinates":[20.06652,50.078572]},"properties":{"line":"242","mode":"bus","color":"#0059a9","colorDark":"#00294f","band":1,"off":[6,1.1]}},{"type":"Feature","geometry":{"type":"Point","coordinates":[20.06652,50.078572]},"properties":{"line":"272","mode":"bus","color":"#0059a9","colorDark":"#00294f","band":1,"off":[-1.5,2.6]}},{"type":"Feature","geometry":{"type":"Point","coordinates":[20.06652,50.078572]},"properties":{"line":"463","mode":"bus","color":"#0059a9","colorDark":"#00294f","band":1,"off":[1.5,2.6]}},{"type":"Feature","geometry":{"type":"Point","coordinates":[19.855382,50.055083]},"properties":{"line":"134","mode":"bus","color":"#0059a9","colorDark":"#00294f","band":1,"off":[-1.5,1.1]}},{"type":"Feature","geometry":{"type":"Point","coordinates":[19.855382,50.055083]},"properties":{"line":"434","mode":"bus","color":"#0059a9","colorDark":"#00294f","band":1,"off":[1.5,1.1]}},{"type":"Feature","geometry":{"type":"Point","coordinates":[19.92259,50.058487]},"properties":{"line":"134","mode":"bus","color":"#0059a9","colorDark":"#00294f","band":1,"off":[-1.5,1.1]}},{"type":"Feature","geometry":{"type":"Point","coordinates":[19.92259,50.058487]},"properties":{"line":"307","mode":"bus","color":"#0059a9","colorDark":"#00294f","band":1,"off":[1.5,1.1]}},{"type":"Feature","geometry":{"type":"Point","coordinates":[19.862337,50.059104]},"properties":{"line":"134","mode":"bus","color":"#0059a9","colorDark":"#00294f","band":1,"off":[-1.5,1.1]}},{"type":"Feature","geometry":{"type":"Point","coordinates":[19.862337,50.059104]},"properties":{"line":"434","mode":"bus","color":"#0059a9","colorDark":"#00294f","band":1,"off":[1.5,1.1]}},{"type":"Feature","geometry":{"type":"Point","coordinates":[19.964453,50.099858]},"properties":{"line":"137","mode":"bus","color":"#0059a9","colorDark":"#00294f","band":1,"off":[-4.5,1.1]}},{"type":"Feature","geometry":{"type":"Point","coordinates":[19.964453,50.099858]},"properties":{"line":"169","mode":"bus","color":"#0059a9","colorDark":"#00294f","band":1,"off":[-1.5,1.1]}},{"type":"Feature","geometry":{"type":"Point","coordinates":[19.964453,50.099858]},"properties":{"line":"469","mode":"bus","color":"#0059a9","colorDark":"#00294f","band":1,"off":[1.5,1.1]}},{"type":"Feature","geometry":{"type":"Point","coordinates":[19.964453,50.099858]},"properties":{"line":"503","mode":"bus","color":"#0059a9","colorDark":"#00294f","band":1,"off":[4.5,1.1]}},{"type":"Feature","geometry":{"type":"Point","coordinates":[19.899012,50.070695]},"properties":{"line":"139","mode":"bus","color":"#0059a9","colorDark":"#00294f","band":1,"off":[-6,1.1]}},{"type":"Feature","geometry":{"type":"Point","coordinates":[19.899012,50.070695]},"properties":{"line":"164","mode":"bus","color":"#0059a9","colorDark":"#00294f","band":1,"off":[-3,1.1]}},{"type":"Feature","geometry":{"type":"Point","coordinates":[19.899012,50.070695]},"properties":{"line":"173","mode":"bus","color":"#0059a9","colorDark":"#00294f","band":1,"off":[0,1.1]}},{"type":"Feature","geometry":{"type":"Point","coordinates":[19.899012,50.070695]},"properties":{"line":"199","mode":"bus","color":"#0059a9","colorDark":"#00294f","band":1,"off":[3,1.1]}},{"type":"Feature","geometry":{"type":"Point","coordinates":[19.899012,50.070695]},"properties":{"line":"310","mode":"bus","color":"#0059a9","colorDark":"#00294f","band":1,"off":[6,1.1]}},{"type":"Feature","geometry":{"type":"Point","coordinates":[19.899012,50.070695]},"properties":{"line":"511","mode":"bus","color":"#0059a9","colorDark":"#00294f","band":1,"off":[-3,2.6]}},{"type":"Feature","geometry":{"type":"Point","coordinates":[19.899012,50.070695]},"properties":{"line":"601","mode":"bus","color":"#0059a9","colorDark":"#00294f","band":1,"off":[0,2.6]}},{"type":"Feature","geometry":{"type":"Point","coordinates":[19.899012,50.070695]},"properties":{"line":"611","mode":"bus","color":"#0059a9","colorDark":"#00294f","band":1,"off":[3,2.6]}},{"type":"Feature","geometry":{"type":"Point","coordinates":[19.894032,50.08625]},"properties":{"line":"140","mode":"bus","color":"#0059a9","colorDark":"#00294f","band":1,"off":[0,1.1]}},{"type":"Feature","geometry":{"type":"Point","coordinates":[20.011009,50.006305]},"properties":{"line":"144","mode":"bus","color":"#0059a9","colorDark":"#00294f","band":1,"off":[-1.5,1.1]}},{"type":"Feature","geometry":{"type":"Point","coordinates":[20.011009,50.006305]},"properties":{"line":"195","mode":"bus","color":"#0059a9","colorDark":"#00294f","band":1,"off":[1.5,1.1]}},{"type":"Feature","geometry":{"type":"Point","coordinates":[19.930286,50.096264]},"properties":{"line":"144","mode":"bus","color":"#0059a9","colorDark":"#00294f","band":1,"off":[-1.5,1.1]}},{"type":"Feature","geometry":{"type":"Point","coordinates":[19.930286,50.096264]},"properties":{"line":"904","mode":"bus","color":"#0059a9","colorDark":"#00294f","band":1,"off":[1.5,1.1]}},{"type":"Feature","geometry":{"type":"Point","coordinates":[20.015237,50.075143]},"properties":{"line":"148","mode":"bus","color":"#0059a9","colorDark":"#00294f","band":1,"off":[-6,1.1]}},{"type":"Feature","geometry":{"type":"Point","coordinates":[20.015237,50.075143]},"properties":{"line":"202","mode":"bus","color":"#0059a9","colorDark":"#00294f","band":1,"off":[-3,1.1]}},{"type":"Feature","geometry":{"type":"Point","coordinates":[20.015237,50.075143]},"properties":{"line":"212","mode":"bus","color":"#0059a9","colorDark":"#00294f","band":1,"off":[0,1.1]}},{"type":"Feature","geometry":{"type":"Point","coordinates":[20.015237,50.075143]},"properties":{"line":"222","mode":"bus","color":"#0059a9","colorDark":"#00294f","band":1,"off":[3,1.1]}},{"type":"Feature","geometry":{"type":"Point","coordinates":[20.015237,50.075143]},"properties":{"line":"232","mode":"bus","color":"#0059a9","colorDark":"#00294f","band":1,"off":[6,1.1]}},{"type":"Feature","geometry":{"type":"Point","coordinates":[20.015237,50.075143]},"properties":{"line":"262","mode":"bus","color":"#0059a9","colorDark":"#00294f","band":1,"off":[-1.5,2.6]}},{"type":"Feature","geometry":{"type":"Point","coordinates":[20.015237,50.075143]},"properties":{"line":"611","mode":"bus","color":"#0059a9","colorDark":"#00294f","band":1,"off":[1.5,2.6]}},{"type":"Feature","geometry":{"type":"Point","coordinates":[20.064061,50.099456]},"properties":{"line":"149","mode":"bus","color":"#0059a9","colorDark":"#00294f","band":1,"off":[0,1.1]}},{"type":"Feature","geometry":{"type":"Point","coordinates":[19.897641,50.095021]},"properties":{"line":"150","mode":"bus","color":"#0059a9","colorDark":"#00294f","band":1,"off":[-1.5,1.1]}},{"type":"Feature","geometry":{"type":"Point","coordinates":[19.897641,50.095021]},"properties":{"line":"240","mode":"bus","color":"#0059a9","colorDark":"#00294f","band":1,"off":[1.5,1.1]}},{"type":"Feature","geometry":{"type":"Point","coordinates":[20.003626,50.009332]},"properties":{"line":"153","mode":"bus","color":"#0059a9","colorDark":"#00294f","band":1,"off":[-1.5,1.1]}},{"type":"Feature","geometry":{"type":"Point","coordinates":[20.003626,50.009332]},"properties":{"line":"513","mode":"bus","color":"#0059a9","colorDark":"#00294f","band":1,"off":[1.5,1.1]}},{"type":"Feature","geometry":{"type":"Point","coordinates":[20.052867,50.008398]},"properties":{"line":"153","mode":"bus","color":"#0059a9","colorDark":"#00294f","band":1,"off":[-1.5,1.1]}},{"type":"Feature","geometry":{"type":"Point","coordinates":[20.052867,50.008398]},"properties":{"line":"284","mode":"bus","color":"#0059a9","colorDark":"#00294f","band":1,"off":[1.5,1.1]}},{"type":"Feature","geometry":{"type":"Point","coordinates":[20.023092,50.01539]},"properties":{"line":"3","mode":"tram","color":"#d6212b","colorDark":"#7c1116","band":1,"off":[-6,1.1]}},{"type":"Feature","geometry":{"type":"Point","coordinates":[20.023092,50.01539]},"properties":{"line":"9","mode":"tram","color":"#d6212b","colorDark":"#7c1116","band":1,"off":[-3,1.1]}},{"type":"Feature","geometry":{"type":"Point","coordinates":[20.023092,50.01539]},"properties":{"line":"13","mode":"tram","color":"#d6212b","colorDark":"#7c1116","band":1,"off":[0,1.1]}},{"type":"Feature","geometry":{"type":"Point","coordinates":[20.023092,50.01539]},"properties":{"line":"49","mode":"tram","color":"#d6212b","colorDark":"#7c1116","band":1,"off":[3,1.1]}},{"type":"Feature","geometry":{"type":"Point","coordinates":[20.023092,50.01539]},"properties":{"line":"69","mode":"tram","color":"#d6212b","colorDark":"#7c1116","band":1,"off":[6,1.1]}},{"type":"Feature","geometry":{"type":"Point","coordinates":[20.023092,50.01539]},"properties":{"line":"153","mode":"bus","color":"#0059a9","colorDark":"#00294f","band":1,"off":[-6,2.6]}},{"type":"Feature","geometry":{"type":"Point","coordinates":[20.023092,50.01539]},"properties":{"line":"195","mode":"bus","color":"#0059a9","colorDark":"#00294f","band":1,"off":[-3,2.6]}},{"type":"Feature","geometry":{"type":"Point","coordinates":[20.023092,50.01539]},"properties":{"line":"234","mode":"bus","color":"#0059a9","colorDark":"#00294f","band":1,"off":[0,2.6]}},{"type":"Feature","geometry":{"type":"Point","coordinates":[20.023092,50.01539]},"properties":{"line":"284","mode":"bus","color":"#0059a9","colorDark":"#00294f","band":1,"off":[3,2.6]}},{"type":"Feature","geometry":{"type":"Point","coordinates":[20.023092,50.01539]},"properties":{"line":"669","mode":"bus","color":"#0059a9","colorDark":"#00294f","band":1,"off":[6,2.6]}},{"type":"Feature","geometry":{"type":"Point","coordinates":[20.060018,50.047632]},"properties":{"line":"158","mode":"bus","color":"#0059a9","colorDark":"#00294f","band":1,"off":[0,1.1]}},{"type":"Feature","geometry":{"type":"Point","coordinates":[19.844449,50.006404]},"properties":{"line":"162","mode":"bus","color":"#0059a9","colorDark":"#00294f","band":1,"off":[0,1.1]}},{"type":"Feature","geometry":{"type":"Point","coordinates":[19.970086,50.015255]},"properties":{"line":"164","mode":"bus","color":"#0059a9","colorDark":"#00294f","band":1,"off":[-4.5,1.1]}},{"type":"Feature","geometry":{"type":"Point","coordinates":[19.970086,50.015255]},"properties":{"line":"204","mode":"bus","color":"#0059a9","colorDark":"#00294f","band":1,"off":[-1.5,1.1]}},{"type":"Feature","geometry":{"type":"Point","coordinates":[19.970086,50.015255]},"properties":{"line":"224","mode":"bus","color":"#0059a9","colorDark":"#00294f","band":1,"off":[1.5,1.1]}},{"type":"Feature","geometry":{"type":"Point","coordinates":[19.970086,50.015255]},"properties":{"line":"904","mode":"bus","color":"#0059a9","colorDark":"#00294f","band":1,"off":[4.5,1.1]}},{"type":"Feature","geometry":{"type":"Point","coordinates":[19.840192,50.090889]},"properties":{"line":"164","mode":"bus","color":"#0059a9","colorDark":"#00294f","band":1,"off":[-3,1.1]}},{"type":"Feature","geometry":{"type":"Point","coordinates":[19.840192,50.090889]},"properties":{"line":"199","mode":"bus","color":"#0059a9","colorDark":"#00294f","band":1,"off":[0,1.1]}},{"type":"Feature","geometry":{"type":"Point","coordinates":[19.840192,50.090889]},"properties":{"line":"601","mode":"bus","color":"#0059a9","colorDark":"#00294f","band":1,"off":[3,1.1]}},{"type":"Feature","geometry":{"type":"Point","coordinates":[19.897204,50.093298]},"properties":{"line":"168","mode":"bus","color":"#0059a9","colorDark":"#00294f","band":1,"off":[-1.5,1.1]}},{"type":"Feature","geometry":{"type":"Point","coordinates":[19.897204,50.093298]},"properties":{"line":"240","mode":"bus","color":"#0059a9","colorDark":"#00294f","band":1,"off":[1.5,1.1]}},{"type":"Feature","geometry":{"type":"Point","coordinates":[20.189654,50.113617]},"properties":{"line":"171","mode":"bus","color":"#0059a9","colorDark":"#00294f","band":1,"off":[-1.5,1.1]}},{"type":"Feature","geometry":{"type":"Point","coordinates":[20.189654,50.113617]},"properties":{"line":"271","mode":"bus","color":"#0059a9","colorDark":"#00294f","band":1,"off":[1.5,1.1]}},{"type":"Feature","geometry":{"type":"Point","coordinates":[20.015548,50.012676]},"properties":{"line":"173","mode":"bus","color":"#0059a9","colorDark":"#00294f","band":1,"off":[-6,1.1]}},{"type":"Feature","geometry":{"type":"Point","coordinates":[20.015548,50.012676]},"properties":{"line":"234","mode":"bus","color":"#0059a9","colorDark":"#00294f","band":1,"off":[-3,1.1]}},{"type":"Feature","geometry":{"type":"Point","coordinates":[20.015548,50.012676]},"properties":{"line":"244","mode":"bus","color":"#0059a9","colorDark":"#00294f","band":1,"off":[0,1.1]}},{"type":"Feature","geometry":{"type":"Point","coordinates":[20.015548,50.012676]},"properties":{"line":"274","mode":"bus","color":"#0059a9","colorDark":"#00294f","band":1,"off":[3,1.1]}},{"type":"Feature","geometry":{"type":"Point","coordinates":[20.015548,50.012676]},"properties":{"line":"284","mode":"bus","color":"#0059a9","colorDark":"#00294f","band":1,"off":[6,1.1]}},{"type":"Feature","geometry":{"type":"Point","coordinates":[20.015548,50.012676]},"properties":{"line":"503","mode":"bus","color":"#0059a9","colorDark":"#00294f","band":1,"off":[0,2.6]}},{"type":"Feature","geometry":{"type":"Point","coordinates":[19.960373,50.004485]},"properties":{"line":"174","mode":"bus","color":"#0059a9","colorDark":"#00294f","band":1,"off":[-1.5,1.1]}},{"type":"Feature","geometry":{"type":"Point","coordinates":[19.960373,50.004485]},"properties":{"line":"179","mode":"bus","color":"#0059a9","colorDark":"#00294f","band":1,"off":[1.5,1.1]}},{"type":"Feature","geometry":{"type":"Point","coordinates":[20.035572,50.071743]},"properties":{"line":"10","mode":"tram","color":"#d6212b","colorDark":"#7c1116","band":1,"off":[-6,1.1]}},{"type":"Feature","geometry":{"type":"Point","coordinates":[20.035572,50.071743]},"properties":{"line":"22","mode":"tram","color":"#d6212b","colorDark":"#7c1116","band":1,"off":[-3,1.1]}},{"type":"Feature","geometry":{"type":"Point","coordinates":[20.035572,50.071743]},"properties":{"line":"62","mode":"tram","color":"#d6212b","colorDark":"#7c1116","band":1,"off":[0,1.1]}},{"type":"Feature","geometry":{"type":"Point","coordinates":[20.035572,50.071743]},"properties":{"line":"74","mode":"tram","color":"#d6212b","colorDark":"#7c1116","band":1,"off":[3,1.1]}},{"type":"Feature","geometry":{"type":"Point","coordinates":[20.035572,50.071743]},"properties":{"line":"75","mode":"tram","color":"#d6212b","colorDark":"#7c1116","band":1,"off":[6,1.1]}},{"type":"Feature","geometry":{"type":"Point","coordinates":[20.035572,50.071743]},"properties":{"line":"174","mode":"bus","color":"#0059a9","colorDark":"#00294f","band":1,"off":[-3,2.6]}},{"type":"Feature","geometry":{"type":"Point","coordinates":[20.035572,50.071743]},"properties":{"line":"463","mode":"bus","color":"#0059a9","colorDark":"#00294f","band":1,"off":[0,2.6]}},{"type":"Feature","geometry":{"type":"Point","coordinates":[20.035572,50.071743]},"properties":{"line":"662","mode":"bus","color":"#0059a9","colorDark":"#00294f","band":1,"off":[3,2.6]}},{"type":"Feature","geometry":{"type":"Point","coordinates":[19.871982,49.988471]},"properties":{"line":"175","mode":"bus","color":"#0059a9","colorDark":"#00294f","band":1,"off":[-3,1.1]}},{"type":"Feature","geometry":{"type":"Point","coordinates":[19.871982,49.988471]},"properties":{"line":"233","mode":"bus","color":"#0059a9","colorDark":"#00294f","band":1,"off":[0,1.1]}},{"type":"Feature","geometry":{"type":"Point","coordinates":[19.871982,49.988471]},"properties":{"line":"475","mode":"bus","color":"#0059a9","colorDark":"#00294f","band":1,"off":[3,1.1]}},{"type":"Feature","geometry":{"type":"Point","coordinates":[19.867555,50.038703]},"properties":{"line":"176","mode":"bus","color":"#0059a9","colorDark":"#00294f","band":1,"off":[0,1.1]}},{"type":"Feature","geometry":{"type":"Point","coordinates":[20.050115,50.097851]},"properties":{"line":"180","mode":"bus","color":"#0059a9","colorDark":"#00294f","band":1,"off":[-4.5,1.1]}},{"type":"Feature","geometry":{"type":"Point","coordinates":[20.050115,50.097851]},"properties":{"line":"182","mode":"bus","color":"#0059a9","colorDark":"#00294f","band":1,"off":[-1.5,1.1]}},{"type":"Feature","geometry":{"type":"Point","coordinates":[20.050115,50.097851]},"properties":{"line":"511","mode":"bus","color":"#0059a9","colorDark":"#00294f","band":1,"off":[1.5,1.1]}},{"type":"Feature","geometry":{"type":"Point","coordinates":[20.050115,50.097851]},"properties":{"line":"608","mode":"bus","color":"#0059a9","colorDark":"#00294f","band":1,"off":[4.5,1.1]}},{"type":"Feature","geometry":{"type":"Point","coordinates":[20.073158,50.097325]},"properties":{"line":"180","mode":"bus","color":"#0059a9","colorDark":"#00294f","band":1,"off":[0,1.1]}},{"type":"Feature","geometry":{"type":"Point","coordinates":[19.805888,50.06186]},"properties":{"line":"192","mode":"bus","color":"#0059a9","colorDark":"#00294f","band":1,"off":[-3,1.1]}},{"type":"Feature","geometry":{"type":"Point","coordinates":[19.805888,50.06186]},"properties":{"line":"300","mode":"bus","color":"#0059a9","colorDark":"#00294f","band":1,"off":[0,1.1]}},{"type":"Feature","geometry":{"type":"Point","coordinates":[19.805888,50.06186]},"properties":{"line":"902","mode":"bus","color":"#0059a9","colorDark":"#00294f","band":1,"off":[3,1.1]}},{"type":"Feature","geometry":{"type":"Point","coordinates":[19.685759,50.237651]},"properties":{"line":"200","mode":"bus","color":"#0059a9","colorDark":"#00294f","band":1,"off":[0,1.1]}},{"type":"Feature","geometry":{"type":"Point","coordinates":[20.160193,50.187641]},"properties":{"line":"202","mode":"bus","color":"#0059a9","colorDark":"#00294f","band":1,"off":[0,1.1]}},{"type":"Feature","geometry":{"type":"Point","coordinates":[20.11313,50.135103]},"properties":{"line":"202","mode":"bus","color":"#0059a9","colorDark":"#00294f","band":1,"off":[-6,1.1]}},{"type":"Feature","geometry":{"type":"Point","coordinates":[20.11313,50.135103]},"properties":{"line":"222","mode":"bus","color":"#0059a9","colorDark":"#00294f","band":1,"off":[-3,1.1]}},{"type":"Feature","geometry":{"type":"Point","coordinates":[20.11313,50.135103]},"properties":{"line":"232","mode":"bus","color":"#0059a9","colorDark":"#00294f","band":1,"off":[0,1.1]}},{"type":"Feature","geometry":{"type":"Point","coordinates":[20.11313,50.135103]},"properties":{"line":"262","mode":"bus","color":"#0059a9","colorDark":"#00294f","band":1,"off":[3,1.1]}},{"type":"Feature","geometry":{"type":"Point","coordinates":[20.11313,50.135103]},"properties":{"line":"272","mode":"bus","color":"#0059a9","colorDark":"#00294f","band":1,"off":[6,1.1]}},{"type":"Feature","geometry":{"type":"Point","coordinates":[19.847422,50.027565]},"properties":{"line":"203","mode":"bus","color":"#0059a9","colorDark":"#00294f","band":1,"off":[0,1.1]}},{"type":"Feature","geometry":{"type":"Point","coordinates":[19.821764,49.97649]},"properties":{"line":"203","mode":"bus","color":"#0059a9","colorDark":"#00294f","band":1,"off":[0,1.1]}},{"type":"Feature","geometry":{"type":"Point","coordinates":[20.074891,49.986339]},"properties":{"line":"204","mode":"bus","color":"#0059a9","colorDark":"#00294f","band":1,"off":[-6,1.1]}},{"type":"Feature","geometry":{"type":"Point","coordinates":[20.074891,49.986339]},"properties":{"line":"224","mode":"bus","color":"#0059a9","colorDark":"#00294f","band":1,"off":[-3,1.1]}},{"type":"Feature","geometry":{"type":"Point","coordinates":[20.074891,49.986339]},"properties":{"line":"244","mode":"bus","color":"#0059a9","colorDark":"#00294f","band":1,"off":[0,1.1]}},{"type":"Feature","geometry":{"type":"Point","coordinates":[20.074891,49.986339]},"properties":{"line":"304","mode":"bus","color":"#0059a9","colorDark":"#00294f","band":1,"off":[3,1.1]}},{"type":"Feature","geometry":{"type":"Point","coordinates":[20.074891,49.986339]},"properties":{"line":"904","mode":"bus","color":"#0059a9","colorDark":"#00294f","band":1,"off":[6,1.1]}},{"type":"Feature","geometry":{"type":"Point","coordinates":[19.910909,50.141]},"properties":{"line":"207","mode":"bus","color":"#0059a9","colorDark":"#00294f","band":1,"off":[0,1.1]}},{"type":"Feature","geometry":{"type":"Point","coordinates":[19.915233,50.052902]},"properties":{"line":"1","mode":"tram","color":"#d6212b","colorDark":"#7c1116","band":1,"off":[-6,1.1]}},{"type":"Feature","geometry":{"type":"Point","coordinates":[19.915233,50.052902]},"properties":{"line":"13","mode":"tram","color":"#d6212b","colorDark":"#7c1116","band":1,"off":[-3,1.1]}},{"type":"Feature","geometry":{"type":"Point","coordinates":[19.915233,50.052902]},"properties":{"line":"209","mode":"bus","color":"#0059a9","colorDark":"#00294f","band":1,"off":[0,1.1]}},{"type":"Feature","geometry":{"type":"Point","coordinates":[19.915233,50.052902]},"properties":{"line":"229","mode":"bus","color":"#0059a9","colorDark":"#00294f","band":1,"off":[3,1.1]}},{"type":"Feature","geometry":{"type":"Point","coordinates":[19.915233,50.052902]},"properties":{"line":"269","mode":"bus","color":"#0059a9","colorDark":"#00294f","band":1,"off":[6,1.1]}},{"type":"Feature","geometry":{"type":"Point","coordinates":[19.753279,50.075181]},"properties":{"line":"209","mode":"bus","color":"#0059a9","colorDark":"#00294f","band":1,"off":[0,1.1]}},{"type":"Feature","geometry":{"type":"Point","coordinates":[19.800201,50.071563]},"properties":{"line":"209","mode":"bus","color":"#0059a9","colorDark":"#00294f","band":1,"off":[-3,1.1]}},{"type":"Feature","geometry":{"type":"Point","coordinates":[19.800201,50.071563]},"properties":{"line":"300","mode":"bus","color":"#0059a9","colorDark":"#00294f","band":1,"off":[0,1.1]}},{"type":"Feature","geometry":{"type":"Point","coordinates":[19.800201,50.071563]},"properties":{"line":"902","mode":"bus","color":"#0059a9","colorDark":"#00294f","band":1,"off":[3,1.1]}},{"type":"Feature","geometry":{"type":"Point","coordinates":[19.840837,50.114289]},"properties":{"line":"210","mode":"bus","color":"#0059a9","colorDark":"#00294f","band":1,"off":[0,1.1]}},{"type":"Feature","geometry":{"type":"Point","coordinates":[20.352597,50.080185]},"properties":{"line":"211","mode":"bus","color":"#0059a9","colorDark":"#00294f","band":1,"off":[0,1.1]}},{"type":"Feature","geometry":{"type":"Point","coordinates":[20.188001,50.126996]},"properties":{"line":"212","mode":"bus","color":"#0059a9","colorDark":"#00294f","band":1,"off":[-1.5,1.1]}},{"type":"Feature","geometry":{"type":"Point","coordinates":[20.188001,50.126996]},"properties":{"line":"271","mode":"bus","color":"#0059a9","colorDark":"#00294f","band":1,"off":[1.5,1.1]}},{"type":"Feature","geometry":{"type":"Point","coordinates":[19.997666,49.958498]},"properties":{"line":"214","mode":"bus","color":"#0059a9","colorDark":"#00294f","band":1,"off":[0,1.1]}},{"type":"Feature","geometry":{"type":"Point","coordinates":[19.999363,49.934869]},"properties":{"line":"215","mode":"bus","color":"#0059a9","colorDark":"#00294f","band":1,"off":[0,1.1]}},{"type":"Feature","geometry":{"type":"Point","coordinates":[19.946657,49.934314]},"properties":{"line":"215","mode":"bus","color":"#0059a9","colorDark":"#00294f","band":1,"off":[-4.5,1.1]}},{"type":"Feature","geometry":{"type":"Point","coordinates":[19.946657,49.934314]},"properties":{"line":"225","mode":"bus","color":"#0059a9","colorDark":"#00294f","band":1,"off":[-1.5,1.1]}},{"type":"Feature","geometry":{"type":"Point","coordinates":[19.946657,49.934314]},"properties":{"line":"285","mode":"bus","color":"#0059a9","colorDark":"#00294f","band":1,"off":[1.5,1.1]}},{"type":"Feature","geometry":{"type":"Point","coordinates":[19.946657,49.934314]},"properties":{"line":"915","mode":"bus","color":"#0059a9","colorDark":"#00294f","band":1,"off":[4.5,1.1]}},{"type":"Feature","geometry":{"type":"Point","coordinates":[19.974789,50.128752]},"properties":{"line":"217","mode":"bus","color":"#0059a9","colorDark":"#00294f","band":1,"off":[0,1.1]}},{"type":"Feature","geometry":{"type":"Point","coordinates":[19.80126,50.11952]},"properties":{"line":"218","mode":"bus","color":"#0059a9","colorDark":"#00294f","band":1,"off":[0,1.1]}},{"type":"Feature","geometry":{"type":"Point","coordinates":[19.778521,49.98714]},"properties":{"line":"219","mode":"bus","color":"#0059a9","colorDark":"#00294f","band":1,"off":[-3,1.1]}},{"type":"Feature","geometry":{"type":"Point","coordinates":[19.778521,49.98714]},"properties":{"line":"239","mode":"bus","color":"#0059a9","colorDark":"#00294f","band":1,"off":[0,1.1]}},{"type":"Feature","geometry":{"type":"Point","coordinates":[19.778521,49.98714]},"properties":{"line":"279","mode":"bus","color":"#0059a9","colorDark":"#00294f","band":1,"off":[3,1.1]}},{"type":"Feature","geometry":{"type":"Point","coordinates":[19.87103,50.151601]},"properties":{"line":"220","mode":"bus","color":"#0059a9","colorDark":"#00294f","band":1,"off":[0,1.1]}},{"type":"Feature","geometry":{"type":"Point","coordinates":[20.216381,50.037958]},"properties":{"line":"221","mode":"bus","color":"#0059a9","colorDark":"#00294f","band":1,"off":[-1.5,1.1]}},{"type":"Feature","geometry":{"type":"Point","coordinates":[20.216381,50.037958]},"properties":{"line":"301","mode":"bus","color":"#0059a9","colorDark":"#00294f","band":1,"off":[1.5,1.1]}},{"type":"Feature","geometry":{"type":"Point","coordinates":[20.084491,50.245302]},"properties":{"line":"222","mode":"bus","color":"#0059a9","colorDark":"#00294f","band":1,"off":[0,1.1]}},{"type":"Feature","geometry":{"type":"Point","coordinates":[19.829836,49.968548]},"properties":{"line":"223","mode":"bus","color":"#0059a9","colorDark":"#00294f","band":1,"off":[-6,1.1]}},{"type":"Feature","geometry":{"type":"Point","coordinates":[19.829836,49.968548]},"properties":{"line":"233","mode":"bus","color":"#0059a9","colorDark":"#00294f","band":1,"off":[-3,1.1]}},{"type":"Feature","geometry":{"type":"Point","coordinates":[19.829836,49.968548]},"properties":{"line":"243","mode":"bus","color":"#0059a9","colorDark":"#00294f","band":1,"off":[0,1.1]}},{"type":"Feature","geometry":{"type":"Point","coordinates":[19.829836,49.968548]},"properties":{"line":"245","mode":"bus","color":"#0059a9","colorDark":"#00294f","band":1,"off":[3,1.1]}},{"type":"Feature","geometry":{"type":"Point","coordinates":[19.829836,49.968548]},"properties":{"line":"283","mode":"bus","color":"#0059a9","colorDark":"#00294f","band":1,"off":[6,1.1]}},{"type":"Feature","geometry":{"type":"Point","coordinates":[19.829836,49.968548]},"properties":{"line":"293","mode":"bus","color":"#0059a9","colorDark":"#00294f","band":1,"off":[-1.5,2.6]}},{"type":"Feature","geometry":{"type":"Point","coordinates":[19.829836,49.968548]},"properties":{"line":"903","mode":"bus","color":"#0059a9","colorDark":"#00294f","band":1,"off":[1.5,2.6]}},{"type":"Feature","geometry":{"type":"Point","coordinates":[19.628372,49.967169]},"properties":{"line":"223","mode":"bus","color":"#0059a9","colorDark":"#00294f","band":1,"off":[0,1.1]}},{"type":"Feature","geometry":{"type":"Point","coordinates":[19.937099,50.012394]},"properties":{"line":"224","mode":"bus","color":"#0059a9","colorDark":"#00294f","band":1,"off":[0,1.1]}},{"type":"Feature","geometry":{"type":"Point","coordinates":[19.936107,50.162466]},"properties":{"line":"227","mode":"bus","color":"#0059a9","colorDark":"#00294f","band":1,"off":[-3,1.1]}},{"type":"Feature","geometry":{"type":"Point","coordinates":[19.936107,50.162466]},"properties":{"line":"280","mode":"bus","color":"#0059a9","colorDark":"#00294f","band":1,"off":[0,1.1]}},{"type":"Feature","geometry":{"type":"Point","coordinates":[19.936107,50.162466]},"properties":{"line":"917","mode":"bus","color":"#0059a9","colorDark":"#00294f","band":1,"off":[3,1.1]}},{"type":"Feature","geometry":{"type":"Point","coordinates":[19.709535,50.082165]},"properties":{"line":"228","mode":"bus","color":"#0059a9","colorDark":"#00294f","band":1,"off":[0,1.1]}},{"type":"Feature","geometry":{"type":"Point","coordinates":[19.586718,50.01495]},"properties":{"line":"229","mode":"bus","color":"#0059a9","colorDark":"#00294f","band":1,"off":[0,1.1]}},{"type":"Feature","geometry":{"type":"Point","coordinates":[19.676514,49.987181]},"properties":{"line":"229","mode":"bus","color":"#0059a9","colorDark":"#00294f","band":1,"off":[-3,1.1]}},{"type":"Feature","geometry":{"type":"Point","coordinates":[19.676514,49.987181]},"properties":{"line":"249","mode":"bus","color":"#0059a9","colorDark":"#00294f","band":1,"off":[0,1.1]}},{"type":"Feature","geometry":{"type":"Point","coordinates":[19.676514,49.987181]},"properties":{"line":"259","mode":"bus","color":"#0059a9","colorDark":"#00294f","band":1,"off":[3,1.1]}},{"type":"Feature","geometry":{"type":"Point","coordinates":[19.820314,50.135826]},"properties":{"line":"230","mode":"bus","color":"#0059a9","colorDark":"#00294f","band":1,"off":[-3,1.1]}},{"type":"Feature","geometry":{"type":"Point","coordinates":[19.820314,50.135826]},"properties":{"line":"288","mode":"bus","color":"#0059a9","colorDark":"#00294f","band":1,"off":[0,1.1]}},{"type":"Feature","geometry":{"type":"Point","coordinates":[19.820314,50.135826]},"properties":{"line":"910","mode":"bus","color":"#0059a9","colorDark":"#00294f","band":1,"off":[3,1.1]}},{"type":"Feature","geometry":{"type":"Point","coordinates":[20.109786,50.177533]},"properties":{"line":"232","mode":"bus","color":"#0059a9","colorDark":"#00294f","band":1,"off":[0,1.1]}},{"type":"Feature","geometry":{"type":"Point","coordinates":[20.115211,50.01476]},"properties":{"line":"234","mode":"bus","color":"#0059a9","colorDark":"#00294f","band":1,"off":[0,1.1]}},{"type":"Feature","geometry":{"type":"Point","coordinates":[19.785141,49.968666]},"properties":{"line":"235","mode":"bus","color":"#0059a9","colorDark":"#00294f","band":1,"off":[0,1.1]}},{"type":"Feature","geometry":{"type":"Point","coordinates":[19.692426,50.111972]},"properties":{"line":"238","mode":"bus","color":"#0059a9","colorDark":"#00294f","band":1,"off":[0,1.1]}},{"type":"Feature","geometry":{"type":"Point","coordinates":[19.711842,50.122248]},"properties":{"line":"238","mode":"bus","color":"#0059a9","colorDark":"#00294f","band":1,"off":[-3,1.1]}},{"type":"Feature","geometry":{"type":"Point","coordinates":[19.711842,50.122248]},"properties":{"line":"278","mode":"bus","color":"#0059a9","colorDark":"#00294f","band":1,"off":[0,1.1]}},{"type":"Feature","geometry":{"type":"Point","coordinates":[19.711842,50.122248]},"properties":{"line":"918","mode":"bus","color":"#0059a9","colorDark":"#00294f","band":1,"off":[3,1.1]}},{"type":"Feature","geometry":{"type":"Point","coordinates":[19.897806,50.12819]},"properties":{"line":"240","mode":"bus","color":"#0059a9","colorDark":"#00294f","band":1,"off":[-1.5,1.1]}},{"type":"Feature","geometry":{"type":"Point","coordinates":[19.897806,50.12819]},"properties":{"line":"290","mode":"bus","color":"#0059a9","colorDark":"#00294f","band":1,"off":[1.5,1.1]}},{"type":"Feature","geometry":{"type":"Point","coordinates":[20.13828,50.115926]},"properties":{"line":"242","mode":"bus","color":"#0059a9","colorDark":"#00294f","band":1,"off":[0,1.1]}},{"type":"Feature","geometry":{"type":"Point","coordinates":[19.870839,49.944031]},"properties":{"line":"245","mode":"bus","color":"#0059a9","colorDark":"#00294f","band":1,"off":[-4.5,1.1]}},{"type":"Feature","geometry":{"type":"Point","coordinates":[19.870839,49.944031]},"properties":{"line":"255","mode":"bus","color":"#0059a9","colorDark":"#00294f","band":1,"off":[-1.5,1.1]}},{"type":"Feature","geometry":{"type":"Point","coordinates":[19.870839,49.944031]},"properties":{"line":"275","mode":"bus","color":"#0059a9","colorDark":"#00294f","band":1,"off":[1.5,1.1]}},{"type":"Feature","geometry":{"type":"Point","coordinates":[19.870839,49.944031]},"properties":{"line":"285","mode":"bus","color":"#0059a9","colorDark":"#00294f","band":1,"off":[4.5,1.1]}},{"type":"Feature","geometry":{"type":"Point","coordinates":[19.939789,50.123612]},"properties":{"line":"247","mode":"bus","color":"#0059a9","colorDark":"#00294f","band":1,"off":[0,1.1]}},{"type":"Feature","geometry":{"type":"Point","coordinates":[19.811558,50.161429]},"properties":{"line":"248","mode":"bus","color":"#0059a9","colorDark":"#00294f","band":1,"off":[-1.5,1.1]}},{"type":"Feature","geometry":{"type":"Point","coordinates":[19.811558,50.161429]},"properties":{"line":"948","mode":"bus","color":"#0059a9","colorDark":"#00294f","band":1,"off":[1.5,1.1]}},{"type":"Feature","geometry":{"type":"Point","coordinates":[20.050674,50.121266]},"properties":{"line":"250","mode":"bus","color":"#0059a9","colorDark":"#00294f","band":1,"off":[-1.5,1.1]}},{"type":"Feature","geometry":{"type":"Point","coordinates":[20.050674,50.121266]},"properties":{"line":"270","mode":"bus","color":"#0059a9","colorDark":"#00294f","band":1,"off":[1.5,1.1]}},{"type":"Feature","geometry":{"type":"Point","coordinates":[19.7684,49.902494]},"properties":{"line":"253","mode":"bus","color":"#0059a9","colorDark":"#00294f","band":1,"off":[0,1.1]}},{"type":"Feature","geometry":{"type":"Point","coordinates":[19.967323,49.973872]},"properties":{"line":"254","mode":"bus","color":"#0059a9","colorDark":"#00294f","band":1,"off":[0,1.1]}},{"type":"Feature","geometry":{"type":"Point","coordinates":[19.932575,50.180683]},"properties":{"line":"257","mode":"bus","color":"#0059a9","colorDark":"#00294f","band":1,"off":[0,1.1]}},{"type":"Feature","geometry":{"type":"Point","coordinates":[19.709609,50.106673]},"properties":{"line":"258","mode":"bus","color":"#0059a9","colorDark":"#00294f","band":1,"off":[-1.5,1.1]}},{"type":"Feature","geometry":{"type":"Point","coordinates":[19.709609,50.106673]},"properties":{"line":"298","mode":"bus","color":"#0059a9","colorDark":"#00294f","band":1,"off":[1.5,1.1]}},{"type":"Feature","geometry":{"type":"Point","coordinates":[19.727926,49.986355]},"properties":{"line":"259","mode":"bus","color":"#0059a9","colorDark":"#00294f","band":1,"off":[-1.5,1.1]}},{"type":"Feature","geometry":{"type":"Point","coordinates":[19.727926,49.986355]},"properties":{"line":"279","mode":"bus","color":"#0059a9","colorDark":"#00294f","band":1,"off":[1.5,1.1]}},{"type":"Feature","geometry":{"type":"Point","coordinates":[20.048651,50.147309]},"properties":{"line":"260","mode":"bus","color":"#0059a9","colorDark":"#00294f","band":1,"off":[-1.5,1.1]}},{"type":"Feature","geometry":{"type":"Point","coordinates":[20.048651,50.147309]},"properties":{"line":"270","mode":"bus","color":"#0059a9","colorDark":"#00294f","band":1,"off":[1.5,1.1]}},{"type":"Feature","geometry":{"type":"Point","coordinates":[20.155413,50.166477]},"properties":{"line":"262","mode":"bus","color":"#0059a9","colorDark":"#00294f","band":1,"off":[0,1.1]}},{"type":"Feature","geometry":{"type":"Point","coordinates":[20.139398,50.040548]},"properties":{"line":"264","mode":"bus","color":"#0059a9","colorDark":"#00294f","band":1,"off":[0,1.1]}},{"type":"Feature","geometry":{"type":"Point","coordinates":[19.921218,49.944225]},"properties":{"line":"265","mode":"bus","color":"#0059a9","colorDark":"#00294f","band":1,"off":[0,1.1]}},{"type":"Feature","geometry":{"type":"Point","coordinates":[19.853842,50.230307]},"properties":{"line":"267","mode":"bus","color":"#0059a9","colorDark":"#00294f","band":1,"off":[0,1.1]}},{"type":"Feature","geometry":{"type":"Point","coordinates":[19.77392,50.152471]},"properties":{"line":"268","mode":"bus","color":"#0059a9","colorDark":"#00294f","band":1,"off":[0,1.1]}},{"type":"Feature","geometry":{"type":"Point","coordinates":[19.634105,50.039651]},"properties":{"line":"269","mode":"bus","color":"#0059a9","colorDark":"#00294f","band":1,"off":[0,1.1]}},{"type":"Feature","geometry":{"type":"Point","coordinates":[19.768024,49.932971]},"properties":{"line":"273","mode":"bus","color":"#0059a9","colorDark":"#00294f","band":1,"off":[0,1.1]}},{"type":"Feature","geometry":{"type":"Point","coordinates":[20.147054,49.957328]},"properties":{"line":"274","mode":"bus","color":"#0059a9","colorDark":"#00294f","band":1,"off":[0,1.1]}},{"type":"Feature","geometry":{"type":"Point","coordinates":[19.902954,49.913619]},"properties":{"line":"275","mode":"bus","color":"#0059a9","colorDark":"#00294f","band":1,"off":[0,1.1]}},{"type":"Feature","geometry":{"type":"Point","coordinates":[19.979634,50.220567]},"properties":{"line":"277","mode":"bus","color":"#0059a9","colorDark":"#00294f","band":1,"off":[0,1.1]}},{"type":"Feature","geometry":{"type":"Point","coordinates":[19.709393,50.148281]},"properties":{"line":"278","mode":"bus","color":"#0059a9","colorDark":"#00294f","band":1,"off":[0,1.1]}},{"type":"Feature","geometry":{"type":"Point","coordinates":[19.913209,50.174271]},"properties":{"line":"280","mode":"bus","color":"#0059a9","colorDark":"#00294f","band":1,"off":[-3,1.1]}},{"type":"Feature","geometry":{"type":"Point","coordinates":[19.913209,50.174271]},"properties":{"line":"337","mode":"bus","color":"#0059a9","colorDark":"#00294f","band":1,"off":[0,1.1]}},{"type":"Feature","geometry":{"type":"Point","coordinates":[19.913209,50.174271]},"properties":{"line":"937","mode":"bus","color":"#0059a9","colorDark":"#00294f","band":1,"off":[3,1.1]}},{"type":"Feature","geometry":{"type":"Point","coordinates":[20.05702,49.985067]},"properties":{"line":"284","mode":"bus","color":"#0059a9","colorDark":"#00294f","band":1,"off":[0,1.1]}},{"type":"Feature","geometry":{"type":"Point","coordinates":[19.973934,49.954175]},"properties":{"line":"285","mode":"bus","color":"#0059a9","colorDark":"#00294f","band":1,"off":[0,1.1]}},{"type":"Feature","geometry":{"type":"Point","coordinates":[19.735685,49.926523]},"properties":{"line":"295","mode":"bus","color":"#0059a9","colorDark":"#00294f","band":1,"off":[0,1.1]}},{"type":"Feature","geometry":{"type":"Point","coordinates":[19.983159,50.128605]},"properties":{"line":"297","mode":"bus","color":"#0059a9","colorDark":"#00294f","band":1,"off":[0,1.1]}},{"type":"Feature","geometry":{"type":"Point","coordinates":[19.978456,50.158875]},"properties":{"line":"307","mode":"bus","color":"#0059a9","colorDark":"#00294f","band":1,"off":[0,1.1]}},{"type":"Feature","geometry":{"type":"Point","coordinates":[19.747301,50.158629]},"properties":{"line":"310","mode":"bus","color":"#0059a9","colorDark":"#00294f","band":1,"off":[-1.5,1.1]}},{"type":"Feature","geometry":{"type":"Point","coordinates":[19.747301,50.158629]},"properties":{"line":"910","mode":"bus","color":"#0059a9","colorDark":"#00294f","band":1,"off":[1.5,1.1]}},{"type":"Feature","geometry":{"type":"Point","coordinates":[19.942316,50.107389]},"properties":{"line":"317","mode":"bus","color":"#0059a9","colorDark":"#00294f","band":1,"off":[0,1.1]}},{"type":"Feature","geometry":{"type":"Point","coordinates":[19.984161,50.077034]},"properties":{"line":"424","mode":"bus","color":"#0059a9","colorDark":"#00294f","band":1,"off":[0,1.1]}},{"type":"Feature","geometry":{"type":"Point","coordinates":[19.936225,50.030092]},"properties":{"line":"463","mode":"bus","color":"#0059a9","colorDark":"#00294f","band":1,"off":[-1.5,1.1]}},{"type":"Feature","geometry":{"type":"Point","coordinates":[19.936225,50.030092]},"properties":{"line":"915","mode":"bus","color":"#0059a9","colorDark":"#00294f","band":1,"off":[1.5,1.1]}},{"type":"Feature","geometry":{"type":"Point","coordinates":[19.982993,50.005775]},"properties":{"line":"469","mode":"bus","color":"#0059a9","colorDark":"#00294f","band":1,"off":[0,1.1]}},{"type":"Feature","geometry":{"type":"Point","coordinates":[19.99956,50.033175]},"properties":{"line":"497","mode":"bus","color":"#0059a9","colorDark":"#00294f","band":1,"off":[0,1.1]}},{"type":"Feature","geometry":{"type":"Point","coordinates":[19.923683,50.100575]},"properties":{"line":"513","mode":"bus","color":"#0059a9","colorDark":"#00294f","band":1,"off":[0,1.1]}},{"type":"Feature","geometry":{"type":"Point","coordinates":[19.814514,50.008316]},"properties":{"line":"712","mode":"bus","color":"#0059a9","colorDark":"#00294f","band":1,"off":[0,1.1]}},{"type":"Feature","geometry":{"type":"Point","coordinates":[19.83127,50.212833]},"properties":{"line":"LR0","mode":"bus","color":"#0059a9","colorDark":"#00294f","band":1,"off":[0,1.1]}},{"type":"Feature","geometry":{"type":"Point","coordinates":[20.064855,50.094596]},"properties":{"line":"1","mode":"tram","color":"#d6212b","colorDark":"#7c1116","band":1,"off":[-3,1.1]}},{"type":"Feature","geometry":{"type":"Point","coordinates":[20.064855,50.094596]},"properties":{"line":"5","mode":"tram","color":"#d6212b","colorDark":"#7c1116","band":1,"off":[0,1.1]}},{"type":"Feature","geometry":{"type":"Point","coordinates":[20.064855,50.094596]},"properties":{"line":"74","mode":"tram","color":"#d6212b","colorDark":"#7c1116","band":1,"off":[3,1.1]}},{"type":"Feature","geometry":{"type":"Point","coordinates":[19.931661,50.089386]},"properties":{"line":"3","mode":"tram","color":"#d6212b","colorDark":"#7c1116","band":1,"off":[-1.5,1.1]}},{"type":"Feature","geometry":{"type":"Point","coordinates":[19.931661,50.089386]},"properties":{"line":"5","mode":"tram","color":"#d6212b","colorDark":"#7c1116","band":1,"off":[1.5,1.1]}},{"type":"Feature","geometry":{"type":"Point","coordinates":[19.940383,50.075925]},"properties":{"line":"3","mode":"tram","color":"#d6212b","colorDark":"#7c1116","band":1,"off":[-6,1.1]}},{"type":"Feature","geometry":{"type":"Point","coordinates":[19.940383,50.075925]},"properties":{"line":"5","mode":"tram","color":"#d6212b","colorDark":"#7c1116","band":1,"off":[-3,1.1]}},{"type":"Feature","geometry":{"type":"Point","coordinates":[19.940383,50.075925]},"properties":{"line":"17","mode":"tram","color":"#d6212b","colorDark":"#7c1116","band":1,"off":[0,1.1]}},{"type":"Feature","geometry":{"type":"Point","coordinates":[19.940383,50.075925]},"properties":{"line":"50","mode":"tram","color":"#d6212b","colorDark":"#7c1116","band":1,"off":[3,1.1]}},{"type":"Feature","geometry":{"type":"Point","coordinates":[19.940383,50.075925]},"properties":{"line":"69","mode":"tram","color":"#d6212b","colorDark":"#7c1116","band":1,"off":[6,1.1]}},{"type":"Feature","geometry":{"type":"Point","coordinates":[19.927011,50.013093]},"properties":{"line":"8","mode":"tram","color":"#d6212b","colorDark":"#7c1116","band":1,"off":[-3,1.1]}},{"type":"Feature","geometry":{"type":"Point","coordinates":[19.927011,50.013093]},"properties":{"line":"22","mode":"tram","color":"#d6212b","colorDark":"#7c1116","band":1,"off":[0,1.1]}},{"type":"Feature","geometry":{"type":"Point","coordinates":[19.927011,50.013093]},"properties":{"line":"50","mode":"tram","color":"#d6212b","colorDark":"#7c1116","band":1,"off":[3,1.1]}},{"type":"Feature","geometry":{"type":"Point","coordinates":[19.903375,50.062937]},"properties":{"line":"8","mode":"tram","color":"#d6212b","colorDark":"#7c1116","band":1,"off":[-1.5,1.1]}},{"type":"Feature","geometry":{"type":"Point","coordinates":[19.903375,50.062937]},"properties":{"line":"14","mode":"tram","color":"#d6212b","colorDark":"#7c1116","band":1,"off":[1.5,1.1]}},{"type":"Feature","geometry":{"type":"Point","coordinates":[20.021371,50.090091]},"properties":{"line":"9","mode":"tram","color":"#d6212b","colorDark":"#7c1116","band":1,"off":[-6,1.1]}},{"type":"Feature","geometry":{"type":"Point","coordinates":[20.021371,50.090091]},"properties":{"line":"14","mode":"tram","color":"#d6212b","colorDark":"#7c1116","band":1,"off":[-3,1.1]}},{"type":"Feature","geometry":{"type":"Point","coordinates":[20.021371,50.090091]},"properties":{"line":"16","mode":"tram","color":"#d6212b","colorDark":"#7c1116","band":1,"off":[0,1.1]}},{"type":"Feature","geometry":{"type":"Point","coordinates":[20.021371,50.090091]},"properties":{"line":"21","mode":"tram","color":"#d6212b","colorDark":"#7c1116","band":1,"off":[3,1.1]}},{"type":"Feature","geometry":{"type":"Point","coordinates":[20.021371,50.090091]},"properties":{"line":"52","mode":"tram","color":"#d6212b","colorDark":"#7c1116","band":1,"off":[6,1.1]}},{"type":"Feature","geometry":{"type":"Point","coordinates":[19.948094,50.014078]},"properties":{"line":"10","mode":"tram","color":"#d6212b","colorDark":"#7c1116","band":1,"off":[-3,1.1]}},{"type":"Feature","geometry":{"type":"Point","coordinates":[19.948094,50.014078]},"properties":{"line":"11","mode":"tram","color":"#d6212b","colorDark":"#7c1116","band":1,"off":[0,1.1]}},{"type":"Feature","geometry":{"type":"Point","coordinates":[19.948094,50.014078]},"properties":{"line":"50","mode":"tram","color":"#d6212b","colorDark":"#7c1116","band":1,"off":[3,1.1]}},{"type":"Feature","geometry":{"type":"Point","coordinates":[20.064912,50.067772]},"properties":{"line":"10","mode":"tram","color":"#d6212b","colorDark":"#7c1116","band":1,"off":[-1.5,1.1]}},{"type":"Feature","geometry":{"type":"Point","coordinates":[20.064912,50.067772]},"properties":{"line":"16","mode":"tram","color":"#d6212b","colorDark":"#7c1116","band":1,"off":[1.5,1.1]}},{"type":"Feature","geometry":{"type":"Point","coordinates":[19.995526,50.094875]},"properties":{"line":"14","mode":"tram","color":"#d6212b","colorDark":"#7c1116","band":1,"off":[-1.5,1.1]}},{"type":"Feature","geometry":{"type":"Point","coordinates":[19.995526,50.094875]},"properties":{"line":"16","mode":"tram","color":"#d6212b","colorDark":"#7c1116","band":1,"off":[1.5,1.1]}},{"type":"Feature","geometry":{"type":"Point","coordinates":[20.067076,50.069652]},"properties":{"line":"21","mode":"tram","color":"#d6212b","colorDark":"#7c1116","band":1,"off":[-3,1.1]}},{"type":"Feature","geometry":{"type":"Point","coordinates":[20.067076,50.069652]},"properties":{"line":"22","mode":"tram","color":"#d6212b","colorDark":"#7c1116","band":1,"off":[0,1.1]}},{"type":"Feature","geometry":{"type":"Point","coordinates":[20.067076,50.069652]},"properties":{"line":"75","mode":"tram","color":"#d6212b","colorDark":"#7c1116","band":1,"off":[3,1.1]}},{"type":"Feature","geometry":{"type":"Point","coordinates":[20.052452,50.076212]},"properties":{"line":"21","mode":"tram","color":"#d6212b","colorDark":"#7c1116","band":1,"off":[-4.5,1.1]}},{"type":"Feature","geometry":{"type":"Point","coordinates":[20.052452,50.076212]},"properties":{"line":"22","mode":"tram","color":"#d6212b","colorDark":"#7c1116","band":1,"off":[-1.5,1.1]}},{"type":"Feature","geometry":{"type":"Point","coordinates":[20.052452,50.076212]},"properties":{"line":"74","mode":"tram","color":"#d6212b","colorDark":"#7c1116","band":1,"off":[1.5,1.1]}},{"type":"Feature","geometry":{"type":"Point","coordinates":[20.052452,50.076212]},"properties":{"line":"75","mode":"tram","color":"#d6212b","colorDark":"#7c1116","band":1,"off":[4.5,1.1]}},{"type":"Feature","geometry":{"type":"Point","coordinates":[19.985167,50.072101]},"properties":{"line":"49","mode":"tram","color":"#d6212b","colorDark":"#7c1116","band":1,"off":[0,1.1]}},{"type":"Feature","geometry":{"type":"Point","coordinates":[19.9574,50.074278]},"properties":{"line":"76","mode":"tram","color":"#d6212b","colorDark":"#7c1116","band":1,"off":[0,1.1]}},{"type":"Feature","geometry":{"type":"Point","coordinates":[19.931215,50.088526]},"properties":{"line":"102","mode":"bus","color":"#0059a9","colorDark":"#00294f","band":2,"off":[-6,1.1]}},{"type":"Feature","geometry":{"type":"Point","coordinates":[19.931215,50.088526]},"properties":{"line":"137","mode":"bus","color":"#0059a9","colorDark":"#00294f","band":2,"off":[-3,1.1]}},{"type":"Feature","geometry":{"type":"Point","coordinates":[19.931215,50.088526]},"properties":{"line":"150","mode":"bus","color":"#0059a9","colorDark":"#00294f","band":2,"off":[0,1.1]}},{"type":"Feature","geometry":{"type":"Point","coordinates":[19.931215,50.088526]},"properties":{"line":"168","mode":"bus","color":"#0059a9","colorDark":"#00294f","band":2,"off":[3,1.1]}},{"type":"Feature","geometry":{"type":"Point","coordinates":[19.931215,50.088526]},"properties":{"line":"194","mode":"bus","color":"#0059a9","colorDark":"#00294f","band":2,"off":[6,1.1]}},{"type":"Feature","geometry":{"type":"Point","coordinates":[19.931215,50.088526]},"properties":{"line":"207","mode":"bus","color":"#0059a9","colorDark":"#00294f","band":2,"off":[-6,2.6]}},{"type":"Feature","geometry":{"type":"Point","coordinates":[19.931215,50.088526]},"properties":{"line":"220","mode":"bus","color":"#0059a9","colorDark":"#00294f","band":2,"off":[-3,2.6]}},{"type":"Feature","geometry":{"type":"Point","coordinates":[19.931215,50.088526]},"properties":{"line":"227","mode":"bus","color":"#0059a9","colorDark":"#00294f","band":2,"off":[0,2.6]}},{"type":"Feature","geometry":{"type":"Point","coordinates":[19.931215,50.088526]},"properties":{"line":"240","mode":"bus","color":"#0059a9","colorDark":"#00294f","band":2,"off":[3,2.6]}},{"type":"Feature","geometry":{"type":"Point","coordinates":[19.931215,50.088526]},"properties":{"line":"267","mode":"bus","color":"#0059a9","colorDark":"#00294f","band":2,"off":[6,2.6]}},{"type":"Feature","geometry":{"type":"Point","coordinates":[19.931215,50.088526]},"properties":{"line":"290","mode":"bus","color":"#0059a9","colorDark":"#00294f","band":2,"off":[-1.5,4.1]}},{"type":"Feature","geometry":{"type":"Point","coordinates":[19.931215,50.088526]},"properties":{"line":"937","mode":"bus","color":"#0059a9","colorDark":"#00294f","band":2,"off":[1.5,4.1]}},{"type":"Feature","geometry":{"type":"Point","coordinates":[19.819855,50.043295]},"properties":{"line":"102","mode":"bus","color":"#0059a9","colorDark":"#00294f","band":2,"off":[-1.5,1.1]}},{"type":"Feature","geometry":{"type":"Point","coordinates":[19.819855,50.043295]},"properties":{"line":"609","mode":"bus","color":"#0059a9","colorDark":"#00294f","band":2,"off":[1.5,1.1]}},{"type":"Feature","geometry":{"type":"Point","coordinates":[19.847207,50.067862]},"properties":{"line":"102","mode":"bus","color":"#0059a9","colorDark":"#00294f","band":2,"off":[-6,1.1]}},{"type":"Feature","geometry":{"type":"Point","coordinates":[19.847207,50.067862]},"properties":{"line":"126","mode":"bus","color":"#0059a9","colorDark":"#00294f","band":2,"off":[-3,1.1]}},{"type":"Feature","geometry":{"type":"Point","coordinates":[19.847207,50.067862]},"properties":{"line":"192","mode":"bus","color":"#0059a9","colorDark":"#00294f","band":2,"off":[0,1.1]}},{"type":"Feature","geometry":{"type":"Point","coordinates":[19.847207,50.067862]},"properties":{"line":"300","mode":"bus","color":"#0059a9","colorDark":"#00294f","band":2,"off":[3,1.1]}},{"type":"Feature","geometry":{"type":"Point","coordinates":[19.847207,50.067862]},"properties":{"line":"902","mode":"bus","color":"#0059a9","colorDark":"#00294f","band":2,"off":[6,1.1]}},{"type":"Feature","geometry":{"type":"Point","coordinates":[19.92774,49.999784]},"properties":{"line":"104","mode":"bus","color":"#0059a9","colorDark":"#00294f","band":2,"off":[-3,1.1]}},{"type":"Feature","geometry":{"type":"Point","coordinates":[19.92774,49.999784]},"properties":{"line":"155","mode":"bus","color":"#0059a9","colorDark":"#00294f","band":2,"off":[0,1.1]}},{"type":"Feature","geometry":{"type":"Point","coordinates":[19.92774,49.999784]},"properties":{"line":"254","mode":"bus","color":"#0059a9","colorDark":"#00294f","band":2,"off":[3,1.1]}},{"type":"Feature","geometry":{"type":"Point","coordinates":[19.897177,49.998655]},"properties":{"line":"104","mode":"bus","color":"#0059a9","colorDark":"#00294f","band":2,"off":[-6,1.1]}},{"type":"Feature","geometry":{"type":"Point","coordinates":[19.897177,49.998655]},"properties":{"line":"151","mode":"bus","color":"#0059a9","colorDark":"#00294f","band":2,"off":[-3,1.1]}},{"type":"Feature","geometry":{"type":"Point","coordinates":[19.897177,49.998655]},"properties":{"line":"194","mode":"bus","color":"#0059a9","colorDark":"#00294f","band":2,"off":[0,1.1]}},{"type":"Feature","geometry":{"type":"Point","coordinates":[19.897177,49.998655]},"properties":{"line":"494","mode":"bus","color":"#0059a9","colorDark":"#00294f","band":2,"off":[3,1.1]}},{"type":"Feature","geometry":{"type":"Point","coordinates":[19.897177,49.998655]},"properties":{"line":"608","mode":"bus","color":"#0059a9","colorDark":"#00294f","band":2,"off":[6,1.1]}},{"type":"Feature","geometry":{"type":"Point","coordinates":[19.889249,50.018088]},"properties":{"line":"11","mode":"tram","color":"#d6212b","colorDark":"#7c1116","band":2,"off":[-6,1.1]}},{"type":"Feature","geometry":{"type":"Point","coordinates":[19.889249,50.018088]},"properties":{"line":"17","mode":"tram","color":"#d6212b","colorDark":"#7c1116","band":2,"off":[-3,1.1]}},{"type":"Feature","geometry":{"type":"Point","coordinates":[19.889249,50.018088]},"properties":{"line":"18","mode":"tram","color":"#d6212b","colorDark":"#7c1116","band":2,"off":[0,1.1]}},{"type":"Feature","geometry":{"type":"Point","coordinates":[19.889249,50.018088]},"properties":{"line":"52","mode":"tram","color":"#d6212b","colorDark":"#7c1116","band":2,"off":[3,1.1]}},{"type":"Feature","geometry":{"type":"Point","coordinates":[19.889249,50.018088]},"properties":{"line":"62","mode":"tram","color":"#d6212b","colorDark":"#7c1116","band":2,"off":[6,1.1]}},{"type":"Feature","geometry":{"type":"Point","coordinates":[19.889249,50.018088]},"properties":{"line":"104","mode":"bus","color":"#0059a9","colorDark":"#00294f","band":2,"off":[-6,2.6]}},{"type":"Feature","geometry":{"type":"Point","coordinates":[19.889249,50.018088]},"properties":{"line":"204","mode":"bus","color":"#0059a9","colorDark":"#00294f","band":2,"off":[-3,2.6]}},{"type":"Feature","geometry":{"type":"Point","coordinates":[19.889249,50.018088]},"properties":{"line":"223","mode":"bus","color":"#0059a9","colorDark":"#00294f","band":2,"off":[0,2.6]}},{"type":"Feature","geometry":{"type":"Point","coordinates":[19.889249,50.018088]},"properties":{"line":"233","mode":"bus","color":"#0059a9","colorDark":"#00294f","band":2,"off":[3,2.6]}},{"type":"Feature","geometry":{"type":"Point","coordinates":[19.889249,50.018088]},"properties":{"line":"253","mode":"bus","color":"#0059a9","colorDark":"#00294f","band":2,"off":[6,2.6]}},{"type":"Feature","geometry":{"type":"Point","coordinates":[19.889249,50.018088]},"properties":{"line":"283","mode":"bus","color":"#0059a9","colorDark":"#00294f","band":2,"off":[-4.5,4.1]}},{"type":"Feature","geometry":{"type":"Point","coordinates":[19.889249,50.018088]},"properties":{"line":"476","mode":"bus","color":"#0059a9","colorDark":"#00294f","band":2,"off":[-1.5,4.1]}},{"type":"Feature","geometry":{"type":"Point","coordinates":[19.889249,50.018088]},"properties":{"line":"662","mode":"bus","color":"#0059a9","colorDark":"#00294f","band":2,"off":[1.5,4.1]}},{"type":"Feature","geometry":{"type":"Point","coordinates":[19.889249,50.018088]},"properties":{"line":"903","mode":"bus","color":"#0059a9","colorDark":"#00294f","band":2,"off":[4.5,4.1]}},{"type":"Feature","geometry":{"type":"Point","coordinates":[20.012427,50.102006]},"properties":{"line":"21","mode":"tram","color":"#d6212b","colorDark":"#7c1116","band":2,"off":[-3,1.1]}},{"type":"Feature","geometry":{"type":"Point","coordinates":[20.012427,50.102006]},"properties":{"line":"52","mode":"tram","color":"#d6212b","colorDark":"#7c1116","band":2,"off":[0,1.1]}},{"type":"Feature","geometry":{"type":"Point","coordinates":[20.012427,50.102006]},"properties":{"line":"105","mode":"bus","color":"#0059a9","colorDark":"#00294f","band":2,"off":[3,1.1]}},{"type":"Feature","geometry":{"type":"Point","coordinates":[19.974275,50.096778]},"properties":{"line":"105","mode":"bus","color":"#0059a9","colorDark":"#00294f","band":2,"off":[-6,1.1]}},{"type":"Feature","geometry":{"type":"Point","coordinates":[19.974275,50.096778]},"properties":{"line":"199","mode":"bus","color":"#0059a9","colorDark":"#00294f","band":2,"off":[-3,1.1]}},{"type":"Feature","geometry":{"type":"Point","coordinates":[19.974275,50.096778]},"properties":{"line":"250","mode":"bus","color":"#0059a9","colorDark":"#00294f","band":2,"off":[0,1.1]}},{"type":"Feature","geometry":{"type":"Point","coordinates":[19.974275,50.096778]},"properties":{"line":"260","mode":"bus","color":"#0059a9","colorDark":"#00294f","band":2,"off":[3,1.1]}},{"type":"Feature","geometry":{"type":"Point","coordinates":[19.974275,50.096778]},"properties":{"line":"270","mode":"bus","color":"#0059a9","colorDark":"#00294f","band":2,"off":[6,1.1]}},{"type":"Feature","geometry":{"type":"Point","coordinates":[19.974275,50.096778]},"properties":{"line":"405","mode":"bus","color":"#0059a9","colorDark":"#00294f","band":2,"off":[-1.5,2.6]}},{"type":"Feature","geometry":{"type":"Point","coordinates":[19.974275,50.096778]},"properties":{"line":"610","mode":"bus","color":"#0059a9","colorDark":"#00294f","band":2,"off":[1.5,2.6]}},{"type":"Feature","geometry":{"type":"Point","coordinates":[19.944588,50.068585]},"properties":{"line":"105","mode":"bus","color":"#0059a9","colorDark":"#00294f","band":2,"off":[-3,1.1]}},{"type":"Feature","geometry":{"type":"Point","coordinates":[19.944588,50.068585]},"properties":{"line":"132","mode":"bus","color":"#0059a9","colorDark":"#00294f","band":2,"off":[0,1.1]}},{"type":"Feature","geometry":{"type":"Point","coordinates":[19.944588,50.068585]},"properties":{"line":"405","mode":"bus","color":"#0059a9","colorDark":"#00294f","band":2,"off":[3,1.1]}},{"type":"Feature","geometry":{"type":"Point","coordinates":[19.960381,50.023326]},"properties":{"line":"107","mode":"bus","color":"#0059a9","colorDark":"#00294f","band":2,"off":[-6,1.1]}},{"type":"Feature","geometry":{"type":"Point","coordinates":[19.960381,50.023326]},"properties":{"line":"164","mode":"bus","color":"#0059a9","colorDark":"#00294f","band":2,"off":[-3,1.1]}},{"type":"Feature","geometry":{"type":"Point","coordinates":[19.960381,50.023326]},"properties":{"line":"169","mode":"bus","color":"#0059a9","colorDark":"#00294f","band":2,"off":[0,1.1]}},{"type":"Feature","geometry":{"type":"Point","coordinates":[19.960381,50.023326]},"properties":{"line":"174","mode":"bus","color":"#0059a9","colorDark":"#00294f","band":2,"off":[3,1.1]}},{"type":"Feature","geometry":{"type":"Point","coordinates":[19.960381,50.023326]},"properties":{"line":"179","mode":"bus","color":"#0059a9","colorDark":"#00294f","band":2,"off":[6,1.1]}},{"type":"Feature","geometry":{"type":"Point","coordinates":[19.960381,50.023326]},"properties":{"line":"610","mode":"bus","color":"#0059a9","colorDark":"#00294f","band":2,"off":[0,2.6]}},{"type":"Feature","geometry":{"type":"Point","coordinates":[19.990106,49.979671]},"properties":{"line":"107","mode":"bus","color":"#0059a9","colorDark":"#00294f","band":2,"off":[0,1.1]}},{"type":"Feature","geometry":{"type":"Point","coordinates":[20.117115,50.072826]},"properties":{"line":"10","mode":"tram","color":"#d6212b","colorDark":"#7c1116","band":2,"off":[-6,1.1]}},{"type":"Feature","geometry":{"type":"Point","coordinates":[20.117115,50.072826]},"properties":{"line":"21","mode":"tram","color":"#d6212b","colorDark":"#7c1116","band":2,"off":[-3,1.1]}},{"type":"Feature","geometry":{"type":"Point","coordinates":[20.117115,50.072826]},"properties":{"line":"111","mode":"bus","color":"#0059a9","colorDark":"#00294f","band":2,"off":[0,1.1]}},{"type":"Feature","geometry":{"type":"Point","coordinates":[20.117115,50.072826]},"properties":{"line":"160","mode":"bus","color":"#0059a9","colorDark":"#00294f","band":2,"off":[3,1.1]}},{"type":"Feature","geometry":{"type":"Point","coordinates":[20.117115,50.072826]},"properties":{"line":"161","mode":"bus","color":"#0059a9","colorDark":"#00294f","band":2,"off":[6,1.1]}},{"type":"Feature","geometry":{"type":"Point","coordinates":[20.117115,50.072826]},"properties":{"line":"171","mode":"bus","color":"#0059a9","colorDark":"#00294f","band":2,"off":[-3,2.6]}},{"type":"Feature","geometry":{"type":"Point","coordinates":[20.117115,50.072826]},"properties":{"line":"211","mode":"bus","color":"#0059a9","colorDark":"#00294f","band":2,"off":[0,2.6]}},{"type":"Feature","geometry":{"type":"Point","coordinates":[20.117115,50.072826]},"properties":{"line":"271","mode":"bus","color":"#0059a9","colorDark":"#00294f","band":2,"off":[3,2.6]}},{"type":"Feature","geometry":{"type":"Point","coordinates":[19.842919,50.018925]},"properties":{"line":"112","mode":"bus","color":"#0059a9","colorDark":"#00294f","band":2,"off":[-1.5,1.1]}},{"type":"Feature","geometry":{"type":"Point","coordinates":[19.842919,50.018925]},"properties":{"line":"162","mode":"bus","color":"#0059a9","colorDark":"#00294f","band":2,"off":[1.5,1.1]}},{"type":"Feature","geometry":{"type":"Point","coordinates":[19.852133,50.028654]},"properties":{"line":"112","mode":"bus","color":"#0059a9","colorDark":"#00294f","band":2,"off":[-4.5,1.1]}},{"type":"Feature","geometry":{"type":"Point","coordinates":[19.852133,50.028654]},"properties":{"line":"162","mode":"bus","color":"#0059a9","colorDark":"#00294f","band":2,"off":[-1.5,1.1]}},{"type":"Feature","geometry":{"type":"Point","coordinates":[19.852133,50.028654]},"properties":{"line":"176","mode":"bus","color":"#0059a9","colorDark":"#00294f","band":2,"off":[1.5,1.1]}},{"type":"Feature","geometry":{"type":"Point","coordinates":[19.852133,50.028654]},"properties":{"line":"476","mode":"bus","color":"#0059a9","colorDark":"#00294f","band":2,"off":[4.5,1.1]}},{"type":"Feature","geometry":{"type":"Point","coordinates":[19.93274,50.0467]},"properties":{"line":"112","mode":"bus","color":"#0059a9","colorDark":"#00294f","band":2,"off":[-4.5,1.1]}},{"type":"Feature","geometry":{"type":"Point","coordinates":[19.93274,50.0467]},"properties":{"line":"126","mode":"bus","color":"#0059a9","colorDark":"#00294f","band":2,"off":[-1.5,1.1]}},{"type":"Feature","geometry":{"type":"Point","coordinates":[19.93274,50.0467]},"properties":{"line":"162","mode":"bus","color":"#0059a9","colorDark":"#00294f","band":2,"off":[1.5,1.1]}},{"type":"Feature","geometry":{"type":"Point","coordinates":[19.93274,50.0467]},"properties":{"line":"712","mode":"bus","color":"#0059a9","colorDark":"#00294f","band":2,"off":[4.5,1.1]}},{"type":"Feature","geometry":{"type":"Point","coordinates":[19.936132,50.07484]},"properties":{"line":"120","mode":"bus","color":"#0059a9","colorDark":"#00294f","band":2,"off":[-3,1.1]}},{"type":"Feature","geometry":{"type":"Point","coordinates":[19.936132,50.07484]},"properties":{"line":"140","mode":"bus","color":"#0059a9","colorDark":"#00294f","band":2,"off":[0,1.1]}},{"type":"Feature","geometry":{"type":"Point","coordinates":[19.936132,50.07484]},"properties":{"line":"337","mode":"bus","color":"#0059a9","colorDark":"#00294f","band":2,"off":[3,1.1]}},{"type":"Feature","geometry":{"type":"Point","coordinates":[19.870553,50.080141]},"properties":{"line":"120","mode":"bus","color":"#0059a9","colorDark":"#00294f","band":2,"off":[-1.5,1.1]}},{"type":"Feature","geometry":{"type":"Point","coordinates":[19.870553,50.080141]},"properties":{"line":"572","mode":"bus","color":"#0059a9","colorDark":"#00294f","band":2,"off":[1.5,1.1]}},{"type":"Feature","geometry":{"type":"Point","coordinates":[19.883032,50.082145]},"properties":{"line":"120","mode":"bus","color":"#0059a9","colorDark":"#00294f","band":2,"off":[-6,1.1]}},{"type":"Feature","geometry":{"type":"Point","coordinates":[19.883032,50.082145]},"properties":{"line":"238","mode":"bus","color":"#0059a9","colorDark":"#00294f","band":2,"off":[-3,1.1]}},{"type":"Feature","geometry":{"type":"Point","coordinates":[19.883032,50.082145]},"properties":{"line":"248","mode":"bus","color":"#0059a9","colorDark":"#00294f","band":2,"off":[0,1.1]}},{"type":"Feature","geometry":{"type":"Point","coordinates":[19.883032,50.082145]},"properties":{"line":"258","mode":"bus","color":"#0059a9","colorDark":"#00294f","band":2,"off":[3,1.1]}},{"type":"Feature","geometry":{"type":"Point","coordinates":[19.883032,50.082145]},"properties":{"line":"268","mode":"bus","color":"#0059a9","colorDark":"#00294f","band":2,"off":[6,1.1]}},{"type":"Feature","geometry":{"type":"Point","coordinates":[19.883032,50.082145]},"properties":{"line":"278","mode":"bus","color":"#0059a9","colorDark":"#00294f","band":2,"off":[-6,2.6]}},{"type":"Feature","geometry":{"type":"Point","coordinates":[19.883032,50.082145]},"properties":{"line":"288","mode":"bus","color":"#0059a9","colorDark":"#00294f","band":2,"off":[-3,2.6]}},{"type":"Feature","geometry":{"type":"Point","coordinates":[19.883032,50.082145]},"properties":{"line":"572","mode":"bus","color":"#0059a9","colorDark":"#00294f","band":2,"off":[0,2.6]}},{"type":"Feature","geometry":{"type":"Point","coordinates":[19.883032,50.082145]},"properties":{"line":"664","mode":"bus","color":"#0059a9","colorDark":"#00294f","band":2,"off":[3,2.6]}},{"type":"Feature","geometry":{"type":"Point","coordinates":[19.883032,50.082145]},"properties":{"line":"704","mode":"bus","color":"#0059a9","colorDark":"#00294f","band":2,"off":[6,2.6]}},{"type":"Feature","geometry":{"type":"Point","coordinates":[19.883032,50.082145]},"properties":{"line":"708","mode":"bus","color":"#0059a9","colorDark":"#00294f","band":2,"off":[-3,4.1]}},{"type":"Feature","geometry":{"type":"Point","coordinates":[19.883032,50.082145]},"properties":{"line":"910","mode":"bus","color":"#0059a9","colorDark":"#00294f","band":2,"off":[0,4.1]}},{"type":"Feature","geometry":{"type":"Point","coordinates":[19.883032,50.082145]},"properties":{"line":"948","mode":"bus","color":"#0059a9","colorDark":"#00294f","band":2,"off":[3,4.1]}},{"type":"Feature","geometry":{"type":"Point","coordinates":[19.890788,50.087618]},"properties":{"line":"120","mode":"bus","color":"#0059a9","colorDark":"#00294f","band":2,"off":[-6,1.1]}},{"type":"Feature","geometry":{"type":"Point","coordinates":[19.890788,50.087618]},"properties":{"line":"238","mode":"bus","color":"#0059a9","colorDark":"#00294f","band":2,"off":[-3,1.1]}},{"type":"Feature","geometry":{"type":"Point","coordinates":[19.890788,50.087618]},"properties":{"line":"248","mode":"bus","color":"#0059a9","colorDark":"#00294f","band":2,"off":[0,1.1]}},{"type":"Feature","geometry":{"type":"Point","coordinates":[19.890788,50.087618]},"properties":{"line":"258","mode":"bus","color":"#0059a9","colorDark":"#00294f","band":2,"off":[3,1.1]}},{"type":"Feature","geometry":{"type":"Point","coordinates":[19.890788,50.087618]},"properties":{"line":"268","mode":"bus","color":"#0059a9","colorDark":"#00294f","band":2,"off":[6,1.1]}},{"type":"Feature","geometry":{"type":"Point","coordinates":[19.890788,50.087618]},"properties":{"line":"278","mode":"bus","color":"#0059a9","colorDark":"#00294f","band":2,"off":[-3,2.6]}},{"type":"Feature","geometry":{"type":"Point","coordinates":[19.890788,50.087618]},"properties":{"line":"288","mode":"bus","color":"#0059a9","colorDark":"#00294f","band":2,"off":[0,2.6]}},{"type":"Feature","geometry":{"type":"Point","coordinates":[19.890788,50.087618]},"properties":{"line":"948","mode":"bus","color":"#0059a9","colorDark":"#00294f","band":2,"off":[3,2.6]}},{"type":"Feature","geometry":{"type":"Point","coordinates":[19.911619,49.995364]},"properties":{"line":"121","mode":"bus","color":"#0059a9","colorDark":"#00294f","band":2,"off":[0,1.1]}},{"type":"Feature","geometry":{"type":"Point","coordinates":[19.926645,50.011341]},"properties":{"line":"121","mode":"bus","color":"#0059a9","colorDark":"#00294f","band":2,"off":[-6,1.1]}},{"type":"Feature","geometry":{"type":"Point","coordinates":[19.926645,50.011341]},"properties":{"line":"151","mode":"bus","color":"#0059a9","colorDark":"#00294f","band":2,"off":[-3,1.1]}},{"type":"Feature","geometry":{"type":"Point","coordinates":[19.926645,50.011341]},"properties":{"line":"175","mode":"bus","color":"#0059a9","colorDark":"#00294f","band":2,"off":[0,1.1]}},{"type":"Feature","geometry":{"type":"Point","coordinates":[19.926645,50.011341]},"properties":{"line":"204","mode":"bus","color":"#0059a9","colorDark":"#00294f","band":2,"off":[3,1.1]}},{"type":"Feature","geometry":{"type":"Point","coordinates":[19.926645,50.011341]},"properties":{"line":"214","mode":"bus","color":"#0059a9","colorDark":"#00294f","band":2,"off":[6,1.1]}},{"type":"Feature","geometry":{"type":"Point","coordinates":[19.926645,50.011341]},"properties":{"line":"215","mode":"bus","color":"#0059a9","colorDark":"#00294f","band":2,"off":[-6,2.6]}},{"type":"Feature","geometry":{"type":"Point","coordinates":[19.926645,50.011341]},"properties":{"line":"225","mode":"bus","color":"#0059a9","colorDark":"#00294f","band":2,"off":[-3,2.6]}},{"type":"Feature","geometry":{"type":"Point","coordinates":[19.926645,50.011341]},"properties":{"line":"235","mode":"bus","color":"#0059a9","colorDark":"#00294f","band":2,"off":[0,2.6]}},{"type":"Feature","geometry":{"type":"Point","coordinates":[19.926645,50.011341]},"properties":{"line":"243","mode":"bus","color":"#0059a9","colorDark":"#00294f","band":2,"off":[3,2.6]}},{"type":"Feature","geometry":{"type":"Point","coordinates":[19.926645,50.011341]},"properties":{"line":"245","mode":"bus","color":"#0059a9","colorDark":"#00294f","band":2,"off":[6,2.6]}},{"type":"Feature","geometry":{"type":"Point","coordinates":[19.926645,50.011341]},"properties":{"line":"254","mode":"bus","color":"#0059a9","colorDark":"#00294f","band":2,"off":[-6,4.1]}},{"type":"Feature","geometry":{"type":"Point","coordinates":[19.926645,50.011341]},"properties":{"line":"255","mode":"bus","color":"#0059a9","colorDark":"#00294f","band":2,"off":[-3,4.1]}},{"type":"Feature","geometry":{"type":"Point","coordinates":[19.926645,50.011341]},"properties":{"line":"265","mode":"bus","color":"#0059a9","colorDark":"#00294f","band":2,"off":[0,4.1]}},{"type":"Feature","geometry":{"type":"Point","coordinates":[19.926645,50.011341]},"properties":{"line":"275","mode":"bus","color":"#0059a9","colorDark":"#00294f","band":2,"off":[3,4.1]}},{"type":"Feature","geometry":{"type":"Point","coordinates":[19.926645,50.011341]},"properties":{"line":"285","mode":"bus","color":"#0059a9","colorDark":"#00294f","band":2,"off":[6,4.1]}},{"type":"Feature","geometry":{"type":"Point","coordinates":[19.926645,50.011341]},"properties":{"line":"293","mode":"bus","color":"#0059a9","colorDark":"#00294f","band":2,"off":[-3,5.6]}},{"type":"Feature","geometry":{"type":"Point","coordinates":[19.926645,50.011341]},"properties":{"line":"475","mode":"bus","color":"#0059a9","colorDark":"#00294f","band":2,"off":[0,5.6]}},{"type":"Feature","geometry":{"type":"Point","coordinates":[19.926645,50.011341]},"properties":{"line":"610","mode":"bus","color":"#0059a9","colorDark":"#00294f","band":2,"off":[3,5.6]}},{"type":"Feature","geometry":{"type":"Point","coordinates":[20.043855,50.106217]},"properties":{"line":"122","mode":"bus","color":"#0059a9","colorDark":"#00294f","band":2,"off":[0,1.1]}},{"type":"Feature","geometry":{"type":"Point","coordinates":[20.033993,50.075238]},"properties":{"line":"122","mode":"bus","color":"#0059a9","colorDark":"#00294f","band":2,"off":[-1.5,1.1]}},{"type":"Feature","geometry":{"type":"Point","coordinates":[20.033993,50.075238]},"properties":{"line":"160","mode":"bus","color":"#0059a9","colorDark":"#00294f","band":2,"off":[1.5,1.1]}},{"type":"Feature","geometry":{"type":"Point","coordinates":[20.032761,50.091186]},"properties":{"line":"122","mode":"bus","color":"#0059a9","colorDark":"#00294f","band":2,"off":[-4.5,1.1]}},{"type":"Feature","geometry":{"type":"Point","coordinates":[20.032761,50.091186]},"properties":{"line":"138","mode":"bus","color":"#0059a9","colorDark":"#00294f","band":2,"off":[-1.5,1.1]}},{"type":"Feature","geometry":{"type":"Point","coordinates":[20.032761,50.091186]},"properties":{"line":"601","mode":"bus","color":"#0059a9","colorDark":"#00294f","band":2,"off":[1.5,1.1]}},{"type":"Feature","geometry":{"type":"Point","coordinates":[20.032761,50.091186]},"properties":{"line":"608","mode":"bus","color":"#0059a9","colorDark":"#00294f","band":2,"off":[4.5,1.1]}},{"type":"Feature","geometry":{"type":"Point","coordinates":[19.99605,50.095799]},"properties":{"line":"123","mode":"bus","color":"#0059a9","colorDark":"#00294f","band":2,"off":[-1.5,1.1]}},{"type":"Feature","geometry":{"type":"Point","coordinates":[19.99605,50.095799]},"properties":{"line":"482","mode":"bus","color":"#0059a9","colorDark":"#00294f","band":2,"off":[1.5,1.1]}},{"type":"Feature","geometry":{"type":"Point","coordinates":[20.001148,50.040149]},"properties":{"line":"11","mode":"tram","color":"#d6212b","colorDark":"#7c1116","band":2,"off":[-6,1.1]}},{"type":"Feature","geometry":{"type":"Point","coordinates":[20.001148,50.040149]},"properties":{"line":"20","mode":"tram","color":"#d6212b","colorDark":"#7c1116","band":2,"off":[-3,1.1]}},{"type":"Feature","geometry":{"type":"Point","coordinates":[20.001148,50.040149]},"properties":{"line":"76","mode":"tram","color":"#d6212b","colorDark":"#7c1116","band":2,"off":[0,1.1]}},{"type":"Feature","geometry":{"type":"Point","coordinates":[20.001148,50.040149]},"properties":{"line":"123","mode":"bus","color":"#0059a9","colorDark":"#00294f","band":2,"off":[3,1.1]}},{"type":"Feature","geometry":{"type":"Point","coordinates":[20.001148,50.040149]},"properties":{"line":"195","mode":"bus","color":"#0059a9","colorDark":"#00294f","band":2,"off":[6,1.1]}},{"type":"Feature","geometry":{"type":"Point","coordinates":[20.001148,50.040149]},"properties":{"line":"221","mode":"bus","color":"#0059a9","colorDark":"#00294f","band":2,"off":[-1.5,2.6]}},{"type":"Feature","geometry":{"type":"Point","coordinates":[20.001148,50.040149]},"properties":{"line":"264","mode":"bus","color":"#0059a9","colorDark":"#00294f","band":2,"off":[1.5,2.6]}},{"type":"Feature","geometry":{"type":"Point","coordinates":[20.045374,50.054047]},"properties":{"line":"123","mode":"bus","color":"#0059a9","colorDark":"#00294f","band":2,"off":[-1.5,1.1]}},{"type":"Feature","geometry":{"type":"Point","coordinates":[20.045374,50.054047]},"properties":{"line":"149","mode":"bus","color":"#0059a9","colorDark":"#00294f","band":2,"off":[1.5,1.1]}},{"type":"Feature","geometry":{"type":"Point","coordinates":[19.982603,50.071879]},"properties":{"line":"124","mode":"bus","color":"#0059a9","colorDark":"#00294f","band":2,"off":[-1.5,1.1]}},{"type":"Feature","geometry":{"type":"Point","coordinates":[19.982603,50.071879]},"properties":{"line":"128","mode":"bus","color":"#0059a9","colorDark":"#00294f","band":2,"off":[1.5,1.1]}},{"type":"Feature","geometry":{"type":"Point","coordinates":[19.944201,50.064876]},"properties":{"line":"124","mode":"bus","color":"#0059a9","colorDark":"#00294f","band":2,"off":[-6,1.1]}},{"type":"Feature","geometry":{"type":"Point","coordinates":[19.944201,50.064876]},"properties":{"line":"424","mode":"bus","color":"#0059a9","colorDark":"#00294f","band":2,"off":[-3,1.1]}},{"type":"Feature","geometry":{"type":"Point","coordinates":[19.944201,50.064876]},"properties":{"line":"601","mode":"bus","color":"#0059a9","colorDark":"#00294f","band":2,"off":[0,1.1]}},{"type":"Feature","geometry":{"type":"Point","coordinates":[19.944201,50.064876]},"properties":{"line":"605","mode":"bus","color":"#0059a9","colorDark":"#00294f","band":2,"off":[3,1.1]}},{"type":"Feature","geometry":{"type":"Point","coordinates":[19.944201,50.064876]},"properties":{"line":"608","mode":"bus","color":"#0059a9","colorDark":"#00294f","band":2,"off":[6,1.1]}},{"type":"Feature","geometry":{"type":"Point","coordinates":[19.944201,50.064876]},"properties":{"line":"610","mode":"bus","color":"#0059a9","colorDark":"#00294f","band":2,"off":[-6,2.6]}},{"type":"Feature","geometry":{"type":"Point","coordinates":[19.944201,50.064876]},"properties":{"line":"611","mode":"bus","color":"#0059a9","colorDark":"#00294f","band":2,"off":[-3,2.6]}},{"type":"Feature","geometry":{"type":"Point","coordinates":[19.944201,50.064876]},"properties":{"line":"664","mode":"bus","color":"#0059a9","colorDark":"#00294f","band":2,"off":[0,2.6]}},{"type":"Feature","geometry":{"type":"Point","coordinates":[19.944201,50.064876]},"properties":{"line":"704","mode":"bus","color":"#0059a9","colorDark":"#00294f","band":2,"off":[3,2.6]}},{"type":"Feature","geometry":{"type":"Point","coordinates":[19.944201,50.064876]},"properties":{"line":"902","mode":"bus","color":"#0059a9","colorDark":"#00294f","band":2,"off":[6,2.6]}},{"type":"Feature","geometry":{"type":"Point","coordinates":[19.944201,50.064876]},"properties":{"line":"904","mode":"bus","color":"#0059a9","colorDark":"#00294f","band":2,"off":[0,4.1]}},{"type":"Feature","geometry":{"type":"Point","coordinates":[20.051306,50.021807]},"properties":{"line":"125","mode":"bus","color":"#0059a9","colorDark":"#00294f","band":2,"off":[-1.5,1.1]}},{"type":"Feature","geometry":{"type":"Point","coordinates":[20.051306,50.021807]},"properties":{"line":"605","mode":"bus","color":"#0059a9","colorDark":"#00294f","band":2,"off":[1.5,1.1]}},{"type":"Feature","geometry":{"type":"Point","coordinates":[19.94943,50.068505]},"properties":{"line":"125","mode":"bus","color":"#0059a9","colorDark":"#00294f","band":2,"off":[-6,1.1]}},{"type":"Feature","geometry":{"type":"Point","coordinates":[19.94943,50.068505]},"properties":{"line":"182","mode":"bus","color":"#0059a9","colorDark":"#00294f","band":2,"off":[-3,1.1]}},{"type":"Feature","geometry":{"type":"Point","coordinates":[19.94943,50.068505]},"properties":{"line":"192","mode":"bus","color":"#0059a9","colorDark":"#00294f","band":2,"off":[0,1.1]}},{"type":"Feature","geometry":{"type":"Point","coordinates":[19.94943,50.068505]},"properties":{"line":"317","mode":"bus","color":"#0059a9","colorDark":"#00294f","band":2,"off":[3,1.1]}},{"type":"Feature","geometry":{"type":"Point","coordinates":[19.94943,50.068505]},"properties":{"line":"482","mode":"bus","color":"#0059a9","colorDark":"#00294f","band":2,"off":[6,1.1]}},{"type":"Feature","geometry":{"type":"Point","coordinates":[19.94943,50.068505]},"properties":{"line":"609","mode":"bus","color":"#0059a9","colorDark":"#00294f","band":2,"off":[-1.5,2.6]}},{"type":"Feature","geometry":{"type":"Point","coordinates":[19.94943,50.068505]},"properties":{"line":"902","mode":"bus","color":"#0059a9","colorDark":"#00294f","band":2,"off":[1.5,2.6]}},{"type":"Feature","geometry":{"type":"Point","coordinates":[19.962876,50.042123]},"properties":{"line":"127","mode":"bus","color":"#0059a9","colorDark":"#00294f","band":2,"off":[-6,1.1]}},{"type":"Feature","geometry":{"type":"Point","coordinates":[19.962876,50.042123]},"properties":{"line":"155","mode":"bus","color":"#0059a9","colorDark":"#00294f","band":2,"off":[-3,1.1]}},{"type":"Feature","geometry":{"type":"Point","coordinates":[19.962876,50.042123]},"properties":{"line":"158","mode":"bus","color":"#0059a9","colorDark":"#00294f","band":2,"off":[0,1.1]}},{"type":"Feature","geometry":{"type":"Point","coordinates":[19.962876,50.042123]},"properties":{"line":"427","mode":"bus","color":"#0059a9","colorDark":"#00294f","band":2,"off":[3,1.1]}},{"type":"Feature","geometry":{"type":"Point","coordinates":[19.962876,50.042123]},"properties":{"line":"497","mode":"bus","color":"#0059a9","colorDark":"#00294f","band":2,"off":[6,1.1]}},{"type":"Feature","geometry":{"type":"Point","coordinates":[19.995291,50.034047]},"properties":{"line":"127","mode":"bus","color":"#0059a9","colorDark":"#00294f","band":2,"off":[-1.5,1.1]}},{"type":"Feature","geometry":{"type":"Point","coordinates":[19.995291,50.034047]},"properties":{"line":"427","mode":"bus","color":"#0059a9","colorDark":"#00294f","band":2,"off":[1.5,1.1]}},{"type":"Feature","geometry":{"type":"Point","coordinates":[20.011679,50.035491]},"properties":{"line":"128","mode":"bus","color":"#0059a9","colorDark":"#00294f","band":2,"off":[-4.5,1.1]}},{"type":"Feature","geometry":{"type":"Point","coordinates":[20.011679,50.035491]},"properties":{"line":"148","mode":"bus","color":"#0059a9","colorDark":"#00294f","band":2,"off":[-1.5,1.1]}},{"type":"Feature","geometry":{"type":"Point","coordinates":[20.011679,50.035491]},"properties":{"line":"158","mode":"bus","color":"#0059a9","colorDark":"#00294f","band":2,"off":[1.5,1.1]}},{"type":"Feature","geometry":{"type":"Point","coordinates":[20.011679,50.035491]},"properties":{"line":"605","mode":"bus","color":"#0059a9","colorDark":"#00294f","band":2,"off":[4.5,1.1]}},{"type":"Feature","geometry":{"type":"Point","coordinates":[19.963066,50.104982]},"properties":{"line":"18","mode":"tram","color":"#d6212b","colorDark":"#7c1116","band":2,"off":[-6,1.1]}},{"type":"Feature","geometry":{"type":"Point","coordinates":[19.963066,50.104982]},"properties":{"line":"50","mode":"tram","color":"#d6212b","colorDark":"#7c1116","band":2,"off":[-3,1.1]}},{"type":"Feature","geometry":{"type":"Point","coordinates":[19.963066,50.104982]},"properties":{"line":"69","mode":"tram","color":"#d6212b","colorDark":"#7c1116","band":2,"off":[0,1.1]}},{"type":"Feature","geometry":{"type":"Point","coordinates":[19.963066,50.104982]},"properties":{"line":"75","mode":"tram","color":"#d6212b","colorDark":"#7c1116","band":2,"off":[3,1.1]}},{"type":"Feature","geometry":{"type":"Point","coordinates":[19.963066,50.104982]},"properties":{"line":"128","mode":"bus","color":"#0059a9","colorDark":"#00294f","band":2,"off":[6,1.1]}},{"type":"Feature","geometry":{"type":"Point","coordinates":[19.963066,50.104982]},"properties":{"line":"169","mode":"bus","color":"#0059a9","colorDark":"#00294f","band":2,"off":[-6,2.6]}},{"type":"Feature","geometry":{"type":"Point","coordinates":[19.963066,50.104982]},"properties":{"line":"217","mode":"bus","color":"#0059a9","colorDark":"#00294f","band":2,"off":[-3,2.6]}},{"type":"Feature","geometry":{"type":"Point","coordinates":[19.963066,50.104982]},"properties":{"line":"247","mode":"bus","color":"#0059a9","colorDark":"#00294f","band":2,"off":[0,2.6]}},{"type":"Feature","geometry":{"type":"Point","coordinates":[19.963066,50.104982]},"properties":{"line":"257","mode":"bus","color":"#0059a9","colorDark":"#00294f","band":2,"off":[3,2.6]}},{"type":"Feature","geometry":{"type":"Point","coordinates":[19.963066,50.104982]},"properties":{"line":"277","mode":"bus","color":"#0059a9","colorDark":"#00294f","band":2,"off":[6,2.6]}},{"type":"Feature","geometry":{"type":"Point","coordinates":[19.963066,50.104982]},"properties":{"line":"280","mode":"bus","color":"#0059a9","colorDark":"#00294f","band":2,"off":[-6,4.1]}},{"type":"Feature","geometry":{"type":"Point","coordinates":[19.963066,50.104982]},"properties":{"line":"297","mode":"bus","color":"#0059a9","colorDark":"#00294f","band":2,"off":[-3,4.1]}},{"type":"Feature","geometry":{"type":"Point","coordinates":[19.963066,50.104982]},"properties":{"line":"469","mode":"bus","color":"#0059a9","colorDark":"#00294f","band":2,"off":[0,4.1]}},{"type":"Feature","geometry":{"type":"Point","coordinates":[19.963066,50.104982]},"properties":{"line":"503","mode":"bus","color":"#0059a9","colorDark":"#00294f","band":2,"off":[3,4.1]}},{"type":"Feature","geometry":{"type":"Point","coordinates":[19.963066,50.104982]},"properties":{"line":"669","mode":"bus","color":"#0059a9","colorDark":"#00294f","band":2,"off":[6,4.1]}},{"type":"Feature","geometry":{"type":"Point","coordinates":[19.963066,50.104982]},"properties":{"line":"917","mode":"bus","color":"#0059a9","colorDark":"#00294f","band":2,"off":[0,5.6]}},{"type":"Feature","geometry":{"type":"Point","coordinates":[19.908847,50.086785]},"properties":{"line":"130","mode":"bus","color":"#0059a9","colorDark":"#00294f","band":2,"off":[-6,1.1]}},{"type":"Feature","geometry":{"type":"Point","coordinates":[19.908847,50.086785]},"properties":{"line":"138","mode":"bus","color":"#0059a9","colorDark":"#00294f","band":2,"off":[-3,1.1]}},{"type":"Feature","geometry":{"type":"Point","coordinates":[19.908847,50.086785]},"properties":{"line":"140","mode":"bus","color":"#0059a9","colorDark":"#00294f","band":2,"off":[0,1.1]}},{"type":"Feature","geometry":{"type":"Point","coordinates":[19.908847,50.086785]},"properties":{"line":"168","mode":"bus","color":"#0059a9","colorDark":"#00294f","band":2,"off":[3,1.1]}},{"type":"Feature","geometry":{"type":"Point","coordinates":[19.908847,50.086785]},"properties":{"line":"173","mode":"bus","color":"#0059a9","colorDark":"#00294f","band":2,"off":[6,1.1]}},{"type":"Feature","geometry":{"type":"Point","coordinates":[19.908847,50.086785]},"properties":{"line":"494","mode":"bus","color":"#0059a9","colorDark":"#00294f","band":2,"off":[-1.5,2.6]}},{"type":"Feature","geometry":{"type":"Point","coordinates":[19.908847,50.086785]},"properties":{"line":"904","mode":"bus","color":"#0059a9","colorDark":"#00294f","band":2,"off":[1.5,2.6]}},{"type":"Feature","geometry":{"type":"Point","coordinates":[20.06652,50.078572]},"properties":{"line":"132","mode":"bus","color":"#0059a9","colorDark":"#00294f","band":2,"off":[-6,1.1]}},{"type":"Feature","geometry":{"type":"Point","coordinates":[20.06652,50.078572]},"properties":{"line":"138","mode":"bus","color":"#0059a9","colorDark":"#00294f","band":2,"off":[-3,1.1]}},{"type":"Feature","geometry":{"type":"Point","coordinates":[20.06652,50.078572]},"properties":{"line":"139","mode":"bus","color":"#0059a9","colorDark":"#00294f","band":2,"off":[0,1.1]}},{"type":"Feature","geometry":{"type":"Point","coordinates":[20.06652,50.078572]},"properties":{"line":"174","mode":"bus","color":"#0059a9","colorDark":"#00294f","band":2,"off":[3,1.1]}},{"type":"Feature","geometry":{"type":"Point","coordinates":[20.06652,50.078572]},"properties":{"line":"242","mode":"bus","color":"#0059a9","colorDark":"#00294f","band":2,"off":[6,1.1]}},{"type":"Feature","geometry":{"type":"Point","coordinates":[20.06652,50.078572]},"properties":{"line":"272","mode":"bus","color":"#0059a9","colorDark":"#00294f","band":2,"off":[-1.5,2.6]}},{"type":"Feature","geometry":{"type":"Point","coordinates":[20.06652,50.078572]},"properties":{"line":"463","mode":"bus","color":"#0059a9","colorDark":"#00294f","band":2,"off":[1.5,2.6]}},{"type":"Feature","geometry":{"type":"Point","coordinates":[19.855382,50.055083]},"properties":{"line":"134","mode":"bus","color":"#0059a9","colorDark":"#00294f","band":2,"off":[-1.5,1.1]}},{"type":"Feature","geometry":{"type":"Point","coordinates":[19.855382,50.055083]},"properties":{"line":"434","mode":"bus","color":"#0059a9","colorDark":"#00294f","band":2,"off":[1.5,1.1]}},{"type":"Feature","geometry":{"type":"Point","coordinates":[19.92259,50.058487]},"properties":{"line":"134","mode":"bus","color":"#0059a9","colorDark":"#00294f","band":2,"off":[-1.5,1.1]}},{"type":"Feature","geometry":{"type":"Point","coordinates":[19.92259,50.058487]},"properties":{"line":"307","mode":"bus","color":"#0059a9","colorDark":"#00294f","band":2,"off":[1.5,1.1]}},{"type":"Feature","geometry":{"type":"Point","coordinates":[19.862337,50.059104]},"properties":{"line":"134","mode":"bus","color":"#0059a9","colorDark":"#00294f","band":2,"off":[-1.5,1.1]}},{"type":"Feature","geometry":{"type":"Point","coordinates":[19.862337,50.059104]},"properties":{"line":"434","mode":"bus","color":"#0059a9","colorDark":"#00294f","band":2,"off":[1.5,1.1]}},{"type":"Feature","geometry":{"type":"Point","coordinates":[19.964453,50.099858]},"properties":{"line":"137","mode":"bus","color":"#0059a9","colorDark":"#00294f","band":2,"off":[-4.5,1.1]}},{"type":"Feature","geometry":{"type":"Point","coordinates":[19.964453,50.099858]},"properties":{"line":"169","mode":"bus","color":"#0059a9","colorDark":"#00294f","band":2,"off":[-1.5,1.1]}},{"type":"Feature","geometry":{"type":"Point","coordinates":[19.964453,50.099858]},"properties":{"line":"469","mode":"bus","color":"#0059a9","colorDark":"#00294f","band":2,"off":[1.5,1.1]}},{"type":"Feature","geometry":{"type":"Point","coordinates":[19.964453,50.099858]},"properties":{"line":"503","mode":"bus","color":"#0059a9","colorDark":"#00294f","band":2,"off":[4.5,1.1]}},{"type":"Feature","geometry":{"type":"Point","coordinates":[19.899012,50.070695]},"properties":{"line":"139","mode":"bus","color":"#0059a9","colorDark":"#00294f","band":2,"off":[-6,1.1]}},{"type":"Feature","geometry":{"type":"Point","coordinates":[19.899012,50.070695]},"properties":{"line":"164","mode":"bus","color":"#0059a9","colorDark":"#00294f","band":2,"off":[-3,1.1]}},{"type":"Feature","geometry":{"type":"Point","coordinates":[19.899012,50.070695]},"properties":{"line":"173","mode":"bus","color":"#0059a9","colorDark":"#00294f","band":2,"off":[0,1.1]}},{"type":"Feature","geometry":{"type":"Point","coordinates":[19.899012,50.070695]},"properties":{"line":"199","mode":"bus","color":"#0059a9","colorDark":"#00294f","band":2,"off":[3,1.1]}},{"type":"Feature","geometry":{"type":"Point","coordinates":[19.899012,50.070695]},"properties":{"line":"310","mode":"bus","color":"#0059a9","colorDark":"#00294f","band":2,"off":[6,1.1]}},{"type":"Feature","geometry":{"type":"Point","coordinates":[19.899012,50.070695]},"properties":{"line":"511","mode":"bus","color":"#0059a9","colorDark":"#00294f","band":2,"off":[-3,2.6]}},{"type":"Feature","geometry":{"type":"Point","coordinates":[19.899012,50.070695]},"properties":{"line":"601","mode":"bus","color":"#0059a9","colorDark":"#00294f","band":2,"off":[0,2.6]}},{"type":"Feature","geometry":{"type":"Point","coordinates":[19.899012,50.070695]},"properties":{"line":"611","mode":"bus","color":"#0059a9","colorDark":"#00294f","band":2,"off":[3,2.6]}},{"type":"Feature","geometry":{"type":"Point","coordinates":[19.894032,50.08625]},"properties":{"line":"140","mode":"bus","color":"#0059a9","colorDark":"#00294f","band":2,"off":[0,1.1]}},{"type":"Feature","geometry":{"type":"Point","coordinates":[20.011009,50.006305]},"properties":{"line":"144","mode":"bus","color":"#0059a9","colorDark":"#00294f","band":2,"off":[-1.5,1.1]}},{"type":"Feature","geometry":{"type":"Point","coordinates":[20.011009,50.006305]},"properties":{"line":"195","mode":"bus","color":"#0059a9","colorDark":"#00294f","band":2,"off":[1.5,1.1]}},{"type":"Feature","geometry":{"type":"Point","coordinates":[19.930286,50.096264]},"properties":{"line":"144","mode":"bus","color":"#0059a9","colorDark":"#00294f","band":2,"off":[-1.5,1.1]}},{"type":"Feature","geometry":{"type":"Point","coordinates":[19.930286,50.096264]},"properties":{"line":"904","mode":"bus","color":"#0059a9","colorDark":"#00294f","band":2,"off":[1.5,1.1]}},{"type":"Feature","geometry":{"type":"Point","coordinates":[20.015237,50.075143]},"properties":{"line":"148","mode":"bus","color":"#0059a9","colorDark":"#00294f","band":2,"off":[-6,1.1]}},{"type":"Feature","geometry":{"type":"Point","coordinates":[20.015237,50.075143]},"properties":{"line":"202","mode":"bus","color":"#0059a9","colorDark":"#00294f","band":2,"off":[-3,1.1]}},{"type":"Feature","geometry":{"type":"Point","coordinates":[20.015237,50.075143]},"properties":{"line":"212","mode":"bus","color":"#0059a9","colorDark":"#00294f","band":2,"off":[0,1.1]}},{"type":"Feature","geometry":{"type":"Point","coordinates":[20.015237,50.075143]},"properties":{"line":"222","mode":"bus","color":"#0059a9","colorDark":"#00294f","band":2,"off":[3,1.1]}},{"type":"Feature","geometry":{"type":"Point","coordinates":[20.015237,50.075143]},"properties":{"line":"232","mode":"bus","color":"#0059a9","colorDark":"#00294f","band":2,"off":[6,1.1]}},{"type":"Feature","geometry":{"type":"Point","coordinates":[20.015237,50.075143]},"properties":{"line":"262","mode":"bus","color":"#0059a9","colorDark":"#00294f","band":2,"off":[-1.5,2.6]}},{"type":"Feature","geometry":{"type":"Point","coordinates":[20.015237,50.075143]},"properties":{"line":"611","mode":"bus","color":"#0059a9","colorDark":"#00294f","band":2,"off":[1.5,2.6]}},{"type":"Feature","geometry":{"type":"Point","coordinates":[20.064061,50.099456]},"properties":{"line":"149","mode":"bus","color":"#0059a9","colorDark":"#00294f","band":2,"off":[0,1.1]}},{"type":"Feature","geometry":{"type":"Point","coordinates":[19.897641,50.095021]},"properties":{"line":"150","mode":"bus","color":"#0059a9","colorDark":"#00294f","band":2,"off":[-1.5,1.1]}},{"type":"Feature","geometry":{"type":"Point","coordinates":[19.897641,50.095021]},"properties":{"line":"240","mode":"bus","color":"#0059a9","colorDark":"#00294f","band":2,"off":[1.5,1.1]}},{"type":"Feature","geometry":{"type":"Point","coordinates":[20.003626,50.009332]},"properties":{"line":"153","mode":"bus","color":"#0059a9","colorDark":"#00294f","band":2,"off":[-1.5,1.1]}},{"type":"Feature","geometry":{"type":"Point","coordinates":[20.003626,50.009332]},"properties":{"line":"513","mode":"bus","color":"#0059a9","colorDark":"#00294f","band":2,"off":[1.5,1.1]}},{"type":"Feature","geometry":{"type":"Point","coordinates":[20.052867,50.008398]},"properties":{"line":"153","mode":"bus","color":"#0059a9","colorDark":"#00294f","band":2,"off":[-1.5,1.1]}},{"type":"Feature","geometry":{"type":"Point","coordinates":[20.052867,50.008398]},"properties":{"line":"284","mode":"bus","color":"#0059a9","colorDark":"#00294f","band":2,"off":[1.5,1.1]}},{"type":"Feature","geometry":{"type":"Point","coordinates":[20.02312,50.015187]},"properties":{"line":"153","mode":"bus","color":"#0059a9","colorDark":"#00294f","band":2,"off":[-6,1.1]}},{"type":"Feature","geometry":{"type":"Point","coordinates":[20.02312,50.015187]},"properties":{"line":"195","mode":"bus","color":"#0059a9","colorDark":"#00294f","band":2,"off":[-3,1.1]}},{"type":"Feature","geometry":{"type":"Point","coordinates":[20.02312,50.015187]},"properties":{"line":"234","mode":"bus","color":"#0059a9","colorDark":"#00294f","band":2,"off":[0,1.1]}},{"type":"Feature","geometry":{"type":"Point","coordinates":[20.02312,50.015187]},"properties":{"line":"284","mode":"bus","color":"#0059a9","colorDark":"#00294f","band":2,"off":[3,1.1]}},{"type":"Feature","geometry":{"type":"Point","coordinates":[20.02312,50.015187]},"properties":{"line":"669","mode":"bus","color":"#0059a9","colorDark":"#00294f","band":2,"off":[6,1.1]}},{"type":"Feature","geometry":{"type":"Point","coordinates":[20.060018,50.047632]},"properties":{"line":"158","mode":"bus","color":"#0059a9","colorDark":"#00294f","band":2,"off":[0,1.1]}},{"type":"Feature","geometry":{"type":"Point","coordinates":[19.844449,50.006404]},"properties":{"line":"162","mode":"bus","color":"#0059a9","colorDark":"#00294f","band":2,"off":[0,1.1]}},{"type":"Feature","geometry":{"type":"Point","coordinates":[19.970086,50.015255]},"properties":{"line":"164","mode":"bus","color":"#0059a9","colorDark":"#00294f","band":2,"off":[-4.5,1.1]}},{"type":"Feature","geometry":{"type":"Point","coordinates":[19.970086,50.015255]},"properties":{"line":"204","mode":"bus","color":"#0059a9","colorDark":"#00294f","band":2,"off":[-1.5,1.1]}},{"type":"Feature","geometry":{"type":"Point","coordinates":[19.970086,50.015255]},"properties":{"line":"224","mode":"bus","color":"#0059a9","colorDark":"#00294f","band":2,"off":[1.5,1.1]}},{"type":"Feature","geometry":{"type":"Point","coordinates":[19.970086,50.015255]},"properties":{"line":"904","mode":"bus","color":"#0059a9","colorDark":"#00294f","band":2,"off":[4.5,1.1]}},{"type":"Feature","geometry":{"type":"Point","coordinates":[19.840192,50.090889]},"properties":{"line":"164","mode":"bus","color":"#0059a9","colorDark":"#00294f","band":2,"off":[-3,1.1]}},{"type":"Feature","geometry":{"type":"Point","coordinates":[19.840192,50.090889]},"properties":{"line":"199","mode":"bus","color":"#0059a9","colorDark":"#00294f","band":2,"off":[0,1.1]}},{"type":"Feature","geometry":{"type":"Point","coordinates":[19.840192,50.090889]},"properties":{"line":"601","mode":"bus","color":"#0059a9","colorDark":"#00294f","band":2,"off":[3,1.1]}},{"type":"Feature","geometry":{"type":"Point","coordinates":[19.897204,50.093298]},"properties":{"line":"168","mode":"bus","color":"#0059a9","colorDark":"#00294f","band":2,"off":[-1.5,1.1]}},{"type":"Feature","geometry":{"type":"Point","coordinates":[19.897204,50.093298]},"properties":{"line":"240","mode":"bus","color":"#0059a9","colorDark":"#00294f","band":2,"off":[1.5,1.1]}},{"type":"Feature","geometry":{"type":"Point","coordinates":[20.189654,50.113617]},"properties":{"line":"171","mode":"bus","color":"#0059a9","colorDark":"#00294f","band":2,"off":[-1.5,1.1]}},{"type":"Feature","geometry":{"type":"Point","coordinates":[20.189654,50.113617]},"properties":{"line":"271","mode":"bus","color":"#0059a9","colorDark":"#00294f","band":2,"off":[1.5,1.1]}},{"type":"Feature","geometry":{"type":"Point","coordinates":[20.015548,50.012676]},"properties":{"line":"173","mode":"bus","color":"#0059a9","colorDark":"#00294f","band":2,"off":[-6,1.1]}},{"type":"Feature","geometry":{"type":"Point","coordinates":[20.015548,50.012676]},"properties":{"line":"234","mode":"bus","color":"#0059a9","colorDark":"#00294f","band":2,"off":[-3,1.1]}},{"type":"Feature","geometry":{"type":"Point","coordinates":[20.015548,50.012676]},"properties":{"line":"244","mode":"bus","color":"#0059a9","colorDark":"#00294f","band":2,"off":[0,1.1]}},{"type":"Feature","geometry":{"type":"Point","coordinates":[20.015548,50.012676]},"properties":{"line":"274","mode":"bus","color":"#0059a9","colorDark":"#00294f","band":2,"off":[3,1.1]}},{"type":"Feature","geometry":{"type":"Point","coordinates":[20.015548,50.012676]},"properties":{"line":"284","mode":"bus","color":"#0059a9","colorDark":"#00294f","band":2,"off":[6,1.1]}},{"type":"Feature","geometry":{"type":"Point","coordinates":[20.015548,50.012676]},"properties":{"line":"503","mode":"bus","color":"#0059a9","colorDark":"#00294f","band":2,"off":[0,2.6]}},{"type":"Feature","geometry":{"type":"Point","coordinates":[19.960373,50.004485]},"properties":{"line":"174","mode":"bus","color":"#0059a9","colorDark":"#00294f","band":2,"off":[-1.5,1.1]}},{"type":"Feature","geometry":{"type":"Point","coordinates":[19.960373,50.004485]},"properties":{"line":"179","mode":"bus","color":"#0059a9","colorDark":"#00294f","band":2,"off":[1.5,1.1]}},{"type":"Feature","geometry":{"type":"Point","coordinates":[20.035572,50.071743]},"properties":{"line":"10","mode":"tram","color":"#d6212b","colorDark":"#7c1116","band":2,"off":[-6,1.1]}},{"type":"Feature","geometry":{"type":"Point","coordinates":[20.035572,50.071743]},"properties":{"line":"22","mode":"tram","color":"#d6212b","colorDark":"#7c1116","band":2,"off":[-3,1.1]}},{"type":"Feature","geometry":{"type":"Point","coordinates":[20.035572,50.071743]},"properties":{"line":"62","mode":"tram","color":"#d6212b","colorDark":"#7c1116","band":2,"off":[0,1.1]}},{"type":"Feature","geometry":{"type":"Point","coordinates":[20.035572,50.071743]},"properties":{"line":"74","mode":"tram","color":"#d6212b","colorDark":"#7c1116","band":2,"off":[3,1.1]}},{"type":"Feature","geometry":{"type":"Point","coordinates":[20.035572,50.071743]},"properties":{"line":"75","mode":"tram","color":"#d6212b","colorDark":"#7c1116","band":2,"off":[6,1.1]}},{"type":"Feature","geometry":{"type":"Point","coordinates":[20.035572,50.071743]},"properties":{"line":"174","mode":"bus","color":"#0059a9","colorDark":"#00294f","band":2,"off":[-3,2.6]}},{"type":"Feature","geometry":{"type":"Point","coordinates":[20.035572,50.071743]},"properties":{"line":"463","mode":"bus","color":"#0059a9","colorDark":"#00294f","band":2,"off":[0,2.6]}},{"type":"Feature","geometry":{"type":"Point","coordinates":[20.035572,50.071743]},"properties":{"line":"662","mode":"bus","color":"#0059a9","colorDark":"#00294f","band":2,"off":[3,2.6]}},{"type":"Feature","geometry":{"type":"Point","coordinates":[19.871982,49.988471]},"properties":{"line":"175","mode":"bus","color":"#0059a9","colorDark":"#00294f","band":2,"off":[-3,1.1]}},{"type":"Feature","geometry":{"type":"Point","coordinates":[19.871982,49.988471]},"properties":{"line":"233","mode":"bus","color":"#0059a9","colorDark":"#00294f","band":2,"off":[0,1.1]}},{"type":"Feature","geometry":{"type":"Point","coordinates":[19.871982,49.988471]},"properties":{"line":"475","mode":"bus","color":"#0059a9","colorDark":"#00294f","band":2,"off":[3,1.1]}},{"type":"Feature","geometry":{"type":"Point","coordinates":[19.867555,50.038703]},"properties":{"line":"176","mode":"bus","color":"#0059a9","colorDark":"#00294f","band":2,"off":[0,1.1]}},{"type":"Feature","geometry":{"type":"Point","coordinates":[20.050115,50.097851]},"properties":{"line":"180","mode":"bus","color":"#0059a9","colorDark":"#00294f","band":2,"off":[-4.5,1.1]}},{"type":"Feature","geometry":{"type":"Point","coordinates":[20.050115,50.097851]},"properties":{"line":"182","mode":"bus","color":"#0059a9","colorDark":"#00294f","band":2,"off":[-1.5,1.1]}},{"type":"Feature","geometry":{"type":"Point","coordinates":[20.050115,50.097851]},"properties":{"line":"511","mode":"bus","color":"#0059a9","colorDark":"#00294f","band":2,"off":[1.5,1.1]}},{"type":"Feature","geometry":{"type":"Point","coordinates":[20.050115,50.097851]},"properties":{"line":"608","mode":"bus","color":"#0059a9","colorDark":"#00294f","band":2,"off":[4.5,1.1]}},{"type":"Feature","geometry":{"type":"Point","coordinates":[20.073158,50.097325]},"properties":{"line":"180","mode":"bus","color":"#0059a9","colorDark":"#00294f","band":2,"off":[0,1.1]}},{"type":"Feature","geometry":{"type":"Point","coordinates":[19.805888,50.06186]},"properties":{"line":"192","mode":"bus","color":"#0059a9","colorDark":"#00294f","band":2,"off":[-3,1.1]}},{"type":"Feature","geometry":{"type":"Point","coordinates":[19.805888,50.06186]},"properties":{"line":"300","mode":"bus","color":"#0059a9","colorDark":"#00294f","band":2,"off":[0,1.1]}},{"type":"Feature","geometry":{"type":"Point","coordinates":[19.805888,50.06186]},"properties":{"line":"902","mode":"bus","color":"#0059a9","colorDark":"#00294f","band":2,"off":[3,1.1]}},{"type":"Feature","geometry":{"type":"Point","coordinates":[19.685759,50.237651]},"properties":{"line":"200","mode":"bus","color":"#0059a9","colorDark":"#00294f","band":2,"off":[0,1.1]}},{"type":"Feature","geometry":{"type":"Point","coordinates":[19.880517,50.081069]},"properties":{"line":"200","mode":"bus","color":"#0059a9","colorDark":"#00294f","band":2,"off":[-6,1.1]}},{"type":"Feature","geometry":{"type":"Point","coordinates":[19.880517,50.081069]},"properties":{"line":"210","mode":"bus","color":"#0059a9","colorDark":"#00294f","band":2,"off":[-3,1.1]}},{"type":"Feature","geometry":{"type":"Point","coordinates":[19.880517,50.081069]},"properties":{"line":"218","mode":"bus","color":"#0059a9","colorDark":"#00294f","band":2,"off":[0,1.1]}},{"type":"Feature","geometry":{"type":"Point","coordinates":[19.880517,50.081069]},"properties":{"line":"228","mode":"bus","color":"#0059a9","colorDark":"#00294f","band":2,"off":[3,1.1]}},{"type":"Feature","geometry":{"type":"Point","coordinates":[19.880517,50.081069]},"properties":{"line":"230","mode":"bus","color":"#0059a9","colorDark":"#00294f","band":2,"off":[6,1.1]}},{"type":"Feature","geometry":{"type":"Point","coordinates":[19.880517,50.081069]},"properties":{"line":"298","mode":"bus","color":"#0059a9","colorDark":"#00294f","band":2,"off":[-1.5,2.6]}},{"type":"Feature","geometry":{"type":"Point","coordinates":[19.880517,50.081069]},"properties":{"line":"918","mode":"bus","color":"#0059a9","colorDark":"#00294f","band":2,"off":[1.5,2.6]}},{"type":"Feature","geometry":{"type":"Point","coordinates":[20.160193,50.187641]},"properties":{"line":"202","mode":"bus","color":"#0059a9","colorDark":"#00294f","band":2,"off":[0,1.1]}},{"type":"Feature","geometry":{"type":"Point","coordinates":[20.11313,50.135103]},"properties":{"line":"202","mode":"bus","color":"#0059a9","colorDark":"#00294f","band":2,"off":[-6,1.1]}},{"type":"Feature","geometry":{"type":"Point","coordinates":[20.11313,50.135103]},"properties":{"line":"222","mode":"bus","color":"#0059a9","colorDark":"#00294f","band":2,"off":[-3,1.1]}},{"type":"Feature","geometry":{"type":"Point","coordinates":[20.11313,50.135103]},"properties":{"line":"232","mode":"bus","color":"#0059a9","colorDark":"#00294f","band":2,"off":[0,1.1]}},{"type":"Feature","geometry":{"type":"Point","coordinates":[20.11313,50.135103]},"properties":{"line":"262","mode":"bus","color":"#0059a9","colorDark":"#00294f","band":2,"off":[3,1.1]}},{"type":"Feature","geometry":{"type":"Point","coordinates":[20.11313,50.135103]},"properties":{"line":"272","mode":"bus","color":"#0059a9","colorDark":"#00294f","band":2,"off":[6,1.1]}},{"type":"Feature","geometry":{"type":"Point","coordinates":[19.847422,50.027565]},"properties":{"line":"203","mode":"bus","color":"#0059a9","colorDark":"#00294f","band":2,"off":[0,1.1]}},{"type":"Feature","geometry":{"type":"Point","coordinates":[19.821764,49.97649]},"properties":{"line":"203","mode":"bus","color":"#0059a9","colorDark":"#00294f","band":2,"off":[0,1.1]}},{"type":"Feature","geometry":{"type":"Point","coordinates":[20.074891,49.986339]},"properties":{"line":"204","mode":"bus","color":"#0059a9","colorDark":"#00294f","band":2,"off":[-6,1.1]}},{"type":"Feature","geometry":{"type":"Point","coordinates":[20.074891,49.986339]},"properties":{"line":"224","mode":"bus","color":"#0059a9","colorDark":"#00294f","band":2,"off":[-3,1.1]}},{"type":"Feature","geometry":{"type":"Point","coordinates":[20.074891,49.986339]},"properties":{"line":"244","mode":"bus","color":"#0059a9","colorDark":"#00294f","band":2,"off":[0,1.1]}},{"type":"Feature","geometry":{"type":"Point","coordinates":[20.074891,49.986339]},"properties":{"line":"304","mode":"bus","color":"#0059a9","colorDark":"#00294f","band":2,"off":[3,1.1]}},{"type":"Feature","geometry":{"type":"Point","coordinates":[20.074891,49.986339]},"properties":{"line":"904","mode":"bus","color":"#0059a9","colorDark":"#00294f","band":2,"off":[6,1.1]}},{"type":"Feature","geometry":{"type":"Point","coordinates":[19.910909,50.141]},"properties":{"line":"207","mode":"bus","color":"#0059a9","colorDark":"#00294f","band":2,"off":[0,1.1]}},{"type":"Feature","geometry":{"type":"Point","coordinates":[19.916671,50.053074]},"properties":{"line":"209","mode":"bus","color":"#0059a9","colorDark":"#00294f","band":2,"off":[-3,1.1]}},{"type":"Feature","geometry":{"type":"Point","coordinates":[19.916671,50.053074]},"properties":{"line":"229","mode":"bus","color":"#0059a9","colorDark":"#00294f","band":2,"off":[0,1.1]}},{"type":"Feature","geometry":{"type":"Point","coordinates":[19.916671,50.053074]},"properties":{"line":"269","mode":"bus","color":"#0059a9","colorDark":"#00294f","band":2,"off":[3,1.1]}},{"type":"Feature","geometry":{"type":"Point","coordinates":[19.753279,50.075181]},"properties":{"line":"209","mode":"bus","color":"#0059a9","colorDark":"#00294f","band":2,"off":[0,1.1]}},{"type":"Feature","geometry":{"type":"Point","coordinates":[19.800201,50.071563]},"properties":{"line":"209","mode":"bus","color":"#0059a9","colorDark":"#00294f","band":2,"off":[-3,1.1]}},{"type":"Feature","geometry":{"type":"Point","coordinates":[19.800201,50.071563]},"properties":{"line":"300","mode":"bus","color":"#0059a9","colorDark":"#00294f","band":2,"off":[0,1.1]}},{"type":"Feature","geometry":{"type":"Point","coordinates":[19.800201,50.071563]},"properties":{"line":"902","mode":"bus","color":"#0059a9","colorDark":"#00294f","band":2,"off":[3,1.1]}},{"type":"Feature","geometry":{"type":"Point","coordinates":[19.840837,50.114289]},"properties":{"line":"210","mode":"bus","color":"#0059a9","colorDark":"#00294f","band":2,"off":[0,1.1]}},{"type":"Feature","geometry":{"type":"Point","coordinates":[20.352597,50.080185]},"properties":{"line":"211","mode":"bus","color":"#0059a9","colorDark":"#00294f","band":2,"off":[0,1.1]}},{"type":"Feature","geometry":{"type":"Point","coordinates":[20.188001,50.126996]},"properties":{"line":"212","mode":"bus","color":"#0059a9","colorDark":"#00294f","band":2,"off":[-1.5,1.1]}},{"type":"Feature","geometry":{"type":"Point","coordinates":[20.188001,50.126996]},"properties":{"line":"271","mode":"bus","color":"#0059a9","colorDark":"#00294f","band":2,"off":[1.5,1.1]}},{"type":"Feature","geometry":{"type":"Point","coordinates":[19.997666,49.958498]},"properties":{"line":"214","mode":"bus","color":"#0059a9","colorDark":"#00294f","band":2,"off":[0,1.1]}},{"type":"Feature","geometry":{"type":"Point","coordinates":[19.999363,49.934869]},"properties":{"line":"215","mode":"bus","color":"#0059a9","colorDark":"#00294f","band":2,"off":[0,1.1]}},{"type":"Feature","geometry":{"type":"Point","coordinates":[19.946657,49.934314]},"properties":{"line":"215","mode":"bus","color":"#0059a9","colorDark":"#00294f","band":2,"off":[-4.5,1.1]}},{"type":"Feature","geometry":{"type":"Point","coordinates":[19.946657,49.934314]},"properties":{"line":"225","mode":"bus","color":"#0059a9","colorDark":"#00294f","band":2,"off":[-1.5,1.1]}},{"type":"Feature","geometry":{"type":"Point","coordinates":[19.946657,49.934314]},"properties":{"line":"285","mode":"bus","color":"#0059a9","colorDark":"#00294f","band":2,"off":[1.5,1.1]}},{"type":"Feature","geometry":{"type":"Point","coordinates":[19.946657,49.934314]},"properties":{"line":"915","mode":"bus","color":"#0059a9","colorDark":"#00294f","band":2,"off":[4.5,1.1]}},{"type":"Feature","geometry":{"type":"Point","coordinates":[19.974789,50.128752]},"properties":{"line":"217","mode":"bus","color":"#0059a9","colorDark":"#00294f","band":2,"off":[0,1.1]}},{"type":"Feature","geometry":{"type":"Point","coordinates":[19.80126,50.11952]},"properties":{"line":"218","mode":"bus","color":"#0059a9","colorDark":"#00294f","band":2,"off":[0,1.1]}},{"type":"Feature","geometry":{"type":"Point","coordinates":[19.778521,49.98714]},"properties":{"line":"219","mode":"bus","color":"#0059a9","colorDark":"#00294f","band":2,"off":[-3,1.1]}},{"type":"Feature","geometry":{"type":"Point","coordinates":[19.778521,49.98714]},"properties":{"line":"239","mode":"bus","color":"#0059a9","colorDark":"#00294f","band":2,"off":[0,1.1]}},{"type":"Feature","geometry":{"type":"Point","coordinates":[19.778521,49.98714]},"properties":{"line":"279","mode":"bus","color":"#0059a9","colorDark":"#00294f","band":2,"off":[3,1.1]}},{"type":"Feature","geometry":{"type":"Point","coordinates":[19.87103,50.151601]},"properties":{"line":"220","mode":"bus","color":"#0059a9","colorDark":"#00294f","band":2,"off":[0,1.1]}},{"type":"Feature","geometry":{"type":"Point","coordinates":[20.216381,50.037958]},"properties":{"line":"221","mode":"bus","color":"#0059a9","colorDark":"#00294f","band":2,"off":[-1.5,1.1]}},{"type":"Feature","geometry":{"type":"Point","coordinates":[20.216381,50.037958]},"properties":{"line":"301","mode":"bus","color":"#0059a9","colorDark":"#00294f","band":2,"off":[1.5,1.1]}},{"type":"Feature","geometry":{"type":"Point","coordinates":[20.084491,50.245302]},"properties":{"line":"222","mode":"bus","color":"#0059a9","colorDark":"#00294f","band":2,"off":[0,1.1]}},{"type":"Feature","geometry":{"type":"Point","coordinates":[19.829836,49.968548]},"properties":{"line":"223","mode":"bus","color":"#0059a9","colorDark":"#00294f","band":2,"off":[-6,1.1]}},{"type":"Feature","geometry":{"type":"Point","coordinates":[19.829836,49.968548]},"properties":{"line":"233","mode":"bus","color":"#0059a9","colorDark":"#00294f","band":2,"off":[-3,1.1]}},{"type":"Feature","geometry":{"type":"Point","coordinates":[19.829836,49.968548]},"properties":{"line":"243","mode":"bus","color":"#0059a9","colorDark":"#00294f","band":2,"off":[0,1.1]}},{"type":"Feature","geometry":{"type":"Point","coordinates":[19.829836,49.968548]},"properties":{"line":"245","mode":"bus","color":"#0059a9","colorDark":"#00294f","band":2,"off":[3,1.1]}},{"type":"Feature","geometry":{"type":"Point","coordinates":[19.829836,49.968548]},"properties":{"line":"283","mode":"bus","color":"#0059a9","colorDark":"#00294f","band":2,"off":[6,1.1]}},{"type":"Feature","geometry":{"type":"Point","coordinates":[19.829836,49.968548]},"properties":{"line":"293","mode":"bus","color":"#0059a9","colorDark":"#00294f","band":2,"off":[-1.5,2.6]}},{"type":"Feature","geometry":{"type":"Point","coordinates":[19.829836,49.968548]},"properties":{"line":"903","mode":"bus","color":"#0059a9","colorDark":"#00294f","band":2,"off":[1.5,2.6]}},{"type":"Feature","geometry":{"type":"Point","coordinates":[19.628372,49.967169]},"properties":{"line":"223","mode":"bus","color":"#0059a9","colorDark":"#00294f","band":2,"off":[0,1.1]}},{"type":"Feature","geometry":{"type":"Point","coordinates":[19.937099,50.012394]},"properties":{"line":"224","mode":"bus","color":"#0059a9","colorDark":"#00294f","band":2,"off":[0,1.1]}},{"type":"Feature","geometry":{"type":"Point","coordinates":[19.936107,50.162466]},"properties":{"line":"227","mode":"bus","color":"#0059a9","colorDark":"#00294f","band":2,"off":[-3,1.1]}},{"type":"Feature","geometry":{"type":"Point","coordinates":[19.936107,50.162466]},"properties":{"line":"280","mode":"bus","color":"#0059a9","colorDark":"#00294f","band":2,"off":[0,1.1]}},{"type":"Feature","geometry":{"type":"Point","coordinates":[19.936107,50.162466]},"properties":{"line":"917","mode":"bus","color":"#0059a9","colorDark":"#00294f","band":2,"off":[3,1.1]}},{"type":"Feature","geometry":{"type":"Point","coordinates":[19.709535,50.082165]},"properties":{"line":"228","mode":"bus","color":"#0059a9","colorDark":"#00294f","band":2,"off":[0,1.1]}},{"type":"Feature","geometry":{"type":"Point","coordinates":[19.586718,50.01495]},"properties":{"line":"229","mode":"bus","color":"#0059a9","colorDark":"#00294f","band":2,"off":[0,1.1]}},{"type":"Feature","geometry":{"type":"Point","coordinates":[19.676514,49.987181]},"properties":{"line":"229","mode":"bus","color":"#0059a9","colorDark":"#00294f","band":2,"off":[-3,1.1]}},{"type":"Feature","geometry":{"type":"Point","coordinates":[19.676514,49.987181]},"properties":{"line":"249","mode":"bus","color":"#0059a9","colorDark":"#00294f","band":2,"off":[0,1.1]}},{"type":"Feature","geometry":{"type":"Point","coordinates":[19.676514,49.987181]},"properties":{"line":"259","mode":"bus","color":"#0059a9","colorDark":"#00294f","band":2,"off":[3,1.1]}},{"type":"Feature","geometry":{"type":"Point","coordinates":[19.820314,50.135826]},"properties":{"line":"230","mode":"bus","color":"#0059a9","colorDark":"#00294f","band":2,"off":[-3,1.1]}},{"type":"Feature","geometry":{"type":"Point","coordinates":[19.820314,50.135826]},"properties":{"line":"288","mode":"bus","color":"#0059a9","colorDark":"#00294f","band":2,"off":[0,1.1]}},{"type":"Feature","geometry":{"type":"Point","coordinates":[19.820314,50.135826]},"properties":{"line":"910","mode":"bus","color":"#0059a9","colorDark":"#00294f","band":2,"off":[3,1.1]}},{"type":"Feature","geometry":{"type":"Point","coordinates":[20.109786,50.177533]},"properties":{"line":"232","mode":"bus","color":"#0059a9","colorDark":"#00294f","band":2,"off":[0,1.1]}},{"type":"Feature","geometry":{"type":"Point","coordinates":[20.115211,50.01476]},"properties":{"line":"234","mode":"bus","color":"#0059a9","colorDark":"#00294f","band":2,"off":[0,1.1]}},{"type":"Feature","geometry":{"type":"Point","coordinates":[19.785141,49.968666]},"properties":{"line":"235","mode":"bus","color":"#0059a9","colorDark":"#00294f","band":2,"off":[0,1.1]}},{"type":"Feature","geometry":{"type":"Point","coordinates":[19.692426,50.111972]},"properties":{"line":"238","mode":"bus","color":"#0059a9","colorDark":"#00294f","band":2,"off":[0,1.1]}},{"type":"Feature","geometry":{"type":"Point","coordinates":[19.711842,50.122248]},"properties":{"line":"238","mode":"bus","color":"#0059a9","colorDark":"#00294f","band":2,"off":[-3,1.1]}},{"type":"Feature","geometry":{"type":"Point","coordinates":[19.711842,50.122248]},"properties":{"line":"278","mode":"bus","color":"#0059a9","colorDark":"#00294f","band":2,"off":[0,1.1]}},{"type":"Feature","geometry":{"type":"Point","coordinates":[19.711842,50.122248]},"properties":{"line":"918","mode":"bus","color":"#0059a9","colorDark":"#00294f","band":2,"off":[3,1.1]}},{"type":"Feature","geometry":{"type":"Point","coordinates":[19.897806,50.12819]},"properties":{"line":"240","mode":"bus","color":"#0059a9","colorDark":"#00294f","band":2,"off":[-1.5,1.1]}},{"type":"Feature","geometry":{"type":"Point","coordinates":[19.897806,50.12819]},"properties":{"line":"290","mode":"bus","color":"#0059a9","colorDark":"#00294f","band":2,"off":[1.5,1.1]}},{"type":"Feature","geometry":{"type":"Point","coordinates":[20.13828,50.115926]},"properties":{"line":"242","mode":"bus","color":"#0059a9","colorDark":"#00294f","band":2,"off":[0,1.1]}},{"type":"Feature","geometry":{"type":"Point","coordinates":[19.870839,49.944031]},"properties":{"line":"245","mode":"bus","color":"#0059a9","colorDark":"#00294f","band":2,"off":[-4.5,1.1]}},{"type":"Feature","geometry":{"type":"Point","coordinates":[19.870839,49.944031]},"properties":{"line":"255","mode":"bus","color":"#0059a9","colorDark":"#00294f","band":2,"off":[-1.5,1.1]}},{"type":"Feature","geometry":{"type":"Point","coordinates":[19.870839,49.944031]},"properties":{"line":"275","mode":"bus","color":"#0059a9","colorDark":"#00294f","band":2,"off":[1.5,1.1]}},{"type":"Feature","geometry":{"type":"Point","coordinates":[19.870839,49.944031]},"properties":{"line":"285","mode":"bus","color":"#0059a9","colorDark":"#00294f","band":2,"off":[4.5,1.1]}},{"type":"Feature","geometry":{"type":"Point","coordinates":[19.939789,50.123612]},"properties":{"line":"247","mode":"bus","color":"#0059a9","colorDark":"#00294f","band":2,"off":[0,1.1]}},{"type":"Feature","geometry":{"type":"Point","coordinates":[19.811558,50.161429]},"properties":{"line":"248","mode":"bus","color":"#0059a9","colorDark":"#00294f","band":2,"off":[-1.5,1.1]}},{"type":"Feature","geometry":{"type":"Point","coordinates":[19.811558,50.161429]},"properties":{"line":"948","mode":"bus","color":"#0059a9","colorDark":"#00294f","band":2,"off":[1.5,1.1]}},{"type":"Feature","geometry":{"type":"Point","coordinates":[20.050674,50.121266]},"properties":{"line":"250","mode":"bus","color":"#0059a9","colorDark":"#00294f","band":2,"off":[-1.5,1.1]}},{"type":"Feature","geometry":{"type":"Point","coordinates":[20.050674,50.121266]},"properties":{"line":"270","mode":"bus","color":"#0059a9","colorDark":"#00294f","band":2,"off":[1.5,1.1]}},{"type":"Feature","geometry":{"type":"Point","coordinates":[19.7684,49.902494]},"properties":{"line":"253","mode":"bus","color":"#0059a9","colorDark":"#00294f","band":2,"off":[0,1.1]}},{"type":"Feature","geometry":{"type":"Point","coordinates":[19.967323,49.973872]},"properties":{"line":"254","mode":"bus","color":"#0059a9","colorDark":"#00294f","band":2,"off":[0,1.1]}},{"type":"Feature","geometry":{"type":"Point","coordinates":[19.932575,50.180683]},"properties":{"line":"257","mode":"bus","color":"#0059a9","colorDark":"#00294f","band":2,"off":[0,1.1]}},{"type":"Feature","geometry":{"type":"Point","coordinates":[19.709609,50.106673]},"properties":{"line":"258","mode":"bus","color":"#0059a9","colorDark":"#00294f","band":2,"off":[-1.5,1.1]}},{"type":"Feature","geometry":{"type":"Point","coordinates":[19.709609,50.106673]},"properties":{"line":"298","mode":"bus","color":"#0059a9","colorDark":"#00294f","band":2,"off":[1.5,1.1]}},{"type":"Feature","geometry":{"type":"Point","coordinates":[19.727926,49.986355]},"properties":{"line":"259","mode":"bus","color":"#0059a9","colorDark":"#00294f","band":2,"off":[-1.5,1.1]}},{"type":"Feature","geometry":{"type":"Point","coordinates":[19.727926,49.986355]},"properties":{"line":"279","mode":"bus","color":"#0059a9","colorDark":"#00294f","band":2,"off":[1.5,1.1]}},{"type":"Feature","geometry":{"type":"Point","coordinates":[20.048651,50.147309]},"properties":{"line":"260","mode":"bus","color":"#0059a9","colorDark":"#00294f","band":2,"off":[-1.5,1.1]}},{"type":"Feature","geometry":{"type":"Point","coordinates":[20.048651,50.147309]},"properties":{"line":"270","mode":"bus","color":"#0059a9","colorDark":"#00294f","band":2,"off":[1.5,1.1]}},{"type":"Feature","geometry":{"type":"Point","coordinates":[20.155413,50.166477]},"properties":{"line":"262","mode":"bus","color":"#0059a9","colorDark":"#00294f","band":2,"off":[0,1.1]}},{"type":"Feature","geometry":{"type":"Point","coordinates":[20.139398,50.040548]},"properties":{"line":"264","mode":"bus","color":"#0059a9","colorDark":"#00294f","band":2,"off":[0,1.1]}},{"type":"Feature","geometry":{"type":"Point","coordinates":[19.921218,49.944225]},"properties":{"line":"265","mode":"bus","color":"#0059a9","colorDark":"#00294f","band":2,"off":[0,1.1]}},{"type":"Feature","geometry":{"type":"Point","coordinates":[19.853842,50.230307]},"properties":{"line":"267","mode":"bus","color":"#0059a9","colorDark":"#00294f","band":2,"off":[0,1.1]}},{"type":"Feature","geometry":{"type":"Point","coordinates":[19.77392,50.152471]},"properties":{"line":"268","mode":"bus","color":"#0059a9","colorDark":"#00294f","band":2,"off":[0,1.1]}},{"type":"Feature","geometry":{"type":"Point","coordinates":[19.634105,50.039651]},"properties":{"line":"269","mode":"bus","color":"#0059a9","colorDark":"#00294f","band":2,"off":[0,1.1]}},{"type":"Feature","geometry":{"type":"Point","coordinates":[19.768024,49.932971]},"properties":{"line":"273","mode":"bus","color":"#0059a9","colorDark":"#00294f","band":2,"off":[0,1.1]}},{"type":"Feature","geometry":{"type":"Point","coordinates":[20.147054,49.957328]},"properties":{"line":"274","mode":"bus","color":"#0059a9","colorDark":"#00294f","band":2,"off":[0,1.1]}},{"type":"Feature","geometry":{"type":"Point","coordinates":[19.902954,49.913619]},"properties":{"line":"275","mode":"bus","color":"#0059a9","colorDark":"#00294f","band":2,"off":[0,1.1]}},{"type":"Feature","geometry":{"type":"Point","coordinates":[19.979634,50.220567]},"properties":{"line":"277","mode":"bus","color":"#0059a9","colorDark":"#00294f","band":2,"off":[0,1.1]}},{"type":"Feature","geometry":{"type":"Point","coordinates":[19.709393,50.148281]},"properties":{"line":"278","mode":"bus","color":"#0059a9","colorDark":"#00294f","band":2,"off":[0,1.1]}},{"type":"Feature","geometry":{"type":"Point","coordinates":[19.913209,50.174271]},"properties":{"line":"280","mode":"bus","color":"#0059a9","colorDark":"#00294f","band":2,"off":[-3,1.1]}},{"type":"Feature","geometry":{"type":"Point","coordinates":[19.913209,50.174271]},"properties":{"line":"337","mode":"bus","color":"#0059a9","colorDark":"#00294f","band":2,"off":[0,1.1]}},{"type":"Feature","geometry":{"type":"Point","coordinates":[19.913209,50.174271]},"properties":{"line":"937","mode":"bus","color":"#0059a9","colorDark":"#00294f","band":2,"off":[3,1.1]}},{"type":"Feature","geometry":{"type":"Point","coordinates":[20.05702,49.985067]},"properties":{"line":"284","mode":"bus","color":"#0059a9","colorDark":"#00294f","band":2,"off":[0,1.1]}},{"type":"Feature","geometry":{"type":"Point","coordinates":[19.973934,49.954175]},"properties":{"line":"285","mode":"bus","color":"#0059a9","colorDark":"#00294f","band":2,"off":[0,1.1]}},{"type":"Feature","geometry":{"type":"Point","coordinates":[19.735685,49.926523]},"properties":{"line":"295","mode":"bus","color":"#0059a9","colorDark":"#00294f","band":2,"off":[0,1.1]}},{"type":"Feature","geometry":{"type":"Point","coordinates":[19.983159,50.128605]},"properties":{"line":"297","mode":"bus","color":"#0059a9","colorDark":"#00294f","band":2,"off":[0,1.1]}},{"type":"Feature","geometry":{"type":"Point","coordinates":[19.978456,50.158875]},"properties":{"line":"307","mode":"bus","color":"#0059a9","colorDark":"#00294f","band":2,"off":[0,1.1]}},{"type":"Feature","geometry":{"type":"Point","coordinates":[19.747301,50.158629]},"properties":{"line":"310","mode":"bus","color":"#0059a9","colorDark":"#00294f","band":2,"off":[-1.5,1.1]}},{"type":"Feature","geometry":{"type":"Point","coordinates":[19.747301,50.158629]},"properties":{"line":"910","mode":"bus","color":"#0059a9","colorDark":"#00294f","band":2,"off":[1.5,1.1]}},{"type":"Feature","geometry":{"type":"Point","coordinates":[19.942316,50.107389]},"properties":{"line":"317","mode":"bus","color":"#0059a9","colorDark":"#00294f","band":2,"off":[0,1.1]}},{"type":"Feature","geometry":{"type":"Point","coordinates":[19.984161,50.077034]},"properties":{"line":"424","mode":"bus","color":"#0059a9","colorDark":"#00294f","band":2,"off":[0,1.1]}},{"type":"Feature","geometry":{"type":"Point","coordinates":[19.936225,50.030092]},"properties":{"line":"463","mode":"bus","color":"#0059a9","colorDark":"#00294f","band":2,"off":[-1.5,1.1]}},{"type":"Feature","geometry":{"type":"Point","coordinates":[19.936225,50.030092]},"properties":{"line":"915","mode":"bus","color":"#0059a9","colorDark":"#00294f","band":2,"off":[1.5,1.1]}},{"type":"Feature","geometry":{"type":"Point","coordinates":[19.982993,50.005775]},"properties":{"line":"469","mode":"bus","color":"#0059a9","colorDark":"#00294f","band":2,"off":[0,1.1]}},{"type":"Feature","geometry":{"type":"Point","coordinates":[19.99956,50.033175]},"properties":{"line":"497","mode":"bus","color":"#0059a9","colorDark":"#00294f","band":2,"off":[0,1.1]}},{"type":"Feature","geometry":{"type":"Point","coordinates":[19.923683,50.100575]},"properties":{"line":"513","mode":"bus","color":"#0059a9","colorDark":"#00294f","band":2,"off":[0,1.1]}},{"type":"Feature","geometry":{"type":"Point","coordinates":[19.814514,50.008316]},"properties":{"line":"712","mode":"bus","color":"#0059a9","colorDark":"#00294f","band":2,"off":[0,1.1]}},{"type":"Feature","geometry":{"type":"Point","coordinates":[19.83127,50.212833]},"properties":{"line":"LR0","mode":"bus","color":"#0059a9","colorDark":"#00294f","band":2,"off":[0,1.1]}},{"type":"Feature","geometry":{"type":"Point","coordinates":[20.064855,50.094596]},"properties":{"line":"1","mode":"tram","color":"#d6212b","colorDark":"#7c1116","band":2,"off":[-3,1.1]}},{"type":"Feature","geometry":{"type":"Point","coordinates":[20.064855,50.094596]},"properties":{"line":"5","mode":"tram","color":"#d6212b","colorDark":"#7c1116","band":2,"off":[0,1.1]}},{"type":"Feature","geometry":{"type":"Point","coordinates":[20.064855,50.094596]},"properties":{"line":"74","mode":"tram","color":"#d6212b","colorDark":"#7c1116","band":2,"off":[3,1.1]}},{"type":"Feature","geometry":{"type":"Point","coordinates":[19.913794,50.052729]},"properties":{"line":"1","mode":"tram","color":"#d6212b","colorDark":"#7c1116","band":2,"off":[-1.5,1.1]}},{"type":"Feature","geometry":{"type":"Point","coordinates":[19.913794,50.052729]},"properties":{"line":"13","mode":"tram","color":"#d6212b","colorDark":"#7c1116","band":2,"off":[1.5,1.1]}},{"type":"Feature","geometry":{"type":"Point","coordinates":[20.023064,50.015594]},"properties":{"line":"3","mode":"tram","color":"#d6212b","colorDark":"#7c1116","band":2,"off":[-6,1.1]}},{"type":"Feature","geometry":{"type":"Point","coordinates":[20.023064,50.015594]},"properties":{"line":"9","mode":"tram","color":"#d6212b","colorDark":"#7c1116","band":2,"off":[-3,1.1]}},{"type":"Feature","geometry":{"type":"Point","coordinates":[20.023064,50.015594]},"properties":{"line":"13","mode":"tram","color":"#d6212b","colorDark":"#7c1116","band":2,"off":[0,1.1]}},{"type":"Feature","geometry":{"type":"Point","coordinates":[20.023064,50.015594]},"properties":{"line":"49","mode":"tram","color":"#d6212b","colorDark":"#7c1116","band":2,"off":[3,1.1]}},{"type":"Feature","geometry":{"type":"Point","coordinates":[20.023064,50.015594]},"properties":{"line":"69","mode":"tram","color":"#d6212b","colorDark":"#7c1116","band":2,"off":[6,1.1]}},{"type":"Feature","geometry":{"type":"Point","coordinates":[19.931661,50.089386]},"properties":{"line":"3","mode":"tram","color":"#d6212b","colorDark":"#7c1116","band":2,"off":[-1.5,1.1]}},{"type":"Feature","geometry":{"type":"Point","coordinates":[19.931661,50.089386]},"properties":{"line":"5","mode":"tram","color":"#d6212b","colorDark":"#7c1116","band":2,"off":[1.5,1.1]}},{"type":"Feature","geometry":{"type":"Point","coordinates":[19.940383,50.075925]},"properties":{"line":"3","mode":"tram","color":"#d6212b","colorDark":"#7c1116","band":2,"off":[-6,1.1]}},{"type":"Feature","geometry":{"type":"Point","coordinates":[19.940383,50.075925]},"properties":{"line":"5","mode":"tram","color":"#d6212b","colorDark":"#7c1116","band":2,"off":[-3,1.1]}},{"type":"Feature","geometry":{"type":"Point","coordinates":[19.940383,50.075925]},"properties":{"line":"17","mode":"tram","color":"#d6212b","colorDark":"#7c1116","band":2,"off":[0,1.1]}},{"type":"Feature","geometry":{"type":"Point","coordinates":[19.940383,50.075925]},"properties":{"line":"50","mode":"tram","color":"#d6212b","colorDark":"#7c1116","band":2,"off":[3,1.1]}},{"type":"Feature","geometry":{"type":"Point","coordinates":[19.940383,50.075925]},"properties":{"line":"69","mode":"tram","color":"#d6212b","colorDark":"#7c1116","band":2,"off":[6,1.1]}},{"type":"Feature","geometry":{"type":"Point","coordinates":[19.927011,50.013093]},"properties":{"line":"8","mode":"tram","color":"#d6212b","colorDark":"#7c1116","band":2,"off":[-3,1.1]}},{"type":"Feature","geometry":{"type":"Point","coordinates":[19.927011,50.013093]},"properties":{"line":"22","mode":"tram","color":"#d6212b","colorDark":"#7c1116","band":2,"off":[0,1.1]}},{"type":"Feature","geometry":{"type":"Point","coordinates":[19.927011,50.013093]},"properties":{"line":"50","mode":"tram","color":"#d6212b","colorDark":"#7c1116","band":2,"off":[3,1.1]}},{"type":"Feature","geometry":{"type":"Point","coordinates":[19.903375,50.062937]},"properties":{"line":"8","mode":"tram","color":"#d6212b","colorDark":"#7c1116","band":2,"off":[-1.5,1.1]}},{"type":"Feature","geometry":{"type":"Point","coordinates":[19.903375,50.062937]},"properties":{"line":"14","mode":"tram","color":"#d6212b","colorDark":"#7c1116","band":2,"off":[1.5,1.1]}},{"type":"Feature","geometry":{"type":"Point","coordinates":[20.021371,50.090091]},"properties":{"line":"9","mode":"tram","color":"#d6212b","colorDark":"#7c1116","band":2,"off":[-6,1.1]}},{"type":"Feature","geometry":{"type":"Point","coordinates":[20.021371,50.090091]},"properties":{"line":"14","mode":"tram","color":"#d6212b","colorDark":"#7c1116","band":2,"off":[-3,1.1]}},{"type":"Feature","geometry":{"type":"Point","coordinates":[20.021371,50.090091]},"properties":{"line":"16","mode":"tram","color":"#d6212b","colorDark":"#7c1116","band":2,"off":[0,1.1]}},{"type":"Feature","geometry":{"type":"Point","coordinates":[20.021371,50.090091]},"properties":{"line":"21","mode":"tram","color":"#d6212b","colorDark":"#7c1116","band":2,"off":[3,1.1]}},{"type":"Feature","geometry":{"type":"Point","coordinates":[20.021371,50.090091]},"properties":{"line":"52","mode":"tram","color":"#d6212b","colorDark":"#7c1116","band":2,"off":[6,1.1]}},{"type":"Feature","geometry":{"type":"Point","coordinates":[19.948094,50.014078]},"properties":{"line":"10","mode":"tram","color":"#d6212b","colorDark":"#7c1116","band":2,"off":[-3,1.1]}},{"type":"Feature","geometry":{"type":"Point","coordinates":[19.948094,50.014078]},"properties":{"line":"11","mode":"tram","color":"#d6212b","colorDark":"#7c1116","band":2,"off":[0,1.1]}},{"type":"Feature","geometry":{"type":"Point","coordinates":[19.948094,50.014078]},"properties":{"line":"50","mode":"tram","color":"#d6212b","colorDark":"#7c1116","band":2,"off":[3,1.1]}},{"type":"Feature","geometry":{"type":"Point","coordinates":[20.064912,50.067772]},"properties":{"line":"10","mode":"tram","color":"#d6212b","colorDark":"#7c1116","band":2,"off":[-1.5,1.1]}},{"type":"Feature","geometry":{"type":"Point","coordinates":[20.064912,50.067772]},"properties":{"line":"16","mode":"tram","color":"#d6212b","colorDark":"#7c1116","band":2,"off":[1.5,1.1]}},{"type":"Feature","geometry":{"type":"Point","coordinates":[19.995526,50.094875]},"properties":{"line":"14","mode":"tram","color":"#d6212b","colorDark":"#7c1116","band":2,"off":[-1.5,1.1]}},{"type":"Feature","geometry":{"type":"Point","coordinates":[19.995526,50.094875]},"properties":{"line":"16","mode":"tram","color":"#d6212b","colorDark":"#7c1116","band":2,"off":[1.5,1.1]}},{"type":"Feature","geometry":{"type":"Point","coordinates":[20.067076,50.069652]},"properties":{"line":"21","mode":"tram","color":"#d6212b","colorDark":"#7c1116","band":2,"off":[-3,1.1]}},{"type":"Feature","geometry":{"type":"Point","coordinates":[20.067076,50.069652]},"properties":{"line":"22","mode":"tram","color":"#d6212b","colorDark":"#7c1116","band":2,"off":[0,1.1]}},{"type":"Feature","geometry":{"type":"Point","coordinates":[20.067076,50.069652]},"properties":{"line":"75","mode":"tram","color":"#d6212b","colorDark":"#7c1116","band":2,"off":[3,1.1]}},{"type":"Feature","geometry":{"type":"Point","coordinates":[20.052452,50.076212]},"properties":{"line":"21","mode":"tram","color":"#d6212b","colorDark":"#7c1116","band":2,"off":[-4.5,1.1]}},{"type":"Feature","geometry":{"type":"Point","coordinates":[20.052452,50.076212]},"properties":{"line":"22","mode":"tram","color":"#d6212b","colorDark":"#7c1116","band":2,"off":[-1.5,1.1]}},{"type":"Feature","geometry":{"type":"Point","coordinates":[20.052452,50.076212]},"properties":{"line":"74","mode":"tram","color":"#d6212b","colorDark":"#7c1116","band":2,"off":[1.5,1.1]}},{"type":"Feature","geometry":{"type":"Point","coordinates":[20.052452,50.076212]},"properties":{"line":"75","mode":"tram","color":"#d6212b","colorDark":"#7c1116","band":2,"off":[4.5,1.1]}},{"type":"Feature","geometry":{"type":"Point","coordinates":[19.985167,50.072101]},"properties":{"line":"49","mode":"tram","color":"#d6212b","colorDark":"#7c1116","band":2,"off":[0,1.1]}},{"type":"Feature","geometry":{"type":"Point","coordinates":[19.9574,50.074278]},"properties":{"line":"76","mode":"tram","color":"#d6212b","colorDark":"#7c1116","band":2,"off":[0,1.1]}},{"type":"Feature","geometry":{"type":"Point","coordinates":[19.931215,50.088526]},"properties":{"line":"102","mode":"bus","color":"#0059a9","colorDark":"#00294f","band":3,"off":[-6,1.1]}},{"type":"Feature","geometry":{"type":"Point","coordinates":[19.931215,50.088526]},"properties":{"line":"137","mode":"bus","color":"#0059a9","colorDark":"#00294f","band":3,"off":[-3,1.1]}},{"type":"Feature","geometry":{"type":"Point","coordinates":[19.931215,50.088526]},"properties":{"line":"150","mode":"bus","color":"#0059a9","colorDark":"#00294f","band":3,"off":[0,1.1]}},{"type":"Feature","geometry":{"type":"Point","coordinates":[19.931215,50.088526]},"properties":{"line":"168","mode":"bus","color":"#0059a9","colorDark":"#00294f","band":3,"off":[3,1.1]}},{"type":"Feature","geometry":{"type":"Point","coordinates":[19.931215,50.088526]},"properties":{"line":"194","mode":"bus","color":"#0059a9","colorDark":"#00294f","band":3,"off":[6,1.1]}},{"type":"Feature","geometry":{"type":"Point","coordinates":[19.931215,50.088526]},"properties":{"line":"207","mode":"bus","color":"#0059a9","colorDark":"#00294f","band":3,"off":[-6,2.6]}},{"type":"Feature","geometry":{"type":"Point","coordinates":[19.931215,50.088526]},"properties":{"line":"220","mode":"bus","color":"#0059a9","colorDark":"#00294f","band":3,"off":[-3,2.6]}},{"type":"Feature","geometry":{"type":"Point","coordinates":[19.931215,50.088526]},"properties":{"line":"227","mode":"bus","color":"#0059a9","colorDark":"#00294f","band":3,"off":[0,2.6]}},{"type":"Feature","geometry":{"type":"Point","coordinates":[19.931215,50.088526]},"properties":{"line":"240","mode":"bus","color":"#0059a9","colorDark":"#00294f","band":3,"off":[3,2.6]}},{"type":"Feature","geometry":{"type":"Point","coordinates":[19.931215,50.088526]},"properties":{"line":"267","mode":"bus","color":"#0059a9","colorDark":"#00294f","band":3,"off":[6,2.6]}},{"type":"Feature","geometry":{"type":"Point","coordinates":[19.931215,50.088526]},"properties":{"line":"290","mode":"bus","color":"#0059a9","colorDark":"#00294f","band":3,"off":[-1.5,4.1]}},{"type":"Feature","geometry":{"type":"Point","coordinates":[19.931215,50.088526]},"properties":{"line":"937","mode":"bus","color":"#0059a9","colorDark":"#00294f","band":3,"off":[1.5,4.1]}},{"type":"Feature","geometry":{"type":"Point","coordinates":[19.819855,50.043295]},"properties":{"line":"102","mode":"bus","color":"#0059a9","colorDark":"#00294f","band":3,"off":[-1.5,1.1]}},{"type":"Feature","geometry":{"type":"Point","coordinates":[19.819855,50.043295]},"properties":{"line":"609","mode":"bus","color":"#0059a9","colorDark":"#00294f","band":3,"off":[1.5,1.1]}},{"type":"Feature","geometry":{"type":"Point","coordinates":[19.847207,50.067862]},"properties":{"line":"102","mode":"bus","color":"#0059a9","colorDark":"#00294f","band":3,"off":[-6,1.1]}},{"type":"Feature","geometry":{"type":"Point","coordinates":[19.847207,50.067862]},"properties":{"line":"126","mode":"bus","color":"#0059a9","colorDark":"#00294f","band":3,"off":[-3,1.1]}},{"type":"Feature","geometry":{"type":"Point","coordinates":[19.847207,50.067862]},"properties":{"line":"192","mode":"bus","color":"#0059a9","colorDark":"#00294f","band":3,"off":[0,1.1]}},{"type":"Feature","geometry":{"type":"Point","coordinates":[19.847207,50.067862]},"properties":{"line":"300","mode":"bus","color":"#0059a9","colorDark":"#00294f","band":3,"off":[3,1.1]}},{"type":"Feature","geometry":{"type":"Point","coordinates":[19.847207,50.067862]},"properties":{"line":"902","mode":"bus","color":"#0059a9","colorDark":"#00294f","band":3,"off":[6,1.1]}},{"type":"Feature","geometry":{"type":"Point","coordinates":[19.92774,49.999784]},"properties":{"line":"104","mode":"bus","color":"#0059a9","colorDark":"#00294f","band":3,"off":[-3,1.1]}},{"type":"Feature","geometry":{"type":"Point","coordinates":[19.92774,49.999784]},"properties":{"line":"155","mode":"bus","color":"#0059a9","colorDark":"#00294f","band":3,"off":[0,1.1]}},{"type":"Feature","geometry":{"type":"Point","coordinates":[19.92774,49.999784]},"properties":{"line":"254","mode":"bus","color":"#0059a9","colorDark":"#00294f","band":3,"off":[3,1.1]}},{"type":"Feature","geometry":{"type":"Point","coordinates":[19.897177,49.998655]},"properties":{"line":"104","mode":"bus","color":"#0059a9","colorDark":"#00294f","band":3,"off":[-6,1.1]}},{"type":"Feature","geometry":{"type":"Point","coordinates":[19.897177,49.998655]},"properties":{"line":"151","mode":"bus","color":"#0059a9","colorDark":"#00294f","band":3,"off":[-3,1.1]}},{"type":"Feature","geometry":{"type":"Point","coordinates":[19.897177,49.998655]},"properties":{"line":"194","mode":"bus","color":"#0059a9","colorDark":"#00294f","band":3,"off":[0,1.1]}},{"type":"Feature","geometry":{"type":"Point","coordinates":[19.897177,49.998655]},"properties":{"line":"494","mode":"bus","color":"#0059a9","colorDark":"#00294f","band":3,"off":[3,1.1]}},{"type":"Feature","geometry":{"type":"Point","coordinates":[19.897177,49.998655]},"properties":{"line":"608","mode":"bus","color":"#0059a9","colorDark":"#00294f","band":3,"off":[6,1.1]}},{"type":"Feature","geometry":{"type":"Point","coordinates":[19.889392,50.01819]},"properties":{"line":"104","mode":"bus","color":"#0059a9","colorDark":"#00294f","band":3,"off":[-6,1.1]}},{"type":"Feature","geometry":{"type":"Point","coordinates":[19.889392,50.01819]},"properties":{"line":"204","mode":"bus","color":"#0059a9","colorDark":"#00294f","band":3,"off":[-3,1.1]}},{"type":"Feature","geometry":{"type":"Point","coordinates":[19.889392,50.01819]},"properties":{"line":"223","mode":"bus","color":"#0059a9","colorDark":"#00294f","band":3,"off":[0,1.1]}},{"type":"Feature","geometry":{"type":"Point","coordinates":[19.889392,50.01819]},"properties":{"line":"233","mode":"bus","color":"#0059a9","colorDark":"#00294f","band":3,"off":[3,1.1]}},{"type":"Feature","geometry":{"type":"Point","coordinates":[19.889392,50.01819]},"properties":{"line":"253","mode":"bus","color":"#0059a9","colorDark":"#00294f","band":3,"off":[6,1.1]}},{"type":"Feature","geometry":{"type":"Point","coordinates":[19.889392,50.01819]},"properties":{"line":"283","mode":"bus","color":"#0059a9","colorDark":"#00294f","band":3,"off":[-4.5,2.6]}},{"type":"Feature","geometry":{"type":"Point","coordinates":[19.889392,50.01819]},"properties":{"line":"476","mode":"bus","color":"#0059a9","colorDark":"#00294f","band":3,"off":[-1.5,2.6]}},{"type":"Feature","geometry":{"type":"Point","coordinates":[19.889392,50.01819]},"properties":{"line":"662","mode":"bus","color":"#0059a9","colorDark":"#00294f","band":3,"off":[1.5,2.6]}},{"type":"Feature","geometry":{"type":"Point","coordinates":[19.889392,50.01819]},"properties":{"line":"903","mode":"bus","color":"#0059a9","colorDark":"#00294f","band":3,"off":[4.5,2.6]}},{"type":"Feature","geometry":{"type":"Point","coordinates":[20.012792,50.10203]},"properties":{"line":"105","mode":"bus","color":"#0059a9","colorDark":"#00294f","band":3,"off":[0,1.1]}},{"type":"Feature","geometry":{"type":"Point","coordinates":[19.974275,50.096778]},"properties":{"line":"105","mode":"bus","color":"#0059a9","colorDark":"#00294f","band":3,"off":[-6,1.1]}},{"type":"Feature","geometry":{"type":"Point","coordinates":[19.974275,50.096778]},"properties":{"line":"199","mode":"bus","color":"#0059a9","colorDark":"#00294f","band":3,"off":[-3,1.1]}},{"type":"Feature","geometry":{"type":"Point","coordinates":[19.974275,50.096778]},"properties":{"line":"250","mode":"bus","color":"#0059a9","colorDark":"#00294f","band":3,"off":[0,1.1]}},{"type":"Feature","geometry":{"type":"Point","coordinates":[19.974275,50.096778]},"properties":{"line":"260","mode":"bus","color":"#0059a9","colorDark":"#00294f","band":3,"off":[3,1.1]}},{"type":"Feature","geometry":{"type":"Point","coordinates":[19.974275,50.096778]},"properties":{"line":"270","mode":"bus","color":"#0059a9","colorDark":"#00294f","band":3,"off":[6,1.1]}},{"type":"Feature","geometry":{"type":"Point","coordinates":[19.974275,50.096778]},"properties":{"line":"405","mode":"bus","color":"#0059a9","colorDark":"#00294f","band":3,"off":[-1.5,2.6]}},{"type":"Feature","geometry":{"type":"Point","coordinates":[19.974275,50.096778]},"properties":{"line":"610","mode":"bus","color":"#0059a9","colorDark":"#00294f","band":3,"off":[1.5,2.6]}},{"type":"Feature","geometry":{"type":"Point","coordinates":[19.944588,50.068585]},"properties":{"line":"105","mode":"bus","color":"#0059a9","colorDark":"#00294f","band":3,"off":[-3,1.1]}},{"type":"Feature","geometry":{"type":"Point","coordinates":[19.944588,50.068585]},"properties":{"line":"132","mode":"bus","color":"#0059a9","colorDark":"#00294f","band":3,"off":[0,1.1]}},{"type":"Feature","geometry":{"type":"Point","coordinates":[19.944588,50.068585]},"properties":{"line":"405","mode":"bus","color":"#0059a9","colorDark":"#00294f","band":3,"off":[3,1.1]}},{"type":"Feature","geometry":{"type":"Point","coordinates":[19.960381,50.023326]},"properties":{"line":"107","mode":"bus","color":"#0059a9","colorDark":"#00294f","band":3,"off":[-6,1.1]}},{"type":"Feature","geometry":{"type":"Point","coordinates":[19.960381,50.023326]},"properties":{"line":"164","mode":"bus","color":"#0059a9","colorDark":"#00294f","band":3,"off":[-3,1.1]}},{"type":"Feature","geometry":{"type":"Point","coordinates":[19.960381,50.023326]},"properties":{"line":"169","mode":"bus","color":"#0059a9","colorDark":"#00294f","band":3,"off":[0,1.1]}},{"type":"Feature","geometry":{"type":"Point","coordinates":[19.960381,50.023326]},"properties":{"line":"174","mode":"bus","color":"#0059a9","colorDark":"#00294f","band":3,"off":[3,1.1]}},{"type":"Feature","geometry":{"type":"Point","coordinates":[19.960381,50.023326]},"properties":{"line":"179","mode":"bus","color":"#0059a9","colorDark":"#00294f","band":3,"off":[6,1.1]}},{"type":"Feature","geometry":{"type":"Point","coordinates":[19.960381,50.023326]},"properties":{"line":"610","mode":"bus","color":"#0059a9","colorDark":"#00294f","band":3,"off":[0,2.6]}},{"type":"Feature","geometry":{"type":"Point","coordinates":[19.990106,49.979671]},"properties":{"line":"107","mode":"bus","color":"#0059a9","colorDark":"#00294f","band":3,"off":[0,1.1]}},{"type":"Feature","geometry":{"type":"Point","coordinates":[20.11734,50.072758]},"properties":{"line":"111","mode":"bus","color":"#0059a9","colorDark":"#00294f","band":3,"off":[-6,1.1]}},{"type":"Feature","geometry":{"type":"Point","coordinates":[20.11734,50.072758]},"properties":{"line":"160","mode":"bus","color":"#0059a9","colorDark":"#00294f","band":3,"off":[-3,1.1]}},{"type":"Feature","geometry":{"type":"Point","coordinates":[20.11734,50.072758]},"properties":{"line":"161","mode":"bus","color":"#0059a9","colorDark":"#00294f","band":3,"off":[0,1.1]}},{"type":"Feature","geometry":{"type":"Point","coordinates":[20.11734,50.072758]},"properties":{"line":"171","mode":"bus","color":"#0059a9","colorDark":"#00294f","band":3,"off":[3,1.1]}},{"type":"Feature","geometry":{"type":"Point","coordinates":[20.11734,50.072758]},"properties":{"line":"211","mode":"bus","color":"#0059a9","colorDark":"#00294f","band":3,"off":[6,1.1]}},{"type":"Feature","geometry":{"type":"Point","coordinates":[20.11734,50.072758]},"properties":{"line":"271","mode":"bus","color":"#0059a9","colorDark":"#00294f","band":3,"off":[0,2.6]}},{"type":"Feature","geometry":{"type":"Point","coordinates":[19.842919,50.018925]},"properties":{"line":"112","mode":"bus","color":"#0059a9","colorDark":"#00294f","band":3,"off":[-1.5,1.1]}},{"type":"Feature","geometry":{"type":"Point","coordinates":[19.842919,50.018925]},"properties":{"line":"162","mode":"bus","color":"#0059a9","colorDark":"#00294f","band":3,"off":[1.5,1.1]}},{"type":"Feature","geometry":{"type":"Point","coordinates":[19.852133,50.028654]},"properties":{"line":"112","mode":"bus","color":"#0059a9","colorDark":"#00294f","band":3,"off":[-4.5,1.1]}},{"type":"Feature","geometry":{"type":"Point","coordinates":[19.852133,50.028654]},"properties":{"line":"162","mode":"bus","color":"#0059a9","colorDark":"#00294f","band":3,"off":[-1.5,1.1]}},{"type":"Feature","geometry":{"type":"Point","coordinates":[19.852133,50.028654]},"properties":{"line":"176","mode":"bus","color":"#0059a9","colorDark":"#00294f","band":3,"off":[1.5,1.1]}},{"type":"Feature","geometry":{"type":"Point","coordinates":[19.852133,50.028654]},"properties":{"line":"476","mode":"bus","color":"#0059a9","colorDark":"#00294f","band":3,"off":[4.5,1.1]}},{"type":"Feature","geometry":{"type":"Point","coordinates":[19.93274,50.0467]},"properties":{"line":"112","mode":"bus","color":"#0059a9","colorDark":"#00294f","band":3,"off":[-4.5,1.1]}},{"type":"Feature","geometry":{"type":"Point","coordinates":[19.93274,50.0467]},"properties":{"line":"126","mode":"bus","color":"#0059a9","colorDark":"#00294f","band":3,"off":[-1.5,1.1]}},{"type":"Feature","geometry":{"type":"Point","coordinates":[19.93274,50.0467]},"properties":{"line":"162","mode":"bus","color":"#0059a9","colorDark":"#00294f","band":3,"off":[1.5,1.1]}},{"type":"Feature","geometry":{"type":"Point","coordinates":[19.93274,50.0467]},"properties":{"line":"712","mode":"bus","color":"#0059a9","colorDark":"#00294f","band":3,"off":[4.5,1.1]}},{"type":"Feature","geometry":{"type":"Point","coordinates":[19.936132,50.07484]},"properties":{"line":"120","mode":"bus","color":"#0059a9","colorDark":"#00294f","band":3,"off":[-3,1.1]}},{"type":"Feature","geometry":{"type":"Point","coordinates":[19.936132,50.07484]},"properties":{"line":"140","mode":"bus","color":"#0059a9","colorDark":"#00294f","band":3,"off":[0,1.1]}},{"type":"Feature","geometry":{"type":"Point","coordinates":[19.936132,50.07484]},"properties":{"line":"337","mode":"bus","color":"#0059a9","colorDark":"#00294f","band":3,"off":[3,1.1]}},{"type":"Feature","geometry":{"type":"Point","coordinates":[19.870553,50.080141]},"properties":{"line":"120","mode":"bus","color":"#0059a9","colorDark":"#00294f","band":3,"off":[-1.5,1.1]}},{"type":"Feature","geometry":{"type":"Point","coordinates":[19.870553,50.080141]},"properties":{"line":"572","mode":"bus","color":"#0059a9","colorDark":"#00294f","band":3,"off":[1.5,1.1]}},{"type":"Feature","geometry":{"type":"Point","coordinates":[19.883032,50.082145]},"properties":{"line":"120","mode":"bus","color":"#0059a9","colorDark":"#00294f","band":3,"off":[-6,1.1]}},{"type":"Feature","geometry":{"type":"Point","coordinates":[19.883032,50.082145]},"properties":{"line":"238","mode":"bus","color":"#0059a9","colorDark":"#00294f","band":3,"off":[-3,1.1]}},{"type":"Feature","geometry":{"type":"Point","coordinates":[19.883032,50.082145]},"properties":{"line":"248","mode":"bus","color":"#0059a9","colorDark":"#00294f","band":3,"off":[0,1.1]}},{"type":"Feature","geometry":{"type":"Point","coordinates":[19.883032,50.082145]},"properties":{"line":"258","mode":"bus","color":"#0059a9","colorDark":"#00294f","band":3,"off":[3,1.1]}},{"type":"Feature","geometry":{"type":"Point","coordinates":[19.883032,50.082145]},"properties":{"line":"268","mode":"bus","color":"#0059a9","colorDark":"#00294f","band":3,"off":[6,1.1]}},{"type":"Feature","geometry":{"type":"Point","coordinates":[19.883032,50.082145]},"properties":{"line":"278","mode":"bus","color":"#0059a9","colorDark":"#00294f","band":3,"off":[-6,2.6]}},{"type":"Feature","geometry":{"type":"Point","coordinates":[19.883032,50.082145]},"properties":{"line":"288","mode":"bus","color":"#0059a9","colorDark":"#00294f","band":3,"off":[-3,2.6]}},{"type":"Feature","geometry":{"type":"Point","coordinates":[19.883032,50.082145]},"properties":{"line":"572","mode":"bus","color":"#0059a9","colorDark":"#00294f","band":3,"off":[0,2.6]}},{"type":"Feature","geometry":{"type":"Point","coordinates":[19.883032,50.082145]},"properties":{"line":"664","mode":"bus","color":"#0059a9","colorDark":"#00294f","band":3,"off":[3,2.6]}},{"type":"Feature","geometry":{"type":"Point","coordinates":[19.883032,50.082145]},"properties":{"line":"704","mode":"bus","color":"#0059a9","colorDark":"#00294f","band":3,"off":[6,2.6]}},{"type":"Feature","geometry":{"type":"Point","coordinates":[19.883032,50.082145]},"properties":{"line":"708","mode":"bus","color":"#0059a9","colorDark":"#00294f","band":3,"off":[-3,4.1]}},{"type":"Feature","geometry":{"type":"Point","coordinates":[19.883032,50.082145]},"properties":{"line":"910","mode":"bus","color":"#0059a9","colorDark":"#00294f","band":3,"off":[0,4.1]}},{"type":"Feature","geometry":{"type":"Point","coordinates":[19.883032,50.082145]},"properties":{"line":"948","mode":"bus","color":"#0059a9","colorDark":"#00294f","band":3,"off":[3,4.1]}},{"type":"Feature","geometry":{"type":"Point","coordinates":[19.890788,50.087618]},"properties":{"line":"120","mode":"bus","color":"#0059a9","colorDark":"#00294f","band":3,"off":[-6,1.1]}},{"type":"Feature","geometry":{"type":"Point","coordinates":[19.890788,50.087618]},"properties":{"line":"238","mode":"bus","color":"#0059a9","colorDark":"#00294f","band":3,"off":[-3,1.1]}},{"type":"Feature","geometry":{"type":"Point","coordinates":[19.890788,50.087618]},"properties":{"line":"248","mode":"bus","color":"#0059a9","colorDark":"#00294f","band":3,"off":[0,1.1]}},{"type":"Feature","geometry":{"type":"Point","coordinates":[19.890788,50.087618]},"properties":{"line":"258","mode":"bus","color":"#0059a9","colorDark":"#00294f","band":3,"off":[3,1.1]}},{"type":"Feature","geometry":{"type":"Point","coordinates":[19.890788,50.087618]},"properties":{"line":"268","mode":"bus","color":"#0059a9","colorDark":"#00294f","band":3,"off":[6,1.1]}},{"type":"Feature","geometry":{"type":"Point","coordinates":[19.890788,50.087618]},"properties":{"line":"278","mode":"bus","color":"#0059a9","colorDark":"#00294f","band":3,"off":[-3,2.6]}},{"type":"Feature","geometry":{"type":"Point","coordinates":[19.890788,50.087618]},"properties":{"line":"288","mode":"bus","color":"#0059a9","colorDark":"#00294f","band":3,"off":[0,2.6]}},{"type":"Feature","geometry":{"type":"Point","coordinates":[19.890788,50.087618]},"properties":{"line":"948","mode":"bus","color":"#0059a9","colorDark":"#00294f","band":3,"off":[3,2.6]}},{"type":"Feature","geometry":{"type":"Point","coordinates":[19.911619,49.995364]},"properties":{"line":"121","mode":"bus","color":"#0059a9","colorDark":"#00294f","band":3,"off":[0,1.1]}},{"type":"Feature","geometry":{"type":"Point","coordinates":[19.926645,50.011341]},"properties":{"line":"121","mode":"bus","color":"#0059a9","colorDark":"#00294f","band":3,"off":[-6,1.1]}},{"type":"Feature","geometry":{"type":"Point","coordinates":[19.926645,50.011341]},"properties":{"line":"151","mode":"bus","color":"#0059a9","colorDark":"#00294f","band":3,"off":[-3,1.1]}},{"type":"Feature","geometry":{"type":"Point","coordinates":[19.926645,50.011341]},"properties":{"line":"175","mode":"bus","color":"#0059a9","colorDark":"#00294f","band":3,"off":[0,1.1]}},{"type":"Feature","geometry":{"type":"Point","coordinates":[19.926645,50.011341]},"properties":{"line":"204","mode":"bus","color":"#0059a9","colorDark":"#00294f","band":3,"off":[3,1.1]}},{"type":"Feature","geometry":{"type":"Point","coordinates":[19.926645,50.011341]},"properties":{"line":"214","mode":"bus","color":"#0059a9","colorDark":"#00294f","band":3,"off":[6,1.1]}},{"type":"Feature","geometry":{"type":"Point","coordinates":[19.926645,50.011341]},"properties":{"line":"215","mode":"bus","color":"#0059a9","colorDark":"#00294f","band":3,"off":[-6,2.6]}},{"type":"Feature","geometry":{"type":"Point","coordinates":[19.926645,50.011341]},"properties":{"line":"225","mode":"bus","color":"#0059a9","colorDark":"#00294f","band":3,"off":[-3,2.6]}},{"type":"Feature","geometry":{"type":"Point","coordinates":[19.926645,50.011341]},"properties":{"line":"235","mode":"bus","color":"#0059a9","colorDark":"#00294f","band":3,"off":[0,2.6]}},{"type":"Feature","geometry":{"type":"Point","coordinates":[19.926645,50.011341]},"properties":{"line":"243","mode":"bus","color":"#0059a9","colorDark":"#00294f","band":3,"off":[3,2.6]}},{"type":"Feature","geometry":{"type":"Point","coordinates":[19.926645,50.011341]},"properties":{"line":"245","mode":"bus","color":"#0059a9","colorDark":"#00294f","band":3,"off":[6,2.6]}},{"type":"Feature","geometry":{"type":"Point","coordinates":[19.926645,50.011341]},"properties":{"line":"254","mode":"bus","color":"#0059a9","colorDark":"#00294f","band":3,"off":[-6,4.1]}},{"type":"Feature","geometry":{"type":"Point","coordinates":[19.926645,50.011341]},"properties":{"line":"255","mode":"bus","color":"#0059a9","colorDark":"#00294f","band":3,"off":[-3,4.1]}},{"type":"Feature","geometry":{"type":"Point","coordinates":[19.926645,50.011341]},"properties":{"line":"265","mode":"bus","color":"#0059a9","colorDark":"#00294f","band":3,"off":[0,4.1]}},{"type":"Feature","geometry":{"type":"Point","coordinates":[19.926645,50.011341]},"properties":{"line":"275","mode":"bus","color":"#0059a9","colorDark":"#00294f","band":3,"off":[3,4.1]}},{"type":"Feature","geometry":{"type":"Point","coordinates":[19.926645,50.011341]},"properties":{"line":"285","mode":"bus","color":"#0059a9","colorDark":"#00294f","band":3,"off":[6,4.1]}},{"type":"Feature","geometry":{"type":"Point","coordinates":[19.926645,50.011341]},"properties":{"line":"293","mode":"bus","color":"#0059a9","colorDark":"#00294f","band":3,"off":[-3,5.6]}},{"type":"Feature","geometry":{"type":"Point","coordinates":[19.926645,50.011341]},"properties":{"line":"475","mode":"bus","color":"#0059a9","colorDark":"#00294f","band":3,"off":[0,5.6]}},{"type":"Feature","geometry":{"type":"Point","coordinates":[19.926645,50.011341]},"properties":{"line":"610","mode":"bus","color":"#0059a9","colorDark":"#00294f","band":3,"off":[3,5.6]}},{"type":"Feature","geometry":{"type":"Point","coordinates":[20.043855,50.106217]},"properties":{"line":"122","mode":"bus","color":"#0059a9","colorDark":"#00294f","band":3,"off":[0,1.1]}},{"type":"Feature","geometry":{"type":"Point","coordinates":[20.033993,50.075238]},"properties":{"line":"122","mode":"bus","color":"#0059a9","colorDark":"#00294f","band":3,"off":[-1.5,1.1]}},{"type":"Feature","geometry":{"type":"Point","coordinates":[20.033993,50.075238]},"properties":{"line":"160","mode":"bus","color":"#0059a9","colorDark":"#00294f","band":3,"off":[1.5,1.1]}},{"type":"Feature","geometry":{"type":"Point","coordinates":[20.032761,50.091186]},"properties":{"line":"122","mode":"bus","color":"#0059a9","colorDark":"#00294f","band":3,"off":[-4.5,1.1]}},{"type":"Feature","geometry":{"type":"Point","coordinates":[20.032761,50.091186]},"properties":{"line":"138","mode":"bus","color":"#0059a9","colorDark":"#00294f","band":3,"off":[-1.5,1.1]}},{"type":"Feature","geometry":{"type":"Point","coordinates":[20.032761,50.091186]},"properties":{"line":"601","mode":"bus","color":"#0059a9","colorDark":"#00294f","band":3,"off":[1.5,1.1]}},{"type":"Feature","geometry":{"type":"Point","coordinates":[20.032761,50.091186]},"properties":{"line":"608","mode":"bus","color":"#0059a9","colorDark":"#00294f","band":3,"off":[4.5,1.1]}},{"type":"Feature","geometry":{"type":"Point","coordinates":[19.99605,50.095799]},"properties":{"line":"123","mode":"bus","color":"#0059a9","colorDark":"#00294f","band":3,"off":[-1.5,1.1]}},{"type":"Feature","geometry":{"type":"Point","coordinates":[19.99605,50.095799]},"properties":{"line":"482","mode":"bus","color":"#0059a9","colorDark":"#00294f","band":3,"off":[1.5,1.1]}},{"type":"Feature","geometry":{"type":"Point","coordinates":[20.000792,50.040234]},"properties":{"line":"123","mode":"bus","color":"#0059a9","colorDark":"#00294f","band":3,"off":[-4.5,1.1]}},{"type":"Feature","geometry":{"type":"Point","coordinates":[20.000792,50.040234]},"properties":{"line":"195","mode":"bus","color":"#0059a9","colorDark":"#00294f","band":3,"off":[-1.5,1.1]}},{"type":"Feature","geometry":{"type":"Point","coordinates":[20.000792,50.040234]},"properties":{"line":"221","mode":"bus","color":"#0059a9","colorDark":"#00294f","band":3,"off":[1.5,1.1]}},{"type":"Feature","geometry":{"type":"Point","coordinates":[20.000792,50.040234]},"properties":{"line":"264","mode":"bus","color":"#0059a9","colorDark":"#00294f","band":3,"off":[4.5,1.1]}},{"type":"Feature","geometry":{"type":"Point","coordinates":[20.045374,50.054047]},"properties":{"line":"123","mode":"bus","color":"#0059a9","colorDark":"#00294f","band":3,"off":[-1.5,1.1]}},{"type":"Feature","geometry":{"type":"Point","coordinates":[20.045374,50.054047]},"properties":{"line":"149","mode":"bus","color":"#0059a9","colorDark":"#00294f","band":3,"off":[1.5,1.1]}},{"type":"Feature","geometry":{"type":"Point","coordinates":[19.982603,50.071879]},"properties":{"line":"124","mode":"bus","color":"#0059a9","colorDark":"#00294f","band":3,"off":[-1.5,1.1]}},{"type":"Feature","geometry":{"type":"Point","coordinates":[19.982603,50.071879]},"properties":{"line":"128","mode":"bus","color":"#0059a9","colorDark":"#00294f","band":3,"off":[1.5,1.1]}},{"type":"Feature","geometry":{"type":"Point","coordinates":[19.944201,50.064876]},"properties":{"line":"124","mode":"bus","color":"#0059a9","colorDark":"#00294f","band":3,"off":[-6,1.1]}},{"type":"Feature","geometry":{"type":"Point","coordinates":[19.944201,50.064876]},"properties":{"line":"424","mode":"bus","color":"#0059a9","colorDark":"#00294f","band":3,"off":[-3,1.1]}},{"type":"Feature","geometry":{"type":"Point","coordinates":[19.944201,50.064876]},"properties":{"line":"601","mode":"bus","color":"#0059a9","colorDark":"#00294f","band":3,"off":[0,1.1]}},{"type":"Feature","geometry":{"type":"Point","coordinates":[19.944201,50.064876]},"properties":{"line":"605","mode":"bus","color":"#0059a9","colorDark":"#00294f","band":3,"off":[3,1.1]}},{"type":"Feature","geometry":{"type":"Point","coordinates":[19.944201,50.064876]},"properties":{"line":"608","mode":"bus","color":"#0059a9","colorDark":"#00294f","band":3,"off":[6,1.1]}},{"type":"Feature","geometry":{"type":"Point","coordinates":[19.944201,50.064876]},"properties":{"line":"610","mode":"bus","color":"#0059a9","colorDark":"#00294f","band":3,"off":[-6,2.6]}},{"type":"Feature","geometry":{"type":"Point","coordinates":[19.944201,50.064876]},"properties":{"line":"611","mode":"bus","color":"#0059a9","colorDark":"#00294f","band":3,"off":[-3,2.6]}},{"type":"Feature","geometry":{"type":"Point","coordinates":[19.944201,50.064876]},"properties":{"line":"664","mode":"bus","color":"#0059a9","colorDark":"#00294f","band":3,"off":[0,2.6]}},{"type":"Feature","geometry":{"type":"Point","coordinates":[19.944201,50.064876]},"properties":{"line":"704","mode":"bus","color":"#0059a9","colorDark":"#00294f","band":3,"off":[3,2.6]}},{"type":"Feature","geometry":{"type":"Point","coordinates":[19.944201,50.064876]},"properties":{"line":"902","mode":"bus","color":"#0059a9","colorDark":"#00294f","band":3,"off":[6,2.6]}},{"type":"Feature","geometry":{"type":"Point","coordinates":[19.944201,50.064876]},"properties":{"line":"904","mode":"bus","color":"#0059a9","colorDark":"#00294f","band":3,"off":[0,4.1]}},{"type":"Feature","geometry":{"type":"Point","coordinates":[20.051306,50.021807]},"properties":{"line":"125","mode":"bus","color":"#0059a9","colorDark":"#00294f","band":3,"off":[-1.5,1.1]}},{"type":"Feature","geometry":{"type":"Point","coordinates":[20.051306,50.021807]},"properties":{"line":"605","mode":"bus","color":"#0059a9","colorDark":"#00294f","band":3,"off":[1.5,1.1]}},{"type":"Feature","geometry":{"type":"Point","coordinates":[19.94943,50.068505]},"properties":{"line":"125","mode":"bus","color":"#0059a9","colorDark":"#00294f","band":3,"off":[-6,1.1]}},{"type":"Feature","geometry":{"type":"Point","coordinates":[19.94943,50.068505]},"properties":{"line":"182","mode":"bus","color":"#0059a9","colorDark":"#00294f","band":3,"off":[-3,1.1]}},{"type":"Feature","geometry":{"type":"Point","coordinates":[19.94943,50.068505]},"properties":{"line":"192","mode":"bus","color":"#0059a9","colorDark":"#00294f","band":3,"off":[0,1.1]}},{"type":"Feature","geometry":{"type":"Point","coordinates":[19.94943,50.068505]},"properties":{"line":"317","mode":"bus","color":"#0059a9","colorDark":"#00294f","band":3,"off":[3,1.1]}},{"type":"Feature","geometry":{"type":"Point","coordinates":[19.94943,50.068505]},"properties":{"line":"482","mode":"bus","color":"#0059a9","colorDark":"#00294f","band":3,"off":[6,1.1]}},{"type":"Feature","geometry":{"type":"Point","coordinates":[19.94943,50.068505]},"properties":{"line":"609","mode":"bus","color":"#0059a9","colorDark":"#00294f","band":3,"off":[-1.5,2.6]}},{"type":"Feature","geometry":{"type":"Point","coordinates":[19.94943,50.068505]},"properties":{"line":"902","mode":"bus","color":"#0059a9","colorDark":"#00294f","band":3,"off":[1.5,2.6]}},{"type":"Feature","geometry":{"type":"Point","coordinates":[19.962876,50.042123]},"properties":{"line":"127","mode":"bus","color":"#0059a9","colorDark":"#00294f","band":3,"off":[-6,1.1]}},{"type":"Feature","geometry":{"type":"Point","coordinates":[19.962876,50.042123]},"properties":{"line":"155","mode":"bus","color":"#0059a9","colorDark":"#00294f","band":3,"off":[-3,1.1]}},{"type":"Feature","geometry":{"type":"Point","coordinates":[19.962876,50.042123]},"properties":{"line":"158","mode":"bus","color":"#0059a9","colorDark":"#00294f","band":3,"off":[0,1.1]}},{"type":"Feature","geometry":{"type":"Point","coordinates":[19.962876,50.042123]},"properties":{"line":"427","mode":"bus","color":"#0059a9","colorDark":"#00294f","band":3,"off":[3,1.1]}},{"type":"Feature","geometry":{"type":"Point","coordinates":[19.962876,50.042123]},"properties":{"line":"497","mode":"bus","color":"#0059a9","colorDark":"#00294f","band":3,"off":[6,1.1]}},{"type":"Feature","geometry":{"type":"Point","coordinates":[19.995291,50.034047]},"properties":{"line":"127","mode":"bus","color":"#0059a9","colorDark":"#00294f","band":3,"off":[-1.5,1.1]}},{"type":"Feature","geometry":{"type":"Point","coordinates":[19.995291,50.034047]},"properties":{"line":"427","mode":"bus","color":"#0059a9","colorDark":"#00294f","band":3,"off":[1.5,1.1]}},{"type":"Feature","geometry":{"type":"Point","coordinates":[20.011679,50.035491]},"properties":{"line":"128","mode":"bus","color":"#0059a9","colorDark":"#00294f","band":3,"off":[-4.5,1.1]}},{"type":"Feature","geometry":{"type":"Point","coordinates":[20.011679,50.035491]},"properties":{"line":"148","mode":"bus","color":"#0059a9","colorDark":"#00294f","band":3,"off":[-1.5,1.1]}},{"type":"Feature","geometry":{"type":"Point","coordinates":[20.011679,50.035491]},"properties":{"line":"158","mode":"bus","color":"#0059a9","colorDark":"#00294f","band":3,"off":[1.5,1.1]}},{"type":"Feature","geometry":{"type":"Point","coordinates":[20.011679,50.035491]},"properties":{"line":"605","mode":"bus","color":"#0059a9","colorDark":"#00294f","band":3,"off":[4.5,1.1]}},{"type":"Feature","geometry":{"type":"Point","coordinates":[19.963066,50.104982]},"properties":{"line":"18","mode":"tram","color":"#d6212b","colorDark":"#7c1116","band":3,"off":[-6,1.1]}},{"type":"Feature","geometry":{"type":"Point","coordinates":[19.963066,50.104982]},"properties":{"line":"50","mode":"tram","color":"#d6212b","colorDark":"#7c1116","band":3,"off":[-3,1.1]}},{"type":"Feature","geometry":{"type":"Point","coordinates":[19.963066,50.104982]},"properties":{"line":"69","mode":"tram","color":"#d6212b","colorDark":"#7c1116","band":3,"off":[0,1.1]}},{"type":"Feature","geometry":{"type":"Point","coordinates":[19.963066,50.104982]},"properties":{"line":"75","mode":"tram","color":"#d6212b","colorDark":"#7c1116","band":3,"off":[3,1.1]}},{"type":"Feature","geometry":{"type":"Point","coordinates":[19.963066,50.104982]},"properties":{"line":"128","mode":"bus","color":"#0059a9","colorDark":"#00294f","band":3,"off":[6,1.1]}},{"type":"Feature","geometry":{"type":"Point","coordinates":[19.963066,50.104982]},"properties":{"line":"169","mode":"bus","color":"#0059a9","colorDark":"#00294f","band":3,"off":[-6,2.6]}},{"type":"Feature","geometry":{"type":"Point","coordinates":[19.963066,50.104982]},"properties":{"line":"217","mode":"bus","color":"#0059a9","colorDark":"#00294f","band":3,"off":[-3,2.6]}},{"type":"Feature","geometry":{"type":"Point","coordinates":[19.963066,50.104982]},"properties":{"line":"247","mode":"bus","color":"#0059a9","colorDark":"#00294f","band":3,"off":[0,2.6]}},{"type":"Feature","geometry":{"type":"Point","coordinates":[19.963066,50.104982]},"properties":{"line":"257","mode":"bus","color":"#0059a9","colorDark":"#00294f","band":3,"off":[3,2.6]}},{"type":"Feature","geometry":{"type":"Point","coordinates":[19.963066,50.104982]},"properties":{"line":"277","mode":"bus","color":"#0059a9","colorDark":"#00294f","band":3,"off":[6,2.6]}},{"type":"Feature","geometry":{"type":"Point","coordinates":[19.963066,50.104982]},"properties":{"line":"280","mode":"bus","color":"#0059a9","colorDark":"#00294f","band":3,"off":[-6,4.1]}},{"type":"Feature","geometry":{"type":"Point","coordinates":[19.963066,50.104982]},"properties":{"line":"297","mode":"bus","color":"#0059a9","colorDark":"#00294f","band":3,"off":[-3,4.1]}},{"type":"Feature","geometry":{"type":"Point","coordinates":[19.963066,50.104982]},"properties":{"line":"469","mode":"bus","color":"#0059a9","colorDark":"#00294f","band":3,"off":[0,4.1]}},{"type":"Feature","geometry":{"type":"Point","coordinates":[19.963066,50.104982]},"properties":{"line":"503","mode":"bus","color":"#0059a9","colorDark":"#00294f","band":3,"off":[3,4.1]}},{"type":"Feature","geometry":{"type":"Point","coordinates":[19.963066,50.104982]},"properties":{"line":"669","mode":"bus","color":"#0059a9","colorDark":"#00294f","band":3,"off":[6,4.1]}},{"type":"Feature","geometry":{"type":"Point","coordinates":[19.963066,50.104982]},"properties":{"line":"917","mode":"bus","color":"#0059a9","colorDark":"#00294f","band":3,"off":[0,5.6]}},{"type":"Feature","geometry":{"type":"Point","coordinates":[19.908847,50.086785]},"properties":{"line":"130","mode":"bus","color":"#0059a9","colorDark":"#00294f","band":3,"off":[-6,1.1]}},{"type":"Feature","geometry":{"type":"Point","coordinates":[19.908847,50.086785]},"properties":{"line":"138","mode":"bus","color":"#0059a9","colorDark":"#00294f","band":3,"off":[-3,1.1]}},{"type":"Feature","geometry":{"type":"Point","coordinates":[19.908847,50.086785]},"properties":{"line":"140","mode":"bus","color":"#0059a9","colorDark":"#00294f","band":3,"off":[0,1.1]}},{"type":"Feature","geometry":{"type":"Point","coordinates":[19.908847,50.086785]},"properties":{"line":"168","mode":"bus","color":"#0059a9","colorDark":"#00294f","band":3,"off":[3,1.1]}},{"type":"Feature","geometry":{"type":"Point","coordinates":[19.908847,50.086785]},"properties":{"line":"173","mode":"bus","color":"#0059a9","colorDark":"#00294f","band":3,"off":[6,1.1]}},{"type":"Feature","geometry":{"type":"Point","coordinates":[19.908847,50.086785]},"properties":{"line":"494","mode":"bus","color":"#0059a9","colorDark":"#00294f","band":3,"off":[-1.5,2.6]}},{"type":"Feature","geometry":{"type":"Point","coordinates":[19.908847,50.086785]},"properties":{"line":"904","mode":"bus","color":"#0059a9","colorDark":"#00294f","band":3,"off":[1.5,2.6]}},{"type":"Feature","geometry":{"type":"Point","coordinates":[20.06652,50.078572]},"properties":{"line":"132","mode":"bus","color":"#0059a9","colorDark":"#00294f","band":3,"off":[-6,1.1]}},{"type":"Feature","geometry":{"type":"Point","coordinates":[20.06652,50.078572]},"properties":{"line":"138","mode":"bus","color":"#0059a9","colorDark":"#00294f","band":3,"off":[-3,1.1]}},{"type":"Feature","geometry":{"type":"Point","coordinates":[20.06652,50.078572]},"properties":{"line":"139","mode":"bus","color":"#0059a9","colorDark":"#00294f","band":3,"off":[0,1.1]}},{"type":"Feature","geometry":{"type":"Point","coordinates":[20.06652,50.078572]},"properties":{"line":"174","mode":"bus","color":"#0059a9","colorDark":"#00294f","band":3,"off":[3,1.1]}},{"type":"Feature","geometry":{"type":"Point","coordinates":[20.06652,50.078572]},"properties":{"line":"242","mode":"bus","color":"#0059a9","colorDark":"#00294f","band":3,"off":[6,1.1]}},{"type":"Feature","geometry":{"type":"Point","coordinates":[20.06652,50.078572]},"properties":{"line":"272","mode":"bus","color":"#0059a9","colorDark":"#00294f","band":3,"off":[-1.5,2.6]}},{"type":"Feature","geometry":{"type":"Point","coordinates":[20.06652,50.078572]},"properties":{"line":"463","mode":"bus","color":"#0059a9","colorDark":"#00294f","band":3,"off":[1.5,2.6]}},{"type":"Feature","geometry":{"type":"Point","coordinates":[19.855382,50.055083]},"properties":{"line":"134","mode":"bus","color":"#0059a9","colorDark":"#00294f","band":3,"off":[-1.5,1.1]}},{"type":"Feature","geometry":{"type":"Point","coordinates":[19.855382,50.055083]},"properties":{"line":"434","mode":"bus","color":"#0059a9","colorDark":"#00294f","band":3,"off":[1.5,1.1]}},{"type":"Feature","geometry":{"type":"Point","coordinates":[19.92259,50.058487]},"properties":{"line":"134","mode":"bus","color":"#0059a9","colorDark":"#00294f","band":3,"off":[-1.5,1.1]}},{"type":"Feature","geometry":{"type":"Point","coordinates":[19.92259,50.058487]},"properties":{"line":"307","mode":"bus","color":"#0059a9","colorDark":"#00294f","band":3,"off":[1.5,1.1]}},{"type":"Feature","geometry":{"type":"Point","coordinates":[19.862337,50.059104]},"properties":{"line":"134","mode":"bus","color":"#0059a9","colorDark":"#00294f","band":3,"off":[-1.5,1.1]}},{"type":"Feature","geometry":{"type":"Point","coordinates":[19.862337,50.059104]},"properties":{"line":"434","mode":"bus","color":"#0059a9","colorDark":"#00294f","band":3,"off":[1.5,1.1]}},{"type":"Feature","geometry":{"type":"Point","coordinates":[19.964453,50.099858]},"properties":{"line":"137","mode":"bus","color":"#0059a9","colorDark":"#00294f","band":3,"off":[-4.5,1.1]}},{"type":"Feature","geometry":{"type":"Point","coordinates":[19.964453,50.099858]},"properties":{"line":"169","mode":"bus","color":"#0059a9","colorDark":"#00294f","band":3,"off":[-1.5,1.1]}},{"type":"Feature","geometry":{"type":"Point","coordinates":[19.964453,50.099858]},"properties":{"line":"469","mode":"bus","color":"#0059a9","colorDark":"#00294f","band":3,"off":[1.5,1.1]}},{"type":"Feature","geometry":{"type":"Point","coordinates":[19.964453,50.099858]},"properties":{"line":"503","mode":"bus","color":"#0059a9","colorDark":"#00294f","band":3,"off":[4.5,1.1]}},{"type":"Feature","geometry":{"type":"Point","coordinates":[19.899012,50.070695]},"properties":{"line":"139","mode":"bus","color":"#0059a9","colorDark":"#00294f","band":3,"off":[-6,1.1]}},{"type":"Feature","geometry":{"type":"Point","coordinates":[19.899012,50.070695]},"properties":{"line":"164","mode":"bus","color":"#0059a9","colorDark":"#00294f","band":3,"off":[-3,1.1]}},{"type":"Feature","geometry":{"type":"Point","coordinates":[19.899012,50.070695]},"properties":{"line":"173","mode":"bus","color":"#0059a9","colorDark":"#00294f","band":3,"off":[0,1.1]}},{"type":"Feature","geometry":{"type":"Point","coordinates":[19.899012,50.070695]},"properties":{"line":"199","mode":"bus","color":"#0059a9","colorDark":"#00294f","band":3,"off":[3,1.1]}},{"type":"Feature","geometry":{"type":"Point","coordinates":[19.899012,50.070695]},"properties":{"line":"310","mode":"bus","color":"#0059a9","colorDark":"#00294f","band":3,"off":[6,1.1]}},{"type":"Feature","geometry":{"type":"Point","coordinates":[19.899012,50.070695]},"properties":{"line":"511","mode":"bus","color":"#0059a9","colorDark":"#00294f","band":3,"off":[-3,2.6]}},{"type":"Feature","geometry":{"type":"Point","coordinates":[19.899012,50.070695]},"properties":{"line":"601","mode":"bus","color":"#0059a9","colorDark":"#00294f","band":3,"off":[0,2.6]}},{"type":"Feature","geometry":{"type":"Point","coordinates":[19.899012,50.070695]},"properties":{"line":"611","mode":"bus","color":"#0059a9","colorDark":"#00294f","band":3,"off":[3,2.6]}},{"type":"Feature","geometry":{"type":"Point","coordinates":[19.894032,50.08625]},"properties":{"line":"140","mode":"bus","color":"#0059a9","colorDark":"#00294f","band":3,"off":[0,1.1]}},{"type":"Feature","geometry":{"type":"Point","coordinates":[20.011009,50.006305]},"properties":{"line":"144","mode":"bus","color":"#0059a9","colorDark":"#00294f","band":3,"off":[-1.5,1.1]}},{"type":"Feature","geometry":{"type":"Point","coordinates":[20.011009,50.006305]},"properties":{"line":"195","mode":"bus","color":"#0059a9","colorDark":"#00294f","band":3,"off":[1.5,1.1]}},{"type":"Feature","geometry":{"type":"Point","coordinates":[19.930286,50.096264]},"properties":{"line":"144","mode":"bus","color":"#0059a9","colorDark":"#00294f","band":3,"off":[-1.5,1.1]}},{"type":"Feature","geometry":{"type":"Point","coordinates":[19.930286,50.096264]},"properties":{"line":"904","mode":"bus","color":"#0059a9","colorDark":"#00294f","band":3,"off":[1.5,1.1]}},{"type":"Feature","geometry":{"type":"Point","coordinates":[20.015237,50.075143]},"properties":{"line":"148","mode":"bus","color":"#0059a9","colorDark":"#00294f","band":3,"off":[-6,1.1]}},{"type":"Feature","geometry":{"type":"Point","coordinates":[20.015237,50.075143]},"properties":{"line":"202","mode":"bus","color":"#0059a9","colorDark":"#00294f","band":3,"off":[-3,1.1]}},{"type":"Feature","geometry":{"type":"Point","coordinates":[20.015237,50.075143]},"properties":{"line":"212","mode":"bus","color":"#0059a9","colorDark":"#00294f","band":3,"off":[0,1.1]}},{"type":"Feature","geometry":{"type":"Point","coordinates":[20.015237,50.075143]},"properties":{"line":"222","mode":"bus","color":"#0059a9","colorDark":"#00294f","band":3,"off":[3,1.1]}},{"type":"Feature","geometry":{"type":"Point","coordinates":[20.015237,50.075143]},"properties":{"line":"232","mode":"bus","color":"#0059a9","colorDark":"#00294f","band":3,"off":[6,1.1]}},{"type":"Feature","geometry":{"type":"Point","coordinates":[20.015237,50.075143]},"properties":{"line":"262","mode":"bus","color":"#0059a9","colorDark":"#00294f","band":3,"off":[-1.5,2.6]}},{"type":"Feature","geometry":{"type":"Point","coordinates":[20.015237,50.075143]},"properties":{"line":"611","mode":"bus","color":"#0059a9","colorDark":"#00294f","band":3,"off":[1.5,2.6]}},{"type":"Feature","geometry":{"type":"Point","coordinates":[20.064061,50.099456]},"properties":{"line":"149","mode":"bus","color":"#0059a9","colorDark":"#00294f","band":3,"off":[0,1.1]}},{"type":"Feature","geometry":{"type":"Point","coordinates":[19.897641,50.095021]},"properties":{"line":"150","mode":"bus","color":"#0059a9","colorDark":"#00294f","band":3,"off":[-1.5,1.1]}},{"type":"Feature","geometry":{"type":"Point","coordinates":[19.897641,50.095021]},"properties":{"line":"240","mode":"bus","color":"#0059a9","colorDark":"#00294f","band":3,"off":[1.5,1.1]}},{"type":"Feature","geometry":{"type":"Point","coordinates":[20.003626,50.009332]},"properties":{"line":"153","mode":"bus","color":"#0059a9","colorDark":"#00294f","band":3,"off":[-1.5,1.1]}},{"type":"Feature","geometry":{"type":"Point","coordinates":[20.003626,50.009332]},"properties":{"line":"513","mode":"bus","color":"#0059a9","colorDark":"#00294f","band":3,"off":[1.5,1.1]}},{"type":"Feature","geometry":{"type":"Point","coordinates":[20.052867,50.008398]},"properties":{"line":"153","mode":"bus","color":"#0059a9","colorDark":"#00294f","band":3,"off":[-1.5,1.1]}},{"type":"Feature","geometry":{"type":"Point","coordinates":[20.052867,50.008398]},"properties":{"line":"284","mode":"bus","color":"#0059a9","colorDark":"#00294f","band":3,"off":[1.5,1.1]}},{"type":"Feature","geometry":{"type":"Point","coordinates":[20.02312,50.015187]},"properties":{"line":"153","mode":"bus","color":"#0059a9","colorDark":"#00294f","band":3,"off":[-6,1.1]}},{"type":"Feature","geometry":{"type":"Point","coordinates":[20.02312,50.015187]},"properties":{"line":"195","mode":"bus","color":"#0059a9","colorDark":"#00294f","band":3,"off":[-3,1.1]}},{"type":"Feature","geometry":{"type":"Point","coordinates":[20.02312,50.015187]},"properties":{"line":"234","mode":"bus","color":"#0059a9","colorDark":"#00294f","band":3,"off":[0,1.1]}},{"type":"Feature","geometry":{"type":"Point","coordinates":[20.02312,50.015187]},"properties":{"line":"284","mode":"bus","color":"#0059a9","colorDark":"#00294f","band":3,"off":[3,1.1]}},{"type":"Feature","geometry":{"type":"Point","coordinates":[20.02312,50.015187]},"properties":{"line":"669","mode":"bus","color":"#0059a9","colorDark":"#00294f","band":3,"off":[6,1.1]}},{"type":"Feature","geometry":{"type":"Point","coordinates":[20.060018,50.047632]},"properties":{"line":"158","mode":"bus","color":"#0059a9","colorDark":"#00294f","band":3,"off":[0,1.1]}},{"type":"Feature","geometry":{"type":"Point","coordinates":[19.844449,50.006404]},"properties":{"line":"162","mode":"bus","color":"#0059a9","colorDark":"#00294f","band":3,"off":[0,1.1]}},{"type":"Feature","geometry":{"type":"Point","coordinates":[19.970086,50.015255]},"properties":{"line":"164","mode":"bus","color":"#0059a9","colorDark":"#00294f","band":3,"off":[-4.5,1.1]}},{"type":"Feature","geometry":{"type":"Point","coordinates":[19.970086,50.015255]},"properties":{"line":"204","mode":"bus","color":"#0059a9","colorDark":"#00294f","band":3,"off":[-1.5,1.1]}},{"type":"Feature","geometry":{"type":"Point","coordinates":[19.970086,50.015255]},"properties":{"line":"224","mode":"bus","color":"#0059a9","colorDark":"#00294f","band":3,"off":[1.5,1.1]}},{"type":"Feature","geometry":{"type":"Point","coordinates":[19.970086,50.015255]},"properties":{"line":"904","mode":"bus","color":"#0059a9","colorDark":"#00294f","band":3,"off":[4.5,1.1]}},{"type":"Feature","geometry":{"type":"Point","coordinates":[19.840192,50.090889]},"properties":{"line":"164","mode":"bus","color":"#0059a9","colorDark":"#00294f","band":3,"off":[-3,1.1]}},{"type":"Feature","geometry":{"type":"Point","coordinates":[19.840192,50.090889]},"properties":{"line":"199","mode":"bus","color":"#0059a9","colorDark":"#00294f","band":3,"off":[0,1.1]}},{"type":"Feature","geometry":{"type":"Point","coordinates":[19.840192,50.090889]},"properties":{"line":"601","mode":"bus","color":"#0059a9","colorDark":"#00294f","band":3,"off":[3,1.1]}},{"type":"Feature","geometry":{"type":"Point","coordinates":[19.897204,50.093298]},"properties":{"line":"168","mode":"bus","color":"#0059a9","colorDark":"#00294f","band":3,"off":[-1.5,1.1]}},{"type":"Feature","geometry":{"type":"Point","coordinates":[19.897204,50.093298]},"properties":{"line":"240","mode":"bus","color":"#0059a9","colorDark":"#00294f","band":3,"off":[1.5,1.1]}},{"type":"Feature","geometry":{"type":"Point","coordinates":[20.189654,50.113617]},"properties":{"line":"171","mode":"bus","color":"#0059a9","colorDark":"#00294f","band":3,"off":[-1.5,1.1]}},{"type":"Feature","geometry":{"type":"Point","coordinates":[20.189654,50.113617]},"properties":{"line":"271","mode":"bus","color":"#0059a9","colorDark":"#00294f","band":3,"off":[1.5,1.1]}},{"type":"Feature","geometry":{"type":"Point","coordinates":[20.015548,50.012676]},"properties":{"line":"173","mode":"bus","color":"#0059a9","colorDark":"#00294f","band":3,"off":[-6,1.1]}},{"type":"Feature","geometry":{"type":"Point","coordinates":[20.015548,50.012676]},"properties":{"line":"234","mode":"bus","color":"#0059a9","colorDark":"#00294f","band":3,"off":[-3,1.1]}},{"type":"Feature","geometry":{"type":"Point","coordinates":[20.015548,50.012676]},"properties":{"line":"244","mode":"bus","color":"#0059a9","colorDark":"#00294f","band":3,"off":[0,1.1]}},{"type":"Feature","geometry":{"type":"Point","coordinates":[20.015548,50.012676]},"properties":{"line":"274","mode":"bus","color":"#0059a9","colorDark":"#00294f","band":3,"off":[3,1.1]}},{"type":"Feature","geometry":{"type":"Point","coordinates":[20.015548,50.012676]},"properties":{"line":"284","mode":"bus","color":"#0059a9","colorDark":"#00294f","band":3,"off":[6,1.1]}},{"type":"Feature","geometry":{"type":"Point","coordinates":[20.015548,50.012676]},"properties":{"line":"503","mode":"bus","color":"#0059a9","colorDark":"#00294f","band":3,"off":[0,2.6]}},{"type":"Feature","geometry":{"type":"Point","coordinates":[19.960373,50.004485]},"properties":{"line":"174","mode":"bus","color":"#0059a9","colorDark":"#00294f","band":3,"off":[-1.5,1.1]}},{"type":"Feature","geometry":{"type":"Point","coordinates":[19.960373,50.004485]},"properties":{"line":"179","mode":"bus","color":"#0059a9","colorDark":"#00294f","band":3,"off":[1.5,1.1]}},{"type":"Feature","geometry":{"type":"Point","coordinates":[20.035572,50.071743]},"properties":{"line":"10","mode":"tram","color":"#d6212b","colorDark":"#7c1116","band":3,"off":[-6,1.1]}},{"type":"Feature","geometry":{"type":"Point","coordinates":[20.035572,50.071743]},"properties":{"line":"22","mode":"tram","color":"#d6212b","colorDark":"#7c1116","band":3,"off":[-3,1.1]}},{"type":"Feature","geometry":{"type":"Point","coordinates":[20.035572,50.071743]},"properties":{"line":"62","mode":"tram","color":"#d6212b","colorDark":"#7c1116","band":3,"off":[0,1.1]}},{"type":"Feature","geometry":{"type":"Point","coordinates":[20.035572,50.071743]},"properties":{"line":"74","mode":"tram","color":"#d6212b","colorDark":"#7c1116","band":3,"off":[3,1.1]}},{"type":"Feature","geometry":{"type":"Point","coordinates":[20.035572,50.071743]},"properties":{"line":"75","mode":"tram","color":"#d6212b","colorDark":"#7c1116","band":3,"off":[6,1.1]}},{"type":"Feature","geometry":{"type":"Point","coordinates":[20.035572,50.071743]},"properties":{"line":"174","mode":"bus","color":"#0059a9","colorDark":"#00294f","band":3,"off":[-3,2.6]}},{"type":"Feature","geometry":{"type":"Point","coordinates":[20.035572,50.071743]},"properties":{"line":"463","mode":"bus","color":"#0059a9","colorDark":"#00294f","band":3,"off":[0,2.6]}},{"type":"Feature","geometry":{"type":"Point","coordinates":[20.035572,50.071743]},"properties":{"line":"662","mode":"bus","color":"#0059a9","colorDark":"#00294f","band":3,"off":[3,2.6]}},{"type":"Feature","geometry":{"type":"Point","coordinates":[19.871982,49.988471]},"properties":{"line":"175","mode":"bus","color":"#0059a9","colorDark":"#00294f","band":3,"off":[-3,1.1]}},{"type":"Feature","geometry":{"type":"Point","coordinates":[19.871982,49.988471]},"properties":{"line":"233","mode":"bus","color":"#0059a9","colorDark":"#00294f","band":3,"off":[0,1.1]}},{"type":"Feature","geometry":{"type":"Point","coordinates":[19.871982,49.988471]},"properties":{"line":"475","mode":"bus","color":"#0059a9","colorDark":"#00294f","band":3,"off":[3,1.1]}},{"type":"Feature","geometry":{"type":"Point","coordinates":[19.867555,50.038703]},"properties":{"line":"176","mode":"bus","color":"#0059a9","colorDark":"#00294f","band":3,"off":[0,1.1]}},{"type":"Feature","geometry":{"type":"Point","coordinates":[20.050115,50.097851]},"properties":{"line":"180","mode":"bus","color":"#0059a9","colorDark":"#00294f","band":3,"off":[-4.5,1.1]}},{"type":"Feature","geometry":{"type":"Point","coordinates":[20.050115,50.097851]},"properties":{"line":"182","mode":"bus","color":"#0059a9","colorDark":"#00294f","band":3,"off":[-1.5,1.1]}},{"type":"Feature","geometry":{"type":"Point","coordinates":[20.050115,50.097851]},"properties":{"line":"511","mode":"bus","color":"#0059a9","colorDark":"#00294f","band":3,"off":[1.5,1.1]}},{"type":"Feature","geometry":{"type":"Point","coordinates":[20.050115,50.097851]},"properties":{"line":"608","mode":"bus","color":"#0059a9","colorDark":"#00294f","band":3,"off":[4.5,1.1]}},{"type":"Feature","geometry":{"type":"Point","coordinates":[20.073158,50.097325]},"properties":{"line":"180","mode":"bus","color":"#0059a9","colorDark":"#00294f","band":3,"off":[0,1.1]}},{"type":"Feature","geometry":{"type":"Point","coordinates":[19.805888,50.06186]},"properties":{"line":"192","mode":"bus","color":"#0059a9","colorDark":"#00294f","band":3,"off":[-3,1.1]}},{"type":"Feature","geometry":{"type":"Point","coordinates":[19.805888,50.06186]},"properties":{"line":"300","mode":"bus","color":"#0059a9","colorDark":"#00294f","band":3,"off":[0,1.1]}},{"type":"Feature","geometry":{"type":"Point","coordinates":[19.805888,50.06186]},"properties":{"line":"902","mode":"bus","color":"#0059a9","colorDark":"#00294f","band":3,"off":[3,1.1]}},{"type":"Feature","geometry":{"type":"Point","coordinates":[19.685759,50.237651]},"properties":{"line":"200","mode":"bus","color":"#0059a9","colorDark":"#00294f","band":3,"off":[0,1.1]}},{"type":"Feature","geometry":{"type":"Point","coordinates":[19.880517,50.081069]},"properties":{"line":"200","mode":"bus","color":"#0059a9","colorDark":"#00294f","band":3,"off":[-6,1.1]}},{"type":"Feature","geometry":{"type":"Point","coordinates":[19.880517,50.081069]},"properties":{"line":"210","mode":"bus","color":"#0059a9","colorDark":"#00294f","band":3,"off":[-3,1.1]}},{"type":"Feature","geometry":{"type":"Point","coordinates":[19.880517,50.081069]},"properties":{"line":"218","mode":"bus","color":"#0059a9","colorDark":"#00294f","band":3,"off":[0,1.1]}},{"type":"Feature","geometry":{"type":"Point","coordinates":[19.880517,50.081069]},"properties":{"line":"228","mode":"bus","color":"#0059a9","colorDark":"#00294f","band":3,"off":[3,1.1]}},{"type":"Feature","geometry":{"type":"Point","coordinates":[19.880517,50.081069]},"properties":{"line":"230","mode":"bus","color":"#0059a9","colorDark":"#00294f","band":3,"off":[6,1.1]}},{"type":"Feature","geometry":{"type":"Point","coordinates":[19.880517,50.081069]},"properties":{"line":"298","mode":"bus","color":"#0059a9","colorDark":"#00294f","band":3,"off":[-1.5,2.6]}},{"type":"Feature","geometry":{"type":"Point","coordinates":[19.880517,50.081069]},"properties":{"line":"918","mode":"bus","color":"#0059a9","colorDark":"#00294f","band":3,"off":[1.5,2.6]}},{"type":"Feature","geometry":{"type":"Point","coordinates":[20.160193,50.187641]},"properties":{"line":"202","mode":"bus","color":"#0059a9","colorDark":"#00294f","band":3,"off":[0,1.1]}},{"type":"Feature","geometry":{"type":"Point","coordinates":[20.11313,50.135103]},"properties":{"line":"202","mode":"bus","color":"#0059a9","colorDark":"#00294f","band":3,"off":[-6,1.1]}},{"type":"Feature","geometry":{"type":"Point","coordinates":[20.11313,50.135103]},"properties":{"line":"222","mode":"bus","color":"#0059a9","colorDark":"#00294f","band":3,"off":[-3,1.1]}},{"type":"Feature","geometry":{"type":"Point","coordinates":[20.11313,50.135103]},"properties":{"line":"232","mode":"bus","color":"#0059a9","colorDark":"#00294f","band":3,"off":[0,1.1]}},{"type":"Feature","geometry":{"type":"Point","coordinates":[20.11313,50.135103]},"properties":{"line":"262","mode":"bus","color":"#0059a9","colorDark":"#00294f","band":3,"off":[3,1.1]}},{"type":"Feature","geometry":{"type":"Point","coordinates":[20.11313,50.135103]},"properties":{"line":"272","mode":"bus","color":"#0059a9","colorDark":"#00294f","band":3,"off":[6,1.1]}},{"type":"Feature","geometry":{"type":"Point","coordinates":[19.847422,50.027565]},"properties":{"line":"203","mode":"bus","color":"#0059a9","colorDark":"#00294f","band":3,"off":[0,1.1]}},{"type":"Feature","geometry":{"type":"Point","coordinates":[19.821764,49.97649]},"properties":{"line":"203","mode":"bus","color":"#0059a9","colorDark":"#00294f","band":3,"off":[0,1.1]}},{"type":"Feature","geometry":{"type":"Point","coordinates":[20.074891,49.986339]},"properties":{"line":"204","mode":"bus","color":"#0059a9","colorDark":"#00294f","band":3,"off":[-6,1.1]}},{"type":"Feature","geometry":{"type":"Point","coordinates":[20.074891,49.986339]},"properties":{"line":"224","mode":"bus","color":"#0059a9","colorDark":"#00294f","band":3,"off":[-3,1.1]}},{"type":"Feature","geometry":{"type":"Point","coordinates":[20.074891,49.986339]},"properties":{"line":"244","mode":"bus","color":"#0059a9","colorDark":"#00294f","band":3,"off":[0,1.1]}},{"type":"Feature","geometry":{"type":"Point","coordinates":[20.074891,49.986339]},"properties":{"line":"304","mode":"bus","color":"#0059a9","colorDark":"#00294f","band":3,"off":[3,1.1]}},{"type":"Feature","geometry":{"type":"Point","coordinates":[20.074891,49.986339]},"properties":{"line":"904","mode":"bus","color":"#0059a9","colorDark":"#00294f","band":3,"off":[6,1.1]}},{"type":"Feature","geometry":{"type":"Point","coordinates":[19.910909,50.141]},"properties":{"line":"207","mode":"bus","color":"#0059a9","colorDark":"#00294f","band":3,"off":[0,1.1]}},{"type":"Feature","geometry":{"type":"Point","coordinates":[19.916671,50.053074]},"properties":{"line":"209","mode":"bus","color":"#0059a9","colorDark":"#00294f","band":3,"off":[-3,1.1]}},{"type":"Feature","geometry":{"type":"Point","coordinates":[19.916671,50.053074]},"properties":{"line":"229","mode":"bus","color":"#0059a9","colorDark":"#00294f","band":3,"off":[0,1.1]}},{"type":"Feature","geometry":{"type":"Point","coordinates":[19.916671,50.053074]},"properties":{"line":"269","mode":"bus","color":"#0059a9","colorDark":"#00294f","band":3,"off":[3,1.1]}},{"type":"Feature","geometry":{"type":"Point","coordinates":[19.753279,50.075181]},"properties":{"line":"209","mode":"bus","color":"#0059a9","colorDark":"#00294f","band":3,"off":[0,1.1]}},{"type":"Feature","geometry":{"type":"Point","coordinates":[19.800201,50.071563]},"properties":{"line":"209","mode":"bus","color":"#0059a9","colorDark":"#00294f","band":3,"off":[-3,1.1]}},{"type":"Feature","geometry":{"type":"Point","coordinates":[19.800201,50.071563]},"properties":{"line":"300","mode":"bus","color":"#0059a9","colorDark":"#00294f","band":3,"off":[0,1.1]}},{"type":"Feature","geometry":{"type":"Point","coordinates":[19.800201,50.071563]},"properties":{"line":"902","mode":"bus","color":"#0059a9","colorDark":"#00294f","band":3,"off":[3,1.1]}},{"type":"Feature","geometry":{"type":"Point","coordinates":[19.840837,50.114289]},"properties":{"line":"210","mode":"bus","color":"#0059a9","colorDark":"#00294f","band":3,"off":[0,1.1]}},{"type":"Feature","geometry":{"type":"Point","coordinates":[20.352597,50.080185]},"properties":{"line":"211","mode":"bus","color":"#0059a9","colorDark":"#00294f","band":3,"off":[0,1.1]}},{"type":"Feature","geometry":{"type":"Point","coordinates":[20.188001,50.126996]},"properties":{"line":"212","mode":"bus","color":"#0059a9","colorDark":"#00294f","band":3,"off":[-1.5,1.1]}},{"type":"Feature","geometry":{"type":"Point","coordinates":[20.188001,50.126996]},"properties":{"line":"271","mode":"bus","color":"#0059a9","colorDark":"#00294f","band":3,"off":[1.5,1.1]}},{"type":"Feature","geometry":{"type":"Point","coordinates":[19.997666,49.958498]},"properties":{"line":"214","mode":"bus","color":"#0059a9","colorDark":"#00294f","band":3,"off":[0,1.1]}},{"type":"Feature","geometry":{"type":"Point","coordinates":[19.999363,49.934869]},"properties":{"line":"215","mode":"bus","color":"#0059a9","colorDark":"#00294f","band":3,"off":[0,1.1]}},{"type":"Feature","geometry":{"type":"Point","coordinates":[19.946657,49.934314]},"properties":{"line":"215","mode":"bus","color":"#0059a9","colorDark":"#00294f","band":3,"off":[-4.5,1.1]}},{"type":"Feature","geometry":{"type":"Point","coordinates":[19.946657,49.934314]},"properties":{"line":"225","mode":"bus","color":"#0059a9","colorDark":"#00294f","band":3,"off":[-1.5,1.1]}},{"type":"Feature","geometry":{"type":"Point","coordinates":[19.946657,49.934314]},"properties":{"line":"285","mode":"bus","color":"#0059a9","colorDark":"#00294f","band":3,"off":[1.5,1.1]}},{"type":"Feature","geometry":{"type":"Point","coordinates":[19.946657,49.934314]},"properties":{"line":"915","mode":"bus","color":"#0059a9","colorDark":"#00294f","band":3,"off":[4.5,1.1]}},{"type":"Feature","geometry":{"type":"Point","coordinates":[19.974789,50.128752]},"properties":{"line":"217","mode":"bus","color":"#0059a9","colorDark":"#00294f","band":3,"off":[0,1.1]}},{"type":"Feature","geometry":{"type":"Point","coordinates":[19.80126,50.11952]},"properties":{"line":"218","mode":"bus","color":"#0059a9","colorDark":"#00294f","band":3,"off":[0,1.1]}},{"type":"Feature","geometry":{"type":"Point","coordinates":[19.778521,49.98714]},"properties":{"line":"219","mode":"bus","color":"#0059a9","colorDark":"#00294f","band":3,"off":[-3,1.1]}},{"type":"Feature","geometry":{"type":"Point","coordinates":[19.778521,49.98714]},"properties":{"line":"239","mode":"bus","color":"#0059a9","colorDark":"#00294f","band":3,"off":[0,1.1]}},{"type":"Feature","geometry":{"type":"Point","coordinates":[19.778521,49.98714]},"properties":{"line":"279","mode":"bus","color":"#0059a9","colorDark":"#00294f","band":3,"off":[3,1.1]}},{"type":"Feature","geometry":{"type":"Point","coordinates":[19.87103,50.151601]},"properties":{"line":"220","mode":"bus","color":"#0059a9","colorDark":"#00294f","band":3,"off":[0,1.1]}},{"type":"Feature","geometry":{"type":"Point","coordinates":[20.216381,50.037958]},"properties":{"line":"221","mode":"bus","color":"#0059a9","colorDark":"#00294f","band":3,"off":[-1.5,1.1]}},{"type":"Feature","geometry":{"type":"Point","coordinates":[20.216381,50.037958]},"properties":{"line":"301","mode":"bus","color":"#0059a9","colorDark":"#00294f","band":3,"off":[1.5,1.1]}},{"type":"Feature","geometry":{"type":"Point","coordinates":[20.084491,50.245302]},"properties":{"line":"222","mode":"bus","color":"#0059a9","colorDark":"#00294f","band":3,"off":[0,1.1]}},{"type":"Feature","geometry":{"type":"Point","coordinates":[19.829836,49.968548]},"properties":{"line":"223","mode":"bus","color":"#0059a9","colorDark":"#00294f","band":3,"off":[-6,1.1]}},{"type":"Feature","geometry":{"type":"Point","coordinates":[19.829836,49.968548]},"properties":{"line":"233","mode":"bus","color":"#0059a9","colorDark":"#00294f","band":3,"off":[-3,1.1]}},{"type":"Feature","geometry":{"type":"Point","coordinates":[19.829836,49.968548]},"properties":{"line":"243","mode":"bus","color":"#0059a9","colorDark":"#00294f","band":3,"off":[0,1.1]}},{"type":"Feature","geometry":{"type":"Point","coordinates":[19.829836,49.968548]},"properties":{"line":"245","mode":"bus","color":"#0059a9","colorDark":"#00294f","band":3,"off":[3,1.1]}},{"type":"Feature","geometry":{"type":"Point","coordinates":[19.829836,49.968548]},"properties":{"line":"283","mode":"bus","color":"#0059a9","colorDark":"#00294f","band":3,"off":[6,1.1]}},{"type":"Feature","geometry":{"type":"Point","coordinates":[19.829836,49.968548]},"properties":{"line":"293","mode":"bus","color":"#0059a9","colorDark":"#00294f","band":3,"off":[-1.5,2.6]}},{"type":"Feature","geometry":{"type":"Point","coordinates":[19.829836,49.968548]},"properties":{"line":"903","mode":"bus","color":"#0059a9","colorDark":"#00294f","band":3,"off":[1.5,2.6]}},{"type":"Feature","geometry":{"type":"Point","coordinates":[19.628372,49.967169]},"properties":{"line":"223","mode":"bus","color":"#0059a9","colorDark":"#00294f","band":3,"off":[0,1.1]}},{"type":"Feature","geometry":{"type":"Point","coordinates":[19.937099,50.012394]},"properties":{"line":"224","mode":"bus","color":"#0059a9","colorDark":"#00294f","band":3,"off":[0,1.1]}},{"type":"Feature","geometry":{"type":"Point","coordinates":[19.936107,50.162466]},"properties":{"line":"227","mode":"bus","color":"#0059a9","colorDark":"#00294f","band":3,"off":[-3,1.1]}},{"type":"Feature","geometry":{"type":"Point","coordinates":[19.936107,50.162466]},"properties":{"line":"280","mode":"bus","color":"#0059a9","colorDark":"#00294f","band":3,"off":[0,1.1]}},{"type":"Feature","geometry":{"type":"Point","coordinates":[19.936107,50.162466]},"properties":{"line":"917","mode":"bus","color":"#0059a9","colorDark":"#00294f","band":3,"off":[3,1.1]}},{"type":"Feature","geometry":{"type":"Point","coordinates":[19.709535,50.082165]},"properties":{"line":"228","mode":"bus","color":"#0059a9","colorDark":"#00294f","band":3,"off":[0,1.1]}},{"type":"Feature","geometry":{"type":"Point","coordinates":[19.586718,50.01495]},"properties":{"line":"229","mode":"bus","color":"#0059a9","colorDark":"#00294f","band":3,"off":[0,1.1]}},{"type":"Feature","geometry":{"type":"Point","coordinates":[19.676514,49.987181]},"properties":{"line":"229","mode":"bus","color":"#0059a9","colorDark":"#00294f","band":3,"off":[-3,1.1]}},{"type":"Feature","geometry":{"type":"Point","coordinates":[19.676514,49.987181]},"properties":{"line":"249","mode":"bus","color":"#0059a9","colorDark":"#00294f","band":3,"off":[0,1.1]}},{"type":"Feature","geometry":{"type":"Point","coordinates":[19.676514,49.987181]},"properties":{"line":"259","mode":"bus","color":"#0059a9","colorDark":"#00294f","band":3,"off":[3,1.1]}},{"type":"Feature","geometry":{"type":"Point","coordinates":[19.820314,50.135826]},"properties":{"line":"230","mode":"bus","color":"#0059a9","colorDark":"#00294f","band":3,"off":[-3,1.1]}},{"type":"Feature","geometry":{"type":"Point","coordinates":[19.820314,50.135826]},"properties":{"line":"288","mode":"bus","color":"#0059a9","colorDark":"#00294f","band":3,"off":[0,1.1]}},{"type":"Feature","geometry":{"type":"Point","coordinates":[19.820314,50.135826]},"properties":{"line":"910","mode":"bus","color":"#0059a9","colorDark":"#00294f","band":3,"off":[3,1.1]}},{"type":"Feature","geometry":{"type":"Point","coordinates":[20.109786,50.177533]},"properties":{"line":"232","mode":"bus","color":"#0059a9","colorDark":"#00294f","band":3,"off":[0,1.1]}},{"type":"Feature","geometry":{"type":"Point","coordinates":[20.115211,50.01476]},"properties":{"line":"234","mode":"bus","color":"#0059a9","colorDark":"#00294f","band":3,"off":[0,1.1]}},{"type":"Feature","geometry":{"type":"Point","coordinates":[19.785141,49.968666]},"properties":{"line":"235","mode":"bus","color":"#0059a9","colorDark":"#00294f","band":3,"off":[0,1.1]}},{"type":"Feature","geometry":{"type":"Point","coordinates":[19.692426,50.111972]},"properties":{"line":"238","mode":"bus","color":"#0059a9","colorDark":"#00294f","band":3,"off":[0,1.1]}},{"type":"Feature","geometry":{"type":"Point","coordinates":[19.711842,50.122248]},"properties":{"line":"238","mode":"bus","color":"#0059a9","colorDark":"#00294f","band":3,"off":[-3,1.1]}},{"type":"Feature","geometry":{"type":"Point","coordinates":[19.711842,50.122248]},"properties":{"line":"278","mode":"bus","color":"#0059a9","colorDark":"#00294f","band":3,"off":[0,1.1]}},{"type":"Feature","geometry":{"type":"Point","coordinates":[19.711842,50.122248]},"properties":{"line":"918","mode":"bus","color":"#0059a9","colorDark":"#00294f","band":3,"off":[3,1.1]}},{"type":"Feature","geometry":{"type":"Point","coordinates":[19.897806,50.12819]},"properties":{"line":"240","mode":"bus","color":"#0059a9","colorDark":"#00294f","band":3,"off":[-1.5,1.1]}},{"type":"Feature","geometry":{"type":"Point","coordinates":[19.897806,50.12819]},"properties":{"line":"290","mode":"bus","color":"#0059a9","colorDark":"#00294f","band":3,"off":[1.5,1.1]}},{"type":"Feature","geometry":{"type":"Point","coordinates":[20.13828,50.115926]},"properties":{"line":"242","mode":"bus","color":"#0059a9","colorDark":"#00294f","band":3,"off":[0,1.1]}},{"type":"Feature","geometry":{"type":"Point","coordinates":[19.870839,49.944031]},"properties":{"line":"245","mode":"bus","color":"#0059a9","colorDark":"#00294f","band":3,"off":[-4.5,1.1]}},{"type":"Feature","geometry":{"type":"Point","coordinates":[19.870839,49.944031]},"properties":{"line":"255","mode":"bus","color":"#0059a9","colorDark":"#00294f","band":3,"off":[-1.5,1.1]}},{"type":"Feature","geometry":{"type":"Point","coordinates":[19.870839,49.944031]},"properties":{"line":"275","mode":"bus","color":"#0059a9","colorDark":"#00294f","band":3,"off":[1.5,1.1]}},{"type":"Feature","geometry":{"type":"Point","coordinates":[19.870839,49.944031]},"properties":{"line":"285","mode":"bus","color":"#0059a9","colorDark":"#00294f","band":3,"off":[4.5,1.1]}},{"type":"Feature","geometry":{"type":"Point","coordinates":[19.939789,50.123612]},"properties":{"line":"247","mode":"bus","color":"#0059a9","colorDark":"#00294f","band":3,"off":[0,1.1]}},{"type":"Feature","geometry":{"type":"Point","coordinates":[19.811558,50.161429]},"properties":{"line":"248","mode":"bus","color":"#0059a9","colorDark":"#00294f","band":3,"off":[-1.5,1.1]}},{"type":"Feature","geometry":{"type":"Point","coordinates":[19.811558,50.161429]},"properties":{"line":"948","mode":"bus","color":"#0059a9","colorDark":"#00294f","band":3,"off":[1.5,1.1]}},{"type":"Feature","geometry":{"type":"Point","coordinates":[20.050674,50.121266]},"properties":{"line":"250","mode":"bus","color":"#0059a9","colorDark":"#00294f","band":3,"off":[-1.5,1.1]}},{"type":"Feature","geometry":{"type":"Point","coordinates":[20.050674,50.121266]},"properties":{"line":"270","mode":"bus","color":"#0059a9","colorDark":"#00294f","band":3,"off":[1.5,1.1]}},{"type":"Feature","geometry":{"type":"Point","coordinates":[19.7684,49.902494]},"properties":{"line":"253","mode":"bus","color":"#0059a9","colorDark":"#00294f","band":3,"off":[0,1.1]}},{"type":"Feature","geometry":{"type":"Point","coordinates":[19.967323,49.973872]},"properties":{"line":"254","mode":"bus","color":"#0059a9","colorDark":"#00294f","band":3,"off":[0,1.1]}},{"type":"Feature","geometry":{"type":"Point","coordinates":[19.932575,50.180683]},"properties":{"line":"257","mode":"bus","color":"#0059a9","colorDark":"#00294f","band":3,"off":[0,1.1]}},{"type":"Feature","geometry":{"type":"Point","coordinates":[19.709609,50.106673]},"properties":{"line":"258","mode":"bus","color":"#0059a9","colorDark":"#00294f","band":3,"off":[-1.5,1.1]}},{"type":"Feature","geometry":{"type":"Point","coordinates":[19.709609,50.106673]},"properties":{"line":"298","mode":"bus","color":"#0059a9","colorDark":"#00294f","band":3,"off":[1.5,1.1]}},{"type":"Feature","geometry":{"type":"Point","coordinates":[19.727926,49.986355]},"properties":{"line":"259","mode":"bus","color":"#0059a9","colorDark":"#00294f","band":3,"off":[-1.5,1.1]}},{"type":"Feature","geometry":{"type":"Point","coordinates":[19.727926,49.986355]},"properties":{"line":"279","mode":"bus","color":"#0059a9","colorDark":"#00294f","band":3,"off":[1.5,1.1]}},{"type":"Feature","geometry":{"type":"Point","coordinates":[20.048651,50.147309]},"properties":{"line":"260","mode":"bus","color":"#0059a9","colorDark":"#00294f","band":3,"off":[-1.5,1.1]}},{"type":"Feature","geometry":{"type":"Point","coordinates":[20.048651,50.147309]},"properties":{"line":"270","mode":"bus","color":"#0059a9","colorDark":"#00294f","band":3,"off":[1.5,1.1]}},{"type":"Feature","geometry":{"type":"Point","coordinates":[20.155413,50.166477]},"properties":{"line":"262","mode":"bus","color":"#0059a9","colorDark":"#00294f","band":3,"off":[0,1.1]}},{"type":"Feature","geometry":{"type":"Point","coordinates":[20.139398,50.040548]},"properties":{"line":"264","mode":"bus","color":"#0059a9","colorDark":"#00294f","band":3,"off":[0,1.1]}},{"type":"Feature","geometry":{"type":"Point","coordinates":[19.921218,49.944225]},"properties":{"line":"265","mode":"bus","color":"#0059a9","colorDark":"#00294f","band":3,"off":[0,1.1]}},{"type":"Feature","geometry":{"type":"Point","coordinates":[19.853842,50.230307]},"properties":{"line":"267","mode":"bus","color":"#0059a9","colorDark":"#00294f","band":3,"off":[0,1.1]}},{"type":"Feature","geometry":{"type":"Point","coordinates":[19.77392,50.152471]},"properties":{"line":"268","mode":"bus","color":"#0059a9","colorDark":"#00294f","band":3,"off":[0,1.1]}},{"type":"Feature","geometry":{"type":"Point","coordinates":[19.634105,50.039651]},"properties":{"line":"269","mode":"bus","color":"#0059a9","colorDark":"#00294f","band":3,"off":[0,1.1]}},{"type":"Feature","geometry":{"type":"Point","coordinates":[19.768024,49.932971]},"properties":{"line":"273","mode":"bus","color":"#0059a9","colorDark":"#00294f","band":3,"off":[0,1.1]}},{"type":"Feature","geometry":{"type":"Point","coordinates":[20.147054,49.957328]},"properties":{"line":"274","mode":"bus","color":"#0059a9","colorDark":"#00294f","band":3,"off":[0,1.1]}},{"type":"Feature","geometry":{"type":"Point","coordinates":[19.902954,49.913619]},"properties":{"line":"275","mode":"bus","color":"#0059a9","colorDark":"#00294f","band":3,"off":[0,1.1]}},{"type":"Feature","geometry":{"type":"Point","coordinates":[19.979634,50.220567]},"properties":{"line":"277","mode":"bus","color":"#0059a9","colorDark":"#00294f","band":3,"off":[0,1.1]}},{"type":"Feature","geometry":{"type":"Point","coordinates":[19.709393,50.148281]},"properties":{"line":"278","mode":"bus","color":"#0059a9","colorDark":"#00294f","band":3,"off":[0,1.1]}},{"type":"Feature","geometry":{"type":"Point","coordinates":[19.913209,50.174271]},"properties":{"line":"280","mode":"bus","color":"#0059a9","colorDark":"#00294f","band":3,"off":[-3,1.1]}},{"type":"Feature","geometry":{"type":"Point","coordinates":[19.913209,50.174271]},"properties":{"line":"337","mode":"bus","color":"#0059a9","colorDark":"#00294f","band":3,"off":[0,1.1]}},{"type":"Feature","geometry":{"type":"Point","coordinates":[19.913209,50.174271]},"properties":{"line":"937","mode":"bus","color":"#0059a9","colorDark":"#00294f","band":3,"off":[3,1.1]}},{"type":"Feature","geometry":{"type":"Point","coordinates":[20.05702,49.985067]},"properties":{"line":"284","mode":"bus","color":"#0059a9","colorDark":"#00294f","band":3,"off":[0,1.1]}},{"type":"Feature","geometry":{"type":"Point","coordinates":[19.973934,49.954175]},"properties":{"line":"285","mode":"bus","color":"#0059a9","colorDark":"#00294f","band":3,"off":[0,1.1]}},{"type":"Feature","geometry":{"type":"Point","coordinates":[19.735685,49.926523]},"properties":{"line":"295","mode":"bus","color":"#0059a9","colorDark":"#00294f","band":3,"off":[0,1.1]}},{"type":"Feature","geometry":{"type":"Point","coordinates":[19.983159,50.128605]},"properties":{"line":"297","mode":"bus","color":"#0059a9","colorDark":"#00294f","band":3,"off":[0,1.1]}},{"type":"Feature","geometry":{"type":"Point","coordinates":[19.978456,50.158875]},"properties":{"line":"307","mode":"bus","color":"#0059a9","colorDark":"#00294f","band":3,"off":[0,1.1]}},{"type":"Feature","geometry":{"type":"Point","coordinates":[19.747301,50.158629]},"properties":{"line":"310","mode":"bus","color":"#0059a9","colorDark":"#00294f","band":3,"off":[-1.5,1.1]}},{"type":"Feature","geometry":{"type":"Point","coordinates":[19.747301,50.158629]},"properties":{"line":"910","mode":"bus","color":"#0059a9","colorDark":"#00294f","band":3,"off":[1.5,1.1]}},{"type":"Feature","geometry":{"type":"Point","coordinates":[19.942316,50.107389]},"properties":{"line":"317","mode":"bus","color":"#0059a9","colorDark":"#00294f","band":3,"off":[0,1.1]}},{"type":"Feature","geometry":{"type":"Point","coordinates":[19.984161,50.077034]},"properties":{"line":"424","mode":"bus","color":"#0059a9","colorDark":"#00294f","band":3,"off":[0,1.1]}},{"type":"Feature","geometry":{"type":"Point","coordinates":[19.936225,50.030092]},"properties":{"line":"463","mode":"bus","color":"#0059a9","colorDark":"#00294f","band":3,"off":[-1.5,1.1]}},{"type":"Feature","geometry":{"type":"Point","coordinates":[19.936225,50.030092]},"properties":{"line":"915","mode":"bus","color":"#0059a9","colorDark":"#00294f","band":3,"off":[1.5,1.1]}},{"type":"Feature","geometry":{"type":"Point","coordinates":[19.982993,50.005775]},"properties":{"line":"469","mode":"bus","color":"#0059a9","colorDark":"#00294f","band":3,"off":[0,1.1]}},{"type":"Feature","geometry":{"type":"Point","coordinates":[19.99956,50.033175]},"properties":{"line":"497","mode":"bus","color":"#0059a9","colorDark":"#00294f","band":3,"off":[0,1.1]}},{"type":"Feature","geometry":{"type":"Point","coordinates":[19.923683,50.100575]},"properties":{"line":"513","mode":"bus","color":"#0059a9","colorDark":"#00294f","band":3,"off":[0,1.1]}},{"type":"Feature","geometry":{"type":"Point","coordinates":[19.814514,50.008316]},"properties":{"line":"712","mode":"bus","color":"#0059a9","colorDark":"#00294f","band":3,"off":[0,1.1]}},{"type":"Feature","geometry":{"type":"Point","coordinates":[19.83127,50.212833]},"properties":{"line":"LR0","mode":"bus","color":"#0059a9","colorDark":"#00294f","band":3,"off":[0,1.1]}},{"type":"Feature","geometry":{"type":"Point","coordinates":[20.064855,50.094596]},"properties":{"line":"1","mode":"tram","color":"#d6212b","colorDark":"#7c1116","band":3,"off":[-3,1.1]}},{"type":"Feature","geometry":{"type":"Point","coordinates":[20.064855,50.094596]},"properties":{"line":"5","mode":"tram","color":"#d6212b","colorDark":"#7c1116","band":3,"off":[0,1.1]}},{"type":"Feature","geometry":{"type":"Point","coordinates":[20.064855,50.094596]},"properties":{"line":"74","mode":"tram","color":"#d6212b","colorDark":"#7c1116","band":3,"off":[3,1.1]}},{"type":"Feature","geometry":{"type":"Point","coordinates":[19.913794,50.052729]},"properties":{"line":"1","mode":"tram","color":"#d6212b","colorDark":"#7c1116","band":3,"off":[-1.5,1.1]}},{"type":"Feature","geometry":{"type":"Point","coordinates":[19.913794,50.052729]},"properties":{"line":"13","mode":"tram","color":"#d6212b","colorDark":"#7c1116","band":3,"off":[1.5,1.1]}},{"type":"Feature","geometry":{"type":"Point","coordinates":[20.023064,50.015594]},"properties":{"line":"3","mode":"tram","color":"#d6212b","colorDark":"#7c1116","band":3,"off":[-6,1.1]}},{"type":"Feature","geometry":{"type":"Point","coordinates":[20.023064,50.015594]},"properties":{"line":"9","mode":"tram","color":"#d6212b","colorDark":"#7c1116","band":3,"off":[-3,1.1]}},{"type":"Feature","geometry":{"type":"Point","coordinates":[20.023064,50.015594]},"properties":{"line":"13","mode":"tram","color":"#d6212b","colorDark":"#7c1116","band":3,"off":[0,1.1]}},{"type":"Feature","geometry":{"type":"Point","coordinates":[20.023064,50.015594]},"properties":{"line":"49","mode":"tram","color":"#d6212b","colorDark":"#7c1116","band":3,"off":[3,1.1]}},{"type":"Feature","geometry":{"type":"Point","coordinates":[20.023064,50.015594]},"properties":{"line":"69","mode":"tram","color":"#d6212b","colorDark":"#7c1116","band":3,"off":[6,1.1]}},{"type":"Feature","geometry":{"type":"Point","coordinates":[19.931661,50.089386]},"properties":{"line":"3","mode":"tram","color":"#d6212b","colorDark":"#7c1116","band":3,"off":[-1.5,1.1]}},{"type":"Feature","geometry":{"type":"Point","coordinates":[19.931661,50.089386]},"properties":{"line":"5","mode":"tram","color":"#d6212b","colorDark":"#7c1116","band":3,"off":[1.5,1.1]}},{"type":"Feature","geometry":{"type":"Point","coordinates":[19.940383,50.075925]},"properties":{"line":"3","mode":"tram","color":"#d6212b","colorDark":"#7c1116","band":3,"off":[-6,1.1]}},{"type":"Feature","geometry":{"type":"Point","coordinates":[19.940383,50.075925]},"properties":{"line":"5","mode":"tram","color":"#d6212b","colorDark":"#7c1116","band":3,"off":[-3,1.1]}},{"type":"Feature","geometry":{"type":"Point","coordinates":[19.940383,50.075925]},"properties":{"line":"17","mode":"tram","color":"#d6212b","colorDark":"#7c1116","band":3,"off":[0,1.1]}},{"type":"Feature","geometry":{"type":"Point","coordinates":[19.940383,50.075925]},"properties":{"line":"50","mode":"tram","color":"#d6212b","colorDark":"#7c1116","band":3,"off":[3,1.1]}},{"type":"Feature","geometry":{"type":"Point","coordinates":[19.940383,50.075925]},"properties":{"line":"69","mode":"tram","color":"#d6212b","colorDark":"#7c1116","band":3,"off":[6,1.1]}},{"type":"Feature","geometry":{"type":"Point","coordinates":[19.927011,50.013093]},"properties":{"line":"8","mode":"tram","color":"#d6212b","colorDark":"#7c1116","band":3,"off":[-3,1.1]}},{"type":"Feature","geometry":{"type":"Point","coordinates":[19.927011,50.013093]},"properties":{"line":"22","mode":"tram","color":"#d6212b","colorDark":"#7c1116","band":3,"off":[0,1.1]}},{"type":"Feature","geometry":{"type":"Point","coordinates":[19.927011,50.013093]},"properties":{"line":"50","mode":"tram","color":"#d6212b","colorDark":"#7c1116","band":3,"off":[3,1.1]}},{"type":"Feature","geometry":{"type":"Point","coordinates":[19.903375,50.062937]},"properties":{"line":"8","mode":"tram","color":"#d6212b","colorDark":"#7c1116","band":3,"off":[-1.5,1.1]}},{"type":"Feature","geometry":{"type":"Point","coordinates":[19.903375,50.062937]},"properties":{"line":"14","mode":"tram","color":"#d6212b","colorDark":"#7c1116","band":3,"off":[1.5,1.1]}},{"type":"Feature","geometry":{"type":"Point","coordinates":[20.021371,50.090091]},"properties":{"line":"9","mode":"tram","color":"#d6212b","colorDark":"#7c1116","band":3,"off":[-6,1.1]}},{"type":"Feature","geometry":{"type":"Point","coordinates":[20.021371,50.090091]},"properties":{"line":"14","mode":"tram","color":"#d6212b","colorDark":"#7c1116","band":3,"off":[-3,1.1]}},{"type":"Feature","geometry":{"type":"Point","coordinates":[20.021371,50.090091]},"properties":{"line":"16","mode":"tram","color":"#d6212b","colorDark":"#7c1116","band":3,"off":[0,1.1]}},{"type":"Feature","geometry":{"type":"Point","coordinates":[20.021371,50.090091]},"properties":{"line":"21","mode":"tram","color":"#d6212b","colorDark":"#7c1116","band":3,"off":[3,1.1]}},{"type":"Feature","geometry":{"type":"Point","coordinates":[20.021371,50.090091]},"properties":{"line":"52","mode":"tram","color":"#d6212b","colorDark":"#7c1116","band":3,"off":[6,1.1]}},{"type":"Feature","geometry":{"type":"Point","coordinates":[19.948094,50.014078]},"properties":{"line":"10","mode":"tram","color":"#d6212b","colorDark":"#7c1116","band":3,"off":[-3,1.1]}},{"type":"Feature","geometry":{"type":"Point","coordinates":[19.948094,50.014078]},"properties":{"line":"11","mode":"tram","color":"#d6212b","colorDark":"#7c1116","band":3,"off":[0,1.1]}},{"type":"Feature","geometry":{"type":"Point","coordinates":[19.948094,50.014078]},"properties":{"line":"50","mode":"tram","color":"#d6212b","colorDark":"#7c1116","band":3,"off":[3,1.1]}},{"type":"Feature","geometry":{"type":"Point","coordinates":[20.116889,50.072893]},"properties":{"line":"10","mode":"tram","color":"#d6212b","colorDark":"#7c1116","band":3,"off":[-1.5,1.1]}},{"type":"Feature","geometry":{"type":"Point","coordinates":[20.116889,50.072893]},"properties":{"line":"21","mode":"tram","color":"#d6212b","colorDark":"#7c1116","band":3,"off":[1.5,1.1]}},{"type":"Feature","geometry":{"type":"Point","coordinates":[20.064912,50.067772]},"properties":{"line":"10","mode":"tram","color":"#d6212b","colorDark":"#7c1116","band":3,"off":[-1.5,1.1]}},{"type":"Feature","geometry":{"type":"Point","coordinates":[20.064912,50.067772]},"properties":{"line":"16","mode":"tram","color":"#d6212b","colorDark":"#7c1116","band":3,"off":[1.5,1.1]}},{"type":"Feature","geometry":{"type":"Point","coordinates":[20.001503,50.040064]},"properties":{"line":"11","mode":"tram","color":"#d6212b","colorDark":"#7c1116","band":3,"off":[-3,1.1]}},{"type":"Feature","geometry":{"type":"Point","coordinates":[20.001503,50.040064]},"properties":{"line":"20","mode":"tram","color":"#d6212b","colorDark":"#7c1116","band":3,"off":[0,1.1]}},{"type":"Feature","geometry":{"type":"Point","coordinates":[20.001503,50.040064]},"properties":{"line":"76","mode":"tram","color":"#d6212b","colorDark":"#7c1116","band":3,"off":[3,1.1]}},{"type":"Feature","geometry":{"type":"Point","coordinates":[19.889105,50.017985]},"properties":{"line":"11","mode":"tram","color":"#d6212b","colorDark":"#7c1116","band":3,"off":[-6,1.1]}},{"type":"Feature","geometry":{"type":"Point","coordinates":[19.889105,50.017985]},"properties":{"line":"17","mode":"tram","color":"#d6212b","colorDark":"#7c1116","band":3,"off":[-3,1.1]}},{"type":"Feature","geometry":{"type":"Point","coordinates":[19.889105,50.017985]},"properties":{"line":"18","mode":"tram","color":"#d6212b","colorDark":"#7c1116","band":3,"off":[0,1.1]}},{"type":"Feature","geometry":{"type":"Point","coordinates":[19.889105,50.017985]},"properties":{"line":"52","mode":"tram","color":"#d6212b","colorDark":"#7c1116","band":3,"off":[3,1.1]}},{"type":"Feature","geometry":{"type":"Point","coordinates":[19.889105,50.017985]},"properties":{"line":"62","mode":"tram","color":"#d6212b","colorDark":"#7c1116","band":3,"off":[6,1.1]}},{"type":"Feature","geometry":{"type":"Point","coordinates":[19.995526,50.094875]},"properties":{"line":"14","mode":"tram","color":"#d6212b","colorDark":"#7c1116","band":3,"off":[-1.5,1.1]}},{"type":"Feature","geometry":{"type":"Point","coordinates":[19.995526,50.094875]},"properties":{"line":"16","mode":"tram","color":"#d6212b","colorDark":"#7c1116","band":3,"off":[1.5,1.1]}},{"type":"Feature","geometry":{"type":"Point","coordinates":[20.012061,50.101981]},"properties":{"line":"21","mode":"tram","color":"#d6212b","colorDark":"#7c1116","band":3,"off":[-1.5,1.1]}},{"type":"Feature","geometry":{"type":"Point","coordinates":[20.012061,50.101981]},"properties":{"line":"52","mode":"tram","color":"#d6212b","colorDark":"#7c1116","band":3,"off":[1.5,1.1]}},{"type":"Feature","geometry":{"type":"Point","coordinates":[20.067076,50.069652]},"properties":{"line":"21","mode":"tram","color":"#d6212b","colorDark":"#7c1116","band":3,"off":[-3,1.1]}},{"type":"Feature","geometry":{"type":"Point","coordinates":[20.067076,50.069652]},"properties":{"line":"22","mode":"tram","color":"#d6212b","colorDark":"#7c1116","band":3,"off":[0,1.1]}},{"type":"Feature","geometry":{"type":"Point","coordinates":[20.067076,50.069652]},"properties":{"line":"75","mode":"tram","color":"#d6212b","colorDark":"#7c1116","band":3,"off":[3,1.1]}},{"type":"Feature","geometry":{"type":"Point","coordinates":[20.052452,50.076212]},"properties":{"line":"21","mode":"tram","color":"#d6212b","colorDark":"#7c1116","band":3,"off":[-4.5,1.1]}},{"type":"Feature","geometry":{"type":"Point","coordinates":[20.052452,50.076212]},"properties":{"line":"22","mode":"tram","color":"#d6212b","colorDark":"#7c1116","band":3,"off":[-1.5,1.1]}},{"type":"Feature","geometry":{"type":"Point","coordinates":[20.052452,50.076212]},"properties":{"line":"74","mode":"tram","color":"#d6212b","colorDark":"#7c1116","band":3,"off":[1.5,1.1]}},{"type":"Feature","geometry":{"type":"Point","coordinates":[20.052452,50.076212]},"properties":{"line":"75","mode":"tram","color":"#d6212b","colorDark":"#7c1116","band":3,"off":[4.5,1.1]}},{"type":"Feature","geometry":{"type":"Point","coordinates":[19.985167,50.072101]},"properties":{"line":"49","mode":"tram","color":"#d6212b","colorDark":"#7c1116","band":3,"off":[0,1.1]}},{"type":"Feature","geometry":{"type":"Point","coordinates":[19.9574,50.074278]},"properties":{"line":"76","mode":"tram","color":"#d6212b","colorDark":"#7c1116","band":3,"off":[0,1.1]}}]}