{"type":"FeatureCollection","features":[{"type":"Feature","geometry":{"type":"Point","coordinates":[19.930722,50.088674]},"properties":{"lines":"102, 137, 150, 168, 194, 207, 220, 227, 240, 267, 290, 937","color":"#0059a9","mode":"bus","arr":["102","137","150","168","194","207","220","227","240","267","290","937"],"angle":13.2}},{"type":"Feature","geometry":{"type":"Point","coordinates":[19.931986,50.088365]},"properties":{"lines":"102, 137, 150, 168, 194, 207, 220, 227, 240, 267, 290, 937","color":"#0059a9","mode":"bus","arr":["102","137","150","168","194","207","220","227","240","267","290","937"],"angle":-22.9}},{"type":"Feature","geometry":{"type":"Point","coordinates":[19.930781,50.088284]},"properties":{"lines":"102, 137, 138, 150, 168, 194, 207, 220, 227, 240, 267, 290, 937","color":"#0059a9","mode":"bus","arr":["102","137","138","150","168","194","207","220","227","240","267","290","937"],"angle":49.4}},{"type":"Feature","geometry":{"type":"Point","coordinates":[19.930908,50.085863]},"properties":{"lines":"102, 337, 669","color":"#0059a9","mode":"bus","arr":["102","337","669"],"angle":-68.5}},{"type":"Feature","geometry":{"type":"Point","coordinates":[19.927461,50.083967]},"properties":{"lines":"102, 120, 140","color":"#0059a9","mode":"bus","arr":["102","120","140"],"angle":-0.2}},{"type":"Feature","geometry":{"type":"Point","coordinates":[19.9201,50.08257]},"properties":{"lines":"102, 140","color":"#0059a9","mode":"bus","arr":["102","140"],"angle":-21.6}},{"type":"Feature","geometry":{"type":"Point","coordinates":[19.917831,50.080864]},"properties":{"lines":"102, 130, 144, 194, 494, 904","color":"#0059a9","mode":"bus","arr":["102","130","144","194","494","904"],"angle":41}},{"type":"Feature","geometry":{"type":"Point","coordinates":[19.917384,50.076597]},"properties":{"lines":"102, 144, 194, 494","color":"#0059a9","mode":"bus","arr":["102","144","194","494"],"angle":-78.1}},{"type":"Feature","geometry":{"type":"Point","coordinates":[19.915704,50.073186]},"properties":{"lines":"102, 144, 194, 494","color":"#0059a9","mode":"bus","arr":["102","144","194","494"],"angle":-66.1,"extra":1}},{"type":"Feature","geometry":{"type":"Point","coordinates":[19.910621,50.074142]},"properties":{"lines":"102, 664, 704, 708","color":"#0059a9","mode":"bus","arr":["102","664","704","708"],"angle":19.3}},{"type":"Feature","geometry":{"type":"Point","coordinates":[19.901022,50.060657]},"properties":{"lines":"102","color":"#0059a9","mode":"bus","arr":["102"],"angle":-62}},{"type":"Feature","geometry":{"type":"Point","coordinates":[19.905309,50.073352]},"properties":{"lines":"102","color":"#0059a9","mode":"bus","arr":["102"],"angle":-77.1,"extra":1}},{"type":"Feature","geometry":{"type":"Point","coordinates":[19.903411,50.06865]},"properties":{"lines":"102","color":"#0059a9","mode":"bus","arr":["102"],"angle":-39,"extra":1}},{"type":"Feature","geometry":{"type":"Point","coordinates":[19.825262,50.051855]},"properties":{"lines":"102","color":"#0059a9","mode":"bus","arr":["102"],"angle":68.9}},{"type":"Feature","geometry":{"type":"Point","coordinates":[19.826992,50.046533]},"properties":{"lines":"102","color":"#0059a9","mode":"bus","arr":["102"],"angle":63.2,"extra":1}},{"type":"Feature","geometry":{"type":"Point","coordinates":[19.828388,50.055386]},"properties":{"lines":"102","color":"#0059a9","mode":"bus","arr":["102"],"angle":-82.7,"extra":1}},{"type":"Feature","geometry":{"type":"Point","coordinates":[19.837703,50.06264]},"properties":{"lines":"102","color":"#0059a9","mode":"bus","arr":["102"],"angle":-19.7}},{"type":"Feature","geometry":{"type":"Point","coordinates":[19.844536,50.065886]},"properties":{"lines":"102","color":"#0059a9","mode":"bus","arr":["102"],"angle":-41.1,"extra":1}},{"type":"Feature","geometry":{"type":"Point","coordinates":[19.831961,50.061703]},"properties":{"lines":"102","color":"#0059a9","mode":"bus","arr":["102"],"angle":-40,"extra":1}},{"type":"Feature","geometry":{"type":"Point","coordinates":[19.828965,50.058185]},"properties":{"lines":"102","color":"#0059a9","mode":"bus","arr":["102"],"angle":-16.4}},{"type":"Feature","geometry":{"type":"Point","coordinates":[19.898596,50.058384]},"properties":{"lines":"102, 134, 192, 300, 902","color":"#0059a9","mode":"bus","arr":["102","134","192","300","902"],"angle":22.4}},{"type":"Feature","geometry":{"type":"Point","coordinates":[19.880085,50.06479]},"properties":{"lines":"102, 134, 192, 300, 902","color":"#0059a9","mode":"bus","arr":["102","134","192","300","902"],"angle":14.6,"extra":1}},{"type":"Feature","geometry":{"type":"Point","coordinates":[19.88695,50.062595]},"properties":{"lines":"102, 134, 192, 300, 902","color":"#0059a9","mode":"bus","arr":["102","134","192","300","902"],"angle":28.5,"extra":1}},{"type":"Feature","geometry":{"type":"Point","coordinates":[19.893634,50.0604]},"properties":{"lines":"102, 134, 192, 300, 902","color":"#0059a9","mode":"bus","arr":["102","134","192","300","902"],"angle":32.9,"extra":1}},{"type":"Feature","geometry":{"type":"Point","coordinates":[19.906871,50.056854]},"properties":{"lines":"102, 134, 192, 300, 902","color":"#0059a9","mode":"bus","arr":["102","134","192","300","902"],"angle":-12.5,"extra":1}},{"type":"Feature","geometry":{"type":"Point","coordinates":[19.914421,50.057793]},"properties":{"lines":"102, 134, 192, 300, 902","color":"#0059a9","mode":"bus","arr":["102","134","192","300","902"],"angle":-12.6,"extra":1}},{"type":"Feature","geometry":{"type":"Point","coordinates":[19.921946,50.058867]},"properties":{"lines":"102, 134, 192, 300, 902","color":"#0059a9","mode":"bus","arr":["102","134","192","300","902"],"angle":-12.6,"extra":1}},{"type":"Feature","geometry":{"type":"Point","coordinates":[19.872853,50.066545]},"properties":{"lines":"102, 126, 192, 300, 902","color":"#0059a9","mode":"bus","arr":["102","126","192","300","902"],"angle":-0.7}},{"type":"Feature","geometry":{"type":"Point","coordinates":[19.849435,50.067631]},"properties":{"lines":"102, 126, 192, 300, 902","color":"#0059a9","mode":"bus","arr":["102","126","192","300","902"],"angle":12.2}},{"type":"Feature","geometry":{"type":"Point","coordinates":[19.847724,50.067934]},"properties":{"lines":"102, 126, 192, 300, 902","color":"#0059a9","mode":"bus","arr":["102","126","192","300","902"],"angle":-88}},{"type":"Feature","geometry":{"type":"Point","coordinates":[19.86093,50.065926]},"properties":{"lines":"102, 126, 192","color":"#0059a9","mode":"bus","arr":["102","126","192"],"angle":14.4}},{"type":"Feature","geometry":{"type":"Point","coordinates":[19.866637,50.065299]},"properties":{"lines":"102, 126, 192","color":"#0059a9","mode":"bus","arr":["102","126","192"],"angle":-66.3,"extra":1}},{"type":"Feature","geometry":{"type":"Point","coordinates":[19.851992,50.067392]},"properties":{"lines":"102, 126, 192","color":"#0059a9","mode":"bus","arr":["102","126","192"],"angle":13.7,"extra":1}},{"type":"Feature","geometry":{"type":"Point","coordinates":[19.823473,50.043752]},"properties":{"lines":"102, 209, 219, 229, 239, 269, 279, 609","color":"#0059a9","mode":"bus","arr":["102","209","219","229","239","269","279","609"],"angle":-15.4}},{"type":"Feature","geometry":{"type":"Point","coordinates":[19.819848,50.043293]},"properties":{"lines":"102, 609","color":"#0059a9","mode":"bus","arr":["102","609"],"angle":-15.5}},{"type":"Feature","geometry":{"type":"Point","coordinates":[19.923191,50.059045]},"properties":{"lines":"102, 134, 192, 300, 307, 902","color":"#0059a9","mode":"bus","arr":["102","134","192","300","307","902"],"angle":-12.5}},{"type":"Feature","geometry":{"type":"Point","coordinates":[19.932052,50.088044]},"properties":{"lines":"102, 137, 138, 150, 168, 194, 207, 220, 227, 240, 267, 290, 337, 937","color":"#0059a9","mode":"bus","arr":["102","137","138","150","168","194","207","220","227","240","267","290","337","937"],"angle":-25.3}},{"type":"Feature","geometry":{"type":"Point","coordinates":[19.932223,50.089215]},"properties":{"lines":"102, 137, 150, 168, 194, 207, 220, 227, 240, 267, 290, 337 +3","color":"#0059a9","mode":"bus","arr":["102","137","150","168","194","207","220","227","240","267","290","337","513","669","937"],"angle":76.4}},{"type":"Feature","geometry":{"type":"Point","coordinates":[19.926126,49.998695]},"properties":{"lines":"104, 155, 254","color":"#0059a9","mode":"bus","arr":["104","155","254"],"angle":-70.4}},{"type":"Feature","geometry":{"type":"Point","coordinates":[19.928551,49.999906]},"properties":{"lines":"104, 155, 254","color":"#0059a9","mode":"bus","arr":["104","155","254"],"angle":76.3}},{"type":"Feature","geometry":{"type":"Point","coordinates":[19.923001,49.998303]},"properties":{"lines":"104, 214, 215, 225, 254, 265, 915","color":"#0059a9","mode":"bus","arr":["104","214","215","225","254","265","915"],"angle":34.6}},{"type":"Feature","geometry":{"type":"Point","coordinates":[19.917805,49.99938]},"properties":{"lines":"104","color":"#0059a9","mode":"bus","arr":["104"],"angle":-44.4}},{"type":"Feature","geometry":{"type":"Point","coordinates":[19.909583,50.000199]},"properties":{"lines":"104, 121","color":"#0059a9","mode":"bus","arr":["104","121"],"angle":18.1}},{"type":"Feature","geometry":{"type":"Point","coordinates":[19.90039,50.001284]},"properties":{"lines":"104, 151, 194, 494, 608","color":"#0059a9","mode":"bus","arr":["104","151","194","494","608"],"angle":-52.5}},{"type":"Feature","geometry":{"type":"Point","coordinates":[19.897038,49.998465]},"properties":{"lines":"104, 151, 194, 494, 608","color":"#0059a9","mode":"bus","arr":["104","151","194","494","608"],"angle":74.1}},{"type":"Feature","geometry":{"type":"Point","coordinates":[19.905822,50.004114]},"properties":{"lines":"104, 121, 151, 194, 494, 608","color":"#0059a9","mode":"bus","arr":["104","121","151","194","494","608"],"angle":89.8}},{"type":"Feature","geometry":{"type":"Point","coordinates":[19.901544,50.006421]},"properties":{"lines":"104, 194, 204, 293, 494, 608","color":"#0059a9","mode":"bus","arr":["104","194","204","293","494","608"],"angle":2.9}},{"type":"Feature","geometry":{"type":"Point","coordinates":[19.887738,50.006707]},"properties":{"lines":"104, 204, 293","color":"#0059a9","mode":"bus","arr":["104","204","293"],"angle":12.8}},{"type":"Feature","geometry":{"type":"Point","coordinates":[19.882689,50.00701]},"properties":{"lines":"104, 204, 293","color":"#0059a9","mode":"bus","arr":["104","204","293"],"angle":0.1,"extra":1}},{"type":"Feature","geometry":{"type":"Point","coordinates":[19.883356,50.012042]},"properties":{"lines":"104, 204, 223, 233, 253, 283, 903","color":"#0059a9","mode":"bus","arr":["104","204","223","233","253","283","903"],"angle":-65.6}},{"type":"Feature","geometry":{"type":"Point","coordinates":[19.888126,50.017036]},"properties":{"lines":"104, 204, 223, 233, 253, 283, 476, 903","color":"#0059a9","mode":"bus","arr":["104","204","223","233","253","283","476","903"],"angle":-31.6}},{"type":"Feature","geometry":{"type":"Point","coordinates":[19.888887,50.018838]},"properties":{"lines":"104, 204, 223, 233, 253, 283, 476, 662, 903","color":"#0059a9","mode":"bus","arr":["104","204","223","233","253","283","476","662","903"],"angle":-5.4}},{"type":"Feature","geometry":{"type":"Point","coordinates":[19.930745,50.04865]},"properties":{"lines":"662","color":"#0059a9","mode":"bus","arr":["662"],"angle":-32.9}},{"type":"Feature","geometry":{"type":"Point","coordinates":[19.903409,50.02571]},"properties":{"lines":"662","color":"#0059a9","mode":"bus","arr":["662"],"angle":-47.1}},{"type":"Feature","geometry":{"type":"Point","coordinates":[19.893291,50.018007]},"properties":{"lines":"662","color":"#0059a9","mode":"bus","arr":["662"],"angle":-10.4,"extra":1}},{"type":"Feature","geometry":{"type":"Point","coordinates":[19.898939,50.021088]},"properties":{"lines":"662","color":"#0059a9","mode":"bus","arr":["662"],"angle":-52.3,"extra":1}},{"type":"Feature","geometry":{"type":"Point","coordinates":[19.909099,50.028193]},"properties":{"lines":"662","color":"#0059a9","mode":"bus","arr":["662"],"angle":-33,"extra":1}},{"type":"Feature","geometry":{"type":"Point","coordinates":[19.915591,50.030859]},"properties":{"lines":"662","color":"#0059a9","mode":"bus","arr":["662"],"angle":-33.1,"extra":1}},{"type":"Feature","geometry":{"type":"Point","coordinates":[19.889024,50.01853]},"properties":{"lines":"104, 204, 233, 253, 283, 476, 662, 903","color":"#0059a9","mode":"bus","arr":["104","204","233","253","283","476","662","903"],"angle":36.7}},{"type":"Feature","geometry":{"type":"Point","coordinates":[19.88884,50.01794]},"properties":{"lines":"104, 204, 233, 253, 283, 476, 662, 903","color":"#0059a9","mode":"bus","arr":["104","204","233","253","283","476","662","903"],"angle":41.7}},{"type":"Feature","geometry":{"type":"Point","coordinates":[19.88864,50.017334]},"properties":{"lines":"104, 204, 233, 253, 283, 476, 903","color":"#0059a9","mode":"bus","arr":["104","204","233","253","283","476","903"],"angle":-28.8}},{"type":"Feature","geometry":{"type":"Point","coordinates":[19.883448,50.01237]},"properties":{"lines":"104, 204, 233, 253, 283, 903","color":"#0059a9","mode":"bus","arr":["104","204","233","253","283","903"],"angle":-65.6}},{"type":"Feature","geometry":{"type":"Point","coordinates":[20.012109,50.104077]},"properties":{"lines":"105","color":"#0059a9","mode":"bus","arr":["105"],"angle":88.1}},{"type":"Feature","geometry":{"type":"Point","coordinates":[19.992686,50.104451]},"properties":{"lines":"105, 260, 270","color":"#0059a9","mode":"bus","arr":["105","260","270"],"angle":-30.1}},{"type":"Feature","geometry":{"type":"Point","coordinates":[19.978017,50.099743]},"properties":{"lines":"105, 260, 270","color":"#0059a9","mode":"bus","arr":["105","260","270"],"angle":-27.7,"extra":1}},{"type":"Feature","geometry":{"type":"Point","coordinates":[19.984801,50.102071]},"properties":{"lines":"105, 260, 270","color":"#0059a9","mode":"bus","arr":["105","260","270"],"angle":-18,"extra":1}},{"type":"Feature","geometry":{"type":"Point","coordinates":[19.999082,50.105313]},"properties":{"lines":"105, 260, 270","color":"#0059a9","mode":"bus","arr":["105","260","270"],"angle":-24.3,"extra":1}},{"type":"Feature","geometry":{"type":"Point","coordinates":[20.00613,50.107023]},"properties":{"lines":"105, 260, 270","color":"#0059a9","mode":"bus","arr":["105","260","270"],"angle":3.5,"extra":1}},{"type":"Feature","geometry":{"type":"Point","coordinates":[19.973727,50.098352]},"properties":{"lines":"105, 250, 260, 270","color":"#0059a9","mode":"bus","arr":["105","250","260","270"],"angle":-30.9}},{"type":"Feature","geometry":{"type":"Point","coordinates":[19.973436,50.097169]},"properties":{"lines":"105, 128, 199, 250, 260, 270, 405, 610","color":"#0059a9","mode":"bus","arr":["105","128","199","250","260","270","405","610"],"angle":68.3}},{"type":"Feature","geometry":{"type":"Point","coordinates":[19.974341,50.096676]},"properties":{"lines":"105, 199, 405, 610","color":"#0059a9","mode":"bus","arr":["105","199","405","610"],"angle":67.1}},{"type":"Feature","geometry":{"type":"Point","coordinates":[19.963727,50.092736]},"properties":{"lines":"105, 199, 405, 610","color":"#0059a9","mode":"bus","arr":["105","199","405","610"],"angle":-23.1}},{"type":"Feature","geometry":{"type":"Point","coordinates":[19.968484,50.095426]},"properties":{"lines":"105, 128, 199, 405, 610","color":"#0059a9","mode":"bus","arr":["105","128","199","405","610"],"angle":-41}},{"type":"Feature","geometry":{"type":"Point","coordinates":[19.963982,50.09336]},"properties":{"lines":"105, 128, 199, 405, 610","color":"#0059a9","mode":"bus","arr":["105","128","199","405","610"],"angle":-29.5,"extra":1}},{"type":"Feature","geometry":{"type":"Point","coordinates":[19.96139,50.088008]},"properties":{"lines":"105, 132, 139, 199, 405, 610","color":"#0059a9","mode":"bus","arr":["105","132","139","199","405","610"],"angle":11.4}},{"type":"Feature","geometry":{"type":"Point","coordinates":[19.956232,50.087766]},"properties":{"lines":"105, 132, 137, 139, 199, 307, 317, 405, 503, 610","color":"#0059a9","mode":"bus","arr":["105","132","137","139","199","307","317","405","503","610"],"angle":-54.6}},{"type":"Feature","geometry":{"type":"Point","coordinates":[19.953356,50.084547]},"properties":{"lines":"105, 132, 139, 169, 199, 307, 317, 405, 469, 503, 610","color":"#0059a9","mode":"bus","arr":["105","132","139","169","199","307","317","405","469","503","610"],"angle":-65.3}},{"type":"Feature","geometry":{"type":"Point","coordinates":[19.949971,50.079725]},"properties":{"lines":"105, 132, 139, 169, 199, 307, 317, 405, 469, 503, 608, 610","color":"#0059a9","mode":"bus","arr":["105","132","139","169","199","307","317","405","469","503","608","610"],"angle":-65.1}},{"type":"Feature","geometry":{"type":"Point","coordinates":[19.946287,50.074584]},"properties":{"lines":"105, 132, 139, 169, 199, 307, 405, 469, 503, 608, 610","color":"#0059a9","mode":"bus","arr":["105","132","139","169","199","307","405","469","503","608","610"],"angle":-64.5}},{"type":"Feature","geometry":{"type":"Point","coordinates":[19.944098,50.073715]},"properties":{"lines":"105, 132, 405, 608, 610","color":"#0059a9","mode":"bus","arr":["105","132","405","608","610"],"angle":40.9}},{"type":"Feature","geometry":{"type":"Point","coordinates":[19.944546,50.072268]},"properties":{"lines":"105, 130, 132, 179, 189, 192, 304, 405, 511, 608, 610, 669, 904","color":"#0059a9","mode":"bus","arr":["105","130","132","179","189","192","304","405","511","608","610","669","904"],"angle":82.6}},{"type":"Feature","geometry":{"type":"Point","coordinates":[19.943779,50.07045]},"properties":{"lines":"105, 130, 132, 179, 304, 405, 610, 904","color":"#0059a9","mode":"bus","arr":["105","130","132","179","304","405","610","904"],"angle":-82.9}},{"type":"Feature","geometry":{"type":"Point","coordinates":[19.944247,50.068661]},"properties":{"lines":"105, 132, 405","color":"#0059a9","mode":"bus","arr":["105","132","405"],"angle":19.4}},{"type":"Feature","geometry":{"type":"Point","coordinates":[19.946157,50.074279]},"properties":{"lines":"105, 132, 139, 169, 199, 307, 405, 503, 608, 610","color":"#0059a9","mode":"bus","arr":["105","132","139","169","199","307","405","503","608","610"],"angle":-58.3}},{"type":"Feature","geometry":{"type":"Point","coordinates":[19.949853,50.079074]},"properties":{"lines":"105, 132, 139, 169, 199, 307, 317, 405, 503, 608, 610","color":"#0059a9","mode":"bus","arr":["105","132","139","169","199","307","317","405","503","608","610"],"angle":-62}},{"type":"Feature","geometry":{"type":"Point","coordinates":[19.951677,50.081969]},"properties":{"lines":"105, 132, 139, 169, 199, 307, 317, 405, 503, 608, 610","color":"#0059a9","mode":"bus","arr":["105","132","139","169","199","307","317","405","503","608","610"],"angle":-65.8,"extra":1}},{"type":"Feature","geometry":{"type":"Point","coordinates":[19.953491,50.08451]},"properties":{"lines":"105, 132, 139, 169, 199, 307, 317, 405, 503, 610","color":"#0059a9","mode":"bus","arr":["105","132","139","169","199","307","317","405","503","610"],"angle":-65.2}},{"type":"Feature","geometry":{"type":"Point","coordinates":[19.960277,50.022026]},"properties":{"lines":"107, 164, 169, 174, 179, 610","color":"#0059a9","mode":"bus","arr":["107","164","169","174","179","610"],"angle":-87.3}},{"type":"Feature","geometry":{"type":"Point","coordinates":[19.96301,50.017404]},"properties":{"lines":"107, 155, 164, 469, 610","color":"#0059a9","mode":"bus","arr":["107","155","164","469","610"],"angle":84.6}},{"type":"Feature","geometry":{"type":"Point","coordinates":[19.964748,50.014206]},"properties":{"lines":"107, 155, 164, 469, 610","color":"#0059a9","mode":"bus","arr":["107","155","164","469","610"],"angle":35.4,"extra":1}},{"type":"Feature","geometry":{"type":"Point","coordinates":[19.973047,50.008707]},"properties":{"lines":"107, 469, 904","color":"#0059a9","mode":"bus","arr":["107","469","904"],"angle":50.7}},{"type":"Feature","geometry":{"type":"Point","coordinates":[19.968613,50.012153]},"properties":{"lines":"107, 469, 904","color":"#0059a9","mode":"bus","arr":["107","469","904"],"angle":43.6,"extra":1}},{"type":"Feature","geometry":{"type":"Point","coordinates":[19.980418,50.006326]},"properties":{"lines":"107, 469, 904","color":"#0059a9","mode":"bus","arr":["107","469","904"],"angle":22.8,"extra":1}},{"type":"Feature","geometry":{"type":"Point","coordinates":[19.996425,49.993005]},"properties":{"lines":"107","color":"#0059a9","mode":"bus","arr":["107"],"angle":54.3}},{"type":"Feature","geometry":{"type":"Point","coordinates":[19.984164,50.003924]},"properties":{"lines":"107","color":"#0059a9","mode":"bus","arr":["107"],"angle":46.2,"extra":1}},{"type":"Feature","geometry":{"type":"Point","coordinates":[19.988461,49.999939]},"properties":{"lines":"107","color":"#0059a9","mode":"bus","arr":["107"],"angle":75.2,"extra":1}},{"type":"Feature","geometry":{"type":"Point","coordinates":[19.988788,49.995068]},"properties":{"lines":"107","color":"#0059a9","mode":"bus","arr":["107"],"angle":80,"extra":1}},{"type":"Feature","geometry":{"type":"Point","coordinates":[19.998706,49.990046]},"properties":{"lines":"107","color":"#0059a9","mode":"bus","arr":["107"],"angle":75.8,"extra":1}},{"type":"Feature","geometry":{"type":"Point","coordinates":[20.002103,49.985754]},"properties":{"lines":"107","color":"#0059a9","mode":"bus","arr":["107"],"angle":59.2,"extra":1}},{"type":"Feature","geometry":{"type":"Point","coordinates":[19.996983,49.983628]},"properties":{"lines":"107","color":"#0059a9","mode":"bus","arr":["107"],"angle":-2.6,"extra":1}},{"type":"Feature","geometry":{"type":"Point","coordinates":[19.989433,49.982698]},"properties":{"lines":"107","color":"#0059a9","mode":"bus","arr":["107"],"angle":-4,"extra":1}},{"type":"Feature","geometry":{"type":"Point","coordinates":[19.990168,49.979814]},"properties":{"lines":"107","color":"#0059a9","mode":"bus","arr":["107"],"angle":-84.7}},{"type":"Feature","geometry":{"type":"Point","coordinates":[19.989665,49.981208]},"properties":{"lines":"107, 214","color":"#0059a9","mode":"bus","arr":["107","214"],"angle":-89.9}},{"type":"Feature","geometry":{"type":"Point","coordinates":[20.118332,50.07311]},"properties":{"lines":"111, 160, 161, 171, 211, 271","color":"#0059a9","mode":"bus","arr":["111","160","161","171","211","271"],"angle":-7.8}},{"type":"Feature","geometry":{"type":"Point","coordinates":[20.127411,50.073692]},"properties":{"lines":"111, 160, 161, 171, 211, 271","color":"#0059a9","mode":"bus","arr":["111","160","161","171","211","271"],"angle":-10.5}},{"type":"Feature","geometry":{"type":"Point","coordinates":[20.144283,50.075581]},"properties":{"lines":"111, 160, 161, 171, 211, 271","color":"#0059a9","mode":"bus","arr":["111","160","161","171","211","271"],"angle":-0.4,"extra":1}},{"type":"Feature","geometry":{"type":"Point","coordinates":[20.1367,50.074707]},"properties":{"lines":"111, 160, 161, 171, 211, 271","color":"#0059a9","mode":"bus","arr":["111","160","161","171","211","271"],"angle":-10.4,"extra":1}},{"type":"Feature","geometry":{"type":"Point","coordinates":[20.121607,50.072915]},"properties":{"lines":"111, 160, 161, 171, 211, 271","color":"#0059a9","mode":"bus","arr":["111","160","161","171","211","271"],"angle":-10.3,"extra":1}},{"type":"Feature","geometry":{"type":"Point","coordinates":[20.132187,50.074426]},"properties":{"lines":"111, 160, 161, 171, 211, 271","color":"#0059a9","mode":"bus","arr":["111","160","161","171","211","271"],"angle":-21.4,"extra":1}},{"type":"Feature","geometry":{"type":"Point","coordinates":[20.15486,50.076987]},"properties":{"lines":"111, 160, 161, 171, 211, 271","color":"#0059a9","mode":"bus","arr":["111","160","161","171","211","271"],"angle":-12.3,"extra":1}},{"type":"Feature","geometry":{"type":"Point","coordinates":[20.149945,50.076248]},"properties":{"lines":"111, 160, 161, 171, 211, 271","color":"#0059a9","mode":"bus","arr":["111","160","161","171","211","271"],"angle":-18.2,"extra":1}},{"type":"Feature","geometry":{"type":"Point","coordinates":[20.156078,50.077474]},"properties":{"lines":"111, 160, 161, 171, 271","color":"#0059a9","mode":"bus","arr":["111","160","161","171","271"],"angle":88.8}},{"type":"Feature","geometry":{"type":"Point","coordinates":[20.152246,50.082152]},"properties":{"lines":"111, 160, 161","color":"#0059a9","mode":"bus","arr":["111","160","161"],"angle":71.4}},{"type":"Feature","geometry":{"type":"Point","coordinates":[20.153606,50.078449]},"properties":{"lines":"111, 160, 161","color":"#0059a9","mode":"bus","arr":["111","160","161"],"angle":78.8,"extra":1}},{"type":"Feature","geometry":{"type":"Point","coordinates":[20.146311,50.086567]},"properties":{"lines":"111, 160, 161","color":"#0059a9","mode":"bus","arr":["111","160","161"],"angle":70.1,"extra":1}},{"type":"Feature","geometry":{"type":"Point","coordinates":[20.146436,50.086903]},"properties":{"lines":"111, 160, 161","color":"#0059a9","mode":"bus","arr":["111","160","161"],"angle":86.4}},{"type":"Feature","geometry":{"type":"Point","coordinates":[20.175068,50.060163]},"properties":{"lines":"111, 161, 211","color":"#0059a9","mode":"bus","arr":["111","161","211"],"angle":73.6}},{"type":"Feature","geometry":{"type":"Point","coordinates":[20.157242,50.074804]},"properties":{"lines":"111, 161, 211","color":"#0059a9","mode":"bus","arr":["111","161","211"],"angle":69.7,"extra":1}},{"type":"Feature","geometry":{"type":"Point","coordinates":[20.160174,50.070298]},"properties":{"lines":"111, 161, 211","color":"#0059a9","mode":"bus","arr":["111","161","211"],"angle":53.2,"extra":1}},{"type":"Feature","geometry":{"type":"Point","coordinates":[20.166946,50.068747]},"properties":{"lines":"111, 161, 211","color":"#0059a9","mode":"bus","arr":["111","161","211"],"angle":75.1,"extra":1}},{"type":"Feature","geometry":{"type":"Point","coordinates":[20.169043,50.06409]},"properties":{"lines":"111, 161, 211","color":"#0059a9","mode":"bus","arr":["111","161","211"],"angle":21.6,"extra":1}},{"type":"Feature","geometry":{"type":"Point","coordinates":[20.178945,50.057511]},"properties":{"lines":"111, 161, 211","color":"#0059a9","mode":"bus","arr":["111","161","211"],"angle":30.1,"extra":1}},{"type":"Feature","geometry":{"type":"Point","coordinates":[20.186513,50.056686]},"properties":{"lines":"111, 161, 211","color":"#0059a9","mode":"bus","arr":["111","161","211"],"angle":5.9,"extra":1}},{"type":"Feature","geometry":{"type":"Point","coordinates":[20.193926,50.055816]},"properties":{"lines":"111, 161, 211","color":"#0059a9","mode":"bus","arr":["111","161","211"],"angle":2.1,"extra":1}},{"type":"Feature","geometry":{"type":"Point","coordinates":[20.201436,50.055971]},"properties":{"lines":"111, 161, 211","color":"#0059a9","mode":"bus","arr":["111","161","211"],"angle":44,"extra":1}},{"type":"Feature","geometry":{"type":"Point","coordinates":[20.206061,50.052097]},"properties":{"lines":"111, 161, 211","color":"#0059a9","mode":"bus","arr":["111","161","211"],"angle":41.4}},{"type":"Feature","geometry":{"type":"Point","coordinates":[20.191154,50.065359]},"properties":{"lines":"111, 161","color":"#0059a9","mode":"bus","arr":["111","161"],"angle":50.7}},{"type":"Feature","geometry":{"type":"Point","coordinates":[20.202095,50.056531]},"properties":{"lines":"111, 161","color":"#0059a9","mode":"bus","arr":["111","161"],"angle":62.9,"extra":1}},{"type":"Feature","geometry":{"type":"Point","coordinates":[20.197595,50.060515]},"properties":{"lines":"111, 161","color":"#0059a9","mode":"bus","arr":["111","161"],"angle":49.4,"extra":1}},{"type":"Feature","geometry":{"type":"Point","coordinates":[20.189484,50.06865]},"properties":{"lines":"111, 161","color":"#0059a9","mode":"bus","arr":["111","161"],"angle":81.7,"extra":1}},{"type":"Feature","geometry":{"type":"Point","coordinates":[20.18971,50.073583]},"properties":{"lines":"111, 161","color":"#0059a9","mode":"bus","arr":["111","161"],"angle":84.4,"extra":1}},{"type":"Feature","geometry":{"type":"Point","coordinates":[20.18735,50.078283]},"properties":{"lines":"111, 161","color":"#0059a9","mode":"bus","arr":["111","161"],"angle":70.6,"extra":1}},{"type":"Feature","geometry":{"type":"Point","coordinates":[20.186694,50.079543]},"properties":{"lines":"111","color":"#0059a9","mode":"bus","arr":["111"],"angle":68.9}},{"type":"Feature","geometry":{"type":"Point","coordinates":[20.16535,50.078209]},"properties":{"lines":"111","color":"#0059a9","mode":"bus","arr":["111"],"angle":-10.5}},{"type":"Feature","geometry":{"type":"Point","coordinates":[20.178573,50.079816]},"properties":{"lines":"111","color":"#0059a9","mode":"bus","arr":["111"],"angle":-10.4,"extra":1}},{"type":"Feature","geometry":{"type":"Point","coordinates":[20.170783,50.078945]},"properties":{"lines":"111","color":"#0059a9","mode":"bus","arr":["111"],"angle":-11.9,"extra":1}},{"type":"Feature","geometry":{"type":"Point","coordinates":[20.18569,50.080619]},"properties":{"lines":"111","color":"#0059a9","mode":"bus","arr":["111"],"angle":-24.5}},{"type":"Feature","geometry":{"type":"Point","coordinates":[19.848145,50.023962]},"properties":{"lines":"112, 162","color":"#0059a9","mode":"bus","arr":["112","162"],"angle":-52.9}},{"type":"Feature","geometry":{"type":"Point","coordinates":[19.852087,50.026142]},"properties":{"lines":"112, 162","color":"#0059a9","mode":"bus","arr":["112","162"],"angle":-49.8,"extra":1}},{"type":"Feature","geometry":{"type":"Point","coordinates":[19.900341,50.039708]},"properties":{"lines":"112, 162","color":"#0059a9","mode":"bus","arr":["112","162"],"angle":-56.9}},{"type":"Feature","geometry":{"type":"Point","coordinates":[19.889882,50.036619]},"properties":{"lines":"112, 162","color":"#0059a9","mode":"bus","arr":["112","162"],"angle":3,"extra":1}},{"type":"Feature","geometry":{"type":"Point","coordinates":[19.897324,50.03741]},"properties":{"lines":"112, 162","color":"#0059a9","mode":"bus","arr":["112","162"],"angle":-31.5,"extra":1}},{"type":"Feature","geometry":{"type":"Point","coordinates":[19.906212,50.0451]},"properties":{"lines":"112, 162","color":"#0059a9","mode":"bus","arr":["112","162"],"angle":-8,"extra":1}},{"type":"Feature","geometry":{"type":"Point","coordinates":[19.855271,50.029135]},"properties":{"lines":"112, 162, 176, 476","color":"#0059a9","mode":"bus","arr":["112","162","176","476"],"angle":-11.9}},{"type":"Feature","geometry":{"type":"Point","coordinates":[19.872298,50.033317]},"properties":{"lines":"112, 162, 176","color":"#0059a9","mode":"bus","arr":["112","162","176"],"angle":-14}},{"type":"Feature","geometry":{"type":"Point","coordinates":[19.86196,50.030598]},"properties":{"lines":"112, 162, 176","color":"#0059a9","mode":"bus","arr":["112","162","176"],"angle":-25.4,"extra":1}},{"type":"Feature","geometry":{"type":"Point","coordinates":[19.883757,50.03484]},"properties":{"lines":"112, 162, 176","color":"#0059a9","mode":"bus","arr":["112","162","176"],"angle":11.2,"extra":1}},{"type":"Feature","geometry":{"type":"Point","coordinates":[19.919487,50.049389]},"properties":{"lines":"112, 162, 712","color":"#0059a9","mode":"bus","arr":["112","162","712"],"angle":-27.7}},{"type":"Feature","geometry":{"type":"Point","coordinates":[19.914882,50.047846]},"properties":{"lines":"112, 162, 712","color":"#0059a9","mode":"bus","arr":["112","162","712"],"angle":-27.5,"extra":1}},{"type":"Feature","geometry":{"type":"Point","coordinates":[19.925247,50.047481]},"properties":{"lines":"112, 162, 712","color":"#0059a9","mode":"bus","arr":["112","162","712"],"angle":-67.3}},{"type":"Feature","geometry":{"type":"Point","coordinates":[19.925957,50.0492]},"properties":{"lines":"112, 162, 712","color":"#0059a9","mode":"bus","arr":["112","162","712"],"angle":-88.7}},{"type":"Feature","geometry":{"type":"Point","coordinates":[19.926642,50.051464]},"properties":{"lines":"112, 162, 712","color":"#0059a9","mode":"bus","arr":["112","162","712"],"angle":70.5}},{"type":"Feature","geometry":{"type":"Point","coordinates":[19.931048,50.048419]},"properties":{"lines":"112, 126, 162, 219, 662, 712","color":"#0059a9","mode":"bus","arr":["112","126","162","219","662","712"],"angle":-20.8}},{"type":"Feature","geometry":{"type":"Point","coordinates":[19.932901,50.047926]},"properties":{"lines":"112, 124, 126, 144, 162, 164, 169, 173, 179, 219, 300, 301 +9","color":"#0059a9","mode":"bus","arr":["112","124","126","144","162","164","169","173","179","219","300","301","424","469","503","513","608","610","708","712","LR0"],"angle":56.9}},{"type":"Feature","geometry":{"type":"Point","coordinates":[19.933998,50.046499]},"properties":{"lines":"112, 124, 126, 144, 162, 164, 169, 173, 179, 219, 300, 301 +10","color":"#0059a9","mode":"bus","arr":["112","124","126","144","162","164","169","173","179","219","300","301","304","424","469","503","513","608","610","708","712","LR0"],"angle":75.5}},{"type":"Feature","geometry":{"type":"Point","coordinates":[19.933345,50.045321]},"properties":{"lines":"112, 124, 126, 162, 219, 300, 424, 708, 712, LR0","color":"#0059a9","mode":"bus","arr":["112","124","126","162","219","300","424","708","712","LR0"],"angle":-16.1}},{"type":"Feature","geometry":{"type":"Point","coordinates":[19.930837,50.04677]},"properties":{"lines":"112, 124, 126, 162, 219, 300, 424, 708, 712, LR0","color":"#0059a9","mode":"bus","arr":["112","124","126","162","219","300","424","708","712","LR0"],"angle":75.1}},{"type":"Feature","geometry":{"type":"Point","coordinates":[19.932211,50.047167]},"properties":{"lines":"112, 126, 162, 712","color":"#0059a9","mode":"bus","arr":["112","126","162","712"],"angle":-42.1}},{"type":"Feature","geometry":{"type":"Point","coordinates":[19.937931,50.080423]},"properties":{"lines":"120, 140, 337, 513, 669","color":"#0059a9","mode":"bus","arr":["120","140","337","513","669"],"angle":7.3}},{"type":"Feature","geometry":{"type":"Point","coordinates":[19.935054,50.081872]},"properties":{"lines":"120, 140, 337, 513, 669","color":"#0059a9","mode":"bus","arr":["120","140","337","513","669"],"angle":54.6}},{"type":"Feature","geometry":{"type":"Point","coordinates":[19.932069,50.083897]},"properties":{"lines":"120, 140, 337, 669","color":"#0059a9","mode":"bus","arr":["120","140","337","669"],"angle":-0.7}},{"type":"Feature","geometry":{"type":"Point","coordinates":[19.932089,50.084002]},"properties":{"lines":"120, 140, 337","color":"#0059a9","mode":"bus","arr":["120","140","337"],"angle":-1.3}},{"type":"Feature","geometry":{"type":"Point","coordinates":[19.923113,50.085287]},"properties":{"lines":"120","color":"#0059a9","mode":"bus","arr":["120"],"angle":80.2}},{"type":"Feature","geometry":{"type":"Point","coordinates":[19.888436,50.110007]},"properties":{"lines":"120","color":"#0059a9","mode":"bus","arr":["120"],"angle":-3.1}},{"type":"Feature","geometry":{"type":"Point","coordinates":[19.894097,50.112061]},"properties":{"lines":"120","color":"#0059a9","mode":"bus","arr":["120"],"angle":-24.7,"extra":1}},{"type":"Feature","geometry":{"type":"Point","coordinates":[19.879929,50.108886]},"properties":{"lines":"120","color":"#0059a9","mode":"bus","arr":["120"],"angle":-12.8,"extra":1}},{"type":"Feature","geometry":{"type":"Point","coordinates":[19.883765,50.099444]},"properties":{"lines":"120","color":"#0059a9","mode":"bus","arr":["120"],"angle":-70.6}},{"type":"Feature","geometry":{"type":"Point","coordinates":[19.882329,50.093269]},"properties":{"lines":"120","color":"#0059a9","mode":"bus","arr":["120"],"angle":-88.2,"extra":1}},{"type":"Feature","geometry":{"type":"Point","coordinates":[19.883189,50.102739]},"properties":{"lines":"120","color":"#0059a9","mode":"bus","arr":["120"],"angle":76,"extra":1}},{"type":"Feature","geometry":{"type":"Point","coordinates":[19.879324,50.10694]},"properties":{"lines":"120","color":"#0059a9","mode":"bus","arr":["120"],"angle":-80.9,"extra":1}},{"type":"Feature","geometry":{"type":"Point","coordinates":[19.923356,50.087681]},"properties":{"lines":"120, 138, 144, 168, 194, 904","color":"#0059a9","mode":"bus","arr":["120","138","144","168","194","904"],"angle":-61.7}},{"type":"Feature","geometry":{"type":"Point","coordinates":[19.922616,50.089516]},"properties":{"lines":"120, 144, 220, 240, 290, 904","color":"#0059a9","mode":"bus","arr":["120","144","220","240","290","904"],"angle":77.2}},{"type":"Feature","geometry":{"type":"Point","coordinates":[19.922424,50.092257]},"properties":{"lines":"120, 144, 150, 220, 290, 904","color":"#0059a9","mode":"bus","arr":["120","144","150","220","290","904"],"angle":76.9}},{"type":"Feature","geometry":{"type":"Point","coordinates":[19.916932,50.092647]},"properties":{"lines":"120, 150, 220, 290","color":"#0059a9","mode":"bus","arr":["120","150","220","290"],"angle":51.2}},{"type":"Feature","geometry":{"type":"Point","coordinates":[19.912031,50.098527]},"properties":{"lines":"120, 220, 240, 290","color":"#0059a9","mode":"bus","arr":["120","220","240","290"],"angle":65.5}},{"type":"Feature","geometry":{"type":"Point","coordinates":[19.903565,50.107501]},"properties":{"lines":"120, 220, 240","color":"#0059a9","mode":"bus","arr":["120","220","240"],"angle":51}},{"type":"Feature","geometry":{"type":"Point","coordinates":[19.907729,50.103303]},"properties":{"lines":"120, 220, 240","color":"#0059a9","mode":"bus","arr":["120","220","240"],"angle":60.1,"extra":1}},{"type":"Feature","geometry":{"type":"Point","coordinates":[19.899705,50.111622]},"properties":{"lines":"120, 220, 240","color":"#0059a9","mode":"bus","arr":["120","220","240"],"angle":68.4,"extra":1}},{"type":"Feature","geometry":{"type":"Point","coordinates":[19.886122,50.088815]},"properties":{"lines":"120, 238, 248, 258, 268, 278, 288, 948","color":"#0059a9","mode":"bus","arr":["120","238","248","258","268","278","288","948"],"angle":33.5}},{"type":"Feature","geometry":{"type":"Point","coordinates":[19.890989,50.087096]},"properties":{"lines":"120, 238, 248, 258, 268, 278, 288, 948","color":"#0059a9","mode":"bus","arr":["120","238","248","258","268","278","288","948"],"angle":52,"extra":1}},{"type":"Feature","geometry":{"type":"Point","coordinates":[19.890965,50.083756]},"properties":{"lines":"120, 173, 200, 210, 230, 238, 248, 258, 268, 278, 288, 310 +6","color":"#0059a9","mode":"bus","arr":["120","173","200","210","230","238","248","258","268","278","288","310","511","572","611","910","948","LR0"],"angle":87.7}},{"type":"Feature","geometry":{"type":"Point","coordinates":[19.889162,50.080564]},"properties":{"lines":"120, 200, 210, 230, 238, 248, 258, 268, 278, 288, 572, 910, 948","color":"#0059a9","mode":"bus","arr":["120","200","210","230","238","248","258","268","278","288","572","910","948"],"angle":57.5}},{"type":"Feature","geometry":{"type":"Point","coordinates":[19.886235,50.082098]},"properties":{"lines":"120, 164, 199, 200, 210, 230, 238, 248, 258, 268, 278, 288 +7","color":"#0059a9","mode":"bus","arr":["120","164","199","200","210","230","238","248","258","268","278","288","572","601","664","704","708","910","948"],"angle":6.8}},{"type":"Feature","geometry":{"type":"Point","coordinates":[19.8819,50.08218]},"properties":{"lines":"120, 164, 199, 200, 210, 230, 572, 601","color":"#0059a9","mode":"bus","arr":["120","164","199","200","210","230","572","601"],"angle":2}},{"type":"Feature","geometry":{"type":"Point","coordinates":[19.880241,50.079907]},"properties":{"lines":"120, 164, 199, 200, 210, 230, 572, 601","color":"#0059a9","mode":"bus","arr":["120","164","199","200","210","230","572","601"],"angle":-81.4}},{"type":"Feature","geometry":{"type":"Point","coordinates":[19.875811,50.081567]},"properties":{"lines":"120, 164, 199, 218, 228, 298, 572, 601, 918","color":"#0059a9","mode":"bus","arr":["120","164","199","218","228","298","572","601","918"],"angle":-21.4}},{"type":"Feature","geometry":{"type":"Point","coordinates":[19.875071,50.079176]},"properties":{"lines":"120, 572","color":"#0059a9","mode":"bus","arr":["120","572"],"angle":6.3}},{"type":"Feature","geometry":{"type":"Point","coordinates":[19.880661,50.081596]},"properties":{"lines":"120, 164, 199, 200, 210, 218, 228, 230, 298, 572, 601, 918","color":"#0059a9","mode":"bus","arr":["120","164","199","200","210","218","228","230","298","572","601","918"],"angle":-81.6}},{"type":"Feature","geometry":{"type":"Point","coordinates":[19.890377,50.081299]},"properties":{"lines":"120, 164, 199, 200, 210, 230, 238, 248, 268, 278, 288, 572 +6","color":"#0059a9","mode":"bus","arr":["120","164","199","200","210","230","238","248","268","278","288","572","601","664","704","708","910","948"],"angle":17.6}},{"type":"Feature","geometry":{"type":"Point","coordinates":[19.891433,50.080183]},"properties":{"lines":"120, 200, 210, 230, 238, 248, 268, 278, 288, 572, 910, 948","color":"#0059a9","mode":"bus","arr":["120","200","210","230","238","248","268","278","288","572","910","948"],"angle":-35.5}},{"type":"Feature","geometry":{"type":"Point","coordinates":[19.890632,50.081029]},"properties":{"lines":"120, 164, 173, 199, 200, 210, 230, 238, 248, 268, 278, 288 +8","color":"#0059a9","mode":"bus","arr":["120","164","173","199","200","210","230","238","248","268","278","288","310","511","572","601","611","910","948","LR0"],"angle":-76}},{"type":"Feature","geometry":{"type":"Point","coordinates":[19.89134,50.085434]},"properties":{"lines":"120, 173, 200, 210, 230, 238, 248, 268, 278, 288, 310, 511 +5","color":"#0059a9","mode":"bus","arr":["120","173","200","210","230","238","248","268","278","288","310","511","572","611","910","948","LR0"],"angle":-79.1}},{"type":"Feature","geometry":{"type":"Point","coordinates":[19.878551,50.107833]},"properties":{"lines":"120, 200, 210, 230, 310, 910, LR0","color":"#0059a9","mode":"bus","arr":["120","200","210","230","310","910","LR0"],"angle":47.3}},{"type":"Feature","geometry":{"type":"Point","coordinates":[19.887501,50.102872]},"properties":{"lines":"200, 210, 230, 310, 910, LR0","color":"#0059a9","mode":"bus","arr":["200","210","230","310","910","LR0"],"angle":58.2}},{"type":"Feature","geometry":{"type":"Point","coordinates":[19.875628,50.110444]},"properties":{"lines":"200, 210, 230, 310, 910, LR0","color":"#0059a9","mode":"bus","arr":["200","210","230","310","910","LR0"],"angle":55.3,"extra":1}},{"type":"Feature","geometry":{"type":"Point","coordinates":[19.871244,50.114513]},"properties":{"lines":"200, 210, 230, 310, 910, LR0","color":"#0059a9","mode":"bus","arr":["200","210","230","310","910","LR0"],"angle":55.5,"extra":1}},{"type":"Feature","geometry":{"type":"Point","coordinates":[19.882595,50.105644]},"properties":{"lines":"200, 210, 230, 310, 910, LR0","color":"#0059a9","mode":"bus","arr":["200","210","230","310","910","LR0"],"angle":37.3,"extra":1}},{"type":"Feature","geometry":{"type":"Point","coordinates":[19.890696,50.09759]},"properties":{"lines":"200, 210, 230, 310, 910, LR0","color":"#0059a9","mode":"bus","arr":["200","210","230","310","910","LR0"],"angle":69.6,"extra":1}},{"type":"Feature","geometry":{"type":"Point","coordinates":[19.889357,50.100257]},"properties":{"lines":"200, 210, 230, 310, 910, LR0","color":"#0059a9","mode":"bus","arr":["200","210","230","310","910","LR0"],"angle":69.7,"extra":1}},{"type":"Feature","geometry":{"type":"Point","coordinates":[19.87459,50.1111]},"properties":{"lines":"200, 210, 230, 310, 910, LR0","color":"#0059a9","mode":"bus","arr":["200","210","230","310","910","LR0"],"angle":55.4}},{"type":"Feature","geometry":{"type":"Point","coordinates":[19.912889,49.994762]},"properties":{"lines":"121","color":"#0059a9","mode":"bus","arr":["121"],"angle":-34.9}},{"type":"Feature","geometry":{"type":"Point","coordinates":[19.914285,49.99649]},"properties":{"lines":"121","color":"#0059a9","mode":"bus","arr":["121"],"angle":85.5}},{"type":"Feature","geometry":{"type":"Point","coordinates":[19.916583,50.001391]},"properties":{"lines":"121","color":"#0059a9","mode":"bus","arr":["121"],"angle":42.7}},{"type":"Feature","geometry":{"type":"Point","coordinates":[19.906447,50.007982]},"properties":{"lines":"121, 151, 204, 293","color":"#0059a9","mode":"bus","arr":["121","151","204","293"],"angle":-45.8}},{"type":"Feature","geometry":{"type":"Point","coordinates":[19.91628,50.007931]},"properties":{"lines":"121, 204, 293","color":"#0059a9","mode":"bus","arr":["121","204","293"],"angle":28.2}},{"type":"Feature","geometry":{"type":"Point","coordinates":[19.926225,50.009396]},"properties":{"lines":"121, 175, 204, 214, 215, 225, 235, 243, 245, 254, 255, 265 +6","color":"#0059a9","mode":"bus","arr":["121","175","204","214","215","225","235","243","245","254","255","265","275","285","293","475","610","915"],"angle":-71}},{"type":"Feature","geometry":{"type":"Point","coordinates":[19.925996,50.011624]},"properties":{"lines":"121, 175, 204, 214, 215, 225, 235, 243, 245, 254, 255, 265 +5","color":"#0059a9","mode":"bus","arr":["121","175","204","214","215","225","235","243","245","254","255","265","275","285","293","475","610"],"angle":-37}},{"type":"Feature","geometry":{"type":"Point","coordinates":[20.003888,50.010858]},"properties":{"lines":"204","color":"#0059a9","mode":"bus","arr":["204"],"angle":-63.7}},{"type":"Feature","geometry":{"type":"Point","coordinates":[19.943332,50.0057]},"properties":{"lines":"204, 610","color":"#0059a9","mode":"bus","arr":["204","610"],"angle":-3.1}},{"type":"Feature","geometry":{"type":"Point","coordinates":[19.935587,50.007848]},"properties":{"lines":"204, 610","color":"#0059a9","mode":"bus","arr":["204","610"],"angle":15.1}},{"type":"Feature","geometry":{"type":"Point","coordinates":[19.928694,50.007472]},"properties":{"lines":"204, 610","color":"#0059a9","mode":"bus","arr":["204","610"],"angle":-7.7,"extra":1}},{"type":"Feature","geometry":{"type":"Point","coordinates":[19.941528,50.005628]},"properties":{"lines":"204, 610","color":"#0059a9","mode":"bus","arr":["204","610"],"angle":-3.4,"extra":1}},{"type":"Feature","geometry":{"type":"Point","coordinates":[20.057923,50.104356]},"properties":{"lines":"122","color":"#0059a9","mode":"bus","arr":["122"],"angle":9}},{"type":"Feature","geometry":{"type":"Point","coordinates":[20.06862,50.104122]},"properties":{"lines":"122","color":"#0059a9","mode":"bus","arr":["122"],"angle":1,"extra":1}},{"type":"Feature","geometry":{"type":"Point","coordinates":[20.05328,50.104841]},"properties":{"lines":"122","color":"#0059a9","mode":"bus","arr":["122"],"angle":9.6,"extra":1}},{"type":"Feature","geometry":{"type":"Point","coordinates":[20.04588,50.106017]},"properties":{"lines":"122","color":"#0059a9","mode":"bus","arr":["122"],"angle":1.3,"extra":1}},{"type":"Feature","geometry":{"type":"Point","coordinates":[20.069599,50.101451]},"properties":{"lines":"122, 180, 202, 212, 222, 232, 262","color":"#0059a9","mode":"bus","arr":["122","180","202","212","222","232","262"],"angle":-54.1}},{"type":"Feature","geometry":{"type":"Point","coordinates":[20.065975,50.098046]},"properties":{"lines":"122, 149, 180, 202, 212, 222, 232, 262","color":"#0059a9","mode":"bus","arr":["122","149","180","202","212","222","232","262"],"angle":33.7}},{"type":"Feature","geometry":{"type":"Point","coordinates":[20.062061,50.092842]},"properties":{"lines":"122, 149, 180, 202, 212, 222, 232, 262, 608","color":"#0059a9","mode":"bus","arr":["122","149","180","202","212","222","232","262","608"],"angle":-44.5}},{"type":"Feature","geometry":{"type":"Point","coordinates":[20.059127,50.091536]},"properties":{"lines":"122, 149, 160, 180, 202, 212, 222, 232, 262, 608","color":"#0059a9","mode":"bus","arr":["122","149","160","180","202","212","222","232","262","608"],"angle":-32.3}},{"type":"Feature","geometry":{"type":"Point","coordinates":[20.054492,50.094755]},"properties":{"lines":"122, 180, 601, 608","color":"#0059a9","mode":"bus","arr":["122","180","601","608"],"angle":43.5}},{"type":"Feature","geometry":{"type":"Point","coordinates":[20.043579,50.095581]},"properties":{"lines":"122, 182, 511, 601, 608","color":"#0059a9","mode":"bus","arr":["122","182","511","601","608"],"angle":29.3}},{"type":"Feature","geometry":{"type":"Point","coordinates":[20.049863,50.095722]},"properties":{"lines":"122, 182, 511, 601, 608","color":"#0059a9","mode":"bus","arr":["122","182","511","601","608"],"angle":-13.6,"extra":1}},{"type":"Feature","geometry":{"type":"Point","coordinates":[20.036045,50.094561]},"properties":{"lines":"122, 182, 511, 601, 608","color":"#0059a9","mode":"bus","arr":["122","182","511","601","608"],"angle":-49,"extra":1}},{"type":"Feature","geometry":{"type":"Point","coordinates":[20.034062,50.093595]},"properties":{"lines":"182","color":"#0059a9","mode":"bus","arr":["182"],"angle":-26.4}},{"type":"Feature","geometry":{"type":"Point","coordinates":[20.01619,50.096351]},"properties":{"lines":"182","color":"#0059a9","mode":"bus","arr":["182"],"angle":-14}},{"type":"Feature","geometry":{"type":"Point","coordinates":[20.034293,50.093398]},"properties":{"lines":"122, 511, 601, 608","color":"#0059a9","mode":"bus","arr":["122","511","601","608"],"angle":-2.3}},{"type":"Feature","geometry":{"type":"Point","coordinates":[20.035127,50.093448]},"properties":{"lines":"511","color":"#0059a9","mode":"bus","arr":["511"],"angle":-36.2}},{"type":"Feature","geometry":{"type":"Point","coordinates":[20.011295,50.092069]},"properties":{"lines":"138, 511","color":"#0059a9","mode":"bus","arr":["138","511"],"angle":-42}},{"type":"Feature","geometry":{"type":"Point","coordinates":[20.014938,50.094177]},"properties":{"lines":"138, 511","color":"#0059a9","mode":"bus","arr":["138","511"],"angle":-41.7,"extra":1}},{"type":"Feature","geometry":{"type":"Point","coordinates":[20.033402,50.092167]},"properties":{"lines":"122, 138, 601, 608","color":"#0059a9","mode":"bus","arr":["122","138","601","608"],"angle":-67.3}},{"type":"Feature","geometry":{"type":"Point","coordinates":[20.040737,50.089295]},"properties":{"lines":"122, 138, 608","color":"#0059a9","mode":"bus","arr":["122","138","608"],"angle":-5}},{"type":"Feature","geometry":{"type":"Point","coordinates":[20.035331,50.090002]},"properties":{"lines":"122, 138, 608","color":"#0059a9","mode":"bus","arr":["122","138","608"],"angle":23.4,"extra":1}},{"type":"Feature","geometry":{"type":"Point","coordinates":[20.033241,50.075594]},"properties":{"lines":"122, 572, 601","color":"#0059a9","mode":"bus","arr":["122","572","601"],"angle":11.6}},{"type":"Feature","geometry":{"type":"Point","coordinates":[19.995455,50.095851]},"properties":{"lines":"123, 482","color":"#0059a9","mode":"bus","arr":["123","482"],"angle":-18.5}},{"type":"Feature","geometry":{"type":"Point","coordinates":[19.996789,50.095869]},"properties":{"lines":"123, 482","color":"#0059a9","mode":"bus","arr":["123","482"],"angle":-84.8}},{"type":"Feature","geometry":{"type":"Point","coordinates":[20.004753,50.09394]},"properties":{"lines":"123, 132, 139, 182, 601","color":"#0059a9","mode":"bus","arr":["123","132","139","182","601"],"angle":3.9}},{"type":"Feature","geometry":{"type":"Point","coordinates":[20.00455,50.090395]},"properties":{"lines":"123","color":"#0059a9","mode":"bus","arr":["123"],"angle":-49.5}},{"type":"Feature","geometry":{"type":"Point","coordinates":[20.001303,50.088089]},"properties":{"lines":"123","color":"#0059a9","mode":"bus","arr":["123"],"angle":-81.1}},{"type":"Feature","geometry":{"type":"Point","coordinates":[20.014695,50.088653]},"properties":{"lines":"123","color":"#0059a9","mode":"bus","arr":["123"],"angle":-63.5}},{"type":"Feature","geometry":{"type":"Point","coordinates":[20.052081,50.063548]},"properties":{"lines":"123","color":"#0059a9","mode":"bus","arr":["123"],"angle":-83.7}},{"type":"Feature","geometry":{"type":"Point","coordinates":[20.045246,50.06745]},"properties":{"lines":"123","color":"#0059a9","mode":"bus","arr":["123"],"angle":-74.4,"extra":1}},{"type":"Feature","geometry":{"type":"Point","coordinates":[20.050062,50.056951]},"properties":{"lines":"123","color":"#0059a9","mode":"bus","arr":["123"],"angle":-83.8,"extra":1}},{"type":"Feature","geometry":{"type":"Point","coordinates":[20.049541,50.048225]},"properties":{"lines":"123","color":"#0059a9","mode":"bus","arr":["123"],"angle":-67.5}},{"type":"Feature","geometry":{"type":"Point","coordinates":[20.007197,50.093701]},"properties":{"lines":"123","color":"#0059a9","mode":"bus","arr":["123"],"angle":71.5}},{"type":"Feature","geometry":{"type":"Point","coordinates":[20.002151,50.087643]},"properties":{"lines":"123, 138, 189, 511, 572, 608, 611","color":"#0059a9","mode":"bus","arr":["123","138","189","511","572","608","611"],"angle":-3.2}},{"type":"Feature","geometry":{"type":"Point","coordinates":[20.0082,50.086695]},"properties":{"lines":"123, 189, 572, 608, 611","color":"#0059a9","mode":"bus","arr":["123","189","572","608","611"],"angle":15.2}},{"type":"Feature","geometry":{"type":"Point","coordinates":[20.008279,50.086868]},"properties":{"lines":"123, 189, 572, 608, 611","color":"#0059a9","mode":"bus","arr":["123","189","572","608","611"],"angle":15.6}},{"type":"Feature","geometry":{"type":"Point","coordinates":[20.027945,50.087085]},"properties":{"lines":"123, 132, 139, 601","color":"#0059a9","mode":"bus","arr":["123","132","139","601"],"angle":77.2}},{"type":"Feature","geometry":{"type":"Point","coordinates":[20.029773,50.084033]},"properties":{"lines":"123, 132, 139, 601","color":"#0059a9","mode":"bus","arr":["123","132","139","601"],"angle":47.6,"extra":1}},{"type":"Feature","geometry":{"type":"Point","coordinates":[20.033358,50.081457]},"properties":{"lines":"123, 132, 139, 160, 601","color":"#0059a9","mode":"bus","arr":["123","132","139","160","601"],"angle":49.9}},{"type":"Feature","geometry":{"type":"Point","coordinates":[20.044211,50.080452]},"properties":{"lines":"123, 132","color":"#0059a9","mode":"bus","arr":["123","132"],"angle":34}},{"type":"Feature","geometry":{"type":"Point","coordinates":[20.037612,50.081583]},"properties":{"lines":"123, 132","color":"#0059a9","mode":"bus","arr":["123","132"],"angle":11.8,"extra":1}},{"type":"Feature","geometry":{"type":"Point","coordinates":[20.046006,50.076108]},"properties":{"lines":"123, 132","color":"#0059a9","mode":"bus","arr":["123","132"],"angle":67.7,"extra":1}},{"type":"Feature","geometry":{"type":"Point","coordinates":[20.050038,50.073324]},"properties":{"lines":"123, 601","color":"#0059a9","mode":"bus","arr":["123","601"],"angle":15.5}},{"type":"Feature","geometry":{"type":"Point","coordinates":[20.053266,50.070539]},"properties":{"lines":"123, 174, 601","color":"#0059a9","mode":"bus","arr":["123","174","601"],"angle":-79.2}},{"type":"Feature","geometry":{"type":"Point","coordinates":[20.04765,50.053609]},"properties":{"lines":"123, 149","color":"#0059a9","mode":"bus","arr":["123","149"],"angle":3.9}},{"type":"Feature","geometry":{"type":"Point","coordinates":[20.045416,50.053702]},"properties":{"lines":"123, 149","color":"#0059a9","mode":"bus","arr":["123","149"],"angle":34.3}},{"type":"Feature","geometry":{"type":"Point","coordinates":[20.034628,50.038768]},"properties":{"lines":"123, 125, 195, 264, 605","color":"#0059a9","mode":"bus","arr":["123","125","195","264","605"],"angle":-0.2}},{"type":"Feature","geometry":{"type":"Point","coordinates":[20.022804,50.037587]},"properties":{"lines":"123, 125, 158, 195, 221, 264, 605","color":"#0059a9","mode":"bus","arr":["123","125","158","195","221","264","605"],"angle":-1}},{"type":"Feature","geometry":{"type":"Point","coordinates":[20.011492,50.038427]},"properties":{"lines":"123, 125, 195, 221, 264","color":"#0059a9","mode":"bus","arr":["123","125","195","221","264"],"angle":15.1}},{"type":"Feature","geometry":{"type":"Point","coordinates":[20.00718,50.039126]},"properties":{"lines":"123, 125, 195, 221, 264","color":"#0059a9","mode":"bus","arr":["123","125","195","221","264"],"angle":10.7,"extra":1}},{"type":"Feature","geometry":{"type":"Point","coordinates":[20.011415,50.038222]},"properties":{"lines":"123, 125, 195, 221, 264","color":"#0059a9","mode":"bus","arr":["123","125","195","221","264"],"angle":15.1}},{"type":"Feature","geometry":{"type":"Point","coordinates":[20.015643,50.037785]},"properties":{"lines":"123, 125, 195, 221, 264","color":"#0059a9","mode":"bus","arr":["123","125","195","221","264"],"angle":5.1,"extra":1}},{"type":"Feature","geometry":{"type":"Point","coordinates":[20.002268,50.039391]},"properties":{"lines":"123, 125, 128, 148, 158, 195, 221, 264, 497, 605","color":"#0059a9","mode":"bus","arr":["123","125","128","148","158","195","221","264","497","605"],"angle":11}},{"type":"Feature","geometry":{"type":"Point","coordinates":[20.000874,50.040568]},"properties":{"lines":"123, 195, 221, 264","color":"#0059a9","mode":"bus","arr":["123","195","221","264"],"angle":18.7}},{"type":"Feature","geometry":{"type":"Point","coordinates":[19.981721,50.072346]},"properties":{"lines":"124, 128","color":"#0059a9","mode":"bus","arr":["124","128"],"angle":39.9}},{"type":"Feature","geometry":{"type":"Point","coordinates":[19.97868,50.077166]},"properties":{"lines":"124, 128, 424","color":"#0059a9","mode":"bus","arr":["124","128","424"],"angle":61.2}},{"type":"Feature","geometry":{"type":"Point","coordinates":[19.972841,50.080195]},"properties":{"lines":"124, 182, 189, 482, 511, 601, 611","color":"#0059a9","mode":"bus","arr":["124","182","189","482","511","601","611"],"angle":-63.4}},{"type":"Feature","geometry":{"type":"Point","coordinates":[19.959334,50.06738]},"properties":{"lines":"124, 182, 189, 424, 482, 511, 601, 611","color":"#0059a9","mode":"bus","arr":["124","182","189","424","482","511","601","611"],"angle":85.6}},{"type":"Feature","geometry":{"type":"Point","coordinates":[19.959685,50.066694]},"properties":{"lines":"124, 182, 189, 424, 482, 511, 601, 611","color":"#0059a9","mode":"bus","arr":["124","182","189","424","482","511","601","611"],"angle":66.5}},{"type":"Feature","geometry":{"type":"Point","coordinates":[19.969055,50.076718]},"properties":{"lines":"124, 182, 189, 424, 482, 511, 601, 611","color":"#0059a9","mode":"bus","arr":["124","182","189","424","482","511","601","611"],"angle":-54.9}},{"type":"Feature","geometry":{"type":"Point","coordinates":[19.962743,50.076181]},"properties":{"lines":"124, 424","color":"#0059a9","mode":"bus","arr":["124","424"],"angle":-26.1}},{"type":"Feature","geometry":{"type":"Point","coordinates":[19.958897,50.073086]},"properties":{"lines":"124, 424","color":"#0059a9","mode":"bus","arr":["124","424"],"angle":85.8}},{"type":"Feature","geometry":{"type":"Point","coordinates":[19.95924,50.070241]},"properties":{"lines":"124, 424","color":"#0059a9","mode":"bus","arr":["124","424"],"angle":85.6,"extra":1}},{"type":"Feature","geometry":{"type":"Point","coordinates":[19.975962,50.081384]},"properties":{"lines":"124, 424","color":"#0059a9","mode":"bus","arr":["124","424"],"angle":-4.4}},{"type":"Feature","geometry":{"type":"Point","coordinates":[19.983635,50.07777]},"properties":{"lines":"124, 424","color":"#0059a9","mode":"bus","arr":["124","424"],"angle":63.5}},{"type":"Feature","geometry":{"type":"Point","coordinates":[19.958464,50.066669]},"properties":{"lines":"124, 424, 601, 611","color":"#0059a9","mode":"bus","arr":["124","424","601","611"],"angle":-37.1}},{"type":"Feature","geometry":{"type":"Point","coordinates":[19.93324,50.067455]},"properties":{"lines":"124, 424, 601, 611, 664, 704, 902","color":"#0059a9","mode":"bus","arr":["124","424","601","611","664","704","902"],"angle":-12}},{"type":"Feature","geometry":{"type":"Point","coordinates":[19.93578,50.06988]},"properties":{"lines":"124, 424, 601, 611, 664, 902","color":"#0059a9","mode":"bus","arr":["124","424","601","611","664","902"],"angle":53.2}},{"type":"Feature","geometry":{"type":"Point","coordinates":[19.932054,50.07223]},"properties":{"lines":"124, 424, 601, 611, 664, 902","color":"#0059a9","mode":"bus","arr":["124","424","601","611","664","902"],"angle":39.5,"extra":1}},{"type":"Feature","geometry":{"type":"Point","coordinates":[19.929179,50.071586]},"properties":{"lines":"124, 139, 169, 179, 192, 199, 301, 304, 307, 424, 469, 503 +8","color":"#0059a9","mode":"bus","arr":["124","139","169","179","192","199","301","304","307","424","469","503","511","513","601","608","611","664","704","902"],"angle":-38.7}},{"type":"Feature","geometry":{"type":"Point","coordinates":[19.926738,50.069886]},"properties":{"lines":"124, 139, 169, 179, 192, 199, 301, 304, 307, 424, 469, 503 +9","color":"#0059a9","mode":"bus","arr":["124","139","169","179","192","199","301","304","307","424","469","503","511","513","601","608","611","664","704","708","902"],"angle":-67.3}},{"type":"Feature","geometry":{"type":"Point","coordinates":[19.925772,50.068504]},"properties":{"lines":"124, 139, 169, 179, 192, 199, 301, 304, 307, 424, 469, 503 +9","color":"#0059a9","mode":"bus","arr":["124","139","169","179","192","199","301","304","307","424","469","503","511","513","601","608","611","664","704","708","902"],"angle":-64.9}},{"type":"Feature","geometry":{"type":"Point","coordinates":[19.924758,50.066891]},"properties":{"lines":"124, 139, 169, 179, 192, 199, 301, 304, 307, 424, 469, 503 +7","color":"#0059a9","mode":"bus","arr":["124","139","169","179","192","199","301","304","307","424","469","503","511","513","601","608","611","708","902"],"angle":-72.5}},{"type":"Feature","geometry":{"type":"Point","coordinates":[19.923244,50.062386]},"properties":{"lines":"124, 144, 164, 169, 173, 179, 192, 194, 301, 304, 307, 310 +9","color":"#0059a9","mode":"bus","arr":["124","144","164","169","173","179","192","194","301","304","307","310","424","469","494","503","513","608","708","902","LR0"],"angle":82.9}},{"type":"Feature","geometry":{"type":"Point","coordinates":[19.925243,50.058724]},"properties":{"lines":"124, 134, 144, 164, 169, 173, 179, 194, 300, 301, 304, 307 +9","color":"#0059a9","mode":"bus","arr":["124","134","144","164","169","173","179","194","300","301","304","307","310","424","469","494","503","513","608","708","LR0"],"angle":65.7}},{"type":"Feature","geometry":{"type":"Point","coordinates":[19.926512,50.056677]},"properties":{"lines":"124, 144, 164, 169, 173, 179, 194, 300, 301, 304, 310, 424 +7","color":"#0059a9","mode":"bus","arr":["124","144","164","169","173","179","194","300","301","304","310","424","469","494","503","513","608","708","LR0"],"angle":71.2}},{"type":"Feature","geometry":{"type":"Point","coordinates":[19.930032,50.051847]},"properties":{"lines":"124, 144, 164, 169, 173, 179, 194, 300, 301, 304, 424, 469 +6","color":"#0059a9","mode":"bus","arr":["124","144","164","169","173","179","194","300","301","304","424","469","494","503","513","608","708","LR0"],"angle":63.4}},{"type":"Feature","geometry":{"type":"Point","coordinates":[19.928416,50.054059]},"properties":{"lines":"124, 144, 164, 169, 173, 179, 194, 300, 301, 304, 424, 469 +7","color":"#0059a9","mode":"bus","arr":["124","144","164","169","173","179","194","300","301","304","424","469","494","503","513","608","609","708","LR0"],"angle":63.5}},{"type":"Feature","geometry":{"type":"Point","coordinates":[19.93133,50.049909]},"properties":{"lines":"124, 144, 164, 169, 173, 179, 194, 300, 301, 424, 469, 494 +5","color":"#0059a9","mode":"bus","arr":["124","144","164","169","173","179","194","300","301","424","469","494","503","513","608","708","LR0"],"angle":77.5}},{"type":"Feature","geometry":{"type":"Point","coordinates":[19.933141,50.046164]},"properties":{"lines":"124, 219, 300, 424, 708, LR0","color":"#0059a9","mode":"bus","arr":["124","219","300","424","708","LR0"],"angle":83}},{"type":"Feature","geometry":{"type":"Point","coordinates":[19.931833,50.050054]},"properties":{"lines":"124, 144, 164, 169, 173, 179, 194, 300, 301, 304, 424, 494 +5","color":"#0059a9","mode":"bus","arr":["124","144","164","169","173","179","194","300","301","304","424","494","503","513","608","708","LR0"],"angle":58}},{"type":"Feature","geometry":{"type":"Point","coordinates":[19.930143,50.051877]},"properties":{"lines":"124, 144, 164, 169, 173, 179, 194, 300, 301, 304, 424, 494 +6","color":"#0059a9","mode":"bus","arr":["124","144","164","169","173","179","194","300","301","304","424","494","503","513","608","609","708","LR0"],"angle":63.1}},{"type":"Feature","geometry":{"type":"Point","coordinates":[19.926577,50.057278]},"properties":{"lines":"124, 144, 164, 169, 173, 179, 194, 300, 301, 304, 310, 424 +6","color":"#0059a9","mode":"bus","arr":["124","144","164","169","173","179","194","300","301","304","310","424","494","503","513","608","708","LR0"],"angle":72.3}},{"type":"Feature","geometry":{"type":"Point","coordinates":[19.923765,50.062183]},"properties":{"lines":"124, 144, 164, 169, 173, 179, 192, 194, 301, 304, 307, 310 +8","color":"#0059a9","mode":"bus","arr":["124","144","164","169","173","179","192","194","301","304","307","310","424","494","503","513","608","708","902","LR0"],"angle":77.8}},{"type":"Feature","geometry":{"type":"Point","coordinates":[19.924673,50.065446]},"properties":{"lines":"124, 169, 179, 192, 301, 304, 307, 424, 503, 513, 608, 708, 902","color":"#0059a9","mode":"bus","arr":["124","169","179","192","301","304","307","424","503","513","608","708","902"],"angle":-76.6}},{"type":"Feature","geometry":{"type":"Point","coordinates":[19.925193,50.066706]},"properties":{"lines":"124, 139, 169, 179, 192, 199, 301, 304, 307, 424, 503, 511 +6","color":"#0059a9","mode":"bus","arr":["124","139","169","179","192","199","301","304","307","424","503","511","513","601","608","611","708","902"],"angle":-74.6}},{"type":"Feature","geometry":{"type":"Point","coordinates":[19.926145,50.068305]},"properties":{"lines":"124, 139, 169, 179, 192, 199, 301, 304, 307, 424, 503, 511 +8","color":"#0059a9","mode":"bus","arr":["124","139","169","179","192","199","301","304","307","424","503","511","513","601","608","611","664","704","708","902"],"angle":-67.4}},{"type":"Feature","geometry":{"type":"Point","coordinates":[19.959996,50.065461]},"properties":{"lines":"124, 182, 189, 424, 482, 511, 601, 611, 664","color":"#0059a9","mode":"bus","arr":["124","182","189","424","482","511","601","611","664"],"angle":-33.7}},{"type":"Feature","geometry":{"type":"Point","coordinates":[20.050984,50.021647]},"properties":{"lines":"125, 195, 605","color":"#0059a9","mode":"bus","arr":["125","195","605"],"angle":56.4}},{"type":"Feature","geometry":{"type":"Point","coordinates":[20.042295,50.035316]},"properties":{"lines":"125, 195, 605","color":"#0059a9","mode":"bus","arr":["125","195","605"],"angle":-86.6}},{"type":"Feature","geometry":{"type":"Point","coordinates":[20.051563,50.027178]},"properties":{"lines":"125, 605","color":"#0059a9","mode":"bus","arr":["125","605"],"angle":-87.1}},{"type":"Feature","geometry":{"type":"Point","coordinates":[20.047021,50.033102]},"properties":{"lines":"125, 605","color":"#0059a9","mode":"bus","arr":["125","605"],"angle":3.9}},{"type":"Feature","geometry":{"type":"Point","coordinates":[19.98354,50.042976]},"properties":{"lines":"125, 605","color":"#0059a9","mode":"bus","arr":["125","605"],"angle":-84.6}},{"type":"Feature","geometry":{"type":"Point","coordinates":[19.984203,50.040847]},"properties":{"lines":"125","color":"#0059a9","mode":"bus","arr":["125"],"angle":3.8}},{"type":"Feature","geometry":{"type":"Point","coordinates":[19.970505,50.06119]},"properties":{"lines":"125","color":"#0059a9","mode":"bus","arr":["125"],"angle":81.7}},{"type":"Feature","geometry":{"type":"Point","coordinates":[19.969916,50.064252]},"properties":{"lines":"125","color":"#0059a9","mode":"bus","arr":["125"],"angle":86.3}},{"type":"Feature","geometry":{"type":"Point","coordinates":[19.969553,50.060509]},"properties":{"lines":"125","color":"#0059a9","mode":"bus","arr":["125"],"angle":-86.4}},{"type":"Feature","geometry":{"type":"Point","coordinates":[19.983503,50.04669]},"properties":{"lines":"125, 128, 158","color":"#0059a9","mode":"bus","arr":["125","128","158"],"angle":86.8}},{"type":"Feature","geometry":{"type":"Point","coordinates":[19.982749,50.048138]},"properties":{"lines":"125, 128, 158","color":"#0059a9","mode":"bus","arr":["125","128","158"],"angle":77.7}},{"type":"Feature","geometry":{"type":"Point","coordinates":[19.980929,50.049681]},"properties":{"lines":"125, 128","color":"#0059a9","mode":"bus","arr":["125","128"],"angle":47.6}},{"type":"Feature","geometry":{"type":"Point","coordinates":[19.976802,50.053906]},"properties":{"lines":"125, 128","color":"#0059a9","mode":"bus","arr":["125","128"],"angle":60.5}},{"type":"Feature","geometry":{"type":"Point","coordinates":[19.975177,50.057152]},"properties":{"lines":"125, 128","color":"#0059a9","mode":"bus","arr":["125","128"],"angle":84.8,"extra":1}},{"type":"Feature","geometry":{"type":"Point","coordinates":[19.95194,50.066548]},"properties":{"lines":"125, 608, 609, 669, 902","color":"#0059a9","mode":"bus","arr":["125","608","609","669","902"],"angle":-81.3}},{"type":"Feature","geometry":{"type":"Point","coordinates":[19.951138,50.068482]},"properties":{"lines":"125, 182, 189, 482, 511","color":"#0059a9","mode":"bus","arr":["125","182","189","482","511"],"angle":33.3}},{"type":"Feature","geometry":{"type":"Point","coordinates":[19.949064,50.068755]},"properties":{"lines":"125, 182, 189, 192, 317, 482, 609, 902","color":"#0059a9","mode":"bus","arr":["125","182","189","192","317","482","609","902"],"angle":-52.3}},{"type":"Feature","geometry":{"type":"Point","coordinates":[19.916054,50.044357]},"properties":{"lines":"126, 219","color":"#0059a9","mode":"bus","arr":["126","219"],"angle":-4.8}},{"type":"Feature","geometry":{"type":"Point","coordinates":[19.921216,50.045382]},"properties":{"lines":"126, 219","color":"#0059a9","mode":"bus","arr":["126","219"],"angle":-19.1,"extra":1}},{"type":"Feature","geometry":{"type":"Point","coordinates":[19.908156,50.048326]},"properties":{"lines":"126, 219, 712","color":"#0059a9","mode":"bus","arr":["126","219","712"],"angle":22.6}},{"type":"Feature","geometry":{"type":"Point","coordinates":[19.907824,50.048329]},"properties":{"lines":"126, 219, 712","color":"#0059a9","mode":"bus","arr":["126","219","712"],"angle":22.9}},{"type":"Feature","geometry":{"type":"Point","coordinates":[19.887985,50.047508]},"properties":{"lines":"126, 209, 219, 229, 239, 249, 259, 269, 279, 609, 712","color":"#0059a9","mode":"bus","arr":["126","209","219","229","239","249","259","269","279","609","712"],"angle":-3.4}},{"type":"Feature","geometry":{"type":"Point","coordinates":[19.900375,50.048609]},"properties":{"lines":"126, 209, 219, 229, 239, 249, 259, 269, 279, 609, 712","color":"#0059a9","mode":"bus","arr":["126","209","219","229","239","249","259","269","279","609","712"],"angle":-14.1,"extra":1}},{"type":"Feature","geometry":{"type":"Point","coordinates":[19.892798,50.047776]},"properties":{"lines":"126, 209, 219, 229, 239, 249, 259, 269, 279, 609, 712","color":"#0059a9","mode":"bus","arr":["126","209","219","229","239","249","259","269","279","609","712"],"angle":-3.7,"extra":1}},{"type":"Feature","geometry":{"type":"Point","coordinates":[19.877962,50.046111]},"properties":{"lines":"126, 209, 219, 229, 239, 249, 259, 269, 279, 609, 712","color":"#0059a9","mode":"bus","arr":["126","209","219","229","239","249","259","269","279","609","712"],"angle":1.5,"extra":1}},{"type":"Feature","geometry":{"type":"Point","coordinates":[19.872928,50.053524]},"properties":{"lines":"126","color":"#0059a9","mode":"bus","arr":["126"],"angle":-86.4}},{"type":"Feature","geometry":{"type":"Point","coordinates":[19.870713,50.059175]},"properties":{"lines":"126","color":"#0059a9","mode":"bus","arr":["126"],"angle":-79.5,"extra":1}},{"type":"Feature","geometry":{"type":"Point","coordinates":[19.871176,50.050571]},"properties":{"lines":"126","color":"#0059a9","mode":"bus","arr":["126"],"angle":78.6,"extra":1}},{"type":"Feature","geometry":{"type":"Point","coordinates":[19.874053,50.062856]},"properties":{"lines":"126, 134","color":"#0059a9","mode":"bus","arr":["126","134"],"angle":-59.5}},{"type":"Feature","geometry":{"type":"Point","coordinates":[19.872993,50.046161]},"properties":{"lines":"126, 209, 219, 229, 239, 249, 259, 269, 279, 609","color":"#0059a9","mode":"bus","arr":["126","209","219","229","239","249","259","269","279","609"],"angle":-10}},{"type":"Feature","geometry":{"type":"Point","coordinates":[19.963755,50.042469]},"properties":{"lines":"127, 155, 158, 427, 497","color":"#0059a9","mode":"bus","arr":["127","155","158","427","497"],"angle":0.8}},{"type":"Feature","geometry":{"type":"Point","coordinates":[19.963397,50.042026]},"properties":{"lines":"127, 155, 158, 427, 497","color":"#0059a9","mode":"bus","arr":["127","155","158","427","497"],"angle":-10}},{"type":"Feature","geometry":{"type":"Point","coordinates":[19.963957,50.042034]},"properties":{"lines":"127, 155, 158, 427, 497","color":"#0059a9","mode":"bus","arr":["127","155","158","427","497"],"angle":-13.6}},{"type":"Feature","geometry":{"type":"Point","coordinates":[19.946157,49.997256]},"properties":{"lines":"155","color":"#0059a9","mode":"bus","arr":["155"],"angle":73.9}},{"type":"Feature","geometry":{"type":"Point","coordinates":[19.939678,50.000339]},"properties":{"lines":"155","color":"#0059a9","mode":"bus","arr":["155"],"angle":-55.9}},{"type":"Feature","geometry":{"type":"Point","coordinates":[19.943511,50.004963]},"properties":{"lines":"155","color":"#0059a9","mode":"bus","arr":["155"],"angle":-52.6,"extra":1}},{"type":"Feature","geometry":{"type":"Point","coordinates":[19.963435,50.04253]},"properties":{"lines":"127, 155, 158, 174, 427, 463, 497","color":"#0059a9","mode":"bus","arr":["127","155","158","174","427","463","497"],"angle":-12.1}},{"type":"Feature","geometry":{"type":"Point","coordinates":[19.965848,50.042631]},"properties":{"lines":"127, 158, 174, 427, 463, 497","color":"#0059a9","mode":"bus","arr":["127","158","174","427","463","497"],"angle":-36.2}},{"type":"Feature","geometry":{"type":"Point","coordinates":[19.970889,50.044496]},"properties":{"lines":"127, 158, 174, 427, 497","color":"#0059a9","mode":"bus","arr":["127","158","174","427","497"],"angle":-28.6}},{"type":"Feature","geometry":{"type":"Point","coordinates":[19.973948,50.045135]},"properties":{"lines":"127, 158, 174","color":"#0059a9","mode":"bus","arr":["127","158","174"],"angle":-29.3}},{"type":"Feature","geometry":{"type":"Point","coordinates":[19.977694,50.044789]},"properties":{"lines":"127","color":"#0059a9","mode":"bus","arr":["127"],"angle":-21.2}},{"type":"Feature","geometry":{"type":"Point","coordinates":[19.988929,50.046121]},"properties":{"lines":"127","color":"#0059a9","mode":"bus","arr":["127"],"angle":9.8}},{"type":"Feature","geometry":{"type":"Point","coordinates":[19.993186,50.04344]},"properties":{"lines":"127, 148","color":"#0059a9","mode":"bus","arr":["127","148"],"angle":-88.3}},{"type":"Feature","geometry":{"type":"Point","coordinates":[19.991619,50.041126]},"properties":{"lines":"127, 128, 148, 158, 605","color":"#0059a9","mode":"bus","arr":["127","128","148","158","605"],"angle":86.8}},{"type":"Feature","geometry":{"type":"Point","coordinates":[19.997133,50.038544]},"properties":{"lines":"127, 427","color":"#0059a9","mode":"bus","arr":["127","427"],"angle":64.2}},{"type":"Feature","geometry":{"type":"Point","coordinates":[19.993915,50.03689]},"properties":{"lines":"127, 427","color":"#0059a9","mode":"bus","arr":["127","427"],"angle":-3.4}},{"type":"Feature","geometry":{"type":"Point","coordinates":[19.99172,50.041038]},"properties":{"lines":"127, 128, 148, 158, 427, 605","color":"#0059a9","mode":"bus","arr":["127","128","148","158","427","605"],"angle":85.1}},{"type":"Feature","geometry":{"type":"Point","coordinates":[20.008392,50.035736]},"properties":{"lines":"128, 148, 158, 605","color":"#0059a9","mode":"bus","arr":["128","148","158","605"],"angle":28.7}},{"type":"Feature","geometry":{"type":"Point","coordinates":[20.004098,50.037658]},"properties":{"lines":"128, 148, 158, 497, 605","color":"#0059a9","mode":"bus","arr":["128","148","158","497","605"],"angle":-83.1}},{"type":"Feature","geometry":{"type":"Point","coordinates":[20.004238,50.038209]},"properties":{"lines":"128, 148, 158, 497, 605","color":"#0059a9","mode":"bus","arr":["128","148","158","497","605"],"angle":-69.6}},{"type":"Feature","geometry":{"type":"Point","coordinates":[19.987881,50.043588]},"properties":{"lines":"128, 158, 605","color":"#0059a9","mode":"bus","arr":["128","158","605"],"angle":32.6}},{"type":"Feature","geometry":{"type":"Point","coordinates":[19.988423,50.068473]},"properties":{"lines":"128","color":"#0059a9","mode":"bus","arr":["128"],"angle":63.2}},{"type":"Feature","geometry":{"type":"Point","coordinates":[19.985213,50.070449]},"properties":{"lines":"128","color":"#0059a9","mode":"bus","arr":["128"],"angle":40.2,"extra":1}},{"type":"Feature","geometry":{"type":"Point","coordinates":[19.988939,50.065291]},"properties":{"lines":"128","color":"#0059a9","mode":"bus","arr":["128"],"angle":80.7,"extra":1}},{"type":"Feature","geometry":{"type":"Point","coordinates":[19.973919,50.089319]},"properties":{"lines":"128","color":"#0059a9","mode":"bus","arr":["128"],"angle":42.5}},{"type":"Feature","geometry":{"type":"Point","coordinates":[19.96203,50.092466]},"properties":{"lines":"128","color":"#0059a9","mode":"bus","arr":["128"],"angle":-41.4}},{"type":"Feature","geometry":{"type":"Point","coordinates":[19.972027,50.060086]},"properties":{"lines":"128","color":"#0059a9","mode":"bus","arr":["128"],"angle":-66.8}},{"type":"Feature","geometry":{"type":"Point","coordinates":[19.982086,50.071999]},"properties":{"lines":"128, 424","color":"#0059a9","mode":"bus","arr":["128","424"],"angle":40.4}},{"type":"Feature","geometry":{"type":"Point","coordinates":[19.972214,50.082049]},"properties":{"lines":"128, 182, 189, 482, 511, 601, 611","color":"#0059a9","mode":"bus","arr":["128","182","189","482","511","601","611"],"angle":55.3}},{"type":"Feature","geometry":{"type":"Point","coordinates":[19.970338,50.083878]},"properties":{"lines":"128, 182, 189, 482, 511, 601, 608, 611","color":"#0059a9","mode":"bus","arr":["128","182","189","482","511","601","608","611"],"angle":82}},{"type":"Feature","geometry":{"type":"Point","coordinates":[19.96736,50.085213]},"properties":{"lines":"138","color":"#0059a9","mode":"bus","arr":["138"],"angle":-5.1}},{"type":"Feature","geometry":{"type":"Point","coordinates":[19.972464,50.087087]},"properties":{"lines":"128, 138, 182, 189, 482, 601, 611","color":"#0059a9","mode":"bus","arr":["128","138","182","189","482","601","611"],"angle":-70.9}},{"type":"Feature","geometry":{"type":"Point","coordinates":[19.972535,50.086993]},"properties":{"lines":"138, 182, 189, 482, 601, 611","color":"#0059a9","mode":"bus","arr":["138","182","189","482","601","611"],"angle":-70.6}},{"type":"Feature","geometry":{"type":"Point","coordinates":[19.974434,50.091995]},"properties":{"lines":"128, 250, 260, 270","color":"#0059a9","mode":"bus","arr":["128","250","260","270"],"angle":-62.1}},{"type":"Feature","geometry":{"type":"Point","coordinates":[19.96068,50.0929]},"properties":{"lines":"128, 137, 307, 317, 503","color":"#0059a9","mode":"bus","arr":["128","137","307","317","503"],"angle":-79.4}},{"type":"Feature","geometry":{"type":"Point","coordinates":[19.961648,50.095743]},"properties":{"lines":"128, 137, 169, 307, 317, 503","color":"#0059a9","mode":"bus","arr":["128","137","169","307","317","503"],"angle":-79}},{"type":"Feature","geometry":{"type":"Point","coordinates":[19.962978,50.099761]},"properties":{"lines":"128, 137, 169, 307, 503, 669","color":"#0059a9","mode":"bus","arr":["128","137","169","307","503","669"],"angle":-80.2}},{"type":"Feature","geometry":{"type":"Point","coordinates":[19.957459,50.102689]},"properties":{"lines":"128, 669","color":"#0059a9","mode":"bus","arr":["128","669"],"angle":-76.4}},{"type":"Feature","geometry":{"type":"Point","coordinates":[19.959429,50.105212]},"properties":{"lines":"128, 669","color":"#0059a9","mode":"bus","arr":["128","669"],"angle":-33.4,"extra":1}},{"type":"Feature","geometry":{"type":"Point","coordinates":[19.962539,50.10558]},"properties":{"lines":"128, 669","color":"#0059a9","mode":"bus","arr":["128","669"],"angle":-88.3}},{"type":"Feature","geometry":{"type":"Point","coordinates":[19.962907,50.105312]},"properties":{"lines":"128, 169, 469, 503, 669","color":"#0059a9","mode":"bus","arr":["128","169","469","503","669"],"angle":11.6}},{"type":"Feature","geometry":{"type":"Point","coordinates":[19.962774,50.104277]},"properties":{"lines":"128, 169, 503, 669","color":"#0059a9","mode":"bus","arr":["128","169","503","669"],"angle":27.8}},{"type":"Feature","geometry":{"type":"Point","coordinates":[19.962867,50.099772]},"properties":{"lines":"128, 307, 669","color":"#0059a9","mode":"bus","arr":["128","307","669"],"angle":-80.1}},{"type":"Feature","geometry":{"type":"Point","coordinates":[19.961553,50.095809]},"properties":{"lines":"128, 137, 169, 307, 317, 469, 503","color":"#0059a9","mode":"bus","arr":["128","137","169","307","317","469","503"],"angle":-78.9}},{"type":"Feature","geometry":{"type":"Point","coordinates":[19.94443,50.067279]},"properties":{"lines":"130, 179, 304","color":"#0059a9","mode":"bus","arr":["130","179","304"],"angle":-0.2}},{"type":"Feature","geometry":{"type":"Point","coordinates":[19.944267,50.073743]},"properties":{"lines":"130, 179, 189, 192, 304, 511, 669, 704, 904","color":"#0059a9","mode":"bus","arr":["130","179","189","192","304","511","669","704","904"],"angle":50.9}},{"type":"Feature","geometry":{"type":"Point","coordinates":[19.939368,50.073591]},"properties":{"lines":"130, 139, 169, 179, 189, 192, 199, 304, 307, 469, 503, 511 +3","color":"#0059a9","mode":"bus","arr":["130","139","169","179","189","192","199","304","307","469","503","511","669","704","904"],"angle":12.6}},{"type":"Feature","geometry":{"type":"Point","coordinates":[19.936198,50.074217]},"properties":{"lines":"130, 189, 669, 904","color":"#0059a9","mode":"bus","arr":["130","189","669","904"],"angle":56.9}},{"type":"Feature","geometry":{"type":"Point","coordinates":[19.935703,50.074246]},"properties":{"lines":"130, 189, 301, 513, 669, 904","color":"#0059a9","mode":"bus","arr":["130","189","301","513","669","904"],"angle":86.8}},{"type":"Feature","geometry":{"type":"Point","coordinates":[19.926905,50.076944]},"properties":{"lines":"130, 904","color":"#0059a9","mode":"bus","arr":["130","904"],"angle":33}},{"type":"Feature","geometry":{"type":"Point","coordinates":[19.932022,50.075378]},"properties":{"lines":"130, 904","color":"#0059a9","mode":"bus","arr":["130","904"],"angle":16.4,"extra":1}},{"type":"Feature","geometry":{"type":"Point","coordinates":[19.916323,50.084968]},"properties":{"lines":"130, 144, 194, 494","color":"#0059a9","mode":"bus","arr":["130","144","194","494"],"angle":-77.4}},{"type":"Feature","geometry":{"type":"Point","coordinates":[19.913582,50.088001]},"properties":{"lines":"130, 138, 168, 494, 904","color":"#0059a9","mode":"bus","arr":["130","138","168","494","904"],"angle":13.5}},{"type":"Feature","geometry":{"type":"Point","coordinates":[19.909973,50.08831]},"properties":{"lines":"130, 138, 168, 494, 904","color":"#0059a9","mode":"bus","arr":["130","138","168","494","904"],"angle":14.9}},{"type":"Feature","geometry":{"type":"Point","coordinates":[19.909348,50.087339]},"properties":{"lines":"130, 138, 140, 168, 173, 494, 904","color":"#0059a9","mode":"bus","arr":["130","138","140","168","173","494","904"],"angle":-89.7}},{"type":"Feature","geometry":{"type":"Point","coordinates":[19.909449,50.087382]},"properties":{"lines":"130, 138, 168, 173, 494, 904","color":"#0059a9","mode":"bus","arr":["130","138","168","173","494","904"],"angle":88}},{"type":"Feature","geometry":{"type":"Point","coordinates":[19.938938,50.073532]},"properties":{"lines":"130, 139, 169, 179, 189, 192, 199, 304, 307, 503, 511, 669, 904","color":"#0059a9","mode":"bus","arr":["130","139","169","179","189","192","199","304","307","503","511","669","904"],"angle":12.5}},{"type":"Feature","geometry":{"type":"Point","coordinates":[19.943368,50.072912]},"properties":{"lines":"130, 179, 189, 192, 304, 511, 669, 904","color":"#0059a9","mode":"bus","arr":["130","179","189","192","304","511","669","904"],"angle":4.5}},{"type":"Feature","geometry":{"type":"Point","coordinates":[19.942901,50.067772]},"properties":{"lines":"130, 179, 304, 610, 904","color":"#0059a9","mode":"bus","arr":["130","179","304","610","904"],"angle":-72.5}},{"type":"Feature","geometry":{"type":"Point","coordinates":[20.066527,50.078487]},"properties":{"lines":"132, 138, 139, 174, 242, 272","color":"#0059a9","mode":"bus","arr":["132","138","139","174","242","272"],"angle":86.7}},{"type":"Feature","geometry":{"type":"Point","coordinates":[20.039916,50.080068]},"properties":{"lines":"132","color":"#0059a9","mode":"bus","arr":["132"],"angle":-78.3}},{"type":"Feature","geometry":{"type":"Point","coordinates":[20.036491,50.079318]},"properties":{"lines":"132, 139, 160, 601","color":"#0059a9","mode":"bus","arr":["132","139","160","601"],"angle":14.1}},{"type":"Feature","geometry":{"type":"Point","coordinates":[19.987904,50.092253]},"properties":{"lines":"132, 139, 182, 482, 601","color":"#0059a9","mode":"bus","arr":["132","139","182","482","601"],"angle":-3.3}},{"type":"Feature","geometry":{"type":"Point","coordinates":[19.988108,50.090584]},"properties":{"lines":"132, 139, 182, 482, 601","color":"#0059a9","mode":"bus","arr":["132","139","182","482","601"],"angle":80.3}},{"type":"Feature","geometry":{"type":"Point","coordinates":[19.992995,50.09548]},"properties":{"lines":"132, 139, 182, 482, 601","color":"#0059a9","mode":"bus","arr":["132","139","182","482","601"],"angle":-0.1}},{"type":"Feature","geometry":{"type":"Point","coordinates":[19.981349,50.090024]},"properties":{"lines":"132, 138, 139, 182, 189, 482, 601, 611","color":"#0059a9","mode":"bus","arr":["132","138","139","182","189","482","601","611"],"angle":-11.1}},{"type":"Feature","geometry":{"type":"Point","coordinates":[19.985608,50.089891]},"properties":{"lines":"132, 138, 139, 182, 189, 482, 601, 611","color":"#0059a9","mode":"bus","arr":["132","138","139","182","189","482","601","611"],"angle":21,"extra":1}},{"type":"Feature","geometry":{"type":"Point","coordinates":[19.974861,50.089257]},"properties":{"lines":"132, 138, 139, 182, 189, 482, 601, 611","color":"#0059a9","mode":"bus","arr":["132","138","139","182","189","482","601","611"],"angle":-7.8}},{"type":"Feature","geometry":{"type":"Point","coordinates":[19.969317,50.088644]},"properties":{"lines":"132, 139","color":"#0059a9","mode":"bus","arr":["132","139"],"angle":-7.5}},{"type":"Feature","geometry":{"type":"Point","coordinates":[20.065629,50.078372]},"properties":{"lines":"132, 139, 174","color":"#0059a9","mode":"bus","arr":["132","139","174"],"angle":82.4}},{"type":"Feature","geometry":{"type":"Point","coordinates":[19.862423,50.059048]},"properties":{"lines":"134, 434","color":"#0059a9","mode":"bus","arr":["134","434"],"angle":-46.2}},{"type":"Feature","geometry":{"type":"Point","coordinates":[19.85508,50.056605]},"properties":{"lines":"134, 434","color":"#0059a9","mode":"bus","arr":["134","434"],"angle":28.2,"extra":1}},{"type":"Feature","geometry":{"type":"Point","coordinates":[19.868235,50.059183]},"properties":{"lines":"134","color":"#0059a9","mode":"bus","arr":["134"],"angle":-8.3}},{"type":"Feature","geometry":{"type":"Point","coordinates":[19.924394,50.059219]},"properties":{"lines":"134, 192, 300, 307, 902","color":"#0059a9","mode":"bus","arr":["134","192","300","307","902"],"angle":-14.1}},{"type":"Feature","geometry":{"type":"Point","coordinates":[19.923575,50.057434]},"properties":{"lines":"134, 307","color":"#0059a9","mode":"bus","arr":["134","307"],"angle":-30.3}},{"type":"Feature","geometry":{"type":"Point","coordinates":[19.963097,50.105525]},"properties":{"lines":"169, 469, 503","color":"#0059a9","mode":"bus","arr":["169","469","503"],"angle":10.7}},{"type":"Feature","geometry":{"type":"Point","coordinates":[19.964563,50.097385]},"properties":{"lines":"137, 169, 469, 503","color":"#0059a9","mode":"bus","arr":["137","169","469","503"],"angle":-87.9}},{"type":"Feature","geometry":{"type":"Point","coordinates":[19.959308,50.090518]},"properties":{"lines":"137, 307, 317, 503","color":"#0059a9","mode":"bus","arr":["137","307","317","503"],"angle":-59.1}},{"type":"Feature","geometry":{"type":"Point","coordinates":[19.952857,50.086658]},"properties":{"lines":"137, 138, 169","color":"#0059a9","mode":"bus","arr":["137","138","169"],"angle":16.1}},{"type":"Feature","geometry":{"type":"Point","coordinates":[19.94706,50.088304]},"properties":{"lines":"137, 138, 169, 572","color":"#0059a9","mode":"bus","arr":["137","138","169","572"],"angle":36.3}},{"type":"Feature","geometry":{"type":"Point","coordinates":[19.941677,50.090993]},"properties":{"lines":"137, 138, 207, 572","color":"#0059a9","mode":"bus","arr":["137","138","207","572"],"angle":29.7}},{"type":"Feature","geometry":{"type":"Point","coordinates":[19.938991,50.09015]},"properties":{"lines":"137, 138, 207","color":"#0059a9","mode":"bus","arr":["137","138","207"],"angle":-82.7}},{"type":"Feature","geometry":{"type":"Point","coordinates":[19.936003,50.089095]},"properties":{"lines":"137, 138, 207, 513","color":"#0059a9","mode":"bus","arr":["137","138","207","513"],"angle":1.4}},{"type":"Feature","geometry":{"type":"Point","coordinates":[19.948535,50.087545]},"properties":{"lines":"137, 138, 169, 469, 572","color":"#0059a9","mode":"bus","arr":["137","138","169","469","572"],"angle":24.9}},{"type":"Feature","geometry":{"type":"Point","coordinates":[19.953314,50.0863]},"properties":{"lines":"137, 138, 169, 469, 572","color":"#0059a9","mode":"bus","arr":["137","138","169","469","572"],"angle":18.7,"extra":1}},{"type":"Feature","geometry":{"type":"Point","coordinates":[20.066014,50.080231]},"properties":{"lines":"138, 242, 272, 601","color":"#0059a9","mode":"bus","arr":["138","242","272","601"],"angle":-71.6}},{"type":"Feature","geometry":{"type":"Point","coordinates":[20.064436,50.088029]},"properties":{"lines":"138, 601","color":"#0059a9","mode":"bus","arr":["138","601"],"angle":-5.4}},{"type":"Feature","geometry":{"type":"Point","coordinates":[20.05995,50.088065]},"properties":{"lines":"138, 601","color":"#0059a9","mode":"bus","arr":["138","601"],"angle":22.1}},{"type":"Feature","geometry":{"type":"Point","coordinates":[20.055579,50.08985]},"properties":{"lines":"138, 160","color":"#0059a9","mode":"bus","arr":["138","160"],"angle":16.9}},{"type":"Feature","geometry":{"type":"Point","coordinates":[20.053801,50.08962]},"properties":{"lines":"138, 160","color":"#0059a9","mode":"bus","arr":["138","160"],"angle":25.1}},{"type":"Feature","geometry":{"type":"Point","coordinates":[20.052452,50.088251]},"properties":{"lines":"138, 160","color":"#0059a9","mode":"bus","arr":["138","160"],"angle":-29.1}},{"type":"Feature","geometry":{"type":"Point","coordinates":[20.053371,50.088325]},"properties":{"lines":"149, 202, 212, 222, 232, 262","color":"#0059a9","mode":"bus","arr":["149","202","212","222","232","262"],"angle":-26}},{"type":"Feature","geometry":{"type":"Point","coordinates":[20.049292,50.087297]},"properties":{"lines":"138, 149, 160, 202, 212, 222, 232, 262","color":"#0059a9","mode":"bus","arr":["138","149","160","202","212","222","232","262"],"angle":-9.2}},{"type":"Feature","geometry":{"type":"Point","coordinates":[20.025633,50.093659]},"properties":{"lines":"138, 182, 511","color":"#0059a9","mode":"bus","arr":["138","182","511"],"angle":24.5}},{"type":"Feature","geometry":{"type":"Point","coordinates":[19.996587,50.08737]},"properties":{"lines":"138, 189, 511, 572, 608, 611","color":"#0059a9","mode":"bus","arr":["138","189","511","572","608","611"],"angle":-4.1}},{"type":"Feature","geometry":{"type":"Point","coordinates":[19.9945,50.087612]},"properties":{"lines":"138, 189, 611","color":"#0059a9","mode":"bus","arr":["138","189","611"],"angle":-2.5}},{"type":"Feature","geometry":{"type":"Point","coordinates":[19.960542,50.08513]},"properties":{"lines":"138, 572","color":"#0059a9","mode":"bus","arr":["138","572"],"angle":4.5}},{"type":"Feature","geometry":{"type":"Point","coordinates":[19.965908,50.084923]},"properties":{"lines":"138, 572","color":"#0059a9","mode":"bus","arr":["138","572"],"angle":0.1,"extra":1}},{"type":"Feature","geometry":{"type":"Point","coordinates":[19.93202,50.088131]},"properties":{"lines":"138, 337, 669","color":"#0059a9","mode":"bus","arr":["138","337","669"],"angle":-23.4}},{"type":"Feature","geometry":{"type":"Point","coordinates":[19.927294,50.089097]},"properties":{"lines":"138, 168, 194, 220, 240, 290","color":"#0059a9","mode":"bus","arr":["138","168","194","220","240","290"],"angle":-19.4}},{"type":"Feature","geometry":{"type":"Point","coordinates":[19.919967,50.087644]},"properties":{"lines":"138, 144, 168, 194, 904","color":"#0059a9","mode":"bus","arr":["138","144","168","194","904"],"angle":2.6}},{"type":"Feature","geometry":{"type":"Point","coordinates":[20.052421,50.087938]},"properties":{"lines":"138, 149, 202, 212, 222, 232, 262","color":"#0059a9","mode":"bus","arr":["138","149","202","212","222","232","262"],"angle":-26.2}},{"type":"Feature","geometry":{"type":"Point","coordinates":[20.066157,50.078486]},"properties":{"lines":"138, 242, 272","color":"#0059a9","mode":"bus","arr":["138","242","272"],"angle":87}},{"type":"Feature","geometry":{"type":"Point","coordinates":[19.909686,50.069215]},"properties":{"lines":"139, 164, 173, 199, 310, 511, 601, 611, LR0","color":"#0059a9","mode":"bus","arr":["139","164","173","199","310","511","601","611","LR0"],"angle":13.1}},{"type":"Feature","geometry":{"type":"Point","coordinates":[19.905345,50.069857]},"properties":{"lines":"139, 164, 173, 199, 310, 511, 601, 611, LR0","color":"#0059a9","mode":"bus","arr":["139","164","173","199","310","511","601","611","LR0"],"angle":-82.5}},{"type":"Feature","geometry":{"type":"Point","coordinates":[19.899047,50.070801]},"properties":{"lines":"139, 164, 173, 199, 310, 511, 601, 611, LR0","color":"#0059a9","mode":"bus","arr":["139","164","173","199","310","511","601","611","LR0"],"angle":12.4,"extra":1}},{"type":"Feature","geometry":{"type":"Point","coordinates":[19.918128,50.067572]},"properties":{"lines":"139, 144, 164, 173, 194, 199, 310, 494, 511, 601, 611, LR0","color":"#0059a9","mode":"bus","arr":["139","144","164","173","194","199","310","494","511","601","611","LR0"],"angle":13}},{"type":"Feature","geometry":{"type":"Point","coordinates":[19.922777,50.066382]},"properties":{"lines":"139, 144, 164, 173, 194, 199, 310, 494, 511, 601, 611, LR0","color":"#0059a9","mode":"bus","arr":["139","144","164","173","194","199","310","494","511","601","611","LR0"],"angle":18.2}},{"type":"Feature","geometry":{"type":"Point","coordinates":[19.924212,50.065869]},"properties":{"lines":"139, 199, 511, 601, 611","color":"#0059a9","mode":"bus","arr":["139","199","511","601","611"],"angle":23.5}},{"type":"Feature","geometry":{"type":"Point","coordinates":[19.926985,50.069568]},"properties":{"lines":"139, 169, 179, 192, 199, 301, 304, 307, 503, 511, 513, 608, 708","color":"#0059a9","mode":"bus","arr":["139","169","179","192","199","301","304","307","503","511","513","608","708"],"angle":-66.6}},{"type":"Feature","geometry":{"type":"Point","coordinates":[19.930715,50.072012]},"properties":{"lines":"139, 169, 179, 192, 199, 301, 304, 307, 503, 511, 513, 608","color":"#0059a9","mode":"bus","arr":["139","169","179","192","199","301","304","307","503","511","513","608"],"angle":-39.2}},{"type":"Feature","geometry":{"type":"Point","coordinates":[19.935157,50.073468]},"properties":{"lines":"139, 169, 179, 192, 199, 301, 304, 307, 503, 511, 513","color":"#0059a9","mode":"bus","arr":["139","169","179","192","199","301","304","307","503","511","513"],"angle":-6.5}},{"type":"Feature","geometry":{"type":"Point","coordinates":[19.943566,50.073113]},"properties":{"lines":"139, 169, 199, 307, 503","color":"#0059a9","mode":"bus","arr":["139","169","199","307","503"],"angle":-12.4}},{"type":"Feature","geometry":{"type":"Point","coordinates":[20.0389,50.076918]},"properties":{"lines":"139, 160, 601","color":"#0059a9","mode":"bus","arr":["139","160","601"],"angle":-78.4}},{"type":"Feature","geometry":{"type":"Point","coordinates":[20.040863,50.074596]},"properties":{"lines":"139","color":"#0059a9","mode":"bus","arr":["139"],"angle":12.2}},{"type":"Feature","geometry":{"type":"Point","coordinates":[19.943058,50.073161]},"properties":{"lines":"139, 169, 199, 307, 469, 503","color":"#0059a9","mode":"bus","arr":["139","169","199","307","469","503"],"angle":-3.3}},{"type":"Feature","geometry":{"type":"Point","coordinates":[19.936184,50.073859]},"properties":{"lines":"139, 169, 179, 192, 199, 304, 307, 469, 503, 511, 704","color":"#0059a9","mode":"bus","arr":["139","169","179","192","199","304","307","469","503","511","704"],"angle":-8.1}},{"type":"Feature","geometry":{"type":"Point","coordinates":[19.933354,50.073459]},"properties":{"lines":"139, 169, 179, 192, 199, 301, 304, 307, 469, 503, 511, 513, 608, 704","color":"#0059a9","mode":"bus","arr":["139","169","179","192","199","301","304","307","469","503","511","513","608","704"],"angle":-21.3}},{"type":"Feature","geometry":{"type":"Point","coordinates":[19.900964,50.084209]},"properties":{"lines":"140","color":"#0059a9","mode":"bus","arr":["140"],"angle":17.9}},{"type":"Feature","geometry":{"type":"Point","coordinates":[19.900613,50.088713]},"properties":{"lines":"140, 168, 173, 240, 572","color":"#0059a9","mode":"bus","arr":["140","168","173","240","572"],"angle":-14.3}},{"type":"Feature","geometry":{"type":"Point","coordinates":[19.905073,50.089418]},"properties":{"lines":"140, 168, 173, 240, 572","color":"#0059a9","mode":"bus","arr":["140","168","173","240","572"],"angle":-8.6,"extra":1}},{"type":"Feature","geometry":{"type":"Point","coordinates":[19.908595,50.088761]},"properties":{"lines":"140, 168, 173","color":"#0059a9","mode":"bus","arr":["140","168","173"],"angle":45.5}},{"type":"Feature","geometry":{"type":"Point","coordinates":[19.909487,50.08316]},"properties":{"lines":"140, 904","color":"#0059a9","mode":"bus","arr":["140","904"],"angle":27.4}},{"type":"Feature","geometry":{"type":"Point","coordinates":[19.914714,50.082383]},"properties":{"lines":"140, 904","color":"#0059a9","mode":"bus","arr":["140","904"],"angle":1.7,"extra":1}},{"type":"Feature","geometry":{"type":"Point","coordinates":[20.011045,50.008839]},"properties":{"lines":"144, 195","color":"#0059a9","mode":"bus","arr":["144","195"],"angle":-58.6}},{"type":"Feature","geometry":{"type":"Point","coordinates":[20.010927,50.008458]},"properties":{"lines":"144, 195","color":"#0059a9","mode":"bus","arr":["144","195"],"angle":32.3}},{"type":"Feature","geometry":{"type":"Point","coordinates":[20.007914,50.010405]},"properties":{"lines":"144, 195, 204, 224, 244, 274, 301, 304, 503","color":"#0059a9","mode":"bus","arr":["144","195","204","224","244","274","301","304","503"],"angle":35}},{"type":"Feature","geometry":{"type":"Point","coordinates":[20.002065,50.012924]},"properties":{"lines":"144, 195, 224, 244, 274, 301, 304, 503","color":"#0059a9","mode":"bus","arr":["144","195","224","244","274","301","304","503"],"angle":28.8}},{"type":"Feature","geometry":{"type":"Point","coordinates":[19.999202,50.014105]},"properties":{"lines":"144, 204, 224, 301, 304, 503, 513","color":"#0059a9","mode":"bus","arr":["144","204","224","301","304","503","513"],"angle":29.1}},{"type":"Feature","geometry":{"type":"Point","coordinates":[19.98865,50.018651]},"properties":{"lines":"144, 173, 204, 224, 301, 304, 503, 513, 669","color":"#0059a9","mode":"bus","arr":["144","173","204","224","301","304","503","513","669"],"angle":42.7}},{"type":"Feature","geometry":{"type":"Point","coordinates":[19.982499,50.022278]},"properties":{"lines":"144, 173, 204, 224, 301, 304, 503, 513, 669","color":"#0059a9","mode":"bus","arr":["144","173","204","224","301","304","503","513","669"],"angle":42.9,"extra":1}},{"type":"Feature","geometry":{"type":"Point","coordinates":[19.994037,50.015745]},"properties":{"lines":"144, 173, 204, 224, 301, 304, 503, 513, 669","color":"#0059a9","mode":"bus","arr":["144","173","204","224","301","304","503","513","669"],"angle":28.8,"extra":1}},{"type":"Feature","geometry":{"type":"Point","coordinates":[19.978616,50.024706]},"properties":{"lines":"144, 173, 301, 304, 503, 513, 669, 904","color":"#0059a9","mode":"bus","arr":["144","173","301","304","503","513","669","904"],"angle":44.4}},{"type":"Feature","geometry":{"type":"Point","coordinates":[19.976914,50.025629]},"properties":{"lines":"144, 173, 301, 304, 503, 513, 904","color":"#0059a9","mode":"bus","arr":["144","173","301","304","503","513","904"],"angle":29}},{"type":"Feature","geometry":{"type":"Point","coordinates":[19.966316,50.027241]},"properties":{"lines":"144, 155, 169, 173, 301, 304, 503, 513, 904","color":"#0059a9","mode":"bus","arr":["144","155","169","173","301","304","503","513","904"],"angle":11.5}},{"type":"Feature","geometry":{"type":"Point","coordinates":[19.949668,50.030985]},"properties":{"lines":"144, 155, 169, 173, 174, 179, 301, 304, 503, 513, 904","color":"#0059a9","mode":"bus","arr":["144","155","169","173","174","179","301","304","503","513","904"],"angle":41.2}},{"type":"Feature","geometry":{"type":"Point","coordinates":[19.953671,50.029713]},"properties":{"lines":"144, 155, 169, 173, 174, 179","color":"#0059a9","mode":"bus","arr":["144","155","169","173","174","179"],"angle":15.6}},{"type":"Feature","geometry":{"type":"Point","coordinates":[19.947447,50.032585]},"properties":{"lines":"144, 155, 164, 169, 173, 174, 179, 301, 304, 469, 503, 513, 610, 904","color":"#0059a9","mode":"bus","arr":["144","155","164","169","173","174","179","301","304","469","503","513","610","904"],"angle":51.2}},{"type":"Feature","geometry":{"type":"Point","coordinates":[19.943447,50.035118]},"properties":{"lines":"144, 164, 169, 173, 179, 301, 304, 469, 503, 513, 610, 904","color":"#0059a9","mode":"bus","arr":["144","164","169","173","179","301","304","469","503","513","610","904"],"angle":33.8}},{"type":"Feature","geometry":{"type":"Point","coordinates":[19.941479,50.036093]},"properties":{"lines":"144, 164, 169, 173, 179, 301, 304, 503, 513, 610, 904","color":"#0059a9","mode":"bus","arr":["144","164","169","173","179","301","304","503","513","610","904"],"angle":46.8}},{"type":"Feature","geometry":{"type":"Point","coordinates":[19.937319,50.039466]},"properties":{"lines":"144, 164, 169, 173, 179, 301, 304, 503, 513, 608, 610","color":"#0059a9","mode":"bus","arr":["144","164","169","173","179","301","304","503","513","608","610"],"angle":62.8}},{"type":"Feature","geometry":{"type":"Point","coordinates":[19.93516,50.042713]},"properties":{"lines":"144, 164, 169, 173, 179, 301, 304, 503, 513, 608, 610","color":"#0059a9","mode":"bus","arr":["144","164","169","173","179","301","304","503","513","608","610"],"angle":78,"extra":1}},{"type":"Feature","geometry":{"type":"Point","coordinates":[19.933404,50.048004]},"properties":{"lines":"144, 164, 169, 173, 179, 301, 304, 503, 513, 608, 610","color":"#0059a9","mode":"bus","arr":["144","164","169","173","179","301","304","503","513","608","610"],"angle":64.8}},{"type":"Feature","geometry":{"type":"Point","coordinates":[19.934556,50.045067]},"properties":{"lines":"144, 164, 169, 173, 179, 301, 304, 503, 513, 608, 609, 610","color":"#0059a9","mode":"bus","arr":["144","164","169","173","179","301","304","503","513","608","609","610"],"angle":80.9}},{"type":"Feature","geometry":{"type":"Point","coordinates":[19.924516,50.06553]},"properties":{"lines":"144, 164, 173, 194, 310, 494, LR0","color":"#0059a9","mode":"bus","arr":["144","164","173","194","310","494","LR0"],"angle":86}},{"type":"Feature","geometry":{"type":"Point","coordinates":[19.914314,50.070524]},"properties":{"lines":"144, 194, 494","color":"#0059a9","mode":"bus","arr":["144","194","494"],"angle":-81}},{"type":"Feature","geometry":{"type":"Point","coordinates":[19.925261,50.094248]},"properties":{"lines":"144, 904","color":"#0059a9","mode":"bus","arr":["144","904"],"angle":-13.6}},{"type":"Feature","geometry":{"type":"Point","coordinates":[19.931489,50.096203]},"properties":{"lines":"144, 904","color":"#0059a9","mode":"bus","arr":["144","904"],"angle":18.7}},{"type":"Feature","geometry":{"type":"Point","coordinates":[19.932139,50.095645]},"properties":{"lines":"144, 904","color":"#0059a9","mode":"bus","arr":["144","904"],"angle":-23.8}},{"type":"Feature","geometry":{"type":"Point","coordinates":[19.936194,50.040796]},"properties":{"lines":"144, 164, 169, 173, 179, 301, 304, 469, 503, 513, 608, 610","color":"#0059a9","mode":"bus","arr":["144","164","169","173","179","301","304","469","503","513","608","610"],"angle":67}},{"type":"Feature","geometry":{"type":"Point","coordinates":[19.934812,50.043373]},"properties":{"lines":"144, 164, 169, 173, 179, 301, 304, 469, 503, 513, 608, 610","color":"#0059a9","mode":"bus","arr":["144","164","169","173","179","301","304","469","503","513","608","610"],"angle":80.9,"extra":1}},{"type":"Feature","geometry":{"type":"Point","coordinates":[19.949841,50.030778]},"properties":{"lines":"144, 155, 169, 173, 174, 179, 301, 304, 469, 503, 513, 904","color":"#0059a9","mode":"bus","arr":["144","155","169","173","174","179","301","304","469","503","513","904"],"angle":39}},{"type":"Feature","geometry":{"type":"Point","coordinates":[19.952482,50.02971]},"properties":{"lines":"144, 155, 169, 173, 174, 179, 469","color":"#0059a9","mode":"bus","arr":["144","155","169","173","174","179","469"],"angle":24.6}},{"type":"Feature","geometry":{"type":"Point","coordinates":[19.954051,50.02884]},"properties":{"lines":"144, 155, 169, 173, 174, 179, 469","color":"#0059a9","mode":"bus","arr":["144","155","169","173","174","179","469"],"angle":61.5}},{"type":"Feature","geometry":{"type":"Point","coordinates":[19.954985,50.028498]},"properties":{"lines":"144, 155, 169, 173, 174, 179, 469","color":"#0059a9","mode":"bus","arr":["144","155","169","173","174","179","469"],"angle":-21.8}},{"type":"Feature","geometry":{"type":"Point","coordinates":[19.966216,50.027173]},"properties":{"lines":"144, 155, 169, 173, 301, 304, 469, 503, 513, 904","color":"#0059a9","mode":"bus","arr":["144","155","169","173","301","304","469","503","513","904"],"angle":12.1}},{"type":"Feature","geometry":{"type":"Point","coordinates":[19.979376,50.024154]},"properties":{"lines":"144, 173, 301, 304, 503, 513, 669","color":"#0059a9","mode":"bus","arr":["144","173","301","304","503","513","669"],"angle":49.2}},{"type":"Feature","geometry":{"type":"Point","coordinates":[19.997401,50.048701]},"properties":{"lines":"148","color":"#0059a9","mode":"bus","arr":["148"],"angle":44}},{"type":"Feature","geometry":{"type":"Point","coordinates":[19.997724,50.045089]},"properties":{"lines":"148","color":"#0059a9","mode":"bus","arr":["148"],"angle":3.9,"extra":1}},{"type":"Feature","geometry":{"type":"Point","coordinates":[19.990269,50.051617]},"properties":{"lines":"148","color":"#0059a9","mode":"bus","arr":["148"],"angle":38.7,"extra":1}},{"type":"Feature","geometry":{"type":"Point","coordinates":[20.007189,50.061844]},"properties":{"lines":"148","color":"#0059a9","mode":"bus","arr":["148"],"angle":86.2}},{"type":"Feature","geometry":{"type":"Point","coordinates":[20.006068,50.058046]},"properties":{"lines":"148","color":"#0059a9","mode":"bus","arr":["148"],"angle":-3.4}},{"type":"Feature","geometry":{"type":"Point","coordinates":[20.003282,50.056133]},"properties":{"lines":"148","color":"#0059a9","mode":"bus","arr":["148"],"angle":-21.8}},{"type":"Feature","geometry":{"type":"Point","coordinates":[20.0022,50.055881]},"properties":{"lines":"148","color":"#0059a9","mode":"bus","arr":["148"],"angle":-46.7}},{"type":"Feature","geometry":{"type":"Point","coordinates":[19.99539,50.0545]},"properties":{"lines":"148, 174, 463","color":"#0059a9","mode":"bus","arr":["148","174","463"],"angle":-27.5}},{"type":"Feature","geometry":{"type":"Point","coordinates":[19.999728,50.055947]},"properties":{"lines":"148, 174, 463","color":"#0059a9","mode":"bus","arr":["148","174","463"],"angle":-31.4,"extra":1}},{"type":"Feature","geometry":{"type":"Point","coordinates":[19.990941,50.053095]},"properties":{"lines":"148, 174, 463","color":"#0059a9","mode":"bus","arr":["148","174","463"],"angle":-27.5,"extra":1}},{"type":"Feature","geometry":{"type":"Point","coordinates":[20.013295,50.069353]},"properties":{"lines":"148, 174, 662","color":"#0059a9","mode":"bus","arr":["148","174","662"],"angle":-29.6}},{"type":"Feature","geometry":{"type":"Point","coordinates":[20.012906,50.074688]},"properties":{"lines":"148, 202, 212, 222, 232, 262","color":"#0059a9","mode":"bus","arr":["148","202","212","222","232","262"],"angle":-71}},{"type":"Feature","geometry":{"type":"Point","coordinates":[20.017157,50.075285]},"properties":{"lines":"148, 202, 212, 222, 232, 262","color":"#0059a9","mode":"bus","arr":["148","202","212","222","232","262"],"angle":9.3}},{"type":"Feature","geometry":{"type":"Point","coordinates":[20.01486,50.07487]},"properties":{"lines":"148, 202, 212, 222, 232, 262, 611","color":"#0059a9","mode":"bus","arr":["148","202","212","222","232","262","611"],"angle":-80.6}},{"type":"Feature","geometry":{"type":"Point","coordinates":[20.064835,50.099551]},"properties":{"lines":"149","color":"#0059a9","mode":"bus","arr":["149"],"angle":-42.7}},{"type":"Feature","geometry":{"type":"Point","coordinates":[20.054976,50.083695]},"properties":{"lines":"149","color":"#0059a9","mode":"bus","arr":["149"],"angle":53.1}},{"type":"Feature","geometry":{"type":"Point","coordinates":[20.049314,50.085317]},"properties":{"lines":"149","color":"#0059a9","mode":"bus","arr":["149"],"angle":15,"extra":1}},{"type":"Feature","geometry":{"type":"Point","coordinates":[20.056765,50.078482]},"properties":{"lines":"149","color":"#0059a9","mode":"bus","arr":["149"],"angle":-53.6,"extra":1}},{"type":"Feature","geometry":{"type":"Point","coordinates":[20.068465,50.067217]},"properties":{"lines":"149","color":"#0059a9","mode":"bus","arr":["149"],"angle":44.5}},{"type":"Feature","geometry":{"type":"Point","coordinates":[20.056301,50.067796]},"properties":{"lines":"149","color":"#0059a9","mode":"bus","arr":["149"],"angle":15.7,"extra":1}},{"type":"Feature","geometry":{"type":"Point","coordinates":[20.063927,50.067534]},"properties":{"lines":"149","color":"#0059a9","mode":"bus","arr":["149"],"angle":-5.6,"extra":1}},{"type":"Feature","geometry":{"type":"Point","coordinates":[20.075949,50.064016]},"properties":{"lines":"149","color":"#0059a9","mode":"bus","arr":["149"],"angle":-10.6,"extra":1}},{"type":"Feature","geometry":{"type":"Point","coordinates":[20.080832,50.061069]},"properties":{"lines":"149","color":"#0059a9","mode":"bus","arr":["149"],"angle":-42.8}},{"type":"Feature","geometry":{"type":"Point","coordinates":[20.053763,50.053354]},"properties":{"lines":"149","color":"#0059a9","mode":"bus","arr":["149"],"angle":3.6,"extra":1}},{"type":"Feature","geometry":{"type":"Point","coordinates":[20.061456,50.053043]},"properties":{"lines":"149","color":"#0059a9","mode":"bus","arr":["149"],"angle":3.6,"extra":1}},{"type":"Feature","geometry":{"type":"Point","coordinates":[20.066326,50.055986]},"properties":{"lines":"149","color":"#0059a9","mode":"bus","arr":["149"],"angle":-59.2,"extra":1}},{"type":"Feature","geometry":{"type":"Point","coordinates":[20.073036,50.057332]},"properties":{"lines":"149","color":"#0059a9","mode":"bus","arr":["149"],"angle":-66.2,"extra":1}},{"type":"Feature","geometry":{"type":"Point","coordinates":[20.081638,50.063847]},"properties":{"lines":"149","color":"#0059a9","mode":"bus","arr":["149"],"angle":89.4,"extra":1}},{"type":"Feature","geometry":{"type":"Point","coordinates":[20.074804,50.064406]},"properties":{"lines":"149","color":"#0059a9","mode":"bus","arr":["149"],"angle":0.6,"extra":1}},{"type":"Feature","geometry":{"type":"Point","coordinates":[20.069225,50.066858]},"properties":{"lines":"149","color":"#0059a9","mode":"bus","arr":["149"],"angle":47.4,"extra":1}},{"type":"Feature","geometry":{"type":"Point","coordinates":[20.062317,50.067613]},"properties":{"lines":"149","color":"#0059a9","mode":"bus","arr":["149"],"angle":-1,"extra":1}},{"type":"Feature","geometry":{"type":"Point","coordinates":[20.054732,50.068236]},"properties":{"lines":"149","color":"#0059a9","mode":"bus","arr":["149"],"angle":15.4,"extra":1}},{"type":"Feature","geometry":{"type":"Point","coordinates":[20.057026,50.090551]},"properties":{"lines":"149, 160, 202, 212, 222, 232, 262, 601","color":"#0059a9","mode":"bus","arr":["149","160","202","212","222","232","262","601"],"angle":-58.3}},{"type":"Feature","geometry":{"type":"Point","coordinates":[20.038067,50.071882]},"properties":{"lines":"149, 189, 463, 601, 662","color":"#0059a9","mode":"bus","arr":["149","189","463","601","662"],"angle":-69.5}},{"type":"Feature","geometry":{"type":"Point","coordinates":[19.905204,50.095864]},"properties":{"lines":"150, 240","color":"#0059a9","mode":"bus","arr":["150","240"],"angle":19}},{"type":"Feature","geometry":{"type":"Point","coordinates":[19.913116,50.095398]},"properties":{"lines":"150, 240","color":"#0059a9","mode":"bus","arr":["150","240"],"angle":-30.5}},{"type":"Feature","geometry":{"type":"Point","coordinates":[19.926891,50.091307]},"properties":{"lines":"150, 572","color":"#0059a9","mode":"bus","arr":["150","572"],"angle":6.1}},{"type":"Feature","geometry":{"type":"Point","coordinates":[19.927095,50.091535]},"properties":{"lines":"150, 572","color":"#0059a9","mode":"bus","arr":["150","572"],"angle":-6.8}},{"type":"Feature","geometry":{"type":"Point","coordinates":[19.931637,50.090442]},"properties":{"lines":"150, 227, 267, 337, 513, 669, 937","color":"#0059a9","mode":"bus","arr":["150","227","267","337","513","669","937"],"angle":61}},{"type":"Feature","geometry":{"type":"Point","coordinates":[19.897187,50.09489]},"properties":{"lines":"150","color":"#0059a9","mode":"bus","arr":["150"],"angle":61.7}},{"type":"Feature","geometry":{"type":"Point","coordinates":[19.91537,50.014285]},"properties":{"lines":"151","color":"#0059a9","mode":"bus","arr":["151"],"angle":-38.8}},{"type":"Feature","geometry":{"type":"Point","coordinates":[19.910244,50.01162]},"properties":{"lines":"151","color":"#0059a9","mode":"bus","arr":["151"],"angle":-36.6,"extra":1}},{"type":"Feature","geometry":{"type":"Point","coordinates":[19.92254,50.017393]},"properties":{"lines":"151","color":"#0059a9","mode":"bus","arr":["151"],"angle":-47.4,"extra":1}},{"type":"Feature","geometry":{"type":"Point","coordinates":[19.924573,50.018774]},"properties":{"lines":"151","color":"#0059a9","mode":"bus","arr":["151"],"angle":-34.7}},{"type":"Feature","geometry":{"type":"Point","coordinates":[19.929177,50.014936]},"properties":{"lines":"151, 915","color":"#0059a9","mode":"bus","arr":["151","915"],"angle":-71.4}},{"type":"Feature","geometry":{"type":"Point","coordinates":[19.931075,50.018434]},"properties":{"lines":"151, 915","color":"#0059a9","mode":"bus","arr":["151","915"],"angle":-71.4,"extra":1}},{"type":"Feature","geometry":{"type":"Point","coordinates":[20.003414,50.009212]},"properties":{"lines":"153, 513","color":"#0059a9","mode":"bus","arr":["153","513"],"angle":19.6}},{"type":"Feature","geometry":{"type":"Point","coordinates":[20.004277,50.00938]},"properties":{"lines":"153, 513","color":"#0059a9","mode":"bus","arr":["153","513"],"angle":36.9}},{"type":"Feature","geometry":{"type":"Point","coordinates":[19.99851,50.012108]},"properties":{"lines":"153, 204, 513","color":"#0059a9","mode":"bus","arr":["153","204","513"],"angle":86.8}},{"type":"Feature","geometry":{"type":"Point","coordinates":[20.000659,50.010049]},"properties":{"lines":"153, 204, 513","color":"#0059a9","mode":"bus","arr":["153","204","513"],"angle":28.2}},{"type":"Feature","geometry":{"type":"Point","coordinates":[19.994778,50.009303]},"properties":{"lines":"153","color":"#0059a9","mode":"bus","arr":["153"],"angle":26.4}},{"type":"Feature","geometry":{"type":"Point","coordinates":[20.02684,50.012607]},"properties":{"lines":"153","color":"#0059a9","mode":"bus","arr":["153"],"angle":-36.1}},{"type":"Feature","geometry":{"type":"Point","coordinates":[20.043357,50.008422]},"properties":{"lines":"153","color":"#0059a9","mode":"bus","arr":["153"],"angle":76.8}},{"type":"Feature","geometry":{"type":"Point","coordinates":[20.049121,50.008094]},"properties":{"lines":"153","color":"#0059a9","mode":"bus","arr":["153"],"angle":22.8,"extra":1}},{"type":"Feature","geometry":{"type":"Point","coordinates":[20.038191,50.012071]},"properties":{"lines":"153","color":"#0059a9","mode":"bus","arr":["153"],"angle":-7,"extra":1}},{"type":"Feature","geometry":{"type":"Point","coordinates":[20.031336,50.010279]},"properties":{"lines":"153","color":"#0059a9","mode":"bus","arr":["153"],"angle":-12.6}},{"type":"Feature","geometry":{"type":"Point","coordinates":[20.037272,50.013799]},"properties":{"lines":"153","color":"#0059a9","mode":"bus","arr":["153"],"angle":-85.9,"extra":1}},{"type":"Feature","geometry":{"type":"Point","coordinates":[20.025434,50.0101]},"properties":{"lines":"153","color":"#0059a9","mode":"bus","arr":["153"],"angle":-3.1,"extra":1}},{"type":"Feature","geometry":{"type":"Point","coordinates":[19.993589,50.011838]},"properties":{"lines":"153","color":"#0059a9","mode":"bus","arr":["153"],"angle":47.6}},{"type":"Feature","geometry":{"type":"Point","coordinates":[20.020325,50.015625]},"properties":{"lines":"153, 195, 234, 284, 669","color":"#0059a9","mode":"bus","arr":["153","195","234","284","669"],"angle":16.5}},{"type":"Feature","geometry":{"type":"Point","coordinates":[20.026584,50.014699]},"properties":{"lines":"153, 195, 234, 284","color":"#0059a9","mode":"bus","arr":["153","195","234","284"],"angle":5.3}},{"type":"Feature","geometry":{"type":"Point","coordinates":[20.046297,50.013558]},"properties":{"lines":"153, 284","color":"#0059a9","mode":"bus","arr":["153","284"],"angle":-17.2}},{"type":"Feature","geometry":{"type":"Point","coordinates":[20.052526,50.010295]},"properties":{"lines":"153, 284","color":"#0059a9","mode":"bus","arr":["153","284"],"angle":79.1,"extra":1}},{"type":"Feature","geometry":{"type":"Point","coordinates":[20.037821,50.016185]},"properties":{"lines":"153, 284","color":"#0059a9","mode":"bus","arr":["153","284"],"angle":19.2,"extra":1}},{"type":"Feature","geometry":{"type":"Point","coordinates":[20.026542,50.014785]},"properties":{"lines":"153, 234, 284","color":"#0059a9","mode":"bus","arr":["153","234","284"],"angle":5.6}},{"type":"Feature","geometry":{"type":"Point","coordinates":[19.999599,50.014101]},"properties":{"lines":"153, 195, 244, 274","color":"#0059a9","mode":"bus","arr":["153","195","244","274"],"angle":-41.3}},{"type":"Feature","geometry":{"type":"Point","coordinates":[19.932119,49.994299]},"properties":{"lines":"155, 214, 215, 225, 254, 265, 915","color":"#0059a9","mode":"bus","arr":["155","214","215","225","254","265","915"],"angle":34.2}},{"type":"Feature","geometry":{"type":"Point","coordinates":[19.928401,49.99593]},"properties":{"lines":"155, 214, 215, 225, 254, 265, 915","color":"#0059a9","mode":"bus","arr":["155","214","215","225","254","265","915"],"angle":34.6,"extra":1}},{"type":"Feature","geometry":{"type":"Point","coordinates":[19.945845,49.994306]},"properties":{"lines":"155, 214, 215, 225, 254, 265, 915","color":"#0059a9","mode":"bus","arr":["155","214","215","225","254","265","915"],"angle":-0.9}},{"type":"Feature","geometry":{"type":"Point","coordinates":[19.939834,49.993076]},"properties":{"lines":"155, 214, 215, 225, 254, 265, 915","color":"#0059a9","mode":"bus","arr":["155","214","215","225","254","265","915"],"angle":85.6,"extra":1}},{"type":"Feature","geometry":{"type":"Point","coordinates":[19.943862,49.991019]},"properties":{"lines":"155, 214, 215, 225, 254, 265, 915","color":"#0059a9","mode":"bus","arr":["155","214","215","225","254","265","915"],"angle":0.3,"extra":1}},{"type":"Feature","geometry":{"type":"Point","coordinates":[19.945817,50.005737]},"properties":{"lines":"155, 204, 610","color":"#0059a9","mode":"bus","arr":["155","204","610"],"angle":-6.8}},{"type":"Feature","geometry":{"type":"Point","coordinates":[19.94625,50.005822]},"properties":{"lines":"155, 204, 610","color":"#0059a9","mode":"bus","arr":["155","204","610"],"angle":0.1}},{"type":"Feature","geometry":{"type":"Point","coordinates":[19.948513,50.009607]},"properties":{"lines":"155, 174, 179, 204, 610","color":"#0059a9","mode":"bus","arr":["155","174","179","204","610"],"angle":-78.6}},{"type":"Feature","geometry":{"type":"Point","coordinates":[19.949609,50.012947]},"properties":{"lines":"155, 174, 179, 204, 610","color":"#0059a9","mode":"bus","arr":["155","174","179","204","610"],"angle":-77.9,"extra":1}},{"type":"Feature","geometry":{"type":"Point","coordinates":[19.957634,50.012475]},"properties":{"lines":"155, 204, 224, 610","color":"#0059a9","mode":"bus","arr":["155","204","224","610"],"angle":1.2}},{"type":"Feature","geometry":{"type":"Point","coordinates":[19.967471,50.023058]},"properties":{"lines":"155, 169, 469","color":"#0059a9","mode":"bus","arr":["155","169","469"],"angle":-30.6}},{"type":"Feature","geometry":{"type":"Point","coordinates":[19.963531,50.021721]},"properties":{"lines":"155, 169, 469","color":"#0059a9","mode":"bus","arr":["155","169","469"],"angle":-27.4,"extra":1}},{"type":"Feature","geometry":{"type":"Point","coordinates":[19.94871,50.031793]},"properties":{"lines":"904","color":"#0059a9","mode":"bus","arr":["904"],"angle":64.3}},{"type":"Feature","geometry":{"type":"Point","coordinates":[20.015282,50.007445]},"properties":{"lines":"904","color":"#0059a9","mode":"bus","arr":["904"],"angle":-81.8}},{"type":"Feature","geometry":{"type":"Point","coordinates":[20.000064,50.002421]},"properties":{"lines":"904","color":"#0059a9","mode":"bus","arr":["904"],"angle":6.6}},{"type":"Feature","geometry":{"type":"Point","coordinates":[20.012939,50.005001]},"properties":{"lines":"904","color":"#0059a9","mode":"bus","arr":["904"],"angle":-28.1,"extra":1}},{"type":"Feature","geometry":{"type":"Point","coordinates":[20.005729,50.003981]},"properties":{"lines":"904","color":"#0059a9","mode":"bus","arr":["904"],"angle":6.5,"extra":1}},{"type":"Feature","geometry":{"type":"Point","coordinates":[19.991408,50.003967]},"properties":{"lines":"904","color":"#0059a9","mode":"bus","arr":["904"],"angle":1.8,"extra":1}},{"type":"Feature","geometry":{"type":"Point","coordinates":[19.984468,50.005618]},"properties":{"lines":"904","color":"#0059a9","mode":"bus","arr":["904"],"angle":21.6,"extra":1}},{"type":"Feature","geometry":{"type":"Point","coordinates":[20.013958,50.007538]},"properties":{"lines":"904","color":"#0059a9","mode":"bus","arr":["904"],"angle":-37.5}},{"type":"Feature","geometry":{"type":"Point","coordinates":[19.951267,50.037969]},"properties":{"lines":"155, 174","color":"#0059a9","mode":"bus","arr":["155","174"],"angle":-49.6}},{"type":"Feature","geometry":{"type":"Point","coordinates":[19.94791,50.035205]},"properties":{"lines":"155, 174","color":"#0059a9","mode":"bus","arr":["155","174"],"angle":-62.6,"extra":1}},{"type":"Feature","geometry":{"type":"Point","coordinates":[19.959383,50.041437]},"properties":{"lines":"155, 174","color":"#0059a9","mode":"bus","arr":["155","174"],"angle":-26.4,"extra":1}},{"type":"Feature","geometry":{"type":"Point","coordinates":[19.961929,50.042321]},"properties":{"lines":"155, 174, 463","color":"#0059a9","mode":"bus","arr":["155","174","463"],"angle":-10.5}},{"type":"Feature","geometry":{"type":"Point","coordinates":[20.067589,50.046737]},"properties":{"lines":"158","color":"#0059a9","mode":"bus","arr":["158"],"angle":-62.7}},{"type":"Feature","geometry":{"type":"Point","coordinates":[20.065857,50.043948]},"properties":{"lines":"158","color":"#0059a9","mode":"bus","arr":["158"],"angle":-68.7,"extra":1}},{"type":"Feature","geometry":{"type":"Point","coordinates":[20.053206,50.042701]},"properties":{"lines":"158, 221","color":"#0059a9","mode":"bus","arr":["158","221"],"angle":48.2}},{"type":"Feature","geometry":{"type":"Point","coordinates":[20.048594,50.042294]},"properties":{"lines":"158, 221","color":"#0059a9","mode":"bus","arr":["158","221"],"angle":5.7,"extra":1}},{"type":"Feature","geometry":{"type":"Point","coordinates":[20.036464,50.043224]},"properties":{"lines":"158, 221","color":"#0059a9","mode":"bus","arr":["158","221"],"angle":-42.2}},{"type":"Feature","geometry":{"type":"Point","coordinates":[20.044609,50.046158]},"properties":{"lines":"158, 221","color":"#0059a9","mode":"bus","arr":["158","221"],"angle":34.8,"extra":1}},{"type":"Feature","geometry":{"type":"Point","coordinates":[20.031151,50.041821]},"properties":{"lines":"158, 221","color":"#0059a9","mode":"bus","arr":["158","221"],"angle":-7.3,"extra":1}},{"type":"Feature","geometry":{"type":"Point","coordinates":[20.026526,50.039006]},"properties":{"lines":"158, 221","color":"#0059a9","mode":"bus","arr":["158","221"],"angle":64.7}},{"type":"Feature","geometry":{"type":"Point","coordinates":[20.061711,50.041695]},"properties":{"lines":"158, 221","color":"#0059a9","mode":"bus","arr":["158","221"],"angle":90}},{"type":"Feature","geometry":{"type":"Point","coordinates":[20.018262,50.037241]},"properties":{"lines":"158, 605","color":"#0059a9","mode":"bus","arr":["158","605"],"angle":-73.9}},{"type":"Feature","geometry":{"type":"Point","coordinates":[20.015459,50.036236]},"properties":{"lines":"158, 605","color":"#0059a9","mode":"bus","arr":["158","605"],"angle":0.9}},{"type":"Feature","geometry":{"type":"Point","coordinates":[19.979122,50.047582]},"properties":{"lines":"158, 174, 463","color":"#0059a9","mode":"bus","arr":["158","174","463"],"angle":-38.5}},{"type":"Feature","geometry":{"type":"Point","coordinates":[19.975039,50.045925]},"properties":{"lines":"158, 174","color":"#0059a9","mode":"bus","arr":["158","174"],"angle":-28.6}},{"type":"Feature","geometry":{"type":"Point","coordinates":[20.133023,50.089361]},"properties":{"lines":"160","color":"#0059a9","mode":"bus","arr":["160"],"angle":75.5}},{"type":"Feature","geometry":{"type":"Point","coordinates":[20.144251,50.088513]},"properties":{"lines":"160","color":"#0059a9","mode":"bus","arr":["160"],"angle":1.8,"extra":1}},{"type":"Feature","geometry":{"type":"Point","coordinates":[20.130847,50.094799]},"properties":{"lines":"160","color":"#0059a9","mode":"bus","arr":["160"],"angle":58.2,"extra":1}},{"type":"Feature","geometry":{"type":"Point","coordinates":[20.100051,50.102723]},"properties":{"lines":"160","color":"#0059a9","mode":"bus","arr":["160"],"angle":-43.3}},{"type":"Feature","geometry":{"type":"Point","coordinates":[20.107305,50.107988]},"properties":{"lines":"160","color":"#0059a9","mode":"bus","arr":["160"],"angle":-23.2,"extra":1}},{"type":"Feature","geometry":{"type":"Point","coordinates":[20.10248,50.104982]},"properties":{"lines":"160","color":"#0059a9","mode":"bus","arr":["160"],"angle":-52.6,"extra":1}},{"type":"Feature","geometry":{"type":"Point","coordinates":[20.092672,50.09803]},"properties":{"lines":"160","color":"#0059a9","mode":"bus","arr":["160"],"angle":78.4,"extra":1}},{"type":"Feature","geometry":{"type":"Point","coordinates":[20.065093,50.090244]},"properties":{"lines":"160","color":"#0059a9","mode":"bus","arr":["160"],"angle":-7}},{"type":"Feature","geometry":{"type":"Point","coordinates":[20.120715,50.109245]},"properties":{"lines":"160, 242, 272","color":"#0059a9","mode":"bus","arr":["160","242","272"],"angle":89}},{"type":"Feature","geometry":{"type":"Point","coordinates":[20.125416,50.100632]},"properties":{"lines":"160, 242, 272","color":"#0059a9","mode":"bus","arr":["160","242","272"],"angle":48.5,"extra":1}},{"type":"Feature","geometry":{"type":"Point","coordinates":[20.122221,50.105031]},"properties":{"lines":"160, 242, 272","color":"#0059a9","mode":"bus","arr":["160","242","272"],"angle":75.1,"extra":1}},{"type":"Feature","geometry":{"type":"Point","coordinates":[20.116046,50.110211]},"properties":{"lines":"160, 242, 272","color":"#0059a9","mode":"bus","arr":["160","242","272"],"angle":-25.3,"extra":1}},{"type":"Feature","geometry":{"type":"Point","coordinates":[20.111507,50.107245]},"properties":{"lines":"160, 242, 272","color":"#0059a9","mode":"bus","arr":["160","242","272"],"angle":3.5,"extra":1}},{"type":"Feature","geometry":{"type":"Point","coordinates":[20.082443,50.09414]},"properties":{"lines":"160, 242, 272","color":"#0059a9","mode":"bus","arr":["160","242","272"],"angle":-36.6}},{"type":"Feature","geometry":{"type":"Point","coordinates":[20.089562,50.095518]},"properties":{"lines":"160, 242, 272","color":"#0059a9","mode":"bus","arr":["160","242","272"],"angle":6,"extra":1}},{"type":"Feature","geometry":{"type":"Point","coordinates":[20.075611,50.09218]},"properties":{"lines":"160, 242, 272","color":"#0059a9","mode":"bus","arr":["160","242","272"],"angle":13.1,"extra":1}},{"type":"Feature","geometry":{"type":"Point","coordinates":[20.036415,50.075175]},"properties":{"lines":"160, 601","color":"#0059a9","mode":"bus","arr":["160","601"],"angle":10.8}},{"type":"Feature","geometry":{"type":"Point","coordinates":[20.165389,50.078105]},"properties":{"lines":"161","color":"#0059a9","mode":"bus","arr":["161"],"angle":-10.7}},{"type":"Feature","geometry":{"type":"Point","coordinates":[20.159884,50.077465]},"properties":{"lines":"161","color":"#0059a9","mode":"bus","arr":["161"],"angle":-10.4,"extra":1}},{"type":"Feature","geometry":{"type":"Point","coordinates":[20.178614,50.079716]},"properties":{"lines":"161","color":"#0059a9","mode":"bus","arr":["161"],"angle":-10.7,"extra":1}},{"type":"Feature","geometry":{"type":"Point","coordinates":[20.186129,50.08003]},"properties":{"lines":"161","color":"#0059a9","mode":"bus","arr":["161"],"angle":47.3,"extra":1}},{"type":"Feature","geometry":{"type":"Point","coordinates":[19.83991,50.012147]},"properties":{"lines":"162","color":"#0059a9","mode":"bus","arr":["162"],"angle":86.7}},{"type":"Feature","geometry":{"type":"Point","coordinates":[19.841374,50.016408]},"properties":{"lines":"162","color":"#0059a9","mode":"bus","arr":["162"],"angle":-72.8,"extra":1}},{"type":"Feature","geometry":{"type":"Point","coordinates":[19.842295,50.007236]},"properties":{"lines":"162","color":"#0059a9","mode":"bus","arr":["162"],"angle":46,"extra":1}},{"type":"Feature","geometry":{"type":"Point","coordinates":[19.959898,50.023781]},"properties":{"lines":"164, 610","color":"#0059a9","mode":"bus","arr":["164","610"],"angle":-2.1}},{"type":"Feature","geometry":{"type":"Point","coordinates":[19.953457,50.024729]},"properties":{"lines":"164, 610","color":"#0059a9","mode":"bus","arr":["164","610"],"angle":40.2}},{"type":"Feature","geometry":{"type":"Point","coordinates":[19.888243,50.074308]},"properties":{"lines":"164, 173, 199, 310, 511, 601, 611, LR0","color":"#0059a9","mode":"bus","arr":["164","173","199","310","511","601","611","LR0"],"angle":-79.3}},{"type":"Feature","geometry":{"type":"Point","coordinates":[19.891507,50.071801]},"properties":{"lines":"164, 173, 199, 310, 511, 601, 611, LR0","color":"#0059a9","mode":"bus","arr":["164","173","199","310","511","601","611","LR0"],"angle":11,"extra":1}},{"type":"Feature","geometry":{"type":"Point","coordinates":[19.890267,50.080087]},"properties":{"lines":"164, 173, 199, 310, 511, 601, 611, LR0","color":"#0059a9","mode":"bus","arr":["164","173","199","310","511","601","611","LR0"],"angle":-76.2,"extra":1}},{"type":"Feature","geometry":{"type":"Point","coordinates":[19.891981,50.081635]},"properties":{"lines":"164, 199, 601","color":"#0059a9","mode":"bus","arr":["164","199","601"],"angle":42.2}},{"type":"Feature","geometry":{"type":"Point","coordinates":[19.839607,50.090817]},"properties":{"lines":"164, 199, 601","color":"#0059a9","mode":"bus","arr":["164","199","601"],"angle":-46.6}},{"type":"Feature","geometry":{"type":"Point","coordinates":[19.883366,50.076214]},"properties":{"lines":"164, 199, 601","color":"#0059a9","mode":"bus","arr":["164","199","601"],"angle":5.1}},{"type":"Feature","geometry":{"type":"Point","coordinates":[19.852454,50.082544]},"properties":{"lines":"164, 199, 218, 228, 298, 601, 918","color":"#0059a9","mode":"bus","arr":["164","199","218","228","298","601","918"],"angle":17.2}},{"type":"Feature","geometry":{"type":"Point","coordinates":[19.867064,50.080924]},"properties":{"lines":"164, 199, 218, 228, 298, 601, 918","color":"#0059a9","mode":"bus","arr":["164","199","218","228","298","601","918"],"angle":-1.4,"extra":1}},{"type":"Feature","geometry":{"type":"Point","coordinates":[19.859422,50.08115]},"properties":{"lines":"164, 199, 218, 228, 298, 601, 918","color":"#0059a9","mode":"bus","arr":["164","199","218","228","298","601","918"],"angle":17.3,"extra":1}},{"type":"Feature","geometry":{"type":"Point","coordinates":[19.845064,50.084502]},"properties":{"lines":"164, 199, 218, 228, 298, 601, 918","color":"#0059a9","mode":"bus","arr":["164","199","218","228","298","601","918"],"angle":48.4,"extra":1}},{"type":"Feature","geometry":{"type":"Point","coordinates":[19.839941,50.088199]},"properties":{"lines":"164, 199, 218, 228, 298, 601, 918","color":"#0059a9","mode":"bus","arr":["164","199","218","228","298","601","918"],"angle":48.2,"extra":1}},{"type":"Feature","geometry":{"type":"Point","coordinates":[19.880058,50.078536]},"properties":{"lines":"164, 199, 200, 210, 230, 601","color":"#0059a9","mode":"bus","arr":["164","199","200","210","230","601"],"angle":81.7}},{"type":"Feature","geometry":{"type":"Point","coordinates":[19.971006,50.01483]},"properties":{"lines":"164","color":"#0059a9","mode":"bus","arr":["164"],"angle":-32.2}},{"type":"Feature","geometry":{"type":"Point","coordinates":[19.909223,50.086806]},"properties":{"lines":"168","color":"#0059a9","mode":"bus","arr":["168"],"angle":-82.5}},{"type":"Feature","geometry":{"type":"Point","coordinates":[19.903897,50.090907]},"properties":{"lines":"168","color":"#0059a9","mode":"bus","arr":["168"],"angle":-76.5}},{"type":"Feature","geometry":{"type":"Point","coordinates":[19.910241,50.090085]},"properties":{"lines":"168, 173","color":"#0059a9","mode":"bus","arr":["168","173"],"angle":73.6}},{"type":"Feature","geometry":{"type":"Point","coordinates":[19.90593,50.089556]},"properties":{"lines":"168, 173, 240, 572","color":"#0059a9","mode":"bus","arr":["168","173","240","572"],"angle":-1}},{"type":"Feature","geometry":{"type":"Point","coordinates":[19.901247,50.092062]},"properties":{"lines":"168, 240","color":"#0059a9","mode":"bus","arr":["168","240"],"angle":28}},{"type":"Feature","geometry":{"type":"Point","coordinates":[19.894246,50.094037]},"properties":{"lines":"168, 240, 511, 611","color":"#0059a9","mode":"bus","arr":["168","240","511","611"],"angle":25.3}},{"type":"Feature","geometry":{"type":"Point","coordinates":[19.892908,50.093331]},"properties":{"lines":"168, 200, 210, 230, 240, 310, 511, 611, 910","color":"#0059a9","mode":"bus","arr":["168","200","210","230","240","310","511","611","910"],"angle":77.5}},{"type":"Feature","geometry":{"type":"Point","coordinates":[19.892678,50.089929]},"properties":{"lines":"168, 200, 210, 230, 240, 310, 511, 611, 910, LR0","color":"#0059a9","mode":"bus","arr":["168","200","210","230","240","310","511","611","910","LR0"],"angle":-76.8}},{"type":"Feature","geometry":{"type":"Point","coordinates":[19.94684,50.095959]},"properties":{"lines":"169, 207","color":"#0059a9","mode":"bus","arr":["169","207"],"angle":-53.5}},{"type":"Feature","geometry":{"type":"Point","coordinates":[19.944923,50.093264]},"properties":{"lines":"169, 207, 469","color":"#0059a9","mode":"bus","arr":["169","207","469"],"angle":-78}},{"type":"Feature","geometry":{"type":"Point","coordinates":[19.949427,50.095621]},"properties":{"lines":"169, 469, 669","color":"#0059a9","mode":"bus","arr":["169","469","669"],"angle":45.5}},{"type":"Feature","geometry":{"type":"Point","coordinates":[19.956069,50.091826]},"properties":{"lines":"169, 469","color":"#0059a9","mode":"bus","arr":["169","469"],"angle":20}},{"type":"Feature","geometry":{"type":"Point","coordinates":[19.960142,50.093494]},"properties":{"lines":"169, 469","color":"#0059a9","mode":"bus","arr":["169","469"],"angle":-42.4,"extra":1}},{"type":"Feature","geometry":{"type":"Point","coordinates":[19.964174,50.103518]},"properties":{"lines":"169, 307, 503","color":"#0059a9","mode":"bus","arr":["169","307","503"],"angle":-78.1}},{"type":"Feature","geometry":{"type":"Point","coordinates":[19.9641,50.105425]},"properties":{"lines":"169, 217, 247, 257, 277, 280, 297, 503, 917","color":"#0059a9","mode":"bus","arr":["169","217","247","257","277","280","297","503","917"],"angle":7.5}},{"type":"Feature","geometry":{"type":"Point","coordinates":[19.963965,50.103483]},"properties":{"lines":"169, 307, 469, 503","color":"#0059a9","mode":"bus","arr":["169","307","469","503"],"angle":-78.9}},{"type":"Feature","geometry":{"type":"Point","coordinates":[20.173956,50.101725]},"properties":{"lines":"171, 271","color":"#0059a9","mode":"bus","arr":["171","271"],"angle":25.8}},{"type":"Feature","geometry":{"type":"Point","coordinates":[20.185984,50.113287]},"properties":{"lines":"171, 271","color":"#0059a9","mode":"bus","arr":["171","271"],"angle":-0.8,"extra":1}},{"type":"Feature","geometry":{"type":"Point","coordinates":[20.178593,50.112023]},"properties":{"lines":"171, 271","color":"#0059a9","mode":"bus","arr":["171","271"],"angle":-14.5,"extra":1}},{"type":"Feature","geometry":{"type":"Point","coordinates":[20.174037,50.108204]},"properties":{"lines":"171, 271","color":"#0059a9","mode":"bus","arr":["171","271"],"angle":-57.2,"extra":1}},{"type":"Feature","geometry":{"type":"Point","coordinates":[20.180093,50.096544]},"properties":{"lines":"171, 271","color":"#0059a9","mode":"bus","arr":["171","271"],"angle":2.4,"extra":1}},{"type":"Feature","geometry":{"type":"Point","coordinates":[20.183549,50.093225]},"properties":{"lines":"171, 271","color":"#0059a9","mode":"bus","arr":["171","271"],"angle":71.7,"extra":1}},{"type":"Feature","geometry":{"type":"Point","coordinates":[20.180061,50.090604]},"properties":{"lines":"171, 271","color":"#0059a9","mode":"bus","arr":["171","271"],"angle":-7.4,"extra":1}},{"type":"Feature","geometry":{"type":"Point","coordinates":[20.164998,50.084363]},"properties":{"lines":"171, 271","color":"#0059a9","mode":"bus","arr":["171","271"],"angle":-25.1}},{"type":"Feature","geometry":{"type":"Point","coordinates":[20.173104,50.087434]},"properties":{"lines":"171, 271","color":"#0059a9","mode":"bus","arr":["171","271"],"angle":-55.7,"extra":1}},{"type":"Feature","geometry":{"type":"Point","coordinates":[20.162334,50.081663]},"properties":{"lines":"171, 271","color":"#0059a9","mode":"bus","arr":["171","271"],"angle":-59,"extra":1}},{"type":"Feature","geometry":{"type":"Point","coordinates":[20.157578,50.078077]},"properties":{"lines":"171, 271","color":"#0059a9","mode":"bus","arr":["171","271"],"angle":-15.4,"extra":1}},{"type":"Feature","geometry":{"type":"Point","coordinates":[20.18953,50.113882]},"properties":{"lines":"171","color":"#0059a9","mode":"bus","arr":["171"],"angle":-8}},{"type":"Feature","geometry":{"type":"Point","coordinates":[20.016076,50.012751]},"properties":{"lines":"173, 234, 244, 274, 284, 503","color":"#0059a9","mode":"bus","arr":["173","234","244","274","284","503"],"angle":-89.1}},{"type":"Feature","geometry":{"type":"Point","coordinates":[20.016516,50.01466]},"properties":{"lines":"173, 234, 244, 274, 284","color":"#0059a9","mode":"bus","arr":["173","234","244","274","284"],"angle":-84.4}},{"type":"Feature","geometry":{"type":"Point","coordinates":[19.898165,50.088466]},"properties":{"lines":"173, 240, 572","color":"#0059a9","mode":"bus","arr":["173","240","572"],"angle":-14.1}},{"type":"Feature","geometry":{"type":"Point","coordinates":[19.889383,50.078249]},"properties":{"lines":"173, 310, 511, 611, LR0","color":"#0059a9","mode":"bus","arr":["173","310","511","611","LR0"],"angle":-76.1}},{"type":"Feature","geometry":{"type":"Point","coordinates":[19.953603,50.00527]},"properties":{"lines":"174, 179","color":"#0059a9","mode":"bus","arr":["174","179"],"angle":5.3}},{"type":"Feature","geometry":{"type":"Point","coordinates":[19.952123,50.019323]},"properties":{"lines":"174, 179","color":"#0059a9","mode":"bus","arr":["174","179"],"angle":-58.1}},{"type":"Feature","geometry":{"type":"Point","coordinates":[19.956436,50.020236]},"properties":{"lines":"174, 179","color":"#0059a9","mode":"bus","arr":["174","179"],"angle":-2,"extra":1}},{"type":"Feature","geometry":{"type":"Point","coordinates":[19.959495,50.02701]},"properties":{"lines":"174, 179","color":"#0059a9","mode":"bus","arr":["174","179"],"angle":-73.6}},{"type":"Feature","geometry":{"type":"Point","coordinates":[20.003487,50.061616]},"properties":{"lines":"174, 463","color":"#0059a9","mode":"bus","arr":["174","463"],"angle":-82.9}},{"type":"Feature","geometry":{"type":"Point","coordinates":[19.984721,50.050433]},"properties":{"lines":"174, 463","color":"#0059a9","mode":"bus","arr":["174","463"],"angle":-38.4,"extra":1}},{"type":"Feature","geometry":{"type":"Point","coordinates":[20.00296,50.058794]},"properties":{"lines":"174, 463","color":"#0059a9","mode":"bus","arr":["174","463"],"angle":-76.5,"extra":1}},{"type":"Feature","geometry":{"type":"Point","coordinates":[20.053471,50.074369]},"properties":{"lines":"174","color":"#0059a9","mode":"bus","arr":["174"],"angle":67.5}},{"type":"Feature","geometry":{"type":"Point","coordinates":[19.872787,49.984605]},"properties":{"lines":"175, 233, 475","color":"#0059a9","mode":"bus","arr":["175","233","475"],"angle":-57.9}},{"type":"Feature","geometry":{"type":"Point","coordinates":[19.872211,49.987647]},"properties":{"lines":"175, 233, 475","color":"#0059a9","mode":"bus","arr":["175","233","475"],"angle":63.7,"extra":1}},{"type":"Feature","geometry":{"type":"Point","coordinates":[19.872489,49.988625]},"properties":{"lines":"175, 233, 475","color":"#0059a9","mode":"bus","arr":["175","233","475"],"angle":52.8}},{"type":"Feature","geometry":{"type":"Point","coordinates":[19.894217,49.984249]},"properties":{"lines":"175, 243, 475","color":"#0059a9","mode":"bus","arr":["175","243","475"],"angle":1.2}},{"type":"Feature","geometry":{"type":"Point","coordinates":[19.877169,49.981485]},"properties":{"lines":"175, 243, 475","color":"#0059a9","mode":"bus","arr":["175","243","475"],"angle":-16.4,"extra":1}},{"type":"Feature","geometry":{"type":"Point","coordinates":[19.884565,49.982854]},"properties":{"lines":"175, 243, 475","color":"#0059a9","mode":"bus","arr":["175","243","475"],"angle":-12.2,"extra":1}},{"type":"Feature","geometry":{"type":"Point","coordinates":[19.899331,49.985034]},"properties":{"lines":"175, 243, 475","color":"#0059a9","mode":"bus","arr":["175","243","475"],"angle":-27.1,"extra":1}},{"type":"Feature","geometry":{"type":"Point","coordinates":[19.906645,49.986069]},"properties":{"lines":"175, 243, 475","color":"#0059a9","mode":"bus","arr":["175","243","475"],"angle":-11.4,"extra":1}},{"type":"Feature","geometry":{"type":"Point","coordinates":[19.913917,49.987465]},"properties":{"lines":"175, 243, 475","color":"#0059a9","mode":"bus","arr":["175","243","475"],"angle":-10.6,"extra":1}},{"type":"Feature","geometry":{"type":"Point","coordinates":[19.916613,49.987068]},"properties":{"lines":"175","color":"#0059a9","mode":"bus","arr":["175"],"angle":13.9}},{"type":"Feature","geometry":{"type":"Point","coordinates":[19.920313,49.984274]},"properties":{"lines":"175","color":"#0059a9","mode":"bus","arr":["175"],"angle":50.8}},{"type":"Feature","geometry":{"type":"Point","coordinates":[19.917703,49.993318]},"properties":{"lines":"175, 235, 243, 245, 255, 275, 285, 475","color":"#0059a9","mode":"bus","arr":["175","235","243","245","255","275","285","475"],"angle":-71.7}},{"type":"Feature","geometry":{"type":"Point","coordinates":[19.915908,49.989702]},"properties":{"lines":"175, 235, 243, 245, 255, 275, 285, 475","color":"#0059a9","mode":"bus","arr":["175","235","243","245","255","275","285","475"],"angle":-72.2,"extra":1}},{"type":"Feature","geometry":{"type":"Point","coordinates":[19.919572,49.996901]},"properties":{"lines":"175, 235, 243, 245, 255, 275, 285, 475","color":"#0059a9","mode":"bus","arr":["175","235","243","245","255","275","285","475"],"angle":-71.2,"extra":1}},{"type":"Feature","geometry":{"type":"Point","coordinates":[19.922894,50.003116]},"properties":{"lines":"175, 214, 215, 225, 235, 243, 245, 254, 255, 265, 275, 285, 475, 915","color":"#0059a9","mode":"bus","arr":["175","214","215","225","235","243","245","254","255","265","275","285","475","915"],"angle":-70.9}},{"type":"Feature","geometry":{"type":"Point","coordinates":[19.924566,50.006248]},"properties":{"lines":"175, 214, 215, 225, 235, 243, 245, 254, 255, 265, 275, 285, 475, 915","color":"#0059a9","mode":"bus","arr":["175","214","215","225","235","243","245","254","255","265","275","285","475","915"],"angle":-70.5,"extra":1}},{"type":"Feature","geometry":{"type":"Point","coordinates":[19.92115,50.000004]},"properties":{"lines":"175, 214, 215, 225, 235, 243, 245, 254, 255, 265, 275, 285, 475, 915","color":"#0059a9","mode":"bus","arr":["175","214","215","225","235","243","245","254","255","265","275","285","475","915"],"angle":-71.8,"extra":1}},{"type":"Feature","geometry":{"type":"Point","coordinates":[19.875639,50.037863]},"properties":{"lines":"176","color":"#0059a9","mode":"bus","arr":["176"],"angle":53.2}},{"type":"Feature","geometry":{"type":"Point","coordinates":[19.883313,50.036406]},"properties":{"lines":"176","color":"#0059a9","mode":"bus","arr":["176"],"angle":50.8,"extra":1}},{"type":"Feature","geometry":{"type":"Point","coordinates":[19.872494,50.041223]},"properties":{"lines":"176","color":"#0059a9","mode":"bus","arr":["176"],"angle":25.3,"extra":1}},{"type":"Feature","geometry":{"type":"Point","coordinates":[19.867739,50.038654]},"properties":{"lines":"176","color":"#0059a9","mode":"bus","arr":["176"],"angle":-60.5}},{"type":"Feature","geometry":{"type":"Point","coordinates":[20.053467,50.097909]},"properties":{"lines":"180, 182, 511, 608","color":"#0059a9","mode":"bus","arr":["180","182","511","608"],"angle":29.1}},{"type":"Feature","geometry":{"type":"Point","coordinates":[20.074566,50.098614]},"properties":{"lines":"180","color":"#0059a9","mode":"bus","arr":["180"],"angle":-51.8}},{"type":"Feature","geometry":{"type":"Point","coordinates":[20.069833,50.097454]},"properties":{"lines":"180","color":"#0059a9","mode":"bus","arr":["180"],"angle":44,"extra":1}},{"type":"Feature","geometry":{"type":"Point","coordinates":[20.074531,50.102371]},"properties":{"lines":"180","color":"#0059a9","mode":"bus","arr":["180"],"angle":45.9,"extra":1}},{"type":"Feature","geometry":{"type":"Point","coordinates":[19.962931,50.070388]},"properties":{"lines":"182, 189, 482, 511, 601, 611","color":"#0059a9","mode":"bus","arr":["182","189","482","511","601","611"],"angle":-54.4}},{"type":"Feature","geometry":{"type":"Point","coordinates":[19.9707,50.084154]},"properties":{"lines":"182, 189, 482, 511, 601, 611","color":"#0059a9","mode":"bus","arr":["182","189","482","511","601","611"],"angle":-80.2}},{"type":"Feature","geometry":{"type":"Point","coordinates":[20.018975,50.084692]},"properties":{"lines":"189, 572, 608, 664","color":"#0059a9","mode":"bus","arr":["189","572","608","664"],"angle":23.7}},{"type":"Feature","geometry":{"type":"Point","coordinates":[20.019414,50.085324]},"properties":{"lines":"189, 572, 608, 611","color":"#0059a9","mode":"bus","arr":["189","572","608","611"],"angle":22.3}},{"type":"Feature","geometry":{"type":"Point","coordinates":[20.016022,50.085583]},"properties":{"lines":"189, 572, 608, 611","color":"#0059a9","mode":"bus","arr":["189","572","608","611"],"angle":14.3}},{"type":"Feature","geometry":{"type":"Point","coordinates":[19.946467,50.069183]},"properties":{"lines":"189, 192, 511","color":"#0059a9","mode":"bus","arr":["189","192","511"],"angle":37.6}},{"type":"Feature","geometry":{"type":"Point","coordinates":[19.946401,50.069046]},"properties":{"lines":"189, 192, 511, 608, 609, 669, 902","color":"#0059a9","mode":"bus","arr":["189","192","511","608","609","669","902"],"angle":33.3}},{"type":"Feature","geometry":{"type":"Point","coordinates":[19.824335,50.067623]},"properties":{"lines":"192, 300, 902","color":"#0059a9","mode":"bus","arr":["192","300","902"],"angle":-14.4}},{"type":"Feature","geometry":{"type":"Point","coordinates":[19.843023,50.068152]},"properties":{"lines":"192, 300, 902","color":"#0059a9","mode":"bus","arr":["192","300","902"],"angle":23.8,"extra":1}},{"type":"Feature","geometry":{"type":"Point","coordinates":[19.835513,50.068967]},"properties":{"lines":"192, 300, 902","color":"#0059a9","mode":"bus","arr":["192","300","902"],"angle":-1.6,"extra":1}},{"type":"Feature","geometry":{"type":"Point","coordinates":[19.815569,50.063179]},"properties":{"lines":"192, 300, 902","color":"#0059a9","mode":"bus","arr":["192","300","902"],"angle":-31.9,"extra":1}},{"type":"Feature","geometry":{"type":"Point","coordinates":[19.808581,50.061349]},"properties":{"lines":"192, 300, 902","color":"#0059a9","mode":"bus","arr":["192","300","902"],"angle":6.4,"extra":1}},{"type":"Feature","geometry":{"type":"Point","coordinates":[19.918325,50.029235]},"properties":{"lines":"194, 494","color":"#0059a9","mode":"bus","arr":["194","494"],"angle":-52.4}},{"type":"Feature","geometry":{"type":"Point","coordinates":[19.92562,50.036502]},"properties":{"lines":"194, 494, 662","color":"#0059a9","mode":"bus","arr":["194","494","662"],"angle":-89.8}},{"type":"Feature","geometry":{"type":"Point","coordinates":[19.922739,50.043239]},"properties":{"lines":"194, 494, 662","color":"#0059a9","mode":"bus","arr":["194","494","662"],"angle":65.9,"extra":1}},{"type":"Feature","geometry":{"type":"Point","coordinates":[19.925631,50.033688]},"properties":{"lines":"194, 494, 662","color":"#0059a9","mode":"bus","arr":["194","494","662"],"angle":83.8,"extra":1}},{"type":"Feature","geometry":{"type":"Point","coordinates":[19.923161,50.030997]},"properties":{"lines":"194, 494, 662","color":"#0059a9","mode":"bus","arr":["194","494","662"],"angle":20.3,"extra":1}},{"type":"Feature","geometry":{"type":"Point","coordinates":[19.904884,50.01755]},"properties":{"lines":"194, 494, 608","color":"#0059a9","mode":"bus","arr":["194","494","608"],"angle":-56.4}},{"type":"Feature","geometry":{"type":"Point","coordinates":[19.895937,50.009505]},"properties":{"lines":"194, 494, 608","color":"#0059a9","mode":"bus","arr":["194","494","608"],"angle":-42.7,"extra":1}},{"type":"Feature","geometry":{"type":"Point","coordinates":[19.900594,50.013395]},"properties":{"lines":"194, 494, 608","color":"#0059a9","mode":"bus","arr":["194","494","608"],"angle":-56.4,"extra":1}},{"type":"Feature","geometry":{"type":"Point","coordinates":[19.909115,50.021639]},"properties":{"lines":"194, 494, 608","color":"#0059a9","mode":"bus","arr":["194","494","608"],"angle":-56.9,"extra":1}},{"type":"Feature","geometry":{"type":"Point","coordinates":[19.912644,50.026018]},"properties":{"lines":"194, 494, 608","color":"#0059a9","mode":"bus","arr":["194","494","608"],"angle":-80.9,"extra":1}},{"type":"Feature","geometry":{"type":"Point","coordinates":[20.028763,50.018034]},"properties":{"lines":"195, 234, 284","color":"#0059a9","mode":"bus","arr":["195","234","284"],"angle":3.1}},{"type":"Feature","geometry":{"type":"Point","coordinates":[20.034204,50.018342]},"properties":{"lines":"195, 234, 284","color":"#0059a9","mode":"bus","arr":["195","234","284"],"angle":-2.4,"extra":1}},{"type":"Feature","geometry":{"type":"Point","coordinates":[20.035251,50.018483]},"properties":{"lines":"195, 234","color":"#0059a9","mode":"bus","arr":["195","234"],"angle":-30.5}},{"type":"Feature","geometry":{"type":"Point","coordinates":[20.039,50.027219]},"properties":{"lines":"195","color":"#0059a9","mode":"bus","arr":["195"],"angle":-76.3}},{"type":"Feature","geometry":{"type":"Point","coordinates":[20.037981,50.020485]},"properties":{"lines":"195","color":"#0059a9","mode":"bus","arr":["195"],"angle":5.7,"extra":1}},{"type":"Feature","geometry":{"type":"Point","coordinates":[20.040629,50.031145]},"properties":{"lines":"195","color":"#0059a9","mode":"bus","arr":["195"],"angle":-76.9,"extra":1}},{"type":"Feature","geometry":{"type":"Point","coordinates":[20.04089,50.022668]},"properties":{"lines":"195","color":"#0059a9","mode":"bus","arr":["195"],"angle":22.1,"extra":1}},{"type":"Feature","geometry":{"type":"Point","coordinates":[20.046698,50.022131]},"properties":{"lines":"195","color":"#0059a9","mode":"bus","arr":["195"],"angle":-14.1}},{"type":"Feature","geometry":{"type":"Point","coordinates":[20.024536,50.01813]},"properties":{"lines":"195","color":"#0059a9","mode":"bus","arr":["195"],"angle":-84.8}},{"type":"Feature","geometry":{"type":"Point","coordinates":[19.685236,50.237995]},"properties":{"lines":"200","color":"#0059a9","mode":"bus","arr":["200"],"angle":-43}},{"type":"Feature","geometry":{"type":"Point","coordinates":[19.718324,50.230876]},"properties":{"lines":"200","color":"#0059a9","mode":"bus","arr":["200"],"angle":25.3}},{"type":"Feature","geometry":{"type":"Point","coordinates":[19.745695,50.222443]},"properties":{"lines":"200","color":"#0059a9","mode":"bus","arr":["200"],"angle":19.3,"extra":1}},{"type":"Feature","geometry":{"type":"Point","coordinates":[19.738375,50.223993]},"properties":{"lines":"200","color":"#0059a9","mode":"bus","arr":["200"],"angle":18.6,"extra":1}},{"type":"Feature","geometry":{"type":"Point","coordinates":[19.731088,50.225601]},"properties":{"lines":"200","color":"#0059a9","mode":"bus","arr":["200"],"angle":25.4,"extra":1}},{"type":"Feature","geometry":{"type":"Point","coordinates":[19.725779,50.229119]},"properties":{"lines":"200","color":"#0059a9","mode":"bus","arr":["200"],"angle":40.3,"extra":1}},{"type":"Feature","geometry":{"type":"Point","coordinates":[19.711625,50.232909]},"properties":{"lines":"200","color":"#0059a9","mode":"bus","arr":["200"],"angle":20.3,"extra":1}},{"type":"Feature","geometry":{"type":"Point","coordinates":[19.704482,50.234766]},"properties":{"lines":"200","color":"#0059a9","mode":"bus","arr":["200"],"angle":22.8,"extra":1}},{"type":"Feature","geometry":{"type":"Point","coordinates":[19.697282,50.236521]},"properties":{"lines":"200","color":"#0059a9","mode":"bus","arr":["200"],"angle":19.9,"extra":1}},{"type":"Feature","geometry":{"type":"Point","coordinates":[19.689811,50.237734]},"properties":{"lines":"200","color":"#0059a9","mode":"bus","arr":["200"],"angle":11.7,"extra":1}},{"type":"Feature","geometry":{"type":"Point","coordinates":[19.77616,50.207502]},"properties":{"lines":"200, LR0","color":"#0059a9","mode":"bus","arr":["200","LR0"],"angle":36.8}},{"type":"Feature","geometry":{"type":"Point","coordinates":[19.752385,50.220056]},"properties":{"lines":"200, LR0","color":"#0059a9","mode":"bus","arr":["200","LR0"],"angle":37.6,"extra":1}},{"type":"Feature","geometry":{"type":"Point","coordinates":[19.758765,50.217286]},"properties":{"lines":"200, LR0","color":"#0059a9","mode":"bus","arr":["200","LR0"],"angle":41.6,"extra":1}},{"type":"Feature","geometry":{"type":"Point","coordinates":[19.763647,50.213467]},"properties":{"lines":"200, LR0","color":"#0059a9","mode":"bus","arr":["200","LR0"],"angle":43.6,"extra":1}},{"type":"Feature","geometry":{"type":"Point","coordinates":[19.769832,50.210516]},"properties":{"lines":"200, LR0","color":"#0059a9","mode":"bus","arr":["200","LR0"],"angle":36.4,"extra":1}},{"type":"Feature","geometry":{"type":"Point","coordinates":[19.781997,50.204456]},"properties":{"lines":"200, LR0","color":"#0059a9","mode":"bus","arr":["200","LR0"],"angle":45,"extra":1}},{"type":"Feature","geometry":{"type":"Point","coordinates":[19.786069,50.200278]},"properties":{"lines":"200, LR0","color":"#0059a9","mode":"bus","arr":["200","LR0"],"angle":56.9,"extra":1}},{"type":"Feature","geometry":{"type":"Point","coordinates":[19.790529,50.196244]},"properties":{"lines":"200, LR0","color":"#0059a9","mode":"bus","arr":["200","LR0"],"angle":54.8,"extra":1}},{"type":"Feature","geometry":{"type":"Point","coordinates":[19.794116,50.191873]},"properties":{"lines":"200, LR0","color":"#0059a9","mode":"bus","arr":["200","LR0"],"angle":57.7,"extra":1}},{"type":"Feature","geometry":{"type":"Point","coordinates":[19.832896,50.164213]},"properties":{"lines":"200, 310, 910, LR0","color":"#0059a9","mode":"bus","arr":["200","310","910","LR0"],"angle":9.6}},{"type":"Feature","geometry":{"type":"Point","coordinates":[19.800486,50.18882]},"properties":{"lines":"200, 310, 910, LR0","color":"#0059a9","mode":"bus","arr":["200","310","910","LR0"],"angle":22.6,"extra":1}},{"type":"Feature","geometry":{"type":"Point","coordinates":[19.807178,50.186643]},"properties":{"lines":"200, 310, 910, LR0","color":"#0059a9","mode":"bus","arr":["200","310","910","LR0"],"angle":55.4,"extra":1}},{"type":"Feature","geometry":{"type":"Point","coordinates":[19.810841,50.182305]},"properties":{"lines":"200, 310, 910, LR0","color":"#0059a9","mode":"bus","arr":["200","310","910","LR0"],"angle":70.6,"extra":1}},{"type":"Feature","geometry":{"type":"Point","coordinates":[19.814429,50.177989]},"properties":{"lines":"200, 310, 910, LR0","color":"#0059a9","mode":"bus","arr":["200","310","910","LR0"],"angle":46.9,"extra":1}},{"type":"Feature","geometry":{"type":"Point","coordinates":[19.818879,50.173986]},"properties":{"lines":"200, 310, 910, LR0","color":"#0059a9","mode":"bus","arr":["200","310","910","LR0"],"angle":51.3,"extra":1}},{"type":"Feature","geometry":{"type":"Point","coordinates":[19.824312,50.170506]},"properties":{"lines":"200, 310, 910, LR0","color":"#0059a9","mode":"bus","arr":["200","310","910","LR0"],"angle":41.7,"extra":1}},{"type":"Feature","geometry":{"type":"Point","coordinates":[19.828394,50.16634]},"properties":{"lines":"200, 310, 910, LR0","color":"#0059a9","mode":"bus","arr":["200","310","910","LR0"],"angle":64.8,"extra":1}},{"type":"Feature","geometry":{"type":"Point","coordinates":[19.840179,50.16168]},"properties":{"lines":"200, 310, 910, LR0","color":"#0059a9","mode":"bus","arr":["200","310","910","LR0"],"angle":89.5,"extra":1}},{"type":"Feature","geometry":{"type":"Point","coordinates":[19.842268,50.157292]},"properties":{"lines":"200, 310, 910, LR0","color":"#0059a9","mode":"bus","arr":["200","310","910","LR0"],"angle":41.1,"extra":1}},{"type":"Feature","geometry":{"type":"Point","coordinates":[19.84856,50.154474]},"properties":{"lines":"200, 310, 910, LR0","color":"#0059a9","mode":"bus","arr":["200","310","910","LR0"],"angle":47.1,"extra":1}},{"type":"Feature","geometry":{"type":"Point","coordinates":[19.8537,50.150805]},"properties":{"lines":"200, 310, 910, LR0","color":"#0059a9","mode":"bus","arr":["200","310","910","LR0"],"angle":56.7,"extra":1}},{"type":"Feature","geometry":{"type":"Point","coordinates":[19.857809,50.146627]},"properties":{"lines":"200, 310, 910, LR0","color":"#0059a9","mode":"bus","arr":["200","310","910","LR0"],"angle":47.6,"extra":1}},{"type":"Feature","geometry":{"type":"Point","coordinates":[19.862864,50.142933]},"properties":{"lines":"200, 310, 910, LR0","color":"#0059a9","mode":"bus","arr":["200","310","910","LR0"],"angle":68.4,"extra":1}},{"type":"Feature","geometry":{"type":"Point","coordinates":[19.864785,50.138151]},"properties":{"lines":"200, 310, 910, LR0","color":"#0059a9","mode":"bus","arr":["200","310","910","LR0"],"angle":68.7,"extra":1}},{"type":"Feature","geometry":{"type":"Point","coordinates":[19.867781,50.132977]},"properties":{"lines":"200, 310, 910, LR0","color":"#0059a9","mode":"bus","arr":["200","310","910","LR0"],"angle":52.5}},{"type":"Feature","geometry":{"type":"Point","coordinates":[19.868422,50.119877]},"properties":{"lines":"200, 310, LR0","color":"#0059a9","mode":"bus","arr":["200","310","LR0"],"angle":-88.1}},{"type":"Feature","geometry":{"type":"Point","coordinates":[19.891812,50.095529]},"properties":{"lines":"200, 210, 230, 310, 910","color":"#0059a9","mode":"bus","arr":["200","210","230","310","910"],"angle":70}},{"type":"Feature","geometry":{"type":"Point","coordinates":[19.892776,50.08984]},"properties":{"lines":"200, 210, 230, 240, 310, 511, 611, 910, LR0","color":"#0059a9","mode":"bus","arr":["200","210","230","240","310","511","611","910","LR0"],"angle":-81.4}},{"type":"Feature","geometry":{"type":"Point","coordinates":[19.89354,50.093048]},"properties":{"lines":"200, 210, 230, 240, 310, 511, 611, 910","color":"#0059a9","mode":"bus","arr":["200","210","230","240","310","511","611","910"],"angle":81.7}},{"type":"Feature","geometry":{"type":"Point","coordinates":[19.892181,50.095645]},"properties":{"lines":"200, 210, 230, 240, 310, 910","color":"#0059a9","mode":"bus","arr":["200","210","230","240","310","910"],"angle":68.1}},{"type":"Feature","geometry":{"type":"Point","coordinates":[19.891072,50.097308]},"properties":{"lines":"200, 210, 230, 240, 310, 910, LR0","color":"#0059a9","mode":"bus","arr":["200","210","230","240","310","910","LR0"],"angle":69.2}},{"type":"Feature","geometry":{"type":"Point","coordinates":[20.129392,50.175315]},"properties":{"lines":"202","color":"#0059a9","mode":"bus","arr":["202"],"angle":-52.5}},{"type":"Feature","geometry":{"type":"Point","coordinates":[20.159473,50.189984]},"properties":{"lines":"202","color":"#0059a9","mode":"bus","arr":["202"],"angle":23.2,"extra":1}},{"type":"Feature","geometry":{"type":"Point","coordinates":[20.152862,50.190701]},"properties":{"lines":"202","color":"#0059a9","mode":"bus","arr":["202"],"angle":8.2,"extra":1}},{"type":"Feature","geometry":{"type":"Point","coordinates":[20.146339,50.189217]},"properties":{"lines":"202","color":"#0059a9","mode":"bus","arr":["202"],"angle":-15.3,"extra":1}},{"type":"Feature","geometry":{"type":"Point","coordinates":[20.142261,50.185608]},"properties":{"lines":"202","color":"#0059a9","mode":"bus","arr":["202"],"angle":-45.7,"extra":1}},{"type":"Feature","geometry":{"type":"Point","coordinates":[20.135182,50.183884]},"properties":{"lines":"202","color":"#0059a9","mode":"bus","arr":["202"],"angle":-2,"extra":1}},{"type":"Feature","geometry":{"type":"Point","coordinates":[20.132521,50.180225]},"properties":{"lines":"202","color":"#0059a9","mode":"bus","arr":["202"],"angle":-89.2,"extra":1}},{"type":"Feature","geometry":{"type":"Point","coordinates":[20.125376,50.171756]},"properties":{"lines":"202","color":"#0059a9","mode":"bus","arr":["202"],"angle":-65.5,"extra":1}},{"type":"Feature","geometry":{"type":"Point","coordinates":[20.122514,50.167168]},"properties":{"lines":"202","color":"#0059a9","mode":"bus","arr":["202"],"angle":-60.6,"extra":1}},{"type":"Feature","geometry":{"type":"Point","coordinates":[20.118121,50.163202]},"properties":{"lines":"202","color":"#0059a9","mode":"bus","arr":["202"],"angle":-65.7,"extra":1}},{"type":"Feature","geometry":{"type":"Point","coordinates":[20.116181,50.158426]},"properties":{"lines":"202","color":"#0059a9","mode":"bus","arr":["202"],"angle":-82.7,"extra":1}},{"type":"Feature","geometry":{"type":"Point","coordinates":[20.115509,50.153504]},"properties":{"lines":"202","color":"#0059a9","mode":"bus","arr":["202"],"angle":-70.2,"extra":1}},{"type":"Feature","geometry":{"type":"Point","coordinates":[20.112769,50.148964]},"properties":{"lines":"202","color":"#0059a9","mode":"bus","arr":["202"],"angle":-63.7,"extra":1}},{"type":"Feature","geometry":{"type":"Point","coordinates":[20.110563,50.141011]},"properties":{"lines":"202, 222, 232","color":"#0059a9","mode":"bus","arr":["202","222","232"],"angle":62.4}},{"type":"Feature","geometry":{"type":"Point","coordinates":[20.111679,50.138094]},"properties":{"lines":"202, 222, 232","color":"#0059a9","mode":"bus","arr":["202","222","232"],"angle":70.4,"extra":1}},{"type":"Feature","geometry":{"type":"Point","coordinates":[20.114034,50.136008]},"properties":{"lines":"202, 222, 232, 262","color":"#0059a9","mode":"bus","arr":["202","222","232","262"],"angle":-57.5}},{"type":"Feature","geometry":{"type":"Point","coordinates":[20.113066,50.135039]},"properties":{"lines":"202, 222, 232, 262, 272","color":"#0059a9","mode":"bus","arr":["202","222","232","262","272"],"angle":-64.8}},{"type":"Feature","geometry":{"type":"Point","coordinates":[20.107289,50.130798]},"properties":{"lines":"202, 212, 222, 232, 262, 272","color":"#0059a9","mode":"bus","arr":["202","212","222","232","262","272"],"angle":-53.2}},{"type":"Feature","geometry":{"type":"Point","coordinates":[20.110302,50.133061]},"properties":{"lines":"202, 212, 222, 232, 262, 272","color":"#0059a9","mode":"bus","arr":["202","212","222","232","262","272"],"angle":-23.7,"extra":1}},{"type":"Feature","geometry":{"type":"Point","coordinates":[20.107377,50.130735]},"properties":{"lines":"202, 212, 222, 232, 262, 272","color":"#0059a9","mode":"bus","arr":["202","212","222","232","262","272"],"angle":-53.5}},{"type":"Feature","geometry":{"type":"Point","coordinates":[20.104362,50.12845]},"properties":{"lines":"202, 212, 222, 232, 262, 272","color":"#0059a9","mode":"bus","arr":["202","212","222","232","262","272"],"angle":-48.6,"extra":1}},{"type":"Feature","geometry":{"type":"Point","coordinates":[20.093693,50.12041]},"properties":{"lines":"202, 212, 222, 232, 262","color":"#0059a9","mode":"bus","arr":["202","212","222","232","262"],"angle":-37.8}},{"type":"Feature","geometry":{"type":"Point","coordinates":[20.098903,50.124197]},"properties":{"lines":"202, 212, 222, 232, 262","color":"#0059a9","mode":"bus","arr":["202","212","222","232","262"],"angle":-55.8,"extra":1}},{"type":"Feature","geometry":{"type":"Point","coordinates":[20.08976,50.116439]},"properties":{"lines":"202, 212, 222, 232, 262","color":"#0059a9","mode":"bus","arr":["202","212","222","232","262"],"angle":-50.1,"extra":1}},{"type":"Feature","geometry":{"type":"Point","coordinates":[20.074717,50.106034]},"properties":{"lines":"202, 212, 222, 232, 262","color":"#0059a9","mode":"bus","arr":["202","212","222","232","262"],"angle":-51.4,"extra":1}},{"type":"Feature","geometry":{"type":"Point","coordinates":[20.080542,50.109128]},"properties":{"lines":"202, 212, 222, 232, 262","color":"#0059a9","mode":"bus","arr":["202","212","222","232","262"],"angle":-59.8,"extra":1}},{"type":"Feature","geometry":{"type":"Point","coordinates":[20.085775,50.111945]},"properties":{"lines":"202, 212, 222, 232, 262","color":"#0059a9","mode":"bus","arr":["202","212","222","232","262"],"angle":-66.5,"extra":1}},{"type":"Feature","geometry":{"type":"Point","coordinates":[20.083892,50.112968]},"properties":{"lines":"202, 212, 222, 232, 262","color":"#0059a9","mode":"bus","arr":["202","212","222","232","262"],"angle":-55.2}},{"type":"Feature","geometry":{"type":"Point","coordinates":[19.819261,49.979857]},"properties":{"lines":"203","color":"#0059a9","mode":"bus","arr":["203"],"angle":63.9}},{"type":"Feature","geometry":{"type":"Point","coordinates":[19.843793,50.026646]},"properties":{"lines":"203","color":"#0059a9","mode":"bus","arr":["203"],"angle":-18.7,"extra":1}},{"type":"Feature","geometry":{"type":"Point","coordinates":[19.836433,50.025274]},"properties":{"lines":"203","color":"#0059a9","mode":"bus","arr":["203"],"angle":-18.3,"extra":1}},{"type":"Feature","geometry":{"type":"Point","coordinates":[19.832265,50.023976]},"properties":{"lines":"203","color":"#0059a9","mode":"bus","arr":["203"],"angle":-39,"extra":1}},{"type":"Feature","geometry":{"type":"Point","coordinates":[19.830533,50.028278]},"properties":{"lines":"203","color":"#0059a9","mode":"bus","arr":["203"],"angle":70.3,"extra":1}},{"type":"Feature","geometry":{"type":"Point","coordinates":[19.819115,49.976966]},"properties":{"lines":"203","color":"#0059a9","mode":"bus","arr":["203"],"angle":-15.3,"extra":1}},{"type":"Feature","geometry":{"type":"Point","coordinates":[19.818775,49.997824]},"properties":{"lines":"203","color":"#0059a9","mode":"bus","arr":["203"],"angle":73.8}},{"type":"Feature","geometry":{"type":"Point","coordinates":[19.815274,50.005901]},"properties":{"lines":"203","color":"#0059a9","mode":"bus","arr":["203"],"angle":-87.9,"extra":1}},{"type":"Feature","geometry":{"type":"Point","coordinates":[19.817261,50.001689]},"properties":{"lines":"203","color":"#0059a9","mode":"bus","arr":["203"],"angle":-35.6,"extra":1}},{"type":"Feature","geometry":{"type":"Point","coordinates":[19.815549,49.993812]},"properties":{"lines":"203","color":"#0059a9","mode":"bus","arr":["203"],"angle":-60,"extra":1}},{"type":"Feature","geometry":{"type":"Point","coordinates":[19.811573,49.990042]},"properties":{"lines":"203","color":"#0059a9","mode":"bus","arr":["203"],"angle":-88.2,"extra":1}},{"type":"Feature","geometry":{"type":"Point","coordinates":[19.816582,49.985378]},"properties":{"lines":"203","color":"#0059a9","mode":"bus","arr":["203"],"angle":16.1}},{"type":"Feature","geometry":{"type":"Point","coordinates":[19.823555,49.976206]},"properties":{"lines":"203","color":"#0059a9","mode":"bus","arr":["203"],"angle":36.3}},{"type":"Feature","geometry":{"type":"Point","coordinates":[19.813349,49.984374]},"properties":{"lines":"203","color":"#0059a9","mode":"bus","arr":["203"],"angle":-12.7}},{"type":"Feature","geometry":{"type":"Point","coordinates":[19.804801,49.98728]},"properties":{"lines":"203","color":"#0059a9","mode":"bus","arr":["203"],"angle":-15.9}},{"type":"Feature","geometry":{"type":"Point","coordinates":[19.806554,49.983745]},"properties":{"lines":"203","color":"#0059a9","mode":"bus","arr":["203"],"angle":73.5,"extra":1}},{"type":"Feature","geometry":{"type":"Point","coordinates":[19.811544,49.988816]},"properties":{"lines":"203","color":"#0059a9","mode":"bus","arr":["203"],"angle":32.6,"extra":1}},{"type":"Feature","geometry":{"type":"Point","coordinates":[19.829383,50.032468]},"properties":{"lines":"203","color":"#0059a9","mode":"bus","arr":["203"],"angle":82.5}},{"type":"Feature","geometry":{"type":"Point","coordinates":[19.812853,50.017634]},"properties":{"lines":"203, 712","color":"#0059a9","mode":"bus","arr":["203","712"],"angle":-32.8}},{"type":"Feature","geometry":{"type":"Point","coordinates":[19.825891,50.021202]},"properties":{"lines":"203, 712","color":"#0059a9","mode":"bus","arr":["203","712"],"angle":-33.3,"extra":1}},{"type":"Feature","geometry":{"type":"Point","coordinates":[19.81937,50.018571]},"properties":{"lines":"203, 712","color":"#0059a9","mode":"bus","arr":["203","712"],"angle":-32.8,"extra":1}},{"type":"Feature","geometry":{"type":"Point","coordinates":[19.809083,50.013361]},"properties":{"lines":"203, 712","color":"#0059a9","mode":"bus","arr":["203","712"],"angle":-80.4,"extra":1}},{"type":"Feature","geometry":{"type":"Point","coordinates":[19.812972,50.009342]},"properties":{"lines":"203, 712","color":"#0059a9","mode":"bus","arr":["203","712"],"angle":48,"extra":1}},{"type":"Feature","geometry":{"type":"Point","coordinates":[19.824636,49.975374]},"properties":{"lines":"203, 223, 235, 273, 295","color":"#0059a9","mode":"bus","arr":["203","223","235","273","295"],"angle":-33.7}},{"type":"Feature","geometry":{"type":"Point","coordinates":[19.829412,49.974698]},"properties":{"lines":"203, 223, 273, 295","color":"#0059a9","mode":"bus","arr":["203","223","273","295"],"angle":-2.4}},{"type":"Feature","geometry":{"type":"Point","coordinates":[19.83109,49.975426]},"properties":{"lines":"203, 223, 235, 253, 273, 283, 293, 295, 903","color":"#0059a9","mode":"bus","arr":["203","223","235","253","273","283","293","295","903"],"angle":-82}},{"type":"Feature","geometry":{"type":"Point","coordinates":[19.821699,49.976162]},"properties":{"lines":"203, 273, 295","color":"#0059a9","mode":"bus","arr":["203","273","295"],"angle":88.4}},{"type":"Feature","geometry":{"type":"Point","coordinates":[20.07434,49.986359]},"properties":{"lines":"204, 224, 244, 304, 904","color":"#0059a9","mode":"bus","arr":["204","224","244","304","904"],"angle":34.7}},{"type":"Feature","geometry":{"type":"Point","coordinates":[20.070873,49.98527]},"properties":{"lines":"204, 224, 244, 304, 904","color":"#0059a9","mode":"bus","arr":["204","224","244","304","904"],"angle":-79.2}},{"type":"Feature","geometry":{"type":"Point","coordinates":[20.073754,49.984554]},"properties":{"lines":"204, 224, 904","color":"#0059a9","mode":"bus","arr":["204","224","904"],"angle":-12.7}},{"type":"Feature","geometry":{"type":"Point","coordinates":[20.069993,49.983112]},"properties":{"lines":"244, 304","color":"#0059a9","mode":"bus","arr":["244","304"],"angle":-71.4}},{"type":"Feature","geometry":{"type":"Point","coordinates":[20.074638,49.986481]},"properties":{"lines":"244, 304","color":"#0059a9","mode":"bus","arr":["244","304"],"angle":15.4}},{"type":"Feature","geometry":{"type":"Point","coordinates":[20.066826,49.987234]},"properties":{"lines":"204, 224, 301, 904","color":"#0059a9","mode":"bus","arr":["204","224","301","904"],"angle":4.4}},{"type":"Feature","geometry":{"type":"Point","coordinates":[20.053591,49.988728]},"properties":{"lines":"204, 301, 904","color":"#0059a9","mode":"bus","arr":["204","301","904"],"angle":31.7}},{"type":"Feature","geometry":{"type":"Point","coordinates":[20.058815,49.987836]},"properties":{"lines":"204, 301, 904","color":"#0059a9","mode":"bus","arr":["204","301","904"],"angle":17,"extra":1}},{"type":"Feature","geometry":{"type":"Point","coordinates":[20.033061,49.997462]},"properties":{"lines":"204, 274, 301, 304, 904","color":"#0059a9","mode":"bus","arr":["204","274","301","304","904"],"angle":33.4}},{"type":"Feature","geometry":{"type":"Point","coordinates":[20.037348,49.995219]},"properties":{"lines":"204, 274, 301, 304, 904","color":"#0059a9","mode":"bus","arr":["204","274","301","304","904"],"angle":43.6,"extra":1}},{"type":"Feature","geometry":{"type":"Point","coordinates":[20.034296,49.996568]},"properties":{"lines":"204, 274, 301, 304, 904","color":"#0059a9","mode":"bus","arr":["204","274","301","304","904"],"angle":47.6}},{"type":"Feature","geometry":{"type":"Point","coordinates":[20.030431,49.998004]},"properties":{"lines":"204, 274, 301, 304, 904","color":"#0059a9","mode":"bus","arr":["204","274","301","304","904"],"angle":22.8,"extra":1}},{"type":"Feature","geometry":{"type":"Point","coordinates":[20.021906,50.004209]},"properties":{"lines":"204, 224, 244, 274, 301, 304, 904","color":"#0059a9","mode":"bus","arr":["204","224","244","274","301","304","904"],"angle":34.2}},{"type":"Feature","geometry":{"type":"Point","coordinates":[20.025988,50.001539]},"properties":{"lines":"204, 224, 244, 274, 301, 304, 904","color":"#0059a9","mode":"bus","arr":["204","224","244","274","301","304","904"],"angle":52,"extra":1}},{"type":"Feature","geometry":{"type":"Point","coordinates":[20.017539,50.006135]},"properties":{"lines":"204, 224, 244, 274, 301, 304, 904","color":"#0059a9","mode":"bus","arr":["204","224","244","274","301","304","904"],"angle":34.6,"extra":1}},{"type":"Feature","geometry":{"type":"Point","coordinates":[20.013752,50.007793]},"properties":{"lines":"204, 224, 244, 274, 301, 304","color":"#0059a9","mode":"bus","arr":["204","224","244","274","301","304"],"angle":34.7}},{"type":"Feature","geometry":{"type":"Point","coordinates":[20.012884,50.00837]},"properties":{"lines":"204, 224, 244, 274, 301, 304, 503","color":"#0059a9","mode":"bus","arr":["204","224","244","274","301","304","503"],"angle":34.9}},{"type":"Feature","geometry":{"type":"Point","coordinates":[19.998807,50.013808]},"properties":{"lines":"204, 513","color":"#0059a9","mode":"bus","arr":["204","513"],"angle":85.8}},{"type":"Feature","geometry":{"type":"Point","coordinates":[20.07263,49.986571]},"properties":{"lines":"204, 224, 244, 301, 304, 904","color":"#0059a9","mode":"bus","arr":["204","224","244","301","304","904"],"angle":4.2}},{"type":"Feature","geometry":{"type":"Point","coordinates":[19.909955,50.141041]},"properties":{"lines":"207","color":"#0059a9","mode":"bus","arr":["207"],"angle":-72}},{"type":"Feature","geometry":{"type":"Point","coordinates":[19.913121,50.135297]},"properties":{"lines":"207","color":"#0059a9","mode":"bus","arr":["207"],"angle":69.6}},{"type":"Feature","geometry":{"type":"Point","coordinates":[19.914856,50.131883]},"properties":{"lines":"207","color":"#0059a9","mode":"bus","arr":["207"],"angle":-84.1,"extra":1}},{"type":"Feature","geometry":{"type":"Point","coordinates":[19.930091,50.120943]},"properties":{"lines":"207","color":"#0059a9","mode":"bus","arr":["207"],"angle":-39.2}},{"type":"Feature","geometry":{"type":"Point","coordinates":[19.924737,50.11836]},"properties":{"lines":"207","color":"#0059a9","mode":"bus","arr":["207"],"angle":-28,"extra":1}},{"type":"Feature","geometry":{"type":"Point","coordinates":[19.937216,50.123973]},"properties":{"lines":"207","color":"#0059a9","mode":"bus","arr":["207"],"angle":-28.7,"extra":1}},{"type":"Feature","geometry":{"type":"Point","coordinates":[19.942337,50.115827]},"properties":{"lines":"207","color":"#0059a9","mode":"bus","arr":["207"],"angle":79.7}},{"type":"Feature","geometry":{"type":"Point","coordinates":[19.940162,50.120902]},"properties":{"lines":"207","color":"#0059a9","mode":"bus","arr":["207"],"angle":70.6,"extra":1}},{"type":"Feature","geometry":{"type":"Point","coordinates":[19.94307,50.11129]},"properties":{"lines":"207","color":"#0059a9","mode":"bus","arr":["207"],"angle":-86.8,"extra":1}},{"type":"Feature","geometry":{"type":"Point","coordinates":[19.920251,50.124102]},"properties":{"lines":"207, 227, 267, 337, 937","color":"#0059a9","mode":"bus","arr":["207","227","267","337","937"],"angle":73.5}},{"type":"Feature","geometry":{"type":"Point","coordinates":[19.918608,50.127567]},"properties":{"lines":"207, 227, 267, 337, 937","color":"#0059a9","mode":"bus","arr":["207","227","267","337","937"],"angle":62.3,"extra":1}},{"type":"Feature","geometry":{"type":"Point","coordinates":[19.921096,50.118212]},"properties":{"lines":"207, 227, 267, 337, 937","color":"#0059a9","mode":"bus","arr":["207","227","267","337","937"],"angle":-77.5,"extra":1}},{"type":"Feature","geometry":{"type":"Point","coordinates":[19.939165,50.124047]},"properties":{"lines":"207, 247","color":"#0059a9","mode":"bus","arr":["207","247"],"angle":70.8}},{"type":"Feature","geometry":{"type":"Point","coordinates":[19.945639,50.103805]},"properties":{"lines":"207, 317","color":"#0059a9","mode":"bus","arr":["207","317"],"angle":79.6}},{"type":"Feature","geometry":{"type":"Point","coordinates":[19.947653,50.098049]},"properties":{"lines":"207, 669","color":"#0059a9","mode":"bus","arr":["207","669"],"angle":85.3}},{"type":"Feature","geometry":{"type":"Point","coordinates":[19.911218,50.051878]},"properties":{"lines":"209, 229, 239, 249, 259, 269, 279, 609","color":"#0059a9","mode":"bus","arr":["209","229","239","249","259","269","279","609"],"angle":-9.9}},{"type":"Feature","geometry":{"type":"Point","coordinates":[19.905967,50.049855]},"properties":{"lines":"209, 229, 239, 249, 259, 269, 279, 609","color":"#0059a9","mode":"bus","arr":["209","229","239","249","259","269","279","609"],"angle":-50.5}},{"type":"Feature","geometry":{"type":"Point","coordinates":[19.855315,50.04462]},"properties":{"lines":"209, 219, 229, 239, 249, 259, 269, 279, 609, 712","color":"#0059a9","mode":"bus","arr":["209","219","229","239","249","259","269","279","609","712"],"angle":-10.5}},{"type":"Feature","geometry":{"type":"Point","coordinates":[19.868372,50.04584]},"properties":{"lines":"209, 219, 229, 239, 249, 259, 269, 279, 609, 712","color":"#0059a9","mode":"bus","arr":["209","219","229","239","249","259","269","279","609","712"],"angle":-7.1,"extra":1}},{"type":"Feature","geometry":{"type":"Point","coordinates":[19.860722,50.045232]},"properties":{"lines":"209, 219, 229, 239, 249, 259, 269, 279, 609, 712","color":"#0059a9","mode":"bus","arr":["209","219","229","239","249","259","269","279","609","712"],"angle":-7.3,"extra":1}},{"type":"Feature","geometry":{"type":"Point","coordinates":[19.845645,50.043515]},"properties":{"lines":"209, 219, 229, 239, 249, 259, 269, 279, 609, 712","color":"#0059a9","mode":"bus","arr":["209","219","229","239","249","259","269","279","609","712"],"angle":-25.7,"extra":1}},{"type":"Feature","geometry":{"type":"Point","coordinates":[19.83438,50.042403]},"properties":{"lines":"209, 219, 229, 239, 269, 279, 609","color":"#0059a9","mode":"bus","arr":["209","219","229","239","269","279","609"],"angle":-26.3}},{"type":"Feature","geometry":{"type":"Point","coordinates":[19.815896,50.042406]},"properties":{"lines":"209, 219, 229, 239, 269, 279","color":"#0059a9","mode":"bus","arr":["209","219","229","239","269","279"],"angle":-15.5}},{"type":"Feature","geometry":{"type":"Point","coordinates":[19.804291,50.041711]},"properties":{"lines":"209, 219, 229, 239, 269, 279","color":"#0059a9","mode":"bus","arr":["209","219","229","239","269","279"],"angle":-40.7}},{"type":"Feature","geometry":{"type":"Point","coordinates":[19.798134,50.044226]},"properties":{"lines":"209, 269","color":"#0059a9","mode":"bus","arr":["209","269"],"angle":-82.2}},{"type":"Feature","geometry":{"type":"Point","coordinates":[19.801265,50.053905]},"properties":{"lines":"209","color":"#0059a9","mode":"bus","arr":["209"],"angle":-75.1}},{"type":"Feature","geometry":{"type":"Point","coordinates":[19.798928,50.048404]},"properties":{"lines":"209","color":"#0059a9","mode":"bus","arr":["209"],"angle":-75.4,"extra":1}},{"type":"Feature","geometry":{"type":"Point","coordinates":[19.802961,50.05795]},"properties":{"lines":"209","color":"#0059a9","mode":"bus","arr":["209"],"angle":-76.9,"extra":1}},{"type":"Feature","geometry":{"type":"Point","coordinates":[19.804081,50.061874]},"properties":{"lines":"209","color":"#0059a9","mode":"bus","arr":["209"],"angle":7}},{"type":"Feature","geometry":{"type":"Point","coordinates":[19.803048,50.071362]},"properties":{"lines":"209","color":"#0059a9","mode":"bus","arr":["209"],"angle":-11.7}},{"type":"Feature","geometry":{"type":"Point","coordinates":[19.807729,50.079865]},"properties":{"lines":"209","color":"#0059a9","mode":"bus","arr":["209"],"angle":80.3}},{"type":"Feature","geometry":{"type":"Point","coordinates":[19.750659,50.077773]},"properties":{"lines":"209","color":"#0059a9","mode":"bus","arr":["209"],"angle":61.2}},{"type":"Feature","geometry":{"type":"Point","coordinates":[19.802546,50.065635]},"properties":{"lines":"209, 300, 902","color":"#0059a9","mode":"bus","arr":["209","300","902"],"angle":67.9}},{"type":"Feature","geometry":{"type":"Point","coordinates":[19.797966,50.084162]},"properties":{"lines":"209, 218, 228, 258, 298, 918","color":"#0059a9","mode":"bus","arr":["209","218","228","258","298","918"],"angle":25.2}},{"type":"Feature","geometry":{"type":"Point","coordinates":[19.792943,50.084531]},"properties":{"lines":"209, 218, 228, 258, 298, 918","color":"#0059a9","mode":"bus","arr":["209","218","228","258","298","918"],"angle":-32.5,"extra":1}},{"type":"Feature","geometry":{"type":"Point","coordinates":[19.771545,50.081924]},"properties":{"lines":"209, 228, 258, 298","color":"#0059a9","mode":"bus","arr":["209","228","258","298"],"angle":-11.4}},{"type":"Feature","geometry":{"type":"Point","coordinates":[19.785582,50.083657]},"properties":{"lines":"209, 228, 258, 298","color":"#0059a9","mode":"bus","arr":["209","228","258","298"],"angle":-7.6,"extra":1}},{"type":"Feature","geometry":{"type":"Point","coordinates":[19.778003,50.082765]},"properties":{"lines":"209, 228, 258, 298","color":"#0059a9","mode":"bus","arr":["209","228","258","298"],"angle":-11.2,"extra":1}},{"type":"Feature","geometry":{"type":"Point","coordinates":[19.76284,50.081133]},"properties":{"lines":"209, 228, 258, 298","color":"#0059a9","mode":"bus","arr":["209","228","258","298"],"angle":-14.6,"extra":1}},{"type":"Feature","geometry":{"type":"Point","coordinates":[19.755527,50.080265]},"properties":{"lines":"209, 228, 258, 298","color":"#0059a9","mode":"bus","arr":["209","228","258","298"],"angle":-11.6,"extra":1}},{"type":"Feature","geometry":{"type":"Point","coordinates":[19.75184,50.080278]},"properties":{"lines":"209, 228","color":"#0059a9","mode":"bus","arr":["209","228"],"angle":9}},{"type":"Feature","geometry":{"type":"Point","coordinates":[19.802644,50.072015]},"properties":{"lines":"300, 902","color":"#0059a9","mode":"bus","arr":["300","902"],"angle":-11}},{"type":"Feature","geometry":{"type":"Point","coordinates":[19.859618,50.069534]},"properties":{"lines":"300, 902","color":"#0059a9","mode":"bus","arr":["300","902"],"angle":30.3}},{"type":"Feature","geometry":{"type":"Point","coordinates":[19.865638,50.068326]},"properties":{"lines":"300, 902","color":"#0059a9","mode":"bus","arr":["300","902"],"angle":19.3,"extra":1}},{"type":"Feature","geometry":{"type":"Point","coordinates":[19.852187,50.067881]},"properties":{"lines":"300, 902","color":"#0059a9","mode":"bus","arr":["300","902"],"angle":-29.2,"extra":1}},{"type":"Feature","geometry":{"type":"Point","coordinates":[19.803636,50.070546]},"properties":{"lines":"300, 902","color":"#0059a9","mode":"bus","arr":["300","902"],"angle":-44.6}},{"type":"Feature","geometry":{"type":"Point","coordinates":[19.87068,50.045962]},"properties":{"lines":"209, 219, 229, 239, 249, 259, 269, 279, 609","color":"#0059a9","mode":"bus","arr":["209","219","229","239","249","259","269","279","609"],"angle":-5.4}},{"type":"Feature","geometry":{"type":"Point","coordinates":[19.840988,50.113439]},"properties":{"lines":"210","color":"#0059a9","mode":"bus","arr":["210"],"angle":53.9}},{"type":"Feature","geometry":{"type":"Point","coordinates":[19.849169,50.114772]},"properties":{"lines":"210","color":"#0059a9","mode":"bus","arr":["210"],"angle":-36.9}},{"type":"Feature","geometry":{"type":"Point","coordinates":[19.860087,50.114715]},"properties":{"lines":"210, 230, 910","color":"#0059a9","mode":"bus","arr":["210","230","910"],"angle":-7.3}},{"type":"Feature","geometry":{"type":"Point","coordinates":[19.866737,50.115239]},"properties":{"lines":"210, 230, 910","color":"#0059a9","mode":"bus","arr":["210","230","910"],"angle":-7.4,"extra":1}},{"type":"Feature","geometry":{"type":"Point","coordinates":[19.854675,50.118113]},"properties":{"lines":"210, 230, 910","color":"#0059a9","mode":"bus","arr":["210","230","910"],"angle":81.1,"extra":1}},{"type":"Feature","geometry":{"type":"Point","coordinates":[19.854664,50.119877]},"properties":{"lines":"210, 230, 910","color":"#0059a9","mode":"bus","arr":["210","230","910"],"angle":10.3}},{"type":"Feature","geometry":{"type":"Point","coordinates":[20.210242,50.050421]},"properties":{"lines":"211","color":"#0059a9","mode":"bus","arr":["211"],"angle":33.4}},{"type":"Feature","geometry":{"type":"Point","coordinates":[20.213305,50.041077]},"properties":{"lines":"211","color":"#0059a9","mode":"bus","arr":["211"],"angle":73.4}},{"type":"Feature","geometry":{"type":"Point","coordinates":[20.292513,50.052515]},"properties":{"lines":"211","color":"#0059a9","mode":"bus","arr":["211"],"angle":6.4}},{"type":"Feature","geometry":{"type":"Point","coordinates":[20.352604,50.077802]},"properties":{"lines":"211","color":"#0059a9","mode":"bus","arr":["211"],"angle":88.4,"extra":1}},{"type":"Feature","geometry":{"type":"Point","coordinates":[20.34924,50.073917]},"properties":{"lines":"211","color":"#0059a9","mode":"bus","arr":["211"],"angle":-20.2,"extra":1}},{"type":"Feature","geometry":{"type":"Point","coordinates":[20.34171,50.073052]},"properties":{"lines":"211","color":"#0059a9","mode":"bus","arr":["211"],"angle":-18.4,"extra":1}},{"type":"Feature","geometry":{"type":"Point","coordinates":[20.335259,50.070405]},"properties":{"lines":"211","color":"#0059a9","mode":"bus","arr":["211"],"angle":-31.1,"extra":1}},{"type":"Feature","geometry":{"type":"Point","coordinates":[20.327807,50.06925]},"properties":{"lines":"211","color":"#0059a9","mode":"bus","arr":["211"],"angle":-16.5,"extra":1}},{"type":"Feature","geometry":{"type":"Point","coordinates":[20.320346,50.068017]},"properties":{"lines":"211","color":"#0059a9","mode":"bus","arr":["211"],"angle":-10.3,"extra":1}},{"type":"Feature","geometry":{"type":"Point","coordinates":[20.313206,50.066198]},"properties":{"lines":"211","color":"#0059a9","mode":"bus","arr":["211"],"angle":-20.2,"extra":1}},{"type":"Feature","geometry":{"type":"Point","coordinates":[20.305665,50.066009]},"properties":{"lines":"211","color":"#0059a9","mode":"bus","arr":["211"],"angle":-23.5,"extra":1}},{"type":"Feature","geometry":{"type":"Point","coordinates":[20.300088,50.062711]},"properties":{"lines":"211","color":"#0059a9","mode":"bus","arr":["211"],"angle":-61,"extra":1}},{"type":"Feature","geometry":{"type":"Point","coordinates":[20.298524,50.057885]},"properties":{"lines":"211","color":"#0059a9","mode":"bus","arr":["211"],"angle":-70.7,"extra":1}},{"type":"Feature","geometry":{"type":"Point","coordinates":[20.280886,50.053232]},"properties":{"lines":"211","color":"#0059a9","mode":"bus","arr":["211"],"angle":4.9,"extra":1}},{"type":"Feature","geometry":{"type":"Point","coordinates":[20.273429,50.052253]},"properties":{"lines":"211","color":"#0059a9","mode":"bus","arr":["211"],"angle":-11.8,"extra":1}},{"type":"Feature","geometry":{"type":"Point","coordinates":[20.265789,50.052676]},"properties":{"lines":"211","color":"#0059a9","mode":"bus","arr":["211"],"angle":9.4,"extra":1}},{"type":"Feature","geometry":{"type":"Point","coordinates":[20.258281,50.053171]},"properties":{"lines":"211","color":"#0059a9","mode":"bus","arr":["211"],"angle":-14.5,"extra":1}},{"type":"Feature","geometry":{"type":"Point","coordinates":[20.251731,50.050837]},"properties":{"lines":"211","color":"#0059a9","mode":"bus","arr":["211"],"angle":-22.3,"extra":1}},{"type":"Feature","geometry":{"type":"Point","coordinates":[20.246593,50.047179]},"properties":{"lines":"211","color":"#0059a9","mode":"bus","arr":["211"],"angle":-50.1,"extra":1}},{"type":"Feature","geometry":{"type":"Point","coordinates":[20.24136,50.043724]},"properties":{"lines":"211","color":"#0059a9","mode":"bus","arr":["211"],"angle":-3.1,"extra":1}},{"type":"Feature","geometry":{"type":"Point","coordinates":[20.233802,50.043049]},"properties":{"lines":"211","color":"#0059a9","mode":"bus","arr":["211"],"angle":-19.9,"extra":1}},{"type":"Feature","geometry":{"type":"Point","coordinates":[20.226517,50.041434]},"properties":{"lines":"211","color":"#0059a9","mode":"bus","arr":["211"],"angle":-16.5,"extra":1}},{"type":"Feature","geometry":{"type":"Point","coordinates":[20.219325,50.039727]},"properties":{"lines":"211","color":"#0059a9","mode":"bus","arr":["211"],"angle":-31.3,"extra":1}},{"type":"Feature","geometry":{"type":"Point","coordinates":[20.2164,50.033349]},"properties":{"lines":"211, 221, 301","color":"#0059a9","mode":"bus","arr":["211","221","301"],"angle":73.1}},{"type":"Feature","geometry":{"type":"Point","coordinates":[20.215458,50.035784]},"properties":{"lines":"211, 221, 301","color":"#0059a9","mode":"bus","arr":["211","221","301"],"angle":71.4}},{"type":"Feature","geometry":{"type":"Point","coordinates":[20.217117,50.037664]},"properties":{"lines":"211, 221, 301","color":"#0059a9","mode":"bus","arr":["211","221","301"],"angle":-48.3}},{"type":"Feature","geometry":{"type":"Point","coordinates":[20.141775,50.131967]},"properties":{"lines":"212","color":"#0059a9","mode":"bus","arr":["212"],"angle":-38.8}},{"type":"Feature","geometry":{"type":"Point","coordinates":[20.184701,50.128413]},"properties":{"lines":"212","color":"#0059a9","mode":"bus","arr":["212"],"angle":14.7,"extra":1}},{"type":"Feature","geometry":{"type":"Point","coordinates":[20.178744,50.127469]},"properties":{"lines":"212","color":"#0059a9","mode":"bus","arr":["212"],"angle":30.1,"extra":1}},{"type":"Feature","geometry":{"type":"Point","coordinates":[20.172845,50.130608]},"properties":{"lines":"212","color":"#0059a9","mode":"bus","arr":["212"],"angle":67.1,"extra":1}},{"type":"Feature","geometry":{"type":"Point","coordinates":[20.115419,50.132008]},"properties":{"lines":"212","color":"#0059a9","mode":"bus","arr":["212"],"angle":-37.1,"extra":1}},{"type":"Feature","geometry":{"type":"Point","coordinates":[20.121795,50.133854]},"properties":{"lines":"212","color":"#0059a9","mode":"bus","arr":["212"],"angle":-12.3,"extra":1}},{"type":"Feature","geometry":{"type":"Point","coordinates":[20.128342,50.132175]},"properties":{"lines":"212","color":"#0059a9","mode":"bus","arr":["212"],"angle":50.9,"extra":1}},{"type":"Feature","geometry":{"type":"Point","coordinates":[20.132956,50.128708]},"properties":{"lines":"212","color":"#0059a9","mode":"bus","arr":["212"],"angle":7.6,"extra":1}},{"type":"Feature","geometry":{"type":"Point","coordinates":[20.146579,50.132664]},"properties":{"lines":"212","color":"#0059a9","mode":"bus","arr":["212"],"angle":-40.1,"extra":1}},{"type":"Feature","geometry":{"type":"Point","coordinates":[20.152071,50.130932]},"properties":{"lines":"212","color":"#0059a9","mode":"bus","arr":["212"],"angle":67.9,"extra":1}},{"type":"Feature","geometry":{"type":"Point","coordinates":[20.156576,50.127635]},"properties":{"lines":"212","color":"#0059a9","mode":"bus","arr":["212"],"angle":-19.1,"extra":1}},{"type":"Feature","geometry":{"type":"Point","coordinates":[20.163792,50.12872]},"properties":{"lines":"212","color":"#0059a9","mode":"bus","arr":["212"],"angle":9.4,"extra":1}},{"type":"Feature","geometry":{"type":"Point","coordinates":[20.188117,50.126728]},"properties":{"lines":"212, 271","color":"#0059a9","mode":"bus","arr":["212","271"],"angle":-15.7}},{"type":"Feature","geometry":{"type":"Point","coordinates":[19.988061,49.972982]},"properties":{"lines":"214","color":"#0059a9","mode":"bus","arr":["214"],"angle":-1}},{"type":"Feature","geometry":{"type":"Point","coordinates":[19.987204,49.977841]},"properties":{"lines":"214","color":"#0059a9","mode":"bus","arr":["214"],"angle":-53.7,"extra":1}},{"type":"Feature","geometry":{"type":"Point","coordinates":[19.994629,49.973624]},"properties":{"lines":"214","color":"#0059a9","mode":"bus","arr":["214"],"angle":-11.5,"extra":1}},{"type":"Feature","geometry":{"type":"Point","coordinates":[19.975881,49.985962]},"properties":{"lines":"214","color":"#0059a9","mode":"bus","arr":["214"],"angle":24.3}},{"type":"Feature","geometry":{"type":"Point","coordinates":[19.985342,49.983278]},"properties":{"lines":"214","color":"#0059a9","mode":"bus","arr":["214"],"angle":24,"extra":1}},{"type":"Feature","geometry":{"type":"Point","coordinates":[19.97114,49.98621]},"properties":{"lines":"214","color":"#0059a9","mode":"bus","arr":["214"],"angle":5.7,"extra":1}},{"type":"Feature","geometry":{"type":"Point","coordinates":[19.964332,49.988007]},"properties":{"lines":"214","color":"#0059a9","mode":"bus","arr":["214"],"angle":20.1,"extra":1}},{"type":"Feature","geometry":{"type":"Point","coordinates":[19.999752,49.964746]},"properties":{"lines":"214","color":"#0059a9","mode":"bus","arr":["214"],"angle":83.1}},{"type":"Feature","geometry":{"type":"Point","coordinates":[19.999649,49.960045]},"properties":{"lines":"214","color":"#0059a9","mode":"bus","arr":["214"],"angle":71.7,"extra":1}},{"type":"Feature","geometry":{"type":"Point","coordinates":[19.998684,49.967361]},"properties":{"lines":"214","color":"#0059a9","mode":"bus","arr":["214"],"angle":73.3,"extra":1}},{"type":"Feature","geometry":{"type":"Point","coordinates":[19.999107,49.972097]},"properties":{"lines":"214","color":"#0059a9","mode":"bus","arr":["214"],"angle":-56.7,"extra":1}},{"type":"Feature","geometry":{"type":"Point","coordinates":[20.000578,49.973929]},"properties":{"lines":"214","color":"#0059a9","mode":"bus","arr":["214"],"angle":-13.4}},{"type":"Feature","geometry":{"type":"Point","coordinates":[19.954491,49.989403]},"properties":{"lines":"214, 254","color":"#0059a9","mode":"bus","arr":["214","254"],"angle":31.8}},{"type":"Feature","geometry":{"type":"Point","coordinates":[19.958803,49.988625]},"properties":{"lines":"214, 254","color":"#0059a9","mode":"bus","arr":["214","254"],"angle":18.9,"extra":1}},{"type":"Feature","geometry":{"type":"Point","coordinates":[19.946153,49.990446]},"properties":{"lines":"214, 215, 225, 254, 915","color":"#0059a9","mode":"bus","arr":["214","215","225","254","915"],"angle":-89.1}},{"type":"Feature","geometry":{"type":"Point","coordinates":[19.985061,49.931514]},"properties":{"lines":"215","color":"#0059a9","mode":"bus","arr":["215"],"angle":-2.1}},{"type":"Feature","geometry":{"type":"Point","coordinates":[19.971075,49.932835]},"properties":{"lines":"215","color":"#0059a9","mode":"bus","arr":["215"],"angle":32,"extra":1}},{"type":"Feature","geometry":{"type":"Point","coordinates":[19.978334,49.932124]},"properties":{"lines":"215","color":"#0059a9","mode":"bus","arr":["215"],"angle":5,"extra":1}},{"type":"Feature","geometry":{"type":"Point","coordinates":[19.993396,49.932112]},"properties":{"lines":"215","color":"#0059a9","mode":"bus","arr":["215"],"angle":5,"extra":1}},{"type":"Feature","geometry":{"type":"Point","coordinates":[20.000067,49.933468]},"properties":{"lines":"215","color":"#0059a9","mode":"bus","arr":["215"],"angle":82.9,"extra":1}},{"type":"Feature","geometry":{"type":"Point","coordinates":[19.957107,49.935028]},"properties":{"lines":"215, 225, 285, 915","color":"#0059a9","mode":"bus","arr":["215","225","285","915"],"angle":-12.3}},{"type":"Feature","geometry":{"type":"Point","coordinates":[19.96418,49.93501]},"properties":{"lines":"215, 225, 285, 915","color":"#0059a9","mode":"bus","arr":["215","225","285","915"],"angle":16.7,"extra":1}},{"type":"Feature","geometry":{"type":"Point","coordinates":[19.949211,49.933832]},"properties":{"lines":"215, 225, 285, 915","color":"#0059a9","mode":"bus","arr":["215","225","285","915"],"angle":20.2,"extra":1}},{"type":"Feature","geometry":{"type":"Point","coordinates":[19.945497,49.934469]},"properties":{"lines":"215, 285, 915","color":"#0059a9","mode":"bus","arr":["215","285","915"],"angle":12.1}},{"type":"Feature","geometry":{"type":"Point","coordinates":[19.946649,49.953598]},"properties":{"lines":"215, 915","color":"#0059a9","mode":"bus","arr":["215","915"],"angle":48}},{"type":"Feature","geometry":{"type":"Point","coordinates":[19.945911,49.968937]},"properties":{"lines":"215, 915","color":"#0059a9","mode":"bus","arr":["215","915"],"angle":-74,"extra":1}},{"type":"Feature","geometry":{"type":"Point","coordinates":[19.945573,49.964389]},"properties":{"lines":"215, 915","color":"#0059a9","mode":"bus","arr":["215","915"],"angle":79.4,"extra":1}},{"type":"Feature","geometry":{"type":"Point","coordinates":[19.944039,49.959915]},"properties":{"lines":"215, 915","color":"#0059a9","mode":"bus","arr":["215","915"],"angle":-85.6,"extra":1}},{"type":"Feature","geometry":{"type":"Point","coordinates":[19.947054,49.947901]},"properties":{"lines":"215, 915","color":"#0059a9","mode":"bus","arr":["215","915"],"angle":-83.9,"extra":1}},{"type":"Feature","geometry":{"type":"Point","coordinates":[19.944257,49.943314]},"properties":{"lines":"215, 915","color":"#0059a9","mode":"bus","arr":["215","915"],"angle":-67.1,"extra":1}},{"type":"Feature","geometry":{"type":"Point","coordinates":[19.942437,49.938925]},"properties":{"lines":"215, 915","color":"#0059a9","mode":"bus","arr":["215","915"],"angle":41.4,"extra":1}},{"type":"Feature","geometry":{"type":"Point","coordinates":[19.944208,49.934794]},"properties":{"lines":"215, 915","color":"#0059a9","mode":"bus","arr":["215","915"],"angle":-87.2,"extra":1}},{"type":"Feature","geometry":{"type":"Point","coordinates":[19.947153,49.972074]},"properties":{"lines":"215, 225, 915","color":"#0059a9","mode":"bus","arr":["215","225","915"],"angle":-82.5}},{"type":"Feature","geometry":{"type":"Point","coordinates":[19.944295,49.985307]},"properties":{"lines":"215, 225, 915","color":"#0059a9","mode":"bus","arr":["215","225","915"],"angle":81.8}},{"type":"Feature","geometry":{"type":"Point","coordinates":[19.945516,49.97646]},"properties":{"lines":"215, 225, 254, 915","color":"#0059a9","mode":"bus","arr":["215","225","254","915"],"angle":82.9}},{"type":"Feature","geometry":{"type":"Point","coordinates":[19.944399,49.979815]},"properties":{"lines":"215, 225, 254, 915","color":"#0059a9","mode":"bus","arr":["215","225","254","915"],"angle":88,"extra":1}},{"type":"Feature","geometry":{"type":"Point","coordinates":[19.975071,50.128756]},"properties":{"lines":"217","color":"#0059a9","mode":"bus","arr":["217"],"angle":68.4}},{"type":"Feature","geometry":{"type":"Point","coordinates":[19.974692,50.124897]},"properties":{"lines":"217","color":"#0059a9","mode":"bus","arr":["217"],"angle":-83}},{"type":"Feature","geometry":{"type":"Point","coordinates":[19.973537,50.121471]},"properties":{"lines":"217","color":"#0059a9","mode":"bus","arr":["217"],"angle":88.1,"extra":1}},{"type":"Feature","geometry":{"type":"Point","coordinates":[19.971161,50.120622]},"properties":{"lines":"217, 297","color":"#0059a9","mode":"bus","arr":["217","297"],"angle":-27.8}},{"type":"Feature","geometry":{"type":"Point","coordinates":[19.974528,50.119966]},"properties":{"lines":"217, 297","color":"#0059a9","mode":"bus","arr":["217","297"],"angle":12.3}},{"type":"Feature","geometry":{"type":"Point","coordinates":[19.967068,50.117131]},"properties":{"lines":"217, 247, 257, 277, 280, 297, 307, 917","color":"#0059a9","mode":"bus","arr":["217","247","257","277","280","297","307","917"],"angle":81.7}},{"type":"Feature","geometry":{"type":"Point","coordinates":[19.966406,50.113712]},"properties":{"lines":"217, 247, 257, 277, 280, 297, 307, 917","color":"#0059a9","mode":"bus","arr":["217","247","257","277","280","297","307","917"],"angle":-75.9}},{"type":"Feature","geometry":{"type":"Point","coordinates":[19.965411,50.10784]},"properties":{"lines":"217, 247, 257, 277, 280, 297, 307, 917","color":"#0059a9","mode":"bus","arr":["217","247","257","277","280","297","307","917"],"angle":-81.9}},{"type":"Feature","geometry":{"type":"Point","coordinates":[19.965574,50.107801]},"properties":{"lines":"217, 247, 257, 277, 280, 297, 307, 917","color":"#0059a9","mode":"bus","arr":["217","247","257","277","280","297","307","917"],"angle":-83}},{"type":"Feature","geometry":{"type":"Point","coordinates":[19.80117,50.119671]},"properties":{"lines":"218, 268, 278, 288","color":"#0059a9","mode":"bus","arr":["218","268","278","288"],"angle":-75.9}},{"type":"Feature","geometry":{"type":"Point","coordinates":[19.801821,50.116857]},"properties":{"lines":"218, 248, 948","color":"#0059a9","mode":"bus","arr":["218","248","948"],"angle":25.6}},{"type":"Feature","geometry":{"type":"Point","coordinates":[19.771317,50.117275]},"properties":{"lines":"218, 238","color":"#0059a9","mode":"bus","arr":["218","238"],"angle":2.2}},{"type":"Feature","geometry":{"type":"Point","coordinates":[19.794869,50.115413]},"properties":{"lines":"218, 238","color":"#0059a9","mode":"bus","arr":["218","238"],"angle":16.3,"extra":1}},{"type":"Feature","geometry":{"type":"Point","coordinates":[19.78746,50.116614]},"properties":{"lines":"218, 238","color":"#0059a9","mode":"bus","arr":["218","238"],"angle":19.1,"extra":1}},{"type":"Feature","geometry":{"type":"Point","coordinates":[19.779835,50.116987]},"properties":{"lines":"218, 238","color":"#0059a9","mode":"bus","arr":["218","238"],"angle":0.1,"extra":1}},{"type":"Feature","geometry":{"type":"Point","coordinates":[19.764639,50.116382]},"properties":{"lines":"218, 238","color":"#0059a9","mode":"bus","arr":["218","238"],"angle":-9.8,"extra":1}},{"type":"Feature","geometry":{"type":"Point","coordinates":[19.757007,50.115784]},"properties":{"lines":"218, 238","color":"#0059a9","mode":"bus","arr":["218","238"],"angle":-10.1,"extra":1}},{"type":"Feature","geometry":{"type":"Point","coordinates":[19.749401,50.114984]},"properties":{"lines":"218, 238","color":"#0059a9","mode":"bus","arr":["218","238"],"angle":-6.1,"extra":1}},{"type":"Feature","geometry":{"type":"Point","coordinates":[19.746705,50.108734]},"properties":{"lines":"218, 918","color":"#0059a9","mode":"bus","arr":["218","918"],"angle":72.8}},{"type":"Feature","geometry":{"type":"Point","coordinates":[19.744583,50.111687]},"properties":{"lines":"218, 918","color":"#0059a9","mode":"bus","arr":["218","918"],"angle":69.2,"extra":1}},{"type":"Feature","geometry":{"type":"Point","coordinates":[19.756551,50.097062]},"properties":{"lines":"218, 918","color":"#0059a9","mode":"bus","arr":["218","918"],"angle":66.4}},{"type":"Feature","geometry":{"type":"Point","coordinates":[19.751919,50.103393]},"properties":{"lines":"218, 918","color":"#0059a9","mode":"bus","arr":["218","918"],"angle":37,"extra":1}},{"type":"Feature","geometry":{"type":"Point","coordinates":[19.766819,50.093989]},"properties":{"lines":"218, 918","color":"#0059a9","mode":"bus","arr":["218","918"],"angle":-0.3,"extra":1}},{"type":"Feature","geometry":{"type":"Point","coordinates":[19.783559,50.090513]},"properties":{"lines":"218, 918","color":"#0059a9","mode":"bus","arr":["218","918"],"angle":0.7}},{"type":"Feature","geometry":{"type":"Point","coordinates":[19.772433,50.094247]},"properties":{"lines":"218, 918","color":"#0059a9","mode":"bus","arr":["218","918"],"angle":15.8,"extra":1}},{"type":"Feature","geometry":{"type":"Point","coordinates":[19.77882,50.09153]},"properties":{"lines":"218, 918","color":"#0059a9","mode":"bus","arr":["218","918"],"angle":31.2,"extra":1}},{"type":"Feature","geometry":{"type":"Point","coordinates":[19.790963,50.086847]},"properties":{"lines":"218, 918","color":"#0059a9","mode":"bus","arr":["218","918"],"angle":60.5,"extra":1}},{"type":"Feature","geometry":{"type":"Point","coordinates":[19.813992,50.093327]},"properties":{"lines":"218, 918","color":"#0059a9","mode":"bus","arr":["218","918"],"angle":9.9}},{"type":"Feature","geometry":{"type":"Point","coordinates":[19.807586,50.093304]},"properties":{"lines":"218, 918","color":"#0059a9","mode":"bus","arr":["218","918"],"angle":-40,"extra":1}},{"type":"Feature","geometry":{"type":"Point","coordinates":[19.82117,50.091571]},"properties":{"lines":"218, 918","color":"#0059a9","mode":"bus","arr":["218","918"],"angle":-2,"extra":1}},{"type":"Feature","geometry":{"type":"Point","coordinates":[19.808192,50.085158]},"properties":{"lines":"218, 228, 258, 298, 918","color":"#0059a9","mode":"bus","arr":["218","228","258","298","918"],"angle":-23.7}},{"type":"Feature","geometry":{"type":"Point","coordinates":[19.806414,50.08933]},"properties":{"lines":"218, 258, 918","color":"#0059a9","mode":"bus","arr":["218","258","918"],"angle":37.4}},{"type":"Feature","geometry":{"type":"Point","coordinates":[19.804141,50.091773]},"properties":{"lines":"218, 258, 918","color":"#0059a9","mode":"bus","arr":["218","258","918"],"angle":75.5,"extra":1}},{"type":"Feature","geometry":{"type":"Point","coordinates":[19.826068,50.092035]},"properties":{"lines":"218, 228, 298, 918","color":"#0059a9","mode":"bus","arr":["218","228","298","918"],"angle":-2.6}},{"type":"Feature","geometry":{"type":"Point","coordinates":[19.832763,50.091388]},"properties":{"lines":"218, 228, 298, 918","color":"#0059a9","mode":"bus","arr":["218","228","298","918"],"angle":11.3}},{"type":"Feature","geometry":{"type":"Point","coordinates":[19.837511,50.089961]},"properties":{"lines":"218, 228, 298, 918","color":"#0059a9","mode":"bus","arr":["218","228","298","918"],"angle":47.3,"extra":1}},{"type":"Feature","geometry":{"type":"Point","coordinates":[19.781326,50.04041]},"properties":{"lines":"219, 229, 239, 279","color":"#0059a9","mode":"bus","arr":["219","229","239","279"],"angle":-24.3}},{"type":"Feature","geometry":{"type":"Point","coordinates":[19.772026,50.038927]},"properties":{"lines":"219, 229, 239, 279","color":"#0059a9","mode":"bus","arr":["219","229","239","279"],"angle":1.5,"extra":1}},{"type":"Feature","geometry":{"type":"Point","coordinates":[19.786506,50.041835]},"properties":{"lines":"219, 229, 239, 279","color":"#0059a9","mode":"bus","arr":["219","229","239","279"],"angle":-23.2,"extra":1}},{"type":"Feature","geometry":{"type":"Point","coordinates":[19.793602,50.043759]},"properties":{"lines":"219, 229, 239, 279","color":"#0059a9","mode":"bus","arr":["219","229","239","279"],"angle":-7.2,"extra":1}},{"type":"Feature","geometry":{"type":"Point","coordinates":[19.796143,50.043204]},"properties":{"lines":"219, 229, 239, 279","color":"#0059a9","mode":"bus","arr":["219","229","239","279"],"angle":28.3}},{"type":"Feature","geometry":{"type":"Point","coordinates":[19.768732,50.037521]},"properties":{"lines":"219, 249, 279","color":"#0059a9","mode":"bus","arr":["219","249","279"],"angle":66}},{"type":"Feature","geometry":{"type":"Point","coordinates":[19.783253,50.030092]},"properties":{"lines":"219, 249","color":"#0059a9","mode":"bus","arr":["219","249"],"angle":36}},{"type":"Feature","geometry":{"type":"Point","coordinates":[19.772857,50.034958]},"properties":{"lines":"219, 249","color":"#0059a9","mode":"bus","arr":["219","249"],"angle":36,"extra":1}},{"type":"Feature","geometry":{"type":"Point","coordinates":[19.779083,50.032041]},"properties":{"lines":"219, 249","color":"#0059a9","mode":"bus","arr":["219","249"],"angle":36.2,"extra":1}},{"type":"Feature","geometry":{"type":"Point","coordinates":[19.791467,50.026163]},"properties":{"lines":"219, 249","color":"#0059a9","mode":"bus","arr":["219","249"],"angle":49.3,"extra":1}},{"type":"Feature","geometry":{"type":"Point","coordinates":[19.788108,50.018374]},"properties":{"lines":"219, 259","color":"#0059a9","mode":"bus","arr":["219","259"],"angle":-22.5}},{"type":"Feature","geometry":{"type":"Point","coordinates":[19.793639,50.021755]},"properties":{"lines":"219, 259","color":"#0059a9","mode":"bus","arr":["219","259"],"angle":-87.4,"extra":1}},{"type":"Feature","geometry":{"type":"Point","coordinates":[19.782217,50.017691]},"properties":{"lines":"219, 259","color":"#0059a9","mode":"bus","arr":["219","259"],"angle":-7,"extra":1}},{"type":"Feature","geometry":{"type":"Point","coordinates":[19.778868,50.005333]},"properties":{"lines":"219, 279","color":"#0059a9","mode":"bus","arr":["219","279"],"angle":-70.7}},{"type":"Feature","geometry":{"type":"Point","coordinates":[19.774822,50.014023]},"properties":{"lines":"219, 279","color":"#0059a9","mode":"bus","arr":["219","279"],"angle":-83.3,"extra":1}},{"type":"Feature","geometry":{"type":"Point","coordinates":[19.777035,50.009668]},"properties":{"lines":"219, 279","color":"#0059a9","mode":"bus","arr":["219","279"],"angle":79.5,"extra":1}},{"type":"Feature","geometry":{"type":"Point","coordinates":[19.778941,50.000616]},"properties":{"lines":"219, 279","color":"#0059a9","mode":"bus","arr":["219","279"],"angle":60.5,"extra":1}},{"type":"Feature","geometry":{"type":"Point","coordinates":[19.777653,49.996348]},"properties":{"lines":"219, 279","color":"#0059a9","mode":"bus","arr":["219","279"],"angle":-79.5,"extra":1}},{"type":"Feature","geometry":{"type":"Point","coordinates":[19.778464,49.990446]},"properties":{"lines":"219, 239, 279","color":"#0059a9","mode":"bus","arr":["219","239","279"],"angle":73.3}},{"type":"Feature","geometry":{"type":"Point","coordinates":[19.79656,50.023593]},"properties":{"lines":"219, 249, 259","color":"#0059a9","mode":"bus","arr":["219","249","259"],"angle":-74}},{"type":"Feature","geometry":{"type":"Point","coordinates":[19.871485,50.135707]},"properties":{"lines":"220","color":"#0059a9","mode":"bus","arr":["220"],"angle":43.3}},{"type":"Feature","geometry":{"type":"Point","coordinates":[19.895235,50.116135]},"properties":{"lines":"220","color":"#0059a9","mode":"bus","arr":["220"],"angle":61.2,"extra":1}},{"type":"Feature","geometry":{"type":"Point","coordinates":[19.891063,50.120136]},"properties":{"lines":"220","color":"#0059a9","mode":"bus","arr":["220"],"angle":72.5,"extra":1}},{"type":"Feature","geometry":{"type":"Point","coordinates":[19.886297,50.123952]},"properties":{"lines":"220","color":"#0059a9","mode":"bus","arr":["220"],"angle":50.7,"extra":1}},{"type":"Feature","geometry":{"type":"Point","coordinates":[19.881613,50.127794]},"properties":{"lines":"220","color":"#0059a9","mode":"bus","arr":["220"],"angle":59.7,"extra":1}},{"type":"Feature","geometry":{"type":"Point","coordinates":[19.877525,50.131915]},"properties":{"lines":"220","color":"#0059a9","mode":"bus","arr":["220"],"angle":79.1,"extra":1}},{"type":"Feature","geometry":{"type":"Point","coordinates":[19.869941,50.138233]},"properties":{"lines":"220","color":"#0059a9","mode":"bus","arr":["220"],"angle":-8.1,"extra":1}},{"type":"Feature","geometry":{"type":"Point","coordinates":[19.877431,50.139031]},"properties":{"lines":"220","color":"#0059a9","mode":"bus","arr":["220"],"angle":-37.2,"extra":1}},{"type":"Feature","geometry":{"type":"Point","coordinates":[19.883758,50.141514]},"properties":{"lines":"220","color":"#0059a9","mode":"bus","arr":["220"],"angle":-48.1,"extra":1}},{"type":"Feature","geometry":{"type":"Point","coordinates":[19.878284,50.144301]},"properties":{"lines":"220","color":"#0059a9","mode":"bus","arr":["220"],"angle":57.3,"extra":1}},{"type":"Feature","geometry":{"type":"Point","coordinates":[19.874224,50.148505]},"properties":{"lines":"220","color":"#0059a9","mode":"bus","arr":["220"],"angle":59,"extra":1}},{"type":"Feature","geometry":{"type":"Point","coordinates":[19.870952,50.151806]},"properties":{"lines":"220","color":"#0059a9","mode":"bus","arr":["220"],"angle":14.4}},{"type":"Feature","geometry":{"type":"Point","coordinates":[20.216268,50.03802]},"properties":{"lines":"221, 301","color":"#0059a9","mode":"bus","arr":["221","301"],"angle":45}},{"type":"Feature","geometry":{"type":"Point","coordinates":[20.209796,50.031149]},"properties":{"lines":"221, 301","color":"#0059a9","mode":"bus","arr":["221","301"],"angle":-42.6}},{"type":"Feature","geometry":{"type":"Point","coordinates":[20.213886,50.032837]},"properties":{"lines":"221, 301","color":"#0059a9","mode":"bus","arr":["221","301"],"angle":-17.5,"extra":1}},{"type":"Feature","geometry":{"type":"Point","coordinates":[20.20061,50.029433]},"properties":{"lines":"221","color":"#0059a9","mode":"bus","arr":["221"],"angle":34.5}},{"type":"Feature","geometry":{"type":"Point","coordinates":[20.197222,50.03153]},"properties":{"lines":"221","color":"#0059a9","mode":"bus","arr":["221"],"angle":-63.3}},{"type":"Feature","geometry":{"type":"Point","coordinates":[20.169667,50.040433]},"properties":{"lines":"221","color":"#0059a9","mode":"bus","arr":["221"],"angle":53.2}},{"type":"Feature","geometry":{"type":"Point","coordinates":[20.142596,50.039224]},"properties":{"lines":"221","color":"#0059a9","mode":"bus","arr":["221"],"angle":23.2,"extra":1}},{"type":"Feature","geometry":{"type":"Point","coordinates":[20.149662,50.038601]},"properties":{"lines":"221","color":"#0059a9","mode":"bus","arr":["221"],"angle":-11.1,"extra":1}},{"type":"Feature","geometry":{"type":"Point","coordinates":[20.157218,50.039579]},"properties":{"lines":"221","color":"#0059a9","mode":"bus","arr":["221"],"angle":-11.4,"extra":1}},{"type":"Feature","geometry":{"type":"Point","coordinates":[20.164619,50.04078]},"properties":{"lines":"221","color":"#0059a9","mode":"bus","arr":["221"],"angle":-14.9,"extra":1}},{"type":"Feature","geometry":{"type":"Point","coordinates":[20.178384,50.037785]},"properties":{"lines":"221","color":"#0059a9","mode":"bus","arr":["221"],"angle":35.7,"extra":1}},{"type":"Feature","geometry":{"type":"Point","coordinates":[20.184916,50.035307]},"properties":{"lines":"221","color":"#0059a9","mode":"bus","arr":["221"],"angle":40.5,"extra":1}},{"type":"Feature","geometry":{"type":"Point","coordinates":[20.191859,50.033733]},"properties":{"lines":"221","color":"#0059a9","mode":"bus","arr":["221"],"angle":14.7,"extra":1}},{"type":"Feature","geometry":{"type":"Point","coordinates":[20.083869,50.041391]},"properties":{"lines":"221","color":"#0059a9","mode":"bus","arr":["221"],"angle":-30.2}},{"type":"Feature","geometry":{"type":"Point","coordinates":[20.093032,50.033519]},"properties":{"lines":"221","color":"#0059a9","mode":"bus","arr":["221"],"angle":31.2,"extra":1}},{"type":"Feature","geometry":{"type":"Point","coordinates":[20.090257,50.038004]},"properties":{"lines":"221","color":"#0059a9","mode":"bus","arr":["221"],"angle":63.5,"extra":1}},{"type":"Feature","geometry":{"type":"Point","coordinates":[20.078859,50.040259]},"properties":{"lines":"221","color":"#0059a9","mode":"bus","arr":["221"],"angle":-4.9,"extra":1}},{"type":"Feature","geometry":{"type":"Point","coordinates":[20.07135,50.040201]},"properties":{"lines":"221","color":"#0059a9","mode":"bus","arr":["221"],"angle":-5.6,"extra":1}},{"type":"Feature","geometry":{"type":"Point","coordinates":[20.064261,50.041786]},"properties":{"lines":"221","color":"#0059a9","mode":"bus","arr":["221"],"angle":27.9,"extra":1}},{"type":"Feature","geometry":{"type":"Point","coordinates":[20.118152,50.039577]},"properties":{"lines":"221, 264","color":"#0059a9","mode":"bus","arr":["221","264"],"angle":14.4}},{"type":"Feature","geometry":{"type":"Point","coordinates":[20.138216,50.042885]},"properties":{"lines":"221, 264","color":"#0059a9","mode":"bus","arr":["221","264"],"angle":31.1,"extra":1}},{"type":"Feature","geometry":{"type":"Point","coordinates":[20.13382,50.040288]},"properties":{"lines":"221, 264","color":"#0059a9","mode":"bus","arr":["221","264"],"angle":-74,"extra":1}},{"type":"Feature","geometry":{"type":"Point","coordinates":[20.127574,50.038255]},"properties":{"lines":"221, 264","color":"#0059a9","mode":"bus","arr":["221","264"],"angle":-9.4,"extra":1}},{"type":"Feature","geometry":{"type":"Point","coordinates":[20.112878,50.038741]},"properties":{"lines":"221, 264","color":"#0059a9","mode":"bus","arr":["221","264"],"angle":-5.1,"extra":1}},{"type":"Feature","geometry":{"type":"Point","coordinates":[20.106294,50.037208]},"properties":{"lines":"221, 264","color":"#0059a9","mode":"bus","arr":["221","264"],"angle":-11.6,"extra":1}},{"type":"Feature","geometry":{"type":"Point","coordinates":[20.099641,50.035712]},"properties":{"lines":"221, 264","color":"#0059a9","mode":"bus","arr":["221","264"],"angle":-61.3,"extra":1}},{"type":"Feature","geometry":{"type":"Point","coordinates":[20.095444,50.032111]},"properties":{"lines":"221, 264","color":"#0059a9","mode":"bus","arr":["221","264"],"angle":15.2,"extra":1}},{"type":"Feature","geometry":{"type":"Point","coordinates":[20.082934,50.243393]},"properties":{"lines":"222","color":"#0059a9","mode":"bus","arr":["222"],"angle":-76.9}},{"type":"Feature","geometry":{"type":"Point","coordinates":[20.09062,50.196423]},"properties":{"lines":"222","color":"#0059a9","mode":"bus","arr":["222"],"angle":-76.4}},{"type":"Feature","geometry":{"type":"Point","coordinates":[20.105317,50.153756]},"properties":{"lines":"222","color":"#0059a9","mode":"bus","arr":["222"],"angle":62.8,"extra":1}},{"type":"Feature","geometry":{"type":"Point","coordinates":[20.103997,50.158592]},"properties":{"lines":"222","color":"#0059a9","mode":"bus","arr":["222"],"angle":76.8,"extra":1}},{"type":"Feature","geometry":{"type":"Point","coordinates":[20.100278,50.162873]},"properties":{"lines":"222","color":"#0059a9","mode":"bus","arr":["222"],"angle":75.8,"extra":1}},{"type":"Feature","geometry":{"type":"Point","coordinates":[20.09833,50.16765]},"properties":{"lines":"222","color":"#0059a9","mode":"bus","arr":["222"],"angle":69.7,"extra":1}},{"type":"Feature","geometry":{"type":"Point","coordinates":[20.09505,50.172099]},"properties":{"lines":"222","color":"#0059a9","mode":"bus","arr":["222"],"angle":85.1,"extra":1}},{"type":"Feature","geometry":{"type":"Point","coordinates":[20.094469,50.176968]},"properties":{"lines":"222","color":"#0059a9","mode":"bus","arr":["222"],"angle":74.5,"extra":1}},{"type":"Feature","geometry":{"type":"Point","coordinates":[20.093178,50.181838]},"properties":{"lines":"222","color":"#0059a9","mode":"bus","arr":["222"],"angle":83,"extra":1}},{"type":"Feature","geometry":{"type":"Point","coordinates":[20.092704,50.186775]},"properties":{"lines":"222","color":"#0059a9","mode":"bus","arr":["222"],"angle":86.5,"extra":1}},{"type":"Feature","geometry":{"type":"Point","coordinates":[20.092243,50.191712]},"properties":{"lines":"222","color":"#0059a9","mode":"bus","arr":["222"],"angle":87.2,"extra":1}},{"type":"Feature","geometry":{"type":"Point","coordinates":[20.092638,50.201258]},"properties":{"lines":"222","color":"#0059a9","mode":"bus","arr":["222"],"angle":82.8,"extra":1}},{"type":"Feature","geometry":{"type":"Point","coordinates":[20.089737,50.205825]},"properties":{"lines":"222","color":"#0059a9","mode":"bus","arr":["222"],"angle":63.6,"extra":1}},{"type":"Feature","geometry":{"type":"Point","coordinates":[20.086497,50.2103]},"properties":{"lines":"222","color":"#0059a9","mode":"bus","arr":["222"],"angle":75.6,"extra":1}},{"type":"Feature","geometry":{"type":"Point","coordinates":[20.084574,50.215089]},"properties":{"lines":"222","color":"#0059a9","mode":"bus","arr":["222"],"angle":75.6,"extra":1}},{"type":"Feature","geometry":{"type":"Point","coordinates":[20.082995,50.219929]},"properties":{"lines":"222","color":"#0059a9","mode":"bus","arr":["222"],"angle":80,"extra":1}},{"type":"Feature","geometry":{"type":"Point","coordinates":[20.081897,50.224814]},"properties":{"lines":"222","color":"#0059a9","mode":"bus","arr":["222"],"angle":-89.2,"extra":1}},{"type":"Feature","geometry":{"type":"Point","coordinates":[20.082004,50.22976]},"properties":{"lines":"222","color":"#0059a9","mode":"bus","arr":["222"],"angle":-89.1,"extra":1}},{"type":"Feature","geometry":{"type":"Point","coordinates":[20.081903,50.234699]},"properties":{"lines":"222","color":"#0059a9","mode":"bus","arr":["222"],"angle":82.8,"extra":1}},{"type":"Feature","geometry":{"type":"Point","coordinates":[20.081929,50.239373]},"properties":{"lines":"222","color":"#0059a9","mode":"bus","arr":["222"],"angle":-79.7,"extra":1}},{"type":"Feature","geometry":{"type":"Point","coordinates":[20.080061,50.238848]},"properties":{"lines":"222","color":"#0059a9","mode":"bus","arr":["222"],"angle":71.6}},{"type":"Feature","geometry":{"type":"Point","coordinates":[20.080379,50.240274]},"properties":{"lines":"222","color":"#0059a9","mode":"bus","arr":["222"],"angle":-26}},{"type":"Feature","geometry":{"type":"Point","coordinates":[20.10739,50.148573]},"properties":{"lines":"222, 232","color":"#0059a9","mode":"bus","arr":["222","232"],"angle":-83.5}},{"type":"Feature","geometry":{"type":"Point","coordinates":[19.830416,49.968736]},"properties":{"lines":"223, 233, 243, 283, 293, 903","color":"#0059a9","mode":"bus","arr":["223","233","243","283","293","903"],"angle":49.4}},{"type":"Feature","geometry":{"type":"Point","coordinates":[19.828371,49.969776]},"properties":{"lines":"223, 233, 243, 283, 293, 903","color":"#0059a9","mode":"bus","arr":["223","233","243","283","293","903"],"angle":-73.7}},{"type":"Feature","geometry":{"type":"Point","coordinates":[19.828776,49.969162]},"properties":{"lines":"223, 233, 243, 245, 283, 293, 903","color":"#0059a9","mode":"bus","arr":["223","233","243","245","283","293","903"],"angle":9.2}},{"type":"Feature","geometry":{"type":"Point","coordinates":[19.829728,49.972493]},"properties":{"lines":"223, 233, 243, 253, 283, 293, 903","color":"#0059a9","mode":"bus","arr":["223","233","243","253","283","293","903"],"angle":-81.4}},{"type":"Feature","geometry":{"type":"Point","coordinates":[19.804616,49.972958]},"properties":{"lines":"223, 235, 273, 295","color":"#0059a9","mode":"bus","arr":["223","235","273","295"],"angle":-1.6}},{"type":"Feature","geometry":{"type":"Point","coordinates":[19.815105,49.974053]},"properties":{"lines":"223, 235, 273, 295","color":"#0059a9","mode":"bus","arr":["223","235","273","295"],"angle":-51.4,"extra":1}},{"type":"Feature","geometry":{"type":"Point","coordinates":[19.799948,49.972505]},"properties":{"lines":"223, 235, 273, 295","color":"#0059a9","mode":"bus","arr":["223","235","273","295"],"angle":-11.4,"extra":1}},{"type":"Feature","geometry":{"type":"Point","coordinates":[19.792564,49.971121]},"properties":{"lines":"223, 235, 273, 295","color":"#0059a9","mode":"bus","arr":["223","235","273","295"],"angle":-21.3,"extra":1}},{"type":"Feature","geometry":{"type":"Point","coordinates":[19.790663,49.97053]},"properties":{"lines":"223, 235, 273, 295","color":"#0059a9","mode":"bus","arr":["223","235","273","295"],"angle":75.7}},{"type":"Feature","geometry":{"type":"Point","coordinates":[19.787327,49.969477]},"properties":{"lines":"223, 235, 295","color":"#0059a9","mode":"bus","arr":["223","235","295"],"angle":-28}},{"type":"Feature","geometry":{"type":"Point","coordinates":[19.766946,49.964484]},"properties":{"lines":"223, 295","color":"#0059a9","mode":"bus","arr":["223","295"],"angle":-9.1}},{"type":"Feature","geometry":{"type":"Point","coordinates":[19.781898,49.967373]},"properties":{"lines":"223, 295","color":"#0059a9","mode":"bus","arr":["223","295"],"angle":-29.1,"extra":1}},{"type":"Feature","geometry":{"type":"Point","coordinates":[19.775094,49.965189]},"properties":{"lines":"223, 295","color":"#0059a9","mode":"bus","arr":["223","295"],"angle":-11.2,"extra":1}},{"type":"Feature","geometry":{"type":"Point","coordinates":[19.760391,49.96298]},"properties":{"lines":"223, 295","color":"#0059a9","mode":"bus","arr":["223","295"],"angle":-11.2,"extra":1}},{"type":"Feature","geometry":{"type":"Point","coordinates":[19.753579,49.960918]},"properties":{"lines":"223, 295","color":"#0059a9","mode":"bus","arr":["223","295"],"angle":4.1,"extra":1}},{"type":"Feature","geometry":{"type":"Point","coordinates":[19.738475,49.958504]},"properties":{"lines":"223, 295","color":"#0059a9","mode":"bus","arr":["223","295"],"angle":-6}},{"type":"Feature","geometry":{"type":"Point","coordinates":[19.732256,49.958469]},"properties":{"lines":"223, 295","color":"#0059a9","mode":"bus","arr":["223","295"],"angle":7.5,"extra":1}},{"type":"Feature","geometry":{"type":"Point","coordinates":[19.747201,49.959874]},"properties":{"lines":"223, 295","color":"#0059a9","mode":"bus","arr":["223","295"],"angle":-49.4,"extra":1}},{"type":"Feature","geometry":{"type":"Point","coordinates":[19.677564,49.9607]},"properties":{"lines":"223","color":"#0059a9","mode":"bus","arr":["223"],"angle":-11.8}},{"type":"Feature","geometry":{"type":"Point","coordinates":[19.72461,49.958895]},"properties":{"lines":"223","color":"#0059a9","mode":"bus","arr":["223"],"angle":-1.9,"extra":1}},{"type":"Feature","geometry":{"type":"Point","coordinates":[19.717119,49.958101]},"properties":{"lines":"223","color":"#0059a9","mode":"bus","arr":["223"],"angle":-19.6,"extra":1}},{"type":"Feature","geometry":{"type":"Point","coordinates":[19.709702,49.958154]},"properties":{"lines":"223","color":"#0059a9","mode":"bus","arr":["223"],"angle":19.8,"extra":1}},{"type":"Feature","geometry":{"type":"Point","coordinates":[19.702396,49.958941]},"properties":{"lines":"223","color":"#0059a9","mode":"bus","arr":["223"],"angle":5.6,"extra":1}},{"type":"Feature","geometry":{"type":"Point","coordinates":[19.695279,49.960733]},"properties":{"lines":"223","color":"#0059a9","mode":"bus","arr":["223"],"angle":17.6,"extra":1}},{"type":"Feature","geometry":{"type":"Point","coordinates":[19.687643,49.960715]},"properties":{"lines":"223","color":"#0059a9","mode":"bus","arr":["223"],"angle":-18,"extra":1}},{"type":"Feature","geometry":{"type":"Point","coordinates":[19.672555,49.960804]},"properties":{"lines":"223","color":"#0059a9","mode":"bus","arr":["223"],"angle":-10.6,"extra":1}},{"type":"Feature","geometry":{"type":"Point","coordinates":[19.665006,49.959883]},"properties":{"lines":"223","color":"#0059a9","mode":"bus","arr":["223"],"angle":-13,"extra":1}},{"type":"Feature","geometry":{"type":"Point","coordinates":[19.657732,49.961018]},"properties":{"lines":"223","color":"#0059a9","mode":"bus","arr":["223"],"angle":14.4,"extra":1}},{"type":"Feature","geometry":{"type":"Point","coordinates":[19.650561,49.962663]},"properties":{"lines":"223","color":"#0059a9","mode":"bus","arr":["223"],"angle":19.1,"extra":1}},{"type":"Feature","geometry":{"type":"Point","coordinates":[19.643347,49.964355]},"properties":{"lines":"223","color":"#0059a9","mode":"bus","arr":["223"],"angle":19.4,"extra":1}},{"type":"Feature","geometry":{"type":"Point","coordinates":[19.635798,49.965258]},"properties":{"lines":"223","color":"#0059a9","mode":"bus","arr":["223"],"angle":5.9,"extra":1}},{"type":"Feature","geometry":{"type":"Point","coordinates":[19.62921,49.966241]},"properties":{"lines":"223","color":"#0059a9","mode":"bus","arr":["223"],"angle":74.8,"extra":1}},{"type":"Feature","geometry":{"type":"Point","coordinates":[19.628192,49.967193]},"properties":{"lines":"223","color":"#0059a9","mode":"bus","arr":["223"],"angle":-24.7}},{"type":"Feature","geometry":{"type":"Point","coordinates":[19.839072,49.984892]},"properties":{"lines":"223, 253, 283, 293, 903","color":"#0059a9","mode":"bus","arr":["223","253","283","293","903"],"angle":-47.4}},{"type":"Feature","geometry":{"type":"Point","coordinates":[19.834934,49.979322]},"properties":{"lines":"223, 253, 283, 293, 903","color":"#0059a9","mode":"bus","arr":["223","253","283","293","903"],"angle":-63.7,"extra":1}},{"type":"Feature","geometry":{"type":"Point","coordinates":[19.843057,49.987561]},"properties":{"lines":"223, 253, 283, 293, 903","color":"#0059a9","mode":"bus","arr":["223","253","283","293","903"],"angle":-46.8,"extra":1}},{"type":"Feature","geometry":{"type":"Point","coordinates":[19.848182,49.991248]},"properties":{"lines":"223, 253, 283, 293, 903","color":"#0059a9","mode":"bus","arr":["223","253","283","293","903"],"angle":-39,"extra":1}},{"type":"Feature","geometry":{"type":"Point","coordinates":[19.85045,49.993586]},"properties":{"lines":"223, 253, 283, 293, 903","color":"#0059a9","mode":"bus","arr":["223","253","283","293","903"],"angle":-65.1,"extra":1}},{"type":"Feature","geometry":{"type":"Point","coordinates":[19.867092,50.000982]},"properties":{"lines":"223, 233, 253, 283, 293, 903","color":"#0059a9","mode":"bus","arr":["223","233","253","283","293","903"],"angle":-50.5}},{"type":"Feature","geometry":{"type":"Point","coordinates":[19.854492,49.996843]},"properties":{"lines":"223, 233, 253, 283, 293, 903","color":"#0059a9","mode":"bus","arr":["223","233","253","283","293","903"],"angle":-40.8,"extra":1}},{"type":"Feature","geometry":{"type":"Point","coordinates":[19.861298,49.999133]},"properties":{"lines":"223, 233, 253, 283, 293, 903","color":"#0059a9","mode":"bus","arr":["223","233","253","283","293","903"],"angle":-25.9,"extra":1}},{"type":"Feature","geometry":{"type":"Point","coordinates":[19.87254,50.0053]},"properties":{"lines":"223, 233, 253, 283, 293, 903","color":"#0059a9","mode":"bus","arr":["223","233","253","283","293","903"],"angle":-67.6,"extra":1}},{"type":"Feature","geometry":{"type":"Point","coordinates":[19.878879,50.006811]},"properties":{"lines":"223, 233, 253, 283, 293, 903","color":"#0059a9","mode":"bus","arr":["223","233","253","283","293","903"],"angle":-17.4,"extra":1}},{"type":"Feature","geometry":{"type":"Point","coordinates":[20.062575,49.987806]},"properties":{"lines":"224","color":"#0059a9","mode":"bus","arr":["224"],"angle":76.3}},{"type":"Feature","geometry":{"type":"Point","coordinates":[20.031352,49.989984]},"properties":{"lines":"224","color":"#0059a9","mode":"bus","arr":["224"],"angle":16.9}},{"type":"Feature","geometry":{"type":"Point","coordinates":[20.026809,49.990648]},"properties":{"lines":"224","color":"#0059a9","mode":"bus","arr":["224"],"angle":12.5,"extra":1}},{"type":"Feature","geometry":{"type":"Point","coordinates":[19.942941,50.014931]},"properties":{"lines":"224","color":"#0059a9","mode":"bus","arr":["224"],"angle":-8.5}},{"type":"Feature","geometry":{"type":"Point","coordinates":[19.944997,50.014823]},"properties":{"lines":"224","color":"#0059a9","mode":"bus","arr":["224"],"angle":5.2}},{"type":"Feature","geometry":{"type":"Point","coordinates":[20.061678,49.986261]},"properties":{"lines":"224, 284","color":"#0059a9","mode":"bus","arr":["224","284"],"angle":89.9}},{"type":"Feature","geometry":{"type":"Point","coordinates":[20.058643,49.984692]},"properties":{"lines":"224, 244, 274, 284, 304","color":"#0059a9","mode":"bus","arr":["224","244","274","284","304"],"angle":-60}},{"type":"Feature","geometry":{"type":"Point","coordinates":[20.050519,49.980472]},"properties":{"lines":"224, 244","color":"#0059a9","mode":"bus","arr":["224","244"],"angle":-2.2}},{"type":"Feature","geometry":{"type":"Point","coordinates":[20.05705,49.981842]},"properties":{"lines":"224, 244","color":"#0059a9","mode":"bus","arr":["224","244"],"angle":66.4,"extra":1}},{"type":"Feature","geometry":{"type":"Point","coordinates":[20.046744,49.984262]},"properties":{"lines":"224, 244","color":"#0059a9","mode":"bus","arr":["224","244"],"angle":71.4,"extra":1}},{"type":"Feature","geometry":{"type":"Point","coordinates":[20.039798,49.989028]},"properties":{"lines":"224, 244","color":"#0059a9","mode":"bus","arr":["224","244"],"angle":-4.5}},{"type":"Feature","geometry":{"type":"Point","coordinates":[20.019556,49.995885]},"properties":{"lines":"224, 244","color":"#0059a9","mode":"bus","arr":["224","244"],"angle":81.8}},{"type":"Feature","geometry":{"type":"Point","coordinates":[20.021454,49.992262]},"properties":{"lines":"224, 244","color":"#0059a9","mode":"bus","arr":["224","244"],"angle":15.5,"extra":1}},{"type":"Feature","geometry":{"type":"Point","coordinates":[20.026462,49.999062]},"properties":{"lines":"224, 244","color":"#0059a9","mode":"bus","arr":["224","244"],"angle":-17.2,"extra":1}},{"type":"Feature","geometry":{"type":"Point","coordinates":[20.027781,49.999349]},"properties":{"lines":"224, 244","color":"#0059a9","mode":"bus","arr":["224","244"],"angle":49.3}},{"type":"Feature","geometry":{"type":"Point","coordinates":[20.043558,49.987866]},"properties":{"lines":"224, 244","color":"#0059a9","mode":"bus","arr":["224","244"],"angle":47.7}},{"type":"Feature","geometry":{"type":"Point","coordinates":[19.987547,49.940575]},"properties":{"lines":"225, 285, 915","color":"#0059a9","mode":"bus","arr":["225","285","915"],"angle":-25.7}},{"type":"Feature","geometry":{"type":"Point","coordinates":[19.967544,49.936388]},"properties":{"lines":"225, 285, 915","color":"#0059a9","mode":"bus","arr":["225","285","915"],"angle":63.7,"extra":1}},{"type":"Feature","geometry":{"type":"Point","coordinates":[19.978165,49.938598]},"properties":{"lines":"225, 285, 915","color":"#0059a9","mode":"bus","arr":["225","285","915"],"angle":-22.2,"extra":1}},{"type":"Feature","geometry":{"type":"Point","coordinates":[19.991252,49.942034]},"properties":{"lines":"225, 285, 915","color":"#0059a9","mode":"bus","arr":["225","285","915"],"angle":-7.6,"extra":1}},{"type":"Feature","geometry":{"type":"Point","coordinates":[19.98199,49.94508]},"properties":{"lines":"225, 285, 915","color":"#0059a9","mode":"bus","arr":["225","285","915"],"angle":13.5,"extra":1}},{"type":"Feature","geometry":{"type":"Point","coordinates":[19.974996,49.945677]},"properties":{"lines":"225, 285, 915","color":"#0059a9","mode":"bus","arr":["225","285","915"],"angle":-6.3,"extra":1}},{"type":"Feature","geometry":{"type":"Point","coordinates":[19.972058,49.950016]},"properties":{"lines":"225, 285, 915","color":"#0059a9","mode":"bus","arr":["225","285","915"],"angle":-74}},{"type":"Feature","geometry":{"type":"Point","coordinates":[19.956577,49.960136]},"properties":{"lines":"225, 915","color":"#0059a9","mode":"bus","arr":["225","915"],"angle":15.7}},{"type":"Feature","geometry":{"type":"Point","coordinates":[19.972739,49.956468]},"properties":{"lines":"225, 915","color":"#0059a9","mode":"bus","arr":["225","915"],"angle":84.2,"extra":1}},{"type":"Feature","geometry":{"type":"Point","coordinates":[19.966167,49.958679]},"properties":{"lines":"225, 915","color":"#0059a9","mode":"bus","arr":["225","915"],"angle":23.2,"extra":1}},{"type":"Feature","geometry":{"type":"Point","coordinates":[19.954917,49.966731]},"properties":{"lines":"225, 915","color":"#0059a9","mode":"bus","arr":["225","915"],"angle":39.6,"extra":1}},{"type":"Feature","geometry":{"type":"Point","coordinates":[19.949088,49.969905]},"properties":{"lines":"225, 915","color":"#0059a9","mode":"bus","arr":["225","915"],"angle":47.3,"extra":1}},{"type":"Feature","geometry":{"type":"Point","coordinates":[19.930087,50.093028]},"properties":{"lines":"227, 267, 337, 513, 669, 937","color":"#0059a9","mode":"bus","arr":["227","267","337","513","669","937"],"angle":67.8}},{"type":"Feature","geometry":{"type":"Point","coordinates":[19.925851,50.098401]},"properties":{"lines":"227, 267, 337, 513, 937","color":"#0059a9","mode":"bus","arr":["227","267","337","513","937"],"angle":62.4}},{"type":"Feature","geometry":{"type":"Point","coordinates":[19.923565,50.101363]},"properties":{"lines":"227, 267, 337, 513, 937","color":"#0059a9","mode":"bus","arr":["227","267","337","513","937"],"angle":63.8,"extra":1}},{"type":"Feature","geometry":{"type":"Point","coordinates":[19.928316,50.095504]},"properties":{"lines":"227, 267, 337, 513, 937","color":"#0059a9","mode":"bus","arr":["227","267","337","513","937"],"angle":63.5,"extra":1}},{"type":"Feature","geometry":{"type":"Point","coordinates":[19.924958,50.106689]},"properties":{"lines":"227, 267, 337, 937","color":"#0059a9","mode":"bus","arr":["227","267","337","937"],"angle":66.1}},{"type":"Feature","geometry":{"type":"Point","coordinates":[19.920276,50.115613]},"properties":{"lines":"227, 267, 337, 937","color":"#0059a9","mode":"bus","arr":["227","267","337","937"],"angle":-79.5,"extra":1}},{"type":"Feature","geometry":{"type":"Point","coordinates":[19.922906,50.11015]},"properties":{"lines":"227, 267, 337, 937","color":"#0059a9","mode":"bus","arr":["227","267","337","937"],"angle":58.9,"extra":1}},{"type":"Feature","geometry":{"type":"Point","coordinates":[19.923115,50.10237]},"properties":{"lines":"227, 267, 337, 937","color":"#0059a9","mode":"bus","arr":["227","267","337","937"],"angle":-15.1,"extra":1}},{"type":"Feature","geometry":{"type":"Point","coordinates":[19.92639,50.139046]},"properties":{"lines":"227","color":"#0059a9","mode":"bus","arr":["227"],"angle":-34.6}},{"type":"Feature","geometry":{"type":"Point","coordinates":[19.918518,50.131764]},"properties":{"lines":"227","color":"#0059a9","mode":"bus","arr":["227"],"angle":-51.5,"extra":1}},{"type":"Feature","geometry":{"type":"Point","coordinates":[19.923276,50.134783]},"properties":{"lines":"227","color":"#0059a9","mode":"bus","arr":["227"],"angle":-22.3,"extra":1}},{"type":"Feature","geometry":{"type":"Point","coordinates":[19.926196,50.142727]},"properties":{"lines":"227","color":"#0059a9","mode":"bus","arr":["227"],"angle":15.2,"extra":1}},{"type":"Feature","geometry":{"type":"Point","coordinates":[19.922944,50.147004]},"properties":{"lines":"227","color":"#0059a9","mode":"bus","arr":["227"],"angle":72.1,"extra":1}},{"type":"Feature","geometry":{"type":"Point","coordinates":[19.933598,50.152274]},"properties":{"lines":"227, 280","color":"#0059a9","mode":"bus","arr":["227","280"],"angle":-36.3}},{"type":"Feature","geometry":{"type":"Point","coordinates":[19.925311,50.148687]},"properties":{"lines":"227, 280","color":"#0059a9","mode":"bus","arr":["227","280"],"angle":1,"extra":1}},{"type":"Feature","geometry":{"type":"Point","coordinates":[19.935699,50.157793]},"properties":{"lines":"227, 280","color":"#0059a9","mode":"bus","arr":["227","280"],"angle":-85.3,"extra":1}},{"type":"Feature","geometry":{"type":"Point","coordinates":[19.936067,50.162004]},"properties":{"lines":"227, 280, 917","color":"#0059a9","mode":"bus","arr":["227","280","917"],"angle":-88}},{"type":"Feature","geometry":{"type":"Point","coordinates":[19.730765,50.079753]},"properties":{"lines":"228","color":"#0059a9","mode":"bus","arr":["228"],"angle":-18.4}},{"type":"Feature","geometry":{"type":"Point","coordinates":[19.712913,50.081073]},"properties":{"lines":"228","color":"#0059a9","mode":"bus","arr":["228"],"angle":24.3,"extra":1}},{"type":"Feature","geometry":{"type":"Point","coordinates":[19.719699,50.079946]},"properties":{"lines":"228","color":"#0059a9","mode":"bus","arr":["228"],"angle":22.8,"extra":1}},{"type":"Feature","geometry":{"type":"Point","coordinates":[19.739814,50.082645]},"properties":{"lines":"228","color":"#0059a9","mode":"bus","arr":["228"],"angle":14.5,"extra":1}},{"type":"Feature","geometry":{"type":"Point","coordinates":[19.747161,50.081872]},"properties":{"lines":"228","color":"#0059a9","mode":"bus","arr":["228"],"angle":29.8,"extra":1}},{"type":"Feature","geometry":{"type":"Point","coordinates":[19.817478,50.087473]},"properties":{"lines":"228, 298","color":"#0059a9","mode":"bus","arr":["228","298"],"angle":-33.6}},{"type":"Feature","geometry":{"type":"Point","coordinates":[19.812618,50.086508]},"properties":{"lines":"228, 298","color":"#0059a9","mode":"bus","arr":["228","298"],"angle":-23.7,"extra":1}},{"type":"Feature","geometry":{"type":"Point","coordinates":[19.824655,50.091544]},"properties":{"lines":"228, 298","color":"#0059a9","mode":"bus","arr":["228","298"],"angle":-35.7,"extra":1}},{"type":"Feature","geometry":{"type":"Point","coordinates":[19.762036,50.036648]},"properties":{"lines":"229, 239, 249","color":"#0059a9","mode":"bus","arr":["229","239","249"],"angle":-34.9}},{"type":"Feature","geometry":{"type":"Point","coordinates":[19.758345,50.034996]},"properties":{"lines":"229, 239, 249","color":"#0059a9","mode":"bus","arr":["229","239","249"],"angle":-34.8,"extra":1}},{"type":"Feature","geometry":{"type":"Point","coordinates":[19.752326,50.032319]},"properties":{"lines":"229, 239","color":"#0059a9","mode":"bus","arr":["229","239"],"angle":-34.7}},{"type":"Feature","geometry":{"type":"Point","coordinates":[19.715476,50.013324]},"properties":{"lines":"229","color":"#0059a9","mode":"bus","arr":["229"],"angle":-46.4}},{"type":"Feature","geometry":{"type":"Point","coordinates":[19.745834,50.029429]},"properties":{"lines":"229","color":"#0059a9","mode":"bus","arr":["229"],"angle":-34.8,"extra":1}},{"type":"Feature","geometry":{"type":"Point","coordinates":[19.739504,50.026606]},"properties":{"lines":"229","color":"#0059a9","mode":"bus","arr":["229"],"angle":-34.9,"extra":1}},{"type":"Feature","geometry":{"type":"Point","coordinates":[19.733175,50.023782]},"properties":{"lines":"229","color":"#0059a9","mode":"bus","arr":["229"],"angle":-34.2,"extra":1}},{"type":"Feature","geometry":{"type":"Point","coordinates":[19.726859,50.020946]},"properties":{"lines":"229","color":"#0059a9","mode":"bus","arr":["229"],"angle":-34.9,"extra":1}},{"type":"Feature","geometry":{"type":"Point","coordinates":[19.72129,50.017563]},"properties":{"lines":"229","color":"#0059a9","mode":"bus","arr":["229"],"angle":-48.6,"extra":1}},{"type":"Feature","geometry":{"type":"Point","coordinates":[19.710573,50.01054]},"properties":{"lines":"229","color":"#0059a9","mode":"bus","arr":["229"],"angle":-49.5,"extra":1}},{"type":"Feature","geometry":{"type":"Point","coordinates":[19.705597,50.006762]},"properties":{"lines":"229","color":"#0059a9","mode":"bus","arr":["229"],"angle":-49.8,"extra":1}},{"type":"Feature","geometry":{"type":"Point","coordinates":[19.700662,50.002962]},"properties":{"lines":"229","color":"#0059a9","mode":"bus","arr":["229"],"angle":-49.7,"extra":1}},{"type":"Feature","geometry":{"type":"Point","coordinates":[19.695688,49.999184]},"properties":{"lines":"229","color":"#0059a9","mode":"bus","arr":["229"],"angle":-49.9,"extra":1}},{"type":"Feature","geometry":{"type":"Point","coordinates":[19.690758,49.995381]},"properties":{"lines":"229","color":"#0059a9","mode":"bus","arr":["229"],"angle":-49.9,"extra":1}},{"type":"Feature","geometry":{"type":"Point","coordinates":[19.643505,49.994245]},"properties":{"lines":"229","color":"#0059a9","mode":"bus","arr":["229"],"angle":-11.9}},{"type":"Feature","geometry":{"type":"Point","coordinates":[19.663349,49.995123]},"properties":{"lines":"229","color":"#0059a9","mode":"bus","arr":["229"],"angle":-7.7,"extra":1}},{"type":"Feature","geometry":{"type":"Point","coordinates":[19.655811,49.995636]},"properties":{"lines":"229","color":"#0059a9","mode":"bus","arr":["229"],"angle":20.1,"extra":1}},{"type":"Feature","geometry":{"type":"Point","coordinates":[19.648619,49.997169]},"properties":{"lines":"229","color":"#0059a9","mode":"bus","arr":["229"],"angle":5.5,"extra":1}},{"type":"Feature","geometry":{"type":"Point","coordinates":[19.635931,49.995975]},"properties":{"lines":"229","color":"#0059a9","mode":"bus","arr":["229"],"angle":22.3,"extra":1}},{"type":"Feature","geometry":{"type":"Point","coordinates":[19.628444,49.996053]},"properties":{"lines":"229","color":"#0059a9","mode":"bus","arr":["229"],"angle":3.5,"extra":1}},{"type":"Feature","geometry":{"type":"Point","coordinates":[19.620982,49.995657]},"properties":{"lines":"229","color":"#0059a9","mode":"bus","arr":["229"],"angle":-18.2,"extra":1}},{"type":"Feature","geometry":{"type":"Point","coordinates":[19.600556,50.000078]},"properties":{"lines":"229","color":"#0059a9","mode":"bus","arr":["229"],"angle":45.5}},{"type":"Feature","geometry":{"type":"Point","coordinates":[19.585469,50.012598]},"properties":{"lines":"229","color":"#0059a9","mode":"bus","arr":["229"],"angle":-73.7,"extra":1}},{"type":"Feature","geometry":{"type":"Point","coordinates":[19.583956,50.007844]},"properties":{"lines":"229","color":"#0059a9","mode":"bus","arr":["229"],"angle":58,"extra":1}},{"type":"Feature","geometry":{"type":"Point","coordinates":[19.588934,50.00427]},"properties":{"lines":"229","color":"#0059a9","mode":"bus","arr":["229"],"angle":57.3,"extra":1}},{"type":"Feature","geometry":{"type":"Point","coordinates":[19.593746,50.000701]},"properties":{"lines":"229","color":"#0059a9","mode":"bus","arr":["229"],"angle":-9.9,"extra":1}},{"type":"Feature","geometry":{"type":"Point","coordinates":[19.604863,49.996725]},"properties":{"lines":"229","color":"#0059a9","mode":"bus","arr":["229"],"angle":61.8,"extra":1}},{"type":"Feature","geometry":{"type":"Point","coordinates":[19.61001,49.995431]},"properties":{"lines":"229","color":"#0059a9","mode":"bus","arr":["229"],"angle":-10.6,"extra":1}},{"type":"Feature","geometry":{"type":"Point","coordinates":[19.617588,49.99533]},"properties":{"lines":"229","color":"#0059a9","mode":"bus","arr":["229"],"angle":-4,"extra":1}},{"type":"Feature","geometry":{"type":"Point","coordinates":[19.615336,49.999221]},"properties":{"lines":"229","color":"#0059a9","mode":"bus","arr":["229"],"angle":64,"extra":1}},{"type":"Feature","geometry":{"type":"Point","coordinates":[19.613427,50.001138]},"properties":{"lines":"229","color":"#0059a9","mode":"bus","arr":["229"],"angle":59}},{"type":"Feature","geometry":{"type":"Point","coordinates":[19.68113,49.9914]},"properties":{"lines":"229, 259","color":"#0059a9","mode":"bus","arr":["229","259"],"angle":-24.6}},{"type":"Feature","geometry":{"type":"Point","coordinates":[19.676484,49.989475]},"properties":{"lines":"229, 259","color":"#0059a9","mode":"bus","arr":["229","259"],"angle":-39.6,"extra":1}},{"type":"Feature","geometry":{"type":"Point","coordinates":[19.67564,49.988125]},"properties":{"lines":"229, 249, 259","color":"#0059a9","mode":"bus","arr":["229","249","259"],"angle":-86.1}},{"type":"Feature","geometry":{"type":"Point","coordinates":[19.676395,49.987114]},"properties":{"lines":"229, 249, 259","color":"#0059a9","mode":"bus","arr":["229","249","259"],"angle":-47.2}},{"type":"Feature","geometry":{"type":"Point","coordinates":[19.669829,49.990659]},"properties":{"lines":"229, 249","color":"#0059a9","mode":"bus","arr":["229","249"],"angle":35.3}},{"type":"Feature","geometry":{"type":"Point","coordinates":[19.674064,49.989403]},"properties":{"lines":"229, 249","color":"#0059a9","mode":"bus","arr":["229","249"],"angle":2.9,"extra":1}},{"type":"Feature","geometry":{"type":"Point","coordinates":[19.820624,50.135816]},"properties":{"lines":"230, 288, 910","color":"#0059a9","mode":"bus","arr":["230","288","910"],"angle":-84.8}},{"type":"Feature","geometry":{"type":"Point","coordinates":[19.85548,50.133565]},"properties":{"lines":"230, 910","color":"#0059a9","mode":"bus","arr":["230","910"],"angle":22.7}},{"type":"Feature","geometry":{"type":"Point","coordinates":[19.824102,50.134917]},"properties":{"lines":"230, 910","color":"#0059a9","mode":"bus","arr":["230","910"],"angle":19.7,"extra":1}},{"type":"Feature","geometry":{"type":"Point","coordinates":[19.831654,50.134898]},"properties":{"lines":"230, 910","color":"#0059a9","mode":"bus","arr":["230","910"],"angle":-2.8,"extra":1}},{"type":"Feature","geometry":{"type":"Point","coordinates":[19.839204,50.13494]},"properties":{"lines":"230, 910","color":"#0059a9","mode":"bus","arr":["230","910"],"angle":31.1,"extra":1}},{"type":"Feature","geometry":{"type":"Point","coordinates":[19.845843,50.135781]},"properties":{"lines":"230, 910","color":"#0059a9","mode":"bus","arr":["230","910"],"angle":4.2,"extra":1}},{"type":"Feature","geometry":{"type":"Point","coordinates":[19.860271,50.132323]},"properties":{"lines":"230, 910","color":"#0059a9","mode":"bus","arr":["230","910"],"angle":15.3,"extra":1}},{"type":"Feature","geometry":{"type":"Point","coordinates":[19.864604,50.129135]},"properties":{"lines":"230, 910","color":"#0059a9","mode":"bus","arr":["230","910"],"angle":17.3,"extra":1}},{"type":"Feature","geometry":{"type":"Point","coordinates":[19.867807,50.12483]},"properties":{"lines":"230, 910","color":"#0059a9","mode":"bus","arr":["230","910"],"angle":84.8,"extra":1}},{"type":"Feature","geometry":{"type":"Point","coordinates":[19.862167,50.121828]},"properties":{"lines":"230, 910","color":"#0059a9","mode":"bus","arr":["230","910"],"angle":-28.8,"extra":1}},{"type":"Feature","geometry":{"type":"Point","coordinates":[19.856341,50.119637]},"properties":{"lines":"230, 910","color":"#0059a9","mode":"bus","arr":["230","910"],"angle":9.2,"extra":1}},{"type":"Feature","geometry":{"type":"Point","coordinates":[20.073144,50.164407]},"properties":{"lines":"232","color":"#0059a9","mode":"bus","arr":["232"],"angle":-26}},{"type":"Feature","geometry":{"type":"Point","coordinates":[20.102476,50.152587]},"properties":{"lines":"232","color":"#0059a9","mode":"bus","arr":["232"],"angle":29.9,"extra":1}},{"type":"Feature","geometry":{"type":"Point","coordinates":[20.097654,50.156413]},"properties":{"lines":"232","color":"#0059a9","mode":"bus","arr":["232"],"angle":50.2,"extra":1}},{"type":"Feature","geometry":{"type":"Point","coordinates":[20.091975,50.1592]},"properties":{"lines":"232","color":"#0059a9","mode":"bus","arr":["232"],"angle":-4.2,"extra":1}},{"type":"Feature","geometry":{"type":"Point","coordinates":[20.084767,50.160292]},"properties":{"lines":"232","color":"#0059a9","mode":"bus","arr":["232"],"angle":29.5,"extra":1}},{"type":"Feature","geometry":{"type":"Point","coordinates":[20.078666,50.163186]},"properties":{"lines":"232","color":"#0059a9","mode":"bus","arr":["232"],"angle":31.8,"extra":1}},{"type":"Feature","geometry":{"type":"Point","coordinates":[20.069444,50.169097]},"properties":{"lines":"232","color":"#0059a9","mode":"bus","arr":["232"],"angle":72.5,"extra":1}},{"type":"Feature","geometry":{"type":"Point","coordinates":[20.067681,50.173901]},"properties":{"lines":"232","color":"#0059a9","mode":"bus","arr":["232"],"angle":69.7,"extra":1}},{"type":"Feature","geometry":{"type":"Point","coordinates":[20.065475,50.178012]},"properties":{"lines":"232","color":"#0059a9","mode":"bus","arr":["232"],"angle":-78.7,"extra":1}},{"type":"Feature","geometry":{"type":"Point","coordinates":[20.065213,50.182065]},"properties":{"lines":"232","color":"#0059a9","mode":"bus","arr":["232"],"angle":-8.5,"extra":1}},{"type":"Feature","geometry":{"type":"Point","coordinates":[20.070759,50.18437]},"properties":{"lines":"232","color":"#0059a9","mode":"bus","arr":["232"],"angle":-40.8,"extra":1}},{"type":"Feature","geometry":{"type":"Point","coordinates":[20.090247,50.181326]},"properties":{"lines":"232","color":"#0059a9","mode":"bus","arr":["232"],"angle":15.6}},{"type":"Feature","geometry":{"type":"Point","coordinates":[20.108821,50.179198]},"properties":{"lines":"232","color":"#0059a9","mode":"bus","arr":["232"],"angle":8.1,"extra":1}},{"type":"Feature","geometry":{"type":"Point","coordinates":[20.101202,50.179949]},"properties":{"lines":"232","color":"#0059a9","mode":"bus","arr":["232"],"angle":10.1,"extra":1}},{"type":"Feature","geometry":{"type":"Point","coordinates":[20.078891,50.183342]},"properties":{"lines":"232","color":"#0059a9","mode":"bus","arr":["232"],"angle":15.2,"extra":1}},{"type":"Feature","geometry":{"type":"Point","coordinates":[20.071997,50.18509]},"properties":{"lines":"232","color":"#0059a9","mode":"bus","arr":["232"],"angle":11.8,"extra":1}},{"type":"Feature","geometry":{"type":"Point","coordinates":[20.069799,50.186952]},"properties":{"lines":"232","color":"#0059a9","mode":"bus","arr":["232"],"angle":-23.4}},{"type":"Feature","geometry":{"type":"Point","coordinates":[19.832548,49.974496]},"properties":{"lines":"233, 235, 243","color":"#0059a9","mode":"bus","arr":["233","235","243"],"angle":5.7}},{"type":"Feature","geometry":{"type":"Point","coordinates":[19.85817,49.974928]},"properties":{"lines":"233, 235, 243","color":"#0059a9","mode":"bus","arr":["233","235","243"],"angle":-47.1}},{"type":"Feature","geometry":{"type":"Point","coordinates":[19.842937,49.969398]},"properties":{"lines":"233","color":"#0059a9","mode":"bus","arr":["233"],"angle":64.4}},{"type":"Feature","geometry":{"type":"Point","coordinates":[19.8361,49.972568]},"properties":{"lines":"233","color":"#0059a9","mode":"bus","arr":["233"],"angle":19.7,"extra":1}},{"type":"Feature","geometry":{"type":"Point","coordinates":[19.847686,49.966794]},"properties":{"lines":"233","color":"#0059a9","mode":"bus","arr":["233"],"angle":29.4,"extra":1}},{"type":"Feature","geometry":{"type":"Point","coordinates":[19.853277,49.971338]},"properties":{"lines":"233","color":"#0059a9","mode":"bus","arr":["233"],"angle":-68.8}},{"type":"Feature","geometry":{"type":"Point","coordinates":[19.852237,49.968278]},"properties":{"lines":"233","color":"#0059a9","mode":"bus","arr":["233"],"angle":-69.6,"extra":1}},{"type":"Feature","geometry":{"type":"Point","coordinates":[19.860196,49.989966]},"properties":{"lines":"233","color":"#0059a9","mode":"bus","arr":["233"],"angle":7.6}},{"type":"Feature","geometry":{"type":"Point","coordinates":[19.867599,49.988496]},"properties":{"lines":"233","color":"#0059a9","mode":"bus","arr":["233"],"angle":26.1,"extra":1}},{"type":"Feature","geometry":{"type":"Point","coordinates":[19.858879,49.993567]},"properties":{"lines":"233","color":"#0059a9","mode":"bus","arr":["233"],"angle":57.1,"extra":1}},{"type":"Feature","geometry":{"type":"Point","coordinates":[19.86529,49.978541]},"properties":{"lines":"233, 243","color":"#0059a9","mode":"bus","arr":["233","243"],"angle":-25.5}},{"type":"Feature","geometry":{"type":"Point","coordinates":[19.861284,49.976578]},"properties":{"lines":"233, 243","color":"#0059a9","mode":"bus","arr":["233","243"],"angle":-21.6,"extra":1}},{"type":"Feature","geometry":{"type":"Point","coordinates":[19.880355,50.007191]},"properties":{"lines":"233, 253, 283, 293, 903","color":"#0059a9","mode":"bus","arr":["233","253","283","293","903"],"angle":-37.5}},{"type":"Feature","geometry":{"type":"Point","coordinates":[19.829354,49.968719]},"properties":{"lines":"233, 243, 245, 283, 293, 903","color":"#0059a9","mode":"bus","arr":["233","243","245","283","293","903"],"angle":60}},{"type":"Feature","geometry":{"type":"Point","coordinates":[20.071161,50.012377]},"properties":{"lines":"234","color":"#0059a9","mode":"bus","arr":["234"],"angle":5.8}},{"type":"Feature","geometry":{"type":"Point","coordinates":[20.039376,50.019366]},"properties":{"lines":"234","color":"#0059a9","mode":"bus","arr":["234"],"angle":-5.4,"extra":1}},{"type":"Feature","geometry":{"type":"Point","coordinates":[20.046145,50.017235]},"properties":{"lines":"234","color":"#0059a9","mode":"bus","arr":["234"],"angle":13.7,"extra":1}},{"type":"Feature","geometry":{"type":"Point","coordinates":[20.053409,50.015751]},"properties":{"lines":"234","color":"#0059a9","mode":"bus","arr":["234"],"angle":-8.7,"extra":1}},{"type":"Feature","geometry":{"type":"Point","coordinates":[20.058681,50.013164]},"properties":{"lines":"234","color":"#0059a9","mode":"bus","arr":["234"],"angle":-74.9,"extra":1}},{"type":"Feature","geometry":{"type":"Point","coordinates":[20.062287,50.009558]},"properties":{"lines":"234","color":"#0059a9","mode":"bus","arr":["234"],"angle":4.5,"extra":1}},{"type":"Feature","geometry":{"type":"Point","coordinates":[20.075366,50.012238]},"properties":{"lines":"234","color":"#0059a9","mode":"bus","arr":["234"],"angle":-3.4,"extra":1}},{"type":"Feature","geometry":{"type":"Point","coordinates":[20.083068,50.012202]},"properties":{"lines":"234","color":"#0059a9","mode":"bus","arr":["234"],"angle":-1.3,"extra":1}},{"type":"Feature","geometry":{"type":"Point","coordinates":[20.09045,50.013435]},"properties":{"lines":"234","color":"#0059a9","mode":"bus","arr":["234"],"angle":-7.4,"extra":1}},{"type":"Feature","geometry":{"type":"Point","coordinates":[20.098031,50.014268]},"properties":{"lines":"234","color":"#0059a9","mode":"bus","arr":["234"],"angle":-11,"extra":1}},{"type":"Feature","geometry":{"type":"Point","coordinates":[20.105604,50.014615]},"properties":{"lines":"234","color":"#0059a9","mode":"bus","arr":["234"],"angle":-1.1,"extra":1}},{"type":"Feature","geometry":{"type":"Point","coordinates":[20.113286,50.014769]},"properties":{"lines":"234","color":"#0059a9","mode":"bus","arr":["234"],"angle":9.5,"extra":1}},{"type":"Feature","geometry":{"type":"Point","coordinates":[19.886254,49.971809]},"properties":{"lines":"235","color":"#0059a9","mode":"bus","arr":["235"],"angle":-6}},{"type":"Feature","geometry":{"type":"Point","coordinates":[19.86218,49.973872]},"properties":{"lines":"235","color":"#0059a9","mode":"bus","arr":["235"],"angle":41.1,"extra":1}},{"type":"Feature","geometry":{"type":"Point","coordinates":[19.869255,49.972551]},"properties":{"lines":"235","color":"#0059a9","mode":"bus","arr":["235"],"angle":30.3,"extra":1}},{"type":"Feature","geometry":{"type":"Point","coordinates":[19.876631,49.971567]},"properties":{"lines":"235","color":"#0059a9","mode":"bus","arr":["235"],"angle":0.2,"extra":1}},{"type":"Feature","geometry":{"type":"Point","coordinates":[19.891996,49.9722]},"properties":{"lines":"235","color":"#0059a9","mode":"bus","arr":["235"],"angle":-6.3,"extra":1}},{"type":"Feature","geometry":{"type":"Point","coordinates":[19.899632,49.972663]},"properties":{"lines":"235","color":"#0059a9","mode":"bus","arr":["235"],"angle":-11.2,"extra":1}},{"type":"Feature","geometry":{"type":"Point","coordinates":[19.906972,49.973713]},"properties":{"lines":"235","color":"#0059a9","mode":"bus","arr":["235"],"angle":-51.1,"extra":1}},{"type":"Feature","geometry":{"type":"Point","coordinates":[19.909508,49.978377]},"properties":{"lines":"235","color":"#0059a9","mode":"bus","arr":["235"],"angle":-71.8,"extra":1}},{"type":"Feature","geometry":{"type":"Point","coordinates":[19.845712,49.974059]},"properties":{"lines":"235, 243","color":"#0059a9","mode":"bus","arr":["235","243"],"angle":5.9}},{"type":"Feature","geometry":{"type":"Point","coordinates":[19.838019,49.974176]},"properties":{"lines":"235, 243","color":"#0059a9","mode":"bus","arr":["235","243"],"angle":-1.3,"extra":1}},{"type":"Feature","geometry":{"type":"Point","coordinates":[19.853001,49.974929]},"properties":{"lines":"235, 243","color":"#0059a9","mode":"bus","arr":["235","243"],"angle":-1.8,"extra":1}},{"type":"Feature","geometry":{"type":"Point","coordinates":[19.909485,49.978841]},"properties":{"lines":"235, 245, 275, 285","color":"#0059a9","mode":"bus","arr":["235","245","275","285"],"angle":-76.2}},{"type":"Feature","geometry":{"type":"Point","coordinates":[19.911301,49.9811]},"properties":{"lines":"235, 245, 255, 275, 285","color":"#0059a9","mode":"bus","arr":["235","245","255","275","285"],"angle":-71.4}},{"type":"Feature","geometry":{"type":"Point","coordinates":[19.913415,49.985079]},"properties":{"lines":"235, 245, 255, 275, 285","color":"#0059a9","mode":"bus","arr":["235","245","255","275","285"],"angle":-69.9}},{"type":"Feature","geometry":{"type":"Point","coordinates":[19.912194,49.983195]},"properties":{"lines":"235, 245, 255, 275, 285","color":"#0059a9","mode":"bus","arr":["235","245","255","275","285"],"angle":-72}},{"type":"Feature","geometry":{"type":"Point","coordinates":[19.910769,49.980401]},"properties":{"lines":"235, 245, 255, 275, 285","color":"#0059a9","mode":"bus","arr":["235","245","255","275","285"],"angle":-71.4,"extra":1}},{"type":"Feature","geometry":{"type":"Point","coordinates":[19.895244,49.963228]},"properties":{"lines":"245, 275, 285","color":"#0059a9","mode":"bus","arr":["245","275","285"],"angle":-39.7}},{"type":"Feature","geometry":{"type":"Point","coordinates":[19.888804,49.957669]},"properties":{"lines":"245, 275, 285","color":"#0059a9","mode":"bus","arr":["245","275","285"],"angle":76.9,"extra":1}},{"type":"Feature","geometry":{"type":"Point","coordinates":[19.903771,49.96792]},"properties":{"lines":"245, 275, 285","color":"#0059a9","mode":"bus","arr":["245","275","285"],"angle":-42.8,"extra":1}},{"type":"Feature","geometry":{"type":"Point","coordinates":[19.900828,49.966917]},"properties":{"lines":"245, 275, 285","color":"#0059a9","mode":"bus","arr":["245","275","285"],"angle":-28}},{"type":"Feature","geometry":{"type":"Point","coordinates":[19.90878,49.976597]},"properties":{"lines":"245, 275, 285","color":"#0059a9","mode":"bus","arr":["245","275","285"],"angle":-71.7,"extra":1}},{"type":"Feature","geometry":{"type":"Point","coordinates":[19.906737,49.972346]},"properties":{"lines":"245, 275, 285","color":"#0059a9","mode":"bus","arr":["245","275","285"],"angle":-71.5,"extra":1}},{"type":"Feature","geometry":{"type":"Point","coordinates":[19.892582,49.961955]},"properties":{"lines":"245, 275, 285","color":"#0059a9","mode":"bus","arr":["245","275","285"],"angle":-39.7,"extra":1}},{"type":"Feature","geometry":{"type":"Point","coordinates":[19.888463,49.958132]},"properties":{"lines":"245, 275, 285","color":"#0059a9","mode":"bus","arr":["245","275","285"],"angle":80,"extra":1}},{"type":"Feature","geometry":{"type":"Point","coordinates":[19.700805,50.114358]},"properties":{"lines":"238","color":"#0059a9","mode":"bus","arr":["238"],"angle":6.4}},{"type":"Feature","geometry":{"type":"Point","coordinates":[19.707352,50.113928]},"properties":{"lines":"238","color":"#0059a9","mode":"bus","arr":["238"],"angle":5.4,"extra":1}},{"type":"Feature","geometry":{"type":"Point","coordinates":[19.693309,50.112304]},"properties":{"lines":"238","color":"#0059a9","mode":"bus","arr":["238"],"angle":-20.8,"extra":1}},{"type":"Feature","geometry":{"type":"Point","coordinates":[19.721423,50.113026]},"properties":{"lines":"238, 918","color":"#0059a9","mode":"bus","arr":["238","918"],"angle":5.6}},{"type":"Feature","geometry":{"type":"Point","coordinates":[19.713392,50.119129]},"properties":{"lines":"238, 918","color":"#0059a9","mode":"bus","arr":["238","918"],"angle":-83.4,"extra":1}},{"type":"Feature","geometry":{"type":"Point","coordinates":[19.711394,50.114387]},"properties":{"lines":"238, 918","color":"#0059a9","mode":"bus","arr":["238","918"],"angle":-79.3,"extra":1}},{"type":"Feature","geometry":{"type":"Point","coordinates":[19.733064,50.112686]},"properties":{"lines":"238, 918","color":"#0059a9","mode":"bus","arr":["238","918"],"angle":-11.4,"extra":1}},{"type":"Feature","geometry":{"type":"Point","coordinates":[19.740631,50.113629]},"properties":{"lines":"238, 918","color":"#0059a9","mode":"bus","arr":["238","918"],"angle":-10.7,"extra":1}},{"type":"Feature","geometry":{"type":"Point","coordinates":[19.712327,50.121728]},"properties":{"lines":"238, 278, 918","color":"#0059a9","mode":"bus","arr":["238","278","918"],"angle":88}},{"type":"Feature","geometry":{"type":"Point","coordinates":[19.712336,50.122329]},"properties":{"lines":"238, 278, 918","color":"#0059a9","mode":"bus","arr":["238","278","918"],"angle":75.6}},{"type":"Feature","geometry":{"type":"Point","coordinates":[19.807515,50.11264]},"properties":{"lines":"238, 248, 948","color":"#0059a9","mode":"bus","arr":["238","248","948"],"angle":11.6}},{"type":"Feature","geometry":{"type":"Point","coordinates":[19.801097,50.112794]},"properties":{"lines":"238, 248, 948","color":"#0059a9","mode":"bus","arr":["238","248","948"],"angle":36.5,"extra":1}},{"type":"Feature","geometry":{"type":"Point","coordinates":[19.815161,50.110155]},"properties":{"lines":"238, 248, 948","color":"#0059a9","mode":"bus","arr":["238","248","948"],"angle":54.4,"extra":1}},{"type":"Feature","geometry":{"type":"Point","coordinates":[19.830146,50.109011]},"properties":{"lines":"238, 248, 258, 948","color":"#0059a9","mode":"bus","arr":["238","248","258","948"],"angle":12.3}},{"type":"Feature","geometry":{"type":"Point","coordinates":[19.834243,50.10815]},"properties":{"lines":"238, 248, 258, 948","color":"#0059a9","mode":"bus","arr":["238","248","258","948"],"angle":16,"extra":1}},{"type":"Feature","geometry":{"type":"Point","coordinates":[19.836739,50.108021]},"properties":{"lines":"238, 248, 258, 948","color":"#0059a9","mode":"bus","arr":["238","248","258","948"],"angle":9.1}},{"type":"Feature","geometry":{"type":"Point","coordinates":[19.842037,50.096343]},"properties":{"lines":"238, 258, 288, 948","color":"#0059a9","mode":"bus","arr":["238","258","288","948"],"angle":6.6}},{"type":"Feature","geometry":{"type":"Point","coordinates":[19.835816,50.105431]},"properties":{"lines":"238, 258, 288, 948","color":"#0059a9","mode":"bus","arr":["238","258","288","948"],"angle":-89.2,"extra":1}},{"type":"Feature","geometry":{"type":"Point","coordinates":[19.835949,50.100497]},"properties":{"lines":"238, 258, 288, 948","color":"#0059a9","mode":"bus","arr":["238","258","288","948"],"angle":-84.4,"extra":1}},{"type":"Feature","geometry":{"type":"Point","coordinates":[19.84694,50.097453]},"properties":{"lines":"238, 258, 288, 948","color":"#0059a9","mode":"bus","arr":["238","258","288","948"],"angle":-37.7,"extra":1}},{"type":"Feature","geometry":{"type":"Point","coordinates":[19.853997,50.099302]},"properties":{"lines":"238, 258, 288, 948","color":"#0059a9","mode":"bus","arr":["238","258","288","948"],"angle":-17,"extra":1}},{"type":"Feature","geometry":{"type":"Point","coordinates":[19.860812,50.101208]},"properties":{"lines":"238, 258, 288, 948","color":"#0059a9","mode":"bus","arr":["238","258","288","948"],"angle":-63.7,"extra":1}},{"type":"Feature","geometry":{"type":"Point","coordinates":[19.862413,50.102501]},"properties":{"lines":"238, 258, 288, 948","color":"#0059a9","mode":"bus","arr":["238","258","288","948"],"angle":-59.1}},{"type":"Feature","geometry":{"type":"Point","coordinates":[19.871024,50.096587]},"properties":{"lines":"238, 248, 258, 268, 278, 288, 948","color":"#0059a9","mode":"bus","arr":["238","248","258","268","278","288","948"],"angle":37.2}},{"type":"Feature","geometry":{"type":"Point","coordinates":[19.865153,50.101308]},"properties":{"lines":"238, 248, 258, 268, 278, 288, 948","color":"#0059a9","mode":"bus","arr":["238","248","258","268","278","288","948"],"angle":39.6,"extra":1}},{"type":"Feature","geometry":{"type":"Point","coordinates":[19.875355,50.094097]},"properties":{"lines":"238, 248, 258, 268, 278, 288, 948","color":"#0059a9","mode":"bus","arr":["238","248","258","268","278","288","948"],"angle":46,"extra":1}},{"type":"Feature","geometry":{"type":"Point","coordinates":[19.872472,50.095954]},"properties":{"lines":"238, 248, 258, 268, 278, 288, 948","color":"#0059a9","mode":"bus","arr":["238","248","258","268","278","288","948"],"angle":41}},{"type":"Feature","geometry":{"type":"Point","coordinates":[19.878094,50.09248]},"properties":{"lines":"238, 248, 258, 268, 278, 288, 948","color":"#0059a9","mode":"bus","arr":["238","248","258","268","278","288","948"],"angle":39.7,"extra":1}},{"type":"Feature","geometry":{"type":"Point","coordinates":[19.867475,50.099487]},"properties":{"lines":"238, 248, 258, 268, 278, 288, 948","color":"#0059a9","mode":"bus","arr":["238","248","258","268","278","288","948"],"angle":65.3,"extra":1}},{"type":"Feature","geometry":{"type":"Point","coordinates":[19.767434,50.006761]},"properties":{"lines":"239, 259","color":"#0059a9","mode":"bus","arr":["239","259"],"angle":-77.6}},{"type":"Feature","geometry":{"type":"Point","coordinates":[19.772613,49.999094]},"properties":{"lines":"239","color":"#0059a9","mode":"bus","arr":["239"],"angle":57.4}},{"type":"Feature","geometry":{"type":"Point","coordinates":[19.769385,50.001816]},"properties":{"lines":"239","color":"#0059a9","mode":"bus","arr":["239"],"angle":42.9,"extra":1}},{"type":"Feature","geometry":{"type":"Point","coordinates":[19.744877,50.013788]},"properties":{"lines":"239","color":"#0059a9","mode":"bus","arr":["239"],"angle":-80.8}},{"type":"Feature","geometry":{"type":"Point","coordinates":[19.763116,50.010205]},"properties":{"lines":"239","color":"#0059a9","mode":"bus","arr":["239"],"angle":13.9,"extra":1}},{"type":"Feature","geometry":{"type":"Point","coordinates":[19.755633,50.011116]},"properties":{"lines":"239","color":"#0059a9","mode":"bus","arr":["239"],"angle":12.6,"extra":1}},{"type":"Feature","geometry":{"type":"Point","coordinates":[19.749316,50.011475]},"properties":{"lines":"239","color":"#0059a9","mode":"bus","arr":["239"],"angle":55.6,"extra":1}},{"type":"Feature","geometry":{"type":"Point","coordinates":[19.746195,50.018412]},"properties":{"lines":"239","color":"#0059a9","mode":"bus","arr":["239"],"angle":-84.9,"extra":1}},{"type":"Feature","geometry":{"type":"Point","coordinates":[19.748623,50.023088]},"properties":{"lines":"239","color":"#0059a9","mode":"bus","arr":["239"],"angle":-70.5,"extra":1}},{"type":"Feature","geometry":{"type":"Point","coordinates":[19.749024,50.027993]},"properties":{"lines":"239","color":"#0059a9","mode":"bus","arr":["239"],"angle":89.6,"extra":1}},{"type":"Feature","geometry":{"type":"Point","coordinates":[19.899827,50.122595]},"properties":{"lines":"240, 290","color":"#0059a9","mode":"bus","arr":["240","290"],"angle":-73.2}},{"type":"Feature","geometry":{"type":"Point","coordinates":[19.902098,50.118335]},"properties":{"lines":"240, 290","color":"#0059a9","mode":"bus","arr":["240","290"],"angle":65.5,"extra":1}},{"type":"Feature","geometry":{"type":"Point","coordinates":[19.89951,50.12701]},"properties":{"lines":"240, 290","color":"#0059a9","mode":"bus","arr":["240","290"],"angle":55.1,"extra":1}},{"type":"Feature","geometry":{"type":"Point","coordinates":[19.899327,50.114968]},"properties":{"lines":"240","color":"#0059a9","mode":"bus","arr":["240"],"angle":-32.9}},{"type":"Feature","geometry":{"type":"Point","coordinates":[19.894141,50.097137]},"properties":{"lines":"240","color":"#0059a9","mode":"bus","arr":["240"],"angle":33.4}},{"type":"Feature","geometry":{"type":"Point","coordinates":[19.900498,50.093181]},"properties":{"lines":"240","color":"#0059a9","mode":"bus","arr":["240"],"angle":49.9,"extra":1}},{"type":"Feature","geometry":{"type":"Point","coordinates":[19.915313,50.089555]},"properties":{"lines":"240, 572","color":"#0059a9","mode":"bus","arr":["240","572"],"angle":-17.4}},{"type":"Feature","geometry":{"type":"Point","coordinates":[19.915683,50.089808]},"properties":{"lines":"240, 572","color":"#0059a9","mode":"bus","arr":["240","572"],"angle":-18.5}},{"type":"Feature","geometry":{"type":"Point","coordinates":[20.130453,50.114877]},"properties":{"lines":"242","color":"#0059a9","mode":"bus","arr":["242"],"angle":-47.5}},{"type":"Feature","geometry":{"type":"Point","coordinates":[20.123913,50.112796]},"properties":{"lines":"242","color":"#0059a9","mode":"bus","arr":["242"],"angle":-31.8,"extra":1}},{"type":"Feature","geometry":{"type":"Point","coordinates":[20.136657,50.114701]},"properties":{"lines":"242","color":"#0059a9","mode":"bus","arr":["242"],"angle":-22,"extra":1}},{"type":"Feature","geometry":{"type":"Point","coordinates":[20.138071,50.115862]},"properties":{"lines":"242","color":"#0059a9","mode":"bus","arr":["242"],"angle":53.4}},{"type":"Feature","geometry":{"type":"Point","coordinates":[20.110856,50.107541]},"properties":{"lines":"242, 272","color":"#0059a9","mode":"bus","arr":["242","272"],"angle":48.7}},{"type":"Feature","geometry":{"type":"Point","coordinates":[20.110984,50.0943]},"properties":{"lines":"242, 272","color":"#0059a9","mode":"bus","arr":["242","272"],"angle":-14.8}},{"type":"Feature","geometry":{"type":"Point","coordinates":[20.124152,50.09715]},"properties":{"lines":"242, 272","color":"#0059a9","mode":"bus","arr":["242","272"],"angle":-34.7,"extra":1}},{"type":"Feature","geometry":{"type":"Point","coordinates":[20.116955,50.095829]},"properties":{"lines":"242, 272","color":"#0059a9","mode":"bus","arr":["242","272"],"angle":-24.2,"extra":1}},{"type":"Feature","geometry":{"type":"Point","coordinates":[20.102171,50.09427]},"properties":{"lines":"242, 272","color":"#0059a9","mode":"bus","arr":["242","272"],"angle":9,"extra":1}},{"type":"Feature","geometry":{"type":"Point","coordinates":[20.094594,50.094809]},"properties":{"lines":"242, 272","color":"#0059a9","mode":"bus","arr":["242","272"],"angle":19.5,"extra":1}},{"type":"Feature","geometry":{"type":"Point","coordinates":[20.07416,50.085102]},"properties":{"lines":"242, 272","color":"#0059a9","mode":"bus","arr":["242","272"],"angle":-38.6}},{"type":"Feature","geometry":{"type":"Point","coordinates":[20.073685,50.089076]},"properties":{"lines":"242, 272","color":"#0059a9","mode":"bus","arr":["242","272"],"angle":75.4,"extra":1}},{"type":"Feature","geometry":{"type":"Point","coordinates":[20.067067,50.081782]},"properties":{"lines":"242, 272","color":"#0059a9","mode":"bus","arr":["242","272"],"angle":-36.2,"extra":1}},{"type":"Feature","geometry":{"type":"Point","coordinates":[20.066249,50.079191]},"properties":{"lines":"242, 272, 601","color":"#0059a9","mode":"bus","arr":["242","272","601"],"angle":86}},{"type":"Feature","geometry":{"type":"Point","coordinates":[20.065917,49.983843]},"properties":{"lines":"244, 274, 304","color":"#0059a9","mode":"bus","arr":["244","274","304"],"angle":27.7}},{"type":"Feature","geometry":{"type":"Point","coordinates":[20.053423,49.985377]},"properties":{"lines":"244, 274, 304","color":"#0059a9","mode":"bus","arr":["244","274","304"],"angle":44.6}},{"type":"Feature","geometry":{"type":"Point","coordinates":[20.049209,49.985516]},"properties":{"lines":"244","color":"#0059a9","mode":"bus","arr":["244"],"angle":26.3}},{"type":"Feature","geometry":{"type":"Point","coordinates":[20.026901,49.987042]},"properties":{"lines":"244","color":"#0059a9","mode":"bus","arr":["244"],"angle":-18.1}},{"type":"Feature","geometry":{"type":"Point","coordinates":[20.034088,49.988086]},"properties":{"lines":"244","color":"#0059a9","mode":"bus","arr":["244"],"angle":-18.2,"extra":1}},{"type":"Feature","geometry":{"type":"Point","coordinates":[20.023771,49.989305]},"properties":{"lines":"244","color":"#0059a9","mode":"bus","arr":["244"],"angle":88,"extra":1}},{"type":"Feature","geometry":{"type":"Point","coordinates":[19.835876,49.962042]},"properties":{"lines":"245","color":"#0059a9","mode":"bus","arr":["245"],"angle":29.3}},{"type":"Feature","geometry":{"type":"Point","coordinates":[19.828853,49.967001]},"properties":{"lines":"245","color":"#0059a9","mode":"bus","arr":["245"],"angle":75.6,"extra":1}},{"type":"Feature","geometry":{"type":"Point","coordinates":[19.835475,49.954483]},"properties":{"lines":"245","color":"#0059a9","mode":"bus","arr":["245"],"angle":-75.5,"extra":1}},{"type":"Feature","geometry":{"type":"Point","coordinates":[19.868994,49.944183]},"properties":{"lines":"245","color":"#0059a9","mode":"bus","arr":["245"],"angle":-3.5}},{"type":"Feature","geometry":{"type":"Point","coordinates":[19.852338,49.94545]},"properties":{"lines":"245","color":"#0059a9","mode":"bus","arr":["245"],"angle":10.4}},{"type":"Feature","geometry":{"type":"Point","coordinates":[19.83706,49.950902]},"properties":{"lines":"245","color":"#0059a9","mode":"bus","arr":["245"],"angle":79.3,"extra":1}},{"type":"Feature","geometry":{"type":"Point","coordinates":[19.841148,49.946874]},"properties":{"lines":"245","color":"#0059a9","mode":"bus","arr":["245"],"angle":38.7,"extra":1}},{"type":"Feature","geometry":{"type":"Point","coordinates":[19.86349,49.944854]},"properties":{"lines":"245","color":"#0059a9","mode":"bus","arr":["245"],"angle":19.4,"extra":1}},{"type":"Feature","geometry":{"type":"Point","coordinates":[19.868526,49.94632]},"properties":{"lines":"245","color":"#0059a9","mode":"bus","arr":["245"],"angle":-49.6,"extra":1}},{"type":"Feature","geometry":{"type":"Point","coordinates":[19.869325,49.949496]},"properties":{"lines":"245","color":"#0059a9","mode":"bus","arr":["245"],"angle":12.9}},{"type":"Feature","geometry":{"type":"Point","coordinates":[19.894422,49.937562]},"properties":{"lines":"245, 255, 275, 285","color":"#0059a9","mode":"bus","arr":["245","255","275","285"],"angle":28.3}},{"type":"Feature","geometry":{"type":"Point","coordinates":[19.874266,49.944558]},"properties":{"lines":"245, 255, 275, 285","color":"#0059a9","mode":"bus","arr":["245","255","275","285"],"angle":-9.9,"extra":1}},{"type":"Feature","geometry":{"type":"Point","coordinates":[19.881848,49.944674]},"properties":{"lines":"245, 255, 275, 285","color":"#0059a9","mode":"bus","arr":["245","255","275","285"],"angle":-5.9,"extra":1}},{"type":"Feature","geometry":{"type":"Point","coordinates":[19.885817,49.942809]},"properties":{"lines":"245, 255, 275, 285","color":"#0059a9","mode":"bus","arr":["245","255","275","285"],"angle":80.2,"extra":1}},{"type":"Feature","geometry":{"type":"Point","coordinates":[19.890386,49.9395]},"properties":{"lines":"245, 255, 275, 285","color":"#0059a9","mode":"bus","arr":["245","255","275","285"],"angle":15.1,"extra":1}},{"type":"Feature","geometry":{"type":"Point","coordinates":[19.893279,49.941611]},"properties":{"lines":"245, 255, 275, 285","color":"#0059a9","mode":"bus","arr":["245","255","275","285"],"angle":66.1,"extra":1}},{"type":"Feature","geometry":{"type":"Point","coordinates":[19.89119,49.946325]},"properties":{"lines":"245, 255, 275, 285","color":"#0059a9","mode":"bus","arr":["245","255","275","285"],"angle":82.7,"extra":1}},{"type":"Feature","geometry":{"type":"Point","coordinates":[19.890074,49.951219]},"properties":{"lines":"245, 255, 275, 285","color":"#0059a9","mode":"bus","arr":["245","255","275","285"],"angle":83.7,"extra":1}},{"type":"Feature","geometry":{"type":"Point","coordinates":[19.889959,49.953703]},"properties":{"lines":"245, 255, 275, 285","color":"#0059a9","mode":"bus","arr":["245","255","275","285"],"angle":-89.6}},{"type":"Feature","geometry":{"type":"Point","coordinates":[19.891387,49.944465]},"properties":{"lines":"245, 255","color":"#0059a9","mode":"bus","arr":["245","255"],"angle":81.6}},{"type":"Feature","geometry":{"type":"Point","coordinates":[19.890357,49.949267]},"properties":{"lines":"245, 255","color":"#0059a9","mode":"bus","arr":["245","255"],"angle":81.2,"extra":1}},{"type":"Feature","geometry":{"type":"Point","coordinates":[19.894239,49.939776]},"properties":{"lines":"245, 255","color":"#0059a9","mode":"bus","arr":["245","255"],"angle":71.6,"extra":1}},{"type":"Feature","geometry":{"type":"Point","coordinates":[19.939793,50.1236]},"properties":{"lines":"247","color":"#0059a9","mode":"bus","arr":["247"],"angle":71.6}},{"type":"Feature","geometry":{"type":"Point","coordinates":[19.945679,50.126155]},"properties":{"lines":"247","color":"#0059a9","mode":"bus","arr":["247"],"angle":-12.6}},{"type":"Feature","geometry":{"type":"Point","coordinates":[19.958914,50.12106]},"properties":{"lines":"247, 280","color":"#0059a9","mode":"bus","arr":["247","280"],"angle":65.4}},{"type":"Feature","geometry":{"type":"Point","coordinates":[19.954736,50.12479]},"properties":{"lines":"247, 280","color":"#0059a9","mode":"bus","arr":["247","280"],"angle":58.3,"extra":1}},{"type":"Feature","geometry":{"type":"Point","coordinates":[19.964231,50.119366]},"properties":{"lines":"247, 280","color":"#0059a9","mode":"bus","arr":["247","280"],"angle":-25.4,"extra":1}},{"type":"Feature","geometry":{"type":"Point","coordinates":[19.797456,50.156678]},"properties":{"lines":"248, 948","color":"#0059a9","mode":"bus","arr":["248","948"],"angle":44.9}},{"type":"Feature","geometry":{"type":"Point","coordinates":[19.790827,50.149326]},"properties":{"lines":"248, 948","color":"#0059a9","mode":"bus","arr":["248","948"],"angle":-57.7,"extra":1}},{"type":"Feature","geometry":{"type":"Point","coordinates":[19.797413,50.150472]},"properties":{"lines":"248, 948","color":"#0059a9","mode":"bus","arr":["248","948"],"angle":21.2,"extra":1}},{"type":"Feature","geometry":{"type":"Point","coordinates":[19.799592,50.15397]},"properties":{"lines":"248, 948","color":"#0059a9","mode":"bus","arr":["248","948"],"angle":-68.8,"extra":1}},{"type":"Feature","geometry":{"type":"Point","coordinates":[19.798354,50.160498]},"properties":{"lines":"248, 948","color":"#0059a9","mode":"bus","arr":["248","948"],"angle":-25.4,"extra":1}},{"type":"Feature","geometry":{"type":"Point","coordinates":[19.80492,50.161506]},"properties":{"lines":"248, 948","color":"#0059a9","mode":"bus","arr":["248","948"],"angle":-5.6,"extra":1}},{"type":"Feature","geometry":{"type":"Point","coordinates":[19.811835,50.161499]},"properties":{"lines":"248, 948","color":"#0059a9","mode":"bus","arr":["248","948"],"angle":86.7}},{"type":"Feature","geometry":{"type":"Point","coordinates":[19.798061,50.137832]},"properties":{"lines":"248, 268, 948","color":"#0059a9","mode":"bus","arr":["248","268","948"],"angle":72.5}},{"type":"Feature","geometry":{"type":"Point","coordinates":[19.794031,50.145212]},"properties":{"lines":"248, 268, 948","color":"#0059a9","mode":"bus","arr":["248","268","948"],"angle":51.8,"extra":1}},{"type":"Feature","geometry":{"type":"Point","coordinates":[19.797548,50.140878]},"properties":{"lines":"248, 268, 948","color":"#0059a9","mode":"bus","arr":["248","268","948"],"angle":72.4,"extra":1}},{"type":"Feature","geometry":{"type":"Point","coordinates":[19.801668,50.131566]},"properties":{"lines":"248, 268, 948","color":"#0059a9","mode":"bus","arr":["248","268","948"],"angle":61.5,"extra":1}},{"type":"Feature","geometry":{"type":"Point","coordinates":[19.803716,50.128093]},"properties":{"lines":"248, 268, 278, 948","color":"#0059a9","mode":"bus","arr":["248","268","278","948"],"angle":18.1}},{"type":"Feature","geometry":{"type":"Point","coordinates":[19.803154,50.125788]},"properties":{"lines":"248, 268, 278, 288, 948","color":"#0059a9","mode":"bus","arr":["248","268","278","288","948"],"angle":-72.8}},{"type":"Feature","geometry":{"type":"Point","coordinates":[19.801673,50.122103]},"properties":{"lines":"248, 268, 278, 288, 948","color":"#0059a9","mode":"bus","arr":["248","268","278","288","948"],"angle":75.1}},{"type":"Feature","geometry":{"type":"Point","coordinates":[19.850083,50.106176]},"properties":{"lines":"248, 268, 278","color":"#0059a9","mode":"bus","arr":["248","268","278"],"angle":12.7}},{"type":"Feature","geometry":{"type":"Point","coordinates":[19.841103,50.107278]},"properties":{"lines":"248, 268, 278","color":"#0059a9","mode":"bus","arr":["248","268","278"],"angle":6.8,"extra":1}},{"type":"Feature","geometry":{"type":"Point","coordinates":[19.855659,50.104494]},"properties":{"lines":"248, 268, 278","color":"#0059a9","mode":"bus","arr":["248","268","278"],"angle":29.4,"extra":1}},{"type":"Feature","geometry":{"type":"Point","coordinates":[19.851907,50.10596]},"properties":{"lines":"248, 268, 278","color":"#0059a9","mode":"bus","arr":["248","268","278"],"angle":25.9}},{"type":"Feature","geometry":{"type":"Point","coordinates":[19.861555,50.102624]},"properties":{"lines":"248, 268, 278","color":"#0059a9","mode":"bus","arr":["248","268","278"],"angle":25.8,"extra":1}},{"type":"Feature","geometry":{"type":"Point","coordinates":[19.84759,50.106642]},"properties":{"lines":"248, 268, 278","color":"#0059a9","mode":"bus","arr":["248","268","278"],"angle":12.7,"extra":1}},{"type":"Feature","geometry":{"type":"Point","coordinates":[19.840029,50.107478]},"properties":{"lines":"248, 268, 278","color":"#0059a9","mode":"bus","arr":["248","268","278"],"angle":14.9,"extra":1}},{"type":"Feature","geometry":{"type":"Point","coordinates":[19.829093,50.038449]},"properties":{"lines":"249, 259, 712","color":"#0059a9","mode":"bus","arr":["249","259","712"],"angle":-32.6}},{"type":"Feature","geometry":{"type":"Point","coordinates":[19.836933,50.039445]},"properties":{"lines":"249, 259, 712","color":"#0059a9","mode":"bus","arr":["249","259","712"],"angle":-36.3,"extra":1}},{"type":"Feature","geometry":{"type":"Point","coordinates":[19.823257,50.035691]},"properties":{"lines":"249, 259, 712","color":"#0059a9","mode":"bus","arr":["249","259","712"],"angle":-25.3,"extra":1}},{"type":"Feature","geometry":{"type":"Point","coordinates":[19.803199,50.02948]},"properties":{"lines":"249, 259","color":"#0059a9","mode":"bus","arr":["249","259"],"angle":-7.5}},{"type":"Feature","geometry":{"type":"Point","coordinates":[19.810946,50.031196]},"properties":{"lines":"249, 259","color":"#0059a9","mode":"bus","arr":["249","259"],"angle":-31.4,"extra":1}},{"type":"Feature","geometry":{"type":"Point","coordinates":[19.797994,50.027082]},"properties":{"lines":"249, 259","color":"#0059a9","mode":"bus","arr":["249","259"],"angle":-55.2,"extra":1}},{"type":"Feature","geometry":{"type":"Point","coordinates":[19.680456,50.026482]},"properties":{"lines":"249","color":"#0059a9","mode":"bus","arr":["249"],"angle":-22.3}},{"type":"Feature","geometry":{"type":"Point","coordinates":[19.669242,49.99581]},"properties":{"lines":"249","color":"#0059a9","mode":"bus","arr":["249"],"angle":-52.9,"extra":1}},{"type":"Feature","geometry":{"type":"Point","coordinates":[19.667765,49.999897]},"properties":{"lines":"249","color":"#0059a9","mode":"bus","arr":["249"],"angle":46.6,"extra":1}},{"type":"Feature","geometry":{"type":"Point","coordinates":[19.662689,50.003617]},"properties":{"lines":"249","color":"#0059a9","mode":"bus","arr":["249"],"angle":46.9,"extra":1}},{"type":"Feature","geometry":{"type":"Point","coordinates":[19.659416,50.008024]},"properties":{"lines":"249","color":"#0059a9","mode":"bus","arr":["249"],"angle":66.2,"extra":1}},{"type":"Feature","geometry":{"type":"Point","coordinates":[19.657806,50.012725]},"properties":{"lines":"249","color":"#0059a9","mode":"bus","arr":["249"],"angle":-81.3,"extra":1}},{"type":"Feature","geometry":{"type":"Point","coordinates":[19.654705,50.016907]},"properties":{"lines":"249","color":"#0059a9","mode":"bus","arr":["249"],"angle":42.8,"extra":1}},{"type":"Feature","geometry":{"type":"Point","coordinates":[19.652894,50.021329]},"properties":{"lines":"249","color":"#0059a9","mode":"bus","arr":["249"],"angle":63.9,"extra":1}},{"type":"Feature","geometry":{"type":"Point","coordinates":[19.654787,50.023877]},"properties":{"lines":"249","color":"#0059a9","mode":"bus","arr":["249"],"angle":-2.9,"extra":1}},{"type":"Feature","geometry":{"type":"Point","coordinates":[19.66203,50.02542]},"properties":{"lines":"249","color":"#0059a9","mode":"bus","arr":["249"],"angle":-12.6,"extra":1}},{"type":"Feature","geometry":{"type":"Point","coordinates":[19.668835,50.024541]},"properties":{"lines":"249","color":"#0059a9","mode":"bus","arr":["249"],"angle":-13,"extra":1}},{"type":"Feature","geometry":{"type":"Point","coordinates":[19.675989,50.026291]},"properties":{"lines":"249","color":"#0059a9","mode":"bus","arr":["249"],"angle":-40.1,"extra":1}},{"type":"Feature","geometry":{"type":"Point","coordinates":[19.690813,50.025815]},"properties":{"lines":"249","color":"#0059a9","mode":"bus","arr":["249"],"angle":4.5,"extra":1}},{"type":"Feature","geometry":{"type":"Point","coordinates":[19.697894,50.02747]},"properties":{"lines":"249","color":"#0059a9","mode":"bus","arr":["249"],"angle":-37.3,"extra":1}},{"type":"Feature","geometry":{"type":"Point","coordinates":[19.70377,50.03052]},"properties":{"lines":"249","color":"#0059a9","mode":"bus","arr":["249"],"angle":-40.7,"extra":1}},{"type":"Feature","geometry":{"type":"Point","coordinates":[19.70981,50.033557]},"properties":{"lines":"249","color":"#0059a9","mode":"bus","arr":["249"],"angle":-31.6,"extra":1}},{"type":"Feature","geometry":{"type":"Point","coordinates":[19.716393,50.036063]},"properties":{"lines":"249","color":"#0059a9","mode":"bus","arr":["249"],"angle":-37.8,"extra":1}},{"type":"Feature","geometry":{"type":"Point","coordinates":[19.721172,50.038905]},"properties":{"lines":"249","color":"#0059a9","mode":"bus","arr":["249"],"angle":-1.3,"extra":1}},{"type":"Feature","geometry":{"type":"Point","coordinates":[19.728832,50.039433]},"properties":{"lines":"249","color":"#0059a9","mode":"bus","arr":["249"],"angle":-6.4,"extra":1}},{"type":"Feature","geometry":{"type":"Point","coordinates":[19.736528,50.039598]},"properties":{"lines":"249","color":"#0059a9","mode":"bus","arr":["249"],"angle":0.1,"extra":1}},{"type":"Feature","geometry":{"type":"Point","coordinates":[19.743349,50.037694]},"properties":{"lines":"249","color":"#0059a9","mode":"bus","arr":["249"],"angle":25.5,"extra":1}},{"type":"Feature","geometry":{"type":"Point","coordinates":[19.7503,50.035563]},"properties":{"lines":"249","color":"#0059a9","mode":"bus","arr":["249"],"angle":27.6,"extra":1}},{"type":"Feature","geometry":{"type":"Point","coordinates":[20.039082,50.118151]},"properties":{"lines":"250, 270","color":"#0059a9","mode":"bus","arr":["250","270"],"angle":-21.8}},{"type":"Feature","geometry":{"type":"Point","coordinates":[20.043943,50.119922]},"properties":{"lines":"250, 270","color":"#0059a9","mode":"bus","arr":["250","270"],"angle":-19.5,"extra":1}},{"type":"Feature","geometry":{"type":"Point","coordinates":[20.048411,50.121082]},"properties":{"lines":"250, 270","color":"#0059a9","mode":"bus","arr":["250","270"],"angle":-22}},{"type":"Feature","geometry":{"type":"Point","coordinates":[20.020398,50.113405]},"properties":{"lines":"250, 260, 270","color":"#0059a9","mode":"bus","arr":["250","260","270"],"angle":-16.3}},{"type":"Feature","geometry":{"type":"Point","coordinates":[20.030353,50.115745]},"properties":{"lines":"250, 260, 270","color":"#0059a9","mode":"bus","arr":["250","260","270"],"angle":-59.1,"extra":1}},{"type":"Feature","geometry":{"type":"Point","coordinates":[20.010442,50.109941]},"properties":{"lines":"250, 260, 270","color":"#0059a9","mode":"bus","arr":["250","260","270"],"angle":-9.9,"extra":1}},{"type":"Feature","geometry":{"type":"Point","coordinates":[20.00719,50.108937]},"properties":{"lines":"250, 260, 270","color":"#0059a9","mode":"bus","arr":["250","260","270"],"angle":-48.1}},{"type":"Feature","geometry":{"type":"Point","coordinates":[20.015153,50.115159]},"properties":{"lines":"250","color":"#0059a9","mode":"bus","arr":["250"],"angle":70.1}},{"type":"Feature","geometry":{"type":"Point","coordinates":[19.998277,50.107799]},"properties":{"lines":"250","color":"#0059a9","mode":"bus","arr":["250"],"angle":0.8}},{"type":"Feature","geometry":{"type":"Point","coordinates":[19.993982,50.108382]},"properties":{"lines":"250","color":"#0059a9","mode":"bus","arr":["250"],"angle":65.5,"extra":1}},{"type":"Feature","geometry":{"type":"Point","coordinates":[19.977251,50.102064]},"properties":{"lines":"250","color":"#0059a9","mode":"bus","arr":["250"],"angle":-34.5}},{"type":"Feature","geometry":{"type":"Point","coordinates":[19.981228,50.105152]},"properties":{"lines":"250","color":"#0059a9","mode":"bus","arr":["250"],"angle":-83.8,"extra":1}},{"type":"Feature","geometry":{"type":"Point","coordinates":[19.974956,50.098012]},"properties":{"lines":"250","color":"#0059a9","mode":"bus","arr":["250"],"angle":67.4,"extra":1}},{"type":"Feature","geometry":{"type":"Point","coordinates":[19.994595,50.120841]},"properties":{"lines":"297","color":"#0059a9","mode":"bus","arr":["297"],"angle":75.4}},{"type":"Feature","geometry":{"type":"Point","coordinates":[19.993943,50.112666]},"properties":{"lines":"297","color":"#0059a9","mode":"bus","arr":["297"],"angle":-73.9,"extra":1}},{"type":"Feature","geometry":{"type":"Point","coordinates":[19.997237,50.116962]},"properties":{"lines":"297","color":"#0059a9","mode":"bus","arr":["297"],"angle":88.9,"extra":1}},{"type":"Feature","geometry":{"type":"Point","coordinates":[19.990359,50.12474]},"properties":{"lines":"297","color":"#0059a9","mode":"bus","arr":["297"],"angle":31.6,"extra":1}},{"type":"Feature","geometry":{"type":"Point","coordinates":[19.98471,50.128054]},"properties":{"lines":"297","color":"#0059a9","mode":"bus","arr":["297"],"angle":29.9,"extra":1}},{"type":"Feature","geometry":{"type":"Point","coordinates":[19.972738,50.117781]},"properties":{"lines":"297","color":"#0059a9","mode":"bus","arr":["297"],"angle":-39.5}},{"type":"Feature","geometry":{"type":"Point","coordinates":[19.977184,50.112006]},"properties":{"lines":"297","color":"#0059a9","mode":"bus","arr":["297"],"angle":50.7}},{"type":"Feature","geometry":{"type":"Point","coordinates":[19.981405,50.108648]},"properties":{"lines":"297","color":"#0059a9","mode":"bus","arr":["297"],"angle":51.9,"extra":1}},{"type":"Feature","geometry":{"type":"Point","coordinates":[19.97105,50.115922]},"properties":{"lines":"297","color":"#0059a9","mode":"bus","arr":["297"],"angle":37.7,"extra":1}},{"type":"Feature","geometry":{"type":"Point","coordinates":[19.988035,50.108565]},"properties":{"lines":"250, 297","color":"#0059a9","mode":"bus","arr":["250","297"],"angle":-31.8}},{"type":"Feature","geometry":{"type":"Point","coordinates":[19.801621,49.908958]},"properties":{"lines":"253","color":"#0059a9","mode":"bus","arr":["253"],"angle":29.8}},{"type":"Feature","geometry":{"type":"Point","coordinates":[19.771562,49.902136]},"properties":{"lines":"253","color":"#0059a9","mode":"bus","arr":["253"],"angle":-23,"extra":1}},{"type":"Feature","geometry":{"type":"Point","coordinates":[19.778187,49.904509]},"properties":{"lines":"253","color":"#0059a9","mode":"bus","arr":["253"],"angle":-35,"extra":1}},{"type":"Feature","geometry":{"type":"Point","coordinates":[19.784684,49.906445]},"properties":{"lines":"253","color":"#0059a9","mode":"bus","arr":["253"],"angle":-38.3,"extra":1}},{"type":"Feature","geometry":{"type":"Point","coordinates":[19.7905,49.909265]},"properties":{"lines":"253","color":"#0059a9","mode":"bus","arr":["253"],"angle":-27.9,"extra":1}},{"type":"Feature","geometry":{"type":"Point","coordinates":[19.797612,49.910285]},"properties":{"lines":"253","color":"#0059a9","mode":"bus","arr":["253"],"angle":15.7,"extra":1}},{"type":"Feature","geometry":{"type":"Point","coordinates":[19.810708,49.907011]},"properties":{"lines":"253","color":"#0059a9","mode":"bus","arr":["253"],"angle":-5.9,"extra":1}},{"type":"Feature","geometry":{"type":"Point","coordinates":[19.818335,49.906846]},"properties":{"lines":"253","color":"#0059a9","mode":"bus","arr":["253"],"angle":0.6,"extra":1}},{"type":"Feature","geometry":{"type":"Point","coordinates":[19.814472,49.910368]},"properties":{"lines":"253","color":"#0059a9","mode":"bus","arr":["253"],"angle":52,"extra":1}},{"type":"Feature","geometry":{"type":"Point","coordinates":[19.809722,49.914263]},"properties":{"lines":"253","color":"#0059a9","mode":"bus","arr":["253"],"angle":52.1,"extra":1}},{"type":"Feature","geometry":{"type":"Point","coordinates":[19.815288,49.956022]},"properties":{"lines":"253","color":"#0059a9","mode":"bus","arr":["253"],"angle":-87.8}},{"type":"Feature","geometry":{"type":"Point","coordinates":[19.82517,49.971311]},"properties":{"lines":"253","color":"#0059a9","mode":"bus","arr":["253"],"angle":23.6,"extra":1}},{"type":"Feature","geometry":{"type":"Point","coordinates":[19.821078,49.967886]},"properties":{"lines":"253","color":"#0059a9","mode":"bus","arr":["253"],"angle":-51.3,"extra":1}},{"type":"Feature","geometry":{"type":"Point","coordinates":[19.817405,49.963626]},"properties":{"lines":"253","color":"#0059a9","mode":"bus","arr":["253"],"angle":-71.3,"extra":1}},{"type":"Feature","geometry":{"type":"Point","coordinates":[19.81503,49.958927]},"properties":{"lines":"253","color":"#0059a9","mode":"bus","arr":["253"],"angle":-83.8,"extra":1}},{"type":"Feature","geometry":{"type":"Point","coordinates":[19.811759,49.949638]},"properties":{"lines":"253","color":"#0059a9","mode":"bus","arr":["253"],"angle":-65.2,"extra":1}},{"type":"Feature","geometry":{"type":"Point","coordinates":[19.810899,49.944806]},"properties":{"lines":"253","color":"#0059a9","mode":"bus","arr":["253"],"angle":-89.7,"extra":1}},{"type":"Feature","geometry":{"type":"Point","coordinates":[19.809585,49.940318]},"properties":{"lines":"253","color":"#0059a9","mode":"bus","arr":["253"],"angle":-56.9,"extra":1}},{"type":"Feature","geometry":{"type":"Point","coordinates":[19.808747,49.918122]},"properties":{"lines":"253","color":"#0059a9","mode":"bus","arr":["253"],"angle":-86.6}},{"type":"Feature","geometry":{"type":"Point","coordinates":[19.808346,49.92775]},"properties":{"lines":"253","color":"#0059a9","mode":"bus","arr":["253"],"angle":-73.8}},{"type":"Feature","geometry":{"type":"Point","coordinates":[19.807381,49.920505]},"properties":{"lines":"253","color":"#0059a9","mode":"bus","arr":["253"],"angle":-86.1,"extra":1}},{"type":"Feature","geometry":{"type":"Point","coordinates":[19.809477,49.935024]},"properties":{"lines":"253","color":"#0059a9","mode":"bus","arr":["253"],"angle":68.5,"extra":1}},{"type":"Feature","geometry":{"type":"Point","coordinates":[19.810842,49.937324]},"properties":{"lines":"253","color":"#0059a9","mode":"bus","arr":["253"],"angle":50}},{"type":"Feature","geometry":{"type":"Point","coordinates":[19.848956,49.991961]},"properties":{"lines":"253, 283, 293, 903","color":"#0059a9","mode":"bus","arr":["253","283","293","903"],"angle":-48.5}},{"type":"Feature","geometry":{"type":"Point","coordinates":[19.834069,49.978313]},"properties":{"lines":"253, 283, 293, 903","color":"#0059a9","mode":"bus","arr":["253","283","293","903"],"angle":-61.4}},{"type":"Feature","geometry":{"type":"Point","coordinates":[19.957247,49.972726]},"properties":{"lines":"254","color":"#0059a9","mode":"bus","arr":["254"],"angle":-2.6}},{"type":"Feature","geometry":{"type":"Point","coordinates":[19.950387,49.971842]},"properties":{"lines":"254","color":"#0059a9","mode":"bus","arr":["254"],"angle":-10.6,"extra":1}},{"type":"Feature","geometry":{"type":"Point","coordinates":[19.965161,49.973662]},"properties":{"lines":"254","color":"#0059a9","mode":"bus","arr":["254"],"angle":-8,"extra":1}},{"type":"Feature","geometry":{"type":"Point","coordinates":[19.957967,49.980705]},"properties":{"lines":"254","color":"#0059a9","mode":"bus","arr":["254"],"angle":-28.6}},{"type":"Feature","geometry":{"type":"Point","coordinates":[19.948121,49.979808]},"properties":{"lines":"254","color":"#0059a9","mode":"bus","arr":["254"],"angle":8,"extra":1}},{"type":"Feature","geometry":{"type":"Point","coordinates":[19.960983,49.982889]},"properties":{"lines":"254","color":"#0059a9","mode":"bus","arr":["254"],"angle":77.7,"extra":1}},{"type":"Feature","geometry":{"type":"Point","coordinates":[19.963003,49.987571]},"properties":{"lines":"254","color":"#0059a9","mode":"bus","arr":["254"],"angle":82.1,"extra":1}},{"type":"Feature","geometry":{"type":"Point","coordinates":[19.889851,49.95552]},"properties":{"lines":"255","color":"#0059a9","mode":"bus","arr":["255"],"angle":-34.8}},{"type":"Feature","geometry":{"type":"Point","coordinates":[19.915355,49.957651]},"properties":{"lines":"255","color":"#0059a9","mode":"bus","arr":["255"],"angle":-7.8}},{"type":"Feature","geometry":{"type":"Point","coordinates":[19.931072,49.96897]},"properties":{"lines":"255","color":"#0059a9","mode":"bus","arr":["255"],"angle":83.2,"extra":1}},{"type":"Feature","geometry":{"type":"Point","coordinates":[19.927418,49.965001]},"properties":{"lines":"255","color":"#0059a9","mode":"bus","arr":["255"],"angle":-37.7,"extra":1}},{"type":"Feature","geometry":{"type":"Point","coordinates":[19.920923,49.962398]},"properties":{"lines":"255","color":"#0059a9","mode":"bus","arr":["255"],"angle":-30.3,"extra":1}},{"type":"Feature","geometry":{"type":"Point","coordinates":[19.904139,49.956305]},"properties":{"lines":"255","color":"#0059a9","mode":"bus","arr":["255"],"angle":-22.9,"extra":1}},{"type":"Feature","geometry":{"type":"Point","coordinates":[19.896635,49.955586]},"properties":{"lines":"255","color":"#0059a9","mode":"bus","arr":["255"],"angle":-9,"extra":1}},{"type":"Feature","geometry":{"type":"Point","coordinates":[19.889806,49.956287]},"properties":{"lines":"255","color":"#0059a9","mode":"bus","arr":["255"],"angle":30.6,"extra":1}},{"type":"Feature","geometry":{"type":"Point","coordinates":[19.919843,49.976759]},"properties":{"lines":"255","color":"#0059a9","mode":"bus","arr":["255"],"angle":49.9}},{"type":"Feature","geometry":{"type":"Point","coordinates":[19.912618,49.980212]},"properties":{"lines":"255","color":"#0059a9","mode":"bus","arr":["255"],"angle":22.3,"extra":1}},{"type":"Feature","geometry":{"type":"Point","coordinates":[19.927869,49.973227]},"properties":{"lines":"255","color":"#0059a9","mode":"bus","arr":["255"],"angle":-88.8,"extra":1}},{"type":"Feature","geometry":{"type":"Point","coordinates":[19.938502,50.180825]},"properties":{"lines":"257","color":"#0059a9","mode":"bus","arr":["257"],"angle":12.1}},{"type":"Feature","geometry":{"type":"Point","coordinates":[19.933558,50.180683]},"properties":{"lines":"257","color":"#0059a9","mode":"bus","arr":["257"],"angle":23.5,"extra":1}},{"type":"Feature","geometry":{"type":"Point","coordinates":[19.964399,50.172246]},"properties":{"lines":"257","color":"#0059a9","mode":"bus","arr":["257"],"angle":18.9}},{"type":"Feature","geometry":{"type":"Point","coordinates":[19.946786,50.173716]},"properties":{"lines":"257","color":"#0059a9","mode":"bus","arr":["257"],"angle":6,"extra":1}},{"type":"Feature","geometry":{"type":"Point","coordinates":[19.954445,50.173155]},"properties":{"lines":"257","color":"#0059a9","mode":"bus","arr":["257"],"angle":6.8,"extra":1}},{"type":"Feature","geometry":{"type":"Point","coordinates":[19.969525,50.171293]},"properties":{"lines":"257","color":"#0059a9","mode":"bus","arr":["257"],"angle":6.9,"extra":1}},{"type":"Feature","geometry":{"type":"Point","coordinates":[19.977214,50.170937]},"properties":{"lines":"257","color":"#0059a9","mode":"bus","arr":["257"],"angle":4.1,"extra":1}},{"type":"Feature","geometry":{"type":"Point","coordinates":[19.978266,50.166425]},"properties":{"lines":"257","color":"#0059a9","mode":"bus","arr":["257"],"angle":79.8,"extra":1}},{"type":"Feature","geometry":{"type":"Point","coordinates":[19.944579,50.177373]},"properties":{"lines":"257, 277","color":"#0059a9","mode":"bus","arr":["257","277"],"angle":-74.5}},{"type":"Feature","geometry":{"type":"Point","coordinates":[19.975376,50.146026]},"properties":{"lines":"257, 277","color":"#0059a9","mode":"bus","arr":["257","277"],"angle":-83.1}},{"type":"Feature","geometry":{"type":"Point","coordinates":[19.979092,50.163433]},"properties":{"lines":"257, 277","color":"#0059a9","mode":"bus","arr":["257","277"],"angle":80.1,"extra":1}},{"type":"Feature","geometry":{"type":"Point","coordinates":[19.982596,50.148282]},"properties":{"lines":"257, 277","color":"#0059a9","mode":"bus","arr":["257","277"],"angle":-49.9,"extra":1}},{"type":"Feature","geometry":{"type":"Point","coordinates":[19.974506,50.143023]},"properties":{"lines":"257, 277","color":"#0059a9","mode":"bus","arr":["257","277"],"angle":14.2,"extra":1}},{"type":"Feature","geometry":{"type":"Point","coordinates":[19.98225,50.154934]},"properties":{"lines":"257, 260, 277","color":"#0059a9","mode":"bus","arr":["257","260","277"],"angle":66.4}},{"type":"Feature","geometry":{"type":"Point","coordinates":[19.98379,50.152314]},"properties":{"lines":"257, 260, 277","color":"#0059a9","mode":"bus","arr":["257","260","277"],"angle":-89.5,"extra":1}},{"type":"Feature","geometry":{"type":"Point","coordinates":[19.968829,50.137514]},"properties":{"lines":"257, 277, 280, 307, 917","color":"#0059a9","mode":"bus","arr":["257","277","280","307","917"],"angle":-75.7}},{"type":"Feature","geometry":{"type":"Point","coordinates":[19.967712,50.134776]},"properties":{"lines":"257, 277, 280, 307, 917","color":"#0059a9","mode":"bus","arr":["257","277","280","307","917"],"angle":-75.3,"extra":1}},{"type":"Feature","geometry":{"type":"Point","coordinates":[19.96807,50.126625]},"properties":{"lines":"257, 277, 307, 917","color":"#0059a9","mode":"bus","arr":["257","277","307","917"],"angle":-85.2}},{"type":"Feature","geometry":{"type":"Point","coordinates":[19.967551,50.130702]},"properties":{"lines":"257, 277, 307, 917","color":"#0059a9","mode":"bus","arr":["257","277","307","917"],"angle":69.5,"extra":1}},{"type":"Feature","geometry":{"type":"Point","coordinates":[19.967293,50.120922]},"properties":{"lines":"257, 277, 307, 917","color":"#0059a9","mode":"bus","arr":["257","277","307","917"],"angle":-85.2,"extra":1}},{"type":"Feature","geometry":{"type":"Point","coordinates":[19.717352,50.102401]},"properties":{"lines":"258, 298","color":"#0059a9","mode":"bus","arr":["258","298"],"angle":16.2}},{"type":"Feature","geometry":{"type":"Point","coordinates":[19.711504,50.104958]},"properties":{"lines":"258, 298","color":"#0059a9","mode":"bus","arr":["258","298"],"angle":33.7,"extra":1}},{"type":"Feature","geometry":{"type":"Point","coordinates":[19.720969,50.097953]},"properties":{"lines":"258, 298","color":"#0059a9","mode":"bus","arr":["258","298"],"angle":82.1,"extra":1}},{"type":"Feature","geometry":{"type":"Point","coordinates":[19.730424,50.092717]},"properties":{"lines":"258, 298","color":"#0059a9","mode":"bus","arr":["258","298"],"angle":43.7}},{"type":"Feature","geometry":{"type":"Point","coordinates":[19.7529,50.082285]},"properties":{"lines":"258, 298","color":"#0059a9","mode":"bus","arr":["258","298"],"angle":43.5,"extra":1}},{"type":"Feature","geometry":{"type":"Point","coordinates":[19.748005,50.085709]},"properties":{"lines":"258, 298","color":"#0059a9","mode":"bus","arr":["258","298"],"angle":41.9,"extra":1}},{"type":"Feature","geometry":{"type":"Point","coordinates":[19.742298,50.089026]},"properties":{"lines":"258, 298","color":"#0059a9","mode":"bus","arr":["258","298"],"angle":41,"extra":1}},{"type":"Feature","geometry":{"type":"Point","coordinates":[19.735076,50.090586]},"properties":{"lines":"258, 298","color":"#0059a9","mode":"bus","arr":["258","298"],"angle":13,"extra":1}},{"type":"Feature","geometry":{"type":"Point","coordinates":[19.723124,50.095334]},"properties":{"lines":"258, 298","color":"#0059a9","mode":"bus","arr":["258","298"],"angle":26.1,"extra":1}},{"type":"Feature","geometry":{"type":"Point","coordinates":[19.716625,50.094727]},"properties":{"lines":"258, 298","color":"#0059a9","mode":"bus","arr":["258","298"],"angle":-25.6,"extra":1}},{"type":"Feature","geometry":{"type":"Point","coordinates":[19.709451,50.093038]},"properties":{"lines":"258, 298","color":"#0059a9","mode":"bus","arr":["258","298"],"angle":-20.3,"extra":1}},{"type":"Feature","geometry":{"type":"Point","coordinates":[19.703264,50.09024]},"properties":{"lines":"258, 298","color":"#0059a9","mode":"bus","arr":["258","298"],"angle":-41.4,"extra":1}},{"type":"Feature","geometry":{"type":"Point","coordinates":[19.702811,50.089865]},"properties":{"lines":"258, 298","color":"#0059a9","mode":"bus","arr":["258","298"],"angle":21.6}},{"type":"Feature","geometry":{"type":"Point","coordinates":[19.811512,50.100397]},"properties":{"lines":"258","color":"#0059a9","mode":"bus","arr":["258"],"angle":-21.1}},{"type":"Feature","geometry":{"type":"Point","coordinates":[19.803725,50.09587]},"properties":{"lines":"258","color":"#0059a9","mode":"bus","arr":["258"],"angle":-83.2,"extra":1}},{"type":"Feature","geometry":{"type":"Point","coordinates":[19.816337,50.106713]},"properties":{"lines":"258","color":"#0059a9","mode":"bus","arr":["258"],"angle":-82,"extra":1}},{"type":"Feature","geometry":{"type":"Point","coordinates":[19.771851,50.015976]},"properties":{"lines":"259, 279","color":"#0059a9","mode":"bus","arr":["259","279"],"angle":-22}},{"type":"Feature","geometry":{"type":"Point","coordinates":[19.727703,49.986537]},"properties":{"lines":"259, 279","color":"#0059a9","mode":"bus","arr":["259","279"],"angle":-56.2}},{"type":"Feature","geometry":{"type":"Point","coordinates":[19.767722,50.012319]},"properties":{"lines":"259","color":"#0059a9","mode":"bus","arr":["259"],"angle":-79.2}},{"type":"Feature","geometry":{"type":"Point","coordinates":[19.750853,49.998351]},"properties":{"lines":"259","color":"#0059a9","mode":"bus","arr":["259"],"angle":-26.9}},{"type":"Feature","geometry":{"type":"Point","coordinates":[19.762801,50.003468]},"properties":{"lines":"259","color":"#0059a9","mode":"bus","arr":["259"],"angle":-28.2,"extra":1}},{"type":"Feature","geometry":{"type":"Point","coordinates":[19.755977,50.001283]},"properties":{"lines":"259","color":"#0059a9","mode":"bus","arr":["259"],"angle":-3.3,"extra":1}},{"type":"Feature","geometry":{"type":"Point","coordinates":[19.743535,49.995886]},"properties":{"lines":"259","color":"#0059a9","mode":"bus","arr":["259"],"angle":-27.7,"extra":1}},{"type":"Feature","geometry":{"type":"Point","coordinates":[19.736029,49.995072]},"properties":{"lines":"259","color":"#0059a9","mode":"bus","arr":["259"],"angle":10.3,"extra":1}},{"type":"Feature","geometry":{"type":"Point","coordinates":[19.727272,49.987766]},"properties":{"lines":"259","color":"#0059a9","mode":"bus","arr":["259"],"angle":74.8}},{"type":"Feature","geometry":{"type":"Point","coordinates":[19.716935,49.988853]},"properties":{"lines":"259","color":"#0059a9","mode":"bus","arr":["259"],"angle":-6.1}},{"type":"Feature","geometry":{"type":"Point","coordinates":[19.69056,49.991718]},"properties":{"lines":"259","color":"#0059a9","mode":"bus","arr":["259"],"angle":14.8,"extra":1}},{"type":"Feature","geometry":{"type":"Point","coordinates":[19.698026,49.990493]},"properties":{"lines":"259","color":"#0059a9","mode":"bus","arr":["259"],"angle":13.1,"extra":1}},{"type":"Feature","geometry":{"type":"Point","coordinates":[19.704527,49.988154]},"properties":{"lines":"259","color":"#0059a9","mode":"bus","arr":["259"],"angle":-4,"extra":1}},{"type":"Feature","geometry":{"type":"Point","coordinates":[19.712214,49.988528]},"properties":{"lines":"259","color":"#0059a9","mode":"bus","arr":["259"],"angle":-6.1,"extra":1}},{"type":"Feature","geometry":{"type":"Point","coordinates":[19.726937,49.988934]},"properties":{"lines":"259","color":"#0059a9","mode":"bus","arr":["259"],"angle":-0.5,"extra":1}},{"type":"Feature","geometry":{"type":"Point","coordinates":[19.728965,49.993038]},"properties":{"lines":"259","color":"#0059a9","mode":"bus","arr":["259"],"angle":-19.2,"extra":1}},{"type":"Feature","geometry":{"type":"Point","coordinates":[19.734244,49.996234]},"properties":{"lines":"259","color":"#0059a9","mode":"bus","arr":["259"],"angle":-42.3,"extra":1}},{"type":"Feature","geometry":{"type":"Point","coordinates":[19.739249,49.99865]},"properties":{"lines":"259","color":"#0059a9","mode":"bus","arr":["259"],"angle":-16.3}},{"type":"Feature","geometry":{"type":"Point","coordinates":[20.012451,50.107067]},"properties":{"lines":"260, 270","color":"#0059a9","mode":"bus","arr":["260","270"],"angle":-85.8}},{"type":"Feature","geometry":{"type":"Point","coordinates":[20.050041,50.145734]},"properties":{"lines":"260, 270","color":"#0059a9","mode":"bus","arr":["260","270"],"angle":59.9}},{"type":"Feature","geometry":{"type":"Point","coordinates":[20.009216,50.107526]},"properties":{"lines":"260, 270","color":"#0059a9","mode":"bus","arr":["260","270"],"angle":4.4}},{"type":"Feature","geometry":{"type":"Point","coordinates":[20.012325,50.107074]},"properties":{"lines":"260, 270","color":"#0059a9","mode":"bus","arr":["260","270"],"angle":-85.5}},{"type":"Feature","geometry":{"type":"Point","coordinates":[20.032494,50.118124]},"properties":{"lines":"260","color":"#0059a9","mode":"bus","arr":["260"],"angle":70.3}},{"type":"Feature","geometry":{"type":"Point","coordinates":[20.005568,50.133314]},"properties":{"lines":"260","color":"#0059a9","mode":"bus","arr":["260"],"angle":-64.5}},{"type":"Feature","geometry":{"type":"Point","coordinates":[19.986501,50.149435]},"properties":{"lines":"260","color":"#0059a9","mode":"bus","arr":["260"],"angle":-12.5,"extra":1}},{"type":"Feature","geometry":{"type":"Point","coordinates":[19.991947,50.148177]},"properties":{"lines":"260","color":"#0059a9","mode":"bus","arr":["260"],"angle":79.9,"extra":1}},{"type":"Feature","geometry":{"type":"Point","coordinates":[19.993358,50.14416]},"properties":{"lines":"260","color":"#0059a9","mode":"bus","arr":["260"],"angle":-28.1,"extra":1}},{"type":"Feature","geometry":{"type":"Point","coordinates":[19.993226,50.140214]},"properties":{"lines":"260","color":"#0059a9","mode":"bus","arr":["260"],"angle":46,"extra":1}},{"type":"Feature","geometry":{"type":"Point","coordinates":[19.998597,50.136666]},"properties":{"lines":"260","color":"#0059a9","mode":"bus","arr":["260"],"angle":45,"extra":1}},{"type":"Feature","geometry":{"type":"Point","coordinates":[20.009544,50.134855]},"properties":{"lines":"260","color":"#0059a9","mode":"bus","arr":["260"],"angle":72.3,"extra":1}},{"type":"Feature","geometry":{"type":"Point","coordinates":[20.013914,50.130926]},"properties":{"lines":"260","color":"#0059a9","mode":"bus","arr":["260"],"angle":65.3,"extra":1}},{"type":"Feature","geometry":{"type":"Point","coordinates":[20.019192,50.127576]},"properties":{"lines":"260","color":"#0059a9","mode":"bus","arr":["260"],"angle":62.8,"extra":1}},{"type":"Feature","geometry":{"type":"Point","coordinates":[20.023536,50.123606]},"properties":{"lines":"260","color":"#0059a9","mode":"bus","arr":["260"],"angle":77.1,"extra":1}},{"type":"Feature","geometry":{"type":"Point","coordinates":[20.028707,50.120236]},"properties":{"lines":"260","color":"#0059a9","mode":"bus","arr":["260"],"angle":55.6,"extra":1}},{"type":"Feature","geometry":{"type":"Point","coordinates":[20.006529,50.15983]},"properties":{"lines":"260","color":"#0059a9","mode":"bus","arr":["260"],"angle":42.9}},{"type":"Feature","geometry":{"type":"Point","coordinates":[19.984046,50.159614]},"properties":{"lines":"260","color":"#0059a9","mode":"bus","arr":["260"],"angle":-7.2,"extra":1}},{"type":"Feature","geometry":{"type":"Point","coordinates":[19.991584,50.160612]},"properties":{"lines":"260","color":"#0059a9","mode":"bus","arr":["260"],"angle":-9.2,"extra":1}},{"type":"Feature","geometry":{"type":"Point","coordinates":[19.999231,50.160717]},"properties":{"lines":"260","color":"#0059a9","mode":"bus","arr":["260"],"angle":-2.3,"extra":1}},{"type":"Feature","geometry":{"type":"Point","coordinates":[20.013481,50.157821]},"properties":{"lines":"260","color":"#0059a9","mode":"bus","arr":["260"],"angle":40.8,"extra":1}},{"type":"Feature","geometry":{"type":"Point","coordinates":[20.018272,50.155017]},"properties":{"lines":"260","color":"#0059a9","mode":"bus","arr":["260"],"angle":9.1,"extra":1}},{"type":"Feature","geometry":{"type":"Point","coordinates":[20.025928,50.154516]},"properties":{"lines":"260","color":"#0059a9","mode":"bus","arr":["260"],"angle":1,"extra":1}},{"type":"Feature","geometry":{"type":"Point","coordinates":[20.033318,50.157031]},"properties":{"lines":"260","color":"#0059a9","mode":"bus","arr":["260"],"angle":-47.1}},{"type":"Feature","geometry":{"type":"Point","coordinates":[20.049472,50.149235]},"properties":{"lines":"260","color":"#0059a9","mode":"bus","arr":["260"],"angle":-66.5,"extra":1}},{"type":"Feature","geometry":{"type":"Point","coordinates":[20.044237,50.152354]},"properties":{"lines":"260","color":"#0059a9","mode":"bus","arr":["260"],"angle":35.3,"extra":1}},{"type":"Feature","geometry":{"type":"Point","coordinates":[20.037008,50.153872]},"properties":{"lines":"260","color":"#0059a9","mode":"bus","arr":["260"],"angle":12.6,"extra":1}},{"type":"Feature","geometry":{"type":"Point","coordinates":[20.029493,50.154929]},"properties":{"lines":"260","color":"#0059a9","mode":"bus","arr":["260"],"angle":77.2,"extra":1}},{"type":"Feature","geometry":{"type":"Point","coordinates":[20.036284,50.163056]},"properties":{"lines":"260","color":"#0059a9","mode":"bus","arr":["260"],"angle":82.1,"extra":1}},{"type":"Feature","geometry":{"type":"Point","coordinates":[20.034726,50.166806]},"properties":{"lines":"260","color":"#0059a9","mode":"bus","arr":["260"],"angle":-73.6,"extra":1}},{"type":"Feature","geometry":{"type":"Point","coordinates":[20.036945,50.171542]},"properties":{"lines":"260","color":"#0059a9","mode":"bus","arr":["260"],"angle":-66.8,"extra":1}},{"type":"Feature","geometry":{"type":"Point","coordinates":[20.039587,50.1752]},"properties":{"lines":"260","color":"#0059a9","mode":"bus","arr":["260"],"angle":26.1}},{"type":"Feature","geometry":{"type":"Point","coordinates":[20.060204,50.138825]},"properties":{"lines":"270","color":"#0059a9","mode":"bus","arr":["270"],"angle":67.1}},{"type":"Feature","geometry":{"type":"Point","coordinates":[20.054706,50.142974]},"properties":{"lines":"270","color":"#0059a9","mode":"bus","arr":["270"],"angle":39.5,"extra":1}},{"type":"Feature","geometry":{"type":"Point","coordinates":[20.060609,50.134848]},"properties":{"lines":"270","color":"#0059a9","mode":"bus","arr":["270"],"angle":-47.9,"extra":1}},{"type":"Feature","geometry":{"type":"Point","coordinates":[20.06007,50.132062]},"properties":{"lines":"270","color":"#0059a9","mode":"bus","arr":["270"],"angle":-18.3}},{"type":"Feature","geometry":{"type":"Point","coordinates":[20.054365,50.121526]},"properties":{"lines":"270","color":"#0059a9","mode":"bus","arr":["270"],"angle":-6.9,"extra":1}},{"type":"Feature","geometry":{"type":"Point","coordinates":[20.056415,50.124008]},"properties":{"lines":"270","color":"#0059a9","mode":"bus","arr":["270"],"angle":-78.8,"extra":1}},{"type":"Feature","geometry":{"type":"Point","coordinates":[20.059779,50.128265]},"properties":{"lines":"270","color":"#0059a9","mode":"bus","arr":["270"],"angle":81.6,"extra":1}},{"type":"Feature","geometry":{"type":"Point","coordinates":[20.066382,50.133385]},"properties":{"lines":"270","color":"#0059a9","mode":"bus","arr":["270"],"angle":-71.5,"extra":1}},{"type":"Feature","geometry":{"type":"Point","coordinates":[20.070498,50.137463]},"properties":{"lines":"270","color":"#0059a9","mode":"bus","arr":["270"],"angle":-56.3,"extra":1}},{"type":"Feature","geometry":{"type":"Point","coordinates":[20.073345,50.141037]},"properties":{"lines":"270","color":"#0059a9","mode":"bus","arr":["270"],"angle":51.2,"extra":1}},{"type":"Feature","geometry":{"type":"Point","coordinates":[20.071139,50.14262]},"properties":{"lines":"270","color":"#0059a9","mode":"bus","arr":["270"],"angle":-13}},{"type":"Feature","geometry":{"type":"Point","coordinates":[20.138098,50.151115]},"properties":{"lines":"262","color":"#0059a9","mode":"bus","arr":["262"],"angle":-40.7}},{"type":"Feature","geometry":{"type":"Point","coordinates":[20.152672,50.165604]},"properties":{"lines":"262","color":"#0059a9","mode":"bus","arr":["262"],"angle":-25.3,"extra":1}},{"type":"Feature","geometry":{"type":"Point","coordinates":[20.147559,50.162644]},"properties":{"lines":"262","color":"#0059a9","mode":"bus","arr":["262"],"angle":-85.9,"extra":1}},{"type":"Feature","geometry":{"type":"Point","coordinates":[20.145489,50.158012]},"properties":{"lines":"262","color":"#0059a9","mode":"bus","arr":["262"],"angle":-60.6,"extra":1}},{"type":"Feature","geometry":{"type":"Point","coordinates":[20.143239,50.153826]},"properties":{"lines":"262","color":"#0059a9","mode":"bus","arr":["262"],"angle":-39.4,"extra":1}},{"type":"Feature","geometry":{"type":"Point","coordinates":[20.133403,50.146388]},"properties":{"lines":"262","color":"#0059a9","mode":"bus","arr":["262"],"angle":-57.7,"extra":1}},{"type":"Feature","geometry":{"type":"Point","coordinates":[20.127453,50.14341]},"properties":{"lines":"262","color":"#0059a9","mode":"bus","arr":["262"],"angle":-29.7,"extra":1}},{"type":"Feature","geometry":{"type":"Point","coordinates":[20.120385,50.14198]},"properties":{"lines":"262","color":"#0059a9","mode":"bus","arr":["262"],"angle":-40.3,"extra":1}},{"type":"Feature","geometry":{"type":"Point","coordinates":[20.115839,50.138064]},"properties":{"lines":"262","color":"#0059a9","mode":"bus","arr":["262"],"angle":-61.9,"extra":1}},{"type":"Feature","geometry":{"type":"Point","coordinates":[20.114998,50.13707]},"properties":{"lines":"262","color":"#0059a9","mode":"bus","arr":["262"],"angle":7.9}},{"type":"Feature","geometry":{"type":"Point","coordinates":[20.05312,50.038264]},"properties":{"lines":"264","color":"#0059a9","mode":"bus","arr":["264"],"angle":6.4}},{"type":"Feature","geometry":{"type":"Point","coordinates":[20.046518,50.038255]},"properties":{"lines":"264","color":"#0059a9","mode":"bus","arr":["264"],"angle":2,"extra":1}},{"type":"Feature","geometry":{"type":"Point","coordinates":[20.061832,50.037251]},"properties":{"lines":"264","color":"#0059a9","mode":"bus","arr":["264"],"angle":14.5,"extra":1}},{"type":"Feature","geometry":{"type":"Point","coordinates":[20.066146,50.037135]},"properties":{"lines":"264","color":"#0059a9","mode":"bus","arr":["264"],"angle":-5.3}},{"type":"Feature","geometry":{"type":"Point","coordinates":[20.093691,50.030995]},"properties":{"lines":"264","color":"#0059a9","mode":"bus","arr":["264"],"angle":-43.3}},{"type":"Feature","geometry":{"type":"Point","coordinates":[20.081394,50.037168]},"properties":{"lines":"264","color":"#0059a9","mode":"bus","arr":["264"],"angle":17.2}},{"type":"Feature","geometry":{"type":"Point","coordinates":[20.090237,50.032455]},"properties":{"lines":"264","color":"#0059a9","mode":"bus","arr":["264"],"angle":43.9,"extra":1}},{"type":"Feature","geometry":{"type":"Point","coordinates":[20.086869,50.036665]},"properties":{"lines":"264","color":"#0059a9","mode":"bus","arr":["264"],"angle":47.6,"extra":1}},{"type":"Feature","geometry":{"type":"Point","coordinates":[20.071986,50.037987]},"properties":{"lines":"264","color":"#0059a9","mode":"bus","arr":["264"],"angle":-1.8,"extra":1}},{"type":"Feature","geometry":{"type":"Point","coordinates":[20.095165,50.031741]},"properties":{"lines":"264","color":"#0059a9","mode":"bus","arr":["264"],"angle":78.2}},{"type":"Feature","geometry":{"type":"Point","coordinates":[19.936859,49.966192]},"properties":{"lines":"265","color":"#0059a9","mode":"bus","arr":["265"],"angle":-64}},{"type":"Feature","geometry":{"type":"Point","coordinates":[19.94148,49.988418]},"properties":{"lines":"265","color":"#0059a9","mode":"bus","arr":["265"],"angle":89.7,"extra":1}},{"type":"Feature","geometry":{"type":"Point","coordinates":[19.939056,49.983879]},"properties":{"lines":"265","color":"#0059a9","mode":"bus","arr":["265"],"angle":-41.2,"extra":1}},{"type":"Feature","geometry":{"type":"Point","coordinates":[19.933883,49.980581]},"properties":{"lines":"265","color":"#0059a9","mode":"bus","arr":["265"],"angle":-76.6,"extra":1}},{"type":"Feature","geometry":{"type":"Point","coordinates":[19.931502,49.976026]},"properties":{"lines":"265","color":"#0059a9","mode":"bus","arr":["265"],"angle":-86.3,"extra":1}},{"type":"Feature","geometry":{"type":"Point","coordinates":[19.934599,49.972778]},"properties":{"lines":"265","color":"#0059a9","mode":"bus","arr":["265"],"angle":-75.7,"extra":1}},{"type":"Feature","geometry":{"type":"Point","coordinates":[19.930604,49.959912]},"properties":{"lines":"265","color":"#0059a9","mode":"bus","arr":["265"],"angle":-43.9,"extra":1}},{"type":"Feature","geometry":{"type":"Point","coordinates":[19.929535,49.955541]},"properties":{"lines":"265","color":"#0059a9","mode":"bus","arr":["265"],"angle":88.4,"extra":1}},{"type":"Feature","geometry":{"type":"Point","coordinates":[19.93299,49.952355]},"properties":{"lines":"265","color":"#0059a9","mode":"bus","arr":["265"],"angle":-58.3,"extra":1}},{"type":"Feature","geometry":{"type":"Point","coordinates":[19.928629,49.948282]},"properties":{"lines":"265","color":"#0059a9","mode":"bus","arr":["265"],"angle":-49.4,"extra":1}},{"type":"Feature","geometry":{"type":"Point","coordinates":[19.92463,49.944395]},"properties":{"lines":"265","color":"#0059a9","mode":"bus","arr":["265"],"angle":-70.3,"extra":1}},{"type":"Feature","geometry":{"type":"Point","coordinates":[19.921245,49.944183]},"properties":{"lines":"265","color":"#0059a9","mode":"bus","arr":["265"],"angle":63}},{"type":"Feature","geometry":{"type":"Point","coordinates":[19.858796,50.223611]},"properties":{"lines":"267","color":"#0059a9","mode":"bus","arr":["267"],"angle":66.1}},{"type":"Feature","geometry":{"type":"Point","coordinates":[19.855482,50.228249]},"properties":{"lines":"267","color":"#0059a9","mode":"bus","arr":["267"],"angle":75.1,"extra":1}},{"type":"Feature","geometry":{"type":"Point","coordinates":[19.861788,50.219281]},"properties":{"lines":"267","color":"#0059a9","mode":"bus","arr":["267"],"angle":66.1,"extra":1}},{"type":"Feature","geometry":{"type":"Point","coordinates":[19.863624,50.216636]},"properties":{"lines":"267","color":"#0059a9","mode":"bus","arr":["267"],"angle":-25.8}},{"type":"Feature","geometry":{"type":"Point","coordinates":[19.867146,50.168527]},"properties":{"lines":"267","color":"#0059a9","mode":"bus","arr":["267"],"angle":64.3}},{"type":"Feature","geometry":{"type":"Point","coordinates":[19.889802,50.152402]},"properties":{"lines":"267","color":"#0059a9","mode":"bus","arr":["267"],"angle":34.9,"extra":1}},{"type":"Feature","geometry":{"type":"Point","coordinates":[19.883497,50.15498]},"properties":{"lines":"267","color":"#0059a9","mode":"bus","arr":["267"],"angle":70.3,"extra":1}},{"type":"Feature","geometry":{"type":"Point","coordinates":[19.883231,50.159723]},"properties":{"lines":"267","color":"#0059a9","mode":"bus","arr":["267"],"angle":76.3,"extra":1}},{"type":"Feature","geometry":{"type":"Point","coordinates":[19.878971,50.163569]},"properties":{"lines":"267","color":"#0059a9","mode":"bus","arr":["267"],"angle":33.2,"extra":1}},{"type":"Feature","geometry":{"type":"Point","coordinates":[19.872646,50.16615]},"properties":{"lines":"267","color":"#0059a9","mode":"bus","arr":["267"],"angle":9.3,"extra":1}},{"type":"Feature","geometry":{"type":"Point","coordinates":[19.864496,50.172286]},"properties":{"lines":"267","color":"#0059a9","mode":"bus","arr":["267"],"angle":72.1,"extra":1}},{"type":"Feature","geometry":{"type":"Point","coordinates":[19.863525,50.177152]},"properties":{"lines":"267","color":"#0059a9","mode":"bus","arr":["267"],"angle":87.3,"extra":1}},{"type":"Feature","geometry":{"type":"Point","coordinates":[19.859151,50.179835]},"properties":{"lines":"267","color":"#0059a9","mode":"bus","arr":["267"],"angle":37.3,"extra":1}},{"type":"Feature","geometry":{"type":"Point","coordinates":[19.855969,50.182921]},"properties":{"lines":"267","color":"#0059a9","mode":"bus","arr":["267"],"angle":-87,"extra":1}},{"type":"Feature","geometry":{"type":"Point","coordinates":[19.854111,50.187644]},"properties":{"lines":"267","color":"#0059a9","mode":"bus","arr":["267"],"angle":70.5,"extra":1}},{"type":"Feature","geometry":{"type":"Point","coordinates":[19.884646,50.192007]},"properties":{"lines":"267","color":"#0059a9","mode":"bus","arr":["267"],"angle":87}},{"type":"Feature","geometry":{"type":"Point","coordinates":[19.865917,50.213989]},"properties":{"lines":"267","color":"#0059a9","mode":"bus","arr":["267"],"angle":57.9,"extra":1}},{"type":"Feature","geometry":{"type":"Point","coordinates":[19.871337,50.210562]},"properties":{"lines":"267","color":"#0059a9","mode":"bus","arr":["267"],"angle":43.9,"extra":1}},{"type":"Feature","geometry":{"type":"Point","coordinates":[19.876575,50.206935]},"properties":{"lines":"267","color":"#0059a9","mode":"bus","arr":["267"],"angle":48.7,"extra":1}},{"type":"Feature","geometry":{"type":"Point","coordinates":[19.88146,50.203117]},"properties":{"lines":"267","color":"#0059a9","mode":"bus","arr":["267"],"angle":59.3,"extra":1}},{"type":"Feature","geometry":{"type":"Point","coordinates":[19.883469,50.198363]},"properties":{"lines":"267","color":"#0059a9","mode":"bus","arr":["267"],"angle":81.6,"extra":1}},{"type":"Feature","geometry":{"type":"Point","coordinates":[19.884925,50.188525]},"properties":{"lines":"267","color":"#0059a9","mode":"bus","arr":["267"],"angle":86.9,"extra":1}},{"type":"Feature","geometry":{"type":"Point","coordinates":[19.881886,50.186309]},"properties":{"lines":"267","color":"#0059a9","mode":"bus","arr":["267"],"angle":8.3,"extra":1}},{"type":"Feature","geometry":{"type":"Point","coordinates":[19.874259,50.187028]},"properties":{"lines":"267","color":"#0059a9","mode":"bus","arr":["267"],"angle":8.4,"extra":1}},{"type":"Feature","geometry":{"type":"Point","coordinates":[19.868537,50.189885]},"properties":{"lines":"267","color":"#0059a9","mode":"bus","arr":["267"],"angle":55.1,"extra":1}},{"type":"Feature","geometry":{"type":"Point","coordinates":[19.861918,50.192009]},"properties":{"lines":"267","color":"#0059a9","mode":"bus","arr":["267"],"angle":-3.1,"extra":1}},{"type":"Feature","geometry":{"type":"Point","coordinates":[19.854447,50.191742]},"properties":{"lines":"267","color":"#0059a9","mode":"bus","arr":["267"],"angle":-7,"extra":1}},{"type":"Feature","geometry":{"type":"Point","coordinates":[19.853358,50.19194]},"properties":{"lines":"267","color":"#0059a9","mode":"bus","arr":["267"],"angle":-57.2}},{"type":"Feature","geometry":{"type":"Point","coordinates":[19.900415,50.138271]},"properties":{"lines":"267, 337, 937","color":"#0059a9","mode":"bus","arr":["267","337","937"],"angle":50.6}},{"type":"Feature","geometry":{"type":"Point","coordinates":[19.893712,50.148418]},"properties":{"lines":"267, 337, 937","color":"#0059a9","mode":"bus","arr":["267","337","937"],"angle":88.1,"extra":1}},{"type":"Feature","geometry":{"type":"Point","coordinates":[19.89589,50.143818]},"properties":{"lines":"267, 337, 937","color":"#0059a9","mode":"bus","arr":["267","337","937"],"angle":78.2,"extra":1}},{"type":"Feature","geometry":{"type":"Point","coordinates":[19.90406,50.135943]},"properties":{"lines":"267, 337, 937","color":"#0059a9","mode":"bus","arr":["267","337","937"],"angle":29.9,"extra":1}},{"type":"Feature","geometry":{"type":"Point","coordinates":[19.909492,50.132548]},"properties":{"lines":"267, 337, 937","color":"#0059a9","mode":"bus","arr":["267","337","937"],"angle":33.2,"extra":1}},{"type":"Feature","geometry":{"type":"Point","coordinates":[19.915953,50.129896]},"properties":{"lines":"267, 337, 937","color":"#0059a9","mode":"bus","arr":["267","337","937"],"angle":23.1,"extra":1}},{"type":"Feature","geometry":{"type":"Point","coordinates":[19.780896,50.148951]},"properties":{"lines":"268","color":"#0059a9","mode":"bus","arr":["268"],"angle":10.7}},{"type":"Feature","geometry":{"type":"Point","coordinates":[19.788068,50.14729]},"properties":{"lines":"268","color":"#0059a9","mode":"bus","arr":["268"],"angle":-7.8,"extra":1}},{"type":"Feature","geometry":{"type":"Point","coordinates":[19.777188,50.152472]},"properties":{"lines":"268","color":"#0059a9","mode":"bus","arr":["268"],"angle":12,"extra":1}},{"type":"Feature","geometry":{"type":"Point","coordinates":[19.81904,50.123268]},"properties":{"lines":"268, 278, 288","color":"#0059a9","mode":"bus","arr":["268","278","288"],"angle":32.7}},{"type":"Feature","geometry":{"type":"Point","coordinates":[19.807577,50.126886]},"properties":{"lines":"268, 278, 288","color":"#0059a9","mode":"bus","arr":["268","278","288"],"angle":21.8,"extra":1}},{"type":"Feature","geometry":{"type":"Point","coordinates":[19.81468,50.124977]},"properties":{"lines":"268, 278, 288","color":"#0059a9","mode":"bus","arr":["268","278","288"],"angle":27.7,"extra":1}},{"type":"Feature","geometry":{"type":"Point","coordinates":[19.826104,50.118643]},"properties":{"lines":"268, 278, 288","color":"#0059a9","mode":"bus","arr":["268","278","288"],"angle":53.9,"extra":1}},{"type":"Feature","geometry":{"type":"Point","coordinates":[19.837656,50.112147]},"properties":{"lines":"268, 278, 288","color":"#0059a9","mode":"bus","arr":["268","278","288"],"angle":35}},{"type":"Feature","geometry":{"type":"Point","coordinates":[19.833493,50.114038]},"properties":{"lines":"268, 278, 288","color":"#0059a9","mode":"bus","arr":["268","278","288"],"angle":39.1,"extra":1}},{"type":"Feature","geometry":{"type":"Point","coordinates":[19.736207,50.059837]},"properties":{"lines":"269","color":"#0059a9","mode":"bus","arr":["269"],"angle":0.3}},{"type":"Feature","geometry":{"type":"Point","coordinates":[19.795014,50.046302]},"properties":{"lines":"269","color":"#0059a9","mode":"bus","arr":["269"],"angle":8,"extra":1}},{"type":"Feature","geometry":{"type":"Point","coordinates":[19.78961,50.049466]},"properties":{"lines":"269","color":"#0059a9","mode":"bus","arr":["269"],"angle":53.6,"extra":1}},{"type":"Feature","geometry":{"type":"Point","coordinates":[19.783478,50.0524]},"properties":{"lines":"269","color":"#0059a9","mode":"bus","arr":["269"],"angle":43.8,"extra":1}},{"type":"Feature","geometry":{"type":"Point","coordinates":[19.779136,50.056454]},"properties":{"lines":"269","color":"#0059a9","mode":"bus","arr":["269"],"angle":58.1,"extra":1}},{"type":"Feature","geometry":{"type":"Point","coordinates":[19.773315,50.058852]},"properties":{"lines":"269","color":"#0059a9","mode":"bus","arr":["269"],"angle":27.6,"extra":1}},{"type":"Feature","geometry":{"type":"Point","coordinates":[19.766021,50.058575]},"properties":{"lines":"269","color":"#0059a9","mode":"bus","arr":["269"],"angle":-18.4,"extra":1}},{"type":"Feature","geometry":{"type":"Point","coordinates":[19.758472,50.05796]},"properties":{"lines":"269","color":"#0059a9","mode":"bus","arr":["269"],"angle":6.9,"extra":1}},{"type":"Feature","geometry":{"type":"Point","coordinates":[19.750891,50.058836]},"properties":{"lines":"269","color":"#0059a9","mode":"bus","arr":["269"],"angle":11.8,"extra":1}},{"type":"Feature","geometry":{"type":"Point","coordinates":[19.743328,50.059786]},"properties":{"lines":"269","color":"#0059a9","mode":"bus","arr":["269"],"angle":4.3,"extra":1}},{"type":"Feature","geometry":{"type":"Point","coordinates":[19.727911,50.059847]},"properties":{"lines":"269","color":"#0059a9","mode":"bus","arr":["269"],"angle":-0.3,"extra":1}},{"type":"Feature","geometry":{"type":"Point","coordinates":[19.720268,50.059722]},"properties":{"lines":"269","color":"#0059a9","mode":"bus","arr":["269"],"angle":-7.2,"extra":1}},{"type":"Feature","geometry":{"type":"Point","coordinates":[19.712773,50.059444]},"properties":{"lines":"269","color":"#0059a9","mode":"bus","arr":["269"],"angle":3.2,"extra":1}},{"type":"Feature","geometry":{"type":"Point","coordinates":[19.705089,50.059648]},"properties":{"lines":"269","color":"#0059a9","mode":"bus","arr":["269"],"angle":6.4,"extra":1}},{"type":"Feature","geometry":{"type":"Point","coordinates":[19.697475,50.059684]},"properties":{"lines":"269","color":"#0059a9","mode":"bus","arr":["269"],"angle":33.1,"extra":1}},{"type":"Feature","geometry":{"type":"Point","coordinates":[19.690627,50.061708]},"properties":{"lines":"269","color":"#0059a9","mode":"bus","arr":["269"],"angle":23.8,"extra":1}},{"type":"Feature","geometry":{"type":"Point","coordinates":[19.683726,50.063891]},"properties":{"lines":"269","color":"#0059a9","mode":"bus","arr":["269"],"angle":20.8,"extra":1}},{"type":"Feature","geometry":{"type":"Point","coordinates":[19.676141,50.063945]},"properties":{"lines":"269","color":"#0059a9","mode":"bus","arr":["269"],"angle":-10.4,"extra":1}},{"type":"Feature","geometry":{"type":"Point","coordinates":[19.669021,50.062163]},"properties":{"lines":"269","color":"#0059a9","mode":"bus","arr":["269"],"angle":-28.1,"extra":1}},{"type":"Feature","geometry":{"type":"Point","coordinates":[19.639158,50.033573]},"properties":{"lines":"269","color":"#0059a9","mode":"bus","arr":["269"],"angle":-17.6}},{"type":"Feature","geometry":{"type":"Point","coordinates":[19.639119,50.042479]},"properties":{"lines":"269","color":"#0059a9","mode":"bus","arr":["269"],"angle":20}},{"type":"Feature","geometry":{"type":"Point","coordinates":[19.642552,50.036545]},"properties":{"lines":"269","color":"#0059a9","mode":"bus","arr":["269"],"angle":-77,"extra":1}},{"type":"Feature","geometry":{"type":"Point","coordinates":[19.643881,50.041266]},"properties":{"lines":"269","color":"#0059a9","mode":"bus","arr":["269"],"angle":32.2,"extra":1}},{"type":"Feature","geometry":{"type":"Point","coordinates":[19.643369,50.046174]},"properties":{"lines":"269","color":"#0059a9","mode":"bus","arr":["269"],"angle":-31.9,"extra":1}},{"type":"Feature","geometry":{"type":"Point","coordinates":[19.638796,50.039198]},"properties":{"lines":"269","color":"#0059a9","mode":"bus","arr":["269"],"angle":18.9}},{"type":"Feature","geometry":{"type":"Point","coordinates":[19.634776,50.04193]},"properties":{"lines":"269","color":"#0059a9","mode":"bus","arr":["269"],"angle":-78.6}},{"type":"Feature","geometry":{"type":"Point","coordinates":[19.655416,50.05963]},"properties":{"lines":"269","color":"#0059a9","mode":"bus","arr":["269"],"angle":-67.3}},{"type":"Feature","geometry":{"type":"Point","coordinates":[19.663245,50.063885]},"properties":{"lines":"269","color":"#0059a9","mode":"bus","arr":["269"],"angle":38.1,"extra":1}},{"type":"Feature","geometry":{"type":"Point","coordinates":[19.658353,50.064156]},"properties":{"lines":"269","color":"#0059a9","mode":"bus","arr":["269"],"angle":-67.1,"extra":1}},{"type":"Feature","geometry":{"type":"Point","coordinates":[19.652875,50.055014]},"properties":{"lines":"269","color":"#0059a9","mode":"bus","arr":["269"],"angle":-54.6,"extra":1}},{"type":"Feature","geometry":{"type":"Point","coordinates":[19.648076,50.05131]},"properties":{"lines":"269","color":"#0059a9","mode":"bus","arr":["269"],"angle":-7.6,"extra":1}},{"type":"Feature","geometry":{"type":"Point","coordinates":[19.646918,50.049493]},"properties":{"lines":"269","color":"#0059a9","mode":"bus","arr":["269"],"angle":-48.3}},{"type":"Feature","geometry":{"type":"Point","coordinates":[20.184368,50.119754]},"properties":{"lines":"271","color":"#0059a9","mode":"bus","arr":["271"],"angle":-53.2}},{"type":"Feature","geometry":{"type":"Point","coordinates":[20.179789,50.114104]},"properties":{"lines":"271","color":"#0059a9","mode":"bus","arr":["271"],"angle":-65.9,"extra":1}},{"type":"Feature","geometry":{"type":"Point","coordinates":[20.187446,50.122636]},"properties":{"lines":"271","color":"#0059a9","mode":"bus","arr":["271"],"angle":-59.5,"extra":1}},{"type":"Feature","geometry":{"type":"Point","coordinates":[20.188606,50.126428]},"properties":{"lines":"271","color":"#0059a9","mode":"bus","arr":["271"],"angle":38,"extra":1}},{"type":"Feature","geometry":{"type":"Point","coordinates":[20.18235,50.113916]},"properties":{"lines":"271","color":"#0059a9","mode":"bus","arr":["271"],"angle":28.7}},{"type":"Feature","geometry":{"type":"Point","coordinates":[20.114242,50.120295]},"properties":{"lines":"272","color":"#0059a9","mode":"bus","arr":["272"],"angle":46.1}},{"type":"Feature","geometry":{"type":"Point","coordinates":[20.120226,50.114057]},"properties":{"lines":"272","color":"#0059a9","mode":"bus","arr":["272"],"angle":85.1,"extra":1}},{"type":"Feature","geometry":{"type":"Point","coordinates":[20.117069,50.118172]},"properties":{"lines":"272","color":"#0059a9","mode":"bus","arr":["272"],"angle":57.6,"extra":1}},{"type":"Feature","geometry":{"type":"Point","coordinates":[20.105405,50.124369]},"properties":{"lines":"272","color":"#0059a9","mode":"bus","arr":["272"],"angle":42.3,"extra":1}},{"type":"Feature","geometry":{"type":"Point","coordinates":[19.798304,49.938671]},"properties":{"lines":"273","color":"#0059a9","mode":"bus","arr":["273"],"angle":16.9}},{"type":"Feature","geometry":{"type":"Point","coordinates":[19.767072,49.935092]},"properties":{"lines":"273","color":"#0059a9","mode":"bus","arr":["273"],"angle":79.4,"extra":1}},{"type":"Feature","geometry":{"type":"Point","coordinates":[19.768537,49.939236]},"properties":{"lines":"273","color":"#0059a9","mode":"bus","arr":["273"],"angle":-68.3,"extra":1}},{"type":"Feature","geometry":{"type":"Point","coordinates":[19.774681,49.941603]},"properties":{"lines":"273","color":"#0059a9","mode":"bus","arr":["273"],"angle":-74.5,"extra":1}},{"type":"Feature","geometry":{"type":"Point","coordinates":[19.782298,49.93856]},"properties":{"lines":"273","color":"#0059a9","mode":"bus","arr":["273"],"angle":-12,"extra":1}},{"type":"Feature","geometry":{"type":"Point","coordinates":[19.789764,49.938673]},"properties":{"lines":"273","color":"#0059a9","mode":"bus","arr":["273"],"angle":-6.1,"extra":1}},{"type":"Feature","geometry":{"type":"Point","coordinates":[19.804368,49.939633]},"properties":{"lines":"273","color":"#0059a9","mode":"bus","arr":["273"],"angle":-77.2,"extra":1}},{"type":"Feature","geometry":{"type":"Point","coordinates":[19.806533,49.94278]},"properties":{"lines":"273","color":"#0059a9","mode":"bus","arr":["273"],"angle":65.7,"extra":1}},{"type":"Feature","geometry":{"type":"Point","coordinates":[19.802889,49.94708]},"properties":{"lines":"273","color":"#0059a9","mode":"bus","arr":["273"],"angle":60.2,"extra":1}},{"type":"Feature","geometry":{"type":"Point","coordinates":[19.80121,49.951593]},"properties":{"lines":"273","color":"#0059a9","mode":"bus","arr":["273"],"angle":-80.4,"extra":1}},{"type":"Feature","geometry":{"type":"Point","coordinates":[19.795201,49.952634]},"properties":{"lines":"273","color":"#0059a9","mode":"bus","arr":["273"],"angle":18.6,"extra":1}},{"type":"Feature","geometry":{"type":"Point","coordinates":[19.792019,49.95667]},"properties":{"lines":"273","color":"#0059a9","mode":"bus","arr":["273"],"angle":38.1,"extra":1}},{"type":"Feature","geometry":{"type":"Point","coordinates":[19.787908,49.960781]},"properties":{"lines":"273","color":"#0059a9","mode":"bus","arr":["273"],"angle":-71.7,"extra":1}},{"type":"Feature","geometry":{"type":"Point","coordinates":[19.790218,49.965499]},"properties":{"lines":"273","color":"#0059a9","mode":"bus","arr":["273"],"angle":-77.4,"extra":1}},{"type":"Feature","geometry":{"type":"Point","coordinates":[20.075593,49.980505]},"properties":{"lines":"274","color":"#0059a9","mode":"bus","arr":["274"],"angle":16.5}},{"type":"Feature","geometry":{"type":"Point","coordinates":[20.080858,49.979465]},"properties":{"lines":"274","color":"#0059a9","mode":"bus","arr":["274"],"angle":13.1,"extra":1}},{"type":"Feature","geometry":{"type":"Point","coordinates":[20.119156,49.972825]},"properties":{"lines":"274","color":"#0059a9","mode":"bus","arr":["274"],"angle":2.3}},{"type":"Feature","geometry":{"type":"Point","coordinates":[20.085342,49.978594]},"properties":{"lines":"274","color":"#0059a9","mode":"bus","arr":["274"],"angle":17.1,"extra":1}},{"type":"Feature","geometry":{"type":"Point","coordinates":[20.092722,49.977164]},"properties":{"lines":"274","color":"#0059a9","mode":"bus","arr":["274"],"angle":16.7,"extra":1}},{"type":"Feature","geometry":{"type":"Point","coordinates":[20.100099,49.975729]},"properties":{"lines":"274","color":"#0059a9","mode":"bus","arr":["274"],"angle":16.8,"extra":1}},{"type":"Feature","geometry":{"type":"Point","coordinates":[20.107471,49.974284]},"properties":{"lines":"274","color":"#0059a9","mode":"bus","arr":["274"],"angle":17,"extra":1}},{"type":"Feature","geometry":{"type":"Point","coordinates":[20.114797,49.972933]},"properties":{"lines":"274","color":"#0059a9","mode":"bus","arr":["274"],"angle":1.9,"extra":1}},{"type":"Feature","geometry":{"type":"Point","coordinates":[20.129498,49.971023]},"properties":{"lines":"274","color":"#0059a9","mode":"bus","arr":["274"],"angle":42.4,"extra":1}},{"type":"Feature","geometry":{"type":"Point","coordinates":[20.135202,49.967696]},"properties":{"lines":"274","color":"#0059a9","mode":"bus","arr":["274"],"angle":42.1,"extra":1}},{"type":"Feature","geometry":{"type":"Point","coordinates":[20.140897,49.964363]},"properties":{"lines":"274","color":"#0059a9","mode":"bus","arr":["274"],"angle":43.1,"extra":1}},{"type":"Feature","geometry":{"type":"Point","coordinates":[20.144202,49.960097]},"properties":{"lines":"274","color":"#0059a9","mode":"bus","arr":["274"],"angle":54.1,"extra":1}},{"type":"Feature","geometry":{"type":"Point","coordinates":[20.048138,49.988928]},"properties":{"lines":"274, 304","color":"#0059a9","mode":"bus","arr":["274","304"],"angle":66.2}},{"type":"Feature","geometry":{"type":"Point","coordinates":[19.919822,49.920477]},"properties":{"lines":"275","color":"#0059a9","mode":"bus","arr":["275"],"angle":-57.4}},{"type":"Feature","geometry":{"type":"Point","coordinates":[19.903707,49.915669]},"properties":{"lines":"275","color":"#0059a9","mode":"bus","arr":["275"],"angle":-53.8,"extra":1}},{"type":"Feature","geometry":{"type":"Point","coordinates":[19.910573,49.9173]},"properties":{"lines":"275","color":"#0059a9","mode":"bus","arr":["275"],"angle":-11.7,"extra":1}},{"type":"Feature","geometry":{"type":"Point","coordinates":[19.916708,49.927043]},"properties":{"lines":"275","color":"#0059a9","mode":"bus","arr":["275"],"angle":76.7,"extra":1}},{"type":"Feature","geometry":{"type":"Point","coordinates":[19.917874,49.931778]},"properties":{"lines":"275","color":"#0059a9","mode":"bus","arr":["275"],"angle":-88.6,"extra":1}},{"type":"Feature","geometry":{"type":"Point","coordinates":[19.906314,49.933538]},"properties":{"lines":"275, 285","color":"#0059a9","mode":"bus","arr":["275","285"],"angle":63.1}},{"type":"Feature","geometry":{"type":"Point","coordinates":[19.915058,49.933503]},"properties":{"lines":"275, 285","color":"#0059a9","mode":"bus","arr":["275","285"],"angle":8.7,"extra":1}},{"type":"Feature","geometry":{"type":"Point","coordinates":[19.903779,49.936628]},"properties":{"lines":"275, 285","color":"#0059a9","mode":"bus","arr":["275","285"],"angle":8.2,"extra":1}},{"type":"Feature","geometry":{"type":"Point","coordinates":[19.896229,49.93675]},"properties":{"lines":"275, 285","color":"#0059a9","mode":"bus","arr":["275","285"],"angle":37.3,"extra":1}},{"type":"Feature","geometry":{"type":"Point","coordinates":[19.888054,49.948277]},"properties":{"lines":"275, 285","color":"#0059a9","mode":"bus","arr":["275","285"],"angle":-71.5}},{"type":"Feature","geometry":{"type":"Point","coordinates":[19.939911,50.208899]},"properties":{"lines":"277","color":"#0059a9","mode":"bus","arr":["277"],"angle":-43.4}},{"type":"Feature","geometry":{"type":"Point","coordinates":[19.944024,50.183249]},"properties":{"lines":"277","color":"#0059a9","mode":"bus","arr":["277"],"angle":85.5,"extra":1}},{"type":"Feature","geometry":{"type":"Point","coordinates":[19.943558,50.188175]},"properties":{"lines":"277","color":"#0059a9","mode":"bus","arr":["277"],"angle":70,"extra":1}},{"type":"Feature","geometry":{"type":"Point","coordinates":[19.939866,50.19248]},"properties":{"lines":"277","color":"#0059a9","mode":"bus","arr":["277"],"angle":48.3,"extra":1}},{"type":"Feature","geometry":{"type":"Point","coordinates":[19.93846,50.197223]},"properties":{"lines":"277","color":"#0059a9","mode":"bus","arr":["277"],"angle":83.8,"extra":1}},{"type":"Feature","geometry":{"type":"Point","coordinates":[19.939015,50.202065]},"properties":{"lines":"277","color":"#0059a9","mode":"bus","arr":["277"],"angle":85.9,"extra":1}},{"type":"Feature","geometry":{"type":"Point","coordinates":[19.950446,50.211438]},"properties":{"lines":"277","color":"#0059a9","mode":"bus","arr":["277"],"angle":-12.5,"extra":1}},{"type":"Feature","geometry":{"type":"Point","coordinates":[19.956755,50.214128]},"properties":{"lines":"277","color":"#0059a9","mode":"bus","arr":["277"],"angle":-36.2,"extra":1}},{"type":"Feature","geometry":{"type":"Point","coordinates":[19.963596,50.216378]},"properties":{"lines":"277","color":"#0059a9","mode":"bus","arr":["277"],"angle":-36.1,"extra":1}},{"type":"Feature","geometry":{"type":"Point","coordinates":[19.970666,50.217904]},"properties":{"lines":"277","color":"#0059a9","mode":"bus","arr":["277"],"angle":0.9,"extra":1}},{"type":"Feature","geometry":{"type":"Point","coordinates":[19.978177,50.218247]},"properties":{"lines":"277","color":"#0059a9","mode":"bus","arr":["277"],"angle":-58.6,"extra":1}},{"type":"Feature","geometry":{"type":"Point","coordinates":[19.941553,50.171844]},"properties":{"lines":"277","color":"#0059a9","mode":"bus","arr":["277"],"angle":-59.1,"extra":1}},{"type":"Feature","geometry":{"type":"Point","coordinates":[19.951209,50.16847]},"properties":{"lines":"277","color":"#0059a9","mode":"bus","arr":["277"],"angle":13.8,"extra":1}},{"type":"Feature","geometry":{"type":"Point","coordinates":[19.958522,50.166949]},"properties":{"lines":"277","color":"#0059a9","mode":"bus","arr":["277"],"angle":23.5,"extra":1}},{"type":"Feature","geometry":{"type":"Point","coordinates":[19.965688,50.16522]},"properties":{"lines":"277","color":"#0059a9","mode":"bus","arr":["277"],"angle":-5,"extra":1}},{"type":"Feature","geometry":{"type":"Point","coordinates":[19.973372,50.16562]},"properties":{"lines":"277","color":"#0059a9","mode":"bus","arr":["277"],"angle":-4.4,"extra":1}},{"type":"Feature","geometry":{"type":"Point","coordinates":[19.979313,50.2208]},"properties":{"lines":"277","color":"#0059a9","mode":"bus","arr":["277"],"angle":12}},{"type":"Feature","geometry":{"type":"Point","coordinates":[19.69346,50.14508]},"properties":{"lines":"278","color":"#0059a9","mode":"bus","arr":["278"],"angle":81.6}},{"type":"Feature","geometry":{"type":"Point","coordinates":[19.70864,50.146063]},"properties":{"lines":"278","color":"#0059a9","mode":"bus","arr":["278"],"angle":-84.6,"extra":1}},{"type":"Feature","geometry":{"type":"Point","coordinates":[19.703296,50.145212]},"properties":{"lines":"278","color":"#0059a9","mode":"bus","arr":["278"],"angle":13.8,"extra":1}},{"type":"Feature","geometry":{"type":"Point","coordinates":[19.693158,50.138316]},"properties":{"lines":"278","color":"#0059a9","mode":"bus","arr":["278"],"angle":-87.8,"extra":1}},{"type":"Feature","geometry":{"type":"Point","coordinates":[19.692868,50.133373]},"properties":{"lines":"278","color":"#0059a9","mode":"bus","arr":["278"],"angle":-89.3,"extra":1}},{"type":"Feature","geometry":{"type":"Point","coordinates":[19.711863,50.121544]},"properties":{"lines":"278","color":"#0059a9","mode":"bus","arr":["278"],"angle":21.7}},{"type":"Feature","geometry":{"type":"Point","coordinates":[19.752109,50.146429]},"properties":{"lines":"278","color":"#0059a9","mode":"bus","arr":["278"],"angle":84.4}},{"type":"Feature","geometry":{"type":"Point","coordinates":[19.713196,50.124863]},"properties":{"lines":"278","color":"#0059a9","mode":"bus","arr":["278"],"angle":-60.2,"extra":1}},{"type":"Feature","geometry":{"type":"Point","coordinates":[19.720153,50.12693]},"properties":{"lines":"278","color":"#0059a9","mode":"bus","arr":["278"],"angle":-30.7,"extra":1}},{"type":"Feature","geometry":{"type":"Point","coordinates":[19.72733,50.128558]},"properties":{"lines":"278","color":"#0059a9","mode":"bus","arr":["278"],"angle":-19.8,"extra":1}},{"type":"Feature","geometry":{"type":"Point","coordinates":[19.733491,50.131504]},"properties":{"lines":"278","color":"#0059a9","mode":"bus","arr":["278"],"angle":-31.1,"extra":1}},{"type":"Feature","geometry":{"type":"Point","coordinates":[19.739225,50.134537]},"properties":{"lines":"278","color":"#0059a9","mode":"bus","arr":["278"],"angle":-42.3,"extra":1}},{"type":"Feature","geometry":{"type":"Point","coordinates":[19.739112,50.138978]},"properties":{"lines":"278","color":"#0059a9","mode":"bus","arr":["278"],"angle":-10.5,"extra":1}},{"type":"Feature","geometry":{"type":"Point","coordinates":[19.746736,50.138765]},"properties":{"lines":"278","color":"#0059a9","mode":"bus","arr":["278"],"angle":23.3,"extra":1}},{"type":"Feature","geometry":{"type":"Point","coordinates":[19.751017,50.13897]},"properties":{"lines":"278","color":"#0059a9","mode":"bus","arr":["278"],"angle":68.4,"extra":1}},{"type":"Feature","geometry":{"type":"Point","coordinates":[19.760593,50.149167]},"properties":{"lines":"278","color":"#0059a9","mode":"bus","arr":["278"],"angle":17.3,"extra":1}},{"type":"Feature","geometry":{"type":"Point","coordinates":[19.764036,50.14483]},"properties":{"lines":"278","color":"#0059a9","mode":"bus","arr":["278"],"angle":68.8,"extra":1}},{"type":"Feature","geometry":{"type":"Point","coordinates":[19.767433,50.140453]},"properties":{"lines":"278","color":"#0059a9","mode":"bus","arr":["278"],"angle":67.1,"extra":1}},{"type":"Feature","geometry":{"type":"Point","coordinates":[19.771871,50.136679]},"properties":{"lines":"278","color":"#0059a9","mode":"bus","arr":["278"],"angle":40.2,"extra":1}},{"type":"Feature","geometry":{"type":"Point","coordinates":[19.778095,50.133848]},"properties":{"lines":"278","color":"#0059a9","mode":"bus","arr":["278"],"angle":28.3,"extra":1}},{"type":"Feature","geometry":{"type":"Point","coordinates":[19.785508,50.132826]},"properties":{"lines":"278","color":"#0059a9","mode":"bus","arr":["278"],"angle":1.8,"extra":1}},{"type":"Feature","geometry":{"type":"Point","coordinates":[19.792967,50.131728]},"properties":{"lines":"278","color":"#0059a9","mode":"bus","arr":["278"],"angle":18.2,"extra":1}},{"type":"Feature","geometry":{"type":"Point","coordinates":[19.799008,50.128967]},"properties":{"lines":"278","color":"#0059a9","mode":"bus","arr":["278"],"angle":14.7,"extra":1}},{"type":"Feature","geometry":{"type":"Point","coordinates":[19.701229,50.12486]},"properties":{"lines":"278","color":"#0059a9","mode":"bus","arr":["278"],"angle":15.2}},{"type":"Feature","geometry":{"type":"Point","coordinates":[19.708877,50.122577]},"properties":{"lines":"278","color":"#0059a9","mode":"bus","arr":["278"],"angle":31.5,"extra":1}},{"type":"Feature","geometry":{"type":"Point","coordinates":[19.695207,50.126174]},"properties":{"lines":"278","color":"#0059a9","mode":"bus","arr":["278"],"angle":37.9,"extra":1}},{"type":"Feature","geometry":{"type":"Point","coordinates":[19.691226,50.129602]},"properties":{"lines":"278","color":"#0059a9","mode":"bus","arr":["278"],"angle":22.2}},{"type":"Feature","geometry":{"type":"Point","coordinates":[19.769809,50.025783]},"properties":{"lines":"279","color":"#0059a9","mode":"bus","arr":["279"],"angle":76.8}},{"type":"Feature","geometry":{"type":"Point","coordinates":[19.769521,50.034104]},"properties":{"lines":"279","color":"#0059a9","mode":"bus","arr":["279"],"angle":-88,"extra":1}},{"type":"Feature","geometry":{"type":"Point","coordinates":[19.769697,50.02916]},"properties":{"lines":"279","color":"#0059a9","mode":"bus","arr":["279"],"angle":89.8,"extra":1}},{"type":"Feature","geometry":{"type":"Point","coordinates":[19.769646,50.019381]},"properties":{"lines":"279","color":"#0059a9","mode":"bus","arr":["279"],"angle":-88,"extra":1}},{"type":"Feature","geometry":{"type":"Point","coordinates":[19.753837,49.984477]},"properties":{"lines":"279","color":"#0059a9","mode":"bus","arr":["279"],"angle":-7.2}},{"type":"Feature","geometry":{"type":"Point","coordinates":[19.776521,49.985286]},"properties":{"lines":"279","color":"#0059a9","mode":"bus","arr":["279"],"angle":-10.8,"extra":1}},{"type":"Feature","geometry":{"type":"Point","coordinates":[19.769664,49.983218]},"properties":{"lines":"279","color":"#0059a9","mode":"bus","arr":["279"],"angle":-42,"extra":1}},{"type":"Feature","geometry":{"type":"Point","coordinates":[19.76318,49.981313]},"properties":{"lines":"279","color":"#0059a9","mode":"bus","arr":["279"],"angle":28.8,"extra":1}},{"type":"Feature","geometry":{"type":"Point","coordinates":[19.749676,49.983674]},"properties":{"lines":"279","color":"#0059a9","mode":"bus","arr":["279"],"angle":-32.6,"extra":1}},{"type":"Feature","geometry":{"type":"Point","coordinates":[19.744104,49.982285]},"properties":{"lines":"279","color":"#0059a9","mode":"bus","arr":["279"],"angle":45.4,"extra":1}},{"type":"Feature","geometry":{"type":"Point","coordinates":[19.737714,49.984198]},"properties":{"lines":"279","color":"#0059a9","mode":"bus","arr":["279"],"angle":-9.3,"extra":1}},{"type":"Feature","geometry":{"type":"Point","coordinates":[19.730968,49.986177]},"properties":{"lines":"279","color":"#0059a9","mode":"bus","arr":["279"],"angle":13.8,"extra":1}},{"type":"Feature","geometry":{"type":"Point","coordinates":[19.923789,50.163957]},"properties":{"lines":"280","color":"#0059a9","mode":"bus","arr":["280"],"angle":-81.3}},{"type":"Feature","geometry":{"type":"Point","coordinates":[19.915951,50.172765]},"properties":{"lines":"280","color":"#0059a9","mode":"bus","arr":["280"],"angle":16.4,"extra":1}},{"type":"Feature","geometry":{"type":"Point","coordinates":[19.923206,50.171137]},"properties":{"lines":"280","color":"#0059a9","mode":"bus","arr":["280"],"angle":30.2,"extra":1}},{"type":"Feature","geometry":{"type":"Point","coordinates":[19.924103,50.16797]},"properties":{"lines":"280","color":"#0059a9","mode":"bus","arr":["280"],"angle":88.5,"extra":1}},{"type":"Feature","geometry":{"type":"Point","coordinates":[19.91987,50.15924]},"properties":{"lines":"280","color":"#0059a9","mode":"bus","arr":["280"],"angle":-48.6,"extra":1}},{"type":"Feature","geometry":{"type":"Point","coordinates":[19.919831,50.154957]},"properties":{"lines":"280","color":"#0059a9","mode":"bus","arr":["280"],"angle":71.3,"extra":1}},{"type":"Feature","geometry":{"type":"Point","coordinates":[19.921806,50.15036]},"properties":{"lines":"280","color":"#0059a9","mode":"bus","arr":["280"],"angle":80.7,"extra":1}},{"type":"Feature","geometry":{"type":"Point","coordinates":[19.959212,50.130388]},"properties":{"lines":"280","color":"#0059a9","mode":"bus","arr":["280"],"angle":-32.3}},{"type":"Feature","geometry":{"type":"Point","coordinates":[19.963521,50.132049]},"properties":{"lines":"280","color":"#0059a9","mode":"bus","arr":["280"],"angle":-24.3,"extra":1}},{"type":"Feature","geometry":{"type":"Point","coordinates":[19.942819,50.158327]},"properties":{"lines":"280, 917","color":"#0059a9","mode":"bus","arr":["280","917"],"angle":38.3}},{"type":"Feature","geometry":{"type":"Point","coordinates":[19.960883,50.148105]},"properties":{"lines":"280, 307, 917","color":"#0059a9","mode":"bus","arr":["280","307","917"],"angle":54.3}},{"type":"Feature","geometry":{"type":"Point","coordinates":[19.951494,50.153267]},"properties":{"lines":"280, 307, 917","color":"#0059a9","mode":"bus","arr":["280","307","917"],"angle":28.9,"extra":1}},{"type":"Feature","geometry":{"type":"Point","coordinates":[19.957322,50.150038]},"properties":{"lines":"280, 307, 917","color":"#0059a9","mode":"bus","arr":["280","307","917"],"angle":41.4,"extra":1}},{"type":"Feature","geometry":{"type":"Point","coordinates":[19.968495,50.14513]},"properties":{"lines":"280, 307, 917","color":"#0059a9","mode":"bus","arr":["280","307","917"],"angle":88.3,"extra":1}},{"type":"Feature","geometry":{"type":"Point","coordinates":[20.056009,49.98527]},"properties":{"lines":"284","color":"#0059a9","mode":"bus","arr":["284"],"angle":32.6}},{"type":"Feature","geometry":{"type":"Point","coordinates":[20.059929,49.996251]},"properties":{"lines":"284","color":"#0059a9","mode":"bus","arr":["284"],"angle":65.4}},{"type":"Feature","geometry":{"type":"Point","coordinates":[20.063867,49.990362]},"properties":{"lines":"284","color":"#0059a9","mode":"bus","arr":["284"],"angle":-64.1,"extra":1}},{"type":"Feature","geometry":{"type":"Point","coordinates":[20.066695,49.994955]},"properties":{"lines":"284","color":"#0059a9","mode":"bus","arr":["284"],"angle":-71.9,"extra":1}},{"type":"Feature","geometry":{"type":"Point","coordinates":[20.056285,49.999986]},"properties":{"lines":"284","color":"#0059a9","mode":"bus","arr":["284"],"angle":55.1,"extra":1}},{"type":"Feature","geometry":{"type":"Point","coordinates":[20.05523,50.004813]},"properties":{"lines":"284","color":"#0059a9","mode":"bus","arr":["284"],"angle":84.9,"extra":1}},{"type":"Feature","geometry":{"type":"Point","coordinates":[20.035453,50.016739]},"properties":{"lines":"284","color":"#0059a9","mode":"bus","arr":["284"],"angle":73.4}},{"type":"Feature","geometry":{"type":"Point","coordinates":[19.931464,49.934853]},"properties":{"lines":"285","color":"#0059a9","mode":"bus","arr":["285"],"angle":7.8}},{"type":"Feature","geometry":{"type":"Point","coordinates":[19.92232,49.934529]},"properties":{"lines":"285","color":"#0059a9","mode":"bus","arr":["285"],"angle":-11.2,"extra":1}},{"type":"Feature","geometry":{"type":"Point","coordinates":[19.936539,49.935806]},"properties":{"lines":"285","color":"#0059a9","mode":"bus","arr":["285"],"angle":3.1,"extra":1}},{"type":"Feature","geometry":{"type":"Point","coordinates":[19.944018,49.93464]},"properties":{"lines":"285","color":"#0059a9","mode":"bus","arr":["285"],"angle":11.7,"extra":1}},{"type":"Feature","geometry":{"type":"Point","coordinates":[19.821799,50.129124]},"properties":{"lines":"288","color":"#0059a9","mode":"bus","arr":["288"],"angle":-89.7}},{"type":"Feature","geometry":{"type":"Point","coordinates":[19.821836,50.12489]},"properties":{"lines":"288","color":"#0059a9","mode":"bus","arr":["288"],"angle":-84.8,"extra":1}},{"type":"Feature","geometry":{"type":"Point","coordinates":[19.82061,50.134668]},"properties":{"lines":"288","color":"#0059a9","mode":"bus","arr":["288"],"angle":68.6,"extra":1}},{"type":"Feature","geometry":{"type":"Point","coordinates":[19.907996,50.115213]},"properties":{"lines":"290","color":"#0059a9","mode":"bus","arr":["290"],"angle":36.5}},{"type":"Feature","geometry":{"type":"Point","coordinates":[19.912267,50.113572]},"properties":{"lines":"290","color":"#0059a9","mode":"bus","arr":["290"],"angle":23.8,"extra":1}},{"type":"Feature","geometry":{"type":"Point","coordinates":[19.918293,50.104597]},"properties":{"lines":"290","color":"#0059a9","mode":"bus","arr":["290"],"angle":54.2}},{"type":"Feature","geometry":{"type":"Point","coordinates":[19.914744,50.110774]},"properties":{"lines":"290","color":"#0059a9","mode":"bus","arr":["290"],"angle":70.7,"extra":1}},{"type":"Feature","geometry":{"type":"Point","coordinates":[19.911071,50.101029]},"properties":{"lines":"290","color":"#0059a9","mode":"bus","arr":["290"],"angle":17.1,"extra":1}},{"type":"Feature","geometry":{"type":"Point","coordinates":[19.750183,49.941832]},"properties":{"lines":"295","color":"#0059a9","mode":"bus","arr":["295"],"angle":51.9}},{"type":"Feature","geometry":{"type":"Point","coordinates":[19.728349,49.956426]},"properties":{"lines":"295","color":"#0059a9","mode":"bus","arr":["295"],"angle":88.9,"extra":1}},{"type":"Feature","geometry":{"type":"Point","coordinates":[19.730161,49.950942]},"properties":{"lines":"295","color":"#0059a9","mode":"bus","arr":["295"],"angle":82.3,"extra":1}},{"type":"Feature","geometry":{"type":"Point","coordinates":[19.73166,49.946309]},"properties":{"lines":"295","color":"#0059a9","mode":"bus","arr":["295"],"angle":48.1,"extra":1}},{"type":"Feature","geometry":{"type":"Point","coordinates":[19.738125,49.944105]},"properties":{"lines":"295","color":"#0059a9","mode":"bus","arr":["295"],"angle":34.8,"extra":1}},{"type":"Feature","geometry":{"type":"Point","coordinates":[19.745631,49.943891]},"properties":{"lines":"295","color":"#0059a9","mode":"bus","arr":["295"],"angle":41.7,"extra":1}},{"type":"Feature","geometry":{"type":"Point","coordinates":[19.752401,49.936835]},"properties":{"lines":"295","color":"#0059a9","mode":"bus","arr":["295"],"angle":67.2,"extra":1}},{"type":"Feature","geometry":{"type":"Point","coordinates":[19.749896,49.932694]},"properties":{"lines":"295","color":"#0059a9","mode":"bus","arr":["295"],"angle":-29.3,"extra":1}},{"type":"Feature","geometry":{"type":"Point","coordinates":[19.743855,49.929678]},"properties":{"lines":"295","color":"#0059a9","mode":"bus","arr":["295"],"angle":-55.5,"extra":1}},{"type":"Feature","geometry":{"type":"Point","coordinates":[19.737563,49.92703]},"properties":{"lines":"295","color":"#0059a9","mode":"bus","arr":["295"],"angle":-28.4,"extra":1}},{"type":"Feature","geometry":{"type":"Point","coordinates":[19.953614,50.029611]},"properties":{"lines":"301, 304, 503, 513, 904","color":"#0059a9","mode":"bus","arr":["301","304","503","513","904"],"angle":19.1}},{"type":"Feature","geometry":{"type":"Point","coordinates":[20.077044,49.988002]},"properties":{"lines":"301","color":"#0059a9","mode":"bus","arr":["301"],"angle":-36.8}},{"type":"Feature","geometry":{"type":"Point","coordinates":[20.194861,50.020441]},"properties":{"lines":"301","color":"#0059a9","mode":"bus","arr":["301"],"angle":-31}},{"type":"Feature","geometry":{"type":"Point","coordinates":[20.202088,50.026542]},"properties":{"lines":"301","color":"#0059a9","mode":"bus","arr":["301"],"angle":-43.3,"extra":1}},{"type":"Feature","geometry":{"type":"Point","coordinates":[20.197763,50.022477]},"properties":{"lines":"301","color":"#0059a9","mode":"bus","arr":["301"],"angle":-58.2,"extra":1}},{"type":"Feature","geometry":{"type":"Point","coordinates":[20.184945,50.01745]},"properties":{"lines":"301","color":"#0059a9","mode":"bus","arr":["301"],"angle":-20.1,"extra":1}},{"type":"Feature","geometry":{"type":"Point","coordinates":[20.176442,50.015497]},"properties":{"lines":"301","color":"#0059a9","mode":"bus","arr":["301"],"angle":-19.6,"extra":1}},{"type":"Feature","geometry":{"type":"Point","coordinates":[20.169187,50.013825]},"properties":{"lines":"301","color":"#0059a9","mode":"bus","arr":["301"],"angle":-20.2,"extra":1}},{"type":"Feature","geometry":{"type":"Point","coordinates":[20.161558,50.013446]},"properties":{"lines":"301","color":"#0059a9","mode":"bus","arr":["301"],"angle":-1.1,"extra":1}},{"type":"Feature","geometry":{"type":"Point","coordinates":[20.117347,50.000302]},"properties":{"lines":"301","color":"#0059a9","mode":"bus","arr":["301"],"angle":-24.7}},{"type":"Feature","geometry":{"type":"Point","coordinates":[20.150009,50.010151]},"properties":{"lines":"301","color":"#0059a9","mode":"bus","arr":["301"],"angle":-23.1,"extra":1}},{"type":"Feature","geometry":{"type":"Point","coordinates":[20.142877,50.008754]},"properties":{"lines":"301","color":"#0059a9","mode":"bus","arr":["301"],"angle":-26.6,"extra":1}},{"type":"Feature","geometry":{"type":"Point","coordinates":[20.135995,50.006525]},"properties":{"lines":"301","color":"#0059a9","mode":"bus","arr":["301"],"angle":-26.8,"extra":1}},{"type":"Feature","geometry":{"type":"Point","coordinates":[20.129222,50.004171]},"properties":{"lines":"301","color":"#0059a9","mode":"bus","arr":["301"],"angle":-32.2,"extra":1}},{"type":"Feature","geometry":{"type":"Point","coordinates":[20.122441,50.001838]},"properties":{"lines":"301","color":"#0059a9","mode":"bus","arr":["301"],"angle":-25.1,"extra":1}},{"type":"Feature","geometry":{"type":"Point","coordinates":[20.107812,49.998917]},"properties":{"lines":"301","color":"#0059a9","mode":"bus","arr":["301"],"angle":-11.5,"extra":1}},{"type":"Feature","geometry":{"type":"Point","coordinates":[20.100148,49.998806]},"properties":{"lines":"301","color":"#0059a9","mode":"bus","arr":["301"],"angle":0.2,"extra":1}},{"type":"Feature","geometry":{"type":"Point","coordinates":[20.093827,49.99608]},"properties":{"lines":"301","color":"#0059a9","mode":"bus","arr":["301"],"angle":-37,"extra":1}},{"type":"Feature","geometry":{"type":"Point","coordinates":[20.087665,49.993107]},"properties":{"lines":"301","color":"#0059a9","mode":"bus","arr":["301"],"angle":-37.2,"extra":1}},{"type":"Feature","geometry":{"type":"Point","coordinates":[19.932278,50.04895]},"properties":{"lines":"304","color":"#0059a9","mode":"bus","arr":["304"],"angle":64.4}},{"type":"Feature","geometry":{"type":"Point","coordinates":[19.964102,50.158233]},"properties":{"lines":"307","color":"#0059a9","mode":"bus","arr":["307"],"angle":-3.1}},{"type":"Feature","geometry":{"type":"Point","coordinates":[19.952062,50.155601]},"properties":{"lines":"307","color":"#0059a9","mode":"bus","arr":["307"],"angle":-20.6,"extra":1}},{"type":"Feature","geometry":{"type":"Point","coordinates":[19.959175,50.157498]},"properties":{"lines":"307","color":"#0059a9","mode":"bus","arr":["307"],"angle":-17.7,"extra":1}},{"type":"Feature","geometry":{"type":"Point","coordinates":[19.974416,50.158532]},"properties":{"lines":"307","color":"#0059a9","mode":"bus","arr":["307"],"angle":-2.4,"extra":1}},{"type":"Feature","geometry":{"type":"Point","coordinates":[19.764652,50.17967]},"properties":{"lines":"310, 910","color":"#0059a9","mode":"bus","arr":["310","910"],"angle":-35}},{"type":"Feature","geometry":{"type":"Point","coordinates":[19.795491,50.187809]},"properties":{"lines":"310, 910","color":"#0059a9","mode":"bus","arr":["310","910"],"angle":-65.7,"extra":1}},{"type":"Feature","geometry":{"type":"Point","coordinates":[19.791444,50.183626]},"properties":{"lines":"310, 910","color":"#0059a9","mode":"bus","arr":["310","910"],"angle":-52.8,"extra":1}},{"type":"Feature","geometry":{"type":"Point","coordinates":[19.786088,50.180115]},"properties":{"lines":"310, 910","color":"#0059a9","mode":"bus","arr":["310","910"],"angle":-49,"extra":1}},{"type":"Feature","geometry":{"type":"Point","coordinates":[19.780394,50.182326]},"properties":{"lines":"310, 910","color":"#0059a9","mode":"bus","arr":["310","910"],"angle":42.5,"extra":1}},{"type":"Feature","geometry":{"type":"Point","coordinates":[19.773399,50.18259]},"properties":{"lines":"310, 910","color":"#0059a9","mode":"bus","arr":["310","910"],"angle":-12.2,"extra":1}},{"type":"Feature","geometry":{"type":"Point","coordinates":[19.760037,50.177963]},"properties":{"lines":"310, 910","color":"#0059a9","mode":"bus","arr":["310","910"],"angle":8.8,"extra":1}},{"type":"Feature","geometry":{"type":"Point","coordinates":[19.754653,50.176162]},"properties":{"lines":"310, 910","color":"#0059a9","mode":"bus","arr":["310","910"],"angle":-74.5,"extra":1}},{"type":"Feature","geometry":{"type":"Point","coordinates":[19.749724,50.172514]},"properties":{"lines":"310, 910","color":"#0059a9","mode":"bus","arr":["310","910"],"angle":-67.1,"extra":1}},{"type":"Feature","geometry":{"type":"Point","coordinates":[19.751677,50.168248]},"properties":{"lines":"310, 910","color":"#0059a9","mode":"bus","arr":["310","910"],"angle":13.8,"extra":1}},{"type":"Feature","geometry":{"type":"Point","coordinates":[19.750411,50.16385]},"properties":{"lines":"310, 910","color":"#0059a9","mode":"bus","arr":["310","910"],"angle":-81,"extra":1}},{"type":"Feature","geometry":{"type":"Point","coordinates":[19.747961,50.159243]},"properties":{"lines":"310, 910","color":"#0059a9","mode":"bus","arr":["310","910"],"angle":-77.9,"extra":1}},{"type":"Feature","geometry":{"type":"Point","coordinates":[19.747274,50.158811]},"properties":{"lines":"310, 910","color":"#0059a9","mode":"bus","arr":["310","910"],"angle":12.3}},{"type":"Feature","geometry":{"type":"Point","coordinates":[19.942101,50.107591]},"properties":{"lines":"317","color":"#0059a9","mode":"bus","arr":["317"],"angle":-87.5}},{"type":"Feature","geometry":{"type":"Point","coordinates":[19.946015,50.074088]},"properties":{"lines":"317","color":"#0059a9","mode":"bus","arr":["317"],"angle":67.3}},{"type":"Feature","geometry":{"type":"Point","coordinates":[19.947072,50.07313]},"properties":{"lines":"317","color":"#0059a9","mode":"bus","arr":["317"],"angle":61.2}},{"type":"Feature","geometry":{"type":"Point","coordinates":[19.954513,50.09815]},"properties":{"lines":"317, 669","color":"#0059a9","mode":"bus","arr":["317","669"],"angle":2.8}},{"type":"Feature","geometry":{"type":"Point","coordinates":[19.89525,50.153903]},"properties":{"lines":"337, 937","color":"#0059a9","mode":"bus","arr":["337","937"],"angle":-78}},{"type":"Feature","geometry":{"type":"Point","coordinates":[19.897883,50.173307]},"properties":{"lines":"337, 937","color":"#0059a9","mode":"bus","arr":["337","937"],"angle":72.3}},{"type":"Feature","geometry":{"type":"Point","coordinates":[19.911159,50.176119]},"properties":{"lines":"337, 937","color":"#0059a9","mode":"bus","arr":["337","937"],"angle":60.6,"extra":1}},{"type":"Feature","geometry":{"type":"Point","coordinates":[19.905361,50.177106]},"properties":{"lines":"337, 937","color":"#0059a9","mode":"bus","arr":["337","937"],"angle":-8.9,"extra":1}},{"type":"Feature","geometry":{"type":"Point","coordinates":[19.897754,50.176309]},"properties":{"lines":"337, 937","color":"#0059a9","mode":"bus","arr":["337","937"],"angle":-9.5,"extra":1}},{"type":"Feature","geometry":{"type":"Point","coordinates":[19.899386,50.167406]},"properties":{"lines":"337, 937","color":"#0059a9","mode":"bus","arr":["337","937"],"angle":79.8,"extra":1}},{"type":"Feature","geometry":{"type":"Point","coordinates":[19.898729,50.162576]},"properties":{"lines":"337, 937","color":"#0059a9","mode":"bus","arr":["337","937"],"angle":-81,"extra":1}},{"type":"Feature","geometry":{"type":"Point","coordinates":[19.895536,50.158145]},"properties":{"lines":"337, 937","color":"#0059a9","mode":"bus","arr":["337","937"],"angle":-51,"extra":1}},{"type":"Feature","geometry":{"type":"Point","coordinates":[19.935699,50.029348]},"properties":{"lines":"463","color":"#0059a9","mode":"bus","arr":["463"],"angle":29.6}},{"type":"Feature","geometry":{"type":"Point","coordinates":[19.972603,50.044947]},"properties":{"lines":"463","color":"#0059a9","mode":"bus","arr":["463"],"angle":-28.5}},{"type":"Feature","geometry":{"type":"Point","coordinates":[20.068681,50.079286]},"properties":{"lines":"463","color":"#0059a9","mode":"bus","arr":["463"],"angle":88}},{"type":"Feature","geometry":{"type":"Point","coordinates":[20.067686,50.078516]},"properties":{"lines":"463","color":"#0059a9","mode":"bus","arr":["463"],"angle":-17.9}},{"type":"Feature","geometry":{"type":"Point","coordinates":[19.934168,50.029759]},"properties":{"lines":"463","color":"#0059a9","mode":"bus","arr":["463"],"angle":68.5}},{"type":"Feature","geometry":{"type":"Point","coordinates":[19.938658,50.03302]},"properties":{"lines":"463, 608","color":"#0059a9","mode":"bus","arr":["463","608"],"angle":-71.1}},{"type":"Feature","geometry":{"type":"Point","coordinates":[19.941004,50.03632]},"properties":{"lines":"463, 608","color":"#0059a9","mode":"bus","arr":["463","608"],"angle":-64,"extra":1}},{"type":"Feature","geometry":{"type":"Point","coordinates":[19.87186,50.0199]},"properties":{"lines":"476","color":"#0059a9","mode":"bus","arr":["476"],"angle":26.1}},{"type":"Feature","geometry":{"type":"Point","coordinates":[19.860589,50.027364]},"properties":{"lines":"476","color":"#0059a9","mode":"bus","arr":["476"],"angle":72.5,"extra":1}},{"type":"Feature","geometry":{"type":"Point","coordinates":[19.865268,50.023486]},"properties":{"lines":"476","color":"#0059a9","mode":"bus","arr":["476"],"angle":51.9,"extra":1}},{"type":"Feature","geometry":{"type":"Point","coordinates":[19.876261,50.017404]},"properties":{"lines":"476","color":"#0059a9","mode":"bus","arr":["476"],"angle":88.9,"extra":1}},{"type":"Feature","geometry":{"type":"Point","coordinates":[19.881725,50.016664]},"properties":{"lines":"476","color":"#0059a9","mode":"bus","arr":["476"],"angle":-14.9,"extra":1}},{"type":"Feature","geometry":{"type":"Point","coordinates":[20.003348,50.033516]},"properties":{"lines":"497","color":"#0059a9","mode":"bus","arr":["497"],"angle":-83.4}},{"type":"Feature","geometry":{"type":"Point","coordinates":[20.017942,50.00874]},"properties":{"lines":"503","color":"#0059a9","mode":"bus","arr":["503"],"angle":51.8}},{"type":"Feature","geometry":{"type":"Point","coordinates":[20.015147,50.007543]},"properties":{"lines":"503","color":"#0059a9","mode":"bus","arr":["503"],"angle":-7.7}},{"type":"Feature","geometry":{"type":"Point","coordinates":[20.013662,50.007718]},"properties":{"lines":"503","color":"#0059a9","mode":"bus","arr":["503"],"angle":58.8}},{"type":"Feature","geometry":{"type":"Point","coordinates":[20.017242,50.006157]},"properties":{"lines":"503, 904","color":"#0059a9","mode":"bus","arr":["503","904"],"angle":-19.6}},{"type":"Feature","geometry":{"type":"Point","coordinates":[19.98436,50.086276]},"properties":{"lines":"511, 572, 608","color":"#0059a9","mode":"bus","arr":["511","572","608"],"angle":-10.1}},{"type":"Feature","geometry":{"type":"Point","coordinates":[19.995115,50.087455]},"properties":{"lines":"511, 572, 608","color":"#0059a9","mode":"bus","arr":["511","572","608"],"angle":-4.4,"extra":1}},{"type":"Feature","geometry":{"type":"Point","coordinates":[19.985148,50.086518]},"properties":{"lines":"511, 572","color":"#0059a9","mode":"bus","arr":["511","572"],"angle":-10.1}},{"type":"Feature","geometry":{"type":"Point","coordinates":[19.974105,50.085119]},"properties":{"lines":"511, 608","color":"#0059a9","mode":"bus","arr":["511","608"],"angle":-6.6}},{"type":"Feature","geometry":{"type":"Point","coordinates":[19.89346,50.094288]},"properties":{"lines":"511, 611","color":"#0059a9","mode":"bus","arr":["511","611"],"angle":24.5}},{"type":"Feature","geometry":{"type":"Point","coordinates":[19.897028,50.093611]},"properties":{"lines":"511, 611","color":"#0059a9","mode":"bus","arr":["511","611"],"angle":-9.3}},{"type":"Feature","geometry":{"type":"Point","coordinates":[19.938514,50.087411]},"properties":{"lines":"513","color":"#0059a9","mode":"bus","arr":["513"],"angle":-83.8}},{"type":"Feature","geometry":{"type":"Point","coordinates":[19.938182,50.085492]},"properties":{"lines":"513","color":"#0059a9","mode":"bus","arr":["513"],"angle":-84}},{"type":"Feature","geometry":{"type":"Point","coordinates":[19.922823,50.101004]},"properties":{"lines":"513","color":"#0059a9","mode":"bus","arr":["513"],"angle":69}},{"type":"Feature","geometry":{"type":"Point","coordinates":[19.935194,50.09168]},"properties":{"lines":"572","color":"#0059a9","mode":"bus","arr":["572"],"angle":-4.4}},{"type":"Feature","geometry":{"type":"Point","coordinates":[19.971767,50.085109]},"properties":{"lines":"572","color":"#0059a9","mode":"bus","arr":["572"],"angle":-2.8}},{"type":"Feature","geometry":{"type":"Point","coordinates":[19.970151,50.08514]},"properties":{"lines":"572","color":"#0059a9","mode":"bus","arr":["572"],"angle":-2.7}},{"type":"Feature","geometry":{"type":"Point","coordinates":[19.96475,50.085049]},"properties":{"lines":"572","color":"#0059a9","mode":"bus","arr":["572"],"angle":3,"extra":1}},{"type":"Feature","geometry":{"type":"Point","coordinates":[19.955073,50.086063]},"properties":{"lines":"572","color":"#0059a9","mode":"bus","arr":["572"],"angle":23.1}},{"type":"Feature","geometry":{"type":"Point","coordinates":[19.935486,50.091831]},"properties":{"lines":"572","color":"#0059a9","mode":"bus","arr":["572"],"angle":-3.4}},{"type":"Feature","geometry":{"type":"Point","coordinates":[20.066035,50.087976]},"properties":{"lines":"601","color":"#0059a9","mode":"bus","arr":["601"],"angle":-12.4}},{"type":"Feature","geometry":{"type":"Point","coordinates":[19.983305,50.040888]},"properties":{"lines":"605","color":"#0059a9","mode":"bus","arr":["605"],"angle":-84.6}},{"type":"Feature","geometry":{"type":"Point","coordinates":[20.059331,50.097098]},"properties":{"lines":"608","color":"#0059a9","mode":"bus","arr":["608"],"angle":-16.2}},{"type":"Feature","geometry":{"type":"Point","coordinates":[20.056862,50.094683]},"properties":{"lines":"608","color":"#0059a9","mode":"bus","arr":["608"],"angle":-15.5,"extra":1}},{"type":"Feature","geometry":{"type":"Point","coordinates":[19.985619,50.086974]},"properties":{"lines":"608","color":"#0059a9","mode":"bus","arr":["608"],"angle":-35.1}},{"type":"Feature","geometry":{"type":"Point","coordinates":[19.96142,50.080324]},"properties":{"lines":"608","color":"#0059a9","mode":"bus","arr":["608"],"angle":-64.7}},{"type":"Feature","geometry":{"type":"Point","coordinates":[19.955224,50.081482]},"properties":{"lines":"608","color":"#0059a9","mode":"bus","arr":["608"],"angle":40.7,"extra":1}},{"type":"Feature","geometry":{"type":"Point","coordinates":[19.965777,50.083129]},"properties":{"lines":"608","color":"#0059a9","mode":"bus","arr":["608"],"angle":13.5,"extra":1}},{"type":"Feature","geometry":{"type":"Point","coordinates":[19.935638,50.072382]},"properties":{"lines":"608","color":"#0059a9","mode":"bus","arr":["608"],"angle":10.3}},{"type":"Feature","geometry":{"type":"Point","coordinates":[19.922494,50.023604]},"properties":{"lines":"608","color":"#0059a9","mode":"bus","arr":["608"],"angle":32.7}},{"type":"Feature","geometry":{"type":"Point","coordinates":[19.928663,50.021949]},"properties":{"lines":"608","color":"#0059a9","mode":"bus","arr":["608"],"angle":11.6,"extra":1}},{"type":"Feature","geometry":{"type":"Point","coordinates":[19.915895,50.027101]},"properties":{"lines":"608","color":"#0059a9","mode":"bus","arr":["608"],"angle":46.7,"extra":1}},{"type":"Feature","geometry":{"type":"Point","coordinates":[19.922476,50.02348]},"properties":{"lines":"608","color":"#0059a9","mode":"bus","arr":["608"],"angle":27.4}},{"type":"Feature","geometry":{"type":"Point","coordinates":[19.916838,50.025906]},"properties":{"lines":"608","color":"#0059a9","mode":"bus","arr":["608"],"angle":50.5,"extra":1}},{"type":"Feature","geometry":{"type":"Point","coordinates":[19.930346,50.021521]},"properties":{"lines":"608","color":"#0059a9","mode":"bus","arr":["608"],"angle":25.1,"extra":1}},{"type":"Feature","geometry":{"type":"Point","coordinates":[19.934378,50.024976]},"properties":{"lines":"608, 915","color":"#0059a9","mode":"bus","arr":["608","915"],"angle":-71.4}},{"type":"Feature","geometry":{"type":"Point","coordinates":[19.935954,50.027906]},"properties":{"lines":"608, 915","color":"#0059a9","mode":"bus","arr":["608","915"],"angle":-68.1,"extra":1}},{"type":"Feature","geometry":{"type":"Point","coordinates":[19.948582,50.047838]},"properties":{"lines":"609","color":"#0059a9","mode":"bus","arr":["609"],"angle":-39.5}},{"type":"Feature","geometry":{"type":"Point","coordinates":[19.940243,50.044131]},"properties":{"lines":"609","color":"#0059a9","mode":"bus","arr":["609"],"angle":39.3}},{"type":"Feature","geometry":{"type":"Point","coordinates":[19.935726,50.043142]},"properties":{"lines":"609","color":"#0059a9","mode":"bus","arr":["609"],"angle":-62.7,"extra":1}},{"type":"Feature","geometry":{"type":"Point","coordinates":[19.932537,50.048937]},"properties":{"lines":"609","color":"#0059a9","mode":"bus","arr":["609"],"angle":63.8}},{"type":"Feature","geometry":{"type":"Point","coordinates":[19.942933,50.052849]},"properties":{"lines":"610, 662, 904","color":"#0059a9","mode":"bus","arr":["610","662","904"],"angle":-63.4}},{"type":"Feature","geometry":{"type":"Point","coordinates":[19.945335,50.055937]},"properties":{"lines":"610, 662, 904","color":"#0059a9","mode":"bus","arr":["610","662","904"],"angle":-64.9,"extra":1}},{"type":"Feature","geometry":{"type":"Point","coordinates":[19.938821,50.050808]},"properties":{"lines":"610, 662, 904","color":"#0059a9","mode":"bus","arr":["610","662","904"],"angle":-8.6,"extra":1}},{"type":"Feature","geometry":{"type":"Point","coordinates":[19.945836,50.058418]},"properties":{"lines":"610, 662, 669, 904","color":"#0059a9","mode":"bus","arr":["610","662","669","904"],"angle":7.7}},{"type":"Feature","geometry":{"type":"Point","coordinates":[19.943537,50.066318]},"properties":{"lines":"610, 904","color":"#0059a9","mode":"bus","arr":["610","904"],"angle":48.5}},{"type":"Feature","geometry":{"type":"Point","coordinates":[20.01439,50.075684]},"properties":{"lines":"611","color":"#0059a9","mode":"bus","arr":["611"],"angle":8.3}},{"type":"Feature","geometry":{"type":"Point","coordinates":[20.015599,50.08056]},"properties":{"lines":"611","color":"#0059a9","mode":"bus","arr":["611"],"angle":88.7}},{"type":"Feature","geometry":{"type":"Point","coordinates":[20.020259,50.084639]},"properties":{"lines":"611","color":"#0059a9","mode":"bus","arr":["611"],"angle":-60.7}},{"type":"Feature","geometry":{"type":"Point","coordinates":[20.018165,50.085206]},"properties":{"lines":"664","color":"#0059a9","mode":"bus","arr":["664"],"angle":-73.7}},{"type":"Feature","geometry":{"type":"Point","coordinates":[19.925694,50.06983]},"properties":{"lines":"664, 704, 708","color":"#0059a9","mode":"bus","arr":["664","704","708"],"angle":44.7}},{"type":"Feature","geometry":{"type":"Point","coordinates":[19.921261,50.071406]},"properties":{"lines":"664, 704, 708","color":"#0059a9","mode":"bus","arr":["664","704","708"],"angle":23.8}},{"type":"Feature","geometry":{"type":"Point","coordinates":[19.925729,50.069599]},"properties":{"lines":"664, 704, 708","color":"#0059a9","mode":"bus","arr":["664","704","708"],"angle":50.3,"extra":1}},{"type":"Feature","geometry":{"type":"Point","coordinates":[19.896566,50.079433]},"properties":{"lines":"664, 704, 708","color":"#0059a9","mode":"bus","arr":["664","704","708"],"angle":30.2}},{"type":"Feature","geometry":{"type":"Point","coordinates":[19.952232,50.095435]},"properties":{"lines":"669","color":"#0059a9","mode":"bus","arr":["669"],"angle":1.6}},{"type":"Feature","geometry":{"type":"Point","coordinates":[19.948425,50.098462]},"properties":{"lines":"669","color":"#0059a9","mode":"bus","arr":["669"],"angle":-35.2}},{"type":"Feature","geometry":{"type":"Point","coordinates":[19.821055,50.02843]},"properties":{"lines":"712","color":"#0059a9","mode":"bus","arr":["712"],"angle":58.3}},{"type":"Feature","geometry":{"type":"Point","coordinates":[19.828103,50.021481]},"properties":{"lines":"712","color":"#0059a9","mode":"bus","arr":["712"],"angle":43.7,"extra":1}},{"type":"Feature","geometry":{"type":"Point","coordinates":[19.823807,50.025577]},"properties":{"lines":"712","color":"#0059a9","mode":"bus","arr":["712"],"angle":58.2,"extra":1}},{"type":"Feature","geometry":{"type":"Point","coordinates":[19.815698,50.033991]},"properties":{"lines":"712","color":"#0059a9","mode":"bus","arr":["712"],"angle":58.3,"extra":1}},{"type":"Feature","geometry":{"type":"Point","coordinates":[19.820799,50.028519]},"properties":{"lines":"712","color":"#0059a9","mode":"bus","arr":["712"],"angle":58.3}},{"type":"Feature","geometry":{"type":"Point","coordinates":[19.813571,50.034805]},"properties":{"lines":"712","color":"#0059a9","mode":"bus","arr":["712"],"angle":-66.9,"extra":1}},{"type":"Feature","geometry":{"type":"Point","coordinates":[19.817897,50.03153]},"properties":{"lines":"712","color":"#0059a9","mode":"bus","arr":["712"],"angle":58.3,"extra":1}},{"type":"Feature","geometry":{"type":"Point","coordinates":[19.826001,50.023114]},"properties":{"lines":"712","color":"#0059a9","mode":"bus","arr":["712"],"angle":57.7,"extra":1}},{"type":"Feature","geometry":{"type":"Point","coordinates":[19.867438,50.128975]},"properties":{"lines":"910","color":"#0059a9","mode":"bus","arr":["910"],"angle":16.2}},{"type":"Feature","geometry":{"type":"Point","coordinates":[19.8688,50.12501]},"properties":{"lines":"910","color":"#0059a9","mode":"bus","arr":["910"],"angle":11.4}},{"type":"Feature","geometry":{"type":"Point","coordinates":[19.931716,50.019651]},"properties":{"lines":"915","color":"#0059a9","mode":"bus","arr":["915"],"angle":-71.1}},{"type":"Feature","geometry":{"type":"Point","coordinates":[19.936724,50.030184]},"properties":{"lines":"915","color":"#0059a9","mode":"bus","arr":["915"],"angle":27.7}},{"type":"Feature","geometry":{"type":"Point","coordinates":[19.892849,50.094271]},"properties":{"lines":"LR0","color":"#0059a9","mode":"bus","arr":["LR0"],"angle":70.1}},{"type":"Feature","geometry":{"type":"Point","coordinates":[19.796396,50.227124]},"properties":{"lines":"LR0","color":"#0059a9","mode":"bus","arr":["LR0"],"angle":-2.2}},{"type":"Feature","geometry":{"type":"Point","coordinates":[19.752347,50.222929]},"properties":{"lines":"LR0","color":"#0059a9","mode":"bus","arr":["LR0"],"angle":-27.7,"extra":1}},{"type":"Feature","geometry":{"type":"Point","coordinates":[19.759519,50.224739]},"properties":{"lines":"LR0","color":"#0059a9","mode":"bus","arr":["LR0"],"angle":-21.4,"extra":1}},{"type":"Feature","geometry":{"type":"Point","coordinates":[19.766344,50.226988]},"properties":{"lines":"LR0","color":"#0059a9","mode":"bus","arr":["LR0"],"angle":-32.5,"extra":1}},{"type":"Feature","geometry":{"type":"Point","coordinates":[19.772697,50.229552]},"properties":{"lines":"LR0","color":"#0059a9","mode":"bus","arr":["LR0"],"angle":-18.2,"extra":1}},{"type":"Feature","geometry":{"type":"Point","coordinates":[19.780086,50.230776]},"properties":{"lines":"LR0","color":"#0059a9","mode":"bus","arr":["LR0"],"angle":-22.8,"extra":1}},{"type":"Feature","geometry":{"type":"Point","coordinates":[19.787462,50.23037]},"properties":{"lines":"LR0","color":"#0059a9","mode":"bus","arr":["LR0"],"angle":32.4,"extra":1}},{"type":"Feature","geometry":{"type":"Point","coordinates":[19.801383,50.227206]},"properties":{"lines":"LR0","color":"#0059a9","mode":"bus","arr":["LR0"],"angle":9.4,"extra":1}},{"type":"Feature","geometry":{"type":"Point","coordinates":[19.807907,50.224933]},"properties":{"lines":"LR0","color":"#0059a9","mode":"bus","arr":["LR0"],"angle":53.9,"extra":1}},{"type":"Feature","geometry":{"type":"Point","coordinates":[19.810385,50.22031]},"properties":{"lines":"LR0","color":"#0059a9","mode":"bus","arr":["LR0"],"angle":60.5,"extra":1}},{"type":"Feature","geometry":{"type":"Point","coordinates":[19.814303,50.216051]},"properties":{"lines":"LR0","color":"#0059a9","mode":"bus","arr":["LR0"],"angle":58,"extra":1}},{"type":"Feature","geometry":{"type":"Point","coordinates":[19.818623,50.212562]},"properties":{"lines":"LR0","color":"#0059a9","mode":"bus","arr":["LR0"],"angle":-45.3,"extra":1}},{"type":"Feature","geometry":{"type":"Point","coordinates":[19.822443,50.211083]},"properties":{"lines":"LR0","color":"#0059a9","mode":"bus","arr":["LR0"],"angle":9.5,"extra":1}},{"type":"Feature","geometry":{"type":"Point","coordinates":[19.829638,50.212174]},"properties":{"lines":"LR0","color":"#0059a9","mode":"bus","arr":["LR0"],"angle":-54.7,"extra":1}},{"type":"Feature","geometry":{"type":"Point","coordinates":[19.831251,50.213129]},"properties":{"lines":"LR0","color":"#0059a9","mode":"bus","arr":["LR0"],"angle":-15.5}},{"type":"Feature","geometry":{"type":"Point","coordinates":[20.053731,50.089004]},"properties":{"lines":"138, 160","color":"#0059a9","mode":"bus","arr":["138","160"],"angle":-13.4}},{"type":"Feature","geometry":{"type":"Point","coordinates":[20.054575,50.089695]},"properties":{"lines":"138, 160","color":"#0059a9","mode":"bus","arr":["138","160"],"angle":-56.6}},{"type":"Feature","geometry":{"type":"Point","coordinates":[19.906512,50.009105]},"properties":{"lines":"151","color":"#0059a9","mode":"bus","arr":["151"],"angle":52.5}},{"type":"Feature","geometry":{"type":"Point","coordinates":[19.90714,50.009758]},"properties":{"lines":"151","color":"#0059a9","mode":"bus","arr":["151"],"angle":-46.8}},{"type":"Feature","geometry":{"type":"Point","coordinates":[19.906512,50.009105]},"properties":{"lines":"151","color":"#0059a9","mode":"bus","arr":["151"],"angle":52.5}},{"type":"Feature","geometry":{"type":"Point","coordinates":[19.977743,50.067777]},"properties":{"lines":"664","color":"#0059a9","mode":"bus","arr":["664"],"angle":-36.9}},{"type":"Feature","geometry":{"type":"Point","coordinates":[20.066245,50.09556]},"properties":{"lines":"1, 5, 74","color":"#d6212b","mode":"tram","arr":["1","5","74"],"angle":38.3}},{"type":"Feature","geometry":{"type":"Point","coordinates":[20.059266,50.090189]},"properties":{"lines":"1, 5, 74","color":"#d6212b","mode":"tram","arr":["1","5","74"],"angle":-73.5,"extra":1}},{"type":"Feature","geometry":{"type":"Point","coordinates":[20.040655,50.086116]},"properties":{"lines":"1, 5","color":"#d6212b","mode":"tram","arr":["1","5","122","138","149","160","202","212","222","232","262","608"],"busLines":"122, 138, 149, 160, 202, 212, 222, 232, 262, 608","angle":-21.9}},{"type":"Feature","geometry":{"type":"Point","coordinates":[20.053874,50.087594]},"properties":{"lines":"1, 5","color":"#d6212b","mode":"tram","arr":["1","5","122","138","149","160","202","212","222","232","262","608"],"busLines":"122, 138, 149, 160, 202, 212, 222, 232, 262, 608","angle":-8.5,"extra":1}},{"type":"Feature","geometry":{"type":"Point","coordinates":[20.046253,50.086846]},"properties":{"lines":"1, 5","color":"#d6212b","mode":"tram","arr":["1","5","122","138","149","160","202","212","222","232","262","608"],"busLines":"122, 138, 149, 160, 202, 212, 222, 232, 262, 608","angle":-8.7,"extra":1}},{"type":"Feature","geometry":{"type":"Point","coordinates":[20.032951,50.082408]},"properties":{"lines":"1, 5","color":"#d6212b","mode":"tram","arr":["1","5","122","138","149","160","202","212","222","232","262","608"],"busLines":"122, 138, 149, 160, 202, 212, 222, 232, 262, 608","angle":-40,"extra":1}},{"type":"Feature","geometry":{"type":"Point","coordinates":[20.040713,50.086094]},"properties":{"lines":"1, 5","color":"#d6212b","mode":"tram","arr":["1","5","122","160","202","212","222","232","262","608"],"busLines":"122, 160, 202, 212, 222, 232, 262, 608","angle":-22}},{"type":"Feature","geometry":{"type":"Point","coordinates":[20.030107,50.080829]},"properties":{"lines":"1, 5","color":"#d6212b","mode":"tram","arr":["1","5","122","160","202","212","222","232","262","608"],"busLines":"122, 160, 202, 212, 222, 232, 262, 608","angle":-40,"extra":1}},{"type":"Feature","geometry":{"type":"Point","coordinates":[20.036009,50.084011]},"properties":{"lines":"1, 5","color":"#d6212b","mode":"tram","arr":["1","5","122","160","202","212","222","232","262","608"],"busLines":"122, 160, 202, 212, 222, 232, 262, 608","angle":-40,"extra":1}},{"type":"Feature","geometry":{"type":"Point","coordinates":[20.050194,50.087198]},"properties":{"lines":"1, 5","color":"#d6212b","mode":"tram","arr":["1","5","122","160","202","212","222","232","262","608"],"busLines":"122, 160, 202, 212, 222, 232, 262, 608","angle":-8.7,"extra":1}},{"type":"Feature","geometry":{"type":"Point","coordinates":[20.022777,50.076925]},"properties":{"lines":"1, 5, 9, 14, 52","color":"#d6212b","mode":"tram","arr":["1","5","9","14","52","202","212","222","232","262","664"],"busLines":"202, 212, 222, 232, 262, 664","angle":-40}},{"type":"Feature","geometry":{"type":"Point","coordinates":[20.022404,50.076679]},"properties":{"lines":"1, 5, 9, 14, 52","color":"#d6212b","mode":"tram","arr":["1","5","9","14","52","148","202","212","222","232","262","664"],"busLines":"148, 202, 212, 222, 232, 262, 664","angle":-40}},{"type":"Feature","geometry":{"type":"Point","coordinates":[20.026396,50.078894]},"properties":{"lines":"1, 5, 9, 14, 52","color":"#d6212b","mode":"tram","arr":["1","5","9","14","52","148","202","212","222","232","262","664"],"busLines":"148, 202, 212, 222, 232, 262, 664","angle":-54,"extra":1}},{"type":"Feature","geometry":{"type":"Point","coordinates":[20.017609,50.073771]},"properties":{"lines":"1, 14","color":"#d6212b","mode":"tram","arr":["1","14"],"angle":-68.5}},{"type":"Feature","geometry":{"type":"Point","coordinates":[20.017282,50.073056]},"properties":{"lines":"1, 14","color":"#d6212b","mode":"tram","arr":["1","14"],"angle":-70.9}},{"type":"Feature","geometry":{"type":"Point","coordinates":[19.988509,50.064143]},"properties":{"lines":"1, 14, 22, 62","color":"#d6212b","mode":"tram","arr":["1","14","22","62","125","128","148","174","463","662"],"busLines":"125, 128, 148, 174, 463, 662","angle":-15.3}},{"type":"Feature","geometry":{"type":"Point","coordinates":[20.015663,50.070623]},"properties":{"lines":"1, 14, 22, 62","color":"#d6212b","mode":"tram","arr":["1","14","22","62","125","128","148","174","463","662"],"busLines":"125, 128, 148, 174, 463, 662","angle":-49.7,"extra":1}},{"type":"Feature","geometry":{"type":"Point","coordinates":[20.008901,50.068308]},"properties":{"lines":"1, 14, 22, 62","color":"#d6212b","mode":"tram","arr":["1","14","22","62","125","128","148","174","463","662"],"busLines":"125, 128, 148, 174, 463, 662","angle":-25.5,"extra":1}},{"type":"Feature","geometry":{"type":"Point","coordinates":[20.001813,50.066463]},"properties":{"lines":"1, 14, 22, 62","color":"#d6212b","mode":"tram","arr":["1","14","22","62","125","128","148","174","463","662"],"busLines":"125, 128, 148, 174, 463, 662","angle":-16.1,"extra":1}},{"type":"Feature","geometry":{"type":"Point","coordinates":[19.994374,50.065165]},"properties":{"lines":"1, 14, 22, 62","color":"#d6212b","mode":"tram","arr":["1","14","22","62","125","128","148","174","463","662"],"busLines":"125, 128, 148, 174, 463, 662","angle":-15.2,"extra":1}},{"type":"Feature","geometry":{"type":"Point","coordinates":[19.980404,50.061348]},"properties":{"lines":"1, 14, 22, 62","color":"#d6212b","mode":"tram","arr":["1","14","22","62","125","128","148","174","463","662"],"busLines":"125, 128, 148, 174, 463, 662","angle":-36.8,"extra":1}},{"type":"Feature","geometry":{"type":"Point","coordinates":[19.973584,50.059745]},"properties":{"lines":"1, 14, 22, 62","color":"#d6212b","mode":"tram","arr":["1","14","22","62","125","128","148","174","463","662"],"busLines":"125, 128, 148, 174, 463, 662","angle":18.4,"extra":1}},{"type":"Feature","geometry":{"type":"Point","coordinates":[19.966238,50.059904]},"properties":{"lines":"1, 14, 22, 62","color":"#d6212b","mode":"tram","arr":["1","14","22","62","125","128","148","174","463","662"],"busLines":"125, 128, 148, 174, 463, 662","angle":-20.8,"extra":1}},{"type":"Feature","geometry":{"type":"Point","coordinates":[19.95939,50.057805]},"properties":{"lines":"1, 14, 22, 62","color":"#d6212b","mode":"tram","arr":["1","14","22","62","125","128","148","174","463","662"],"busLines":"125, 128, 148, 174, 463, 662","angle":30.3,"extra":1}},{"type":"Feature","geometry":{"type":"Point","coordinates":[19.987902,50.064001]},"properties":{"lines":"1, 14, 22, 62","color":"#d6212b","mode":"tram","arr":["1","14","22","62","125","128","148","174","463","662"],"busLines":"125, 128, 148, 174, 463, 662","angle":-14.9}},{"type":"Feature","geometry":{"type":"Point","coordinates":[19.962111,50.058673]},"properties":{"lines":"1, 14, 22, 62","color":"#d6212b","mode":"tram","arr":["1","14","22","62","125","128","148","174","463","662"],"busLines":"125, 128, 148, 174, 463, 662","angle":-35.7,"extra":1}},{"type":"Feature","geometry":{"type":"Point","coordinates":[19.969233,50.060499]},"properties":{"lines":"1, 14, 22, 62","color":"#d6212b","mode":"tram","arr":["1","14","22","62","125","128","148","174","463","662"],"busLines":"125, 128, 148, 174, 463, 662","angle":-3.8,"extra":1}},{"type":"Feature","geometry":{"type":"Point","coordinates":[19.976677,50.059661]},"properties":{"lines":"1, 14, 22, 62","color":"#d6212b","mode":"tram","arr":["1","14","22","62","125","128","148","174","463","662"],"busLines":"125, 128, 148, 174, 463, 662","angle":-17.1,"extra":1}},{"type":"Feature","geometry":{"type":"Point","coordinates":[19.982937,50.062525]},"properties":{"lines":"1, 14, 22, 62","color":"#d6212b","mode":"tram","arr":["1","14","22","62","125","128","148","174","463","662"],"busLines":"125, 128, 148, 174, 463, 662","angle":-36.5,"extra":1}},{"type":"Feature","geometry":{"type":"Point","coordinates":[19.997428,50.065659]},"properties":{"lines":"1, 14, 22, 62","color":"#d6212b","mode":"tram","arr":["1","14","22","62","125","128","148","174","463","662"],"busLines":"125, 128, 148, 174, 463, 662","angle":-15.2,"extra":1}},{"type":"Feature","geometry":{"type":"Point","coordinates":[20.00468,50.067223]},"properties":{"lines":"1, 14, 22, 62","color":"#d6212b","mode":"tram","arr":["1","14","22","62","125","128","148","174","463","662"],"busLines":"125, 128, 148, 174, 463, 662","angle":-28.7,"extra":1}},{"type":"Feature","geometry":{"type":"Point","coordinates":[20.0118,50.069081]},"properties":{"lines":"1, 14, 22, 62","color":"#d6212b","mode":"tram","arr":["1","14","22","62","125","128","148","174","463","662"],"busLines":"125, 128, 148, 174, 463, 662","angle":-24.1,"extra":1}},{"type":"Feature","geometry":{"type":"Point","coordinates":[19.960172,50.061301]},"properties":{"lines":"1, 9, 14, 17, 20, 22, 49, 50, 62","color":"#d6212b","mode":"tram","arr":["1","9","14","17","20","22","49","50","62","605","662"],"busLines":"605, 662","angle":-78.8}},{"type":"Feature","geometry":{"type":"Point","coordinates":[19.96021,50.061704]},"properties":{"lines":"1, 9, 14, 17, 20, 22, 49, 50, 62","color":"#d6212b","mode":"tram","arr":["1","9","14","17","20","22","49","50","62","605","662"],"busLines":"605, 662","angle":-85.9}},{"type":"Feature","geometry":{"type":"Point","coordinates":[19.959375,50.064921]},"properties":{"lines":"1, 9, 14, 20, 22, 49, 62","color":"#d6212b","mode":"tram","arr":["1","9","14","20","22","49","62","605","662"],"busLines":"605, 662","angle":69.7}},{"type":"Feature","geometry":{"type":"Point","coordinates":[19.954998,50.065425]},"properties":{"lines":"1, 10, 14, 20, 22, 52, 62, 74, 75","color":"#d6212b","mode":"tram","arr":["1","10","14","20","22","52","62","74","75","124","125","424","601","605","611","662","664"],"busLines":"124, 125, 424, 601, 605, 611, 662, 664","angle":-7.6}},{"type":"Feature","geometry":{"type":"Point","coordinates":[19.954975,50.065387]},"properties":{"lines":"1, 10, 14, 20, 22, 52, 62, 74, 75","color":"#d6212b","mode":"tram","arr":["1","10","14","20","22","52","62","74","75","124","125","424","601","605","611","662","664"],"busLines":"124, 125, 424, 601, 605, 611, 662, 664","angle":-7.9}},{"type":"Feature","geometry":{"type":"Point","coordinates":[19.948357,50.064857]},"properties":{"lines":"1, 10, 14, 20, 22, 52, 62, 74, 75, 76","color":"#d6212b","mode":"tram","arr":["1","10","14","20","22","52","62","74","75","76","124","424","601","605","608","609","611","662","664","669","902"],"busLines":"124, 424, 601, 605, 608, 609, 611, 662, 664, 669, 902","angle":-7.6}},{"type":"Feature","geometry":{"type":"Point","coordinates":[19.948372,50.06483]},"properties":{"lines":"1, 10, 14, 20, 22, 52, 62, 74, 75, 76","color":"#d6212b","mode":"tram","arr":["1","10","14","20","22","52","62","74","75","76","124","424","601","605","608","609","611","662","664","669","902"],"busLines":"124, 424, 601, 605, 608, 609, 611, 662, 664, 669, 902","angle":-7.4}},{"type":"Feature","geometry":{"type":"Point","coordinates":[19.944479,50.061816]},"properties":{"lines":"1, 3, 10, 14, 18, 22, 52, 62, 69, 74, 76","color":"#d6212b","mode":"tram","arr":["1","3","10","14","18","22","52","62","69","74","76","609","610","662","669","904"],"busLines":"609, 610, 662, 669, 904","angle":-69.5}},{"type":"Feature","geometry":{"type":"Point","coordinates":[19.944503,50.061787]},"properties":{"lines":"1, 3, 10, 14, 18, 22, 52, 62, 69, 74, 76","color":"#d6212b","mode":"tram","arr":["1","3","10","14","18","22","52","62","69","74","76","609","610","662","669","904"],"busLines":"609, 610, 662, 669, 904","angle":-69.5}},{"type":"Feature","geometry":{"type":"Point","coordinates":[19.94186,50.059408]},"properties":{"lines":"1, 10, 14, 18, 76","color":"#d6212b","mode":"tram","arr":["1","10","14","18","76","609"],"busLines":"609","angle":-48.4}},{"type":"Feature","geometry":{"type":"Point","coordinates":[19.941876,50.059382]},"properties":{"lines":"1, 10, 14, 18, 76","color":"#d6212b","mode":"tram","arr":["1","10","14","18","76","609"],"busLines":"609","angle":-48.3}},{"type":"Feature","geometry":{"type":"Point","coordinates":[19.937134,50.05917]},"properties":{"lines":"1, 8, 13, 14","color":"#d6212b","mode":"tram","arr":["1","8","13","14","609"],"busLines":"609","angle":16.4}},{"type":"Feature","geometry":{"type":"Point","coordinates":[19.937104,50.059146]},"properties":{"lines":"1, 8, 13, 14","color":"#d6212b","mode":"tram","arr":["1","8","13","14","609"],"busLines":"609","angle":17.2}},{"type":"Feature","geometry":{"type":"Point","coordinates":[19.924646,50.054204]},"properties":{"lines":"1, 13","color":"#d6212b","mode":"tram","arr":["1","13","209","229","239","249","259","269","279","310","609"],"busLines":"209, 229, 239, 249, 259, 269, 279, 310, 609","angle":-23.6}},{"type":"Feature","geometry":{"type":"Point","coordinates":[19.930626,50.057588]},"properties":{"lines":"1, 13","color":"#d6212b","mode":"tram","arr":["1","13","209","229","239","249","259","269","279","310","609"],"busLines":"209, 229, 239, 249, 259, 269, 279, 310, 609","angle":-46.6,"extra":1}},{"type":"Feature","geometry":{"type":"Point","coordinates":[19.917915,50.052567]},"properties":{"lines":"1, 13","color":"#d6212b","mode":"tram","arr":["1","13","209","229","239","249","259","269","279","310","609"],"busLines":"209, 229, 239, 249, 259, 269, 279, 310, 609","angle":8.8,"extra":1}},{"type":"Feature","geometry":{"type":"Point","coordinates":[19.924921,50.05425]},"properties":{"lines":"1, 13","color":"#d6212b","mode":"tram","arr":["1","13","209","229","239","249","259","269","279","310","609"],"busLines":"209, 229, 239, 249, 259, 269, 279, 310, 609","angle":-23.8}},{"type":"Feature","geometry":{"type":"Point","coordinates":[19.917666,50.052568]},"properties":{"lines":"1, 13","color":"#d6212b","mode":"tram","arr":["1","13","209","229","239","249","259","269","279","310","609"],"busLines":"209, 229, 239, 249, 259, 269, 279, 310, 609","angle":10.8,"extra":1}},{"type":"Feature","geometry":{"type":"Point","coordinates":[19.930475,50.057423]},"properties":{"lines":"1, 13","color":"#d6212b","mode":"tram","arr":["1","13","209","229","239","249","259","269","279","310","609"],"busLines":"209, 229, 239, 249, 259, 269, 279, 310, 609","angle":-51.3,"extra":1}},{"type":"Feature","geometry":{"type":"Point","coordinates":[20.024256,50.015606]},"properties":{"lines":"3, 9, 13, 49, 69","color":"#d6212b","mode":"tram","arr":["3","9","13","49","69","144","153","173","195","204","224","234","244","274","284","301","304","503","513","669"],"busLines":"144, 153, 173, 195, 204, 224, 234, 244, 274, 284, 301, 304 +3","angle":-85.5}},{"type":"Feature","geometry":{"type":"Point","coordinates":[19.982662,50.022538]},"properties":{"lines":"3, 9, 13, 49, 69","color":"#d6212b","mode":"tram","arr":["3","9","13","49","69","144","153","173","195","204","224","234","244","274","284","301","304","503","513","669"],"busLines":"144, 153, 173, 195, 204, 224, 234, 244, 274, 284, 301, 304 +3","angle":42.5,"extra":1}},{"type":"Feature","geometry":{"type":"Point","coordinates":[19.988376,50.019219]},"properties":{"lines":"3, 9, 13, 49, 69","color":"#d6212b","mode":"tram","arr":["3","9","13","49","69","144","153","173","195","204","224","234","244","274","284","301","304","503","513","669"],"busLines":"144, 153, 173, 195, 204, 224, 234, 244, 274, 284, 301, 304 +3","angle":43.4,"extra":1}},{"type":"Feature","geometry":{"type":"Point","coordinates":[19.994184,50.015992]},"properties":{"lines":"3, 9, 13, 49, 69","color":"#d6212b","mode":"tram","arr":["3","9","13","49","69","144","153","173","195","204","224","234","244","274","284","301","304","503","513","669"],"busLines":"144, 153, 173, 195, 204, 224, 234, 244, 274, 284, 301, 304 +3","angle":28.7,"extra":1}},{"type":"Feature","geometry":{"type":"Point","coordinates":[20.000937,50.015005]},"properties":{"lines":"3, 9, 13, 49, 69","color":"#d6212b","mode":"tram","arr":["3","9","13","49","69","144","153","173","195","204","224","234","244","274","284","301","304","503","513","669"],"busLines":"144, 153, 173, 195, 204, 224, 234, 244, 274, 284, 301, 304 +3","angle":-41.2,"extra":1}},{"type":"Feature","geometry":{"type":"Point","coordinates":[20.00762,50.016553]},"properties":{"lines":"3, 9, 13, 49, 69","color":"#d6212b","mode":"tram","arr":["3","9","13","49","69","144","153","173","195","204","224","234","244","274","284","301","304","503","513","669"],"busLines":"144, 153, 173, 195, 204, 224, 234, 244, 274, 284, 301, 304 +3","angle":14.3,"extra":1}},{"type":"Feature","geometry":{"type":"Point","coordinates":[20.015168,50.01662]},"properties":{"lines":"3, 9, 13, 49, 69","color":"#d6212b","mode":"tram","arr":["3","9","13","49","69","144","153","173","195","204","224","234","244","274","284","301","304","503","513","669"],"busLines":"144, 153, 173, 195, 204, 224, 234, 244, 274, 284, 301, 304 +3","angle":-11.9,"extra":1}},{"type":"Feature","geometry":{"type":"Point","coordinates":[19.976373,50.027464]},"properties":{"lines":"3, 9, 11, 13, 49, 50, 69, 74","color":"#d6212b","mode":"tram","arr":["3","9","11","13","49","50","69","74","144","173","301","304","503","513","669","904"],"busLines":"144, 173, 301, 304, 503, 513, 669, 904","angle":56.6}},{"type":"Feature","geometry":{"type":"Point","coordinates":[19.973388,50.030372]},"properties":{"lines":"3, 9, 11, 13, 49, 50, 69, 74","color":"#d6212b","mode":"tram","arr":["3","9","11","13","49","50","69","74","144","173","301","304","503","513","669","904"],"busLines":"144, 173, 301, 304, 503, 513, 669, 904","angle":56.6,"extra":1}},{"type":"Feature","geometry":{"type":"Point","coordinates":[19.976318,50.027453]},"properties":{"lines":"3, 9, 11, 13, 49, 50, 69, 74","color":"#d6212b","mode":"tram","arr":["3","9","11","13","49","50","69","74","669"],"busLines":"669","angle":56.6}},{"type":"Feature","geometry":{"type":"Point","coordinates":[19.979308,50.024544]},"properties":{"lines":"3, 9, 11, 13, 49, 50, 69, 74","color":"#d6212b","mode":"tram","arr":["3","9","11","13","49","50","69","74","669"],"busLines":"669","angle":51.2,"extra":1}},{"type":"Feature","geometry":{"type":"Point","coordinates":[19.972545,50.031205]},"properties":{"lines":"3, 13, 69, 74","color":"#d6212b","mode":"tram","arr":["3","13","69","74","669"],"busLines":"669","angle":57.5}},{"type":"Feature","geometry":{"type":"Point","coordinates":[19.972504,50.031182]},"properties":{"lines":"3, 13, 69, 74","color":"#d6212b","mode":"tram","arr":["3","13","69","74","669"],"busLines":"669","angle":57.5}},{"type":"Feature","geometry":{"type":"Point","coordinates":[19.964731,50.038857]},"properties":{"lines":"3, 13, 17, 69, 74, 76","color":"#d6212b","mode":"tram","arr":["3","13","17","69","74","76","463","669"],"busLines":"463, 669","angle":56.9}},{"type":"Feature","geometry":{"type":"Point","coordinates":[19.970029,50.033746]},"properties":{"lines":"3, 13, 17, 69, 74, 76","color":"#d6212b","mode":"tram","arr":["3","13","17","69","74","76","463","669"],"busLines":"463, 669","angle":53.5,"extra":1}},{"type":"Feature","geometry":{"type":"Point","coordinates":[19.961346,50.041901]},"properties":{"lines":"3, 13, 17, 69, 74, 76","color":"#d6212b","mode":"tram","arr":["3","13","17","69","74","76","463","669"],"busLines":"463, 669","angle":54.8,"extra":1}},{"type":"Feature","geometry":{"type":"Point","coordinates":[19.964696,50.038831]},"properties":{"lines":"3, 13, 17, 69, 74, 76","color":"#d6212b","mode":"tram","arr":["3","13","17","69","74","76","463","669"],"busLines":"463, 669","angle":56.5}},{"type":"Feature","geometry":{"type":"Point","coordinates":[19.958957,50.043702]},"properties":{"lines":"3, 13, 17, 69, 74, 76","color":"#d6212b","mode":"tram","arr":["3","13","17","69","74","76","463","669"],"busLines":"463, 669","angle":33.3,"extra":1}},{"type":"Feature","geometry":{"type":"Point","coordinates":[19.967862,50.035689]},"properties":{"lines":"3, 13, 17, 69, 74, 76","color":"#d6212b","mode":"tram","arr":["3","13","17","69","74","76","463","669"],"busLines":"463, 669","angle":56.4,"extra":1}},{"type":"Feature","geometry":{"type":"Point","coordinates":[19.951218,50.051032]},"properties":{"lines":"3, 69, 74","color":"#d6212b","mode":"tram","arr":["3","69","74","609","669"],"busLines":"609, 669","angle":55.7}},{"type":"Feature","geometry":{"type":"Point","coordinates":[19.954793,50.047431]},"properties":{"lines":"3, 69, 74","color":"#d6212b","mode":"tram","arr":["3","69","74","609","669"],"busLines":"609, 669","angle":77.3,"extra":1}},{"type":"Feature","geometry":{"type":"Point","coordinates":[19.946324,50.055626]},"properties":{"lines":"3, 69, 74","color":"#d6212b","mode":"tram","arr":["3","69","74","609","669"],"busLines":"609, 669","angle":55.8,"extra":1}},{"type":"Feature","geometry":{"type":"Point","coordinates":[19.95115,50.051051]},"properties":{"lines":"3, 69, 74","color":"#d6212b","mode":"tram","arr":["3","69","74","609","669"],"busLines":"609, 669","angle":55.6}},{"type":"Feature","geometry":{"type":"Point","coordinates":[19.947306,50.054658]},"properties":{"lines":"3, 69, 74","color":"#d6212b","mode":"tram","arr":["3","69","74","609","669"],"busLines":"609, 669","angle":55.6,"extra":1}},{"type":"Feature","geometry":{"type":"Point","coordinates":[19.955146,50.046287]},"properties":{"lines":"3, 69, 74","color":"#d6212b","mode":"tram","arr":["3","69","74","609","669"],"busLines":"609, 669","angle":77.5,"extra":1}},{"type":"Feature","geometry":{"type":"Point","coordinates":[19.943647,50.05815]},"properties":{"lines":"3, 22, 52, 62, 69, 74","color":"#d6212b","mode":"tram","arr":["3","22","52","62","69","74","609","610","662","669","904"],"busLines":"609, 610, 662, 669, 904","angle":55.5}},{"type":"Feature","geometry":{"type":"Point","coordinates":[19.943557,50.058186]},"properties":{"lines":"3, 22, 52, 62, 69, 74","color":"#d6212b","mode":"tram","arr":["3","22","52","62","69","74","609","610","662","669","904"],"busLines":"609, 610, 662, 669, 904","angle":55.5}},{"type":"Feature","geometry":{"type":"Point","coordinates":[19.945313,50.06904]},"properties":{"lines":"3, 69","color":"#d6212b","mode":"tram","arr":["3","69","105","130","132","179","189","192","304","405","511","608","609","610","662","669","704","902","904"],"busLines":"105, 130, 132, 179, 189, 192, 304, 405, 511, 608, 609, 610 +5","angle":84.5}},{"type":"Feature","geometry":{"type":"Point","coordinates":[19.945263,50.069071]},"properties":{"lines":"3, 69","color":"#d6212b","mode":"tram","arr":["3","69","105","130","132","179","189","192","304","405","511","608","609","610","662","669","704","902","904"],"busLines":"105, 130, 132, 179, 189, 192, 304, 405, 511, 608, 609, 610 +5","angle":84.5}},{"type":"Feature","geometry":{"type":"Point","coordinates":[19.945224,50.066335]},"properties":{"lines":"3, 69","color":"#d6212b","mode":"tram","arr":["3","69","105","130","132","179","189","192","304","405","511","608","609","610","662","669","704","902","904"],"busLines":"105, 130, 132, 179, 189, 192, 304, 405, 511, 608, 609, 610 +5","angle":-87.8,"extra":1}},{"type":"Feature","geometry":{"type":"Point","coordinates":[19.943742,50.074988]},"properties":{"lines":"3, 5, 17, 50, 69","color":"#d6212b","mode":"tram","arr":["3","5","17","50","69"],"angle":37.7}},{"type":"Feature","geometry":{"type":"Point","coordinates":[19.942964,50.075241]},"properties":{"lines":"3, 5, 17, 50, 69","color":"#d6212b","mode":"tram","arr":["3","5","17","50","69"],"angle":26.9}},{"type":"Feature","geometry":{"type":"Point","coordinates":[19.94123,50.075752]},"properties":{"lines":"3, 5, 50, 69","color":"#d6212b","mode":"tram","arr":["3","5","50","69"],"angle":21.2}},{"type":"Feature","geometry":{"type":"Point","coordinates":[19.939631,50.076122]},"properties":{"lines":"3, 5, 50, 69","color":"#d6212b","mode":"tram","arr":["3","5","50","69"],"angle":33.5}},{"type":"Feature","geometry":{"type":"Point","coordinates":[19.940406,50.075958]},"properties":{"lines":"3, 5, 18, 20, 50, 69, 75","color":"#d6212b","mode":"tram","arr":["3","5","18","20","50","69","75"],"angle":21.1}},{"type":"Feature","geometry":{"type":"Point","coordinates":[19.935344,50.081941]},"properties":{"lines":"3, 5, 18, 50, 69, 75","color":"#d6212b","mode":"tram","arr":["3","5","18","50","69","75"],"angle":58.5}},{"type":"Feature","geometry":{"type":"Point","coordinates":[19.937863,50.078015]},"properties":{"lines":"3, 5, 18, 50, 69, 75","color":"#d6212b","mode":"tram","arr":["3","5","18","50","69","75"],"angle":-86.1,"extra":1}},{"type":"Feature","geometry":{"type":"Point","coordinates":[19.933141,50.086078]},"properties":{"lines":"3, 5, 18, 50, 69, 75","color":"#d6212b","mode":"tram","arr":["3","5","18","50","69","75"],"angle":82.5,"extra":1}},{"type":"Feature","geometry":{"type":"Point","coordinates":[19.935128,50.082142]},"properties":{"lines":"3, 5, 18, 50, 69, 75","color":"#d6212b","mode":"tram","arr":["3","5","18","50","69","75","102","120","137","140","150","168","194","207","220","227","240","267","290","337","513","669","937"],"busLines":"102, 120, 137, 140, 150, 168, 194, 207, 220, 227, 240, 267 +5","angle":64.2}},{"type":"Feature","geometry":{"type":"Point","coordinates":[19.932981,50.087145]},"properties":{"lines":"3, 5, 18, 50, 69, 75","color":"#d6212b","mode":"tram","arr":["3","5","18","50","69","75","102","120","137","140","150","168","194","207","220","227","240","267","290","337","513","669","937"],"busLines":"102, 120, 137, 140, 150, 168, 194, 207, 220, 227, 240, 267 +5","angle":86.6,"extra":1}},{"type":"Feature","geometry":{"type":"Point","coordinates":[19.938576,50.078944]},"properties":{"lines":"3, 5, 18, 50, 69, 75","color":"#d6212b","mode":"tram","arr":["3","5","18","50","69","75","102","120","137","140","150","168","194","207","220","227","240","267","290","337","513","669","937"],"busLines":"102, 120, 137, 140, 150, 168, 194, 207, 220, 227, 240, 267 +5","angle":-55.1,"extra":1}},{"type":"Feature","geometry":{"type":"Point","coordinates":[19.932326,50.089831]},"properties":{"lines":"3, 5","color":"#d6212b","mode":"tram","arr":["3","5","102","137","168","194","207","220","240","290"],"busLines":"102, 137, 168, 194, 207, 220, 240, 290","angle":14.6}},{"type":"Feature","geometry":{"type":"Point","coordinates":[19.931989,50.089766]},"properties":{"lines":"3, 5","color":"#d6212b","mode":"tram","arr":["3","5","102","137","168","194","207","220","240","290"],"busLines":"102, 137, 168, 194, 207, 220, 240, 290","angle":-22.1}},{"type":"Feature","geometry":{"type":"Point","coordinates":[20.017586,50.073937]},"properties":{"lines":"5, 9, 52","color":"#d6212b","mode":"tram","arr":["5","9","52","148","202","212","222","232","262","664"],"busLines":"148, 202, 212, 222, 232, 262, 664","angle":-55.8}},{"type":"Feature","geometry":{"type":"Point","coordinates":[20.016829,50.073459]},"properties":{"lines":"5, 9, 52","color":"#d6212b","mode":"tram","arr":["5","9","52"],"angle":-1.8}},{"type":"Feature","geometry":{"type":"Point","coordinates":[19.986435,50.073272]},"properties":{"lines":"5, 9, 10, 49, 52, 74, 75","color":"#d6212b","mode":"tram","arr":["5","9","10","49","52","74","75","124","125","148","202","212","222","232","262","424","664"],"busLines":"124, 125, 148, 202, 212, 222, 232, 262, 424, 664","angle":-17.6}},{"type":"Feature","geometry":{"type":"Point","coordinates":[20.012823,50.073892]},"properties":{"lines":"5, 9, 10, 49, 52, 74, 75","color":"#d6212b","mode":"tram","arr":["5","9","10","49","52","74","75","124","125","148","202","212","222","232","262","424","664"],"busLines":"124, 125, 148, 202, 212, 222, 232, 262, 424, 664","angle":8.4,"extra":1}},{"type":"Feature","geometry":{"type":"Point","coordinates":[20.005176,50.074325]},"properties":{"lines":"5, 9, 10, 49, 52, 74, 75","color":"#d6212b","mode":"tram","arr":["5","9","10","49","52","74","75","124","125","148","202","212","222","232","262","424","664"],"busLines":"124, 125, 148, 202, 212, 222, 232, 262, 424, 664","angle":-4.3,"extra":1}},{"type":"Feature","geometry":{"type":"Point","coordinates":[19.997492,50.073927]},"properties":{"lines":"5, 9, 10, 49, 52, 74, 75","color":"#d6212b","mode":"tram","arr":["5","9","10","49","52","74","75","124","125","148","202","212","222","232","262","424","664"],"busLines":"124, 125, 148, 202, 212, 222, 232, 262, 424, 664","angle":-4.9,"extra":1}},{"type":"Feature","geometry":{"type":"Point","coordinates":[19.983305,50.071436]},"properties":{"lines":"5, 9, 10, 49, 52, 74, 75","color":"#d6212b","mode":"tram","arr":["5","9","10","49","52","74","75","124","125","148","202","212","222","232","262","424","664"],"busLines":"124, 125, 148, 202, 212, 222, 232, 262, 424, 664","angle":-50,"extra":1}},{"type":"Feature","geometry":{"type":"Point","coordinates":[19.978016,50.067889]},"properties":{"lines":"5, 9, 10, 49, 52, 74, 75","color":"#d6212b","mode":"tram","arr":["5","9","10","49","52","74","75","124","125","148","202","212","222","232","262","424","664"],"busLines":"124, 125, 148, 202, 212, 222, 232, 262, 424, 664","angle":-29.1,"extra":1}},{"type":"Feature","geometry":{"type":"Point","coordinates":[19.970767,50.06656]},"properties":{"lines":"5, 9, 10, 49, 52, 74, 75","color":"#d6212b","mode":"tram","arr":["5","9","10","49","52","74","75","124","125","148","202","212","222","232","262","424","664"],"busLines":"124, 125, 148, 202, 212, 222, 232, 262, 424, 664","angle":-2.9,"extra":1}},{"type":"Feature","geometry":{"type":"Point","coordinates":[19.9631,50.06634]},"properties":{"lines":"5, 9, 10, 49, 52, 74, 75","color":"#d6212b","mode":"tram","arr":["5","9","10","49","52","74","75","124","125","148","202","212","222","232","262","424","664"],"busLines":"124, 125, 148, 202, 212, 222, 232, 262, 424, 664","angle":-12.5,"extra":1}},{"type":"Feature","geometry":{"type":"Point","coordinates":[19.973347,50.06661]},"properties":{"lines":"5, 9, 10, 49, 52, 74, 75","color":"#d6212b","mode":"tram","arr":["5","9","10","49","52","74","75","124","125","424","664"],"busLines":"124, 125, 424, 664","angle":-4.4}},{"type":"Feature","geometry":{"type":"Point","coordinates":[19.96313,50.066308]},"properties":{"lines":"5, 9, 10, 49, 52, 74, 75","color":"#d6212b","mode":"tram","arr":["5","9","10","49","52","74","75","124","125","424","664"],"busLines":"124, 125, 424, 664","angle":-12.5,"extra":1}},{"type":"Feature","geometry":{"type":"Point","coordinates":[19.978044,50.06786]},"properties":{"lines":"5, 9, 10, 49, 52, 74, 75","color":"#d6212b","mode":"tram","arr":["5","9","10","49","52","74","75","124","125","424","664"],"busLines":"124, 125, 424, 664","angle":-29.1,"extra":1}},{"type":"Feature","geometry":{"type":"Point","coordinates":[19.983338,50.071404]},"properties":{"lines":"5, 9, 10, 49, 52, 74, 75","color":"#d6212b","mode":"tram","arr":["5","9","10","49","52","74","75","124","125","424","664"],"busLines":"124, 125, 424, 664","angle":-49.9,"extra":1}},{"type":"Feature","geometry":{"type":"Point","coordinates":[19.999966,50.074027]},"properties":{"lines":"5, 9, 10, 49, 52, 74, 75","color":"#d6212b","mode":"tram","arr":["5","9","10","49","52","74","75","124","148","202","212","222","232","262","424","664"],"busLines":"124, 148, 202, 212, 222, 232, 262, 424, 664","angle":-4.7}},{"type":"Feature","geometry":{"type":"Point","coordinates":[19.988202,50.073387]},"properties":{"lines":"5, 9, 10, 49, 52, 74, 75","color":"#d6212b","mode":"tram","arr":["5","9","10","49","52","74","75","124","148","202","212","222","232","262","424","664"],"busLines":"124, 148, 202, 212, 222, 232, 262, 424, 664","angle":-4.9,"extra":1}},{"type":"Feature","geometry":{"type":"Point","coordinates":[20.011226,50.074005]},"properties":{"lines":"5, 9, 10, 49, 52, 74, 75","color":"#d6212b","mode":"tram","arr":["5","9","10","49","52","74","75","124","148","202","212","222","232","262","424","664"],"busLines":"124, 148, 202, 212, 222, 232, 262, 424, 664","angle":8.2,"extra":1}},{"type":"Feature","geometry":{"type":"Point","coordinates":[19.959786,50.065781]},"properties":{"lines":"5, 9, 49","color":"#d6212b","mode":"tram","arr":["5","9","49","125","664"],"busLines":"125, 664","angle":-22.4}},{"type":"Feature","geometry":{"type":"Point","coordinates":[19.948666,50.06826]},"properties":{"lines":"5, 17, 50","color":"#d6212b","mode":"tram","arr":["5","17","50","105","125","130","132","179","182","189","192","304","405","482","511","608","609","610","669","704","902","904"],"busLines":"105, 125, 130, 132, 179, 182, 189, 192, 304, 405, 482, 511 +7","angle":-1.4}},{"type":"Feature","geometry":{"type":"Point","coordinates":[19.956135,50.06729]},"properties":{"lines":"5, 17, 50","color":"#d6212b","mode":"tram","arr":["5","17","50","105","125","130","132","179","182","189","192","304","405","482","511","608","609","610","669","704","902","904"],"busLines":"105, 125, 130, 132, 179, 182, 189, 192, 304, 405, 482, 511 +7","angle":16.2,"extra":1}},{"type":"Feature","geometry":{"type":"Point","coordinates":[19.944874,50.071324]},"properties":{"lines":"5, 17, 50","color":"#d6212b","mode":"tram","arr":["5","17","50","105","125","130","132","179","182","189","192","304","405","482","511","608","609","610","669","704","902","904"],"busLines":"105, 125, 130, 132, 179, 182, 189, 192, 304, 405, 482, 511 +7","angle":-85.2,"extra":1}},{"type":"Feature","geometry":{"type":"Point","coordinates":[19.948614,50.068219]},"properties":{"lines":"5, 17, 50","color":"#d6212b","mode":"tram","arr":["5","17","50","105","125","130","132","179","182","189","192","304","405","482","511","608","609","610","669","704","902","904"],"busLines":"105, 125, 130, 132, 179, 182, 189, 192, 304, 405, 482, 511 +7","angle":-1.5}},{"type":"Feature","geometry":{"type":"Point","coordinates":[19.944807,50.071285]},"properties":{"lines":"5, 17, 50","color":"#d6212b","mode":"tram","arr":["5","17","50","105","125","130","132","179","182","189","192","304","405","482","511","608","609","610","669","704","902","904"],"busLines":"105, 125, 130, 132, 179, 182, 189, 192, 304, 405, 482, 511 +7","angle":-85.9,"extra":1}},{"type":"Feature","geometry":{"type":"Point","coordinates":[19.956095,50.067268]},"properties":{"lines":"5, 17, 50","color":"#d6212b","mode":"tram","arr":["5","17","50","105","125","130","132","179","182","189","192","304","405","482","511","608","609","610","669","704","902","904"],"busLines":"105, 125, 130, 132, 179, 182, 189, 192, 304, 405, 482, 511 +7","angle":16.2,"extra":1}},{"type":"Feature","geometry":{"type":"Point","coordinates":[19.98445,50.072255]},"properties":{"lines":"5, 9, 10, 52, 74, 75","color":"#d6212b","mode":"tram","arr":["5","9","10","52","74","75","124","424","664"],"busLines":"124, 424, 664","angle":-49.7}},{"type":"Feature","geometry":{"type":"Point","coordinates":[19.929721,50.016379]},"properties":{"lines":"8, 22, 50","color":"#d6212b","mode":"tram","arr":["8","22","50","151","915"],"busLines":"151, 915","angle":-71}},{"type":"Feature","geometry":{"type":"Point","coordinates":[19.929281,50.015643]},"properties":{"lines":"8, 22, 50","color":"#d6212b","mode":"tram","arr":["8","22","50","915"],"busLines":"915","angle":-71.4}},{"type":"Feature","geometry":{"type":"Point","coordinates":[19.930876,50.018699]},"properties":{"lines":"8, 22, 50","color":"#d6212b","mode":"tram","arr":["8","22","50","915"],"busLines":"915","angle":-71.4,"extra":1}},{"type":"Feature","geometry":{"type":"Point","coordinates":[19.934416,50.025417]},"properties":{"lines":"8, 10, 11, 22","color":"#d6212b","mode":"tram","arr":["8","10","11","22","608","915"],"busLines":"608, 915","angle":-71.4}},{"type":"Feature","geometry":{"type":"Point","coordinates":[19.936093,50.028692]},"properties":{"lines":"8, 10, 11, 22","color":"#d6212b","mode":"tram","arr":["8","10","11","22","608","915"],"busLines":"608, 915","angle":-71.6,"extra":1}},{"type":"Feature","geometry":{"type":"Point","coordinates":[19.93447,50.025631]},"properties":{"lines":"8, 10","color":"#d6212b","mode":"tram","arr":["8","10","463","608","915"],"busLines":"463, 608, 915","angle":-71.4}},{"type":"Feature","geometry":{"type":"Point","coordinates":[19.932793,50.022588]},"properties":{"lines":"8, 10","color":"#d6212b","mode":"tram","arr":["8","10","463","608","915"],"busLines":"463, 608, 915","angle":-69.1,"extra":1}},{"type":"Feature","geometry":{"type":"Point","coordinates":[19.940847,50.036999]},"properties":{"lines":"8, 10, 17","color":"#d6212b","mode":"tram","arr":["8","10","17","463","608","904","915"],"busLines":"463, 608, 904, 915","angle":-81.9}},{"type":"Feature","geometry":{"type":"Point","coordinates":[19.937832,50.031905]},"properties":{"lines":"8, 10, 17","color":"#d6212b","mode":"tram","arr":["8","10","17","463","608","904","915"],"busLines":"463, 608, 904, 915","angle":-71.3,"extra":1}},{"type":"Feature","geometry":{"type":"Point","coordinates":[19.942976,50.041157]},"properties":{"lines":"8, 10, 17","color":"#d6212b","mode":"tram","arr":["8","10","17","463","608","904","915"],"busLines":"463, 608, 904, 915","angle":-70.2,"extra":1}},{"type":"Feature","geometry":{"type":"Point","coordinates":[19.940802,50.037027]},"properties":{"lines":"8, 10, 17","color":"#d6212b","mode":"tram","arr":["8","10","17","463","608","904"],"busLines":"463, 608, 904","angle":-81.9}},{"type":"Feature","geometry":{"type":"Point","coordinates":[19.943792,50.042117]},"properties":{"lines":"8, 10, 17","color":"#d6212b","mode":"tram","arr":["8","10","17","463","608","904"],"busLines":"463, 608, 904","angle":-39.4,"extra":1}},{"type":"Feature","geometry":{"type":"Point","coordinates":[19.938346,50.032984]},"properties":{"lines":"8, 10, 17","color":"#d6212b","mode":"tram","arr":["8","10","17","463","608","904"],"busLines":"463, 608, 904","angle":-71.1,"extra":1}},{"type":"Feature","geometry":{"type":"Point","coordinates":[19.94359,50.047801]},"properties":{"lines":"8, 10, 13, 76","color":"#d6212b","mode":"tram","arr":["8","10","13","76","609","904"],"busLines":"609, 904","angle":75.2}},{"type":"Feature","geometry":{"type":"Point","coordinates":[19.942469,50.050693]},"properties":{"lines":"8, 10, 13, 76","color":"#d6212b","mode":"tram","arr":["8","10","13","76","609","904"],"busLines":"609, 904","angle":73.5,"extra":1}},{"type":"Feature","geometry":{"type":"Point","coordinates":[19.943537,50.047796]},"properties":{"lines":"8, 10, 13, 76","color":"#d6212b","mode":"tram","arr":["8","10","13","76","609","904"],"busLines":"609, 904","angle":75.2}},{"type":"Feature","geometry":{"type":"Point","coordinates":[19.945354,50.045078]},"properties":{"lines":"8, 10, 13, 76","color":"#d6212b","mode":"tram","arr":["8","10","13","76","609","904"],"busLines":"609, 904","angle":57.7,"extra":1}},{"type":"Feature","geometry":{"type":"Point","coordinates":[19.940027,50.055048]},"properties":{"lines":"8, 10, 13, 18, 76","color":"#d6212b","mode":"tram","arr":["8","10","13","18","76"],"angle":-80.7}},{"type":"Feature","geometry":{"type":"Point","coordinates":[19.939986,50.055044]},"properties":{"lines":"8, 10, 13, 18, 76","color":"#d6212b","mode":"tram","arr":["8","10","13","18","76"],"angle":-80.6}},{"type":"Feature","geometry":{"type":"Point","coordinates":[19.919009,50.060129]},"properties":{"lines":"8, 14","color":"#d6212b","mode":"tram","arr":["8","14","102","192","300","307","902"],"busLines":"102, 192, 300, 307, 902","angle":13.5}},{"type":"Feature","geometry":{"type":"Point","coordinates":[19.931513,50.060384]},"properties":{"lines":"8, 14","color":"#d6212b","mode":"tram","arr":["8","14","102","192","300","307","902"],"busLines":"102, 192, 300, 307, 902","angle":-12.7,"extra":1}},{"type":"Feature","geometry":{"type":"Point","coordinates":[19.923978,50.059384]},"properties":{"lines":"8, 14","color":"#d6212b","mode":"tram","arr":["8","14","102","192","300","307","902"],"busLines":"102, 192, 300, 307, 902","angle":4.4,"extra":1}},{"type":"Feature","geometry":{"type":"Point","coordinates":[19.908984,50.06168]},"properties":{"lines":"8, 14","color":"#d6212b","mode":"tram","arr":["8","14","102","192","300","307","902"],"busLines":"102, 192, 300, 307, 902","angle":13.5,"extra":1}},{"type":"Feature","geometry":{"type":"Point","coordinates":[19.918678,50.060154]},"properties":{"lines":"8, 14","color":"#d6212b","mode":"tram","arr":["8","14","102","134","192","300","307","902"],"busLines":"102, 134, 192, 300, 307, 902","angle":13.6}},{"type":"Feature","geometry":{"type":"Point","coordinates":[19.905887,50.062133]},"properties":{"lines":"8, 14","color":"#d6212b","mode":"tram","arr":["8","14","102","134","192","300","307","902"],"busLines":"102, 134, 192, 300, 307, 902","angle":13.6,"extra":1}},{"type":"Feature","geometry":{"type":"Point","coordinates":[19.913381,50.060973]},"properties":{"lines":"8, 14","color":"#d6212b","mode":"tram","arr":["8","14","102","134","192","300","307","902"],"busLines":"102, 134, 192, 300, 307, 902","angle":13.6,"extra":1}},{"type":"Feature","geometry":{"type":"Point","coordinates":[19.928407,50.059906]},"properties":{"lines":"8, 14","color":"#d6212b","mode":"tram","arr":["8","14","102","134","192","300","307","902"],"busLines":"102, 134, 192, 300, 307, 902","angle":-12.8,"extra":1}},{"type":"Feature","geometry":{"type":"Point","coordinates":[19.932162,50.021369]},"properties":{"lines":"8","color":"#d6212b","mode":"tram","arr":["8","608","915"],"busLines":"608, 915","angle":-73.2}},{"type":"Feature","geometry":{"type":"Point","coordinates":[19.972908,50.03116]},"properties":{"lines":"9, 11, 49, 50","color":"#d6212b","mode":"tram","arr":["9","11","49","50"],"angle":-71.2}},{"type":"Feature","geometry":{"type":"Point","coordinates":[19.97285,50.03117]},"properties":{"lines":"9, 11, 49, 50","color":"#d6212b","mode":"tram","arr":["9","11","49","50"],"angle":-72}},{"type":"Feature","geometry":{"type":"Point","coordinates":[19.979967,50.035241]},"properties":{"lines":"9, 11, 17, 49, 50, 76","color":"#d6212b","mode":"tram","arr":["9","11","17","49","50","76"],"angle":-41.3}},{"type":"Feature","geometry":{"type":"Point","coordinates":[19.976347,50.033018]},"properties":{"lines":"9, 11, 17, 49, 50, 76","color":"#d6212b","mode":"tram","arr":["9","11","17","49","50","76"],"angle":-44.1,"extra":1}},{"type":"Feature","geometry":{"type":"Point","coordinates":[19.979909,50.035262]},"properties":{"lines":"9, 11, 17, 49, 50, 76","color":"#d6212b","mode":"tram","arr":["9","11","17","49","50","76"],"angle":-41.1}},{"type":"Feature","geometry":{"type":"Point","coordinates":[19.982914,50.037664]},"properties":{"lines":"9, 11, 17, 49, 50, 76","color":"#d6212b","mode":"tram","arr":["9","11","17","49","50","76"],"angle":-89.3,"extra":1}},{"type":"Feature","geometry":{"type":"Point","coordinates":[19.982891,50.040531]},"properties":{"lines":"9, 17, 49, 50","color":"#d6212b","mode":"tram","arr":["9","17","49","50"],"angle":48}},{"type":"Feature","geometry":{"type":"Point","coordinates":[19.982851,50.040507]},"properties":{"lines":"9, 17, 49, 50","color":"#d6212b","mode":"tram","arr":["9","17","49","50","427","497","605"],"busLines":"427, 497, 605","angle":48.2}},{"type":"Feature","geometry":{"type":"Point","coordinates":[19.968985,50.048194]},"properties":{"lines":"9, 17, 20, 49, 50","color":"#d6212b","mode":"tram","arr":["9","17","20","49","50","127","427","497","605"],"busLines":"127, 427, 497, 605","angle":45}},{"type":"Feature","geometry":{"type":"Point","coordinates":[19.978435,50.040658]},"properties":{"lines":"9, 17, 20, 49, 50","color":"#d6212b","mode":"tram","arr":["9","17","20","49","50","127","427","497","605"],"busLines":"127, 427, 497, 605","angle":-0.9,"extra":1}},{"type":"Feature","geometry":{"type":"Point","coordinates":[19.973905,50.043872]},"properties":{"lines":"9, 17, 20, 49, 50","color":"#d6212b","mode":"tram","arr":["9","17","20","49","50","127","427","497","605"],"busLines":"127, 427, 497, 605","angle":75.1,"extra":1}},{"type":"Feature","geometry":{"type":"Point","coordinates":[19.963024,50.050304]},"properties":{"lines":"9, 17, 20, 49, 50","color":"#d6212b","mode":"tram","arr":["9","17","20","49","50","127","427","497","605"],"busLines":"127, 427, 497, 605","angle":34.8,"extra":1}},{"type":"Feature","geometry":{"type":"Point","coordinates":[19.959611,50.054677]},"properties":{"lines":"9, 17, 20, 49, 50","color":"#d6212b","mode":"tram","arr":["9","17","20","49","50","127","427","497","605"],"busLines":"127, 427, 497, 605","angle":72.2,"extra":1}},{"type":"Feature","geometry":{"type":"Point","coordinates":[19.968941,50.048172]},"properties":{"lines":"9, 17, 20, 49, 50","color":"#d6212b","mode":"tram","arr":["9","17","20","49","50","127","427","497","605"],"busLines":"127, 427, 497, 605","angle":44.9}},{"type":"Feature","geometry":{"type":"Point","coordinates":[19.959136,50.055678]},"properties":{"lines":"9, 17, 20, 49, 50","color":"#d6212b","mode":"tram","arr":["9","17","20","49","50","127","427","497","605"],"busLines":"127, 427, 497, 605","angle":78,"extra":1}},{"type":"Feature","geometry":{"type":"Point","coordinates":[19.961904,50.051071]},"properties":{"lines":"9, 17, 20, 49, 50","color":"#d6212b","mode":"tram","arr":["9","17","20","49","50","127","427","497","605"],"busLines":"127, 427, 497, 605","angle":62.2,"extra":1}},{"type":"Feature","geometry":{"type":"Point","coordinates":[19.973386,50.044862]},"properties":{"lines":"9, 17, 20, 49, 50","color":"#d6212b","mode":"tram","arr":["9","17","20","49","50","127","427","497","605"],"busLines":"127, 427, 497, 605","angle":68.5,"extra":1}},{"type":"Feature","geometry":{"type":"Point","coordinates":[19.976744,50.040671]},"properties":{"lines":"9, 17, 20, 49, 50","color":"#d6212b","mode":"tram","arr":["9","17","20","49","50","127","427","497","605"],"busLines":"127, 427, 497, 605","angle":14.4,"extra":1}},{"type":"Feature","geometry":{"type":"Point","coordinates":[20.020522,50.084544]},"properties":{"lines":"9, 14, 16, 21, 52","color":"#d6212b","mode":"tram","arr":["9","14","16","21","52","189","572","608","664"],"busLines":"189, 572, 608, 664","angle":30.7}},{"type":"Feature","geometry":{"type":"Point","coordinates":[20.024573,50.081776]},"properties":{"lines":"9, 14, 16, 21, 52","color":"#d6212b","mode":"tram","arr":["9","14","16","21","52","189","572","608","664"],"busLines":"189, 572, 608, 664","angle":50,"extra":1}},{"type":"Feature","geometry":{"type":"Point","coordinates":[20.021411,50.090055]},"properties":{"lines":"9, 14, 16, 21, 52","color":"#d6212b","mode":"tram","arr":["9","14","16","21","52","189","572","608","664"],"busLines":"189, 572, 608, 664","angle":-74.8,"extra":1}},{"type":"Feature","geometry":{"type":"Point","coordinates":[20.020493,50.084515]},"properties":{"lines":"9, 14, 16, 21, 52","color":"#d6212b","mode":"tram","arr":["9","14","16","21","52","189","572","608","664"],"busLines":"189, 572, 608, 664","angle":30.5}},{"type":"Feature","geometry":{"type":"Point","coordinates":[20.020433,50.087845]},"properties":{"lines":"9, 14, 16, 21, 52","color":"#d6212b","mode":"tram","arr":["9","14","16","21","52","189","572","608","664"],"busLines":"189, 572, 608, 664","angle":-75,"extra":1}},{"type":"Feature","geometry":{"type":"Point","coordinates":[20.026793,50.080026]},"properties":{"lines":"9, 14, 16, 21, 52","color":"#d6212b","mode":"tram","arr":["9","14","16","21","52","189","572","608","664"],"busLines":"189, 572, 608, 664","angle":50.2,"extra":1}},{"type":"Feature","geometry":{"type":"Point","coordinates":[20.021325,50.091689]},"properties":{"lines":"9","color":"#d6212b","mode":"tram","arr":["9"],"angle":-0.6}},{"type":"Feature","geometry":{"type":"Point","coordinates":[19.948815,50.013943]},"properties":{"lines":"11, 50","color":"#d6212b","mode":"tram","arr":["11","50","224"],"busLines":"224","angle":15.7}},{"type":"Feature","geometry":{"type":"Point","coordinates":[19.94885,50.013892]},"properties":{"lines":"11, 50","color":"#d6212b","mode":"tram","arr":["11","50"],"angle":15.8}},{"type":"Feature","geometry":{"type":"Point","coordinates":[19.938234,50.015572]},"properties":{"lines":"10, 11, 50","color":"#d6212b","mode":"tram","arr":["10","11","50"],"angle":39.6}},{"type":"Feature","geometry":{"type":"Point","coordinates":[19.944696,50.015117]},"properties":{"lines":"10, 11, 50","color":"#d6212b","mode":"tram","arr":["10","11","50"],"angle":7,"extra":1}},{"type":"Feature","geometry":{"type":"Point","coordinates":[19.93416,50.020435]},"properties":{"lines":"10, 11, 50","color":"#d6212b","mode":"tram","arr":["10","11","50"],"angle":50.4,"extra":1}},{"type":"Feature","geometry":{"type":"Point","coordinates":[19.938203,50.01555]},"properties":{"lines":"10, 11, 50","color":"#d6212b","mode":"tram","arr":["10","11","50"],"angle":39.6}},{"type":"Feature","geometry":{"type":"Point","coordinates":[19.935197,50.019341]},"properties":{"lines":"10, 11, 50","color":"#d6212b","mode":"tram","arr":["10","11","50"],"angle":59,"extra":1}},{"type":"Feature","geometry":{"type":"Point","coordinates":[19.946265,50.014406]},"properties":{"lines":"10, 11, 50","color":"#d6212b","mode":"tram","arr":["10","11","50"],"angle":19.5,"extra":1}},{"type":"Feature","geometry":{"type":"Point","coordinates":[19.93241,50.021401]},"properties":{"lines":"10, 11","color":"#d6212b","mode":"tram","arr":["10","11"],"angle":61.5}},{"type":"Feature","geometry":{"type":"Point","coordinates":[19.959448,50.065717]},"properties":{"lines":"10, 52, 74, 75","color":"#d6212b","mode":"tram","arr":["10","52","74","75","125","664"],"busLines":"125, 664","angle":-22}},{"type":"Feature","geometry":{"type":"Point","coordinates":[20.016918,50.073416]},"properties":{"lines":"10, 49, 74, 75","color":"#d6212b","mode":"tram","arr":["10","49","74","75"],"angle":3.5}},{"type":"Feature","geometry":{"type":"Point","coordinates":[20.018076,50.073451]},"properties":{"lines":"10, 49, 74, 75","color":"#d6212b","mode":"tram","arr":["10","49","74","75"],"angle":7.1}},{"type":"Feature","geometry":{"type":"Point","coordinates":[20.027206,50.072453]},"properties":{"lines":"10, 22, 49, 62, 74, 75","color":"#d6212b","mode":"tram","arr":["10","22","49","62","74","75","174","463","662"],"busLines":"174, 463, 662","angle":8.7}},{"type":"Feature","geometry":{"type":"Point","coordinates":[20.022146,50.072963]},"properties":{"lines":"10, 22, 49, 62, 74, 75","color":"#d6212b","mode":"tram","arr":["10","22","49","62","74","75","174","463","662"],"busLines":"174, 463, 662","angle":9.1,"extra":1}},{"type":"Feature","geometry":{"type":"Point","coordinates":[20.027491,50.07246]},"properties":{"lines":"10, 22, 49, 62, 74, 75","color":"#d6212b","mode":"tram","arr":["10","22","49","62","74","75","174","463","662"],"busLines":"174, 463, 662","angle":8.8}},{"type":"Feature","geometry":{"type":"Point","coordinates":[20.03168,50.072049]},"properties":{"lines":"10, 22, 49, 62, 74, 75","color":"#d6212b","mode":"tram","arr":["10","22","49","62","74","75","174","463","662"],"busLines":"174, 463, 662","angle":8.7,"extra":1}},{"type":"Feature","geometry":{"type":"Point","coordinates":[20.036584,50.071614]},"properties":{"lines":"10, 22, 49, 74, 75","color":"#d6212b","mode":"tram","arr":["10","22","49","74","75","174","463","662"],"busLines":"174, 463, 662","angle":7.3}},{"type":"Feature","geometry":{"type":"Point","coordinates":[20.053163,50.068419]},"properties":{"lines":"10, 16","color":"#d6212b","mode":"tram","arr":["10","16","123","149","174","189","463","601","662"],"busLines":"123, 149, 174, 189, 463, 601, 662","angle":15.6}},{"type":"Feature","geometry":{"type":"Point","coordinates":[20.040879,50.070672]},"properties":{"lines":"10, 16","color":"#d6212b","mode":"tram","arr":["10","16","123","149","174","189","463","601","662"],"busLines":"123, 149, 174, 189, 463, 601, 662","angle":20.8,"extra":1}},{"type":"Feature","geometry":{"type":"Point","coordinates":[20.048283,50.069298]},"properties":{"lines":"10, 16","color":"#d6212b","mode":"tram","arr":["10","16","123","149","174","189","463","601","662"],"busLines":"123, 149, 174, 189, 463, 601, 662","angle":15.7,"extra":1}},{"type":"Feature","geometry":{"type":"Point","coordinates":[20.063317,50.067576]},"properties":{"lines":"10, 16","color":"#d6212b","mode":"tram","arr":["10","16","123","149","174","189","463","601","662"],"busLines":"123, 149, 174, 189, 463, 601, 662","angle":-8.2,"extra":1}},{"type":"Feature","geometry":{"type":"Point","coordinates":[20.053322,50.068427]},"properties":{"lines":"10, 16","color":"#d6212b","mode":"tram","arr":["10","16","123","149","174","601"],"busLines":"123, 149, 174, 601","angle":15.5}},{"type":"Feature","geometry":{"type":"Point","coordinates":[20.065177,50.067799]},"properties":{"lines":"10, 16","color":"#d6212b","mode":"tram","arr":["10","16","123","149","174","601"],"busLines":"123, 149, 174, 601","angle":-9,"extra":1}},{"type":"Feature","geometry":{"type":"Point","coordinates":[20.057522,50.06768]},"properties":{"lines":"10, 16","color":"#d6212b","mode":"tram","arr":["10","16","123","149","174","601"],"busLines":"123, 149, 174, 601","angle":15,"extra":1}},{"type":"Feature","geometry":{"type":"Point","coordinates":[20.042673,50.070344]},"properties":{"lines":"10, 16","color":"#d6212b","mode":"tram","arr":["10","16","123","149","174","601"],"busLines":"123, 149, 174, 601","angle":15.8,"extra":1}},{"type":"Feature","geometry":{"type":"Point","coordinates":[20.070311,50.067681]},"properties":{"lines":"10","color":"#d6212b","mode":"tram","arr":["10"],"angle":86.6}},{"type":"Feature","geometry":{"type":"Point","coordinates":[20.07035,50.067893]},"properties":{"lines":"10","color":"#d6212b","mode":"tram","arr":["10"],"angle":74.5}},{"type":"Feature","geometry":{"type":"Point","coordinates":[20.037085,50.071594]},"properties":{"lines":"10","color":"#d6212b","mode":"tram","arr":["10","149","174","189","463","601","662"],"busLines":"149, 174, 189, 463, 601, 662","angle":11.4}},{"type":"Feature","geometry":{"type":"Point","coordinates":[20.118224,50.073045]},"properties":{"lines":"10, 21","color":"#d6212b","mode":"tram","arr":["10","21"],"angle":56.6}},{"type":"Feature","geometry":{"type":"Point","coordinates":[20.073408,50.065272]},"properties":{"lines":"10, 21","color":"#d6212b","mode":"tram","arr":["10","21"],"angle":23.7,"extra":1}},{"type":"Feature","geometry":{"type":"Point","coordinates":[20.080895,50.064508]},"properties":{"lines":"10, 21","color":"#d6212b","mode":"tram","arr":["10","21"],"angle":-3.1,"extra":1}},{"type":"Feature","geometry":{"type":"Point","coordinates":[20.087942,50.066]},"properties":{"lines":"10, 21","color":"#d6212b","mode":"tram","arr":["10","21"],"angle":-38.3,"extra":1}},{"type":"Feature","geometry":{"type":"Point","coordinates":[20.092769,50.069712]},"properties":{"lines":"10, 21","color":"#d6212b","mode":"tram","arr":["10","21"],"angle":-10.6,"extra":1}},{"type":"Feature","geometry":{"type":"Point","coordinates":[20.100318,50.070478]},"properties":{"lines":"10, 21","color":"#d6212b","mode":"tram","arr":["10","21"],"angle":-27.3,"extra":1}},{"type":"Feature","geometry":{"type":"Point","coordinates":[20.107331,50.072449]},"properties":{"lines":"10, 21","color":"#d6212b","mode":"tram","arr":["10","21"],"angle":-4.2,"extra":1}},{"type":"Feature","geometry":{"type":"Point","coordinates":[20.001545,50.040271]},"properties":{"lines":"11, 20, 76","color":"#d6212b","mode":"tram","arr":["11","20","76","123","125","127","128","148","158","195","221","264","427","497","605"],"busLines":"123, 125, 127, 128, 148, 158, 195, 221, 264, 427, 497, 605","angle":79.4}},{"type":"Feature","geometry":{"type":"Point","coordinates":[19.987696,50.040635]},"properties":{"lines":"11, 20, 76","color":"#d6212b","mode":"tram","arr":["11","20","76","123","125","127","128","148","158","195","221","264","427","497","605"],"busLines":"123, 125, 127, 128, 148, 158, 195, 221, 264, 427, 497, 605","angle":1.7,"extra":1}},{"type":"Feature","geometry":{"type":"Point","coordinates":[19.995367,50.040213]},"properties":{"lines":"11, 20, 76","color":"#d6212b","mode":"tram","arr":["11","20","76","123","125","127","128","148","158","195","221","264","427","497","605"],"busLines":"123, 125, 127, 128, 148, 158, 195, 221, 264, 427, 497, 605","angle":8.3,"extra":1}},{"type":"Feature","geometry":{"type":"Point","coordinates":[19.98324,50.040532]},"properties":{"lines":"11, 76","color":"#d6212b","mode":"tram","arr":["11","76","125","427","497"],"busLines":"125, 427, 497","angle":-47.8}},{"type":"Feature","geometry":{"type":"Point","coordinates":[19.983278,50.040508]},"properties":{"lines":"11, 76","color":"#d6212b","mode":"tram","arr":["11","76"],"angle":-48}},{"type":"Feature","geometry":{"type":"Point","coordinates":[19.969184,50.014938]},"properties":{"lines":"11, 50, 74","color":"#d6212b","mode":"tram","arr":["11","50","74","155","164","204","224","610","904"],"busLines":"155, 164, 204, 224, 610, 904","angle":-20.7}},{"type":"Feature","geometry":{"type":"Point","coordinates":[19.977712,50.022328]},"properties":{"lines":"11, 50, 74","color":"#d6212b","mode":"tram","arr":["11","50","74","155","164","204","224","610","904"],"busLines":"155, 164, 204, 224, 610, 904","angle":-73.2,"extra":1}},{"type":"Feature","geometry":{"type":"Point","coordinates":[19.977336,50.017447]},"properties":{"lines":"11, 50, 74","color":"#d6212b","mode":"tram","arr":["11","50","74","155","164","204","224","610","904"],"busLines":"155, 164, 204, 224, 610, 904","angle":-68.5,"extra":1}},{"type":"Feature","geometry":{"type":"Point","coordinates":[19.963673,50.013261]},"properties":{"lines":"11, 50, 74","color":"#d6212b","mode":"tram","arr":["11","50","74","155","164","204","224","610","904"],"busLines":"155, 164, 204, 224, 610, 904","angle":-18.6,"extra":1}},{"type":"Feature","geometry":{"type":"Point","coordinates":[19.956194,50.01241]},"properties":{"lines":"11, 50, 74","color":"#d6212b","mode":"tram","arr":["11","50","74","155","164","204","224","610","904"],"busLines":"155, 164, 204, 224, 610, 904","angle":10.9,"extra":1}},{"type":"Feature","geometry":{"type":"Point","coordinates":[19.969302,50.014929]},"properties":{"lines":"11, 50, 74","color":"#d6212b","mode":"tram","arr":["11","50","74","164","204","224","904"],"busLines":"164, 204, 224, 904","angle":-20.4}},{"type":"Feature","geometry":{"type":"Point","coordinates":[19.953315,50.012942]},"properties":{"lines":"11, 50, 74","color":"#d6212b","mode":"tram","arr":["11","50","74","164","204","224","904"],"busLines":"164, 204, 224, 904","angle":18.5,"extra":1}},{"type":"Feature","geometry":{"type":"Point","coordinates":[19.960815,50.012614]},"properties":{"lines":"11, 50, 74","color":"#d6212b","mode":"tram","arr":["11","50","74","164","204","224","904"],"busLines":"164, 204, 224, 904","angle":-18,"extra":1}},{"type":"Feature","geometry":{"type":"Point","coordinates":[19.975098,50.016232]},"properties":{"lines":"11, 50, 74","color":"#d6212b","mode":"tram","arr":["11","50","74","164","204","224","904"],"busLines":"164, 204, 224, 904","angle":-19.4,"extra":1}},{"type":"Feature","geometry":{"type":"Point","coordinates":[19.977492,50.020388]},"properties":{"lines":"11, 50, 74","color":"#d6212b","mode":"tram","arr":["11","50","74","164","204","224","904"],"busLines":"164, 204, 224, 904","angle":87.1,"extra":1}},{"type":"Feature","geometry":{"type":"Point","coordinates":[19.931933,50.030525]},"properties":{"lines":"11, 17, 22","color":"#d6212b","mode":"tram","arr":["11","17","22"],"angle":0.2}},{"type":"Feature","geometry":{"type":"Point","coordinates":[19.932029,50.030496]},"properties":{"lines":"11, 17, 22","color":"#d6212b","mode":"tram","arr":["11","17","22"],"angle":1.2}},{"type":"Feature","geometry":{"type":"Point","coordinates":[19.926351,50.030611]},"properties":{"lines":"11, 17","color":"#d6212b","mode":"tram","arr":["11","17"],"angle":9.2}},{"type":"Feature","geometry":{"type":"Point","coordinates":[19.926394,50.030571]},"properties":{"lines":"11, 17","color":"#d6212b","mode":"tram","arr":["11","17"],"angle":9.3}},{"type":"Feature","geometry":{"type":"Point","coordinates":[19.904466,50.026625]},"properties":{"lines":"11, 17, 18, 52, 62","color":"#d6212b","mode":"tram","arr":["11","17","18","52","62"],"angle":-33.8}},{"type":"Feature","geometry":{"type":"Point","coordinates":[19.921654,50.031508]},"properties":{"lines":"11, 17, 18, 52, 62","color":"#d6212b","mode":"tram","arr":["11","17","18","52","62"],"angle":22.5,"extra":1}},{"type":"Feature","geometry":{"type":"Point","coordinates":[19.914643,50.030793]},"properties":{"lines":"11, 17, 18, 52, 62","color":"#d6212b","mode":"tram","arr":["11","17","18","52","62"],"angle":-32.2,"extra":1}},{"type":"Feature","geometry":{"type":"Point","coordinates":[19.908123,50.028154]},"properties":{"lines":"11, 17, 18, 52, 62","color":"#d6212b","mode":"tram","arr":["11","17","18","52","62"],"angle":-32.2,"extra":1}},{"type":"Feature","geometry":{"type":"Point","coordinates":[19.898151,50.020913]},"properties":{"lines":"11, 17, 18, 52, 62","color":"#d6212b","mode":"tram","arr":["11","17","18","52","62"],"angle":-52.5,"extra":1}},{"type":"Feature","geometry":{"type":"Point","coordinates":[19.892265,50.01818]},"properties":{"lines":"11, 17, 18, 52, 62","color":"#d6212b","mode":"tram","arr":["11","17","18","52","62"],"angle":-10.6,"extra":1}},{"type":"Feature","geometry":{"type":"Point","coordinates":[19.905171,50.026884]},"properties":{"lines":"11, 17, 18, 52, 62","color":"#d6212b","mode":"tram","arr":["11","17","18","52","62","662"],"busLines":"662","angle":-33.8}},{"type":"Feature","geometry":{"type":"Point","coordinates":[19.89282,50.018211]},"properties":{"lines":"11, 17, 18, 52, 62","color":"#d6212b","mode":"tram","arr":["11","17","18","52","62","662"],"busLines":"662","angle":-10.6,"extra":1}},{"type":"Feature","geometry":{"type":"Point","coordinates":[19.898508,50.021153]},"properties":{"lines":"11, 17, 18, 52, 62","color":"#d6212b","mode":"tram","arr":["11","17","18","52","62","662"],"busLines":"662","angle":-52.4,"extra":1}},{"type":"Feature","geometry":{"type":"Point","coordinates":[19.915123,50.030944]},"properties":{"lines":"11, 17, 18, 52, 62","color":"#d6212b","mode":"tram","arr":["11","17","18","52","62","662"],"busLines":"662","angle":-32.3,"extra":1}},{"type":"Feature","geometry":{"type":"Point","coordinates":[19.922173,50.031333]},"properties":{"lines":"11, 17, 18, 52, 62","color":"#d6212b","mode":"tram","arr":["11","17","18","52","62","662"],"busLines":"662","angle":22.1,"extra":1}},{"type":"Feature","geometry":{"type":"Point","coordinates":[19.940173,50.075372]},"properties":{"lines":"17","color":"#d6212b","mode":"tram","arr":["17"],"angle":10.5}},{"type":"Feature","geometry":{"type":"Point","coordinates":[19.951312,50.044999]},"properties":{"lines":"13, 17, 76","color":"#d6212b","mode":"tram","arr":["13","17","76","463"],"busLines":"463","angle":-2.7}},{"type":"Feature","geometry":{"type":"Point","coordinates":[19.951289,50.044974]},"properties":{"lines":"13, 17, 76","color":"#d6212b","mode":"tram","arr":["13","17","76","463"],"busLines":"463","angle":-2.7}},{"type":"Feature","geometry":{"type":"Point","coordinates":[19.994638,50.095115]},"properties":{"lines":"14, 16","color":"#d6212b","mode":"tram","arr":["14","16","123","132","139","182","482","601"],"busLines":"123, 132, 139, 182, 482, 601","angle":75.7}},{"type":"Feature","geometry":{"type":"Point","coordinates":[20.0092,50.09402]},"properties":{"lines":"14, 16","color":"#d6212b","mode":"tram","arr":["14","16","123","132","139","182","482","601"],"busLines":"123, 132, 139, 182, 482, 601","angle":-13.8,"extra":1}},{"type":"Feature","geometry":{"type":"Point","coordinates":[20.001731,50.094126]},"properties":{"lines":"14, 16","color":"#d6212b","mode":"tram","arr":["14","16","123","132","139","182","482","601"],"busLines":"123, 132, 139, 182, 482, 601","angle":10.1,"extra":1}},{"type":"Feature","geometry":{"type":"Point","coordinates":[20.016644,50.091705]},"properties":{"lines":"14, 16, 21, 52","color":"#d6212b","mode":"tram","arr":["14","16","21","52","123","132","139","601","664"],"busLines":"123, 132, 139, 601, 664","angle":46.1}},{"type":"Feature","geometry":{"type":"Point","coordinates":[20.016679,50.091734]},"properties":{"lines":"14, 16, 21, 52","color":"#d6212b","mode":"tram","arr":["14","16","21","52","123","132","139","601","664"],"busLines":"123, 132, 139, 601, 664","angle":46}},{"type":"Feature","geometry":{"type":"Point","coordinates":[20.036725,50.071743]},"properties":{"lines":"16","color":"#d6212b","mode":"tram","arr":["16"],"angle":64.4}},{"type":"Feature","geometry":{"type":"Point","coordinates":[20.070139,50.068741]},"properties":{"lines":"16","color":"#d6212b","mode":"tram","arr":["16"],"angle":23.4}},{"type":"Feature","geometry":{"type":"Point","coordinates":[20.032017,50.076072]},"properties":{"lines":"16, 21","color":"#d6212b","mode":"tram","arr":["16","21","122","189","572","601"],"busLines":"122, 189, 572, 601","angle":49.9}},{"type":"Feature","geometry":{"type":"Point","coordinates":[20.031732,50.076238]},"properties":{"lines":"16, 21","color":"#d6212b","mode":"tram","arr":["16","21","122","189","572","601"],"busLines":"122, 189, 572, 601","angle":50}},{"type":"Feature","geometry":{"type":"Point","coordinates":[20.034541,50.074198]},"properties":{"lines":"16, 21","color":"#d6212b","mode":"tram","arr":["16","21","122","189","572","601"],"busLines":"122, 189, 572, 601","angle":48.2,"extra":1}},{"type":"Feature","geometry":{"type":"Point","coordinates":[19.972654,50.031378]},"properties":{"lines":"17, 76","color":"#d6212b","mode":"tram","arr":["17","76"],"angle":10.5}},{"type":"Feature","geometry":{"type":"Point","coordinates":[19.972648,50.031419]},"properties":{"lines":"17, 76","color":"#d6212b","mode":"tram","arr":["17","76"],"angle":11.5}},{"type":"Feature","geometry":{"type":"Point","coordinates":[19.959201,50.06515]},"properties":{"lines":"17, 50","color":"#d6212b","mode":"tram","arr":["17","50","605","662"],"busLines":"605, 662","angle":69.5}},{"type":"Feature","geometry":{"type":"Point","coordinates":[19.94777,50.095957]},"properties":{"lines":"18, 50, 69, 75","color":"#d6212b","mode":"tram","arr":["18","50","69","75","144","150","169","227","267","337","513","669","904","937"],"busLines":"144, 150, 169, 227, 267, 337, 513, 669, 904, 937","angle":15}},{"type":"Feature","geometry":{"type":"Point","coordinates":[19.959512,50.104977]},"properties":{"lines":"18, 50, 69, 75","color":"#d6212b","mode":"tram","arr":["18","50","69","75","144","150","169","227","267","337","513","669","904","937"],"busLines":"144, 150, 169, 227, 267, 337, 513, 669, 904, 937","angle":-36.3,"extra":1}},{"type":"Feature","geometry":{"type":"Point","coordinates":[19.956899,50.100438]},"properties":{"lines":"18, 50, 69, 75","color":"#d6212b","mode":"tram","arr":["18","50","69","75","144","150","169","227","267","337","513","669","904","937"],"busLines":"144, 150, 169, 227, 267, 337, 513, 669, 904, 937","angle":-76.1,"extra":1}},{"type":"Feature","geometry":{"type":"Point","coordinates":[19.955648,50.095572]},"properties":{"lines":"18, 50, 69, 75","color":"#d6212b","mode":"tram","arr":["18","50","69","75","144","150","169","227","267","337","513","669","904","937"],"busLines":"144, 150, 169, 227, 267, 337, 513, 669, 904, 937","angle":-76.1,"extra":1}},{"type":"Feature","geometry":{"type":"Point","coordinates":[19.941297,50.095931]},"properties":{"lines":"18, 50, 69, 75","color":"#d6212b","mode":"tram","arr":["18","50","69","75","144","150","169","227","267","337","513","669","904","937"],"busLines":"144, 150, 169, 227, 267, 337, 513, 669, 904, 937","angle":-32.3,"extra":1}},{"type":"Feature","geometry":{"type":"Point","coordinates":[19.934265,50.095187]},"properties":{"lines":"18, 50, 69, 75","color":"#d6212b","mode":"tram","arr":["18","50","69","75","144","150","169","227","267","337","513","669","904","937"],"busLines":"144, 150, 169, 227, 267, 337, 513, 669, 904, 937","angle":23.1,"extra":1}},{"type":"Feature","geometry":{"type":"Point","coordinates":[19.930538,50.092885]},"properties":{"lines":"18, 50, 69, 75","color":"#d6212b","mode":"tram","arr":["18","50","69","75","144","150","169","227","267","337","513","669","904","937"],"busLines":"144, 150, 169, 227, 267, 337, 513, 669, 904, 937","angle":71.3,"extra":1}},{"type":"Feature","geometry":{"type":"Point","coordinates":[19.947362,50.09599]},"properties":{"lines":"18, 50, 69, 75","color":"#d6212b","mode":"tram","arr":["18","50","69","75","144","150","169","227","267","337","513","669","904","937"],"busLines":"144, 150, 169, 227, 267, 337, 513, 669, 904, 937","angle":15.2}},{"type":"Feature","geometry":{"type":"Point","coordinates":[19.93126,50.091943]},"properties":{"lines":"18, 50, 69, 75","color":"#d6212b","mode":"tram","arr":["18","50","69","75","144","150","169","227","267","337","513","669","904","937"],"busLines":"144, 150, 169, 227, 267, 337, 513, 669, 904, 937","angle":60.4,"extra":1}},{"type":"Feature","geometry":{"type":"Point","coordinates":[19.932774,50.095252]},"properties":{"lines":"18, 50, 69, 75","color":"#d6212b","mode":"tram","arr":["18","50","69","75","144","150","169","227","267","337","513","669","904","937"],"busLines":"144, 150, 169, 227, 267, 337, 513, 669, 904, 937","angle":-10.5,"extra":1}},{"type":"Feature","geometry":{"type":"Point","coordinates":[19.939949,50.095436]},"properties":{"lines":"18, 50, 69, 75","color":"#d6212b","mode":"tram","arr":["18","50","69","75","144","150","169","227","267","337","513","669","904","937"],"busLines":"144, 150, 169, 227, 267, 337, 513, 669, 904, 937","angle":-25.9,"extra":1}},{"type":"Feature","geometry":{"type":"Point","coordinates":[19.954604,50.095036]},"properties":{"lines":"18, 50, 69, 75","color":"#d6212b","mode":"tram","arr":["18","50","69","75","144","150","169","227","267","337","513","669","904","937"],"busLines":"144, 150, 169, 227, 267, 337, 513, 669, 904, 937","angle":8.5,"extra":1}},{"type":"Feature","geometry":{"type":"Point","coordinates":[19.956547,50.099437]},"properties":{"lines":"18, 50, 69, 75","color":"#d6212b","mode":"tram","arr":["18","50","69","75","144","150","169","227","267","337","513","669","904","937"],"busLines":"144, 150, 169, 227, 267, 337, 513, 669, 904, 937","angle":-75.3,"extra":1}},{"type":"Feature","geometry":{"type":"Point","coordinates":[19.958502,50.104212]},"properties":{"lines":"18, 50, 69, 75","color":"#d6212b","mode":"tram","arr":["18","50","69","75","144","150","169","227","267","337","513","669","904","937"],"busLines":"144, 150, 169, 227, 267, 337, 513, 669, 904, 937","angle":-60,"extra":1}},{"type":"Feature","geometry":{"type":"Point","coordinates":[19.939571,50.075665]},"properties":{"lines":"18, 75","color":"#d6212b","mode":"tram","arr":["18","75"],"angle":63.2}},{"type":"Feature","geometry":{"type":"Point","coordinates":[19.937586,50.069547]},"properties":{"lines":"18, 20, 75","color":"#d6212b","mode":"tram","arr":["18","20","75","124","130","139","169","179","189","192","199","304","307","424","503","511","601","605","608","610","611","664","669","704","902","904"],"busLines":"124, 130, 139, 169, 179, 189, 192, 199, 304, 307, 424, 503 +11","angle":57.6}},{"type":"Feature","geometry":{"type":"Point","coordinates":[19.936964,50.073566]},"properties":{"lines":"18, 20, 75","color":"#d6212b","mode":"tram","arr":["18","20","75","124","130","139","169","179","189","192","199","304","307","424","503","511","601","605","608","610","611","664","669","704","902","904"],"busLines":"124, 130, 139, 169, 179, 189, 192, 199, 304, 307, 424, 503 +11","angle":-7.5,"extra":1}},{"type":"Feature","geometry":{"type":"Point","coordinates":[19.94153,50.065765]},"properties":{"lines":"18, 20, 75","color":"#d6212b","mode":"tram","arr":["18","20","75","124","130","139","169","179","189","192","199","304","307","424","503","511","601","605","608","610","611","664","669","704","902","904"],"busLines":"124, 130, 139, 169, 179, 189, 192, 199, 304, 307, 424, 503 +11","angle":28.4,"extra":1}},{"type":"Feature","geometry":{"type":"Point","coordinates":[19.937144,50.070051]},"properties":{"lines":"18, 20, 75","color":"#d6212b","mode":"tram","arr":["18","20","75","124","424","601","605","608","610","611","664","704","902","904"],"busLines":"124, 424, 601, 605, 608, 610, 611, 664, 704, 902, 904","angle":57.6}},{"type":"Feature","geometry":{"type":"Point","coordinates":[19.941329,50.065869]},"properties":{"lines":"18, 20, 75","color":"#d6212b","mode":"tram","arr":["18","20","75","124","424","601","605","608","610","611","664","704","902","904"],"busLines":"124, 424, 601, 605, 608, 610, 611, 664, 704, 902, 904","angle":28.4,"extra":1}},{"type":"Feature","geometry":{"type":"Point","coordinates":[19.937355,50.073556]},"properties":{"lines":"18, 20, 75","color":"#d6212b","mode":"tram","arr":["18","20","75","124","424","601","605","608","610","611","664","704","902","904"],"busLines":"124, 424, 601, 605, 608, 610, 611, 664, 704, 902, 904","angle":-3.5,"extra":1}},{"type":"Feature","geometry":{"type":"Point","coordinates":[19.921973,50.045551]},"properties":{"lines":"18, 22, 52, 62","color":"#d6212b","mode":"tram","arr":["18","22","52","62","112","124","126","162","194","219","300","424","494","610","662","708","712","LR0"],"busLines":"112, 124, 126, 162, 194, 219, 300, 424, 494, 610, 662, 708, 712, LR0","angle":-58.3}},{"type":"Feature","geometry":{"type":"Point","coordinates":[19.938068,50.050549]},"properties":{"lines":"18, 22, 52, 62","color":"#d6212b","mode":"tram","arr":["18","22","52","62","112","124","126","162","194","219","300","424","494","610","662","708","712","LR0"],"busLines":"112, 124, 126, 162, 194, 219, 300, 424, 494, 610, 662, 708, 712, LR0","angle":-12.2,"extra":1}},{"type":"Feature","geometry":{"type":"Point","coordinates":[19.931014,50.048597]},"properties":{"lines":"18, 22, 52, 62","color":"#d6212b","mode":"tram","arr":["18","22","52","62","112","124","126","162","194","219","300","424","494","610","662","708","712","LR0"],"busLines":"112, 124, 126, 162, 194, 219, 300, 424, 494, 610, 662, 708, 712, LR0","angle":-26.9,"extra":1}},{"type":"Feature","geometry":{"type":"Point","coordinates":[19.923463,50.042417]},"properties":{"lines":"18, 22, 52, 62","color":"#d6212b","mode":"tram","arr":["18","22","52","62","112","124","126","162","194","219","300","424","494","610","662","708","712","LR0"],"busLines":"112, 124, 126, 162, 194, 219, 300, 424, 494, 610, 662, 708, 712, LR0","angle":68.6,"extra":1}},{"type":"Feature","geometry":{"type":"Point","coordinates":[19.925782,50.037741]},"properties":{"lines":"18, 22, 52, 62","color":"#d6212b","mode":"tram","arr":["18","22","52","62","112","124","126","162","194","219","300","424","494","610","662","708","712","LR0"],"busLines":"112, 124, 126, 162, 194, 219, 300, 424, 494, 610, 662, 708, 712, LR0","angle":88.4,"extra":1}},{"type":"Feature","geometry":{"type":"Point","coordinates":[19.925992,50.032797]},"properties":{"lines":"18, 22, 52, 62","color":"#d6212b","mode":"tram","arr":["18","22","52","62","112","124","126","162","194","219","300","424","494","610","662","708","712","LR0"],"busLines":"112, 124, 126, 162, 194, 219, 300, 424, 494, 610, 662, 708, 712, LR0","angle":88.2,"extra":1}},{"type":"Feature","geometry":{"type":"Point","coordinates":[19.921971,50.045151]},"properties":{"lines":"18, 22, 52, 62","color":"#d6212b","mode":"tram","arr":["18","22","52","62","112","124","126","162","194","219","300","424","494","610","662","708","712","LR0"],"busLines":"112, 124, 126, 162, 194, 219, 300, 424, 494, 610, 662, 708, 712, LR0","angle":79}},{"type":"Feature","geometry":{"type":"Point","coordinates":[19.926011,50.033706]},"properties":{"lines":"18, 22, 52, 62","color":"#d6212b","mode":"tram","arr":["18","22","52","62","112","124","126","162","194","219","300","424","494","610","662","708","712","LR0"],"busLines":"112, 124, 126, 162, 194, 219, 300, 424, 494, 610, 662, 708, 712, LR0","angle":88.4,"extra":1}},{"type":"Feature","geometry":{"type":"Point","coordinates":[19.925753,50.038648]},"properties":{"lines":"18, 22, 52, 62","color":"#d6212b","mode":"tram","arr":["18","22","52","62","112","124","126","162","194","219","300","424","494","610","662","708","712","LR0"],"busLines":"112, 124, 126, 162, 194, 219, 300, 424, 494, 610, 662, 708, 712, LR0","angle":79.4,"extra":1}},{"type":"Feature","geometry":{"type":"Point","coordinates":[19.925505,50.04675]},"properties":{"lines":"18, 22, 52, 62","color":"#d6212b","mode":"tram","arr":["18","22","52","62","112","124","126","162","194","219","300","424","494","610","662","708","712","LR0"],"busLines":"112, 124, 126, 162, 194, 219, 300, 424, 494, 610, 662, 708, 712, LR0","angle":-27.1,"extra":1}},{"type":"Feature","geometry":{"type":"Point","coordinates":[19.932372,50.048998]},"properties":{"lines":"18, 22, 52, 62","color":"#d6212b","mode":"tram","arr":["18","22","52","62","112","124","126","162","194","219","300","424","494","610","662","708","712","LR0"],"busLines":"112, 124, 126, 162, 194, 219, 300, 424, 494, 610, 662, 708, 712, LR0","angle":-26.3,"extra":1}},{"type":"Feature","geometry":{"type":"Point","coordinates":[19.939553,50.050718]},"properties":{"lines":"18, 22, 52, 62","color":"#d6212b","mode":"tram","arr":["18","22","52","62","112","124","126","162","194","219","300","424","494","610","662","708","712","LR0"],"busLines":"112, 124, 126, 162, 194, 219, 300, 424, 494, 610, 662, 708, 712, LR0","angle":-12.1,"extra":1}},{"type":"Feature","geometry":{"type":"Point","coordinates":[19.926133,50.031205]},"properties":{"lines":"18, 52, 62","color":"#d6212b","mode":"tram","arr":["18","52","62","194","494","662"],"busLines":"194, 494, 662","angle":-86.5}},{"type":"Feature","geometry":{"type":"Point","coordinates":[19.926057,50.030809]},"properties":{"lines":"18, 52, 62","color":"#d6212b","mode":"tram","arr":["18","52","62","194","494","662"],"busLines":"194, 494, 662","angle":-46.7}},{"type":"Feature","geometry":{"type":"Point","coordinates":[19.983066,50.0407]},"properties":{"lines":"20","color":"#d6212b","mode":"tram","arr":["20","125","427","497","605"],"busLines":"125, 427, 497, 605","angle":-0.1}},{"type":"Feature","geometry":{"type":"Point","coordinates":[19.93967,50.075636]},"properties":{"lines":"20","color":"#d6212b","mode":"tram","arr":["20"],"angle":61.8}},{"type":"Feature","geometry":{"type":"Point","coordinates":[19.983068,50.040666]},"properties":{"lines":"20","color":"#d6212b","mode":"tram","arr":["20","427","497","605"],"busLines":"427, 497, 605","angle":-0.2}},{"type":"Feature","geometry":{"type":"Point","coordinates":[19.944963,50.064604]},"properties":{"lines":"20, 75","color":"#d6212b","mode":"tram","arr":["20","75"],"angle":17.5}},{"type":"Feature","geometry":{"type":"Point","coordinates":[20.013012,50.098223]},"properties":{"lines":"21, 52","color":"#d6212b","mode":"tram","arr":["21","52","182","664"],"busLines":"182, 664","angle":-84.6}},{"type":"Feature","geometry":{"type":"Point","coordinates":[20.012504,50.094772]},"properties":{"lines":"21, 52","color":"#d6212b","mode":"tram","arr":["21","52","182","664"],"busLines":"182, 664","angle":79.7,"extra":1}},{"type":"Feature","geometry":{"type":"Point","coordinates":[20.01318,50.09903]},"properties":{"lines":"21, 52","color":"#d6212b","mode":"tram","arr":["21","52","182","664"],"busLines":"182, 664","angle":-85.5}},{"type":"Feature","geometry":{"type":"Point","coordinates":[20.037507,50.072469]},"properties":{"lines":"21","color":"#d6212b","mode":"tram","arr":["21","149","189","463","601","662"],"busLines":"149, 189, 463, 601, 662","angle":11.9}},{"type":"Feature","geometry":{"type":"Point","coordinates":[20.06405,50.072814]},"properties":{"lines":"21","color":"#d6212b","mode":"tram","arr":["21"],"angle":59.3}},{"type":"Feature","geometry":{"type":"Point","coordinates":[20.06529,50.077006]},"properties":{"lines":"21","color":"#d6212b","mode":"tram","arr":["21"],"angle":-53.2,"extra":1}},{"type":"Feature","geometry":{"type":"Point","coordinates":[20.068277,50.068499]},"properties":{"lines":"21","color":"#d6212b","mode":"tram","arr":["21"],"angle":51.8,"extra":1}},{"type":"Feature","geometry":{"type":"Point","coordinates":[20.068698,50.06822]},"properties":{"lines":"21","color":"#d6212b","mode":"tram","arr":["21"],"angle":50.7}},{"type":"Feature","geometry":{"type":"Point","coordinates":[20.051848,50.076015]},"properties":{"lines":"21, 22, 74, 75","color":"#d6212b","mode":"tram","arr":["21","22","74","75","132","139","149","174","463","601"],"busLines":"132, 139, 149, 174, 463, 601","angle":-22.5}},{"type":"Feature","geometry":{"type":"Point","coordinates":[20.042066,50.073423]},"properties":{"lines":"21, 22, 74, 75","color":"#d6212b","mode":"tram","arr":["21","22","74","75","132","139","149","174","463","601"],"busLines":"132, 139, 149, 174, 463, 601","angle":-22.4,"extra":1}},{"type":"Feature","geometry":{"type":"Point","coordinates":[20.056316,50.077201]},"properties":{"lines":"21, 22, 74, 75","color":"#d6212b","mode":"tram","arr":["21","22","74","75","132","139","149","174","463","601"],"busLines":"132, 139, 149, 174, 463, 601","angle":-22.4,"extra":1}},{"type":"Feature","geometry":{"type":"Point","coordinates":[20.063464,50.079046]},"properties":{"lines":"21, 22, 74, 75","color":"#d6212b","mode":"tram","arr":["21","22","74","75","132","139","149","174","463","601"],"busLines":"132, 139, 149, 174, 463, 601","angle":-12,"extra":1}},{"type":"Feature","geometry":{"type":"Point","coordinates":[20.044968,50.074228]},"properties":{"lines":"21, 22, 74, 75","color":"#d6212b","mode":"tram","arr":["21","22","74","75","132","139","149","463","601"],"busLines":"132, 139, 149, 463, 601","angle":-22.5}},{"type":"Feature","geometry":{"type":"Point","coordinates":[20.063082,50.074421]},"properties":{"lines":"21, 22, 75","color":"#d6212b","mode":"tram","arr":["21","22","75"],"angle":89}},{"type":"Feature","geometry":{"type":"Point","coordinates":[20.06506,50.071793]},"properties":{"lines":"21, 22, 75","color":"#d6212b","mode":"tram","arr":["21","22","75"],"angle":59.2,"extra":1}},{"type":"Feature","geometry":{"type":"Point","coordinates":[20.058711,50.077871]},"properties":{"lines":"21, 22, 74","color":"#d6212b","mode":"tram","arr":["21","22","74","132","139","149","174","463","601"],"busLines":"132, 139, 149, 174, 463, 601","angle":-22.5}},{"type":"Feature","geometry":{"type":"Point","coordinates":[20.054504,50.076755]},"properties":{"lines":"21, 22, 74","color":"#d6212b","mode":"tram","arr":["21","22","74","132","139","149","174","463","601"],"busLines":"132, 139, 149, 174, 463, 601","angle":-22.5,"extra":1}},{"type":"Feature","geometry":{"type":"Point","coordinates":[19.926616,50.030748]},"properties":{"lines":"22","color":"#d6212b","mode":"tram","arr":["22"],"angle":42.5}},{"type":"Feature","geometry":{"type":"Point","coordinates":[19.92624,50.031059]},"properties":{"lines":"22","color":"#d6212b","mode":"tram","arr":["22","194","494","662"],"busLines":"194, 494, 662","angle":71.6}},{"type":"Feature","geometry":{"type":"Point","coordinates":[19.943591,50.054083]},"properties":{"lines":"22, 52, 62","color":"#d6212b","mode":"tram","arr":["22","52","62"],"angle":-62.9}},{"type":"Feature","geometry":{"type":"Point","coordinates":[19.943561,50.054121]},"properties":{"lines":"22, 52, 62","color":"#d6212b","mode":"tram","arr":["22","52","62"],"angle":-63.2}},{"type":"Feature","geometry":{"type":"Point","coordinates":[20.017309,50.072939]},"properties":{"lines":"22, 62","color":"#d6212b","mode":"tram","arr":["22","62"],"angle":-67.7}},{"type":"Feature","geometry":{"type":"Point","coordinates":[20.018142,50.073397]},"properties":{"lines":"22, 62","color":"#d6212b","mode":"tram","arr":["22","62"],"angle":-1.7}},{"type":"Feature","geometry":{"type":"Point","coordinates":[20.036932,50.072476]},"properties":{"lines":"22, 49, 74, 75","color":"#d6212b","mode":"tram","arr":["22","49","74","75"],"angle":-36.3}},{"type":"Feature","geometry":{"type":"Point","coordinates":[20.036479,50.071773]},"properties":{"lines":"22, 49, 74, 75","color":"#d6212b","mode":"tram","arr":["22","49","74","75","149","189","463","601","662"],"busLines":"149, 189, 463, 601, 662","angle":-39.7}},{"type":"Feature","geometry":{"type":"Point","coordinates":[20.065361,50.086413]},"properties":{"lines":"74","color":"#d6212b","mode":"tram","arr":["74","138","242","272","601"],"busLines":"138, 242, 272, 601","angle":86.9}},{"type":"Feature","geometry":{"type":"Point","coordinates":[20.065763,50.081545]},"properties":{"lines":"74","color":"#d6212b","mode":"tram","arr":["74","138","242","272","601"],"busLines":"138, 242, 272, 601","angle":87,"extra":1}},{"type":"Feature","geometry":{"type":"Point","coordinates":[20.059453,50.087313]},"properties":{"lines":"74","color":"#d6212b","mode":"tram","arr":["74","138","242","272","601"],"busLines":"138, 242, 272, 601","angle":-28.1,"extra":1}},{"type":"Feature","geometry":{"type":"Point","coordinates":[20.065311,50.086371]},"properties":{"lines":"74","color":"#d6212b","mode":"tram","arr":["74","138","242","272","601"],"busLines":"138, 242, 272, 601","angle":87}},{"type":"Feature","geometry":{"type":"Point","coordinates":[20.059559,50.08731]},"properties":{"lines":"74","color":"#d6212b","mode":"tram","arr":["74","138","242","272","601"],"busLines":"138, 242, 272, 601","angle":-28.1,"extra":1}},{"type":"Feature","geometry":{"type":"Point","coordinates":[20.065722,50.081404]},"properties":{"lines":"74","color":"#d6212b","mode":"tram","arr":["74","138","242","272","601"],"busLines":"138, 242, 272, 601","angle":87,"extra":1}},{"type":"Feature","geometry":{"type":"Point","coordinates":[19.948186,50.012998]},"properties":{"lines":"74","color":"#d6212b","mode":"tram","arr":["74"],"angle":38.8}},{"type":"Feature","geometry":{"type":"Point","coordinates":[19.98551,50.07167]},"properties":{"lines":"49","color":"#d6212b","mode":"tram","arr":["49"],"angle":-36.3}},{"type":"Feature","geometry":{"type":"Point","coordinates":[19.953882,50.069944]},"properties":{"lines":"76","color":"#d6212b","mode":"tram","arr":["76"],"angle":-64.6}},{"type":"Feature","geometry":{"type":"Point","coordinates":[19.952172,50.067421]},"properties":{"lines":"76","color":"#d6212b","mode":"tram","arr":["76"],"angle":-81.2,"extra":1}},{"type":"Feature","geometry":{"type":"Point","coordinates":[19.953713,50.069784]},"properties":{"lines":"76","color":"#d6212b","mode":"tram","arr":["76"],"angle":-64.6}}]}