{"type":"FeatureCollection","features":[{"type":"Feature","properties":{"t":"vec","sid":"s0","d":221},"geometry":{"type":"LineString","coordinates":[[19.998311,50.073956],[20.000358,50.075448]]}},{"type":"Feature","properties":{"t":"gps","sid":"s0"},"geometry":{"type":"Point","coordinates":[19.998311,50.073956]}},{"type":"Feature","properties":{"t":"sch","sid":"s0","name":"AKF / PK","imp":0.256,"d":221},"geometry":{"type":"Point","coordinates":[20.000358,50.075448]}},{"type":"Feature","properties":{"t":"vec","sid":"s1","d":166},"geometry":{"type":"LineString","coordinates":[[20.004689,50.074151],[20.005851,50.075448]]}},{"type":"Feature","properties":{"t":"gps","sid":"s1"},"geometry":{"type":"Point","coordinates":[20.004689,50.074151]}},{"type":"Feature","properties":{"t":"sch","sid":"s1","name":"Stella-Sawickiego","imp":0.218,"d":166},"geometry":{"type":"Point","coordinates":[20.005851,50.075448]}},{"type":"Feature","properties":{"t":"vec","sid":"s2","d":270},"geometry":{"type":"LineString","coordinates":[[20.011625,50.074],[20.008597,50.075448]]}},{"type":"Feature","properties":{"t":"gps","sid":"s2"},"geometry":{"type":"Point","coordinates":[20.011625,50.074]}},{"type":"Feature","properties":{"t":"sch","sid":"s2","name":"Czyżyny","imp":0.182,"d":270},"geometry":{"type":"Point","coordinates":[20.008597,50.075448]}},{"type":"Feature","properties":{"t":"vec","sid":"s3","d":499},"geometry":{"type":"LineString","coordinates":[[20.017582,50.073431],[20.011344,50.075448]]}},{"type":"Feature","properties":{"t":"gps","sid":"s3"},"geometry":{"type":"Point","coordinates":[20.017582,50.073431]}},{"type":"Feature","properties":{"t":"sch","sid":"s3","name":"Rondo Czyżyńskie","imp":0.467,"d":499},"geometry":{"type":"Point","coordinates":[20.011344,50.075448]}},{"type":"Feature","properties":{"t":"vec","sid":"s4","d":881},"geometry":{"type":"LineString","coordinates":[[20.029174,50.072275],[20.016837,50.071923]]}},{"type":"Feature","properties":{"t":"gps","sid":"s4"},"geometry":{"type":"Point","coordinates":[20.029174,50.072275]}},{"type":"Feature","properties":{"t":"sch","sid":"s4","name":"Os. Kolorowe","imp":0.182,"d":881},"geometry":{"type":"Point","coordinates":[20.016837,50.071923]}},{"type":"Feature","properties":{"t":"vec","sid":"s5","d":1148},"geometry":{"type":"LineString","coordinates":[[20.037326,50.072127],[20.022329,50.068398]]}},{"type":"Feature","properties":{"t":"gps","sid":"s5"},"geometry":{"type":"Point","coordinates":[20.037326,50.072127]}},{"type":"Feature","properties":{"t":"sch","sid":"s5","name":"Plac Centralny im. R. Reagana","imp":0.392,"d":1148},"geometry":{"type":"Point","coordinates":[20.022329,50.068398]}},{"type":"Feature","properties":{"t":"vec","sid":"s6","d":1459},"geometry":{"type":"LineString","coordinates":[[20.046962,50.074776],[20.027822,50.07016]]}},{"type":"Feature","properties":{"t":"gps","sid":"s6"},"geometry":{"type":"Point","coordinates":[20.046962,50.074776]}},{"type":"Feature","properties":{"t":"sch","sid":"s6","name":"Struga","imp":0.346,"d":1459},"geometry":{"type":"Point","coordinates":[20.027822,50.07016]}},{"type":"Feature","properties":{"t":"vec","sid":"s7","d":2085},"geometry":{"type":"LineString","coordinates":[[20.065775,50.07914],[20.038808,50.071923]]}},{"type":"Feature","properties":{"t":"gps","sid":"s7"},"geometry":{"type":"Point","coordinates":[20.065775,50.07914]}},{"type":"Feature","properties":{"t":"sch","sid":"s7","name":"Kombinat","imp":0.488,"d":2085},"geometry":{"type":"Point","coordinates":[20.038808,50.071923]}},{"type":"Feature","properties":{"t":"vec","sid":"s8","d":2638},"geometry":{"type":"LineString","coordinates":[[20.072275,50.08421],[20.038808,50.074126]]}},{"type":"Feature","properties":{"t":"gps","sid":"s8"},"geometry":{"type":"Point","coordinates":[20.072275,50.08421]}},{"type":"Feature","properties":{"t":"sch","sid":"s8","name":"Mrozowa","imp":0.07,"d":2638},"geometry":{"type":"Point","coordinates":[20.038808,50.074126]}},{"type":"Feature","properties":{"t":"vec","sid":"s9","d":2714},"geometry":{"type":"LineString","coordinates":[[20.074035,50.085525],[20.038808,50.07633]]}},{"type":"Feature","properties":{"t":"gps","sid":"s9"},"geometry":{"type":"Point","coordinates":[20.074035,50.085525]}},{"type":"Feature","properties":{"t":"sch","sid":"s9","name":"Blokowa","imp":0.07,"d":2714},"geometry":{"type":"Point","coordinates":[20.038808,50.07633]}},{"type":"Feature","properties":{"t":"vec","sid":"s10","d":654},"geometry":{"type":"LineString","coordinates":[[19.989169,50.064341],[19.997611,50.066635]]}},{"type":"Feature","properties":{"t":"gps","sid":"s10"},"geometry":{"type":"Point","coordinates":[19.989169,50.064341]}},{"type":"Feature","properties":{"t":"sch","sid":"s10","name":"TAURON Arena Kraków Al. Pokoju","imp":0.186,"d":654},"geometry":{"type":"Point","coordinates":[19.997611,50.066635]}},{"type":"Feature","properties":{"t":"vec","sid":"s11","d":341},"geometry":{"type":"LineString","coordinates":[[20.001153,50.056597],[20.005851,50.056059]]}},{"type":"Feature","properties":{"t":"gps","sid":"s11"},"geometry":{"type":"Point","coordinates":[20.001153,50.056597]}},{"type":"Feature","properties":{"t":"sch","sid":"s11","name":"Arctowskiego","imp":0.09,"d":341},"geometry":{"type":"Point","coordinates":[20.005851,50.056059]}},{"type":"Feature","properties":{"t":"vec","sid":"s12","d":155},"geometry":{"type":"LineString","coordinates":[[20.003785,50.06355],[20.005851,50.06311]]}},{"type":"Feature","properties":{"t":"gps","sid":"s12"},"geometry":{"type":"Point","coordinates":[20.003785,50.06355]}},{"type":"Feature","properties":{"t":"sch","sid":"s12","name":"Centralna","imp":0.09,"d":155},"geometry":{"type":"Point","coordinates":[20.005851,50.06311]}},{"type":"Feature","properties":{"t":"vec","sid":"s13","d":285},"geometry":{"type":"LineString","coordinates":[[20.005376,50.067612],[20.005851,50.07016]]}},{"type":"Feature","properties":{"t":"gps","sid":"s13"},"geometry":{"type":"Point","coordinates":[20.005376,50.067612]}},{"type":"Feature","properties":{"t":"sch","sid":"s13","name":"Rondo 308. Dywizjonu","imp":0.259,"d":285},"geometry":{"type":"Point","coordinates":[20.005851,50.07016]}},{"type":"Feature","properties":{"t":"vec","sid":"s14","d":135},"geometry":{"type":"LineString","coordinates":[[20.012609,50.069253],[20.011344,50.07016]]}},{"type":"Feature","properties":{"t":"gps","sid":"s14"},"geometry":{"type":"Point","coordinates":[20.012609,50.069253]}},{"type":"Feature","properties":{"t":"sch","sid":"s14","name":"Gałczyńskiego","imp":0.218,"d":135},"geometry":{"type":"Point","coordinates":[20.011344,50.07016]}},{"type":"Feature","properties":{"t":"vec","sid":"s15","d":602},"geometry":{"type":"LineString","coordinates":[[20.021145,50.07603],[20.012717,50.07633]]}},{"type":"Feature","properties":{"t":"gps","sid":"s15"},"geometry":{"type":"Point","coordinates":[20.021145,50.07603]}},{"type":"Feature","properties":{"t":"sch","sid":"s15","name":"Bieńczycka","imp":0.166,"d":602},"geometry":{"type":"Point","coordinates":[20.012717,50.07633]}},{"type":"Feature","properties":{"t":"vec","sid":"s16","d":985},"geometry":{"type":"LineString","coordinates":[[20.027394,50.079562],[20.01409,50.077211]]}},{"type":"Feature","properties":{"t":"gps","sid":"s16"},"geometry":{"type":"Point","coordinates":[20.027394,50.079562]}},{"type":"Feature","properties":{"t":"sch","sid":"s16","name":"Rondo Kocmyrzowskie im. ks. Gorzelanego","imp":0.4,"d":985},"geometry":{"type":"Point","coordinates":[20.01409,50.077211]}},{"type":"Feature","properties":{"t":"vec","sid":"s17","d":1186},"geometry":{"type":"LineString","coordinates":[[20.032864,50.08179],[20.016837,50.078974]]}},{"type":"Feature","properties":{"t":"gps","sid":"s17"},"geometry":{"type":"Point","coordinates":[20.032864,50.08179]}},{"type":"Feature","properties":{"t":"sch","sid":"s17","name":"Teatr Ludowy","imp":0.368,"d":1186},"geometry":{"type":"Point","coordinates":[20.016837,50.078974]}},{"type":"Feature","properties":{"t":"vec","sid":"s18","d":1485},"geometry":{"type":"LineString","coordinates":[[20.038545,50.085363],[20.019181,50.080478]]}},{"type":"Feature","properties":{"t":"gps","sid":"s18"},"geometry":{"type":"Point","coordinates":[20.038545,50.085363]}},{"type":"Feature","properties":{"t":"sch","sid":"s18","name":"Cienista","imp":0.23,"d":1485},"geometry":{"type":"Point","coordinates":[20.019181,50.080478]}},{"type":"Feature","properties":{"t":"vec","sid":"s19","d":1913},"geometry":{"type":"LineString","coordinates":[[20.04721,50.087131],[20.022329,50.080736]]}},{"type":"Feature","properties":{"t":"gps","sid":"s19"},"geometry":{"type":"Point","coordinates":[20.04721,50.087131]}},{"type":"Feature","properties":{"t":"sch","sid":"s19","name":"Wańkowicza","imp":0.32,"d":1913},"geometry":{"type":"Point","coordinates":[20.022329,50.080736]}},{"type":"Feature","properties":{"t":"vec","sid":"s20","d":2481},"geometry":{"type":"LineString","coordinates":[[20.059534,50.089886],[20.027822,50.080736]]}},{"type":"Feature","properties":{"t":"gps","sid":"s20"},"geometry":{"type":"Point","coordinates":[20.059534,50.089886]}},{"type":"Feature","properties":{"t":"sch","sid":"s20","name":"Darwina","imp":0.189,"d":2481},"geometry":{"type":"Point","coordinates":[20.027822,50.080736]}},{"type":"Feature","properties":{"t":"vec","sid":"s21","d":2411},"geometry":{"type":"LineString","coordinates":[[20.06088,50.092066],[20.030569,50.082499]]}},{"type":"Feature","properties":{"t":"gps","sid":"s21"},"geometry":{"type":"Point","coordinates":[20.06088,50.092066]}},{"type":"Feature","properties":{"t":"sch","sid":"s21","name":"Jarzębiny","imp":0.301,"d":2411},"geometry":{"type":"Point","coordinates":[20.030569,50.082499]}},{"type":"Feature","properties":{"t":"vec","sid":"s22","d":2722},"geometry":{"type":"LineString","coordinates":[[20.064695,50.095201],[20.030569,50.084262]]}},{"type":"Feature","properties":{"t":"gps","sid":"s22"},"geometry":{"type":"Point","coordinates":[20.064695,50.095201]}},{"type":"Feature","properties":{"t":"sch","sid":"s22","name":"Wzgórza Krzesławickie","imp":0.411,"d":2722},"geometry":{"type":"Point","coordinates":[20.030569,50.084262]}},{"type":"Feature","properties":{"t":"vec","sid":"s23","d":3161},"geometry":{"type":"LineString","coordinates":[[20.069485,50.101355],[20.030569,50.087787]]}},{"type":"Feature","properties":{"t":"gps","sid":"s23"},"geometry":{"type":"Point","coordinates":[20.069485,50.101355]}},{"type":"Feature","properties":{"t":"sch","sid":"s23","name":"Jubileuszowa","imp":0.15,"d":3161},"geometry":{"type":"Point","coordinates":[20.030569,50.087787]}},{"type":"Feature","properties":{"t":"vec","sid":"s24","d":3282},"geometry":{"type":"LineString","coordinates":[[20.07204,50.104075],[20.030569,50.091312]]}},{"type":"Feature","properties":{"t":"gps","sid":"s24"},"geometry":{"type":"Point","coordinates":[20.07204,50.104075]}},{"type":"Feature","properties":{"t":"sch","sid":"s24","name":"Morcinka","imp":0.208,"d":3282},"geometry":{"type":"Point","coordinates":[20.030569,50.091312]}},{"type":"Feature","properties":{"t":"vec","sid":"s25","d":2953},"geometry":{"type":"LineString","coordinates":[[20.061805,50.104185],[20.025612,50.091312]]}},{"type":"Feature","properties":{"t":"gps","sid":"s25"},"geometry":{"type":"Point","coordinates":[20.061805,50.104185]}},{"type":"Feature","properties":{"t":"sch","sid":"s25","name":"Kantorowice","imp":0.054,"d":2953},"geometry":{"type":"Point","coordinates":[20.025612,50.091312]}},{"type":"Feature","properties":{"t":"vec","sid":"s26","d":2596},"geometry":{"type":"LineString","coordinates":[[20.0492,50.105785],[20.020656,50.091312]]}},{"type":"Feature","properties":{"t":"gps","sid":"s26"},"geometry":{"type":"Point","coordinates":[20.0492,50.105785]}},{"type":"Feature","properties":{"t":"sch","sid":"s26","name":"Zesławice Ogródki Działkowe","imp":0.054,"d":2596},"geometry":{"type":"Point","coordinates":[20.020656,50.091312]}},{"type":"Feature","properties":{"t":"vec","sid":"s27","d":2423},"geometry":{"type":"LineString","coordinates":[[20.04388,50.10625],[20.016837,50.093075]]}},{"type":"Feature","properties":{"t":"gps","sid":"s27"},"geometry":{"type":"Point","coordinates":[20.04388,50.10625]}},{"type":"Feature","properties":{"t":"sch","sid":"s27","name":"Zesławice","imp":0.059,"d":2423},"geometry":{"type":"Point","coordinates":[20.016837,50.093075]}},{"type":"Feature","properties":{"t":"vec","sid":"s28","d":198},"geometry":{"type":"LineString","coordinates":[[19.98828,50.089217],[19.986626,50.087787]]}},{"type":"Feature","properties":{"t":"gps","sid":"s28"},"geometry":{"type":"Point","coordinates":[19.98828,50.089217]}},{"type":"Feature","properties":{"t":"sch","sid":"s28","name":"Os. Oświecenia","imp":0.218,"d":198},"geometry":{"type":"Point","coordinates":[19.986626,50.087787]}},{"type":"Feature","properties":{"t":"vec","sid":"s29","d":464},"geometry":{"type":"LineString","coordinates":[[20.00135,50.087678],[19.997611,50.084262]]}},{"type":"Feature","properties":{"t":"gps","sid":"s29"},"geometry":{"type":"Point","coordinates":[20.00135,50.087678]}},{"type":"Feature","properties":{"t":"sch","sid":"s29","name":"Wiślicka","imp":0.282,"d":464},"geometry":{"type":"Point","coordinates":[19.997611,50.084262]}},{"type":"Feature","properties":{"t":"vec","sid":"s30","d":638},"geometry":{"type":"LineString","coordinates":[[20.009365,50.086595],[20.003104,50.082499]]}},{"type":"Feature","properties":{"t":"gps","sid":"s30"},"geometry":{"type":"Point","coordinates":[20.009365,50.086595]}},{"type":"Feature","properties":{"t":"sch","sid":"s30","name":"Os. Strusia","imp":0.138,"d":638},"geometry":{"type":"Point","coordinates":[20.003104,50.082499]}},{"type":"Feature","properties":{"t":"vec","sid":"s31","d":817},"geometry":{"type":"LineString","coordinates":[[20.01362,50.086133],[20.005851,50.080736]]}},{"type":"Feature","properties":{"t":"gps","sid":"s31"},"geometry":{"type":"Point","coordinates":[20.01362,50.086133]}},{"type":"Feature","properties":{"t":"sch","sid":"s31","name":"Os. Na Lotnisku","imp":0.176,"d":817},"geometry":{"type":"Point","coordinates":[20.005851,50.080736]}},{"type":"Feature","properties":{"t":"vec","sid":"s32","d":782},"geometry":{"type":"LineString","coordinates":[[20.020583,50.08452],[20.011344,50.080736]]}},{"type":"Feature","properties":{"t":"gps","sid":"s32"},"geometry":{"type":"Point","coordinates":[20.020583,50.08452]}},{"type":"Feature","properties":{"t":"sch","sid":"s32","name":"DH Wanda","imp":0.288,"d":782},"geometry":{"type":"Point","coordinates":[20.011344,50.080736]}},{"type":"Feature","properties":{"t":"vec","sid":"s33","d":890},"geometry":{"type":"LineString","coordinates":[[20.031096,50.076752],[20.019583,50.073686]]}},{"type":"Feature","properties":{"t":"gps","sid":"s33"},"geometry":{"type":"Point","coordinates":[20.031096,50.076752]}},{"type":"Feature","properties":{"t":"sch","sid":"s33","name":"Os. Zgody","imp":0.205,"d":890},"geometry":{"type":"Point","coordinates":[20.019583,50.073686]}},{"type":"Feature","properties":{"t":"vec","sid":"s34","d":931},"geometry":{"type":"LineString","coordinates":[[20.034223,50.075358],[20.022329,50.071923]]}},{"type":"Feature","properties":{"t":"gps","sid":"s34"},"geometry":{"type":"Point","coordinates":[20.034223,50.075358]}},{"type":"Feature","properties":{"t":"sch","sid":"s34","name":"Aleja Przyjaźni","imp":0.234,"d":931},"geometry":{"type":"Point","coordinates":[20.022329,50.071923]}},{"type":"Feature","properties":{"t":"vec","sid":"s35","d":1089},"geometry":{"type":"LineString","coordinates":[[20.038963,50.075993],[20.025076,50.071923]]}},{"type":"Feature","properties":{"t":"gps","sid":"s35"},"geometry":{"type":"Point","coordinates":[20.038963,50.075993]}},{"type":"Feature","properties":{"t":"sch","sid":"s35","name":"Aleja Róż","imp":0.122,"d":1089},"geometry":{"type":"Point","coordinates":[20.025076,50.071923]}},{"type":"Feature","properties":{"t":"vec","sid":"s36","d":515},"geometry":{"type":"LineString","coordinates":[[19.995316,50.095463],[19.992119,50.091312]]}},{"type":"Feature","properties":{"t":"gps","sid":"s36"},"geometry":{"type":"Point","coordinates":[19.995316,50.095463]}},{"type":"Feature","properties":{"t":"sch","sid":"s36","name":"Mistrzejowice","imp":0.334,"d":515},"geometry":{"type":"Point","coordinates":[19.992119,50.091312]}},{"type":"Feature","properties":{"t":"vec","sid":"s37","d":667},"geometry":{"type":"LineString","coordinates":[[20.000196,50.094479],[19.994865,50.08955]]}},{"type":"Feature","properties":{"t":"gps","sid":"s37"},"geometry":{"type":"Point","coordinates":[20.000196,50.094479]}},{"type":"Feature","properties":{"t":"sch","sid":"s37","name":"Miśnieńska","imp":0.202,"d":667},"geometry":{"type":"Point","coordinates":[19.994865,50.08955]}},{"type":"Feature","properties":{"t":"vec","sid":"s38","d":679},"geometry":{"type":"LineString","coordinates":[[20.004403,50.093832],[19.997611,50.08955]]}},{"type":"Feature","properties":{"t":"gps","sid":"s38"},"geometry":{"type":"Point","coordinates":[20.004403,50.093832]}},{"type":"Feature","properties":{"t":"sch","sid":"s38","name":"Os. Złotego Wieku","imp":0.202,"d":679},"geometry":{"type":"Point","coordinates":[19.997611,50.08955]}},{"type":"Feature","properties":{"t":"vec","sid":"s39","d":710},"geometry":{"type":"LineString","coordinates":[[20.006375,50.09287],[20.000358,50.087787]]}},{"type":"Feature","properties":{"t":"gps","sid":"s39"},"geometry":{"type":"Point","coordinates":[20.006375,50.09287]}},{"type":"Feature","properties":{"t":"sch","sid":"s39","name":"Łęczycka","imp":0.093,"d":710},"geometry":{"type":"Point","coordinates":[20.000358,50.087787]}},{"type":"Feature","properties":{"t":"vec","sid":"s40","d":783},"geometry":{"type":"LineString","coordinates":[[20.011141,50.094344],[20.003104,50.08955]]}},{"type":"Feature","properties":{"t":"gps","sid":"s40"},"geometry":{"type":"Point","coordinates":[20.011141,50.094344]}},{"type":"Feature","properties":{"t":"sch","sid":"s40","name":"Rondo Piastowskie","imp":0.186,"d":783},"geometry":{"type":"Point","coordinates":[20.003104,50.08955]}},{"type":"Feature","properties":{"t":"vec","sid":"s41","d":719},"geometry":{"type":"LineString","coordinates":[[20.013046,50.09584],[20.005851,50.091312]]}},{"type":"Feature","properties":{"t":"gps","sid":"s41"},"geometry":{"type":"Point","coordinates":[20.013046,50.09584]}},{"type":"Feature","properties":{"t":"sch","sid":"s41","name":"Kleeberga","imp":0.173,"d":719},"geometry":{"type":"Point","coordinates":[20.005851,50.091312]}},{"type":"Feature","properties":{"t":"vec","sid":"s42","d":917},"geometry":{"type":"LineString","coordinates":[[20.013117,50.098237],[20.003104,50.093075]]}},{"type":"Feature","properties":{"t":"gps","sid":"s42"},"geometry":{"type":"Point","coordinates":[20.013117,50.098237]}},{"type":"Feature","properties":{"t":"sch","sid":"s42","name":"Piasta Kołodzieja","imp":0.118,"d":917},"geometry":{"type":"Point","coordinates":[20.003104,50.093075]}},{"type":"Feature","properties":{"t":"vec","sid":"s43","d":1152},"geometry":{"type":"LineString","coordinates":[[20.012549,50.101626],[20.000358,50.094838]]}},{"type":"Feature","properties":{"t":"gps","sid":"s43"},"geometry":{"type":"Point","coordinates":[20.012549,50.101626]}},{"type":"Feature","properties":{"t":"sch","sid":"s43","name":"Os. Piastów","imp":0.25,"d":1152},"geometry":{"type":"Point","coordinates":[20.000358,50.094838]}},{"type":"Feature","properties":{"t":"vec","sid":"s44","d":853},"geometry":{"type":"LineString","coordinates":[[20.010215,50.09144],[20.002457,50.085609]]}},{"type":"Feature","properties":{"t":"gps","sid":"s44"},"geometry":{"type":"Point","coordinates":[20.010215,50.09144]}},{"type":"Feature","properties":{"t":"sch","sid":"s44","name":"Os. Kalinowe","imp":0.054,"d":853},"geometry":{"type":"Point","coordinates":[20.002457,50.085609]}},{"type":"Feature","properties":{"t":"vec","sid":"s45","d":1028},"geometry":{"type":"LineString","coordinates":[[20.016435,50.094895],[20.006498,50.088203]]}},{"type":"Feature","properties":{"t":"gps","sid":"s45"},"geometry":{"type":"Point","coordinates":[20.016435,50.094895]}},{"type":"Feature","properties":{"t":"sch","sid":"s45","name":"Kupały","imp":0.054,"d":1028},"geometry":{"type":"Point","coordinates":[20.006498,50.088203]}},{"type":"Feature","properties":{"t":"vec","sid":"s46","d":924},"geometry":{"type":"LineString","coordinates":[[20.021075,50.095035],[20.011344,50.08955]]}},{"type":"Feature","properties":{"t":"gps","sid":"s46"},"geometry":{"type":"Point","coordinates":[20.021075,50.095035]}},{"type":"Feature","properties":{"t":"sch","sid":"s46","name":"Os. Mistrzejowice Nowe","imp":0.09,"d":924},"geometry":{"type":"Point","coordinates":[20.011344,50.08955]}},{"type":"Feature","properties":{"t":"vec","sid":"s47","d":1176},"geometry":{"type":"LineString","coordinates":[[20.028185,50.093265],[20.01409,50.087787]]}},{"type":"Feature","properties":{"t":"gps","sid":"s47"},"geometry":{"type":"Point","coordinates":[20.028185,50.093265]}},{"type":"Feature","properties":{"t":"sch","sid":"s47","name":"Fatimska","imp":0.09,"d":1176},"geometry":{"type":"Point","coordinates":[20.01409,50.087787]}},{"type":"Feature","properties":{"t":"vec","sid":"s48","d":1585},"geometry":{"type":"LineString","coordinates":[[20.03679,50.09503],[20.019583,50.086024]]}},{"type":"Feature","properties":{"t":"gps","sid":"s48"},"geometry":{"type":"Point","coordinates":[20.03679,50.09503]}},{"type":"Feature","properties":{"t":"sch","sid":"s48","name":"Petőfiego","imp":0.141,"d":1585},"geometry":{"type":"Point","coordinates":[20.019583,50.086024]}},{"type":"Feature","properties":{"t":"vec","sid":"s49","d":1776},"geometry":{"type":"LineString","coordinates":[[20.04082,50.095245],[20.020499,50.086024]]}},{"type":"Feature","properties":{"t":"gps","sid":"s49"},"geometry":{"type":"Point","coordinates":[20.04082,50.095245]}},{"type":"Feature","properties":{"t":"sch","sid":"s49","name":"Władysława Jagiełły","imp":0.102,"d":1776},"geometry":{"type":"Point","coordinates":[20.020499,50.086024]}},{"type":"Feature","properties":{"t":"vec","sid":"s50","d":2091},"geometry":{"type":"LineString","coordinates":[[20.04715,50.095015],[20.021414,50.086024]]}},{"type":"Feature","properties":{"t":"gps","sid":"s50"},"geometry":{"type":"Point","coordinates":[20.04715,50.095015]}},{"type":"Feature","properties":{"t":"sch","sid":"s50","name":"Jana Kazimierza","imp":0.102,"d":2091},"geometry":{"type":"Point","coordinates":[20.021414,50.086024]}},{"type":"Feature","properties":{"t":"vec","sid":"s51","d":2189},"geometry":{"type":"LineString","coordinates":[[20.05016,50.09782],[20.022329,50.08955]]}},{"type":"Feature","properties":{"t":"gps","sid":"s51"},"geometry":{"type":"Point","coordinates":[20.05016,50.09782]}},{"type":"Feature","properties":{"t":"sch","sid":"s51","name":"Os. Na Stoku","imp":0.139,"d":2189},"geometry":{"type":"Point","coordinates":[20.022329,50.08955]}},{"type":"Feature","properties":{"t":"vec","sid":"s52","d":2365},"geometry":{"type":"LineString","coordinates":[[20.05632,50.09336],[20.027822,50.082499]]}},{"type":"Feature","properties":{"t":"gps","sid":"s52"},"geometry":{"type":"Point","coordinates":[20.05632,50.09336]}},{"type":"Feature","properties":{"t":"sch","sid":"s52","name":"Os. Na Stoku Szkoła","imp":0.141,"d":2365},"geometry":{"type":"Point","coordinates":[20.027822,50.082499]}},{"type":"Feature","properties":{"t":"vec","sid":"s53","d":1377},"geometry":{"type":"LineString","coordinates":[[20.032785,50.09123],[20.016837,50.084262]]}},{"type":"Feature","properties":{"t":"gps","sid":"s53"},"geometry":{"type":"Point","coordinates":[20.032785,50.09123]}},{"type":"Feature","properties":{"t":"sch","sid":"s53","name":"Zajezdnia Bieńczyce","imp":0.146,"d":1377},"geometry":{"type":"Point","coordinates":[20.016837,50.084262]}},{"type":"Feature","properties":{"t":"vec","sid":"s54","d":1616},"geometry":{"type":"LineString","coordinates":[[20.03916,50.08927],[20.018668,50.083087]]}},{"type":"Feature","properties":{"t":"gps","sid":"s54"},"geometry":{"type":"Point","coordinates":[20.03916,50.08927]}},{"type":"Feature","properties":{"t":"sch","sid":"s54","name":"Nad Dłubnią","imp":0.086,"d":1616},"geometry":{"type":"Point","coordinates":[20.018668,50.083087]}},{"type":"Feature","properties":{"t":"vec","sid":"s55","d":1806},"geometry":{"type":"LineString","coordinates":[[20.042945,50.08942],[20.020499,50.081912]]}},{"type":"Feature","properties":{"t":"gps","sid":"s55"},"geometry":{"type":"Point","coordinates":[20.042945,50.08942]}},{"type":"Feature","properties":{"t":"sch","sid":"s55","name":"Makuszyńskiego","imp":0.086,"d":1806},"geometry":{"type":"Point","coordinates":[20.020499,50.081912]}},{"type":"Feature","properties":{"t":"vec","sid":"s56","d":978},"geometry":{"type":"LineString","coordinates":[[20.016147,50.091833],[20.005851,50.086024]]}},{"type":"Feature","properties":{"t":"gps","sid":"s56"},"geometry":{"type":"Point","coordinates":[20.016147,50.091833]}},{"type":"Feature","properties":{"t":"sch","sid":"s56","name":"Dunikowskiego","imp":0.253,"d":978},"geometry":{"type":"Point","coordinates":[20.005851,50.086024]}},{"type":"Feature","properties":{"t":"vec","sid":"s57","d":1146},"geometry":{"type":"LineString","coordinates":[[20.02189,50.090273],[20.011344,50.082499]]}},{"type":"Feature","properties":{"t":"gps","sid":"s57"},"geometry":{"type":"Point","coordinates":[20.02189,50.090273]}},{"type":"Feature","properties":{"t":"sch","sid":"s57","name":"Rondo Hipokratesa","imp":0.309,"d":1146},"geometry":{"type":"Point","coordinates":[20.011344,50.082499]}},{"type":"Feature","properties":{"t":"vec","sid":"s58","d":1264},"geometry":{"type":"LineString","coordinates":[[20.02767,50.08785],[20.013175,50.081324]]}},{"type":"Feature","properties":{"t":"gps","sid":"s58"},"geometry":{"type":"Point","coordinates":[20.02767,50.08785]}},{"type":"Feature","properties":{"t":"sch","sid":"s58","name":"Os. Jagiellońskie","imp":0.118,"d":1264},"geometry":{"type":"Point","coordinates":[20.013175,50.081324]}},{"type":"Feature","properties":{"t":"vec","sid":"s59","d":1153},"geometry":{"type":"LineString","coordinates":[[20.030155,50.083765],[20.015006,50.080149]]}},{"type":"Feature","properties":{"t":"gps","sid":"s59"},"geometry":{"type":"Point","coordinates":[20.030155,50.083765]}},{"type":"Feature","properties":{"t":"sch","sid":"s59","name":"Arka Pana","imp":0.118,"d":1153},"geometry":{"type":"Point","coordinates":[20.015006,50.080149]}},{"type":"Feature","properties":{"t":"vec","sid":"s60","d":1294},"geometry":{"type":"LineString","coordinates":[[20.04088,50.081145],[20.025076,50.075448]]}},{"type":"Feature","properties":{"t":"gps","sid":"s60"},"geometry":{"type":"Point","coordinates":[20.04088,50.081145]}},{"type":"Feature","properties":{"t":"sch","sid":"s60","name":"Os. Górali","imp":0.09,"d":1294},"geometry":{"type":"Point","coordinates":[20.025076,50.075448]}},{"type":"Feature","properties":{"t":"vec","sid":"s61","d":1442},"geometry":{"type":"LineString","coordinates":[[20.04568,50.079245],[20.027822,50.073169]]}},{"type":"Feature","properties":{"t":"gps","sid":"s61"},"geometry":{"type":"Point","coordinates":[20.04568,50.079245]}},{"type":"Feature","properties":{"t":"sch","sid":"s61","name":"Os. Zielone","imp":0.07,"d":1442},"geometry":{"type":"Point","coordinates":[20.027822,50.073169]}},{"type":"Feature","properties":{"t":"vec","sid":"s62","d":1234},"geometry":{"type":"LineString","coordinates":[[20.03891,50.07861],[20.022329,50.075448]]}},{"type":"Feature","properties":{"t":"gps","sid":"s62"},"geometry":{"type":"Point","coordinates":[20.03891,50.07861]}},{"type":"Feature","properties":{"t":"sch","sid":"s62","name":"Żeromskiego","imp":0.138,"d":1234},"geometry":{"type":"Point","coordinates":[20.022329,50.075448]}},{"type":"Feature","properties":{"t":"vec","sid":"s63","d":214},"geometry":{"type":"LineString","coordinates":[[20.000105,50.08482],[19.999714,50.082912]]}},{"type":"Feature","properties":{"t":"gps","sid":"s63"},"geometry":{"type":"Point","coordinates":[20.000105,50.08482]}},{"type":"Feature","properties":{"t":"sch","sid":"s63","name":"Os. Dywizjonu 303","imp":0.054,"d":214},"geometry":{"type":"Point","coordinates":[19.999714,50.082912]}},{"type":"Feature","properties":{"t":"vec","sid":"s64","d":823},"geometry":{"type":"LineString","coordinates":[[19.906285,50.07563],[19.895993,50.078974]]}},{"type":"Feature","properties":{"t":"gps","sid":"s64"},"geometry":{"type":"Point","coordinates":[19.906285,50.07563]}},{"type":"Feature","properties":{"t":"sch","sid":"s64","name":"Głowackiego","imp":0.138,"d":823},"geometry":{"type":"Point","coordinates":[19.895993,50.078974]}},{"type":"Feature","properties":{"t":"vec","sid":"s65","d":629},"geometry":{"type":"LineString","coordinates":[[20.01465,50.07814],[20.005851,50.078386]]}},{"type":"Feature","properties":{"t":"gps","sid":"s65"},"geometry":{"type":"Point","coordinates":[20.01465,50.07814]}},{"type":"Feature","properties":{"t":"sch","sid":"s65","name":"Dąbrowskiej","imp":0.054,"d":629},"geometry":{"type":"Point","coordinates":[20.005851,50.078386]}},{"type":"Feature","properties":{"t":"vec","sid":"s66","d":846},"geometry":{"type":"LineString","coordinates":[[20.016645,50.08271],[20.005851,50.079561]]}},{"type":"Feature","properties":{"t":"gps","sid":"s66"},"geometry":{"type":"Point","coordinates":[20.016645,50.08271]}},{"type":"Feature","properties":{"t":"sch","sid":"s66","name":"Os. Kościuszkowskie","imp":0.054,"d":846},"geometry":{"type":"Point","coordinates":[20.005851,50.079561]}},{"type":"Feature","properties":{"t":"vec","sid":"s67","d":90},"geometry":{"type":"LineString","coordinates":[[20.011027,50.06566],[20.011344,50.064872]]}},{"type":"Feature","properties":{"t":"gps","sid":"s67"},"geometry":{"type":"Point","coordinates":[20.011027,50.06566]}},{"type":"Feature","properties":{"t":"sch","sid":"s67","name":"Sołtysowska","imp":0.09,"d":90},"geometry":{"type":"Point","coordinates":[20.011344,50.064872]}},{"type":"Feature","properties":{"t":"vec","sid":"s68","d":101},"geometry":{"type":"LineString","coordinates":[[20.01446,50.064155],[20.013404,50.06355]]}},{"type":"Feature","properties":{"t":"gps","sid":"s68"},"geometry":{"type":"Point","coordinates":[20.01446,50.064155]}},{"type":"Feature","properties":{"t":"sch","sid":"s68","name":"Sołtysowska Zakłady","imp":0.054,"d":101},"geometry":{"type":"Point","coordinates":[20.013404,50.06355]}},{"type":"Feature","properties":{"t":"vec","sid":"s69","d":331},"geometry":{"type":"LineString","coordinates":[[20.01874,50.064335],[20.015463,50.062228]]}},{"type":"Feature","properties":{"t":"gps","sid":"s69"},"geometry":{"type":"Point","coordinates":[20.01874,50.064335]}},{"type":"Feature","properties":{"t":"sch","sid":"s69","name":"Sołtysowska Osiedle","imp":0.054,"d":331},"geometry":{"type":"Point","coordinates":[20.015463,50.062228]}},{"type":"Feature","properties":{"t":"vec","sid":"s70","d":642},"geometry":{"type":"LineString","coordinates":[[20.031285,50.058325],[20.022329,50.057822]]}},{"type":"Feature","properties":{"t":"gps","sid":"s70"},"geometry":{"type":"Point","coordinates":[20.031285,50.058325]}},{"type":"Feature","properties":{"t":"sch","sid":"s70","name":"Sochy","imp":0.074,"d":642},"geometry":{"type":"Point","coordinates":[20.022329,50.057822]}},{"type":"Feature","properties":{"t":"vec","sid":"s71","d":103},"geometry":{"type":"LineString","coordinates":[[20.0148,50.05708],[20.01566,50.057822]]}},{"type":"Feature","properties":{"t":"gps","sid":"s71"},"geometry":{"type":"Point","coordinates":[20.0148,50.05708]}},{"type":"Feature","properties":{"t":"sch","sid":"s71","name":"Siwka","imp":0.054,"d":103},"geometry":{"type":"Point","coordinates":[20.01566,50.057822]}},{"type":"Feature","properties":{"t":"vec","sid":"s72","d":325},"geometry":{"type":"LineString","coordinates":[[20.021135,50.058785],[20.016837,50.057822]]}},{"type":"Feature","properties":{"t":"gps","sid":"s72"},"geometry":{"type":"Point","coordinates":[20.021135,50.058785]}},{"type":"Feature","properties":{"t":"sch","sid":"s72","name":"Ogłęczyzna","imp":0.109,"d":325},"geometry":{"type":"Point","coordinates":[20.016837,50.057822]}},{"type":"Feature","properties":{"t":"vec","sid":"s73","d":326},"geometry":{"type":"LineString","coordinates":[[20.024065,50.060155],[20.019583,50.059584]]}},{"type":"Feature","properties":{"t":"gps","sid":"s73"},"geometry":{"type":"Point","coordinates":[20.024065,50.060155]}},{"type":"Feature","properties":{"t":"sch","sid":"s73","name":"Na Załęczu","imp":0.09,"d":326},"geometry":{"type":"Point","coordinates":[20.019583,50.059584]}},{"type":"Feature","properties":{"t":"vec","sid":"s74","d":800},"geometry":{"type":"LineString","coordinates":[[20.03628,50.05635],[20.025076,50.056059]]}},{"type":"Feature","properties":{"t":"gps","sid":"s74"},"geometry":{"type":"Point","coordinates":[20.03628,50.05635]}},{"type":"Feature","properties":{"t":"sch","sid":"s74","name":"Podbipięty","imp":0.054,"d":800},"geometry":{"type":"Point","coordinates":[20.025076,50.056059]}},{"type":"Feature","properties":{"t":"vec","sid":"s75","d":1248},"geometry":{"type":"LineString","coordinates":[[20.04531,50.054075],[20.027822,50.054296]]}},{"type":"Feature","properties":{"t":"gps","sid":"s75"},"geometry":{"type":"Point","coordinates":[20.04531,50.054075]}},{"type":"Feature","properties":{"t":"sch","sid":"s75","name":"Lesisko","imp":0.189,"d":1248},"geometry":{"type":"Point","coordinates":[20.027822,50.054296]}},{"type":"Feature","properties":{"t":"vec","sid":"s76","d":1556},"geometry":{"type":"LineString","coordinates":[[20.049555,50.05492],[20.027822,50.056059]]}},{"type":"Feature","properties":{"t":"gps","sid":"s76"},"geometry":{"type":"Point","coordinates":[20.049555,50.05492]}},{"type":"Feature","properties":{"t":"sch","sid":"s76","name":"Lasek Mogilski","imp":0.07,"d":1556},"geometry":{"type":"Point","coordinates":[20.027822,50.056059]}},{"type":"Feature","properties":{"t":"vec","sid":"s77","d":1610},"geometry":{"type":"LineString","coordinates":[[20.05027,50.059275],[20.027822,50.057822]]}},{"type":"Feature","properties":{"t":"gps","sid":"s77"},"geometry":{"type":"Point","coordinates":[20.05027,50.059275]}},{"type":"Feature","properties":{"t":"sch","sid":"s77","name":"Stare Wiślisko","imp":0.07,"d":1610},"geometry":{"type":"Point","coordinates":[20.027822,50.057822]}},{"type":"Feature","properties":{"t":"vec","sid":"s78","d":1826},"geometry":{"type":"LineString","coordinates":[[20.052125,50.064735],[20.027822,50.059584]]}},{"type":"Feature","properties":{"t":"gps","sid":"s78"},"geometry":{"type":"Point","coordinates":[20.052125,50.064735]}},{"type":"Feature","properties":{"t":"sch","sid":"s78","name":"Klasztor Cystersów","imp":0.07,"d":1826},"geometry":{"type":"Point","coordinates":[20.027822,50.059584]}},{"type":"Feature","properties":{"t":"vec","sid":"s79","d":1759},"geometry":{"type":"LineString","coordinates":[[20.051335,50.0661],[20.027822,50.061347]]}},{"type":"Feature","properties":{"t":"gps","sid":"s79"},"geometry":{"type":"Point","coordinates":[20.051335,50.0661]}},{"type":"Feature","properties":{"t":"sch","sid":"s79","name":"Sieroszewskiego","imp":0.07,"d":1759},"geometry":{"type":"Point","coordinates":[20.027822,50.061347]}},{"type":"Feature","properties":{"t":"vec","sid":"s80","d":1401},"geometry":{"type":"LineString","coordinates":[[20.04675,50.06647],[20.027822,50.06311]]}},{"type":"Feature","properties":{"t":"gps","sid":"s80"},"geometry":{"type":"Point","coordinates":[20.04675,50.06647]}},{"type":"Feature","properties":{"t":"sch","sid":"s80","name":"Szpital Żeromskiego","imp":0.07,"d":1401},"geometry":{"type":"Point","coordinates":[20.027822,50.06311]}},{"type":"Feature","properties":{"t":"vec","sid":"s81","d":1395},"geometry":{"type":"LineString","coordinates":[[20.046021,50.069453],[20.027822,50.064872]]}},{"type":"Feature","properties":{"t":"gps","sid":"s81"},"geometry":{"type":"Point","coordinates":[20.046021,50.069453]}},{"type":"Feature","properties":{"t":"sch","sid":"s81","name":"Os. Na Skarpie","imp":0.221,"d":1395},"geometry":{"type":"Point","coordinates":[20.027822,50.064872]}},{"type":"Feature","properties":{"t":"vec","sid":"s82","d":1575},"geometry":{"type":"LineString","coordinates":[[20.051831,50.068679],[20.030569,50.064872]]}},{"type":"Feature","properties":{"t":"gps","sid":"s82"},"geometry":{"type":"Point","coordinates":[20.051831,50.068679]}},{"type":"Feature","properties":{"t":"sch","sid":"s82","name":"Klasztorna","imp":0.24,"d":1575},"geometry":{"type":"Point","coordinates":[20.030569,50.064872]}},{"type":"Feature","properties":{"t":"vec","sid":"s83","d":1477},"geometry":{"type":"LineString","coordinates":[[20.04866,50.06939],[20.029196,50.064872]]}},{"type":"Feature","properties":{"t":"gps","sid":"s83"},"geometry":{"type":"Point","coordinates":[20.04866,50.06939]}},{"type":"Feature","properties":{"t":"sch","sid":"s83","name":"Os. Wandy","imp":0.07,"d":1477},"geometry":{"type":"Point","coordinates":[20.029196,50.064872]}},{"type":"Feature","properties":{"t":"vec","sid":"s84","d":1704},"geometry":{"type":"LineString","coordinates":[[20.053575,50.0725],[20.030569,50.068398]]}},{"type":"Feature","properties":{"t":"gps","sid":"s84"},"geometry":{"type":"Point","coordinates":[20.053575,50.0725]}},{"type":"Feature","properties":{"t":"sch","sid":"s84","name":"Os. Willowe","imp":0.16,"d":1704},"geometry":{"type":"Point","coordinates":[20.030569,50.068398]}},{"type":"Feature","properties":{"t":"vec","sid":"s85","d":1695},"geometry":{"type":"LineString","coordinates":[[20.052687,50.075705],[20.030569,50.07016]]}},{"type":"Feature","properties":{"t":"gps","sid":"s85"},"geometry":{"type":"Point","coordinates":[20.052687,50.075705]}},{"type":"Feature","properties":{"t":"sch","sid":"s85","name":"Zalew Nowohucki","imp":0.264,"d":1695},"geometry":{"type":"Point","coordinates":[20.030569,50.07016]}},{"type":"Feature","properties":{"t":"vec","sid":"s86","d":2302},"geometry":{"type":"LineString","coordinates":[[20.065634,50.083712],[20.036062,50.075448]]}},{"type":"Feature","properties":{"t":"gps","sid":"s86"},"geometry":{"type":"Point","coordinates":[20.065634,50.083712]}},{"type":"Feature","properties":{"t":"sch","sid":"s86","name":"Zajezdnia Nowa Huta","imp":0.142,"d":2302},"geometry":{"type":"Point","coordinates":[20.036062,50.075448]}},{"type":"Feature","properties":{"t":"vec","sid":"s87","d":2372},"geometry":{"type":"LineString","coordinates":[[20.064822,50.087905],[20.036062,50.077211]]}},{"type":"Feature","properties":{"t":"gps","sid":"s87"},"geometry":{"type":"Point","coordinates":[20.064822,50.087905]}},{"type":"Feature","properties":{"t":"sch","sid":"s87","name":"Elektromontaż","imp":0.157,"d":2372},"geometry":{"type":"Point","coordinates":[20.036062,50.077211]}},{"type":"Feature","properties":{"t":"vec","sid":"s88","d":2731},"geometry":{"type":"LineString","coordinates":[[20.073765,50.088525],[20.038808,50.078533]]}},{"type":"Feature","properties":{"t":"gps","sid":"s88"},"geometry":{"type":"Point","coordinates":[20.073765,50.088525]}},{"type":"Feature","properties":{"t":"sch","sid":"s88","name":"Lubocza SKA","imp":0.07,"d":2731},"geometry":{"type":"Point","coordinates":[20.038808,50.078533]}},{"type":"Feature","properties":{"t":"vec","sid":"s89","d":2911},"geometry":{"type":"LineString","coordinates":[[20.07547,50.09221],[20.038808,50.080736]]}},{"type":"Feature","properties":{"t":"gps","sid":"s89"},"geometry":{"type":"Point","coordinates":[20.07547,50.09221]}},{"type":"Feature","properties":{"t":"sch","sid":"s89","name":"Lubocza Bugaj","imp":0.106,"d":2911},"geometry":{"type":"Point","coordinates":[20.038808,50.080736]}},{"type":"Feature","properties":{"t":"vec","sid":"s90","d":3465},"geometry":{"type":"LineString","coordinates":[[20.084105,50.094905],[20.040181,50.081618]]}},{"type":"Feature","properties":{"t":"gps","sid":"s90"},"geometry":{"type":"Point","coordinates":[20.084105,50.094905]}},{"type":"Feature","properties":{"t":"sch","sid":"s90","name":"Lubocza Przychodnia","imp":0.086,"d":3465},"geometry":{"type":"Point","coordinates":[20.040181,50.081618]}},{"type":"Feature","properties":{"t":"vec","sid":"s91","d":3969},"geometry":{"type":"LineString","coordinates":[[20.09348,50.09529],[20.041555,50.082499]]}},{"type":"Feature","properties":{"t":"gps","sid":"s91"},"geometry":{"type":"Point","coordinates":[20.09348,50.09529]}},{"type":"Feature","properties":{"t":"sch","sid":"s91","name":"Lubocza Szkoła","imp":0.106,"d":3969},"geometry":{"type":"Point","coordinates":[20.041555,50.082499]}},{"type":"Feature","properties":{"t":"vec","sid":"s92","d":4223},"geometry":{"type":"LineString","coordinates":[[20.100515,50.094365],[20.044301,50.082499]]}},{"type":"Feature","properties":{"t":"gps","sid":"s92"},"geometry":{"type":"Point","coordinates":[20.100515,50.094365]}},{"type":"Feature","properties":{"t":"sch","sid":"s92","name":"Lubocza Trafo","imp":0.07,"d":4223},"geometry":{"type":"Point","coordinates":[20.044301,50.082499]}},{"type":"Feature","properties":{"t":"vec","sid":"s93","d":5407},"geometry":{"type":"LineString","coordinates":[[20.119565,50.096585],[20.047048,50.082499]]}},{"type":"Feature","properties":{"t":"gps","sid":"s93"},"geometry":{"type":"Point","coordinates":[20.119565,50.096585]}},{"type":"Feature","properties":{"t":"sch","sid":"s93","name":"Wadowska","imp":0.07,"d":5407},"geometry":{"type":"Point","coordinates":[20.047048,50.082499]}},{"type":"Feature","properties":{"t":"vec","sid":"s94","d":5577},"geometry":{"type":"LineString","coordinates":[[20.12448,50.097275],[20.049794,50.082499]]}},{"type":"Feature","properties":{"t":"gps","sid":"s94"},"geometry":{"type":"Point","coordinates":[20.12448,50.097275]}},{"type":"Feature","properties":{"t":"sch","sid":"s94","name":"Wadów","imp":0.07,"d":5577},"geometry":{"type":"Point","coordinates":[20.049794,50.082499]}},{"type":"Feature","properties":{"t":"vec","sid":"s95","d":5581},"geometry":{"type":"LineString","coordinates":[[20.125495,50.100575],[20.05254,50.082499]]}},{"type":"Feature","properties":{"t":"gps","sid":"s95"},"geometry":{"type":"Point","coordinates":[20.125495,50.100575]}},{"type":"Feature","properties":{"t":"sch","sid":"s95","name":"Wadów Szkoła","imp":0.106,"d":5581},"geometry":{"type":"Point","coordinates":[20.05254,50.082499]}},{"type":"Feature","properties":{"t":"vec","sid":"s96","d":5642},"geometry":{"type":"LineString","coordinates":[[20.121665,50.10634],[20.051167,50.08338]]}},{"type":"Feature","properties":{"t":"gps","sid":"s96"},"geometry":{"type":"Point","coordinates":[20.121665,50.10634]}},{"type":"Feature","properties":{"t":"sch","sid":"s96","name":"Wadów Osiedle","imp":0.086,"d":5642},"geometry":{"type":"Point","coordinates":[20.051167,50.08338]}},{"type":"Feature","properties":{"t":"vec","sid":"s97","d":5836},"geometry":{"type":"LineString","coordinates":[[20.119815,50.11137],[20.049794,50.084262]]}},{"type":"Feature","properties":{"t":"gps","sid":"s97"},"geometry":{"type":"Point","coordinates":[20.119815,50.11137]}},{"type":"Feature","properties":{"t":"sch","sid":"s97","name":"Łuczanowice Skrzyżowanie","imp":0.086,"d":5836},"geometry":{"type":"Point","coordinates":[20.049794,50.084262]}},{"type":"Feature","properties":{"t":"vec","sid":"s98","d":5456},"geometry":{"type":"LineString","coordinates":[[20.114565,50.109755],[20.048421,50.085143]]}},{"type":"Feature","properties":{"t":"gps","sid":"s98"},"geometry":{"type":"Point","coordinates":[20.114565,50.109755]}},{"type":"Feature","properties":{"t":"sch","sid":"s98","name":"Bystronia","imp":0.086,"d":5456},"geometry":{"type":"Point","coordinates":[20.048421,50.085143]}},{"type":"Feature","properties":{"t":"vec","sid":"s99","d":5126},"geometry":{"type":"LineString","coordinates":[[20.110805,50.10726],[20.047048,50.086024]]}},{"type":"Feature","properties":{"t":"gps","sid":"s99"},"geometry":{"type":"Point","coordinates":[20.110805,50.10726]}},{"type":"Feature","properties":{"t":"sch","sid":"s99","name":"Łuczanowice","imp":0.125,"d":5126},"geometry":{"type":"Point","coordinates":[20.047048,50.086024]}},{"type":"Feature","properties":{"t":"vec","sid":"s100","d":5790},"geometry":{"type":"LineString","coordinates":[[20.128715,50.097075],[20.052697,50.078873]]}},{"type":"Feature","properties":{"t":"gps","sid":"s100"},"geometry":{"type":"Point","coordinates":[20.128715,50.097075]}},{"type":"Feature","properties":{"t":"sch","sid":"s100","name":"Wadów Os. Kolejowe","imp":0.054,"d":5790},"geometry":{"type":"Point","coordinates":[20.052697,50.078873]}},{"type":"Feature","properties":{"t":"vec","sid":"s101","d":5740},"geometry":{"type":"LineString","coordinates":[[20.13287,50.092945],[20.056739,50.076279]]}},{"type":"Feature","properties":{"t":"gps","sid":"s101"},"geometry":{"type":"Point","coordinates":[20.13287,50.092945]}},{"type":"Feature","properties":{"t":"sch","sid":"s101","name":"Wadów Glinik","imp":0.054,"d":5740},"geometry":{"type":"Point","coordinates":[20.056739,50.076279]}},{"type":"Feature","properties":{"t":"vec","sid":"s102","d":3087},"geometry":{"type":"LineString","coordinates":[[20.081255,50.063375],[20.038165,50.060934]]}},{"type":"Feature","properties":{"t":"gps","sid":"s102"},"geometry":{"type":"Point","coordinates":[20.081255,50.063375]}},{"type":"Feature","properties":{"t":"sch","sid":"s102","name":"Giedroycia","imp":0.054,"d":3087},"geometry":{"type":"Point","coordinates":[20.038165,50.060934]}},{"type":"Feature","properties":{"t":"vec","sid":"s103","d":4542},"geometry":{"type":"LineString","coordinates":[[20.117115,50.072807],[20.055287,50.06311]]}},{"type":"Feature","properties":{"t":"gps","sid":"s103"},"geometry":{"type":"Point","coordinates":[20.117115,50.072807]}},{"type":"Feature","properties":{"t":"sch","sid":"s103","name":"Pleszów","imp":0.39,"d":4542},"geometry":{"type":"Point","coordinates":[20.055287,50.06311]}},{"type":"Feature","properties":{"t":"vec","sid":"s104","d":5070},"geometry":{"type":"LineString","coordinates":[[20.12628,50.073515],[20.056774,50.064064]]}},{"type":"Feature","properties":{"t":"gps","sid":"s104"},"geometry":{"type":"Point","coordinates":[20.12628,50.073515]}},{"type":"Feature","properties":{"t":"sch","sid":"s104","name":"Brama nr 8","imp":0.134,"d":5070},"geometry":{"type":"Point","coordinates":[20.056774,50.064064]}},{"type":"Feature","properties":{"t":"vec","sid":"s105","d":5770},"geometry":{"type":"LineString","coordinates":[[20.139345,50.07508],[20.059748,50.065973]]}},{"type":"Feature","properties":{"t":"gps","sid":"s105"},"geometry":{"type":"Point","coordinates":[20.139345,50.07508]}},{"type":"Feature","properties":{"t":"sch","sid":"s105","name":"Szymańskiego","imp":0.134,"d":5770},"geometry":{"type":"Point","coordinates":[20.059748,50.065973]}},{"type":"Feature","properties":{"t":"vec","sid":"s106","d":6719},"geometry":{"type":"LineString","coordinates":[[20.1562,50.077272],[20.063526,50.066635]]}},{"type":"Feature","properties":{"t":"gps","sid":"s106"},"geometry":{"type":"Point","coordinates":[20.1562,50.077272]}},{"type":"Feature","properties":{"t":"sch","sid":"s106","name":"Wyciąska","imp":0.192,"d":6719},"geometry":{"type":"Point","coordinates":[20.063526,50.066635]}},{"type":"Feature","properties":{"t":"vec","sid":"s107","d":6574},"geometry":{"type":"LineString","coordinates":[[20.14982,50.08496],[20.06078,50.069795]]}},{"type":"Feature","properties":{"t":"gps","sid":"s107"},"geometry":{"type":"Point","coordinates":[20.14982,50.08496]}},{"type":"Feature","properties":{"t":"sch","sid":"s107","name":"Cmentarz Ruszcza","imp":0.086,"d":6574},"geometry":{"type":"Point","coordinates":[20.06078,50.069795]}},{"type":"Feature","properties":{"t":"vec","sid":"s108","d":6287},"geometry":{"type":"LineString","coordinates":[[20.14642,50.08694],[20.06078,50.073686]]}},{"type":"Feature","properties":{"t":"gps","sid":"s108"},"geometry":{"type":"Point","coordinates":[20.14642,50.08694]}},{"type":"Feature","properties":{"t":"sch","sid":"s108","name":"Ruszcza","imp":0.11,"d":6287},"geometry":{"type":"Point","coordinates":[20.06078,50.073686]}},{"type":"Feature","properties":{"t":"vec","sid":"s109","d":6882},"geometry":{"type":"LineString","coordinates":[[20.160365,50.079545],[20.065629,50.067985]]}},{"type":"Feature","properties":{"t":"gps","sid":"s109"},"geometry":{"type":"Point","coordinates":[20.160365,50.079545]}},{"type":"Feature","properties":{"t":"sch","sid":"s109","name":"Janówka","imp":0.07,"d":6882},"geometry":{"type":"Point","coordinates":[20.065629,50.067985]}},{"type":"Feature","properties":{"t":"vec","sid":"s110","d":7226},"geometry":{"type":"LineString","coordinates":[[20.16623,50.0844],[20.067732,50.069334]]}},{"type":"Feature","properties":{"t":"gps","sid":"s110"},"geometry":{"type":"Point","coordinates":[20.16623,50.0844]}},{"type":"Feature","properties":{"t":"sch","sid":"s110","name":"Błonia Kościelnickie","imp":0.07,"d":7226},"geometry":{"type":"Point","coordinates":[20.067732,50.069334]}},{"type":"Feature","properties":{"t":"vec","sid":"s111","d":7766},"geometry":{"type":"LineString","coordinates":[[20.174325,50.088515],[20.069019,50.070901]]}},{"type":"Feature","properties":{"t":"gps","sid":"s111"},"geometry":{"type":"Point","coordinates":[20.174325,50.088515]}},{"type":"Feature","properties":{"t":"sch","sid":"s111","name":"Kościelniki","imp":0.07,"d":7766},"geometry":{"type":"Point","coordinates":[20.069019,50.070901]}},{"type":"Feature","properties":{"t":"vec","sid":"s112","d":8368},"geometry":{"type":"LineString","coordinates":[[20.18124,50.096545],[20.069019,50.074718]]}},{"type":"Feature","properties":{"t":"gps","sid":"s112"},"geometry":{"type":"Point","coordinates":[20.18124,50.096545]}},{"type":"Feature","properties":{"t":"sch","sid":"s112","name":"Zabłocie Kościelnickie","imp":0.07,"d":8368},"geometry":{"type":"Point","coordinates":[20.069019,50.074718]}},{"type":"Feature","properties":{"t":"vec","sid":"s113","d":8176},"geometry":{"type":"LineString","coordinates":[[20.17833,50.09865],[20.069019,50.076627]]}},{"type":"Feature","properties":{"t":"gps","sid":"s113"},"geometry":{"type":"Point","coordinates":[20.17833,50.09865]}},{"type":"Feature","properties":{"t":"sch","sid":"s113","name":"Resztówka","imp":0.07,"d":8176},"geometry":{"type":"Point","coordinates":[20.069019,50.076627]}},{"type":"Feature","properties":{"t":"vec","sid":"s114","d":7873},"geometry":{"type":"LineString","coordinates":[[20.17137,50.104955],[20.069019,50.078536]]}},{"type":"Feature","properties":{"t":"gps","sid":"s114"},"geometry":{"type":"Point","coordinates":[20.17137,50.104955]}},{"type":"Feature","properties":{"t":"sch","sid":"s114","name":"Ostafina","imp":0.07,"d":7873},"geometry":{"type":"Point","coordinates":[20.069019,50.078536]}},{"type":"Feature","properties":{"t":"vec","sid":"s115","d":8263},"geometry":{"type":"LineString","coordinates":[[20.1755,50.10962],[20.069019,50.080444]]}},{"type":"Feature","properties":{"t":"gps","sid":"s115"},"geometry":{"type":"Point","coordinates":[20.1755,50.10962]}},{"type":"Feature","properties":{"t":"sch","sid":"s115","name":"Hektary","imp":0.07,"d":8263},"geometry":{"type":"Point","coordinates":[20.069019,50.080444]}},{"type":"Feature","properties":{"t":"vec","sid":"s116","d":8778},"geometry":{"type":"LineString","coordinates":[[20.182455,50.112865],[20.069019,50.082353]]}},{"type":"Feature","properties":{"t":"gps","sid":"s116"},"geometry":{"type":"Point","coordinates":[20.182455,50.112865]}},{"type":"Feature","properties":{"t":"sch","sid":"s116","name":"Wróżenice Górka","imp":0.07,"d":8778},"geometry":{"type":"Point","coordinates":[20.069019,50.082353]}},{"type":"Feature","properties":{"t":"vec","sid":"s117","d":9206},"geometry":{"type":"LineString","coordinates":[[20.18962,50.11365],[20.069019,50.084262]]}},{"type":"Feature","properties":{"t":"gps","sid":"s117"},"geometry":{"type":"Point","coordinates":[20.18962,50.11365]}},{"type":"Feature","properties":{"t":"sch","sid":"s117","name":"Wróżenice","imp":0.094,"d":9206},"geometry":{"type":"Point","coordinates":[20.069019,50.084262]}},{"type":"Feature","properties":{"t":"vec","sid":"s118","d":8277},"geometry":{"type":"LineString","coordinates":[[20.17822,50.11228],[20.069019,50.0872]]}},{"type":"Feature","properties":{"t":"gps","sid":"s118"},"geometry":{"type":"Point","coordinates":[20.17822,50.11228]}},{"type":"Feature","properties":{"t":"sch","sid":"s118","name":"Wróżenicka","imp":0.054,"d":8277},"geometry":{"type":"Point","coordinates":[20.069019,50.0872]}},{"type":"Feature","properties":{"t":"vec","sid":"s119","d":7275},"geometry":{"type":"LineString","coordinates":[[20.163685,50.077965],[20.063887,50.064641]]}},{"type":"Feature","properties":{"t":"gps","sid":"s119"},"geometry":{"type":"Point","coordinates":[20.163685,50.077965]}},{"type":"Feature","properties":{"t":"sch","sid":"s119","name":"Wyciąże Północ","imp":0.07,"d":7275},"geometry":{"type":"Point","coordinates":[20.063887,50.064641]}},{"type":"Feature","properties":{"t":"vec","sid":"s120","d":7935},"geometry":{"type":"LineString","coordinates":[[20.1745,50.07928],[20.066189,50.063163]]}},{"type":"Feature","properties":{"t":"gps","sid":"s120"},"geometry":{"type":"Point","coordinates":[20.1745,50.07928]}},{"type":"Feature","properties":{"t":"sch","sid":"s120","name":"Czeczeńska","imp":0.07,"d":7935},"geometry":{"type":"Point","coordinates":[20.066189,50.063163]}},{"type":"Feature","properties":{"t":"vec","sid":"s121","d":8633},"geometry":{"type":"LineString","coordinates":[[20.185995,50.080145],[20.068492,50.061685]]}},{"type":"Feature","properties":{"t":"gps","sid":"s121"},"geometry":{"type":"Point","coordinates":[20.185995,50.080145]}},{"type":"Feature","properties":{"t":"sch","sid":"s121","name":"Cło","imp":0.07,"d":8633},"geometry":{"type":"Point","coordinates":[20.068492,50.061685]}},{"type":"Feature","properties":{"t":"vec","sid":"s122","d":8381},"geometry":{"type":"LineString","coordinates":[[20.18965,50.06799],[20.073097,50.05873]]}},{"type":"Feature","properties":{"t":"gps","sid":"s122"},"geometry":{"type":"Point","coordinates":[20.18965,50.06799]}},{"type":"Feature","properties":{"t":"sch","sid":"s122","name":"Zakępie","imp":0.07,"d":8381},"geometry":{"type":"Point","coordinates":[20.073097,50.05873]}},{"type":"Feature","properties":{"t":"vec","sid":"s123","d":8513},"geometry":{"type":"LineString","coordinates":[[20.194365,50.06294],[20.0754,50.057252]]}},{"type":"Feature","properties":{"t":"gps","sid":"s123"},"geometry":{"type":"Point","coordinates":[20.194365,50.06294]}},{"type":"Feature","properties":{"t":"sch","sid":"s123","name":"ks. Luzara","imp":0.07,"d":8513},"geometry":{"type":"Point","coordinates":[20.0754,50.057252]}},{"type":"Feature","properties":{"t":"vec","sid":"s124","d":8905},"geometry":{"type":"LineString","coordinates":[[20.202485,50.05604],[20.077702,50.055774]]}},{"type":"Feature","properties":{"t":"gps","sid":"s124"},"geometry":{"type":"Point","coordinates":[20.202485,50.05604]}},{"type":"Feature","properties":{"t":"sch","sid":"s124","name":"Betonowa","imp":0.07,"d":8905},"geometry":{"type":"Point","coordinates":[20.077702,50.055774]}},{"type":"Feature","properties":{"t":"vec","sid":"s125","d":9055},"geometry":{"type":"LineString","coordinates":[[20.20683,50.05191],[20.080005,50.054296]]}},{"type":"Feature","properties":{"t":"gps","sid":"s125"},"geometry":{"type":"Point","coordinates":[20.20683,50.05191]}},{"type":"Feature","properties":{"t":"sch","sid":"s125","name":"Wolica Most","imp":0.106,"d":9055},"geometry":{"type":"Point","coordinates":[20.080005,50.054296]}},{"type":"Feature","properties":{"t":"vec","sid":"s126","d":6681},"geometry":{"type":"LineString","coordinates":[[20.158405,50.072165],[20.065368,50.065453]]}},{"type":"Feature","properties":{"t":"gps","sid":"s126"},"geometry":{"type":"Point","coordinates":[20.158405,50.072165]}},{"type":"Feature","properties":{"t":"sch","sid":"s126","name":"Wyciąże Sklep","imp":0.086,"d":6681},"geometry":{"type":"Point","coordinates":[20.065368,50.065453]}},{"type":"Feature","properties":{"t":"vec","sid":"s127","d":6843},"geometry":{"type":"LineString","coordinates":[[20.16273,50.069655],[20.06721,50.064271]]}},{"type":"Feature","properties":{"t":"gps","sid":"s127"},"geometry":{"type":"Point","coordinates":[20.16273,50.069655]}},{"type":"Feature","properties":{"t":"sch","sid":"s127","name":"Tymiankowa","imp":0.086,"d":6843},"geometry":{"type":"Point","coordinates":[20.06721,50.064271]}},{"type":"Feature","properties":{"t":"vec","sid":"s128","d":7018},"geometry":{"type":"LineString","coordinates":[[20.167035,50.068495],[20.069052,50.063088]]}},{"type":"Feature","properties":{"t":"gps","sid":"s128"},"geometry":{"type":"Point","coordinates":[20.167035,50.068495]}},{"type":"Feature","properties":{"t":"sch","sid":"s128","name":"Podstawie","imp":0.086,"d":7018},"geometry":{"type":"Point","coordinates":[20.069052,50.063088]}},{"type":"Feature","properties":{"t":"vec","sid":"s129","d":6958},"geometry":{"type":"LineString","coordinates":[[20.168265,50.065095],[20.070894,50.061906]]}},{"type":"Feature","properties":{"t":"gps","sid":"s129"},"geometry":{"type":"Point","coordinates":[20.168265,50.065095]}},{"type":"Feature","properties":{"t":"sch","sid":"s129","name":"Drożyska","imp":0.086,"d":6958},"geometry":{"type":"Point","coordinates":[20.070894,50.061906]}},{"type":"Feature","properties":{"t":"vec","sid":"s130","d":7409},"geometry":{"type":"LineString","coordinates":[[20.17653,50.05913],[20.072737,50.060724]]}},{"type":"Feature","properties":{"t":"gps","sid":"s130"},"geometry":{"type":"Point","coordinates":[20.17653,50.05913]}},{"type":"Feature","properties":{"t":"sch","sid":"s130","name":"Przylasek Wyciąski","imp":0.086,"d":7409},"geometry":{"type":"Point","coordinates":[20.072737,50.060724]}},{"type":"Feature","properties":{"t":"vec","sid":"s131","d":7586},"geometry":{"type":"LineString","coordinates":[[20.18082,50.05722],[20.074579,50.059542]]}},{"type":"Feature","properties":{"t":"gps","sid":"s131"},"geometry":{"type":"Point","coordinates":[20.18082,50.05722]}},{"type":"Feature","properties":{"t":"sch","sid":"s131","name":"Siejówka","imp":0.086,"d":7586},"geometry":{"type":"Point","coordinates":[20.074579,50.059542]}},{"type":"Feature","properties":{"t":"vec","sid":"s132","d":7895},"geometry":{"type":"LineString","coordinates":[[20.187015,50.05665],[20.076421,50.058359]]}},{"type":"Feature","properties":{"t":"gps","sid":"s132"},"geometry":{"type":"Point","coordinates":[20.187015,50.05665]}},{"type":"Feature","properties":{"t":"sch","sid":"s132","name":"Bartnicza","imp":0.086,"d":7895},"geometry":{"type":"Point","coordinates":[20.076421,50.058359]}},{"type":"Feature","properties":{"t":"vec","sid":"s133","d":8242},"geometry":{"type":"LineString","coordinates":[[20.19374,50.05582],[20.078263,50.057177]]}},{"type":"Feature","properties":{"t":"gps","sid":"s133"},"geometry":{"type":"Point","coordinates":[20.19374,50.05582]}},{"type":"Feature","properties":{"t":"sch","sid":"s133","name":"Wolica Szkoła","imp":0.086,"d":8242},"geometry":{"type":"Point","coordinates":[20.078263,50.057177]}},{"type":"Feature","properties":{"t":"vec","sid":"s134","d":8733},"geometry":{"type":"LineString","coordinates":[[20.20237,50.05497],[20.080005,50.055968]]}},{"type":"Feature","properties":{"t":"gps","sid":"s134"},"geometry":{"type":"Point","coordinates":[20.20237,50.05497]}},{"type":"Feature","properties":{"t":"sch","sid":"s134","name":"Wolica Kościół","imp":0.086,"d":8733},"geometry":{"type":"Point","coordinates":[20.080005,50.055968]}},{"type":"Feature","properties":{"t":"vec","sid":"s135","d":708},"geometry":{"type":"LineString","coordinates":[[20.01525,50.07517],[20.005851,50.077211]]}},{"type":"Feature","properties":{"t":"gps","sid":"s135"},"geometry":{"type":"Point","coordinates":[20.01525,50.07517]}},{"type":"Feature","properties":{"t":"sch","sid":"s135","name":"Czyżyny Dworzec","imp":0.358,"d":708},"geometry":{"type":"Point","coordinates":[20.005851,50.077211]}},{"type":"Feature","properties":{"t":"vec","sid":"s136","d":590},"geometry":{"type":"LineString","coordinates":[[20.00431,50.09028],[19.999956,50.085766]]}},{"type":"Feature","properties":{"t":"gps","sid":"s136"},"geometry":{"type":"Point","coordinates":[20.00431,50.09028]}},{"type":"Feature","properties":{"t":"sch","sid":"s136","name":"Cedyńska","imp":0.054,"d":590},"geometry":{"type":"Point","coordinates":[19.999956,50.085766]}},{"type":"Feature","properties":{"t":"vec","sid":"s137","d":238},"geometry":{"type":"LineString","coordinates":[[19.99461,50.08745],[19.992119,50.086024]]}},{"type":"Feature","properties":{"t":"gps","sid":"s137"},"geometry":{"type":"Point","coordinates":[19.99461,50.08745]}},{"type":"Feature","properties":{"t":"sch","sid":"s137","name":"Os. Akademickie","imp":0.154,"d":238},"geometry":{"type":"Point","coordinates":[19.992119,50.086024]}},{"type":"Feature","properties":{"t":"vec","sid":"s138","d":8595},"geometry":{"type":"LineString","coordinates":[[20.189705,50.072485],[20.070795,50.060208]]}},{"type":"Feature","properties":{"t":"gps","sid":"s138"},"geometry":{"type":"Point","coordinates":[20.189705,50.072485]}},{"type":"Feature","properties":{"t":"sch","sid":"s138","name":"Szlifierska","imp":0.07,"d":8595},"geometry":{"type":"Point","coordinates":[20.070795,50.060208]}},{"type":"Feature","properties":{"t":"vec","sid":"s139","d":2336},"geometry":{"type":"LineString","coordinates":[[20.051285,50.095815],[20.022329,50.086024]]}},{"type":"Feature","properties":{"t":"gps","sid":"s139"},"geometry":{"type":"Point","coordinates":[20.051285,50.095815]}},{"type":"Feature","properties":{"t":"sch","sid":"s139","name":"Leszka Białego","imp":0.122,"d":2336},"geometry":{"type":"Point","coordinates":[20.022329,50.086024]}},{"type":"Feature","properties":{"t":"vec","sid":"s140","d":1357},"geometry":{"type":"LineString","coordinates":[[20.032255,50.09316],[20.016837,50.086024]]}},{"type":"Feature","properties":{"t":"gps","sid":"s140"},"geometry":{"type":"Point","coordinates":[20.032255,50.09316]}},{"type":"Feature","properties":{"t":"sch","sid":"s140","name":"Nowolipki","imp":0.09,"d":1357},"geometry":{"type":"Point","coordinates":[20.016837,50.086024]}},{"type":"Feature","properties":{"t":"vec","sid":"s141","d":1567},"geometry":{"type":"LineString","coordinates":[[20.05027,50.07324],[20.029196,50.069279]]}},{"type":"Feature","properties":{"t":"gps","sid":"s141"},"geometry":{"type":"Point","coordinates":[20.05027,50.07324]}},{"type":"Feature","properties":{"t":"sch","sid":"s141","name":"Orkana","imp":0.07,"d":1567},"geometry":{"type":"Point","coordinates":[20.029196,50.069279]}},{"type":"Feature","properties":{"t":"vec","sid":"s142","d":864},"geometry":{"type":"LineString","coordinates":[[20.00472,50.050765],[20.009774,50.057822]]}},{"type":"Feature","properties":{"t":"gps","sid":"s142"},"geometry":{"type":"Point","coordinates":[20.00472,50.050765]}},{"type":"Feature","properties":{"t":"sch","sid":"s142","name":"Elektrociepłownia","imp":0.054,"d":864},"geometry":{"type":"Point","coordinates":[20.009774,50.057822]}},{"type":"Feature","properties":{"t":"vec","sid":"s143","d":660},"geometry":{"type":"LineString","coordinates":[[20.021165,50.0547],[20.013305,50.057822]]}},{"type":"Feature","properties":{"t":"gps","sid":"s143"},"geometry":{"type":"Point","coordinates":[20.021165,50.0547]}},{"type":"Feature","properties":{"t":"sch","sid":"s143","name":"Isep","imp":0.054,"d":660},"geometry":{"type":"Point","coordinates":[20.013305,50.057822]}},{"type":"Feature","properties":{"t":"vec","sid":"s144","d":750},"geometry":{"type":"LineString","coordinates":[[20.014635,50.051275],[20.012128,50.057822]]}},{"type":"Feature","properties":{"t":"gps","sid":"s144"},"geometry":{"type":"Point","coordinates":[20.014635,50.051275]}},{"type":"Feature","properties":{"t":"sch","sid":"s144","name":"Stręcka","imp":0.054,"d":750},"geometry":{"type":"Point","coordinates":[20.012128,50.057822]}},{"type":"Feature","properties":{"t":"vec","sid":"s145","d":1528},"geometry":{"type":"LineString","coordinates":[[20.05353,50.07116],[20.033315,50.066635]]}},{"type":"Feature","properties":{"t":"gps","sid":"s145"},"geometry":{"type":"Point","coordinates":[20.05353,50.07116]}},{"type":"Feature","properties":{"t":"sch","sid":"s145","name":"Bulwarowa","imp":0.106,"d":1528},"geometry":{"type":"Point","coordinates":[20.033315,50.066635]}},{"type":"Feature","properties":{"t":"vec","sid":"s146","d":772},"geometry":{"type":"LineString","coordinates":[[20.02482,50.05579],[20.014482,50.057822]]}},{"type":"Feature","properties":{"t":"gps","sid":"s146"},"geometry":{"type":"Point","coordinates":[20.02482,50.05579]}},{"type":"Feature","properties":{"t":"sch","sid":"s146","name":"Wiklinowa","imp":0.054,"d":772},"geometry":{"type":"Point","coordinates":[20.014482,50.057822]}},{"type":"Feature","properties":{"t":"vec","sid":"s147","d":80},"geometry":{"type":"LineString","coordinates":[[19.901883,50.024305],[19.903,50.024331]]}},{"type":"Feature","properties":{"t":"gps","sid":"s147"},"geometry":{"type":"Point","coordinates":[19.901883,50.024305]}},{"type":"Feature","properties":{"t":"sch","sid":"s147","name":"Kampus UJ","imp":0.166,"d":80},"geometry":{"type":"Point","coordinates":[19.903,50.024331]}},{"type":"Feature","properties":{"t":"vec","sid":"s148","d":427},"geometry":{"type":"LineString","coordinates":[[19.897957,50.020543],[19.898928,50.024331]]}},{"type":"Feature","properties":{"t":"gps","sid":"s148"},"geometry":{"type":"Point","coordinates":[19.897957,50.020543]}},{"type":"Feature","properties":{"t":"sch","sid":"s148","name":"Kampus UP JP II","imp":0.166,"d":427},"geometry":{"type":"Point","coordinates":[19.898928,50.024331]}},{"type":"Feature","properties":{"t":"vec","sid":"s149","d":720},"geometry":{"type":"LineString","coordinates":[[19.889065,50.017859],[19.895993,50.022568]]}},{"type":"Feature","properties":{"t":"gps","sid":"s149"},"geometry":{"type":"Point","coordinates":[19.889065,50.017859]}},{"type":"Feature","properties":{"t":"sch","sid":"s149","name":"Czerwone Maki P+R","imp":0.77,"d":720},"geometry":{"type":"Point","coordinates":[19.895993,50.022568]}},{"type":"Feature","properties":{"t":"vec","sid":"s150","d":558},"geometry":{"type":"LineString","coordinates":[[19.967821,50.048873],[19.97564,50.049008]]}},{"type":"Feature","properties":{"t":"gps","sid":"s150"},"geometry":{"type":"Point","coordinates":[19.967821,50.048873]}},{"type":"Feature","properties":{"t":"sch","sid":"s150","name":"Klimeckiego","imp":0.189,"d":558},"geometry":{"type":"Point","coordinates":[19.97564,50.049008]}},{"type":"Feature","properties":{"t":"vec","sid":"s151","d":904},"geometry":{"type":"LineString","coordinates":[[19.900585,50.001445],[19.906979,50.008467]]}},{"type":"Feature","properties":{"t":"gps","sid":"s151"},"geometry":{"type":"Point","coordinates":[19.900585,50.001445]}},{"type":"Feature","properties":{"t":"sch","sid":"s151","name":"Kliny Zacisze","imp":0.154,"d":904},"geometry":{"type":"Point","coordinates":[19.906979,50.008467]}},{"type":"Feature","properties":{"t":"vec","sid":"s152","d":766},"geometry":{"type":"LineString","coordinates":[[19.89723,49.99862],[19.901486,50.004942]]}},{"type":"Feature","properties":{"t":"gps","sid":"s152"},"geometry":{"type":"Point","coordinates":[19.89723,49.99862]}},{"type":"Feature","properties":{"t":"sch","sid":"s152","name":"Kliny","imp":0.235,"d":766},"geometry":{"type":"Point","coordinates":[19.901486,50.004942]}},{"type":"Feature","properties":{"t":"vec","sid":"s153","d":814},"geometry":{"type":"LineString","coordinates":[[19.921982,50.053446],[19.911334,50.056059]]}},{"type":"Feature","properties":{"t":"gps","sid":"s153"},"geometry":{"type":"Point","coordinates":[19.921982,50.053446]}},{"type":"Feature","properties":{"t":"sch","sid":"s153","name":"Komorowskiego","imp":0.134,"d":814},"geometry":{"type":"Point","coordinates":[19.911334,50.056059]}},{"type":"Feature","properties":{"t":"vec","sid":"s154","d":844},"geometry":{"type":"LineString","coordinates":[[19.916051,50.05278],[19.904232,50.052534]]}},{"type":"Feature","properties":{"t":"gps","sid":"s154"},"geometry":{"type":"Point","coordinates":[19.916051,50.05278]}},{"type":"Feature","properties":{"t":"sch","sid":"s154","name":"Salwator","imp":0.486,"d":844},"geometry":{"type":"Point","coordinates":[19.904232,50.052534]}},{"type":"Feature","properties":{"t":"vec","sid":"s155","d":728},"geometry":{"type":"LineString","coordinates":[[19.90312,50.048877],[19.893246,50.047246]]}},{"type":"Feature","properties":{"t":"gps","sid":"s155"},"geometry":{"type":"Point","coordinates":[19.90312,50.048877]}},{"type":"Feature","properties":{"t":"sch","sid":"s155","name":"Malczewskiego","imp":0.234,"d":728},"geometry":{"type":"Point","coordinates":[19.893246,50.047246]}},{"type":"Feature","properties":{"t":"vec","sid":"s156","d":556},"geometry":{"type":"LineString","coordinates":[[19.89725,50.04813],[19.889584,50.047246]]}},{"type":"Feature","properties":{"t":"gps","sid":"s156"},"geometry":{"type":"Point","coordinates":[19.89725,50.04813]}},{"type":"Feature","properties":{"t":"sch","sid":"s156","name":"Wodociągowa","imp":0.214,"d":556},"geometry":{"type":"Point","coordinates":[19.889584,50.047246]}},{"type":"Feature","properties":{"t":"vec","sid":"s157","d":294},"geometry":{"type":"LineString","coordinates":[[19.889995,50.047635],[19.885923,50.047246]]}},{"type":"Feature","properties":{"t":"gps","sid":"s157"},"geometry":{"type":"Point","coordinates":[19.889995,50.047635]}},{"type":"Feature","properties":{"t":"sch","sid":"s157","name":"Benedyktowicza","imp":0.214,"d":294},"geometry":{"type":"Point","coordinates":[19.885923,50.047246]}},{"type":"Feature","properties":{"t":"vec","sid":"s158","d":60},"geometry":{"type":"LineString","coordinates":[[19.88292,50.04691],[19.882261,50.047246]]}},{"type":"Feature","properties":{"t":"gps","sid":"s158"},"geometry":{"type":"Point","coordinates":[19.88292,50.04691]}},{"type":"Feature","properties":{"t":"sch","sid":"s158","name":"Glinnik","imp":0.234,"d":60},"geometry":{"type":"Point","coordinates":[19.882261,50.047246]}},{"type":"Feature","properties":{"t":"vec","sid":"s159","d":248},"geometry":{"type":"LineString","coordinates":[[19.871595,50.047415],[19.874021,50.049008]]}},{"type":"Feature","properties":{"t":"gps","sid":"s159"},"geometry":{"type":"Point","coordinates":[19.871595,50.047415]}},{"type":"Feature","properties":{"t":"sch","sid":"s159","name":"Przegorzały","imp":0.074,"d":248},"geometry":{"type":"Point","coordinates":[19.874021,50.049008]}},{"type":"Feature","properties":{"t":"vec","sid":"s160","d":795},"geometry":{"type":"LineString","coordinates":[[19.85999,50.045165],[19.871118,50.045483]]}},{"type":"Feature","properties":{"t":"gps","sid":"s160"},"geometry":{"type":"Point","coordinates":[19.85999,50.045165]}},{"type":"Feature","properties":{"t":"sch","sid":"s160","name":"Na Krępaku","imp":0.198,"d":795},"geometry":{"type":"Point","coordinates":[19.871118,50.045483]}},{"type":"Feature","properties":{"t":"vec","sid":"s161","d":1148},"geometry":{"type":"LineString","coordinates":[[19.85113,50.0441],[19.867077,50.045483]]}},{"type":"Feature","properties":{"t":"gps","sid":"s161"},"geometry":{"type":"Point","coordinates":[19.85113,50.0441]}},{"type":"Feature","properties":{"t":"sch","sid":"s161","name":"Bielańskie Skały","imp":0.198,"d":1148},"geometry":{"type":"Point","coordinates":[19.867077,50.045483]}},{"type":"Feature","properties":{"t":"vec","sid":"s162","d":1664},"geometry":{"type":"LineString","coordinates":[[19.840575,50.041475],[19.863035,50.045483]]}},{"type":"Feature","properties":{"t":"gps","sid":"s162"},"geometry":{"type":"Point","coordinates":[19.840575,50.041475]}},{"type":"Feature","properties":{"t":"sch","sid":"s162","name":"Wodociągi","imp":0.218,"d":1664},"geometry":{"type":"Point","coordinates":[19.863035,50.045483]}},{"type":"Feature","properties":{"t":"vec","sid":"s163","d":2097},"geometry":{"type":"LineString","coordinates":[[19.83108,50.0434],[19.860289,50.045483]]}},{"type":"Feature","properties":{"t":"gps","sid":"s163"},"geometry":{"type":"Point","coordinates":[19.83108,50.0434]}},{"type":"Feature","properties":{"t":"sch","sid":"s163","name":"Bielany Klasztor","imp":0.166,"d":2097},"geometry":{"type":"Point","coordinates":[19.860289,50.045483]}},{"type":"Feature","properties":{"t":"vec","sid":"s164","d":2188},"geometry":{"type":"LineString","coordinates":[[19.826937,50.044253],[19.857543,50.045483]]}},{"type":"Feature","properties":{"t":"gps","sid":"s164"},"geometry":{"type":"Point","coordinates":[19.826937,50.044253]}},{"type":"Feature","properties":{"t":"sch","sid":"s164","name":"Bielany Szkoła","imp":0.202,"d":2188},"geometry":{"type":"Point","coordinates":[19.857543,50.045483]}},{"type":"Feature","properties":{"t":"vec","sid":"s165","d":2500},"geometry":{"type":"LineString","coordinates":[[19.819947,50.0432],[19.854796,50.045483]]}},{"type":"Feature","properties":{"t":"gps","sid":"s165"},"geometry":{"type":"Point","coordinates":[19.819947,50.0432]}},{"type":"Feature","properties":{"t":"sch","sid":"s165","name":"Bielany","imp":0.25,"d":2500},"geometry":{"type":"Point","coordinates":[19.854796,50.045483]}},{"type":"Feature","properties":{"t":"vec","sid":"s166","d":3007},"geometry":{"type":"LineString","coordinates":[[19.80818,50.04332],[19.849872,50.047246]]}},{"type":"Feature","properties":{"t":"gps","sid":"s166"},"geometry":{"type":"Point","coordinates":[19.80818,50.04332]}},{"type":"Feature","properties":{"t":"sch","sid":"s166","name":"Bielany Obwodnica","imp":0.134,"d":3007},"geometry":{"type":"Point","coordinates":[19.849872,50.047246]}},{"type":"Feature","properties":{"t":"vec","sid":"s167","d":2703},"geometry":{"type":"LineString","coordinates":[[19.81185,50.04187],[19.849303,50.045483]]}},{"type":"Feature","properties":{"t":"gps","sid":"s167"},"geometry":{"type":"Point","coordinates":[19.81185,50.04187]}},{"type":"Feature","properties":{"t":"sch","sid":"s167","name":"Bielany Obwodnica","imp":0.174,"d":2703},"geometry":{"type":"Point","coordinates":[19.849303,50.045483]}},{"type":"Feature","properties":{"t":"vec","sid":"s168","d":2172},"geometry":{"type":"LineString","coordinates":[[19.83129,50.038885],[19.860681,50.043972]]}},{"type":"Feature","properties":{"t":"gps","sid":"s168"},"geometry":{"type":"Point","coordinates":[19.83129,50.038885]}},{"type":"Feature","properties":{"t":"sch","sid":"s168","name":"Skalna","imp":0.07,"d":2172},"geometry":{"type":"Point","coordinates":[19.860681,50.043972]}},{"type":"Feature","properties":{"t":"vec","sid":"s169","d":2418},"geometry":{"type":"LineString","coordinates":[[19.82568,50.036655],[19.858327,50.042461]]}},{"type":"Feature","properties":{"t":"gps","sid":"s169"},"geometry":{"type":"Point","coordinates":[19.82568,50.036655]}},{"type":"Feature","properties":{"t":"sch","sid":"s169","name":"Bielańska","imp":0.07,"d":2418},"geometry":{"type":"Point","coordinates":[19.858327,50.042461]}},{"type":"Feature","properties":{"t":"vec","sid":"s170","d":757},"geometry":{"type":"LineString","coordinates":[[19.90883,50.051525],[19.898337,50.050513]]}},{"type":"Feature","properties":{"t":"gps","sid":"s170"},"geometry":{"type":"Point","coordinates":[19.90883,50.051525]}},{"type":"Feature","properties":{"t":"sch","sid":"s170","name":"Białe Wzgórze","imp":0.166,"d":757},"geometry":{"type":"Point","coordinates":[19.898337,50.050513]}},{"type":"Feature","properties":{"t":"vec","sid":"s171","d":726},"geometry":{"type":"LineString","coordinates":[[19.913985,50.057725],[19.904232,50.059584]]}},{"type":"Feature","properties":{"t":"gps","sid":"s171"},"geometry":{"type":"Point","coordinates":[19.913985,50.057725]}},{"type":"Feature","properties":{"t":"sch","sid":"s171","name":"Instytut Reumatologii","imp":0.102,"d":726},"geometry":{"type":"Point","coordinates":[19.904232,50.059584]}},{"type":"Feature","properties":{"t":"vec","sid":"s172","d":732},"geometry":{"type":"LineString","coordinates":[[19.905005,50.056445],[19.895993,50.059584]]}},{"type":"Feature","properties":{"t":"gps","sid":"s172"},"geometry":{"type":"Point","coordinates":[19.905005,50.056445]}},{"type":"Feature","properties":{"t":"sch","sid":"s172","name":"Przegon","imp":0.102,"d":732},"geometry":{"type":"Point","coordinates":[19.895993,50.059584]}},{"type":"Feature","properties":{"t":"vec","sid":"s173","d":584},"geometry":{"type":"LineString","coordinates":[[19.89448,50.05971],[19.88638,50.060466]]}},{"type":"Feature","properties":{"t":"gps","sid":"s173"},"geometry":{"type":"Point","coordinates":[19.89448,50.05971]}},{"type":"Feature","properties":{"t":"sch","sid":"s173","name":"Owcy-Orwicza","imp":0.102,"d":584},"geometry":{"type":"Point","coordinates":[19.88638,50.060466]}},{"type":"Feature","properties":{"t":"vec","sid":"s174","d":523},"geometry":{"type":"LineString","coordinates":[[19.89226,50.06067],[19.885007,50.061347]]}},{"type":"Feature","properties":{"t":"gps","sid":"s174"},"geometry":{"type":"Point","coordinates":[19.89226,50.06067]}},{"type":"Feature","properties":{"t":"sch","sid":"s174","name":"Tondosa","imp":0.138,"d":523},"geometry":{"type":"Point","coordinates":[19.885007,50.061347]}},{"type":"Feature","properties":{"t":"vec","sid":"s175","d":361},"geometry":{"type":"LineString","coordinates":[[19.88821,50.062185],[19.883176,50.062522]]}},{"type":"Feature","properties":{"t":"gps","sid":"s175"},"geometry":{"type":"Point","coordinates":[19.88821,50.062185]}},{"type":"Feature","properties":{"t":"sch","sid":"s175","name":"Lajkonika","imp":0.118,"d":361},"geometry":{"type":"Point","coordinates":[19.883176,50.062522]}},{"type":"Feature","properties":{"t":"vec","sid":"s176","d":136},"geometry":{"type":"LineString","coordinates":[[19.883215,50.06393],[19.881345,50.063697]]}},{"type":"Feature","properties":{"t":"gps","sid":"s176"},"geometry":{"type":"Point","coordinates":[19.883215,50.06393]}},{"type":"Feature","properties":{"t":"sch","sid":"s176","name":"Strzelnica","imp":0.118,"d":136},"geometry":{"type":"Point","coordinates":[19.881345,50.063697]}},{"type":"Feature","properties":{"t":"vec","sid":"s177","d":210},"geometry":{"type":"LineString","coordinates":[[19.876585,50.06503],[19.879514,50.064872]]}},{"type":"Feature","properties":{"t":"gps","sid":"s177"},"geometry":{"type":"Point","coordinates":[19.876585,50.06503]}},{"type":"Feature","properties":{"t":"sch","sid":"s177","name":"Sielanka","imp":0.154,"d":210},"geometry":{"type":"Point","coordinates":[19.879514,50.064872]}},{"type":"Feature","properties":{"t":"vec","sid":"s178","d":333},"geometry":{"type":"LineString","coordinates":[[19.87099,50.06186],[19.874021,50.059584]]}},{"type":"Feature","properties":{"t":"gps","sid":"s178"},"geometry":{"type":"Point","coordinates":[19.87099,50.06186]}},{"type":"Feature","properties":{"t":"sch","sid":"s178","name":"Stara Wola","imp":0.09,"d":333},"geometry":{"type":"Point","coordinates":[19.874021,50.059584]}},{"type":"Feature","properties":{"t":"vec","sid":"s179","d":652},"geometry":{"type":"LineString","coordinates":[[19.862375,50.059145],[19.871275,50.057822]]}},{"type":"Feature","properties":{"t":"gps","sid":"s179"},"geometry":{"type":"Point","coordinates":[19.862375,50.059145]}},{"type":"Feature","properties":{"t":"sch","sid":"s179","name":"Baba Jaga","imp":0.094,"d":652},"geometry":{"type":"Point","coordinates":[19.871275,50.057822]}},{"type":"Feature","properties":{"t":"vec","sid":"s180","d":744},"geometry":{"type":"LineString","coordinates":[[19.85542,50.05506],[19.865782,50.054296]]}},{"type":"Feature","properties":{"t":"gps","sid":"s180"},"geometry":{"type":"Point","coordinates":[19.85542,50.05506]}},{"type":"Feature","properties":{"t":"sch","sid":"s180","name":"ZOO","imp":0.099,"d":744},"geometry":{"type":"Point","coordinates":[19.865782,50.054296]}},{"type":"Feature","properties":{"t":"vec","sid":"s181","d":513},"geometry":{"type":"LineString","coordinates":[[19.869605,50.06701],[19.876768,50.066635]]}},{"type":"Feature","properties":{"t":"gps","sid":"s181"},"geometry":{"type":"Point","coordinates":[19.869605,50.06701]}},{"type":"Feature","properties":{"t":"sch","sid":"s181","name":"Park Decjusza","imp":0.138,"d":513},"geometry":{"type":"Point","coordinates":[19.876768,50.066635]}},{"type":"Feature","properties":{"t":"vec","sid":"s182","d":593},"geometry":{"type":"LineString","coordinates":[[19.86583,50.065125],[19.874139,50.064948]]}},{"type":"Feature","properties":{"t":"gps","sid":"s182"},"geometry":{"type":"Point","coordinates":[19.86583,50.065125]}},{"type":"Feature","properties":{"t":"sch","sid":"s182","name":"Kasztanowa","imp":0.086,"d":593},"geometry":{"type":"Point","coordinates":[19.874139,50.064948]}},{"type":"Feature","properties":{"t":"vec","sid":"s183","d":659},"geometry":{"type":"LineString","coordinates":[[19.86137,50.065855],[19.87047,50.064872]]}},{"type":"Feature","properties":{"t":"gps","sid":"s183"},"geometry":{"type":"Point","coordinates":[19.86137,50.065855]}},{"type":"Feature","properties":{"t":"sch","sid":"s183","name":"Kopalina","imp":0.086,"d":659},"geometry":{"type":"Point","coordinates":[19.87047,50.064872]}},{"type":"Feature","properties":{"t":"vec","sid":"s184","d":799},"geometry":{"type":"LineString","coordinates":[[19.855935,50.06674],[19.866753,50.064872]]}},{"type":"Feature","properties":{"t":"gps","sid":"s184"},"geometry":{"type":"Point","coordinates":[19.855935,50.06674]}},{"type":"Feature","properties":{"t":"sch","sid":"s184","name":"Zielony Dół","imp":0.086,"d":799},"geometry":{"type":"Point","coordinates":[19.866753,50.064872]}},{"type":"Feature","properties":{"t":"vec","sid":"s185","d":1210},"geometry":{"type":"LineString","coordinates":[[19.84668,50.067737],[19.863035,50.064872]]}},{"type":"Feature","properties":{"t":"gps","sid":"s185"},"geometry":{"type":"Point","coordinates":[19.84668,50.067737]}},{"type":"Feature","properties":{"t":"sch","sid":"s185","name":"Chełm","imp":0.224,"d":1210},"geometry":{"type":"Point","coordinates":[19.863035,50.064872]}},{"type":"Feature","properties":{"t":"vec","sid":"s186","d":1483},"geometry":{"type":"LineString","coordinates":[[19.841065,50.063815],[19.861696,50.06225]]}},{"type":"Feature","properties":{"t":"gps","sid":"s186"},"geometry":{"type":"Point","coordinates":[19.841065,50.063815]}},{"type":"Feature","properties":{"t":"sch","sid":"s186","name":"Chełmska","imp":0.054,"d":1483},"geometry":{"type":"Point","coordinates":[19.861696,50.06225]}},{"type":"Feature","properties":{"t":"vec","sid":"s187","d":1643},"geometry":{"type":"LineString","coordinates":[[19.835645,50.06234],[19.858414,50.060144]]}},{"type":"Feature","properties":{"t":"gps","sid":"s187"},"geometry":{"type":"Point","coordinates":[19.835645,50.06234]}},{"type":"Feature","properties":{"t":"sch","sid":"s187","name":"Rzepichy","imp":0.054,"d":1643},"geometry":{"type":"Point","coordinates":[19.858414,50.060144]}},{"type":"Feature","properties":{"t":"vec","sid":"s188","d":1921},"geometry":{"type":"LineString","coordinates":[[19.831355,50.06138],[19.857543,50.057397]]}},{"type":"Feature","properties":{"t":"gps","sid":"s188"},"geometry":{"type":"Point","coordinates":[19.831355,50.06138]}},{"type":"Feature","properties":{"t":"sch","sid":"s188","name":"Kosmowskiej","imp":0.054,"d":1921},"geometry":{"type":"Point","coordinates":[19.857543,50.057397]}},{"type":"Feature","properties":{"t":"vec","sid":"s189","d":2084},"geometry":{"type":"LineString","coordinates":[[19.829,50.058395],[19.857543,50.054419]]}},{"type":"Feature","properties":{"t":"gps","sid":"s189"},"geometry":{"type":"Point","coordinates":[19.829,50.058395]}},{"type":"Feature","properties":{"t":"sch","sid":"s189","name":"Zakamycze","imp":0.054,"d":2084},"geometry":{"type":"Point","coordinates":[19.857543,50.054419]}},{"type":"Feature","properties":{"t":"vec","sid":"s190","d":1690},"geometry":{"type":"LineString","coordinates":[[19.837415,50.068805],[19.860289,50.064872]]}},{"type":"Feature","properties":{"t":"gps","sid":"s190"},"geometry":{"type":"Point","coordinates":[19.837415,50.068805]}},{"type":"Feature","properties":{"t":"sch","sid":"s190","name":"Raczkiewicza","imp":0.07,"d":1690},"geometry":{"type":"Point","coordinates":[19.860289,50.064872]}},{"type":"Feature","properties":{"t":"vec","sid":"s191","d":1822},"geometry":{"type":"LineString","coordinates":[[19.83253,50.06817],[19.857543,50.064872]]}},{"type":"Feature","properties":{"t":"gps","sid":"s191"},"geometry":{"type":"Point","coordinates":[19.83253,50.06817]}},{"type":"Feature","properties":{"t":"sch","sid":"s191","name":"Leśmiana","imp":0.106,"d":1822},"geometry":{"type":"Point","coordinates":[19.857543,50.064872]}},{"type":"Feature","properties":{"t":"vec","sid":"s192","d":2005},"geometry":{"type":"LineString","coordinates":[[19.82831,50.068135],[19.855483,50.06355]]}},{"type":"Feature","properties":{"t":"gps","sid":"s192"},"geometry":{"type":"Point","coordinates":[19.82831,50.068135]}},{"type":"Feature","properties":{"t":"sch","sid":"s192","name":"Olszanica Kapliczka","imp":0.086,"d":2005},"geometry":{"type":"Point","coordinates":[19.855483,50.06355]}},{"type":"Feature","properties":{"t":"vec","sid":"s193","d":2177},"geometry":{"type":"LineString","coordinates":[[19.82408,50.06759],[19.853423,50.062228]]}},{"type":"Feature","properties":{"t":"gps","sid":"s193"},"geometry":{"type":"Point","coordinates":[19.82408,50.06759]}},{"type":"Feature","properties":{"t":"sch","sid":"s193","name":"Cmentarz Olszanica","imp":0.086,"d":2177},"geometry":{"type":"Point","coordinates":[19.853423,50.062228]}},{"type":"Feature","properties":{"t":"vec","sid":"s194","d":2389},"geometry":{"type":"LineString","coordinates":[[19.8183,50.06427],[19.851363,50.060906]]}},{"type":"Feature","properties":{"t":"gps","sid":"s194"},"geometry":{"type":"Point","coordinates":[19.8183,50.06427]}},{"type":"Feature","properties":{"t":"sch","sid":"s194","name":"Olszanica Ogródki Działkowe","imp":0.086,"d":2389},"geometry":{"type":"Point","coordinates":[19.851363,50.060906]}},{"type":"Feature","properties":{"t":"vec","sid":"s195","d":3136},"geometry":{"type":"LineString","coordinates":[[19.80552,50.061955],[19.849303,50.059584]]}},{"type":"Feature","properties":{"t":"gps","sid":"s195"},"geometry":{"type":"Point","coordinates":[19.80552,50.061955]}},{"type":"Feature","properties":{"t":"sch","sid":"s195","name":"Olszanica Bory","imp":0.13,"d":3136},"geometry":{"type":"Point","coordinates":[19.849303,50.059584]}},{"type":"Feature","properties":{"t":"vec","sid":"s196","d":690},"geometry":{"type":"LineString","coordinates":[[19.902918,50.063138],[19.893246,50.06311]]}},{"type":"Feature","properties":{"t":"gps","sid":"s196"},"geometry":{"type":"Point","coordinates":[19.902918,50.063138]}},{"type":"Feature","properties":{"t":"sch","sid":"s196","name":"Cichy Kącik","imp":0.186,"d":690},"geometry":{"type":"Point","coordinates":[19.893246,50.06311]}},{"type":"Feature","properties":{"t":"vec","sid":"s197","d":952},"geometry":{"type":"LineString","coordinates":[[19.922625,50.066375],[19.912472,50.071923]]}},{"type":"Feature","properties":{"t":"gps","sid":"s197"},"geometry":{"type":"Point","coordinates":[19.922625,50.066375]}},{"type":"Feature","properties":{"t":"sch","sid":"s197","name":"Czarnowiejska","imp":0.291,"d":952},"geometry":{"type":"Point","coordinates":[19.912472,50.071923]}},{"type":"Feature","properties":{"t":"vec","sid":"s198","d":874},"geometry":{"type":"LineString","coordinates":[[19.913557,50.068597],[19.904232,50.073686]]}},{"type":"Feature","properties":{"t":"gps","sid":"s198"},"geometry":{"type":"Point","coordinates":[19.913557,50.068597]}},{"type":"Feature","properties":{"t":"sch","sid":"s198","name":"Kawiory","imp":0.221,"d":874},"geometry":{"type":"Point","coordinates":[19.904232,50.073686]}},{"type":"Feature","properties":{"t":"vec","sid":"s199","d":768},"geometry":{"type":"LineString","coordinates":[[19.904998,50.069905],[19.895993,50.073686]]}},{"type":"Feature","properties":{"t":"gps","sid":"s199"},"geometry":{"type":"Point","coordinates":[19.904998,50.069905]}},{"type":"Feature","properties":{"t":"sch","sid":"s199","name":"Miasteczko Studenckie AGH","imp":0.259,"d":768},"geometry":{"type":"Point","coordinates":[19.895993,50.073686]}},{"type":"Feature","properties":{"t":"vec","sid":"s200","d":483},"geometry":{"type":"LineString","coordinates":[[19.898365,50.07084],[19.893246,50.073686]]}},{"type":"Feature","properties":{"t":"gps","sid":"s200"},"geometry":{"type":"Point","coordinates":[19.898365,50.07084]}},{"type":"Feature","properties":{"t":"sch","sid":"s200","name":"Przybyszewskiego","imp":0.174,"d":483},"geometry":{"type":"Point","coordinates":[19.893246,50.073686]}},{"type":"Feature","properties":{"t":"vec","sid":"s201","d":314},"geometry":{"type":"LineString","coordinates":[[19.89088,50.07182],[19.891873,50.074567]]}},{"type":"Feature","properties":{"t":"gps","sid":"s201"},"geometry":{"type":"Point","coordinates":[19.89088,50.07182]}},{"type":"Feature","properties":{"t":"sch","sid":"s201","name":"Armii Krajowej","imp":0.134,"d":314},"geometry":{"type":"Point","coordinates":[19.891873,50.074567]}},{"type":"Feature","properties":{"t":"vec","sid":"s202","d":212},"geometry":{"type":"LineString","coordinates":[[19.88824,50.076683],[19.8905,50.075448]]}},{"type":"Feature","properties":{"t":"gps","sid":"s202"},"geometry":{"type":"Point","coordinates":[19.88824,50.076683]}},{"type":"Feature","properties":{"t":"sch","sid":"s202","name":"Zarzecze","imp":0.154,"d":212},"geometry":{"type":"Point","coordinates":[19.8905,50.075448]}},{"type":"Feature","properties":{"t":"vec","sid":"s203","d":681},"geometry":{"type":"LineString","coordinates":[[19.919565,50.071885],[19.913443,50.076588]]}},{"type":"Feature","properties":{"t":"gps","sid":"s203"},"geometry":{"type":"Point","coordinates":[19.919565,50.071885]}},{"type":"Feature","properties":{"t":"sch","sid":"s203","name":"Urzędnicza","imp":0.086,"d":681},"geometry":{"type":"Point","coordinates":[19.913443,50.076588]}},{"type":"Feature","properties":{"t":"vec","sid":"s204","d":778},"geometry":{"type":"LineString","coordinates":[[19.915432,50.073014],[19.909725,50.078974]]}},{"type":"Feature","properties":{"t":"gps","sid":"s204"},"geometry":{"type":"Point","coordinates":[19.915432,50.073014]}},{"type":"Feature","properties":{"t":"sch","sid":"s204","name":"Biprostal","imp":0.189,"d":778},"geometry":{"type":"Point","coordinates":[19.909725,50.078974]}},{"type":"Feature","properties":{"t":"vec","sid":"s205","d":687},"geometry":{"type":"LineString","coordinates":[[19.91033,50.074195],[19.904232,50.078974]]}},{"type":"Feature","properties":{"t":"gps","sid":"s205"},"geometry":{"type":"Point","coordinates":[19.91033,50.074195]}},{"type":"Feature","properties":{"t":"sch","sid":"s205","name":"UKEN","imp":0.122,"d":687},"geometry":{"type":"Point","coordinates":[19.904232,50.078974]}},{"type":"Feature","properties":{"t":"vec","sid":"s206","d":593},"geometry":{"type":"LineString","coordinates":[[19.90176,50.077465],[19.89443,50.079977]]}},{"type":"Feature","properties":{"t":"gps","sid":"s206"},"geometry":{"type":"Point","coordinates":[19.90176,50.077465]}},{"type":"Feature","properties":{"t":"sch","sid":"s206","name":"Bronowice","imp":0.102,"d":593},"geometry":{"type":"Point","coordinates":[19.89443,50.079977]}},{"type":"Feature","properties":{"t":"vec","sid":"s207","d":387},"geometry":{"type":"LineString","coordinates":[[19.897495,50.07909],[19.89271,50.080736]]}},{"type":"Feature","properties":{"t":"gps","sid":"s207"},"geometry":{"type":"Point","coordinates":[19.897495,50.07909]}},{"type":"Feature","properties":{"t":"sch","sid":"s207","name":"Wesele","imp":0.102,"d":387},"geometry":{"type":"Point","coordinates":[19.89271,50.080736]}},{"type":"Feature","properties":{"t":"vec","sid":"s208","d":821},"geometry":{"type":"LineString","coordinates":[[19.931705,50.07543],[19.928381,50.082499]]}},{"type":"Feature","properties":{"t":"gps","sid":"s208"},"geometry":{"type":"Point","coordinates":[19.931705,50.07543]}},{"type":"Feature","properties":{"t":"sch","sid":"s208","name":"Friedleina","imp":0.07,"d":821},"geometry":{"type":"Point","coordinates":[19.928381,50.082499]}},{"type":"Feature","properties":{"t":"vec","sid":"s209","d":242},"geometry":{"type":"LineString","coordinates":[[19.881903,50.081608],[19.885007,50.080736]]}},{"type":"Feature","properties":{"t":"gps","sid":"s209"},"geometry":{"type":"Point","coordinates":[19.881903,50.081608]}},{"type":"Feature","properties":{"t":"sch","sid":"s209","name":"Bronowice Małe","imp":0.877,"d":242},"geometry":{"type":"Point","coordinates":[19.885007,50.080736]}},{"type":"Feature","properties":{"t":"vec","sid":"s210","d":533},"geometry":{"type":"LineString","coordinates":[[19.87572,50.081545],[19.88129,50.078351]]}},{"type":"Feature","properties":{"t":"gps","sid":"s210"},"geometry":{"type":"Point","coordinates":[19.87572,50.081545]}},{"type":"Feature","properties":{"t":"sch","sid":"s210","name":"Giełda Balicka","imp":0.166,"d":533},"geometry":{"type":"Point","coordinates":[19.88129,50.078351]}},{"type":"Feature","properties":{"t":"vec","sid":"s211","d":566},"geometry":{"type":"LineString","coordinates":[[19.870793,50.08056],[19.876768,50.077211]]}},{"type":"Feature","properties":{"t":"gps","sid":"s211"},"geometry":{"type":"Point","coordinates":[19.870793,50.08056]}},{"type":"Feature","properties":{"t":"sch","sid":"s211","name":"Lindego","imp":0.25,"d":566},"geometry":{"type":"Point","coordinates":[19.876768,50.077211]}},{"type":"Feature","properties":{"t":"vec","sid":"s212","d":800},"geometry":{"type":"LineString","coordinates":[[19.865305,50.080895],[19.874937,50.077211]]}},{"type":"Feature","properties":{"t":"gps","sid":"s212"},"geometry":{"type":"Point","coordinates":[19.865305,50.080895]}},{"type":"Feature","properties":{"t":"sch","sid":"s212","name":"UR Balicka","imp":0.15,"d":800},"geometry":{"type":"Point","coordinates":[19.874937,50.077211]}},{"type":"Feature","properties":{"t":"vec","sid":"s213","d":1392},"geometry":{"type":"LineString","coordinates":[[19.85349,50.082355],[19.871275,50.077211]]}},{"type":"Feature","properties":{"t":"gps","sid":"s213"},"geometry":{"type":"Point","coordinates":[19.85349,50.082355]}},{"type":"Feature","properties":{"t":"sch","sid":"s213","name":"Godlewskiego","imp":0.15,"d":1392},"geometry":{"type":"Point","coordinates":[19.871275,50.077211]}},{"type":"Feature","properties":{"t":"vec","sid":"s214","d":1816},"geometry":{"type":"LineString","coordinates":[[19.84491,50.084595],[19.867613,50.077211]]}},{"type":"Feature","properties":{"t":"gps","sid":"s214"},"geometry":{"type":"Point","coordinates":[19.84491,50.084595]}},{"type":"Feature","properties":{"t":"sch","sid":"s214","name":"Wierzyńskiego","imp":0.15,"d":1816},"geometry":{"type":"Point","coordinates":[19.867613,50.077211]}},{"type":"Feature","properties":{"t":"vec","sid":"s215","d":2087},"geometry":{"type":"LineString","coordinates":[[19.84115,50.08733],[19.865782,50.077211]]}},{"type":"Feature","properties":{"t":"gps","sid":"s215"},"geometry":{"type":"Point","coordinates":[19.84115,50.08733]}},{"type":"Feature","properties":{"t":"sch","sid":"s215","name":"Cmentarz Mydlniki","imp":0.17,"d":2087},"geometry":{"type":"Point","coordinates":[19.865782,50.077211]}},{"type":"Feature","properties":{"t":"vec","sid":"s216","d":2209},"geometry":{"type":"LineString","coordinates":[[19.83737,50.090075],[19.863035,50.078974]]}},{"type":"Feature","properties":{"t":"gps","sid":"s216"},"geometry":{"type":"Point","coordinates":[19.83737,50.090075]}},{"type":"Feature","properties":{"t":"sch","sid":"s216","name":"Mydlniki Granica Miasta","imp":0.102,"d":2209},"geometry":{"type":"Point","coordinates":[19.863035,50.078974]}},{"type":"Feature","properties":{"t":"vec","sid":"s217","d":752},"geometry":{"type":"LineString","coordinates":[[19.91794,50.078225],[19.910127,50.082757]]}},{"type":"Feature","properties":{"t":"gps","sid":"s217"},"geometry":{"type":"Point","coordinates":[19.91794,50.078225]}},{"type":"Feature","properties":{"t":"sch","sid":"s217","name":"Mazowiecka","imp":0.102,"d":752},"geometry":{"type":"Point","coordinates":[19.910127,50.082757]}},{"type":"Feature","properties":{"t":"vec","sid":"s218","d":714},"geometry":{"type":"LineString","coordinates":[[19.927125,50.076865],[19.92232,50.082499]]}},{"type":"Feature","properties":{"t":"gps","sid":"s218"},"geometry":{"type":"Point","coordinates":[19.927125,50.076865]}},{"type":"Feature","properties":{"t":"sch","sid":"s218","name":"Wrocławska","imp":0.07,"d":714},"geometry":{"type":"Point","coordinates":[19.92232,50.082499]}},{"type":"Feature","properties":{"t":"vec","sid":"s219","d":635},"geometry":{"type":"LineString","coordinates":[[19.92235,50.07883],[19.916758,50.083273]]}},{"type":"Feature","properties":{"t":"gps","sid":"s219"},"geometry":{"type":"Point","coordinates":[19.92235,50.07883]}},{"type":"Feature","properties":{"t":"sch","sid":"s219","name":"Urząd Marszałkowski","imp":0.07,"d":635},"geometry":{"type":"Point","coordinates":[19.916758,50.083273]}},{"type":"Feature","properties":{"t":"vec","sid":"s220","d":512},"geometry":{"type":"LineString","coordinates":[[19.91592,50.081988],[19.912472,50.086024]]}},{"type":"Feature","properties":{"t":"gps","sid":"s220"},"geometry":{"type":"Point","coordinates":[19.91592,50.081988]}},{"type":"Feature","properties":{"t":"sch","sid":"s220","name":"Łobzów SKA","imp":0.227,"d":512},"geometry":{"type":"Point","coordinates":[19.912472,50.086024]}},{"type":"Feature","properties":{"t":"vec","sid":"s221","d":342},"geometry":{"type":"LineString","coordinates":[[19.90906,50.08325],[19.906979,50.086024]]}},{"type":"Feature","properties":{"t":"gps","sid":"s221"},"geometry":{"type":"Point","coordinates":[19.90906,50.08325]}},{"type":"Feature","properties":{"t":"sch","sid":"s221","name":"Radzikowskiego","imp":0.09,"d":342},"geometry":{"type":"Point","coordinates":[19.906979,50.086024]}},{"type":"Feature","properties":{"t":"vec","sid":"s222","d":301},"geometry":{"type":"LineString","coordinates":[[19.9263,50.103295],[19.923457,50.101301]]}},{"type":"Feature","properties":{"t":"gps","sid":"s222"},"geometry":{"type":"Point","coordinates":[19.9263,50.103295]}},{"type":"Feature","properties":{"t":"sch","sid":"s222","name":"Glogera","imp":0.086,"d":301},"geometry":{"type":"Point","coordinates":[19.923457,50.101301]}},{"type":"Feature","properties":{"t":"vec","sid":"s223","d":289},"geometry":{"type":"LineString","coordinates":[[19.92644,50.10423],[19.923457,50.102476]]}},{"type":"Feature","properties":{"t":"gps","sid":"s223"},"geometry":{"type":"Point","coordinates":[19.92644,50.10423]}},{"type":"Feature","properties":{"t":"sch","sid":"s223","name":"Glogera Granica Miasta","imp":0.086,"d":289},"geometry":{"type":"Point","coordinates":[19.923457,50.102476]}},{"type":"Feature","properties":{"t":"vec","sid":"s224","d":181},"geometry":{"type":"LineString","coordinates":[[19.909,50.086805],[19.906979,50.087787]]}},{"type":"Feature","properties":{"t":"gps","sid":"s224"},"geometry":{"type":"Point","coordinates":[19.909,50.086805]}},{"type":"Feature","properties":{"t":"sch","sid":"s224","name":"Azory","imp":0.285,"d":181},"geometry":{"type":"Point","coordinates":[19.906979,50.087787]}},{"type":"Feature","properties":{"t":"vec","sid":"s225","d":210},"geometry":{"type":"LineString","coordinates":[[19.912605,50.08816],[19.909725,50.087787]]}},{"type":"Feature","properties":{"t":"gps","sid":"s225"},"geometry":{"type":"Point","coordinates":[19.912605,50.08816]}},{"type":"Feature","properties":{"t":"sch","sid":"s225","name":"Różyckiego","imp":0.118,"d":210},"geometry":{"type":"Point","coordinates":[19.909725,50.087787]}},{"type":"Feature","properties":{"t":"vec","sid":"s226","d":308},"geometry":{"type":"LineString","coordinates":[[19.916785,50.087648],[19.912472,50.087787]]}},{"type":"Feature","properties":{"t":"gps","sid":"s226"},"geometry":{"type":"Point","coordinates":[19.916785,50.087648]}},{"type":"Feature","properties":{"t":"sch","sid":"s226","name":"Makowskiego","imp":0.208,"d":308},"geometry":{"type":"Point","coordinates":[19.912472,50.087787]}},{"type":"Feature","properties":{"t":"vec","sid":"s227","d":356},"geometry":{"type":"LineString","coordinates":[[19.91634,50.08489],[19.912472,50.086906]]}},{"type":"Feature","properties":{"t":"gps","sid":"s227"},"geometry":{"type":"Point","coordinates":[19.91634,50.08489]}},{"type":"Feature","properties":{"t":"sch","sid":"s227","name":"Stachiewicza","imp":0.102,"d":356},"geometry":{"type":"Point","coordinates":[19.912472,50.086906]}},{"type":"Feature","properties":{"t":"vec","sid":"s228","d":803},"geometry":{"type":"LineString","coordinates":[[19.937354,50.080807],[19.934443,50.087787]]}},{"type":"Feature","properties":{"t":"gps","sid":"s228"},"geometry":{"type":"Point","coordinates":[19.937354,50.080807]}},{"type":"Feature","properties":{"t":"sch","sid":"s228","name":"Szpital Narutowicza","imp":0.282,"d":803},"geometry":{"type":"Point","coordinates":[19.934443,50.087787]}},{"type":"Feature","properties":{"t":"vec","sid":"s229","d":651},"geometry":{"type":"LineString","coordinates":[[19.933616,50.083824],[19.931697,50.08955]]}},{"type":"Feature","properties":{"t":"gps","sid":"s229"},"geometry":{"type":"Point","coordinates":[19.933616,50.083824]}},{"type":"Feature","properties":{"t":"sch","sid":"s229","name":"Bratysławska","imp":0.32,"d":651},"geometry":{"type":"Point","coordinates":[19.931697,50.08955]}},{"type":"Feature","properties":{"t":"vec","sid":"s230","d":502},"geometry":{"type":"LineString","coordinates":[[19.92703,50.0839],[19.923457,50.087787]]}},{"type":"Feature","properties":{"t":"gps","sid":"s230"},"geometry":{"type":"Point","coordinates":[19.92703,50.0839]}},{"type":"Feature","properties":{"t":"sch","sid":"s230","name":"Wybickiego","imp":0.141,"d":502},"geometry":{"type":"Point","coordinates":[19.923457,50.087787]}},{"type":"Feature","properties":{"t":"vec","sid":"s231","d":399},"geometry":{"type":"LineString","coordinates":[[19.92299,50.08591],[19.921113,50.089292]]}},{"type":"Feature","properties":{"t":"gps","sid":"s231"},"geometry":{"type":"Point","coordinates":[19.92299,50.08591]}},{"type":"Feature","properties":{"t":"sch","sid":"s231","name":"Władysława Łokietka","imp":0.07,"d":399},"geometry":{"type":"Point","coordinates":[19.921113,50.089292]}},{"type":"Feature","properties":{"t":"vec","sid":"s232","d":380},"geometry":{"type":"LineString","coordinates":[[19.92344,50.088375],[19.920711,50.091312]]}},{"type":"Feature","properties":{"t":"gps","sid":"s232"},"geometry":{"type":"Point","coordinates":[19.92344,50.088375]}},{"type":"Feature","properties":{"t":"sch","sid":"s232","name":"Batalionu Skała AK","imp":0.237,"d":380},"geometry":{"type":"Point","coordinates":[19.920711,50.091312]}},{"type":"Feature","properties":{"t":"vec","sid":"s233","d":604},"geometry":{"type":"LineString","coordinates":[[19.913185,50.089445],[19.912138,50.094838]]}},{"type":"Feature","properties":{"t":"gps","sid":"s233"},"geometry":{"type":"Point","coordinates":[19.913185,50.089445]}},{"type":"Feature","properties":{"t":"sch","sid":"s233","name":"Mehoffera","imp":0.054,"d":604},"geometry":{"type":"Point","coordinates":[19.912138,50.094838]}},{"type":"Feature","properties":{"t":"vec","sid":"s234","d":89},"geometry":{"type":"LineString","coordinates":[[19.889814,50.081404],[19.8905,50.080736]]}},{"type":"Feature","properties":{"t":"gps","sid":"s234"},"geometry":{"type":"Point","coordinates":[19.889814,50.081404]}},{"type":"Feature","properties":{"t":"sch","sid":"s234","name":"Bronowice SKA","imp":0.445,"d":89},"geometry":{"type":"Point","coordinates":[19.8905,50.080736]}},{"type":"Feature","properties":{"t":"vec","sid":"s235","d":190},"geometry":{"type":"LineString","coordinates":[[19.891745,50.087435],[19.893246,50.086024]]}},{"type":"Feature","properties":{"t":"gps","sid":"s235"},"geometry":{"type":"Point","coordinates":[19.891745,50.087435]}},{"type":"Feature","properties":{"t":"sch","sid":"s235","name":"Rondo Ofiar Katynia","imp":0.413,"d":190},"geometry":{"type":"Point","coordinates":[19.893246,50.086024]}},{"type":"Feature","properties":{"t":"vec","sid":"s236","d":607},"geometry":{"type":"LineString","coordinates":[[19.8829,50.090235],[19.8905,50.087787]]}},{"type":"Feature","properties":{"t":"gps","sid":"s236"},"geometry":{"type":"Point","coordinates":[19.8829,50.090235]}},{"type":"Feature","properties":{"t":"sch","sid":"s236","name":"Katowicka","imp":0.202,"d":607},"geometry":{"type":"Point","coordinates":[19.8905,50.087787]}},{"type":"Feature","properties":{"t":"vec","sid":"s237","d":1321},"geometry":{"type":"LineString","coordinates":[[19.873445,50.09533],[19.887753,50.087787]]}},{"type":"Feature","properties":{"t":"gps","sid":"s237"},"geometry":{"type":"Point","coordinates":[19.873445,50.09533]}},{"type":"Feature","properties":{"t":"sch","sid":"s237","name":"Cmentarz Bronowice","imp":0.15,"d":1321},"geometry":{"type":"Point","coordinates":[19.887753,50.087787]}},{"type":"Feature","properties":{"t":"vec","sid":"s238","d":1639},"geometry":{"type":"LineString","coordinates":[[19.868565,50.098075],[19.885007,50.087787]]}},{"type":"Feature","properties":{"t":"gps","sid":"s238"},"geometry":{"type":"Point","coordinates":[19.868565,50.098075]}},{"type":"Feature","properties":{"t":"sch","sid":"s238","name":"Pasternik","imp":0.15,"d":1639},"geometry":{"type":"Point","coordinates":[19.885007,50.087787]}},{"type":"Feature","properties":{"t":"vec","sid":"s239","d":756},"geometry":{"type":"LineString","coordinates":[[19.882405,50.094425],[19.8905,50.090036]]}},{"type":"Feature","properties":{"t":"gps","sid":"s239"},"geometry":{"type":"Point","coordinates":[19.882405,50.094425]}},{"type":"Feature","properties":{"t":"sch","sid":"s239","name":"Ojcowska Dworek","imp":0.07,"d":756},"geometry":{"type":"Point","coordinates":[19.8905,50.090036]}},{"type":"Feature","properties":{"t":"vec","sid":"s240","d":846},"geometry":{"type":"LineString","coordinates":[[19.88331,50.09746],[19.891572,50.092001]]}},{"type":"Feature","properties":{"t":"gps","sid":"s240"},"geometry":{"type":"Point","coordinates":[19.88331,50.09746]}},{"type":"Feature","properties":{"t":"sch","sid":"s240","name":"Ojcowska Wągroda","imp":0.07,"d":846},"geometry":{"type":"Point","coordinates":[19.891572,50.092001]}},{"type":"Feature","properties":{"t":"vec","sid":"s241","d":1075},"geometry":{"type":"LineString","coordinates":[[19.884145,50.10088],[19.894051,50.093591]]}},{"type":"Feature","properties":{"t":"gps","sid":"s241"},"geometry":{"type":"Point","coordinates":[19.884145,50.10088]}},{"type":"Feature","properties":{"t":"sch","sid":"s241","name":"Ojcowska","imp":0.07,"d":1075},"geometry":{"type":"Point","coordinates":[19.894051,50.093591]}},{"type":"Feature","properties":{"t":"vec","sid":"s242","d":1630},"geometry":{"type":"LineString","coordinates":[[19.880485,50.10562],[19.896529,50.095182]]}},{"type":"Feature","properties":{"t":"gps","sid":"s242"},"geometry":{"type":"Point","coordinates":[19.880485,50.10562]}},{"type":"Feature","properties":{"t":"sch","sid":"s242","name":"Bronowice Wielkie","imp":0.07,"d":1630},"geometry":{"type":"Point","coordinates":[19.896529,50.095182]}},{"type":"Feature","properties":{"t":"vec","sid":"s243","d":259},"geometry":{"type":"LineString","coordinates":[[19.92223,50.09272],[19.920711,50.094838]]}},{"type":"Feature","properties":{"t":"gps","sid":"s243"},"geometry":{"type":"Point","coordinates":[19.92223,50.09272]}},{"type":"Feature","properties":{"t":"sch","sid":"s243","name":"Wyki","imp":0.224,"d":259},"geometry":{"type":"Point","coordinates":[19.920711,50.094838]}},{"type":"Feature","properties":{"t":"vec","sid":"s244","d":270},"geometry":{"type":"LineString","coordinates":[[19.91767,50.09242],[19.917964,50.094838]]}},{"type":"Feature","properties":{"t":"gps","sid":"s244"},"geometry":{"type":"Point","coordinates":[19.91767,50.09242]}},{"type":"Feature","properties":{"t":"sch","sid":"s244","name":"Skrajna","imp":0.134,"d":270},"geometry":{"type":"Point","coordinates":[19.917964,50.094838]}},{"type":"Feature","properties":{"t":"vec","sid":"s245","d":83},"geometry":{"type":"LineString","coordinates":[[19.91436,50.095347],[19.915218,50.094838]]}},{"type":"Feature","properties":{"t":"gps","sid":"s245"},"geometry":{"type":"Point","coordinates":[19.91436,50.095347]}},{"type":"Feature","properties":{"t":"sch","sid":"s245","name":"Jordanowska","imp":0.154,"d":83},"geometry":{"type":"Point","coordinates":[19.915218,50.094838]}},{"type":"Feature","properties":{"t":"vec","sid":"s246","d":289},"geometry":{"type":"LineString","coordinates":[[19.912325,50.09813],[19.913845,50.095719]]}},{"type":"Feature","properties":{"t":"gps","sid":"s246"},"geometry":{"type":"Point","coordinates":[19.912325,50.09813]}},{"type":"Feature","properties":{"t":"sch","sid":"s246","name":"Chabrowa","imp":0.118,"d":289},"geometry":{"type":"Point","coordinates":[19.913845,50.095719]}},{"type":"Feature","properties":{"t":"vec","sid":"s247","d":663},"geometry":{"type":"LineString","coordinates":[[19.907155,50.10387],[19.909993,50.098191]]}},{"type":"Feature","properties":{"t":"gps","sid":"s247"},"geometry":{"type":"Point","coordinates":[19.907155,50.10387]}},{"type":"Feature","properties":{"t":"sch","sid":"s247","name":"Poziomkowa","imp":0.102,"d":663},"geometry":{"type":"Point","coordinates":[19.909993,50.098191]}},{"type":"Feature","properties":{"t":"vec","sid":"s248","d":977},"geometry":{"type":"LineString","coordinates":[[19.90287,50.108045],[19.907515,50.099782]]}},{"type":"Feature","properties":{"t":"gps","sid":"s248"},"geometry":{"type":"Point","coordinates":[19.90287,50.108045]}},{"type":"Feature","properties":{"t":"sch","sid":"s248","name":"Gospodarska","imp":0.102,"d":977},"geometry":{"type":"Point","coordinates":[19.907515,50.099782]}},{"type":"Feature","properties":{"t":"vec","sid":"s249","d":1336},"geometry":{"type":"LineString","coordinates":[[19.89852,50.11261],[19.906979,50.101888]]}},{"type":"Feature","properties":{"t":"gps","sid":"s249"},"geometry":{"type":"Point","coordinates":[19.89852,50.11261]}},{"type":"Feature","properties":{"t":"sch","sid":"s249","name":"Jęczmienna","imp":0.157,"d":1336},"geometry":{"type":"Point","coordinates":[19.906979,50.101888]}},{"type":"Feature","properties":{"t":"vec","sid":"s250","d":1515},"geometry":{"type":"LineString","coordinates":[[19.89342,50.111855],[19.904232,50.100126]]}},{"type":"Feature","properties":{"t":"gps","sid":"s250"},"geometry":{"type":"Point","coordinates":[19.89342,50.111855]}},{"type":"Feature","properties":{"t":"sch","sid":"s250","name":"Na Budzyniu","imp":0.086,"d":1515},"geometry":{"type":"Point","coordinates":[19.904232,50.100126]}},{"type":"Feature","properties":{"t":"vec","sid":"s251","d":1670},"geometry":{"type":"LineString","coordinates":[[19.88603,50.109643],[19.901486,50.098363]]}},{"type":"Feature","properties":{"t":"gps","sid":"s251"},"geometry":{"type":"Point","coordinates":[19.88603,50.109643]}},{"type":"Feature","properties":{"t":"sch","sid":"s251","name":"Tonie","imp":0.11,"d":1670},"geometry":{"type":"Point","coordinates":[19.901486,50.098363]}},{"type":"Feature","properties":{"t":"vec","sid":"s252","d":1724},"geometry":{"type":"LineString","coordinates":[[19.89392,50.117105],[19.904824,50.103271]]}},{"type":"Feature","properties":{"t":"gps","sid":"s252"},"geometry":{"type":"Point","coordinates":[19.89392,50.117105]}},{"type":"Feature","properties":{"t":"sch","sid":"s252","name":"Tonie Gliniki","imp":0.07,"d":1724},"geometry":{"type":"Point","coordinates":[19.904824,50.103271]}},{"type":"Feature","properties":{"t":"vec","sid":"s253","d":1471},"geometry":{"type":"LineString","coordinates":[[19.901832,50.11587],[19.909725,50.103651]]}},{"type":"Feature","properties":{"t":"gps","sid":"s253"},"geometry":{"type":"Point","coordinates":[19.901832,50.11587]}},{"type":"Feature","properties":{"t":"sch","sid":"s253","name":"Na Zielonki","imp":0.09,"d":1471},"geometry":{"type":"Point","coordinates":[19.909725,50.103651]}},{"type":"Feature","properties":{"t":"vec","sid":"s254","d":1456},"geometry":{"type":"LineString","coordinates":[[19.864415,50.0061],[19.878599,50.015518]]}},{"type":"Feature","properties":{"t":"gps","sid":"s254"},"geometry":{"type":"Point","coordinates":[19.864415,50.0061]}},{"type":"Feature","properties":{"t":"sch","sid":"s254","name":"Orszy-Broniewskiego","imp":0.054,"d":1456},"geometry":{"type":"Point","coordinates":[19.878599,50.015518]}},{"type":"Feature","properties":{"t":"vec","sid":"s255","d":1541},"geometry":{"type":"LineString","coordinates":[[19.85893,50.00622],[19.874937,50.015518]]}},{"type":"Feature","properties":{"t":"gps","sid":"s255"},"geometry":{"type":"Point","coordinates":[19.85893,50.00622]}},{"type":"Feature","properties":{"t":"sch","sid":"s255","name":"Kozienicka","imp":0.054,"d":1541},"geometry":{"type":"Point","coordinates":[19.874937,50.015518]}},{"type":"Feature","properties":{"t":"vec","sid":"s256","d":232},"geometry":{"type":"LineString","coordinates":[[19.92924,50.094525],[19.92895,50.0966]]}},{"type":"Feature","properties":{"t":"gps","sid":"s256"},"geometry":{"type":"Point","coordinates":[19.92924,50.094525]}},{"type":"Feature","properties":{"t":"sch","sid":"s256","name":"Pachońskiego P+R","imp":0.32,"d":232},"geometry":{"type":"Point","coordinates":[19.92895,50.0966]}},{"type":"Feature","properties":{"t":"vec","sid":"s257","d":527},"geometry":{"type":"LineString","coordinates":[[19.93031,50.0962],[19.934443,50.100126]]}},{"type":"Feature","properties":{"t":"gps","sid":"s257"},"geometry":{"type":"Point","coordinates":[19.93031,50.0962]}},{"type":"Feature","properties":{"t":"sch","sid":"s257","name":"Prądnik Biały","imp":0.099,"d":527},"geometry":{"type":"Point","coordinates":[19.934443,50.100126]}},{"type":"Feature","properties":{"t":"vec","sid":"s258","d":718},"geometry":{"type":"LineString","coordinates":[[19.93676,50.08347],[19.934845,50.089808]]}},{"type":"Feature","properties":{"t":"gps","sid":"s258"},"geometry":{"type":"Point","coordinates":[19.93676,50.08347]}},{"type":"Feature","properties":{"t":"sch","sid":"s258","name":"Pielęgniarek","imp":0.054,"d":718},"geometry":{"type":"Point","coordinates":[19.934845,50.089808]}},{"type":"Feature","properties":{"t":"vec","sid":"s259","d":519},"geometry":{"type":"LineString","coordinates":[[19.938385,50.08671],[19.93719,50.091312]]}},{"type":"Feature","properties":{"t":"gps","sid":"s259"},"geometry":{"type":"Point","coordinates":[19.938385,50.08671]}},{"type":"Feature","properties":{"t":"sch","sid":"s259","name":"Lekarska","imp":0.074,"d":519},"geometry":{"type":"Point","coordinates":[19.93719,50.091312]}},{"type":"Feature","properties":{"t":"vec","sid":"s260","d":489},"geometry":{"type":"LineString","coordinates":[[19.938493,50.088757],[19.93719,50.093075]]}},{"type":"Feature","properties":{"t":"gps","sid":"s260"},"geometry":{"type":"Point","coordinates":[19.938493,50.088757]}},{"type":"Feature","properties":{"t":"sch","sid":"s260","name":"Szpital Jana Pawła II","imp":0.122,"d":489},"geometry":{"type":"Point","coordinates":[19.93719,50.093075]}},{"type":"Feature","properties":{"t":"vec","sid":"s261","d":2810},"geometry":{"type":"LineString","coordinates":[[20.06407,50.09943],[20.027822,50.08955]]}},{"type":"Feature","properties":{"t":"gps","sid":"s261"},"geometry":{"type":"Point","coordinates":[20.06407,50.09943]}},{"type":"Feature","properties":{"t":"sch","sid":"s261","name":"Szpital Okulistyczny","imp":0.078,"d":2810},"geometry":{"type":"Point","coordinates":[20.027822,50.08955]}},{"type":"Feature","properties":{"t":"vec","sid":"s262","d":483},"geometry":{"type":"LineString","coordinates":[[19.931995,50.08874],[19.931697,50.093075]]}},{"type":"Feature","properties":{"t":"gps","sid":"s262"},"geometry":{"type":"Point","coordinates":[19.931995,50.08874]}},{"type":"Feature","properties":{"t":"sch","sid":"s262","name":"Krowodrza Górka P+R","imp":0.854,"d":483},"geometry":{"type":"Point","coordinates":[19.931697,50.093075]}},{"type":"Feature","properties":{"t":"vec","sid":"s263","d":508},"geometry":{"type":"LineString","coordinates":[[19.925845,50.088775],[19.923457,50.093075]]}},{"type":"Feature","properties":{"t":"gps","sid":"s263"},"geometry":{"type":"Point","coordinates":[19.925845,50.088775]}},{"type":"Feature","properties":{"t":"sch","sid":"s263","name":"Krowoderskich Zuchów","imp":0.173,"d":508},"geometry":{"type":"Point","coordinates":[19.923457,50.093075]}},{"type":"Feature","properties":{"t":"vec","sid":"s264","d":385},"geometry":{"type":"LineString","coordinates":[[19.926485,50.09138],[19.926204,50.094838]]}},{"type":"Feature","properties":{"t":"gps","sid":"s264"},"geometry":{"type":"Point","coordinates":[19.926485,50.09138]}},{"type":"Feature","properties":{"t":"sch","sid":"s264","name":"Opolska Kładka","imp":0.109,"d":385},"geometry":{"type":"Point","coordinates":[19.926204,50.094838]}},{"type":"Feature","properties":{"t":"vec","sid":"s265","d":421},"geometry":{"type":"LineString","coordinates":[[19.94778,50.08791],[19.950353,50.091312]]}},{"type":"Feature","properties":{"t":"gps","sid":"s265"},"geometry":{"type":"Point","coordinates":[19.94778,50.08791]}},{"type":"Feature","properties":{"t":"sch","sid":"s265","name":"Imbramowska","imp":0.118,"d":421},"geometry":{"type":"Point","coordinates":[19.950353,50.091312]}},{"type":"Feature","properties":{"t":"vec","sid":"s266","d":340},"geometry":{"type":"LineString","coordinates":[[19.94372,50.090223],[19.945429,50.093075]]}},{"type":"Feature","properties":{"t":"gps","sid":"s266"},"geometry":{"type":"Point","coordinates":[19.94372,50.090223]}},{"type":"Feature","properties":{"t":"sch","sid":"s266","name":"Mackiewicza","imp":0.173,"d":340},"geometry":{"type":"Point","coordinates":[19.945429,50.093075]}},{"type":"Feature","properties":{"t":"vec","sid":"s267","d":86},"geometry":{"type":"LineString","coordinates":[[19.94725,50.096098],[19.948175,50.0966]]}},{"type":"Feature","properties":{"t":"gps","sid":"s267"},"geometry":{"type":"Point","coordinates":[19.94725,50.096098]}},{"type":"Feature","properties":{"t":"sch","sid":"s267","name":"Siewna Wiadukt","imp":0.256,"d":86},"geometry":{"type":"Point","coordinates":[19.948175,50.0966]}},{"type":"Feature","properties":{"t":"vec","sid":"s268","d":116},"geometry":{"type":"LineString","coordinates":[[19.947777,50.09937],[19.948175,50.098363]]}},{"type":"Feature","properties":{"t":"gps","sid":"s268"},"geometry":{"type":"Point","coordinates":[19.947777,50.09937]}},{"type":"Feature","properties":{"t":"sch","sid":"s268","name":"Siewna","imp":0.106,"d":116},"geometry":{"type":"Point","coordinates":[19.948175,50.098363]}},{"type":"Feature","properties":{"t":"vec","sid":"s269","d":284},"geometry":{"type":"LineString","coordinates":[[19.94602,50.102495],[19.945697,50.099954]]}},{"type":"Feature","properties":{"t":"gps","sid":"s269"},"geometry":{"type":"Point","coordinates":[19.94602,50.102495]}},{"type":"Feature","properties":{"t":"sch","sid":"s269","name":"Dożynkowa","imp":0.07,"d":284},"geometry":{"type":"Point","coordinates":[19.945697,50.099954]}},{"type":"Feature","properties":{"t":"vec","sid":"s270","d":409},"geometry":{"type":"LineString","coordinates":[[19.94425,50.10516],[19.943219,50.101544]]}},{"type":"Feature","properties":{"t":"gps","sid":"s270"},"geometry":{"type":"Point","coordinates":[19.94425,50.10516]}},{"type":"Feature","properties":{"t":"sch","sid":"s270","name":"Os. Witkowice Nowe","imp":0.07,"d":409},"geometry":{"type":"Point","coordinates":[19.943219,50.101544]}},{"type":"Feature","properties":{"t":"vec","sid":"s271","d":509},"geometry":{"type":"LineString","coordinates":[[19.942867,50.108227],[19.942682,50.103651]]}},{"type":"Feature","properties":{"t":"gps","sid":"s271"},"geometry":{"type":"Point","coordinates":[19.942867,50.108227]}},{"type":"Feature","properties":{"t":"sch","sid":"s271","name":"Witkowice","imp":0.094,"d":509},"geometry":{"type":"Point","coordinates":[19.942682,50.103651]}},{"type":"Feature","properties":{"t":"vec","sid":"s272","d":1379},"geometry":{"type":"LineString","coordinates":[[19.94148,50.11867],[19.942682,50.106295]]}},{"type":"Feature","properties":{"t":"gps","sid":"s272"},"geometry":{"type":"Point","coordinates":[19.94148,50.11867]}},{"type":"Feature","properties":{"t":"sch","sid":"s272","name":"Os. Marszowiec","imp":0.07,"d":1379},"geometry":{"type":"Point","coordinates":[19.942682,50.106295]}},{"type":"Feature","properties":{"t":"vec","sid":"s273","d":4208},"geometry":{"type":"LineString","coordinates":[[20.09718,50.10101],[20.044301,50.084262]]}},{"type":"Feature","properties":{"t":"gps","sid":"s273"},"geometry":{"type":"Point","coordinates":[20.09718,50.10101]}},{"type":"Feature","properties":{"t":"sch","sid":"s273","name":"Łuczanowicka","imp":0.054,"d":4208},"geometry":{"type":"Point","coordinates":[20.044301,50.084262]}},{"type":"Feature","properties":{"t":"vec","sid":"s274","d":218},"geometry":{"type":"LineString","coordinates":[[19.952595,50.093505],[19.952697,50.095461]]}},{"type":"Feature","properties":{"t":"gps","sid":"s274"},"geometry":{"type":"Point","coordinates":[19.952595,50.093505]}},{"type":"Feature","properties":{"t":"sch","sid":"s274","name":"Zawodzie","imp":0.07,"d":218},"geometry":{"type":"Point","coordinates":[19.952697,50.095461]}},{"type":"Feature","properties":{"t":"vec","sid":"s275","d":138},"geometry":{"type":"LineString","coordinates":[[19.962127,50.097837],[19.961908,50.0966]]}},{"type":"Feature","properties":{"t":"gps","sid":"s275"},"geometry":{"type":"Point","coordinates":[19.962127,50.097837]}},{"type":"Feature","properties":{"t":"sch","sid":"s275","name":"ks. Meiera","imp":0.282,"d":138},"geometry":{"type":"Point","coordinates":[19.961908,50.0966]}},{"type":"Feature","properties":{"t":"vec","sid":"s276","d":218},"geometry":{"type":"LineString","coordinates":[[19.963895,50.105139],[19.961908,50.103651]]}},{"type":"Feature","properties":{"t":"gps","sid":"s276"},"geometry":{"type":"Point","coordinates":[19.963895,50.105139]}},{"type":"Feature","properties":{"t":"sch","sid":"s276","name":"Górka Narodowa P+R","imp":0.746,"d":218},"geometry":{"type":"Point","coordinates":[19.961908,50.103651]}},{"type":"Feature","properties":{"t":"vec","sid":"s277","d":385},"geometry":{"type":"LineString","coordinates":[[19.90215,50.09178],[19.906576,50.089808]]}},{"type":"Feature","properties":{"t":"gps","sid":"s277"},"geometry":{"type":"Point","coordinates":[19.90215,50.09178]}},{"type":"Feature","properties":{"t":"sch","sid":"s277","name":"Chełmońskiego","imp":0.054,"d":385},"geometry":{"type":"Point","coordinates":[19.906576,50.089808]}},{"type":"Feature","properties":{"t":"vec","sid":"s278","d":1563},"geometry":{"type":"LineString","coordinates":[[19.84956,50.08311],[19.869444,50.077211]]}},{"type":"Feature","properties":{"t":"gps","sid":"s278"},"geometry":{"type":"Point","coordinates":[19.84956,50.08311]}},{"type":"Feature","properties":{"t":"sch","sid":"s278","name":"Zakliki","imp":0.15,"d":1563},"geometry":{"type":"Point","coordinates":[19.869444,50.077211]}},{"type":"Feature","properties":{"t":"vec","sid":"s279","d":818},"geometry":{"type":"LineString","coordinates":[[19.899077,50.058453],[19.887753,50.059584]]}},{"type":"Feature","properties":{"t":"gps","sid":"s279"},"geometry":{"type":"Point","coordinates":[19.899077,50.058453]}},{"type":"Feature","properties":{"t":"sch","sid":"s279","name":"Piastowska","imp":0.157,"d":818},"geometry":{"type":"Point","coordinates":[19.887753,50.059584]}},{"type":"Feature","properties":{"t":"vec","sid":"s280","d":180},"geometry":{"type":"LineString","coordinates":[[19.95965,50.09325],[19.959161,50.094838]]}},{"type":"Feature","properties":{"t":"gps","sid":"s280"},"geometry":{"type":"Point","coordinates":[19.95965,50.09325]}},{"type":"Feature","properties":{"t":"sch","sid":"s280","name":"Aleja 29 Listopada Wiadukt","imp":0.07,"d":180},"geometry":{"type":"Point","coordinates":[19.959161,50.094838]}},{"type":"Feature","properties":{"t":"vec","sid":"s281","d":806},"geometry":{"type":"LineString","coordinates":[[19.8591,50.06971],[19.869333,50.066635]]}},{"type":"Feature","properties":{"t":"gps","sid":"s281"},"geometry":{"type":"Point","coordinates":[19.8591,50.06971]}},{"type":"Feature","properties":{"t":"sch","sid":"s281","name":"Grabowa","imp":0.07,"d":806},"geometry":{"type":"Point","coordinates":[19.869333,50.066635]}},{"type":"Feature","properties":{"t":"vec","sid":"s282","d":220},"geometry":{"type":"LineString","coordinates":[[19.94505,50.093645],[19.947773,50.09458]]}},{"type":"Feature","properties":{"t":"gps","sid":"s282"},"geometry":{"type":"Point","coordinates":[19.94505,50.093645]}},{"type":"Feature","properties":{"t":"sch","sid":"s282","name":"Clepardia","imp":0.086,"d":220},"geometry":{"type":"Point","coordinates":[19.947773,50.09458]}},{"type":"Feature","properties":{"t":"vec","sid":"s283","d":1959},"geometry":{"type":"LineString","coordinates":[[19.87884,50.10873],[19.899007,50.096772]]}},{"type":"Feature","properties":{"t":"gps","sid":"s283"},"geometry":{"type":"Point","coordinates":[19.87884,50.10873]}},{"type":"Feature","properties":{"t":"sch","sid":"s283","name":"Gaik","imp":0.07,"d":1959},"geometry":{"type":"Point","coordinates":[19.899007,50.096772]}},{"type":"Feature","properties":{"t":"vec","sid":"s284","d":676},"geometry":{"type":"LineString","coordinates":[[19.93067,50.084685],[19.927577,50.090431]]}},{"type":"Feature","properties":{"t":"gps","sid":"s284"},"geometry":{"type":"Point","coordinates":[19.93067,50.084685]}},{"type":"Feature","properties":{"t":"sch","sid":"s284","name":"Krowodrza Urzędy Skarbowe","imp":0.054,"d":676},"geometry":{"type":"Point","coordinates":[19.927577,50.090431]}},{"type":"Feature","properties":{"t":"vec","sid":"s285","d":196},"geometry":{"type":"LineString","coordinates":[[19.899205,50.08857],[19.901486,50.08955]]}},{"type":"Feature","properties":{"t":"gps","sid":"s285"},"geometry":{"type":"Point","coordinates":[19.899205,50.08857]}},{"type":"Feature","properties":{"t":"sch","sid":"s285","name":"Conrada","imp":0.141,"d":196},"geometry":{"type":"Point","coordinates":[19.901486,50.08955]}},{"type":"Feature","properties":{"t":"vec","sid":"s286","d":293},"geometry":{"type":"LineString","coordinates":[[19.9646,50.09197],[19.961908,50.093956]]}},{"type":"Feature","properties":{"t":"gps","sid":"s286"},"geometry":{"type":"Point","coordinates":[19.9646,50.09197]}},{"type":"Feature","properties":{"t":"sch","sid":"s286","name":"Sudolska","imp":0.102,"d":293},"geometry":{"type":"Point","coordinates":[19.961908,50.093956]}},{"type":"Feature","properties":{"t":"vec","sid":"s287","d":589},"geometry":{"type":"LineString","coordinates":[[19.890215,50.098615],[19.895993,50.094838]]}},{"type":"Feature","properties":{"t":"gps","sid":"s287"},"geometry":{"type":"Point","coordinates":[19.890215,50.098615]}},{"type":"Feature","properties":{"t":"sch","sid":"s287","name":"Jasnogórska","imp":0.138,"d":589},"geometry":{"type":"Point","coordinates":[19.895993,50.094838]}},{"type":"Feature","properties":{"t":"vec","sid":"s288","d":2044},"geometry":{"type":"LineString","coordinates":[[19.84026,50.09085],[19.865782,50.082499]]}},{"type":"Feature","properties":{"t":"gps","sid":"s288"},"geometry":{"type":"Point","coordinates":[19.84026,50.09085]}},{"type":"Feature","properties":{"t":"sch","sid":"s288","name":"Mydlniki Wapiennik SKA P+R","imp":0.139,"d":2044},"geometry":{"type":"Point","coordinates":[19.865782,50.082499]}},{"type":"Feature","properties":{"t":"vec","sid":"s289","d":59},"geometry":{"type":"LineString","coordinates":[[19.95713,50.098095],[19.956415,50.098363]]}},{"type":"Feature","properties":{"t":"gps","sid":"s289"},"geometry":{"type":"Point","coordinates":[19.95713,50.098095]}},{"type":"Feature","properties":{"t":"sch","sid":"s289","name":"Kuźnicy Kołłątajowskiej","imp":0.205,"d":59},"geometry":{"type":"Point","coordinates":[19.956415,50.098363]}},{"type":"Feature","properties":{"t":"vec","sid":"s290","d":63},"geometry":{"type":"LineString","coordinates":[[19.95143,50.09825],[19.952295,50.098363]]}},{"type":"Feature","properties":{"t":"gps","sid":"s290"},"geometry":{"type":"Point","coordinates":[19.95143,50.09825]}},{"type":"Feature","properties":{"t":"sch","sid":"s290","name":"Natansona","imp":0.07,"d":63},"geometry":{"type":"Point","coordinates":[19.952295,50.098363]}},{"type":"Feature","properties":{"t":"vec","sid":"s291","d":55},"geometry":{"type":"LineString","coordinates":[[19.90577,50.01843],[19.906429,50.01869]]}},{"type":"Feature","properties":{"t":"gps","sid":"s291"},"geometry":{"type":"Point","coordinates":[19.90577,50.01843]}},{"type":"Feature","properties":{"t":"sch","sid":"s291","name":"Torfowa","imp":0.086,"d":55},"geometry":{"type":"Point","coordinates":[19.906429,50.01869]}},{"type":"Feature","properties":{"t":"vec","sid":"s292","d":2365},"geometry":{"type":"LineString","coordinates":[[20.054907,50.09705],[20.025076,50.087787]]}},{"type":"Feature","properties":{"t":"gps","sid":"s292"},"geometry":{"type":"Point","coordinates":[20.054907,50.09705]}},{"type":"Feature","properties":{"t":"sch","sid":"s292","name":"Architektów","imp":0.125,"d":2365},"geometry":{"type":"Point","coordinates":[20.025076,50.087787]}},{"type":"Feature","properties":{"t":"vec","sid":"s293","d":670},"geometry":{"type":"LineString","coordinates":[[19.86415,50.06856],[19.87305,50.066635]]}},{"type":"Feature","properties":{"t":"gps","sid":"s293"},"geometry":{"type":"Point","coordinates":[19.86415,50.06856]}},{"type":"Feature","properties":{"t":"sch","sid":"s293","name":"Panieńskich Skał","imp":0.07,"d":670},"geometry":{"type":"Point","coordinates":[19.87305,50.066635]}},{"type":"Feature","properties":{"t":"vec","sid":"s294","d":167},"geometry":{"type":"LineString","coordinates":[[19.9644,50.09986],[19.964654,50.098363]]}},{"type":"Feature","properties":{"t":"gps","sid":"s294"},"geometry":{"type":"Point","coordinates":[19.9644,50.09986]}},{"type":"Feature","properties":{"t":"sch","sid":"s294","name":"Os. Gotyk","imp":0.126,"d":167},"geometry":{"type":"Point","coordinates":[19.964654,50.098363]}},{"type":"Feature","properties":{"t":"vec","sid":"s295","d":211},"geometry":{"type":"LineString","coordinates":[[19.963468,50.101743],[19.961908,50.100126]]}},{"type":"Feature","properties":{"t":"gps","sid":"s295"},"geometry":{"type":"Point","coordinates":[19.963468,50.101743]}},{"type":"Feature","properties":{"t":"sch","sid":"s295","name":"Banacha","imp":0.189,"d":211},"geometry":{"type":"Point","coordinates":[19.961908,50.100126]}},{"type":"Feature","properties":{"t":"vec","sid":"s296","d":3496},"geometry":{"type":"LineString","coordinates":[[20.07549,50.10659],[20.031942,50.092194]]}},{"type":"Feature","properties":{"t":"gps","sid":"s296"},"geometry":{"type":"Point","coordinates":[20.07549,50.10659]}},{"type":"Feature","properties":{"t":"sch","sid":"s296","name":"Gerlaha","imp":0.118,"d":3496},"geometry":{"type":"Point","coordinates":[20.031942,50.092194]}},{"type":"Feature","properties":{"t":"vec","sid":"s297","d":992},"geometry":{"type":"LineString","coordinates":[[19.94894,50.071025],[19.950922,50.079855]]}},{"type":"Feature","properties":{"t":"gps","sid":"s297"},"geometry":{"type":"Point","coordinates":[19.94894,50.071025]}},{"type":"Feature","properties":{"t":"sch","sid":"s297","name":"Muzeum Armii Krajowej","imp":0.054,"d":992},"geometry":{"type":"Point","coordinates":[19.950922,50.079855]}},{"type":"Feature","properties":{"t":"vec","sid":"s298","d":606},"geometry":{"type":"LineString","coordinates":[[19.948768,50.068411],[19.950922,50.073686]]}},{"type":"Feature","properties":{"t":"gps","sid":"s298"},"geometry":{"type":"Point","coordinates":[19.948768,50.068411]}},{"type":"Feature","properties":{"t":"sch","sid":"s298","name":"Dworzec Główny Wschód","imp":0.491,"d":606},"geometry":{"type":"Point","coordinates":[19.950922,50.073686]}},{"type":"Feature","properties":{"t":"vec","sid":"s299","d":399},"geometry":{"type":"LineString","coordinates":[[19.89286,50.094287],[19.895993,50.091312]]}},{"type":"Feature","properties":{"t":"gps","sid":"s299"},"geometry":{"type":"Point","coordinates":[19.89286,50.094287]}},{"type":"Feature","properties":{"t":"sch","sid":"s299","name":"Stawowa","imp":0.17,"d":399},"geometry":{"type":"Point","coordinates":[19.895993,50.091312]}},{"type":"Feature","properties":{"t":"vec","sid":"s300","d":542},"geometry":{"type":"LineString","coordinates":[[19.8974,50.09344],[19.904232,50.091312]]}},{"type":"Feature","properties":{"t":"gps","sid":"s300"},"geometry":{"type":"Point","coordinates":[19.8974,50.09344]}},{"type":"Feature","properties":{"t":"sch","sid":"s300","name":"Bronowice Wielkie Wschód","imp":0.118,"d":542},"geometry":{"type":"Point","coordinates":[19.904232,50.091312]}},{"type":"Feature","properties":{"t":"vec","sid":"s301","d":398},"geometry":{"type":"LineString","coordinates":[[19.99638,50.083685],[20.000358,50.081174]]}},{"type":"Feature","properties":{"t":"gps","sid":"s301"},"geometry":{"type":"Point","coordinates":[19.99638,50.083685]}},{"type":"Feature","properties":{"t":"sch","sid":"s301","name":"Skarżyńskiego","imp":0.054,"d":398},"geometry":{"type":"Point","coordinates":[20.000358,50.081174]}},{"type":"Feature","properties":{"t":"vec","sid":"s302","d":881},"geometry":{"type":"LineString","coordinates":[[19.91725,50.06753],[19.906979,50.071923]]}},{"type":"Feature","properties":{"t":"gps","sid":"s302"},"geometry":{"type":"Point","coordinates":[19.91725,50.06753]}},{"type":"Feature","properties":{"t":"sch","sid":"s302","name":"Chopina","imp":0.234,"d":881},"geometry":{"type":"Point","coordinates":[19.906979,50.071923]}},{"type":"Feature","properties":{"t":"vec","sid":"s303","d":1123},"geometry":{"type":"LineString","coordinates":[[19.858715,50.0813],[19.873106,50.077211]]}},{"type":"Feature","properties":{"t":"gps","sid":"s303"},"geometry":{"type":"Point","coordinates":[19.858715,50.0813]}},{"type":"Feature","properties":{"t":"sch","sid":"s303","name":"Młynówka SKA","imp":0.15,"d":1123},"geometry":{"type":"Point","coordinates":[19.873106,50.077211]}},{"type":"Feature","properties":{"t":"vec","sid":"s304","d":931},"geometry":{"type":"LineString","coordinates":[[19.98625,50.00272],[19.97564,50.007586]]}},{"type":"Feature","properties":{"t":"gps","sid":"s304"},"geometry":{"type":"Point","coordinates":[19.98625,50.00272]}},{"type":"Feature","properties":{"t":"sch","sid":"s304","name":"Hala Sportowa Piaski Wielkie","imp":0.054,"d":931},"geometry":{"type":"Point","coordinates":[19.97564,50.007586]}},{"type":"Feature","properties":{"t":"vec","sid":"s305","d":732},"geometry":{"type":"LineString","coordinates":[[19.97659,50.04333],[19.986626,50.041958]]}},{"type":"Feature","properties":{"t":"gps","sid":"s305"},"geometry":{"type":"Point","coordinates":[19.97659,50.04333]}},{"type":"Feature","properties":{"t":"sch","sid":"s305","name":"Strycharska","imp":0.054,"d":732},"geometry":{"type":"Point","coordinates":[19.986626,50.041958]}},{"type":"Feature","properties":{"t":"vec","sid":"s306","d":846},"geometry":{"type":"LineString","coordinates":[[19.978615,50.04515],[19.989372,50.041958]]}},{"type":"Feature","properties":{"t":"gps","sid":"s306"},"geometry":{"type":"Point","coordinates":[19.978615,50.04515]}},{"type":"Feature","properties":{"t":"sch","sid":"s306","name":"Płaszowska","imp":0.074,"d":846},"geometry":{"type":"Point","coordinates":[19.989372,50.041958]}},{"type":"Feature","properties":{"t":"vec","sid":"s307","d":318},"geometry":{"type":"LineString","coordinates":[[19.90626,50.08348],[19.904232,50.086024]]}},{"type":"Feature","properties":{"t":"gps","sid":"s307"},"geometry":{"type":"Point","coordinates":[19.90626,50.08348]}},{"type":"Feature","properties":{"t":"sch","sid":"s307","name":"Gnieźnieńska","imp":0.054,"d":318},"geometry":{"type":"Point","coordinates":[19.904232,50.086024]}},{"type":"Feature","properties":{"t":"vec","sid":"s308","d":2228},"geometry":{"type":"LineString","coordinates":[[19.826335,50.04799],[19.857543,50.048462]]}},{"type":"Feature","properties":{"t":"gps","sid":"s308"},"geometry":{"type":"Point","coordinates":[19.826335,50.04799]}},{"type":"Feature","properties":{"t":"sch","sid":"s308","name":"Cmentarz Bielany","imp":0.054,"d":2228},"geometry":{"type":"Point","coordinates":[19.857543,50.048462]}},{"type":"Feature","properties":{"t":"vec","sid":"s309","d":2190},"geometry":{"type":"LineString","coordinates":[[19.82705,50.053685],[19.857543,50.05144]]}},{"type":"Feature","properties":{"t":"gps","sid":"s309"},"geometry":{"type":"Point","coordinates":[19.82705,50.053685]}},{"type":"Feature","properties":{"t":"sch","sid":"s309","name":"Obserwatorium","imp":0.054,"d":2190},"geometry":{"type":"Point","coordinates":[19.857543,50.05144]}},{"type":"Feature","properties":{"t":"vec","sid":"s310","d":3913},"geometry":{"type":"LineString","coordinates":[[20.092585,50.0983],[20.042928,50.08338]]}},{"type":"Feature","properties":{"t":"gps","sid":"s310"},"geometry":{"type":"Point","coordinates":[20.092585,50.0983]}},{"type":"Feature","properties":{"t":"sch","sid":"s310","name":"Grzegorza z Sanoka","imp":0.054,"d":3913},"geometry":{"type":"Point","coordinates":[20.042928,50.08338]}},{"type":"Feature","properties":{"t":"vec","sid":"s311","d":5081},"geometry":{"type":"LineString","coordinates":[[20.10734,50.10799],[20.045674,50.085143]]}},{"type":"Feature","properties":{"t":"gps","sid":"s311"},"geometry":{"type":"Point","coordinates":[20.10734,50.10799]}},{"type":"Feature","properties":{"t":"sch","sid":"s311","name":"Orłowskiego","imp":0.054,"d":5081},"geometry":{"type":"Point","coordinates":[20.045674,50.085143]}},{"type":"Feature","properties":{"t":"vec","sid":"s312","d":2865},"geometry":{"type":"LineString","coordinates":[[20.06563,50.09982],[20.030569,50.087271]]}},{"type":"Feature","properties":{"t":"gps","sid":"s312"},"geometry":{"type":"Point","coordinates":[20.06563,50.09982]}},{"type":"Feature","properties":{"t":"sch","sid":"s312","name":"Osieckiego","imp":0.054,"d":2865},"geometry":{"type":"Point","coordinates":[20.030569,50.087271]}},{"type":"Feature","properties":{"t":"vec","sid":"s313","d":2627},"geometry":{"type":"LineString","coordinates":[[20.06066,50.09671],[20.027822,50.086024]]}},{"type":"Feature","properties":{"t":"gps","sid":"s313"},"geometry":{"type":"Point","coordinates":[20.06066,50.09671]}},{"type":"Feature","properties":{"t":"sch","sid":"s313","name":"Architektów Szkoła","imp":0.054,"d":2627},"geometry":{"type":"Point","coordinates":[20.027822,50.086024]}},{"type":"Feature","properties":{"t":"vec","sid":"s314","d":325},"geometry":{"type":"LineString","coordinates":[[19.914785,50.100675],[19.912472,50.098157]]}},{"type":"Feature","properties":{"t":"gps","sid":"s314"},"geometry":{"type":"Point","coordinates":[19.914785,50.100675]}},{"type":"Feature","properties":{"t":"sch","sid":"s314","name":"Pękowicka","imp":0.054,"d":325},"geometry":{"type":"Point","coordinates":[19.912472,50.098157]}},{"type":"Feature","properties":{"t":"vec","sid":"s315","d":441},"geometry":{"type":"LineString","coordinates":[[19.91952,50.024605],[19.92128,50.020806]]}},{"type":"Feature","properties":{"t":"gps","sid":"s315"},"geometry":{"type":"Point","coordinates":[19.91952,50.024605]}},{"type":"Feature","properties":{"t":"sch","sid":"s315","name":"Krokusowa","imp":0.054,"d":441},"geometry":{"type":"Point","coordinates":[19.92128,50.020806]}},{"type":"Feature","properties":{"t":"vec","sid":"s316","d":328},"geometry":{"type":"LineString","coordinates":[[19.877045,50.03739],[19.881613,50.037085]]}},{"type":"Feature","properties":{"t":"gps","sid":"s316"},"geometry":{"type":"Point","coordinates":[19.877045,50.03739]}},{"type":"Feature","properties":{"t":"sch","sid":"s316","name":"Widłakowa","imp":0.054,"d":328},"geometry":{"type":"Point","coordinates":[19.881613,50.037085]}},{"type":"Feature","properties":{"t":"vec","sid":"s317","d":465},"geometry":{"type":"LineString","coordinates":[[19.87245,50.04121],[19.878219,50.039263]]}},{"type":"Feature","properties":{"t":"gps","sid":"s317"},"geometry":{"type":"Point","coordinates":[19.87245,50.04121]}},{"type":"Feature","properties":{"t":"sch","sid":"s317","name":"Bodzowska","imp":0.054,"d":465},"geometry":{"type":"Point","coordinates":[19.878219,50.039263]}},{"type":"Feature","properties":{"t":"vec","sid":"s318","d":904},"geometry":{"type":"LineString","coordinates":[[19.91161,49.99539],[19.915218,50.003179]]}},{"type":"Feature","properties":{"t":"gps","sid":"s318"},"geometry":{"type":"Point","coordinates":[19.91161,49.99539]}},{"type":"Feature","properties":{"t":"sch","sid":"s318","name":"Kliny Poranne","imp":0.078,"d":904},"geometry":{"type":"Point","coordinates":[19.915218,50.003179]}},{"type":"Feature","properties":{"t":"vec","sid":"s319","d":993},"geometry":{"type":"LineString","coordinates":[[19.91445,49.99538],[19.916781,50.004182]]}},{"type":"Feature","properties":{"t":"gps","sid":"s319"},"geometry":{"type":"Point","coordinates":[19.91445,49.99538]}},{"type":"Feature","properties":{"t":"sch","sid":"s319","name":"Chorzowska","imp":0.054,"d":993},"geometry":{"type":"Point","coordinates":[19.916781,50.004182]}},{"type":"Feature","properties":{"t":"vec","sid":"s320","d":784},"geometry":{"type":"LineString","coordinates":[[19.91455,49.99858],[19.917964,50.005286]]}},{"type":"Feature","properties":{"t":"gps","sid":"s320"},"geometry":{"type":"Point","coordinates":[19.91455,49.99858]}},{"type":"Feature","properties":{"t":"sch","sid":"s320","name":"Zagaje","imp":0.054,"d":784},"geometry":{"type":"Point","coordinates":[19.917964,50.005286]}},{"type":"Feature","properties":{"t":"vec","sid":"s321","d":593},"geometry":{"type":"LineString","coordinates":[[19.92755,49.999685],[19.92895,50.004942]]}},{"type":"Feature","properties":{"t":"gps","sid":"s321"},"geometry":{"type":"Point","coordinates":[19.92755,49.999685]}},{"type":"Feature","properties":{"t":"sch","sid":"s321","name":"Swoszowice SKA P+R","imp":0.134,"d":593},"geometry":{"type":"Point","coordinates":[19.92895,50.004942]}},{"type":"Feature","properties":{"t":"vec","sid":"s322","d":1396},"geometry":{"type":"LineString","coordinates":[[20.011827,50.106767],[20.000358,50.0966]]}},{"type":"Feature","properties":{"t":"gps","sid":"s322"},"geometry":{"type":"Point","coordinates":[20.011827,50.106767]}},{"type":"Feature","properties":{"t":"sch","sid":"s322","name":"Piastów SKA","imp":0.125,"d":1396},"geometry":{"type":"Point","coordinates":[20.000358,50.0966]}},{"type":"Feature","properties":{"t":"vec","sid":"s323","d":1175},"geometry":{"type":"LineString","coordinates":[[19.87471,50.00904],[19.885007,50.01728]]}},{"type":"Feature","properties":{"t":"gps","sid":"s323"},"geometry":{"type":"Point","coordinates":[19.87471,50.00904]}},{"type":"Feature","properties":{"t":"sch","sid":"s323","name":"Skotniki Kościół","imp":0.09,"d":1175},"geometry":{"type":"Point","coordinates":[19.885007,50.01728]}},{"type":"Feature","properties":{"t":"vec","sid":"s324","d":499},"geometry":{"type":"LineString","coordinates":[[19.93271,50.0464],[19.931697,50.041958]]}},{"type":"Feature","properties":{"t":"gps","sid":"s324"},"geometry":{"type":"Point","coordinates":[19.93271,50.0464]}},{"type":"Feature","properties":{"t":"sch","sid":"s324","name":"Os. Podwawelskie","imp":0.419,"d":499},"geometry":{"type":"Point","coordinates":[19.931697,50.041958]}},{"type":"Feature","properties":{"t":"vec","sid":"s325","d":269},"geometry":{"type":"LineString","coordinates":[[19.929385,50.052795],[19.926204,50.051501]]}},{"type":"Feature","properties":{"t":"gps","sid":"s325"},"geometry":{"type":"Point","coordinates":[19.929385,50.052795]}},{"type":"Feature","properties":{"t":"sch","sid":"s325","name":"Konopnickiej","imp":0.262,"d":269},"geometry":{"type":"Point","coordinates":[19.926204,50.051501]}},{"type":"Feature","properties":{"t":"vec","sid":"s326","d":510},"geometry":{"type":"LineString","coordinates":[[19.931407,50.048628],[19.926204,50.045483]]}},{"type":"Feature","properties":{"t":"gps","sid":"s326"},"geometry":{"type":"Point","coordinates":[19.931407,50.048628]}},{"type":"Feature","properties":{"t":"sch","sid":"s326","name":"Rondo Grunwaldzkie","imp":0.669,"d":510},"geometry":{"type":"Point","coordinates":[19.926204,50.045483]}},{"type":"Feature","properties":{"t":"vec","sid":"s327","d":625},"geometry":{"type":"LineString","coordinates":[[19.92589,50.04964],[19.917964,50.047246]]}},{"type":"Feature","properties":{"t":"gps","sid":"s327"},"geometry":{"type":"Point","coordinates":[19.92589,50.04964]}},{"type":"Feature","properties":{"t":"sch","sid":"s327","name":"Bałuckiego","imp":0.07,"d":625},"geometry":{"type":"Point","coordinates":[19.917964,50.047246]}},{"type":"Feature","properties":{"t":"vec","sid":"s328","d":644},"geometry":{"type":"LineString","coordinates":[[19.926835,50.05183],[19.917964,50.050771]]}},{"type":"Feature","properties":{"t":"gps","sid":"s328"},"geometry":{"type":"Point","coordinates":[19.926835,50.05183]}},{"type":"Feature","properties":{"t":"sch","sid":"s328","name":"Rynek Dębnicki","imp":0.09,"d":644},"geometry":{"type":"Point","coordinates":[19.917964,50.050771]}},{"type":"Feature","properties":{"t":"vec","sid":"s329","d":840},"geometry":{"type":"LineString","coordinates":[[19.920535,50.04974],[19.908921,50.048492]]}},{"type":"Feature","properties":{"t":"gps","sid":"s329"},"geometry":{"type":"Point","coordinates":[19.920535,50.04974]}},{"type":"Feature","properties":{"t":"sch","sid":"s329","name":"Praska","imp":0.07,"d":840},"geometry":{"type":"Point","coordinates":[19.908921,50.048492]}},{"type":"Feature","properties":{"t":"vec","sid":"s330","d":864},"geometry":{"type":"LineString","coordinates":[[19.912445,50.047018],[19.901486,50.04372]]}},{"type":"Feature","properties":{"t":"gps","sid":"s330"},"geometry":{"type":"Point","coordinates":[19.912445,50.047018]}},{"type":"Feature","properties":{"t":"sch","sid":"s330","name":"Zielińskiego","imp":0.157,"d":864},"geometry":{"type":"Point","coordinates":[19.901486,50.04372]}},{"type":"Feature","properties":{"t":"vec","sid":"s331","d":983},"geometry":{"type":"LineString","coordinates":[[19.909285,50.04585],[19.897567,50.041205]]}},{"type":"Feature","properties":{"t":"gps","sid":"s331"},"geometry":{"type":"Point","coordinates":[19.909285,50.04585]}},{"type":"Feature","properties":{"t":"sch","sid":"s331","name":"Os. Robotnicze","imp":0.07,"d":983},"geometry":{"type":"Point","coordinates":[19.897567,50.041205]}},{"type":"Feature","properties":{"t":"vec","sid":"s332","d":373},"geometry":{"type":"LineString","coordinates":[[19.89878,50.03803],[19.893649,50.03869]]}},{"type":"Feature","properties":{"t":"gps","sid":"s332"},"geometry":{"type":"Point","coordinates":[19.89878,50.03803]}},{"type":"Feature","properties":{"t":"sch","sid":"s332","name":"Park Skały Twardowskiego","imp":0.07,"d":373},"geometry":{"type":"Point","coordinates":[19.893649,50.03869]}},{"type":"Feature","properties":{"t":"vec","sid":"s333","d":352},"geometry":{"type":"LineString","coordinates":[[19.894575,50.036745],[19.88973,50.036176]]}},{"type":"Feature","properties":{"t":"gps","sid":"s333"},"geometry":{"type":"Point","coordinates":[19.894575,50.036745]}},{"type":"Feature","properties":{"t":"sch","sid":"s333","name":"Pychowice","imp":0.07,"d":352},"geometry":{"type":"Point","coordinates":[19.88973,50.036176]}},{"type":"Feature","properties":{"t":"vec","sid":"s334","d":51},"geometry":{"type":"LineString","coordinates":[[19.885635,50.03513],[19.885007,50.034907]]}},{"type":"Feature","properties":{"t":"gps","sid":"s334"},"geometry":{"type":"Point","coordinates":[19.885635,50.03513]}},{"type":"Feature","properties":{"t":"sch","sid":"s334","name":"Rodzinna","imp":0.106,"d":51},"geometry":{"type":"Point","coordinates":[19.885007,50.034907]}},{"type":"Feature","properties":{"t":"vec","sid":"s335","d":310},"geometry":{"type":"LineString","coordinates":[[19.87597,50.033955],[19.88005,50.034907]]}},{"type":"Feature","properties":{"t":"gps","sid":"s335"},"geometry":{"type":"Point","coordinates":[19.87597,50.033955]}},{"type":"Feature","properties":{"t":"sch","sid":"s335","name":"Górka Pychowicka","imp":0.086,"d":310},"geometry":{"type":"Point","coordinates":[19.88005,50.034907]}},{"type":"Feature","properties":{"t":"vec","sid":"s336","d":819},"geometry":{"type":"LineString","coordinates":[[19.86491,50.031505],[19.875094,50.034907]]}},{"type":"Feature","properties":{"t":"gps","sid":"s336"},"geometry":{"type":"Point","coordinates":[19.86491,50.031505]}},{"type":"Feature","properties":{"t":"sch","sid":"s336","name":"Fort Bodzów","imp":0.086,"d":819},"geometry":{"type":"Point","coordinates":[19.875094,50.034907]}},{"type":"Feature","properties":{"t":"vec","sid":"s337","d":1230},"geometry":{"type":"LineString","coordinates":[[19.85522,50.02913],[19.871275,50.033144]]}},{"type":"Feature","properties":{"t":"gps","sid":"s337"},"geometry":{"type":"Point","coordinates":[19.85522,50.02913]}},{"type":"Feature","properties":{"t":"sch","sid":"s337","name":"Kostrze Szkoła","imp":0.157,"d":1230},"geometry":{"type":"Point","coordinates":[19.871275,50.033144]}},{"type":"Feature","properties":{"t":"vec","sid":"s338","d":1207},"geometry":{"type":"LineString","coordinates":[[19.852155,50.02866],[19.868528,50.031382]]}},{"type":"Feature","properties":{"t":"gps","sid":"s338"},"geometry":{"type":"Point","coordinates":[19.852155,50.02866]}},{"type":"Feature","properties":{"t":"sch","sid":"s338","name":"Kostrze OSP","imp":0.134,"d":1207},"geometry":{"type":"Point","coordinates":[19.868528,50.031382]}},{"type":"Feature","properties":{"t":"vec","sid":"s339","d":1548},"geometry":{"type":"LineString","coordinates":[[19.847675,50.02766],[19.867613,50.033144]]}},{"type":"Feature","properties":{"t":"gps","sid":"s339"},"geometry":{"type":"Point","coordinates":[19.847675,50.02766]}},{"type":"Feature","properties":{"t":"sch","sid":"s339","name":"Wały Wiślane","imp":0.07,"d":1548},"geometry":{"type":"Point","coordinates":[19.867613,50.033144]}},{"type":"Feature","properties":{"t":"vec","sid":"s340","d":2138},"geometry":{"type":"LineString","coordinates":[[19.83332,50.024777],[19.860289,50.033144]]}},{"type":"Feature","properties":{"t":"gps","sid":"s340"},"geometry":{"type":"Point","coordinates":[19.83332,50.024777]}},{"type":"Feature","properties":{"t":"sch","sid":"s340","name":"Kolna","imp":0.109,"d":2138},"geometry":{"type":"Point","coordinates":[19.860289,50.033144]}},{"type":"Feature","properties":{"t":"vec","sid":"s341","d":3102},"geometry":{"type":"LineString","coordinates":[[19.81776,50.01831],[19.856627,50.030794]]}},{"type":"Feature","properties":{"t":"gps","sid":"s341"},"geometry":{"type":"Point","coordinates":[19.81776,50.01831]}},{"type":"Feature","properties":{"t":"sch","sid":"s341","name":"Bolesława Śmiałego","imp":0.07,"d":3102},"geometry":{"type":"Point","coordinates":[19.856627,50.030794]}},{"type":"Feature","properties":{"t":"vec","sid":"s342","d":3618},"geometry":{"type":"LineString","coordinates":[[19.80911,50.015515],[19.854796,50.029619]]}},{"type":"Feature","properties":{"t":"gps","sid":"s342"},"geometry":{"type":"Point","coordinates":[19.80911,50.015515]}},{"type":"Feature","properties":{"t":"sch","sid":"s342","name":"Tyniec","imp":0.09,"d":3618},"geometry":{"type":"Point","coordinates":[19.854796,50.029619]}},{"type":"Feature","properties":{"t":"vec","sid":"s343","d":3432},"geometry":{"type":"LineString","coordinates":[[19.812115,50.01011],[19.854796,50.024331]]}},{"type":"Feature","properties":{"t":"gps","sid":"s343"},"geometry":{"type":"Point","coordinates":[19.812115,50.01011]}},{"type":"Feature","properties":{"t":"sch","sid":"s343","name":"Bogucianka","imp":0.09,"d":3432},"geometry":{"type":"Point","coordinates":[19.854796,50.024331]}},{"type":"Feature","properties":{"t":"vec","sid":"s344","d":3467},"geometry":{"type":"LineString","coordinates":[[19.814487,50.008127],[19.857543,50.022568]]}},{"type":"Feature","properties":{"t":"gps","sid":"s344"},"geometry":{"type":"Point","coordinates":[19.814487,50.008127]}},{"type":"Feature","properties":{"t":"sch","sid":"s344","name":"Tyniec Kamieniołom","imp":0.094,"d":3467},"geometry":{"type":"Point","coordinates":[19.857543,50.022568]}},{"type":"Feature","properties":{"t":"vec","sid":"s345","d":1660},"geometry":{"type":"LineString","coordinates":[[19.848145,50.02389],[19.871275,50.025474]]}},{"type":"Feature","properties":{"t":"gps","sid":"s345"},"geometry":{"type":"Point","coordinates":[19.848145,50.02389]}},{"type":"Feature","properties":{"t":"sch","sid":"s345","name":"Dąbrowa","imp":0.054,"d":1660},"geometry":{"type":"Point","coordinates":[19.871275,50.025474]}},{"type":"Feature","properties":{"t":"vec","sid":"s346","d":2066},"geometry":{"type":"LineString","coordinates":[[19.842765,50.01894],[19.871275,50.022155]]}},{"type":"Feature","properties":{"t":"gps","sid":"s346"},"geometry":{"type":"Point","coordinates":[19.842765,50.01894]}},{"type":"Feature","properties":{"t":"sch","sid":"s346","name":"Kostrze","imp":0.054,"d":2066},"geometry":{"type":"Point","coordinates":[19.871275,50.022155]}},{"type":"Feature","properties":{"t":"vec","sid":"s347","d":627},"geometry":{"type":"LineString","coordinates":[[19.925396,50.046731],[19.917964,50.04372]]}},{"type":"Feature","properties":{"t":"gps","sid":"s347"},"geometry":{"type":"Point","coordinates":[19.925396,50.046731]}},{"type":"Feature","properties":{"t":"sch","sid":"s347","name":"Szwedzka","imp":0.282,"d":627},"geometry":{"type":"Point","coordinates":[19.917964,50.04372]}},{"type":"Feature","properties":{"t":"vec","sid":"s348","d":850},"geometry":{"type":"LineString","coordinates":[[19.921927,50.04484],[19.912472,50.040195]]}},{"type":"Feature","properties":{"t":"gps","sid":"s348"},"geometry":{"type":"Point","coordinates":[19.921927,50.04484]}},{"type":"Feature","properties":{"t":"sch","sid":"s348","name":"Kapelanka","imp":0.269,"d":850},"geometry":{"type":"Point","coordinates":[19.912472,50.040195]}},{"type":"Feature","properties":{"t":"vec","sid":"s349","d":742},"geometry":{"type":"LineString","coordinates":[[19.924324,50.04092],[19.917964,50.035637]]}},{"type":"Feature","properties":{"t":"gps","sid":"s349"},"geometry":{"type":"Point","coordinates":[19.924324,50.04092]}},{"type":"Feature","properties":{"t":"sch","sid":"s349","name":"Słomiana","imp":0.182,"d":742},"geometry":{"type":"Point","coordinates":[19.917964,50.035637]}},{"type":"Feature","properties":{"t":"vec","sid":"s350","d":766},"geometry":{"type":"LineString","coordinates":[[19.925819,50.034311],[19.917964,50.029619]]}},{"type":"Feature","properties":{"t":"gps","sid":"s350"},"geometry":{"type":"Point","coordinates":[19.925819,50.034311]}},{"type":"Feature","properties":{"t":"sch","sid":"s350","name":"Kobierzyńska","imp":0.202,"d":766},"geometry":{"type":"Point","coordinates":[19.917964,50.029619]}},{"type":"Feature","properties":{"t":"vec","sid":"s351","d":893},"geometry":{"type":"LineString","coordinates":[[19.920523,50.031602],[19.915218,50.024331]]}},{"type":"Feature","properties":{"t":"gps","sid":"s351"},"geometry":{"type":"Point","coordinates":[19.920523,50.031602]}},{"type":"Feature","properties":{"t":"sch","sid":"s351","name":"Grota-Roweckiego","imp":0.218,"d":893},"geometry":{"type":"Point","coordinates":[19.915218,50.024331]}},{"type":"Feature","properties":{"t":"vec","sid":"s352","d":628},"geometry":{"type":"LineString","coordinates":[[19.912779,50.029885],[19.911145,50.024331]]}},{"type":"Feature","properties":{"t":"gps","sid":"s352"},"geometry":{"type":"Point","coordinates":[19.912779,50.029885]}},{"type":"Feature","properties":{"t":"sch","sid":"s352","name":"Norymberska","imp":0.166,"d":628},"geometry":{"type":"Point","coordinates":[19.911145,50.024331]}},{"type":"Feature","properties":{"t":"vec","sid":"s353","d":857},"geometry":{"type":"LineString","coordinates":[[19.924787,50.030677],[19.917964,50.024331]]}},{"type":"Feature","properties":{"t":"gps","sid":"s353"},"geometry":{"type":"Point","coordinates":[19.924787,50.030677]}},{"type":"Feature","properties":{"t":"sch","sid":"s353","name":"Lipińskiego","imp":0.218,"d":857},"geometry":{"type":"Point","coordinates":[19.917964,50.024331]}},{"type":"Feature","properties":{"t":"vec","sid":"s354","d":866},"geometry":{"type":"LineString","coordinates":[[19.914767,50.027893],[19.909725,50.020806]]}},{"type":"Feature","properties":{"t":"gps","sid":"s354"},"geometry":{"type":"Point","coordinates":[19.914767,50.027893]}},{"type":"Feature","properties":{"t":"sch","sid":"s354","name":"Rostworowskiego","imp":0.106,"d":866},"geometry":{"type":"Point","coordinates":[19.909725,50.020806]}},{"type":"Feature","properties":{"t":"vec","sid":"s355","d":474},"geometry":{"type":"LineString","coordinates":[[19.910735,50.023655],[19.908077,50.019748]]}},{"type":"Feature","properties":{"t":"gps","sid":"s355"},"geometry":{"type":"Point","coordinates":[19.910735,50.023655]}},{"type":"Feature","properties":{"t":"sch","sid":"s355","name":"Zachodnia","imp":0.086,"d":474},"geometry":{"type":"Point","coordinates":[19.908077,50.019748]}},{"type":"Feature","properties":{"t":"vec","sid":"s356","d":372},"geometry":{"type":"LineString","coordinates":[[19.90203,50.01479],[19.904781,50.017633]]}},{"type":"Feature","properties":{"t":"gps","sid":"s356"},"geometry":{"type":"Point","coordinates":[19.90203,50.01479]}},{"type":"Feature","properties":{"t":"sch","sid":"s356","name":"Lubostroń","imp":0.086,"d":372},"geometry":{"type":"Point","coordinates":[19.904781,50.017633]}},{"type":"Feature","properties":{"t":"vec","sid":"s357","d":2128},"geometry":{"type":"LineString","coordinates":[[19.98357,49.98411],[19.970834,50.001416]]}},{"type":"Feature","properties":{"t":"gps","sid":"s357"},"geometry":{"type":"Point","coordinates":[19.98357,49.98411]}},{"type":"Feature","properties":{"t":"sch","sid":"s357","name":"Malinowskiego","imp":0.054,"d":2128},"geometry":{"type":"Point","coordinates":[19.970834,50.001416]}},{"type":"Feature","properties":{"t":"vec","sid":"s358","d":653},"geometry":{"type":"LineString","coordinates":[[19.898595,50.01148],[19.903134,50.016575]]}},{"type":"Feature","properties":{"t":"gps","sid":"s358"},"geometry":{"type":"Point","coordinates":[19.898595,50.01148]}},{"type":"Feature","properties":{"t":"sch","sid":"s358","name":"Skośna","imp":0.086,"d":653},"geometry":{"type":"Point","coordinates":[19.903134,50.016575]}},{"type":"Feature","properties":{"t":"vec","sid":"s359","d":747},"geometry":{"type":"LineString","coordinates":[[19.90106,50.006455],[19.906979,50.011992]]}},{"type":"Feature","properties":{"t":"gps","sid":"s359"},"geometry":{"type":"Point","coordinates":[19.90106,50.006455]}},{"type":"Feature","properties":{"t":"sch","sid":"s359","name":"Zawiła","imp":0.154,"d":747},"geometry":{"type":"Point","coordinates":[19.906979,50.011992]}},{"type":"Feature","properties":{"t":"vec","sid":"s360","d":1001},"geometry":{"type":"LineString","coordinates":[[19.891815,50.00725],[19.897366,50.015518]]}},{"type":"Feature","properties":{"t":"gps","sid":"s360"},"geometry":{"type":"Point","coordinates":[19.891815,50.00725]}},{"type":"Feature","properties":{"t":"sch","sid":"s360","name":"Kobierzyn","imp":0.086,"d":1001},"geometry":{"type":"Point","coordinates":[19.897366,50.015518]}},{"type":"Feature","properties":{"t":"vec","sid":"s361","d":1286},"geometry":{"type":"LineString","coordinates":[[19.8807,50.007213],[19.893246,50.015518]]}},{"type":"Feature","properties":{"t":"gps","sid":"s361"},"geometry":{"type":"Point","coordinates":[19.8807,50.007213]}},{"type":"Feature","properties":{"t":"sch","sid":"s361","name":"Babińskiego","imp":0.186,"d":1286},"geometry":{"type":"Point","coordinates":[19.893246,50.015518]}},{"type":"Feature","properties":{"t":"vec","sid":"s362","d":1368},"geometry":{"type":"LineString","coordinates":[[19.874223,50.006797],[19.887753,50.015518]]}},{"type":"Feature","properties":{"t":"gps","sid":"s362"},"geometry":{"type":"Point","coordinates":[19.874223,50.006797]}},{"type":"Feature","properties":{"t":"sch","sid":"s362","name":"Skotniki","imp":0.205,"d":1368},"geometry":{"type":"Point","coordinates":[19.887753,50.015518]}},{"type":"Feature","properties":{"t":"vec","sid":"s363","d":1157},"geometry":{"type":"LineString","coordinates":[[19.875865,50.012215],[19.885007,50.020806]]}},{"type":"Feature","properties":{"t":"gps","sid":"s363"},"geometry":{"type":"Point","coordinates":[19.875865,50.012215]}},{"type":"Feature","properties":{"t":"sch","sid":"s363","name":"Brücknera","imp":0.09,"d":1157},"geometry":{"type":"Point","coordinates":[19.885007,50.020806]}},{"type":"Feature","properties":{"t":"vec","sid":"s364","d":932},"geometry":{"type":"LineString","coordinates":[[19.876003,50.016497],[19.885007,50.022568]]}},{"type":"Feature","properties":{"t":"gps","sid":"s364"},"geometry":{"type":"Point","coordinates":[19.876003,50.016497]}},{"type":"Feature","properties":{"t":"sch","sid":"s364","name":"Skotniki Szkoła","imp":0.122,"d":932},"geometry":{"type":"Point","coordinates":[19.885007,50.022568]}},{"type":"Feature","properties":{"t":"vec","sid":"s365","d":2548},"geometry":{"type":"LineString","coordinates":[[19.852393,49.99532],[19.879514,50.01023]]}},{"type":"Feature","properties":{"t":"gps","sid":"s365"},"geometry":{"type":"Point","coordinates":[19.852393,49.99532]}},{"type":"Feature","properties":{"t":"sch","sid":"s365","name":"Wrony","imp":0.17,"d":2548},"geometry":{"type":"Point","coordinates":[19.879514,50.01023]}},{"type":"Feature","properties":{"t":"vec","sid":"s366","d":912},"geometry":{"type":"LineString","coordinates":[[19.88165,50.01665],[19.8905,50.022568]]}},{"type":"Feature","properties":{"t":"gps","sid":"s366"},"geometry":{"type":"Point","coordinates":[19.88165,50.01665]}},{"type":"Feature","properties":{"t":"sch","sid":"s366","name":"Mochnaniec","imp":0.102,"d":912},"geometry":{"type":"Point","coordinates":[19.8905,50.022568]}},{"type":"Feature","properties":{"t":"vec","sid":"s367","d":2716},"geometry":{"type":"LineString","coordinates":[[19.85994,49.990225],[19.883712,50.009298]]}},{"type":"Feature","properties":{"t":"gps","sid":"s367"},"geometry":{"type":"Point","coordinates":[19.85994,49.990225]}},{"type":"Feature","properties":{"t":"sch","sid":"s367","name":"Warchałowskiego","imp":0.07,"d":2716},"geometry":{"type":"Point","coordinates":[19.883712,50.009298]}},{"type":"Feature","properties":{"t":"vec","sid":"s368","d":2476},"geometry":{"type":"LineString","coordinates":[[19.864015,49.990495],[19.887106,50.00712]]}},{"type":"Feature","properties":{"t":"gps","sid":"s368"},"geometry":{"type":"Point","coordinates":[19.864015,49.990495]}},{"type":"Feature","properties":{"t":"sch","sid":"s368","name":"Sapalskiego","imp":0.07,"d":2476},"geometry":{"type":"Point","coordinates":[19.887106,50.00712]}},{"type":"Feature","properties":{"t":"vec","sid":"s369","d":2256},"geometry":{"type":"LineString","coordinates":[[19.8721,49.98844],[19.8905,50.004942]]}},{"type":"Feature","properties":{"t":"gps","sid":"s369"},"geometry":{"type":"Point","coordinates":[19.8721,49.98844]}},{"type":"Feature","properties":{"t":"sch","sid":"s369","name":"Sidzina","imp":0.214,"d":2256},"geometry":{"type":"Point","coordinates":[19.8905,50.004942]}},{"type":"Feature","properties":{"t":"vec","sid":"s370","d":578},"geometry":{"type":"LineString","coordinates":[[19.906855,50.00825],[19.912472,50.011992]]}},{"type":"Feature","properties":{"t":"gps","sid":"s370"},"geometry":{"type":"Point","coordinates":[19.906855,50.00825]}},{"type":"Feature","properties":{"t":"sch","sid":"s370","name":"Las Borkowski","imp":0.141,"d":578},"geometry":{"type":"Point","coordinates":[19.912472,50.011992]}},{"type":"Feature","properties":{"t":"vec","sid":"s371","d":672},"geometry":{"type":"LineString","coordinates":[[19.905805,50.004735],[19.909725,50.01023]]}},{"type":"Feature","properties":{"t":"gps","sid":"s371"},"geometry":{"type":"Point","coordinates":[19.905805,50.004735]}},{"type":"Feature","properties":{"t":"sch","sid":"s371","name":"Borkowska","imp":0.173,"d":672},"geometry":{"type":"Point","coordinates":[19.909725,50.01023]}},{"type":"Feature","properties":{"t":"vec","sid":"s372","d":870},"geometry":{"type":"LineString","coordinates":[[19.906455,50.000925],[19.909725,50.008467]]}},{"type":"Feature","properties":{"t":"gps","sid":"s372"},"geometry":{"type":"Point","coordinates":[19.906455,50.000925]}},{"type":"Feature","properties":{"t":"sch","sid":"s372","name":"Forteczna","imp":0.125,"d":870},"geometry":{"type":"Point","coordinates":[19.909725,50.008467]}},{"type":"Feature","properties":{"t":"vec","sid":"s373","d":880},"geometry":{"type":"LineString","coordinates":[[19.91265,49.999565],[19.917964,50.006704]]}},{"type":"Feature","properties":{"t":"gps","sid":"s373"},"geometry":{"type":"Point","coordinates":[19.91265,49.999565]}},{"type":"Feature","properties":{"t":"sch","sid":"s373","name":"Zawiszy","imp":0.144,"d":880},"geometry":{"type":"Point","coordinates":[19.917964,50.006704]}},{"type":"Feature","properties":{"t":"vec","sid":"s374","d":710},"geometry":{"type":"LineString","coordinates":[[19.91262,50.00054],[19.915218,50.006704]]}},{"type":"Feature","properties":{"t":"gps","sid":"s374"},"geometry":{"type":"Point","coordinates":[19.91262,50.00054]}},{"type":"Feature","properties":{"t":"sch","sid":"s374","name":"Os. Kliny","imp":0.09,"d":710},"geometry":{"type":"Point","coordinates":[19.915218,50.006704]}},{"type":"Feature","properties":{"t":"vec","sid":"s375","d":650},"geometry":{"type":"LineString","coordinates":[[19.9168,50.00086],[19.916591,50.006704]]}},{"type":"Feature","properties":{"t":"gps","sid":"s375"},"geometry":{"type":"Point","coordinates":[19.9168,50.00086]}},{"type":"Feature","properties":{"t":"sch","sid":"s375","name":"Judyma Szkoła","imp":0.07,"d":650},"geometry":{"type":"Point","coordinates":[19.916591,50.006704]}},{"type":"Feature","properties":{"t":"vec","sid":"s376","d":644},"geometry":{"type":"LineString","coordinates":[[19.936489,50.029968],[19.934443,50.024331]]}},{"type":"Feature","properties":{"t":"gps","sid":"s376"},"geometry":{"type":"Point","coordinates":[19.936489,50.029968]}},{"type":"Feature","properties":{"t":"sch","sid":"s376","name":"Łagiewniki","imp":0.245,"d":644},"geometry":{"type":"Point","coordinates":[19.934443,50.024331]}},{"type":"Feature","properties":{"t":"vec","sid":"s377","d":827},"geometry":{"type":"LineString","coordinates":[[19.93495,50.043255],[19.927813,50.0374]]}},{"type":"Feature","properties":{"t":"gps","sid":"s377"},"geometry":{"type":"Point","coordinates":[19.93495,50.043255]}},{"type":"Feature","properties":{"t":"sch","sid":"s377","name":"Ludwinów","imp":0.23,"d":827},"geometry":{"type":"Point","coordinates":[19.927813,50.0374]}},{"type":"Feature","properties":{"t":"vec","sid":"s378","d":612},"geometry":{"type":"LineString","coordinates":[[19.946832,50.04386],[19.945429,50.038432]]}},{"type":"Feature","properties":{"t":"gps","sid":"s378"},"geometry":{"type":"Point","coordinates":[19.946832,50.04386]}},{"type":"Feature","properties":{"t":"sch","sid":"s378","name":"Korona","imp":0.205,"d":612},"geometry":{"type":"Point","coordinates":[19.945429,50.038432]}},{"type":"Feature","properties":{"t":"vec","sid":"s379","d":770},"geometry":{"type":"LineString","coordinates":[[19.943183,50.041554],[19.94228,50.034649]]}},{"type":"Feature","properties":{"t":"gps","sid":"s379"},"geometry":{"type":"Point","coordinates":[19.943183,50.041554]}},{"type":"Feature","properties":{"t":"sch","sid":"s379","name":"Smolki","imp":0.134,"d":770},"geometry":{"type":"Point","coordinates":[19.94228,50.034649]}},{"type":"Feature","properties":{"t":"vec","sid":"s380","d":631},"geometry":{"type":"LineString","coordinates":[[19.940606,50.036611],[19.93719,50.031382]]}},{"type":"Feature","properties":{"t":"gps","sid":"s380"},"geometry":{"type":"Point","coordinates":[19.940606,50.036611]}},{"type":"Feature","properties":{"t":"sch","sid":"s380","name":"Rondo Matecznego","imp":0.365,"d":631},"geometry":{"type":"Point","coordinates":[19.93719,50.031382]}},{"type":"Feature","properties":{"t":"vec","sid":"s381","d":618},"geometry":{"type":"LineString","coordinates":[[19.938554,50.033114],[19.934443,50.028221]]}},{"type":"Feature","properties":{"t":"gps","sid":"s381"},"geometry":{"type":"Point","coordinates":[19.938554,50.033114]}},{"type":"Feature","properties":{"t":"sch","sid":"s381","name":"Rzemieślnicza","imp":0.134,"d":618},"geometry":{"type":"Point","coordinates":[19.934443,50.028221]}},{"type":"Feature","properties":{"t":"vec","sid":"s382","d":253},"geometry":{"type":"LineString","coordinates":[[19.932309,50.021282],[19.931697,50.019043]]}},{"type":"Feature","properties":{"t":"gps","sid":"s382"},"geometry":{"type":"Point","coordinates":[19.932309,50.021282]}},{"type":"Feature","properties":{"t":"sch","sid":"s382","name":"Łagiewniki SKA","imp":0.259,"d":253},"geometry":{"type":"Point","coordinates":[19.931697,50.019043]}},{"type":"Feature","properties":{"t":"vec","sid":"s383","d":247},"geometry":{"type":"LineString","coordinates":[[19.929476,50.016251],[19.926204,50.015518]]}},{"type":"Feature","properties":{"t":"gps","sid":"s383"},"geometry":{"type":"Point","coordinates":[19.929476,50.016251]}},{"type":"Feature","properties":{"t":"sch","sid":"s383","name":"Kościuszkowców","imp":0.208,"d":247},"geometry":{"type":"Point","coordinates":[19.926204,50.015518]}},{"type":"Feature","properties":{"t":"vec","sid":"s384","d":62},"geometry":{"type":"LineString","coordinates":[[19.927064,50.011926],[19.926204,50.011992]]}},{"type":"Feature","properties":{"t":"gps","sid":"s384"},"geometry":{"type":"Point","coordinates":[19.927064,50.011926]}},{"type":"Feature","properties":{"t":"sch","sid":"s384","name":"Borek Fałęcki","imp":1,"d":62},"geometry":{"type":"Point","coordinates":[19.926204,50.011992]}},{"type":"Feature","properties":{"t":"vec","sid":"s385","d":362},"geometry":{"type":"LineString","coordinates":[[19.92501,50.007135],[19.923457,50.01023]]}},{"type":"Feature","properties":{"t":"gps","sid":"s385"},"geometry":{"type":"Point","coordinates":[19.92501,50.007135]}},{"type":"Feature","properties":{"t":"sch","sid":"s385","name":"Góra Borkowska","imp":0.381,"d":362},"geometry":{"type":"Point","coordinates":[19.923457,50.01023]}},{"type":"Feature","properties":{"t":"vec","sid":"s386","d":539},"geometry":{"type":"LineString","coordinates":[[19.9222,50.001925],[19.923457,50.006704]]}},{"type":"Feature","properties":{"t":"gps","sid":"s386"},"geometry":{"type":"Point","coordinates":[19.9222,50.001925]}},{"type":"Feature","properties":{"t":"sch","sid":"s386","name":"Judyma","imp":0.333,"d":539},"geometry":{"type":"Point","coordinates":[19.923457,50.006704]}},{"type":"Feature","properties":{"t":"vec","sid":"s387","d":789},"geometry":{"type":"LineString","coordinates":[[19.920675,49.998073],[19.923457,50.004942]]}},{"type":"Feature","properties":{"t":"gps","sid":"s387"},"geometry":{"type":"Point","coordinates":[19.920675,49.998073]}},{"type":"Feature","properties":{"t":"sch","sid":"s387","name":"Kąpielowa","imp":0.352,"d":789},"geometry":{"type":"Point","coordinates":[19.923457,50.004942]}},{"type":"Feature","properties":{"t":"vec","sid":"s388","d":1645},"geometry":{"type":"LineString","coordinates":[[19.914515,49.987165],[19.920711,50.001416]]}},{"type":"Feature","properties":{"t":"gps","sid":"s388"},"geometry":{"type":"Point","coordinates":[19.914515,49.987165]}},{"type":"Feature","properties":{"t":"sch","sid":"s388","name":"Opatkowice","imp":0.221,"d":1645},"geometry":{"type":"Point","coordinates":[19.920711,50.001416]}},{"type":"Feature","properties":{"t":"vec","sid":"s389","d":1724},"geometry":{"type":"LineString","coordinates":[[19.91237,49.98334],[19.920711,49.997891]]}},{"type":"Feature","properties":{"t":"gps","sid":"s389"},"geometry":{"type":"Point","coordinates":[19.91237,49.98334]}},{"type":"Feature","properties":{"t":"sch","sid":"s389","name":"Ważewskiego","imp":0.157,"d":1724},"geometry":{"type":"Point","coordinates":[19.920711,49.997891]}},{"type":"Feature","properties":{"t":"vec","sid":"s390","d":3043},"geometry":{"type":"LineString","coordinates":[[20.07822,50.059305],[20.035579,50.059275]]}},{"type":"Feature","properties":{"t":"gps","sid":"s390"},"geometry":{"type":"Point","coordinates":[20.07822,50.059305]}},{"type":"Feature","properties":{"t":"sch","sid":"s390","name":"Ekospalarnia","imp":0.054,"d":3043},"geometry":{"type":"Point","coordinates":[20.035579,50.059275]}},{"type":"Feature","properties":{"t":"vec","sid":"s391","d":2357},"geometry":{"type":"LineString","coordinates":[[20.065855,50.05548],[20.032994,50.057615]]}},{"type":"Feature","properties":{"t":"gps","sid":"s391"},"geometry":{"type":"Point","coordinates":[20.065855,50.05548]}},{"type":"Feature","properties":{"t":"sch","sid":"s391","name":"Kępa","imp":0.054,"d":2357},"geometry":{"type":"Point","coordinates":[20.032994,50.057615]}},{"type":"Feature","properties":{"t":"vec","sid":"s392","d":473},"geometry":{"type":"LineString","coordinates":[[19.89761,50.09499],[19.904232,50.094838]]}},{"type":"Feature","properties":{"t":"gps","sid":"s392"},"geometry":{"type":"Point","coordinates":[19.89761,50.09499]}},{"type":"Feature","properties":{"t":"sch","sid":"s392","name":"Piaskowa","imp":0.059,"d":473},"geometry":{"type":"Point","coordinates":[19.904232,50.094838]}},{"type":"Feature","properties":{"t":"vec","sid":"s393","d":2292},"geometry":{"type":"LineString","coordinates":[[20.0622,50.05301],[20.030408,50.055956]]}},{"type":"Feature","properties":{"t":"gps","sid":"s393"},"geometry":{"type":"Point","coordinates":[20.0622,50.05301]}},{"type":"Feature","properties":{"t":"sch","sid":"s393","name":"Zakarnie","imp":0.054,"d":2292},"geometry":{"type":"Point","coordinates":[20.030408,50.055956]}},{"type":"Feature","properties":{"t":"vec","sid":"s394","d":199},"geometry":{"type":"LineString","coordinates":[[19.94478,50.014937],[19.942682,50.013755]]}},{"type":"Feature","properties":{"t":"gps","sid":"s394"},"geometry":{"type":"Point","coordinates":[19.94478,50.014937]}},{"type":"Feature","properties":{"t":"sch","sid":"s394","name":"Turowicza","imp":0.154,"d":199},"geometry":{"type":"Point","coordinates":[19.942682,50.013755]}},{"type":"Feature","properties":{"t":"vec","sid":"s395","d":265},"geometry":{"type":"LineString","coordinates":[[19.930495,50.007485],[19.933874,50.008467]]}},{"type":"Feature","properties":{"t":"gps","sid":"s395"},"geometry":{"type":"Point","coordinates":[19.930495,50.007485]}},{"type":"Feature","properties":{"t":"sch","sid":"s395","name":"Jugowicka","imp":0.07,"d":265},"geometry":{"type":"Point","coordinates":[19.933874,50.008467]}},{"type":"Feature","properties":{"t":"vec","sid":"s396","d":356},"geometry":{"type":"LineString","coordinates":[[19.94402,50.005393],[19.945429,50.008467]]}},{"type":"Feature","properties":{"t":"gps","sid":"s396"},"geometry":{"type":"Point","coordinates":[19.94402,50.005393]}},{"type":"Feature","properties":{"t":"sch","sid":"s396","name":"Myślenicka","imp":0.125,"d":356},"geometry":{"type":"Point","coordinates":[19.945429,50.008467]}},{"type":"Feature","properties":{"t":"vec","sid":"s397","d":243},"geometry":{"type":"LineString","coordinates":[[19.956364,50.012503],[19.959161,50.013755]]}},{"type":"Feature","properties":{"t":"gps","sid":"s397"},"geometry":{"type":"Point","coordinates":[19.956364,50.012503]}},{"type":"Feature","properties":{"t":"sch","sid":"s397","name":"Witosa","imp":0.182,"d":243},"geometry":{"type":"Point","coordinates":[19.959161,50.013755]}},{"type":"Feature","properties":{"t":"vec","sid":"s398","d":295},"geometry":{"type":"LineString","coordinates":[[19.949539,50.013945],[19.953668,50.013755]]}},{"type":"Feature","properties":{"t":"gps","sid":"s398"},"geometry":{"type":"Point","coordinates":[19.949539,50.013945]}},{"type":"Feature","properties":{"t":"sch","sid":"s398","name":"Kurdwanów P+R","imp":0.341,"d":295},"geometry":{"type":"Point","coordinates":[19.953668,50.013755]}},{"type":"Feature","properties":{"t":"vec","sid":"s399","d":42},"geometry":{"type":"LineString","coordinates":[[19.94863,50.00999],[19.948175,50.01023]]}},{"type":"Feature","properties":{"t":"gps","sid":"s399"},"geometry":{"type":"Point","coordinates":[19.94863,50.00999]}},{"type":"Feature","properties":{"t":"sch","sid":"s399","name":"Bujaka","imp":0.138,"d":42},"geometry":{"type":"Point","coordinates":[19.948175,50.01023]}},{"type":"Feature","properties":{"t":"vec","sid":"s400","d":316},"geometry":{"type":"LineString","coordinates":[[19.94873,50.00565],[19.948175,50.008467]]}},{"type":"Feature","properties":{"t":"gps","sid":"s400"},"geometry":{"type":"Point","coordinates":[19.94873,50.00565]}},{"type":"Feature","properties":{"t":"sch","sid":"s400","name":"Halszki","imp":0.138,"d":316},"geometry":{"type":"Point","coordinates":[19.948175,50.008467]}},{"type":"Feature","properties":{"t":"vec","sid":"s401","d":389},"geometry":{"type":"LineString","coordinates":[[19.955395,50.00515],[19.953668,50.008467]]}},{"type":"Feature","properties":{"t":"gps","sid":"s401"},"geometry":{"type":"Point","coordinates":[19.955395,50.00515]}},{"type":"Feature","properties":{"t":"sch","sid":"s401","name":"Stojałowskiego","imp":0.07,"d":389},"geometry":{"type":"Point","coordinates":[19.953668,50.008467]}},{"type":"Feature","properties":{"t":"vec","sid":"s402","d":459},"geometry":{"type":"LineString","coordinates":[[19.96035,50.00441],[19.959161,50.008467]]}},{"type":"Feature","properties":{"t":"gps","sid":"s402"},"geometry":{"type":"Point","coordinates":[19.96035,50.00441]}},{"type":"Feature","properties":{"t":"sch","sid":"s402","name":"Kurdwanów Południe","imp":0.099,"d":459},"geometry":{"type":"Point","coordinates":[19.959161,50.008467]}},{"type":"Feature","properties":{"t":"vec","sid":"s403","d":2312},"geometry":{"type":"LineString","coordinates":[[19.8292,50.03257],[19.860289,50.038432]]}},{"type":"Feature","properties":{"t":"gps","sid":"s403"},"geometry":{"type":"Point","coordinates":[19.8292,50.03257]}},{"type":"Feature","properties":{"t":"sch","sid":"s403","name":"Tor Kajakowy","imp":0.078,"d":2312},"geometry":{"type":"Point","coordinates":[19.860289,50.038432]}},{"type":"Feature","properties":{"t":"vec","sid":"s404","d":651},"geometry":{"type":"LineString","coordinates":[[19.979575,50.07526],[19.986626,50.078974]]}},{"type":"Feature","properties":{"t":"gps","sid":"s404"},"geometry":{"type":"Point","coordinates":[19.979575,50.07526]}},{"type":"Feature","properties":{"t":"sch","sid":"s404","name":"Meissnera","imp":0.086,"d":651},"geometry":{"type":"Point","coordinates":[19.986626,50.078974]}},{"type":"Feature","properties":{"t":"vec","sid":"s405","d":701},"geometry":{"type":"LineString","coordinates":[[19.94184,50.000835],[19.945429,50.006704]]}},{"type":"Feature","properties":{"t":"gps","sid":"s405"},"geometry":{"type":"Point","coordinates":[19.94184,50.000835]}},{"type":"Feature","properties":{"t":"sch","sid":"s405","name":"Swoszowice Autostrada","imp":0.054,"d":701},"geometry":{"type":"Point","coordinates":[19.945429,50.006704]}},{"type":"Feature","properties":{"t":"vec","sid":"s406","d":758},"geometry":{"type":"LineString","coordinates":[[19.94594,49.99813],[19.945429,50.004942]]}},{"type":"Feature","properties":{"t":"gps","sid":"s406"},"geometry":{"type":"Point","coordinates":[19.94594,49.99813]}},{"type":"Feature","properties":{"t":"sch","sid":"s406","name":"Warszewicza","imp":0.054,"d":758},"geometry":{"type":"Point","coordinates":[19.945429,50.004942]}},{"type":"Feature","properties":{"t":"vec","sid":"s407","d":1004},"geometry":{"type":"LineString","coordinates":[[19.946405,49.994175],[19.945429,50.003179]]}},{"type":"Feature","properties":{"t":"gps","sid":"s407"},"geometry":{"type":"Point","coordinates":[19.946405,49.994175]}},{"type":"Feature","properties":{"t":"sch","sid":"s407","name":"Swoszowice Szkoła","imp":0.17,"d":1004},"geometry":{"type":"Point","coordinates":[19.945429,50.003179]}},{"type":"Feature","properties":{"t":"vec","sid":"s408","d":912},"geometry":{"type":"LineString","coordinates":[[19.93049,49.99501],[19.931697,50.003179]]}},{"type":"Feature","properties":{"t":"gps","sid":"s408"},"geometry":{"type":"Point","coordinates":[19.93049,49.99501]}},{"type":"Feature","properties":{"t":"sch","sid":"s408","name":"Wilga","imp":0.17,"d":912},"geometry":{"type":"Point","coordinates":[19.931697,50.003179]}},{"type":"Feature","properties":{"t":"vec","sid":"s409","d":1133},"geometry":{"type":"LineString","coordinates":[[19.93556,49.99299],[19.935816,50.003179]]}},{"type":"Feature","properties":{"t":"gps","sid":"s409"},"geometry":{"type":"Point","coordinates":[19.93556,49.99299]}},{"type":"Feature","properties":{"t":"sch","sid":"s409","name":"Park Zdrojowy","imp":0.15,"d":1133},"geometry":{"type":"Point","coordinates":[19.935816,50.003179]}},{"type":"Feature","properties":{"t":"vec","sid":"s410","d":1146},"geometry":{"type":"LineString","coordinates":[[19.93952,49.99288],[19.939936,50.003179]]}},{"type":"Feature","properties":{"t":"gps","sid":"s410"},"geometry":{"type":"Point","coordinates":[19.93952,49.99288]}},{"type":"Feature","properties":{"t":"sch","sid":"s410","name":"Merkuriusza Polskiego","imp":0.17,"d":1146},"geometry":{"type":"Point","coordinates":[19.939936,50.003179]}},{"type":"Feature","properties":{"t":"vec","sid":"s411","d":1205},"geometry":{"type":"LineString","coordinates":[[19.94195,49.99059],[19.942682,50.001416]]}},{"type":"Feature","properties":{"t":"gps","sid":"s411"},"geometry":{"type":"Point","coordinates":[19.94195,49.99059]}},{"type":"Feature","properties":{"t":"sch","sid":"s411","name":"Swoszowice Poczta","imp":0.17,"d":1205},"geometry":{"type":"Point","coordinates":[19.942682,50.001416]}},{"type":"Feature","properties":{"t":"vec","sid":"s412","d":1488},"geometry":{"type":"LineString","coordinates":[[19.940235,49.98635],[19.942682,49.999641]]}},{"type":"Feature","properties":{"t":"gps","sid":"s412"},"geometry":{"type":"Point","coordinates":[19.940235,49.98635]}},{"type":"Feature","properties":{"t":"sch","sid":"s412","name":"Pytlasińskiego","imp":0.054,"d":1488},"geometry":{"type":"Point","coordinates":[19.942682,49.999641]}},{"type":"Feature","properties":{"t":"vec","sid":"s413","d":1701},"geometry":{"type":"LineString","coordinates":[[19.93684,49.983035],[19.942682,49.997866]]}},{"type":"Feature","properties":{"t":"gps","sid":"s413"},"geometry":{"type":"Point","coordinates":[19.93684,49.983035]}},{"type":"Feature","properties":{"t":"sch","sid":"s413","name":"Chałubińskiego","imp":0.054,"d":1701},"geometry":{"type":"Point","coordinates":[19.942682,49.997866]}},{"type":"Feature","properties":{"t":"vec","sid":"s414","d":603},"geometry":{"type":"LineString","coordinates":[[19.99133,50.04559],[19.997611,50.041958]]}},{"type":"Feature","properties":{"t":"gps","sid":"s414"},"geometry":{"type":"Point","coordinates":[19.99133,50.04559]}},{"type":"Feature","properties":{"t":"sch","sid":"s414","name":"Myśliwska Szkoła","imp":0.054,"d":603},"geometry":{"type":"Point","coordinates":[19.997611,50.041958]}},{"type":"Feature","properties":{"t":"vec","sid":"s415","d":1236},"geometry":{"type":"LineString","coordinates":[[19.945957,49.990303],[19.945429,50.001416]]}},{"type":"Feature","properties":{"t":"gps","sid":"s415"},"geometry":{"type":"Point","coordinates":[19.945957,49.990303]}},{"type":"Feature","properties":{"t":"sch","sid":"s415","name":"Sawiczewskich","imp":0.189,"d":1236},"geometry":{"type":"Point","coordinates":[19.945429,50.001416]}},{"type":"Feature","properties":{"t":"vec","sid":"s416","d":1614},"geometry":{"type":"LineString","coordinates":[[19.944585,49.98427],[19.945429,49.998772]]}},{"type":"Feature","properties":{"t":"gps","sid":"s416"},"geometry":{"type":"Point","coordinates":[19.944585,49.98427]}},{"type":"Feature","properties":{"t":"sch","sid":"s416","name":"Wróblowice Szkoła","imp":0.086,"d":1614},"geometry":{"type":"Point","coordinates":[19.945429,49.998772]}},{"type":"Feature","properties":{"t":"vec","sid":"s417","d":1789},"geometry":{"type":"LineString","coordinates":[[19.944527,49.98005],[19.945429,49.996128]]}},{"type":"Feature","properties":{"t":"gps","sid":"s417"},"geometry":{"type":"Point","coordinates":[19.944527,49.98005]}},{"type":"Feature","properties":{"t":"sch","sid":"s417","name":"Wróblowice","imp":0.122,"d":1789},"geometry":{"type":"Point","coordinates":[19.945429,49.996128]}},{"type":"Feature","properties":{"t":"vec","sid":"s418","d":2194},"geometry":{"type":"LineString","coordinates":[[19.94617,49.975525],[19.945429,49.995247]]}},{"type":"Feature","properties":{"t":"gps","sid":"s418"},"geometry":{"type":"Point","coordinates":[19.94617,49.975525]}},{"type":"Feature","properties":{"t":"sch","sid":"s418","name":"Ukraina","imp":0.102,"d":2194},"geometry":{"type":"Point","coordinates":[19.945429,49.995247]}},{"type":"Feature","properties":{"t":"vec","sid":"s419","d":2403},"geometry":{"type":"LineString","coordinates":[[19.94729,49.972787],[19.945429,49.994366]]}},{"type":"Feature","properties":{"t":"gps","sid":"s419"},"geometry":{"type":"Point","coordinates":[19.94729,49.972787]}},{"type":"Feature","properties":{"t":"sch","sid":"s419","name":"Zbydniowice","imp":0.141,"d":2403},"geometry":{"type":"Point","coordinates":[19.945429,49.994366]}},{"type":"Feature","properties":{"t":"vec","sid":"s420","d":2370},"geometry":{"type":"LineString","coordinates":[[19.96081,49.973475],[19.954237,49.994366]]}},{"type":"Feature","properties":{"t":"gps","sid":"s420"},"geometry":{"type":"Point","coordinates":[19.96081,49.973475]}},{"type":"Feature","properties":{"t":"sch","sid":"s420","name":"Zbydniowicka","imp":0.054,"d":2370},"geometry":{"type":"Point","coordinates":[19.954237,49.994366]}},{"type":"Feature","properties":{"t":"vec","sid":"s421","d":2506},"geometry":{"type":"LineString","coordinates":[[19.967132,49.97384],[19.961908,49.996128]]}},{"type":"Feature","properties":{"t":"gps","sid":"s421"},"geometry":{"type":"Point","coordinates":[19.967132,49.97384]}},{"type":"Feature","properties":{"t":"sch","sid":"s421","name":"Golkowice Pętla","imp":0.118,"d":2506},"geometry":{"type":"Point","coordinates":[19.961908,49.996128]}},{"type":"Feature","properties":{"t":"vec","sid":"s422","d":1426},"geometry":{"type":"LineString","coordinates":[[19.956115,49.989035],[19.950922,50.001416]]}},{"type":"Feature","properties":{"t":"gps","sid":"s422"},"geometry":{"type":"Point","coordinates":[19.956115,49.989035]}},{"type":"Feature","properties":{"t":"sch","sid":"s422","name":"Fort Swoszowice","imp":0.07,"d":1426},"geometry":{"type":"Point","coordinates":[19.950922,50.001416]}},{"type":"Feature","properties":{"t":"vec","sid":"s423","d":1530},"geometry":{"type":"LineString","coordinates":[[19.962757,49.988277],[19.956415,50.001416]]}},{"type":"Feature","properties":{"t":"gps","sid":"s423"},"geometry":{"type":"Point","coordinates":[19.962757,49.988277]}},{"type":"Feature","properties":{"t":"sch","sid":"s423","name":"Landaua","imp":0.09,"d":1530},"geometry":{"type":"Point","coordinates":[19.956415,50.001416]}},{"type":"Feature","properties":{"t":"vec","sid":"s424","d":1704},"geometry":{"type":"LineString","coordinates":[[19.969085,49.98695],[19.961221,50.001416]]}},{"type":"Feature","properties":{"t":"gps","sid":"s424"},"geometry":{"type":"Point","coordinates":[19.969085,49.98695]}},{"type":"Feature","properties":{"t":"sch","sid":"s424","name":"Rajsko","imp":0.054,"d":1704},"geometry":{"type":"Point","coordinates":[19.961221,50.001416]}},{"type":"Feature","properties":{"t":"vec","sid":"s425","d":2001},"geometry":{"type":"LineString","coordinates":[[19.97819,49.9852],[19.966027,50.001416]]}},{"type":"Feature","properties":{"t":"gps","sid":"s425"},"geometry":{"type":"Point","coordinates":[19.97819,49.9852]}},{"type":"Feature","properties":{"t":"sch","sid":"s425","name":"Geologów","imp":0.054,"d":2001},"geometry":{"type":"Point","coordinates":[19.966027,50.001416]}},{"type":"Feature","properties":{"t":"vec","sid":"s426","d":2350},"geometry":{"type":"LineString","coordinates":[[19.98931,49.982185],[19.97564,50.001416]]}},{"type":"Feature","properties":{"t":"gps","sid":"s426"},"geometry":{"type":"Point","coordinates":[19.98931,49.982185]}},{"type":"Feature","properties":{"t":"sch","sid":"s426","name":"Drużbackiej","imp":0.09,"d":2350},"geometry":{"type":"Point","coordinates":[19.97564,50.001416]}},{"type":"Feature","properties":{"t":"vec","sid":"s427","d":2446},"geometry":{"type":"LineString","coordinates":[[19.989577,49.979557],[19.97564,49.999654]]}},{"type":"Feature","properties":{"t":"gps","sid":"s427"},"geometry":{"type":"Point","coordinates":[19.989577,49.979557]}},{"type":"Feature","properties":{"t":"sch","sid":"s427","name":"Soboniowice","imp":0.094,"d":2446},"geometry":{"type":"Point","coordinates":[19.97564,49.999654]}},{"type":"Feature","properties":{"t":"vec","sid":"s428","d":2626},"geometry":{"type":"LineString","coordinates":[[19.98659,49.975345],[19.97564,49.997891]]}},{"type":"Feature","properties":{"t":"gps","sid":"s428"},"geometry":{"type":"Point","coordinates":[19.98659,49.975345]}},{"type":"Feature","properties":{"t":"sch","sid":"s428","name":"Pod Lipą","imp":0.054,"d":2626},"geometry":{"type":"Point","coordinates":[19.97564,49.997891]}},{"type":"Feature","properties":{"t":"vec","sid":"s429","d":428},"geometry":{"type":"LineString","coordinates":[[19.99668,50.03963],[20.001731,50.037551]]}},{"type":"Feature","properties":{"t":"gps","sid":"s429"},"geometry":{"type":"Point","coordinates":[19.99668,50.03963]}},{"type":"Feature","properties":{"t":"sch","sid":"s429","name":"Węglarska","imp":0.054,"d":428},"geometry":{"type":"Point","coordinates":[20.001731,50.037551]}},{"type":"Feature","properties":{"t":"vec","sid":"s430","d":815},"geometry":{"type":"LineString","coordinates":[[19.94878,50.031535],[19.950922,50.024331]]}},{"type":"Feature","properties":{"t":"gps","sid":"s430"},"geometry":{"type":"Point","coordinates":[19.94878,50.031535]}},{"type":"Feature","properties":{"t":"sch","sid":"s430","name":"Kamieńskiego Wiadukt","imp":0.32,"d":815},"geometry":{"type":"Point","coordinates":[19.950922,50.024331]}},{"type":"Feature","properties":{"t":"vec","sid":"s431","d":784},"geometry":{"type":"LineString","coordinates":[[19.957225,50.028945],[19.961908,50.022568]]}},{"type":"Feature","properties":{"t":"gps","sid":"s431"},"geometry":{"type":"Point","coordinates":[19.957225,50.028945]}},{"type":"Feature","properties":{"t":"sch","sid":"s431","name":"Kamieńskiego","imp":0.269,"d":784},"geometry":{"type":"Point","coordinates":[19.961908,50.022568]}},{"type":"Feature","properties":{"t":"vec","sid":"s432","d":522},"geometry":{"type":"LineString","coordinates":[[19.96629,50.02721],[19.967401,50.022568]]}},{"type":"Feature","properties":{"t":"gps","sid":"s432"},"geometry":{"type":"Point","coordinates":[19.96629,50.02721]}},{"type":"Feature","properties":{"t":"sch","sid":"s432","name":"Makowa","imp":0.198,"d":522},"geometry":{"type":"Point","coordinates":[19.967401,50.022568]}},{"type":"Feature","properties":{"t":"vec","sid":"s433","d":420},"geometry":{"type":"LineString","coordinates":[[19.97372,50.02631],[19.972893,50.022568]]}},{"type":"Feature","properties":{"t":"gps","sid":"s433"},"geometry":{"type":"Point","coordinates":[19.97372,50.02631]}},{"type":"Feature","properties":{"t":"sch","sid":"s433","name":"Malborska","imp":0.218,"d":420},"geometry":{"type":"Point","coordinates":[19.972893,50.022568]}},{"type":"Feature","properties":{"t":"vec","sid":"s434","d":604},"geometry":{"type":"LineString","coordinates":[[19.959915,50.026085],[19.961908,50.020806]]}},{"type":"Feature","properties":{"t":"gps","sid":"s434"},"geometry":{"type":"Point","coordinates":[19.959915,50.026085]}},{"type":"Feature","properties":{"t":"sch","sid":"s434","name":"Sławka","imp":0.07,"d":604},"geometry":{"type":"Point","coordinates":[19.961908,50.020806]}},{"type":"Feature","properties":{"t":"vec","sid":"s435","d":551},"geometry":{"type":"LineString","coordinates":[[19.959817,50.023813],[19.961908,50.019043]]}},{"type":"Feature","properties":{"t":"gps","sid":"s435"},"geometry":{"type":"Point","coordinates":[19.959817,50.023813]}},{"type":"Feature","properties":{"t":"sch","sid":"s435","name":"Zajezdnia Wola Duchacka","imp":0.221,"d":551},"geometry":{"type":"Point","coordinates":[19.961908,50.019043]}},{"type":"Feature","properties":{"t":"vec","sid":"s436","d":224},"geometry":{"type":"LineString","coordinates":[[19.968995,50.02364],[19.968695,50.021637]]}},{"type":"Feature","properties":{"t":"gps","sid":"s436"},"geometry":{"type":"Point","coordinates":[19.968995,50.02364]}},{"type":"Feature","properties":{"t":"sch","sid":"s436","name":"Sułkowskiego","imp":0.086,"d":224},"geometry":{"type":"Point","coordinates":[19.968695,50.021637]}},{"type":"Feature","properties":{"t":"vec","sid":"s437","d":382},"geometry":{"type":"LineString","coordinates":[[19.960947,50.020663],[19.961908,50.01728]]}},{"type":"Feature","properties":{"t":"gps","sid":"s437"},"geometry":{"type":"Point","coordinates":[19.960947,50.020663]}},{"type":"Feature","properties":{"t":"sch","sid":"s437","name":"Wola Duchacka","imp":0.224,"d":382},"geometry":{"type":"Point","coordinates":[19.961908,50.01728]}},{"type":"Feature","properties":{"t":"vec","sid":"s438","d":132},"geometry":{"type":"LineString","coordinates":[[19.96336,50.01637],[19.964654,50.015518]]}},{"type":"Feature","properties":{"t":"gps","sid":"s438"},"geometry":{"type":"Point","coordinates":[19.96336,50.01637]}},{"type":"Feature","properties":{"t":"sch","sid":"s438","name":"Karpińskiego","imp":0.138,"d":132},"geometry":{"type":"Point","coordinates":[19.964654,50.015518]}},{"type":"Feature","properties":{"t":"vec","sid":"s439","d":33},"geometry":{"type":"LineString","coordinates":[[19.965122,50.01377],[19.964654,50.013755]]}},{"type":"Feature","properties":{"t":"gps","sid":"s439"},"geometry":{"type":"Point","coordinates":[19.965122,50.01377]}},{"type":"Feature","properties":{"t":"sch","sid":"s439","name":"Nowosądecka","imp":0.347,"d":33},"geometry":{"type":"Point","coordinates":[19.964654,50.013755]}},{"type":"Feature","properties":{"t":"vec","sid":"s440","d":69},"geometry":{"type":"LineString","coordinates":[[19.96686,50.013245],[19.967401,50.013755]]}},{"type":"Feature","properties":{"t":"gps","sid":"s440"},"geometry":{"type":"Point","coordinates":[19.96686,50.013245]}},{"type":"Feature","properties":{"t":"sch","sid":"s440","name":"Tuchowska","imp":0.141,"d":69},"geometry":{"type":"Point","coordinates":[19.967401,50.013755]}},{"type":"Feature","properties":{"t":"vec","sid":"s441","d":122},"geometry":{"type":"LineString","coordinates":[[19.97119,50.01012],[19.972893,50.01023]]}},{"type":"Feature","properties":{"t":"gps","sid":"s441"},"geometry":{"type":"Point","coordinates":[19.97119,50.01012]}},{"type":"Feature","properties":{"t":"sch","sid":"s441","name":"Bochenka","imp":0.122,"d":122},"geometry":{"type":"Point","coordinates":[19.972893,50.01023]}},{"type":"Feature","properties":{"t":"vec","sid":"s442","d":153},"geometry":{"type":"LineString","coordinates":[[19.974275,50.007975],[19.974267,50.009348]]}},{"type":"Feature","properties":{"t":"gps","sid":"s442"},"geometry":{"type":"Point","coordinates":[19.974275,50.007975]}},{"type":"Feature","properties":{"t":"sch","sid":"s442","name":"Łużycka","imp":0.102,"d":153},"geometry":{"type":"Point","coordinates":[19.974267,50.009348]}},{"type":"Feature","properties":{"t":"vec","sid":"s443","d":550},"geometry":{"type":"LineString","coordinates":[[19.982343,50.006033],[19.97564,50.008467]]}},{"type":"Feature","properties":{"t":"gps","sid":"s443"},"geometry":{"type":"Point","coordinates":[19.982343,50.006033]}},{"type":"Feature","properties":{"t":"sch","sid":"s443","name":"Piaski Wielkie","imp":0.17,"d":550},"geometry":{"type":"Point","coordinates":[19.97564,50.008467]}},{"type":"Feature","properties":{"t":"vec","sid":"s444","d":1230},"geometry":{"type":"LineString","coordinates":[[19.98859,49.99941],[19.97564,50.006704]]}},{"type":"Feature","properties":{"t":"gps","sid":"s444"},"geometry":{"type":"Point","coordinates":[19.98859,49.99941]}},{"type":"Feature","properties":{"t":"sch","sid":"s444","name":"Niebieska Autostrada","imp":0.054,"d":1230},"geometry":{"type":"Point","coordinates":[19.97564,50.006704]}},{"type":"Feature","properties":{"t":"vec","sid":"s445","d":1613},"geometry":{"type":"LineString","coordinates":[[19.989235,49.99424],[19.97564,50.005823]]}},{"type":"Feature","properties":{"t":"gps","sid":"s445"},"geometry":{"type":"Point","coordinates":[19.989235,49.99424]}},{"type":"Feature","properties":{"t":"sch","sid":"s445","name":"Kosocice","imp":0.054,"d":1613},"geometry":{"type":"Point","coordinates":[19.97564,50.005823]}},{"type":"Feature","properties":{"t":"vec","sid":"s446","d":313},"geometry":{"type":"LineString","coordinates":[[19.971252,50.01539],[19.97564,50.015518]]}},{"type":"Feature","properties":{"t":"gps","sid":"s446"},"geometry":{"type":"Point","coordinates":[19.971252,50.01539]}},{"type":"Feature","properties":{"t":"sch","sid":"s446","name":"Piaski Nowe","imp":0.226,"d":313},"geometry":{"type":"Point","coordinates":[19.97564,50.015518]}},{"type":"Feature","properties":{"t":"vec","sid":"s447","d":167},"geometry":{"type":"LineString","coordinates":[[19.977535,50.018637],[19.97976,50.018162]]}},{"type":"Feature","properties":{"t":"gps","sid":"s447"},"geometry":{"type":"Point","coordinates":[19.977535,50.018637]}},{"type":"Feature","properties":{"t":"sch","sid":"s447","name":"Dauna","imp":0.166,"d":167},"geometry":{"type":"Point","coordinates":[19.97976,50.018162]}},{"type":"Feature","properties":{"t":"vec","sid":"s448","d":1254},"geometry":{"type":"LineString","coordinates":[[19.994415,50.003535],[19.986276,50.013531]]}},{"type":"Feature","properties":{"t":"gps","sid":"s448"},"geometry":{"type":"Point","coordinates":[19.994415,50.003535]}},{"type":"Feature","properties":{"t":"sch","sid":"s448","name":"Hallera","imp":0.054,"d":1254},"geometry":{"type":"Point","coordinates":[19.986276,50.013531]}},{"type":"Feature","properties":{"t":"vec","sid":"s449","d":1572},"geometry":{"type":"LineString","coordinates":[[20.003635,50.00354],[19.991946,50.015518]]}},{"type":"Feature","properties":{"t":"gps","sid":"s449"},"geometry":{"type":"Point","coordinates":[20.003635,50.00354]}},{"type":"Feature","properties":{"t":"sch","sid":"s449","name":"Słona Woda","imp":0.054,"d":1572},"geometry":{"type":"Point","coordinates":[19.991946,50.015518]}},{"type":"Feature","properties":{"t":"vec","sid":"s450","d":1514},"geometry":{"type":"LineString","coordinates":[[20.011215,50.00443],[19.998899,50.015518]]}},{"type":"Feature","properties":{"t":"gps","sid":"s450"},"geometry":{"type":"Point","coordinates":[20.011215,50.00443]}},{"type":"Feature","properties":{"t":"sch","sid":"s450","name":"Kosocicka","imp":0.054,"d":1514},"geometry":{"type":"Point","coordinates":[19.998899,50.015518]}},{"type":"Feature","properties":{"t":"vec","sid":"s451","d":438},"geometry":{"type":"LineString","coordinates":[[19.955055,50.046648],[19.959161,50.04372]]}},{"type":"Feature","properties":{"t":"gps","sid":"s451"},"geometry":{"type":"Point","coordinates":[19.955055,50.046648]}},{"type":"Feature","properties":{"t":"sch","sid":"s451","name":"Plac Bohaterów Getta","imp":0.17,"d":438},"geometry":{"type":"Point","coordinates":[19.959161,50.04372]}},{"type":"Feature","properties":{"t":"vec","sid":"s452","d":720},"geometry":{"type":"LineString","coordinates":[[19.961777,50.042045],[19.967401,50.03667]]}},{"type":"Feature","properties":{"t":"gps","sid":"s452"},"geometry":{"type":"Point","coordinates":[19.961777,50.042045]}},{"type":"Feature","properties":{"t":"sch","sid":"s452","name":"Podgórze SKA","imp":0.384,"d":720},"geometry":{"type":"Point","coordinates":[19.967401,50.03667]}},{"type":"Feature","properties":{"t":"vec","sid":"s453","d":840},"geometry":{"type":"LineString","coordinates":[[19.964487,50.038939],[19.972491,50.033402]]}},{"type":"Feature","properties":{"t":"gps","sid":"s453"},"geometry":{"type":"Point","coordinates":[19.964487,50.038939]}},{"type":"Feature","properties":{"t":"sch","sid":"s453","name":"Cmentarz Podgórski","imp":0.166,"d":840},"geometry":{"type":"Point","coordinates":[19.972491,50.033402]}},{"type":"Feature","properties":{"t":"vec","sid":"s454","d":529},"geometry":{"type":"LineString","coordinates":[[19.970538,50.033064],[19.97564,50.029619]]}},{"type":"Feature","properties":{"t":"gps","sid":"s454"},"geometry":{"type":"Point","coordinates":[19.970538,50.033064]}},{"type":"Feature","properties":{"t":"sch","sid":"s454","name":"Dworcowa","imp":0.186,"d":529},"geometry":{"type":"Point","coordinates":[19.97564,50.029619]}},{"type":"Feature","properties":{"t":"vec","sid":"s455","d":615},"geometry":{"type":"LineString","coordinates":[[19.9765,50.027188],[19.983879,50.024331]]}},{"type":"Feature","properties":{"t":"gps","sid":"s455"},"geometry":{"type":"Point","coordinates":[19.9765,50.027188]}},{"type":"Feature","properties":{"t":"sch","sid":"s455","name":"Kabel","imp":0.234,"d":615},"geometry":{"type":"Point","coordinates":[19.983879,50.024331]}},{"type":"Feature","properties":{"t":"vec","sid":"s456","d":380},"geometry":{"type":"LineString","coordinates":[[19.980346,50.023367],[19.983879,50.020806]]}},{"type":"Feature","properties":{"t":"gps","sid":"s456"},"geometry":{"type":"Point","coordinates":[19.980346,50.023367]}},{"type":"Feature","properties":{"t":"sch","sid":"s456","name":"Bieżanowska","imp":0.397,"d":380},"geometry":{"type":"Point","coordinates":[19.983879,50.020806]}},{"type":"Feature","properties":{"t":"vec","sid":"s457","d":103},"geometry":{"type":"LineString","coordinates":[[19.988026,50.019279],[19.986626,50.019043]]}},{"type":"Feature","properties":{"t":"gps","sid":"s457"},"geometry":{"type":"Point","coordinates":[19.988026,50.019279]}},{"type":"Feature","properties":{"t":"sch","sid":"s457","name":"Wlotowa","imp":0.314,"d":103},"geometry":{"type":"Point","coordinates":[19.986626,50.019043]}},{"type":"Feature","properties":{"t":"vec","sid":"s458","d":598},"geometry":{"type":"LineString","coordinates":[[19.999419,50.01453],[19.994865,50.019043]]}},{"type":"Feature","properties":{"t":"gps","sid":"s458"},"geometry":{"type":"Point","coordinates":[19.999419,50.01453]}},{"type":"Feature","properties":{"t":"sch","sid":"s458","name":"Prokocim Szpital","imp":0.451,"d":598},"geometry":{"type":"Point","coordinates":[19.994865,50.019043]}},{"type":"Feature","properties":{"t":"vec","sid":"s459","d":892},"geometry":{"type":"LineString","coordinates":[[20.00048,50.01011],[19.994865,50.01728]]}},{"type":"Feature","properties":{"t":"gps","sid":"s459"},"geometry":{"type":"Point","coordinates":[20.00048,50.01011]}},{"type":"Feature","properties":{"t":"sch","sid":"s459","name":"Szpital Uniwersytecki / Instytut Pediatrii","imp":0.141,"d":892},"geometry":{"type":"Point","coordinates":[19.994865,50.01728]}},{"type":"Feature","properties":{"t":"vec","sid":"s460","d":804},"geometry":{"type":"LineString","coordinates":[[20.0036,50.00939],[19.997611,50.015518]]}},{"type":"Feature","properties":{"t":"gps","sid":"s460"},"geometry":{"type":"Point","coordinates":[20.0036,50.00939]}},{"type":"Feature","properties":{"t":"sch","sid":"s460","name":"Miejskie Centrum Opieki","imp":0.139,"d":804},"geometry":{"type":"Point","coordinates":[19.997611,50.015518]}},{"type":"Feature","properties":{"t":"vec","sid":"s461","d":940},"geometry":{"type":"LineString","coordinates":[[19.992685,50.010115],[19.994865,50.018455]]}},{"type":"Feature","properties":{"t":"gps","sid":"s461"},"geometry":{"type":"Point","coordinates":[19.992685,50.010115]}},{"type":"Feature","properties":{"t":"sch","sid":"s461","name":"Prokocim UJ","imp":0.054,"d":940},"geometry":{"type":"Point","coordinates":[19.994865,50.018455]}},{"type":"Feature","properties":{"t":"vec","sid":"s462","d":986},"geometry":{"type":"LineString","coordinates":[[20.008635,50.010175],[20.000358,50.01728]]}},{"type":"Feature","properties":{"t":"gps","sid":"s462"},"geometry":{"type":"Point","coordinates":[20.008635,50.010175]}},{"type":"Feature","properties":{"t":"sch","sid":"s462","name":"Jerzmanowskiego","imp":0.24,"d":986},"geometry":{"type":"Point","coordinates":[20.000358,50.01728]}},{"type":"Feature","properties":{"t":"vec","sid":"s463","d":1305},"geometry":{"type":"LineString","coordinates":[[20.017116,50.006268],[20.005851,50.015518]]}},{"type":"Feature","properties":{"t":"gps","sid":"s463"},"geometry":{"type":"Point","coordinates":[20.017116,50.006268]}},{"type":"Feature","properties":{"t":"sch","sid":"s463","name":"Węzeł Wielicki","imp":0.205,"d":1305},"geometry":{"type":"Point","coordinates":[20.005851,50.015518]}},{"type":"Feature","properties":{"t":"vec","sid":"s464","d":773},"geometry":{"type":"LineString","coordinates":[[20.007006,50.016568],[19.998416,50.020806]]}},{"type":"Feature","properties":{"t":"gps","sid":"s464"},"geometry":{"type":"Point","coordinates":[20.007006,50.016568]}},{"type":"Feature","properties":{"t":"sch","sid":"s464","name":"Teligi","imp":0.262,"d":773},"geometry":{"type":"Point","coordinates":[19.998416,50.020806]}},{"type":"Feature","properties":{"t":"vec","sid":"s465","d":832},"geometry":{"type":"LineString","coordinates":[[20.012159,50.016097],[20.003104,50.020806]]}},{"type":"Feature","properties":{"t":"gps","sid":"s465"},"geometry":{"type":"Point","coordinates":[20.012159,50.016097]}},{"type":"Feature","properties":{"t":"sch","sid":"s465","name":"Nowy Prokocim","imp":0.282,"d":832},"geometry":{"type":"Point","coordinates":[20.003104,50.020806]}},{"type":"Feature","properties":{"t":"vec","sid":"s466","d":955},"geometry":{"type":"LineString","coordinates":[[20.019604,50.015921],[20.008597,50.020806]]}},{"type":"Feature","properties":{"t":"gps","sid":"s466"},"geometry":{"type":"Point","coordinates":[20.019604,50.015921]}},{"type":"Feature","properties":{"t":"sch","sid":"s466","name":"Ćwiklińskiej","imp":0.266,"d":955},"geometry":{"type":"Point","coordinates":[20.008597,50.020806]}},{"type":"Feature","properties":{"t":"vec","sid":"s467","d":987},"geometry":{"type":"LineString","coordinates":[[20.01547,50.01266],[20.005851,50.019043]]}},{"type":"Feature","properties":{"t":"gps","sid":"s467"},"geometry":{"type":"Point","coordinates":[20.01547,50.01266]}},{"type":"Feature","properties":{"t":"sch","sid":"s467","name":"Nowy Bieżanów Południe","imp":0.298,"d":987},"geometry":{"type":"Point","coordinates":[20.005851,50.019043]}},{"type":"Feature","properties":{"t":"vec","sid":"s468","d":1009},"geometry":{"type":"LineString","coordinates":[[20.02467,50.0186],[20.012717,50.02345]]}},{"type":"Feature","properties":{"t":"gps","sid":"s468"},"geometry":{"type":"Point","coordinates":[20.02467,50.0186]}},{"type":"Feature","properties":{"t":"sch","sid":"s468","name":"Bieżanów Szkoła","imp":0.07,"d":1009},"geometry":{"type":"Point","coordinates":[20.012717,50.02345]}},{"type":"Feature","properties":{"t":"vec","sid":"s469","d":1205},"geometry":{"type":"LineString","coordinates":[[20.027905,50.018095],[20.01409,50.024331]]}},{"type":"Feature","properties":{"t":"gps","sid":"s469"},"geometry":{"type":"Point","coordinates":[20.027905,50.018095]}},{"type":"Feature","properties":{"t":"sch","sid":"s469","name":"Duża Góra","imp":0.122,"d":1205},"geometry":{"type":"Point","coordinates":[20.01409,50.024331]}},{"type":"Feature","properties":{"t":"vec","sid":"s470","d":1429},"geometry":{"type":"LineString","coordinates":[[20.034407,50.01816],[20.016837,50.024331]]}},{"type":"Feature","properties":{"t":"gps","sid":"s470"},"geometry":{"type":"Point","coordinates":[20.034407,50.01816]}},{"type":"Feature","properties":{"t":"sch","sid":"s470","name":"Bieżanów Pomnik","imp":0.179,"d":1429},"geometry":{"type":"Point","coordinates":[20.016837,50.024331]}},{"type":"Feature","properties":{"t":"vec","sid":"s471","d":783},"geometry":{"type":"LineString","coordinates":[[19.98963,50.052257],[20.000358,50.050771]]}},{"type":"Feature","properties":{"t":"gps","sid":"s471"},"geometry":{"type":"Point","coordinates":[19.98963,50.052257]}},{"type":"Feature","properties":{"t":"sch","sid":"s471","name":"Koszykarska","imp":0.09,"d":783},"geometry":{"type":"Point","coordinates":[20.000358,50.050771]}},{"type":"Feature","properties":{"t":"vec","sid":"s472","d":946},"geometry":{"type":"LineString","coordinates":[[19.981938,50.049113],[19.994865,50.047246]]}},{"type":"Feature","properties":{"t":"gps","sid":"s472"},"geometry":{"type":"Point","coordinates":[19.981938,50.049113]}},{"type":"Feature","properties":{"t":"sch","sid":"s472","name":"Stoczniowców","imp":0.141,"d":946},"geometry":{"type":"Point","coordinates":[19.994865,50.047246]}},{"type":"Feature","properties":{"t":"vec","sid":"s473","d":807},"geometry":{"type":"LineString","coordinates":[[19.973537,50.044899],[19.983879,50.041958]]}},{"type":"Feature","properties":{"t":"gps","sid":"s473"},"geometry":{"type":"Point","coordinates":[19.973537,50.044899]}},{"type":"Feature","properties":{"t":"sch","sid":"s473","name":"Kuklińskiego","imp":0.275,"d":807},"geometry":{"type":"Point","coordinates":[19.983879,50.041958]}},{"type":"Feature","properties":{"t":"vec","sid":"s474","d":760},"geometry":{"type":"LineString","coordinates":[[19.977551,50.040648],[19.987999,50.039314]]}},{"type":"Feature","properties":{"t":"gps","sid":"s474"},"geometry":{"type":"Point","coordinates":[19.977551,50.040648]}},{"type":"Feature","properties":{"t":"sch","sid":"s474","name":"Gromadzka","imp":0.15,"d":760},"geometry":{"type":"Point","coordinates":[19.987999,50.039314]}},{"type":"Feature","properties":{"t":"vec","sid":"s475","d":862},"geometry":{"type":"LineString","coordinates":[[19.983858,50.04514],[19.994865,50.041958]]}},{"type":"Feature","properties":{"t":"gps","sid":"s475"},"geometry":{"type":"Point","coordinates":[19.983858,50.04514]}},{"type":"Feature","properties":{"t":"sch","sid":"s475","name":"Saska","imp":0.176,"d":862},"geometry":{"type":"Point","coordinates":[19.994865,50.041958]}},{"type":"Feature","properties":{"t":"vec","sid":"s476","d":575},"geometry":{"type":"LineString","coordinates":[[19.990445,50.04255],[19.997611,50.040195]]}},{"type":"Feature","properties":{"t":"gps","sid":"s476"},"geometry":{"type":"Point","coordinates":[19.990445,50.04255]}},{"type":"Feature","properties":{"t":"sch","sid":"s476","name":"Szczecińska","imp":0.106,"d":575},"geometry":{"type":"Point","coordinates":[19.997611,50.040195]}},{"type":"Feature","properties":{"t":"vec","sid":"s477","d":775},"geometry":{"type":"LineString","coordinates":[[19.983165,50.040609],[19.992119,50.03667]]}},{"type":"Feature","properties":{"t":"gps","sid":"s477"},"geometry":{"type":"Point","coordinates":[19.983165,50.040609]}},{"type":"Feature","properties":{"t":"sch","sid":"s477","name":"Lipska","imp":0.237,"d":775},"geometry":{"type":"Point","coordinates":[19.992119,50.03667]}},{"type":"Feature","properties":{"t":"vec","sid":"s478","d":460},"geometry":{"type":"LineString","coordinates":[[19.99671,50.03722],[20.003104,50.03667]]}},{"type":"Feature","properties":{"t":"gps","sid":"s478"},"geometry":{"type":"Point","coordinates":[19.99671,50.03722]}},{"type":"Feature","properties":{"t":"sch","sid":"s478","name":"Motyla","imp":0.074,"d":460},"geometry":{"type":"Point","coordinates":[20.003104,50.03667]}},{"type":"Feature","properties":{"t":"vec","sid":"s479","d":707},"geometry":{"type":"LineString","coordinates":[[19.99184,50.03722],[20.001731,50.037551]]}},{"type":"Feature","properties":{"t":"gps","sid":"s479"},"geometry":{"type":"Point","coordinates":[19.99184,50.03722]}},{"type":"Feature","properties":{"t":"sch","sid":"s479","name":"Płaszów Szkoła","imp":0.054,"d":707},"geometry":{"type":"Point","coordinates":[20.001731,50.037551]}},{"type":"Feature","properties":{"t":"vec","sid":"s480","d":653},"geometry":{"type":"LineString","coordinates":[[19.991808,50.040519],[20.000358,50.038432]]}},{"type":"Feature","properties":{"t":"gps","sid":"s480"},"geometry":{"type":"Point","coordinates":[19.991808,50.040519]}},{"type":"Feature","properties":{"t":"sch","sid":"s480","name":"Rzebika","imp":0.291,"d":653},"geometry":{"type":"Point","coordinates":[20.000358,50.038432]}},{"type":"Feature","properties":{"t":"vec","sid":"s481","d":408},"geometry":{"type":"LineString","coordinates":[[20.004387,50.039153],[20.008597,50.03667]]}},{"type":"Feature","properties":{"t":"gps","sid":"s481"},"geometry":{"type":"Point","coordinates":[20.004387,50.039153]}},{"type":"Feature","properties":{"t":"sch","sid":"s481","name":"Surzyckiego","imp":0.202,"d":408},"geometry":{"type":"Point","coordinates":[20.008597,50.03667]}},{"type":"Feature","properties":{"t":"vec","sid":"s482","d":239},"geometry":{"type":"LineString","coordinates":[[20.00672,50.03631],[20.00997,50.035788]]}},{"type":"Feature","properties":{"t":"gps","sid":"s482"},"geometry":{"type":"Point","coordinates":[20.00672,50.03631]}},{"type":"Feature","properties":{"t":"sch","sid":"s482","name":"Dąbka","imp":0.118,"d":239},"geometry":{"type":"Point","coordinates":[20.00997,50.035788]}},{"type":"Feature","properties":{"t":"vec","sid":"s483","d":675},"geometry":{"type":"LineString","coordinates":[[19.9931,50.0119],[19.994865,50.017868]]}},{"type":"Feature","properties":{"t":"gps","sid":"s483"},"geometry":{"type":"Point","coordinates":[19.9931,50.0119]}},{"type":"Feature","properties":{"t":"sch","sid":"s483","name":"Wydział Farmaceutyczny UJ","imp":0.054,"d":675},"geometry":{"type":"Point","coordinates":[19.994865,50.017868]}},{"type":"Feature","properties":{"t":"vec","sid":"s484","d":2353},"geometry":{"type":"LineString","coordinates":[[20.065935,50.044135],[20.033315,50.047246]]}},{"type":"Feature","properties":{"t":"gps","sid":"s484"},"geometry":{"type":"Point","coordinates":[20.065935,50.044135]}},{"type":"Feature","properties":{"t":"sch","sid":"s484","name":"Husarska","imp":0.054,"d":2353},"geometry":{"type":"Point","coordinates":[20.033315,50.047246]}},{"type":"Feature","properties":{"t":"vec","sid":"s485","d":37},"geometry":{"type":"LineString","coordinates":[[20.011847,50.034827],[20.011344,50.034907]]}},{"type":"Feature","properties":{"t":"gps","sid":"s485"},"geometry":{"type":"Point","coordinates":[20.011847,50.034827]}},{"type":"Feature","properties":{"t":"sch","sid":"s485","name":"Zajezdnia Płaszów","imp":0.166,"d":37},"geometry":{"type":"Point","coordinates":[20.011344,50.034907]}},{"type":"Feature","properties":{"t":"vec","sid":"s486","d":336},"geometry":{"type":"LineString","coordinates":[[20.01857,50.037613],[20.01409,50.03667]]}},{"type":"Feature","properties":{"t":"gps","sid":"s486"},"geometry":{"type":"Point","coordinates":[20.01857,50.037613]}},{"type":"Feature","properties":{"t":"sch","sid":"s486","name":"Albatrosów","imp":0.17,"d":336},"geometry":{"type":"Point","coordinates":[20.01409,50.03667]}},{"type":"Feature","properties":{"t":"vec","sid":"s487","d":680},"geometry":{"type":"LineString","coordinates":[[20.027063,50.038173],[20.019583,50.041958]]}},{"type":"Feature","properties":{"t":"gps","sid":"s487"},"geometry":{"type":"Point","coordinates":[20.027063,50.038173]}},{"type":"Feature","properties":{"t":"sch","sid":"s487","name":"Botewa","imp":0.17,"d":680},"geometry":{"type":"Point","coordinates":[20.019583,50.041958]}},{"type":"Feature","properties":{"t":"vec","sid":"s488","d":535},"geometry":{"type":"LineString","coordinates":[[20.028505,50.041545],[20.021442,50.043151]]}},{"type":"Feature","properties":{"t":"gps","sid":"s488"},"geometry":{"type":"Point","coordinates":[20.028505,50.041545]}},{"type":"Feature","properties":{"t":"sch","sid":"s488","name":"Rybitwy Sklep","imp":0.07,"d":535},"geometry":{"type":"Point","coordinates":[20.021442,50.043151]}},{"type":"Feature","properties":{"t":"vec","sid":"s489","d":883},"geometry":{"type":"LineString","coordinates":[[20.03542,50.042755],[20.0233,50.044344]]}},{"type":"Feature","properties":{"t":"gps","sid":"s489"},"geometry":{"type":"Point","coordinates":[20.03542,50.042755]}},{"type":"Feature","properties":{"t":"sch","sid":"s489","name":"Rybitwy Dom Kultury","imp":0.07,"d":883},"geometry":{"type":"Point","coordinates":[20.0233,50.044344]}},{"type":"Feature","properties":{"t":"vec","sid":"s490","d":1345},"geometry":{"type":"LineString","coordinates":[[20.04402,50.046095],[20.025194,50.045483]]}},{"type":"Feature","properties":{"t":"gps","sid":"s490"},"geometry":{"type":"Point","coordinates":[20.04402,50.046095]}},{"type":"Feature","properties":{"t":"sch","sid":"s490","name":"Rybitwy Rozjazd","imp":0.07,"d":1345},"geometry":{"type":"Point","coordinates":[20.025194,50.045483]}},{"type":"Feature","properties":{"t":"vec","sid":"s491","d":1277},"geometry":{"type":"LineString","coordinates":[[20.04552,50.043805],[20.027822,50.045483]]}},{"type":"Feature","properties":{"t":"gps","sid":"s491"},"geometry":{"type":"Point","coordinates":[20.04552,50.043805]}},{"type":"Feature","properties":{"t":"sch","sid":"s491","name":"Szparagowa","imp":0.141,"d":1277},"geometry":{"type":"Point","coordinates":[20.027822,50.045483]}},{"type":"Feature","properties":{"t":"vec","sid":"s492","d":1319},"geometry":{"type":"LineString","coordinates":[[20.042758,50.038518],[20.025076,50.041958]]}},{"type":"Feature","properties":{"t":"gps","sid":"s492"},"geometry":{"type":"Point","coordinates":[20.042758,50.038518]}},{"type":"Feature","properties":{"t":"sch","sid":"s492","name":"Półłanki","imp":0.173,"d":1319},"geometry":{"type":"Point","coordinates":[20.025076,50.041958]}},{"type":"Feature","properties":{"t":"vec","sid":"s493","d":1309},"geometry":{"type":"LineString","coordinates":[[20.04222,50.034255],[20.025076,50.038432]]}},{"type":"Feature","properties":{"t":"gps","sid":"s493"},"geometry":{"type":"Point","coordinates":[20.04222,50.034255]}},{"type":"Feature","properties":{"t":"sch","sid":"s493","name":"Bazarowa","imp":0.122,"d":1309},"geometry":{"type":"Point","coordinates":[20.025076,50.038432]}},{"type":"Feature","properties":{"t":"vec","sid":"s494","d":1316},"geometry":{"type":"LineString","coordinates":[[20.03925,50.02792],[20.025076,50.035495]]}},{"type":"Feature","properties":{"t":"gps","sid":"s494"},"geometry":{"type":"Point","coordinates":[20.03925,50.02792]}},{"type":"Feature","properties":{"t":"sch","sid":"s494","name":"Danalówka","imp":0.054,"d":1316},"geometry":{"type":"Point","coordinates":[20.025076,50.035495]}},{"type":"Feature","properties":{"t":"vec","sid":"s495","d":1244},"geometry":{"type":"LineString","coordinates":[[20.03825,50.02523],[20.025076,50.032557]]}},{"type":"Feature","properties":{"t":"gps","sid":"s495"},"geometry":{"type":"Point","coordinates":[20.03825,50.02523]}},{"type":"Feature","properties":{"t":"sch","sid":"s495","name":"Magazynowa","imp":0.054,"d":1244},"geometry":{"type":"Point","coordinates":[20.025076,50.032557]}},{"type":"Feature","properties":{"t":"vec","sid":"s496","d":1779},"geometry":{"type":"LineString","coordinates":[[20.05199,50.032763],[20.027822,50.03667]]}},{"type":"Feature","properties":{"t":"gps","sid":"s496"},"geometry":{"type":"Point","coordinates":[20.05199,50.032763]}},{"type":"Feature","properties":{"t":"sch","sid":"s496","name":"Domagały","imp":0.106,"d":1779},"geometry":{"type":"Point","coordinates":[20.027822,50.03667]}},{"type":"Feature","properties":{"t":"vec","sid":"s497","d":1618},"geometry":{"type":"LineString","coordinates":[[20.052845,50.042765],[20.030569,50.045483]]}},{"type":"Feature","properties":{"t":"gps","sid":"s497"},"geometry":{"type":"Point","coordinates":[20.052845,50.042765]}},{"type":"Feature","properties":{"t":"sch","sid":"s497","name":"ks. Targosza","imp":0.07,"d":1618},"geometry":{"type":"Point","coordinates":[20.030569,50.045483]}},{"type":"Feature","properties":{"t":"vec","sid":"s498","d":2108},"geometry":{"type":"LineString","coordinates":[[20.062305,50.04183],[20.033315,50.045483]]}},{"type":"Feature","properties":{"t":"gps","sid":"s498"},"geometry":{"type":"Point","coordinates":[20.062305,50.04183]}},{"type":"Feature","properties":{"t":"sch","sid":"s498","name":"Przewóz","imp":0.09,"d":2108},"geometry":{"type":"Point","coordinates":[20.033315,50.045483]}},{"type":"Feature","properties":{"t":"vec","sid":"s499","d":2342},"geometry":{"type":"LineString","coordinates":[[20.066045,50.047475],[20.033315,50.049008]]}},{"type":"Feature","properties":{"t":"gps","sid":"s499"},"geometry":{"type":"Point","coordinates":[20.066045,50.047475]}},{"type":"Feature","properties":{"t":"sch","sid":"s499","name":"Wrobela","imp":0.054,"d":2342},"geometry":{"type":"Point","coordinates":[20.033315,50.049008]}},{"type":"Feature","properties":{"t":"vec","sid":"s500","d":1934},"geometry":{"type":"LineString","coordinates":[[20.05997,50.04762],[20.033315,50.050771]]}},{"type":"Feature","properties":{"t":"gps","sid":"s500"},"geometry":{"type":"Point","coordinates":[20.05997,50.04762]}},{"type":"Feature","properties":{"t":"sch","sid":"s500","name":"Podwierzbie","imp":0.059,"d":1934},"geometry":{"type":"Point","coordinates":[20.033315,50.050771]}},{"type":"Feature","properties":{"t":"vec","sid":"s501","d":2554},"geometry":{"type":"LineString","coordinates":[[20.0735,50.040545],[20.03805,50.04372]]}},{"type":"Feature","properties":{"t":"gps","sid":"s501"},"geometry":{"type":"Point","coordinates":[20.0735,50.040545]}},{"type":"Feature","properties":{"t":"sch","sid":"s501","name":"Łutnia","imp":0.054,"d":2554},"geometry":{"type":"Point","coordinates":[20.03805,50.04372]}},{"type":"Feature","properties":{"t":"vec","sid":"s502","d":1174},"geometry":{"type":"LineString","coordinates":[[20.023234,50.015269],[20.011344,50.022568]]}},{"type":"Feature","properties":{"t":"gps","sid":"s502"},"geometry":{"type":"Point","coordinates":[20.023234,50.015269]}},{"type":"Feature","properties":{"t":"sch","sid":"s502","name":"Nowy Bieżanów P+R","imp":0.429,"d":1174},"geometry":{"type":"Point","coordinates":[20.011344,50.022568]}},{"type":"Feature","properties":{"t":"vec","sid":"s503","d":1010},"geometry":{"type":"LineString","coordinates":[[19.91841,49.99469],[19.923457,50.003179]]}},{"type":"Feature","properties":{"t":"gps","sid":"s503"},"geometry":{"type":"Point","coordinates":[19.91841,49.99469]}},{"type":"Feature","properties":{"t":"sch","sid":"s503","name":"Opatkowice Wiadukt","imp":0.221,"d":1010},"geometry":{"type":"Point","coordinates":[19.923457,50.003179]}},{"type":"Feature","properties":{"t":"vec","sid":"s504","d":313},"geometry":{"type":"LineString","coordinates":[[19.905729,50.027008],[19.907073,50.024331]]}},{"type":"Feature","properties":{"t":"gps","sid":"s504"},"geometry":{"type":"Point","coordinates":[19.905729,50.027008]}},{"type":"Feature","properties":{"t":"sch","sid":"s504","name":"Ruczaj","imp":0.166,"d":313},"geometry":{"type":"Point","coordinates":[19.907073,50.024331]}},{"type":"Feature","properties":{"t":"vec","sid":"s505","d":1932},"geometry":{"type":"LineString","coordinates":[[19.99589,49.993415],[19.97564,50.004942]]}},{"type":"Feature","properties":{"t":"gps","sid":"s505"},"geometry":{"type":"Point","coordinates":[19.99589,49.993415]}},{"type":"Feature","properties":{"t":"sch","sid":"s505","name":"Szczegów","imp":0.054,"d":1932},"geometry":{"type":"Point","coordinates":[19.97564,50.004942]}},{"type":"Feature","properties":{"t":"vec","sid":"s506","d":2459},"geometry":{"type":"LineString","coordinates":[[20.000155,49.988515],[19.97564,50.00406]]}},{"type":"Feature","properties":{"t":"gps","sid":"s506"},"geometry":{"type":"Point","coordinates":[20.000155,49.988515]}},{"type":"Feature","properties":{"t":"sch","sid":"s506","name":"Żelazowskiego","imp":0.054,"d":2459},"geometry":{"type":"Point","coordinates":[19.97564,50.00406]}},{"type":"Feature","properties":{"t":"vec","sid":"s507","d":2766},"geometry":{"type":"LineString","coordinates":[[20.002415,49.98519],[19.97564,50.003179]]}},{"type":"Feature","properties":{"t":"gps","sid":"s507"},"geometry":{"type":"Point","coordinates":[20.002415,49.98519]}},{"type":"Feature","properties":{"t":"sch","sid":"s507","name":"Barycz","imp":0.054,"d":2766},"geometry":{"type":"Point","coordinates":[19.97564,50.003179]}},{"type":"Feature","properties":{"t":"vec","sid":"s508","d":3017},"geometry":{"type":"LineString","coordinates":[[20.064755,50.010325],[20.029859,50.025638]]}},{"type":"Feature","properties":{"t":"gps","sid":"s508"},"geometry":{"type":"Point","coordinates":[20.064755,50.010325]}},{"type":"Feature","properties":{"t":"sch","sid":"s508","name":"Bieżanów Granica Miasta","imp":0.054,"d":3017},"geometry":{"type":"Point","coordinates":[20.029859,50.025638]}},{"type":"Feature","properties":{"t":"vec","sid":"s509","d":411},"geometry":{"type":"LineString","coordinates":[[20.000615,50.039964],[20.005851,50.038432]]}},{"type":"Feature","properties":{"t":"gps","sid":"s509"},"geometry":{"type":"Point","coordinates":[20.000615,50.039964]}},{"type":"Feature","properties":{"t":"sch","sid":"s509","name":"Mały Płaszów P+R","imp":0.45,"d":411},"geometry":{"type":"Point","coordinates":[20.005851,50.038432]}},{"type":"Feature","properties":{"t":"vec","sid":"s510","d":1711},"geometry":{"type":"LineString","coordinates":[[20.04338,50.0181],[20.021458,50.024331]]}},{"type":"Feature","properties":{"t":"gps","sid":"s510"},"geometry":{"type":"Point","coordinates":[20.04338,50.0181]}},{"type":"Feature","properties":{"t":"sch","sid":"s510","name":"Sucharskiego","imp":0.054,"d":1711},"geometry":{"type":"Point","coordinates":[20.021458,50.024331]}},{"type":"Feature","properties":{"t":"vec","sid":"s511","d":1988},"geometry":{"type":"LineString","coordinates":[[20.05089,50.016205],[20.02608,50.024331]]}},{"type":"Feature","properties":{"t":"gps","sid":"s511"},"geometry":{"type":"Point","coordinates":[20.05089,50.016205]}},{"type":"Feature","properties":{"t":"sch","sid":"s511","name":"Złocieniowa","imp":0.054,"d":1988},"geometry":{"type":"Point","coordinates":[20.02608,50.024331]}},{"type":"Feature","properties":{"t":"vec","sid":"s512","d":1402},"geometry":{"type":"LineString","coordinates":[[20.02373,50.010755],[20.013175,50.021393]]}},{"type":"Feature","properties":{"t":"gps","sid":"s512"},"geometry":{"type":"Point","coordinates":[20.02373,50.010755]}},{"type":"Feature","properties":{"t":"sch","sid":"s512","name":"Cmentarz Bieżanów","imp":0.054,"d":1402},"geometry":{"type":"Point","coordinates":[20.013175,50.021393]}},{"type":"Feature","properties":{"t":"vec","sid":"s513","d":1586},"geometry":{"type":"LineString","coordinates":[[20.028845,50.010145],[20.01409,50.020806]]}},{"type":"Feature","properties":{"t":"gps","sid":"s513"},"geometry":{"type":"Point","coordinates":[20.028845,50.010145]}},{"type":"Feature","properties":{"t":"sch","sid":"s513","name":"ks. Łaczka","imp":0.074,"d":1586},"geometry":{"type":"Point","coordinates":[20.01409,50.020806]}},{"type":"Feature","properties":{"t":"vec","sid":"s514","d":1734},"geometry":{"type":"LineString","coordinates":[[20.03626,50.01143],[20.016837,50.020806]]}},{"type":"Feature","properties":{"t":"gps","sid":"s514"},"geometry":{"type":"Point","coordinates":[20.03626,50.01143]}},{"type":"Feature","properties":{"t":"sch","sid":"s514","name":"Bieżanów Drożdżownia SKA","imp":0.093,"d":1734},"geometry":{"type":"Point","coordinates":[20.016837,50.020806]}},{"type":"Feature","properties":{"t":"vec","sid":"s515","d":1826},"geometry":{"type":"LineString","coordinates":[[20.04042,50.01192],[20.018896,50.020806]]}},{"type":"Feature","properties":{"t":"gps","sid":"s515"},"geometry":{"type":"Point","coordinates":[20.04042,50.01192]}},{"type":"Feature","properties":{"t":"sch","sid":"s515","name":"Drożdżowa","imp":0.054,"d":1826},"geometry":{"type":"Point","coordinates":[20.018896,50.020806]}},{"type":"Feature","properties":{"t":"vec","sid":"s516","d":2114},"geometry":{"type":"LineString","coordinates":[[20.04502,50.00808],[20.023016,50.020806]]}},{"type":"Feature","properties":{"t":"gps","sid":"s516"},"geometry":{"type":"Point","coordinates":[20.04502,50.00808]}},{"type":"Feature","properties":{"t":"sch","sid":"s516","name":"Bieżanów Kaim","imp":0.054,"d":2114},"geometry":{"type":"Point","coordinates":[20.023016,50.020806]}},{"type":"Feature","properties":{"t":"vec","sid":"s517","d":2419},"geometry":{"type":"LineString","coordinates":[[20.05287,50.00836],[20.025076,50.020806]]}},{"type":"Feature","properties":{"t":"gps","sid":"s517"},"geometry":{"type":"Point","coordinates":[20.05287,50.00836]}},{"type":"Feature","properties":{"t":"sch","sid":"s517","name":"Bieżanów Potrzask","imp":0.114,"d":2419},"geometry":{"type":"Point","coordinates":[20.025076,50.020806]}},{"type":"Feature","properties":{"t":"vec","sid":"s518","d":1956},"geometry":{"type":"LineString","coordinates":[[20.04878,50.01374],[20.025076,50.022568]]}},{"type":"Feature","properties":{"t":"gps","sid":"s518"},"geometry":{"type":"Point","coordinates":[20.04878,50.01374]}},{"type":"Feature","properties":{"t":"sch","sid":"s518","name":"Pruszyńskiego","imp":0.09,"d":1956},"geometry":{"type":"Point","coordinates":[20.025076,50.022568]}},{"type":"Feature","properties":{"t":"vec","sid":"s519","d":2094},"geometry":{"type":"LineString","coordinates":[[20.05689,50.03231],[20.027822,50.034907]]}},{"type":"Feature","properties":{"t":"gps","sid":"s519"},"geometry":{"type":"Point","coordinates":[20.05689,50.03231]}},{"type":"Feature","properties":{"t":"sch","sid":"s519","name":"Nad Drwiną","imp":0.054,"d":2094},"geometry":{"type":"Point","coordinates":[20.027822,50.034907]}},{"type":"Feature","properties":{"t":"vec","sid":"s520","d":1530},"geometry":{"type":"LineString","coordinates":[[19.84481,50.02695],[19.863951,50.033144]]}},{"type":"Feature","properties":{"t":"gps","sid":"s520"},"geometry":{"type":"Point","coordinates":[19.84481,50.02695]}},{"type":"Feature","properties":{"t":"sch","sid":"s520","name":"Kostrze Kapliczka","imp":0.07,"d":1530},"geometry":{"type":"Point","coordinates":[19.863951,50.033144]}},{"type":"Feature","properties":{"t":"vec","sid":"s521","d":2491},"geometry":{"type":"LineString","coordinates":[[19.827345,50.021815],[19.858458,50.031969]]}},{"type":"Feature","properties":{"t":"gps","sid":"s521"},"geometry":{"type":"Point","coordinates":[19.827345,50.021815]}},{"type":"Feature","properties":{"t":"sch","sid":"s521","name":"Tyniecka Autostrada","imp":0.07,"d":2491},"geometry":{"type":"Point","coordinates":[19.858458,50.031969]}},{"type":"Feature","properties":{"t":"vec","sid":"s522","d":195},"geometry":{"type":"LineString","coordinates":[[19.920495,50.016185],[19.917964,50.015518]]}},{"type":"Feature","properties":{"t":"gps","sid":"s522"},"geometry":{"type":"Point","coordinates":[19.920495,50.016185]}},{"type":"Feature","properties":{"t":"sch","sid":"s522","name":"Żywiecka","imp":0.074,"d":195},"geometry":{"type":"Point","coordinates":[19.917964,50.015518]}},{"type":"Feature","properties":{"t":"vec","sid":"s523","d":106},"geometry":{"type":"LineString","coordinates":[[19.92408,50.01815],[19.923457,50.01728]]}},{"type":"Feature","properties":{"t":"gps","sid":"s523"},"geometry":{"type":"Point","coordinates":[19.92408,50.01815]}},{"type":"Feature","properties":{"t":"sch","sid":"s523","name":"Rynek Fałęcki","imp":0.074,"d":106},"geometry":{"type":"Point","coordinates":[19.923457,50.01728]}},{"type":"Feature","properties":{"t":"vec","sid":"s524","d":2025},"geometry":{"type":"LineString","coordinates":[[19.95996,49.981995],[19.953869,49.999783]]}},{"type":"Feature","properties":{"t":"gps","sid":"s524"},"geometry":{"type":"Point","coordinates":[19.95996,49.981995]}},{"type":"Feature","properties":{"t":"sch","sid":"s524","name":"Kenara","imp":0.054,"d":2025},"geometry":{"type":"Point","coordinates":[19.953869,49.999783]}},{"type":"Feature","properties":{"t":"vec","sid":"s525","d":2528},"geometry":{"type":"LineString","coordinates":[[19.99546,49.98346],[19.97564,50.002298]]}},{"type":"Feature","properties":{"t":"gps","sid":"s525"},"geometry":{"type":"Point","coordinates":[19.99546,49.98346]}},{"type":"Feature","properties":{"t":"sch","sid":"s525","name":"Krzemieniecka","imp":0.054,"d":2528},"geometry":{"type":"Point","coordinates":[19.97564,50.002298]}},{"type":"Feature","properties":{"t":"vec","sid":"s526","d":2371},"geometry":{"type":"LineString","coordinates":[[19.84106,50.009965],[19.871275,50.018837]]}},{"type":"Feature","properties":{"t":"gps","sid":"s526"},"geometry":{"type":"Point","coordinates":[19.84106,50.009965]}},{"type":"Feature","properties":{"t":"sch","sid":"s526","name":"Bagienna","imp":0.054,"d":2371},"geometry":{"type":"Point","coordinates":[19.871275,50.018837]}},{"type":"Feature","properties":{"t":"vec","sid":"s527","d":2169},"geometry":{"type":"LineString","coordinates":[[19.84441,50.00639],[19.871275,50.015518]]}},{"type":"Feature","properties":{"t":"gps","sid":"s527"},"geometry":{"type":"Point","coordinates":[19.84441,50.00639]}},{"type":"Feature","properties":{"t":"sch","sid":"s527","name":"Podgórki Tynieckie","imp":0.118,"d":2169},"geometry":{"type":"Point","coordinates":[19.871275,50.015518]}},{"type":"Feature","properties":{"t":"vec","sid":"s528","d":1369},"geometry":{"type":"LineString","coordinates":[[19.913445,49.987395],[19.915218,49.999654]]}},{"type":"Feature","properties":{"t":"gps","sid":"s528"},"geometry":{"type":"Point","coordinates":[19.913445,49.987395]}},{"type":"Feature","properties":{"t":"sch","sid":"s528","name":"Kłuszyńska","imp":0.141,"d":1369},"geometry":{"type":"Point","coordinates":[19.915218,49.999654]}},{"type":"Feature","properties":{"t":"vec","sid":"s529","d":1833},"geometry":{"type":"LineString","coordinates":[[20.050857,50.02232],[20.027822,50.029619]]}},{"type":"Feature","properties":{"t":"gps","sid":"s529"},"geometry":{"type":"Point","coordinates":[20.050857,50.02232]}},{"type":"Feature","properties":{"t":"sch","sid":"s529","name":"Złocień","imp":0.15,"d":1833},"geometry":{"type":"Point","coordinates":[20.027822,50.029619]}},{"type":"Feature","properties":{"t":"vec","sid":"s530","d":2525},"geometry":{"type":"LineString","coordinates":[[19.873733,49.98071],[19.893246,49.999654]]}},{"type":"Feature","properties":{"t":"gps","sid":"s530"},"geometry":{"type":"Point","coordinates":[19.873733,49.98071]}},{"type":"Feature","properties":{"t":"sch","sid":"s530","name":"Nałkowskiej","imp":0.138,"d":2525},"geometry":{"type":"Point","coordinates":[19.893246,49.999654]}},{"type":"Feature","properties":{"t":"vec","sid":"s531","d":2011},"geometry":{"type":"LineString","coordinates":[[19.889765,49.983575],[19.902663,49.999654]]}},{"type":"Feature","properties":{"t":"gps","sid":"s531"},"geometry":{"type":"Point","coordinates":[19.889765,49.983575]}},{"type":"Feature","properties":{"t":"sch","sid":"s531","name":"Libertowska","imp":0.102,"d":2011},"geometry":{"type":"Point","coordinates":[19.902663,49.999654]}},{"type":"Feature","properties":{"t":"vec","sid":"s532","d":1850},"geometry":{"type":"LineString","coordinates":[[19.895855,49.98429],[19.905802,49.999654]]}},{"type":"Feature","properties":{"t":"gps","sid":"s532"},"geometry":{"type":"Point","coordinates":[19.895855,49.98429]}},{"type":"Feature","properties":{"t":"sch","sid":"s532","name":"Petrażyckiego Osiedle","imp":0.102,"d":1850},"geometry":{"type":"Point","coordinates":[19.905802,49.999654]}},{"type":"Feature","properties":{"t":"vec","sid":"s533","d":1591},"geometry":{"type":"LineString","coordinates":[[19.90236,49.985985],[19.90894,49.999654]]}},{"type":"Feature","properties":{"t":"gps","sid":"s533"},"geometry":{"type":"Point","coordinates":[19.90236,49.985985]}},{"type":"Feature","properties":{"t":"sch","sid":"s533","name":"Podgaje","imp":0.102,"d":1591},"geometry":{"type":"Point","coordinates":[19.90894,49.999654]}},{"type":"Feature","properties":{"t":"vec","sid":"s534","d":2017},"geometry":{"type":"LineString","coordinates":[[19.91968,49.98155],[19.917964,49.999654]]}},{"type":"Feature","properties":{"t":"gps","sid":"s534"},"geometry":{"type":"Point","coordinates":[19.91968,49.98155]}},{"type":"Feature","properties":{"t":"sch","sid":"s534","name":"Smoleńskiego","imp":0.054,"d":2017},"geometry":{"type":"Point","coordinates":[19.917964,49.999654]}},{"type":"Feature","properties":{"t":"vec","sid":"s535","d":4},"geometry":{"type":"LineString","coordinates":[[19.91664,50.01465],[19.916591,50.014636]]}},{"type":"Feature","properties":{"t":"gps","sid":"s535"},"geometry":{"type":"Point","coordinates":[19.91664,50.01465]}},{"type":"Feature","properties":{"t":"sch","sid":"s535","name":"Kępna","imp":0.054,"d":4},"geometry":{"type":"Point","coordinates":[19.916591,50.014636]}},{"type":"Feature","properties":{"t":"vec","sid":"s536","d":1474},"geometry":{"type":"LineString","coordinates":[[19.917525,49.986955],[19.923457,49.999654]]}},{"type":"Feature","properties":{"t":"gps","sid":"s536"},"geometry":{"type":"Point","coordinates":[19.917525,49.986955]}},{"type":"Feature","properties":{"t":"sch","sid":"s536","name":"Poronińska","imp":0.074,"d":1474},"geometry":{"type":"Point","coordinates":[19.923457,49.999654]}},{"type":"Feature","properties":{"t":"vec","sid":"s537","d":2152},"geometry":{"type":"LineString","coordinates":[[19.884555,49.98285],[19.899524,49.999654]]}},{"type":"Feature","properties":{"t":"gps","sid":"s537"},"geometry":{"type":"Point","coordinates":[19.884555,49.98285]}},{"type":"Feature","properties":{"t":"sch","sid":"s537","name":"Żyzna","imp":0.102,"d":2152},"geometry":{"type":"Point","coordinates":[19.899524,49.999654]}},{"type":"Feature","properties":{"t":"vec","sid":"s538","d":1004},"geometry":{"type":"LineString","coordinates":[[19.89676,50.007015],[19.901486,50.015518]]}},{"type":"Feature","properties":{"t":"gps","sid":"s538"},"geometry":{"type":"Point","coordinates":[19.89676,50.007015]}},{"type":"Feature","properties":{"t":"sch","sid":"s538","name":"Komuny Paryskiej","imp":0.154,"d":1004},"geometry":{"type":"Point","coordinates":[19.901486,50.015518]}},{"type":"Feature","properties":{"t":"vec","sid":"s539","d":472},"geometry":{"type":"LineString","coordinates":[[19.92907,50.01966],[19.924831,50.016399]]}},{"type":"Feature","properties":{"t":"gps","sid":"s539"},"geometry":{"type":"Point","coordinates":[19.92907,50.01966]}},{"type":"Feature","properties":{"t":"sch","sid":"s539","name":"Zbrojarzy","imp":0.054,"d":472},"geometry":{"type":"Point","coordinates":[19.924831,50.016399]}},{"type":"Feature","properties":{"t":"vec","sid":"s540","d":2250},"geometry":{"type":"LineString","coordinates":[[20.02791,49.999303],[20.005851,50.013755]]}},{"type":"Feature","properties":{"t":"gps","sid":"s540"},"geometry":{"type":"Point","coordinates":[20.02791,49.999303]}},{"type":"Feature","properties":{"t":"sch","sid":"s540","name":"Wielicka Granica Miasta","imp":0.189,"d":2250},"geometry":{"type":"Point","coordinates":[20.005851,50.013755]}},{"type":"Feature","properties":{"t":"vec","sid":"s541","d":177},"geometry":{"type":"LineString","coordinates":[[19.913075,50.01296],[19.915218,50.013755]]}},{"type":"Feature","properties":{"t":"gps","sid":"s541"},"geometry":{"type":"Point","coordinates":[19.913075,50.01296]}},{"type":"Feature","properties":{"t":"sch","sid":"s541","name":"Łuczyńskiego","imp":0.074,"d":177},"geometry":{"type":"Point","coordinates":[19.915218,50.013755]}},{"type":"Feature","properties":{"t":"vec","sid":"s542","d":1700},"geometry":{"type":"LineString","coordinates":[[20.04053,50.01528],[20.019583,50.022568]]}},{"type":"Feature","properties":{"t":"gps","sid":"s542"},"geometry":{"type":"Point","coordinates":[20.04053,50.01528]}},{"type":"Feature","properties":{"t":"sch","sid":"s542","name":"Dwór Czeczów","imp":0.09,"d":1700},"geometry":{"type":"Point","coordinates":[20.019583,50.022568]}},{"type":"Feature","properties":{"t":"vec","sid":"s543","d":1539},"geometry":{"type":"LineString","coordinates":[[20.03718,50.0151],[20.01821,50.021687]]}},{"type":"Feature","properties":{"t":"gps","sid":"s543"},"geometry":{"type":"Point","coordinates":[20.03718,50.0151]}},{"type":"Feature","properties":{"t":"sch","sid":"s543","name":"Lipowskiego","imp":0.054,"d":1539},"geometry":{"type":"Point","coordinates":[20.01821,50.021687]}},{"type":"Feature","properties":{"t":"vec","sid":"s544","d":1672},"geometry":{"type":"LineString","coordinates":[[20.03249,50.01048],[20.015463,50.020806]]}},{"type":"Feature","properties":{"t":"gps","sid":"s544"},"geometry":{"type":"Point","coordinates":[20.03249,50.01048]}},{"type":"Feature","properties":{"t":"sch","sid":"s544","name":"Świdzińskiego","imp":0.054,"d":1672},"geometry":{"type":"Point","coordinates":[20.015463,50.020806]}},{"type":"Feature","properties":{"t":"vec","sid":"s545","d":1629},"geometry":{"type":"LineString","coordinates":[[19.91948,49.985025],[19.920711,49.999654]]}},{"type":"Feature","properties":{"t":"gps","sid":"s545"},"geometry":{"type":"Point","coordinates":[19.91948,49.985025]}},{"type":"Feature","properties":{"t":"sch","sid":"s545","name":"Opatkowice Zadworze","imp":0.054,"d":1629},"geometry":{"type":"Point","coordinates":[19.920711,49.999654]}},{"type":"Feature","properties":{"t":"vec","sid":"s546","d":299},"geometry":{"type":"LineString","coordinates":[[19.964915,50.02214],[19.965301,50.019458]]}},{"type":"Feature","properties":{"t":"gps","sid":"s546"},"geometry":{"type":"Point","coordinates":[19.964915,50.02214]}},{"type":"Feature","properties":{"t":"sch","sid":"s546","name":"Malborska Szkoła","imp":0.086,"d":299},"geometry":{"type":"Point","coordinates":[19.965301,50.019458]}},{"type":"Feature","properties":{"t":"vec","sid":"s547","d":1935},"geometry":{"type":"LineString","coordinates":[[20.04168,50.00958],[20.020956,50.020806]]}},{"type":"Feature","properties":{"t":"gps","sid":"s547"},"geometry":{"type":"Point","coordinates":[20.04168,50.00958]}},{"type":"Feature","properties":{"t":"sch","sid":"s547","name":"Ślósarczyka","imp":0.054,"d":1935},"geometry":{"type":"Point","coordinates":[20.020956,50.020806]}},{"type":"Feature","properties":{"t":"vec","sid":"s548","d":438},"geometry":{"type":"LineString","coordinates":[[19.914325,50.009125],[19.918533,50.011992]]}},{"type":"Feature","properties":{"t":"gps","sid":"s548"},"geometry":{"type":"Point","coordinates":[19.914325,50.009125]}},{"type":"Feature","properties":{"t":"sch","sid":"s548","name":"Cmentarz Borek Fałęcki","imp":0.086,"d":438},"geometry":{"type":"Point","coordinates":[19.918533,50.011992]}},{"type":"Feature","properties":{"t":"vec","sid":"s549","d":911},"geometry":{"type":"LineString","coordinates":[[19.989385,50.004005],[19.98136,50.010376]]}},{"type":"Feature","properties":{"t":"gps","sid":"s549"},"geometry":{"type":"Point","coordinates":[19.989385,50.004005]}},{"type":"Feature","properties":{"t":"sch","sid":"s549","name":"Przy Kuźni","imp":0.054,"d":911},"geometry":{"type":"Point","coordinates":[19.98136,50.010376]}},{"type":"Feature","properties":{"t":"vec","sid":"s550","d":1525},"geometry":{"type":"LineString","coordinates":[[19.90763,49.986235],[19.912079,49.999654]]}},{"type":"Feature","properties":{"t":"gps","sid":"s550"},"geometry":{"type":"Point","coordinates":[19.90763,49.986235]}},{"type":"Feature","properties":{"t":"sch","sid":"s550","name":"Taklińskiego","imp":0.102,"d":1525},"geometry":{"type":"Point","coordinates":[19.912079,49.999654]}},{"type":"Feature","properties":{"t":"vec","sid":"s551","d":281},"geometry":{"type":"LineString","coordinates":[[19.924375,50.09407],[19.924262,50.0966]]}},{"type":"Feature","properties":{"t":"gps","sid":"s551"},"geometry":{"type":"Point","coordinates":[19.924375,50.09407]}},{"type":"Feature","properties":{"t":"sch","sid":"s551","name":"Vetulaniego","imp":0.07,"d":281},"geometry":{"type":"Point","coordinates":[19.924262,50.0966]}},{"type":"Feature","properties":{"t":"vec","sid":"s552","d":1747},"geometry":{"type":"LineString","coordinates":[[20.04309,50.01297],[20.023703,50.022568]]}},{"type":"Feature","properties":{"t":"gps","sid":"s552"},"geometry":{"type":"Point","coordinates":[20.04309,50.01297]}},{"type":"Feature","properties":{"t":"sch","sid":"s552","name":"Weigla","imp":0.07,"d":1747},"geometry":{"type":"Point","coordinates":[20.023703,50.022568]}},{"type":"Feature","properties":{"t":"vec","sid":"s553","d":1770},"geometry":{"type":"LineString","coordinates":[[20.059115,50.037615],[20.035257,50.041958]]}},{"type":"Feature","properties":{"t":"gps","sid":"s553"},"geometry":{"type":"Point","coordinates":[20.059115,50.037615]}},{"type":"Feature","properties":{"t":"sch","sid":"s553","name":"Śliwiaka","imp":0.054,"d":1770},"geometry":{"type":"Point","coordinates":[20.035257,50.041958]}},{"type":"Feature","properties":{"t":"vec","sid":"s554","d":1659},"geometry":{"type":"LineString","coordinates":[[20.05265,50.038175],[20.030167,50.041958]]}},{"type":"Feature","properties":{"t":"gps","sid":"s554"},"geometry":{"type":"Point","coordinates":[20.05265,50.038175]}},{"type":"Feature","properties":{"t":"sch","sid":"s554","name":"Śliwiaka Zakłady","imp":0.054,"d":1659},"geometry":{"type":"Point","coordinates":[20.030167,50.041958]}},{"type":"Feature","properties":{"t":"vec","sid":"s555","d":651},"geometry":{"type":"LineString","coordinates":[[19.945018,50.067833],[19.945429,50.073686]]}},{"type":"Feature","properties":{"t":"gps","sid":"s555"},"geometry":{"type":"Point","coordinates":[19.945018,50.067833]}},{"type":"Feature","properties":{"t":"sch","sid":"s555","name":"Dworzec Główny Zachód","imp":0.474,"d":651},"geometry":{"type":"Point","coordinates":[19.945429,50.073686]}},{"type":"Feature","properties":{"t":"vec","sid":"s556","d":3851},"geometry":{"type":"LineString","coordinates":[[19.817665,49.99977],[19.86126,50.020182]]}},{"type":"Feature","properties":{"t":"gps","sid":"s556"},"geometry":{"type":"Point","coordinates":[19.817665,49.99977]}},{"type":"Feature","properties":{"t":"sch","sid":"s556","name":"Janasówka","imp":0.054,"d":3851},"geometry":{"type":"Point","coordinates":[19.86126,50.020182]}},{"type":"Feature","properties":{"t":"vec","sid":"s557","d":238},"geometry":{"type":"LineString","coordinates":[[19.90242,50.08397],[19.901486,50.086024]]}},{"type":"Feature","properties":{"t":"gps","sid":"s557"},"geometry":{"type":"Point","coordinates":[19.90242,50.08397]}},{"type":"Feature","properties":{"t":"sch","sid":"s557","name":"Czerwieńskiego","imp":0.054,"d":238},"geometry":{"type":"Point","coordinates":[19.901486,50.086024]}},{"type":"Feature","properties":{"t":"vec","sid":"s558","d":1341},"geometry":{"type":"LineString","coordinates":[[19.869245,50.003295],[19.882261,50.011992]]}},{"type":"Feature","properties":{"t":"gps","sid":"s558"},"geometry":{"type":"Point","coordinates":[19.869245,50.003295]}},{"type":"Feature","properties":{"t":"sch","sid":"s558","name":"Baczyńskiego","imp":0.17,"d":1341},"geometry":{"type":"Point","coordinates":[19.882261,50.011992]}},{"type":"Feature","properties":{"t":"vec","sid":"s559","d":1324},"geometry":{"type":"LineString","coordinates":[[20.0183,50.008455],[20.005851,50.01728]]}},{"type":"Feature","properties":{"t":"gps","sid":"s559"},"geometry":{"type":"Point","coordinates":[20.0183,50.008455]}},{"type":"Feature","properties":{"t":"sch","sid":"s559","name":"Aleksandry","imp":0.054,"d":1324},"geometry":{"type":"Point","coordinates":[20.005851,50.01728]}},{"type":"Feature","properties":{"t":"vec","sid":"s560","d":1267},"geometry":{"type":"LineString","coordinates":[[20.02831,50.015745],[20.01409,50.022568]]}},{"type":"Feature","properties":{"t":"gps","sid":"s560"},"geometry":{"type":"Point","coordinates":[20.02831,50.015745]}},{"type":"Feature","properties":{"t":"sch","sid":"s560","name":"Korepty","imp":0.122,"d":1267},"geometry":{"type":"Point","coordinates":[20.01409,50.022568]}},{"type":"Feature","properties":{"t":"vec","sid":"s561","d":163},"geometry":{"type":"LineString","coordinates":[[19.967905,50.09511],[19.970147,50.094838]]}},{"type":"Feature","properties":{"t":"gps","sid":"s561"},"geometry":{"type":"Point","coordinates":[19.967905,50.09511]}},{"type":"Feature","properties":{"t":"sch","sid":"s561","name":"Powstańców Garaże","imp":0.138,"d":163},"geometry":{"type":"Point","coordinates":[19.970147,50.094838]}},{"type":"Feature","properties":{"t":"vec","sid":"s562","d":443},"geometry":{"type":"LineString","coordinates":[[19.987815,50.092925],[19.988457,50.088962]]}},{"type":"Feature","properties":{"t":"gps","sid":"s562"},"geometry":{"type":"Point","coordinates":[19.987815,50.092925]}},{"type":"Feature","properties":{"t":"sch","sid":"s562","name":"Marchołta","imp":0.134,"d":443},"geometry":{"type":"Point","coordinates":[19.988457,50.088962]}},{"type":"Feature","properties":{"t":"vec","sid":"s563","d":565},"geometry":{"type":"LineString","coordinates":[[19.98943,50.095185],[19.990288,50.090137]]}},{"type":"Feature","properties":{"t":"gps","sid":"s563"},"geometry":{"type":"Point","coordinates":[19.98943,50.095185]}},{"type":"Feature","properties":{"t":"sch","sid":"s563","name":"Kurzei","imp":0.134,"d":565},"geometry":{"type":"Point","coordinates":[19.990288,50.090137]}},{"type":"Feature","properties":{"t":"vec","sid":"s564","d":201},"geometry":{"type":"LineString","coordinates":[[19.974685,50.098445],[19.976042,50.096859]]}},{"type":"Feature","properties":{"t":"gps","sid":"s564"},"geometry":{"type":"Point","coordinates":[19.974685,50.098445]}},{"type":"Feature","properties":{"t":"sch","sid":"s564","name":"Reduta","imp":0.054,"d":201},"geometry":{"type":"Point","coordinates":[19.976042,50.096859]}},{"type":"Feature","properties":{"t":"vec","sid":"s565","d":553},"geometry":{"type":"LineString","coordinates":[[19.9773,50.07818],[19.981133,50.082499]]}},{"type":"Feature","properties":{"t":"gps","sid":"s565"},"geometry":{"type":"Point","coordinates":[19.9773,50.07818]}},{"type":"Feature","properties":{"t":"sch","sid":"s565","name":"Pszona","imp":0.086,"d":553},"geometry":{"type":"Point","coordinates":[19.981133,50.082499]}},{"type":"Feature","properties":{"t":"vec","sid":"s566","d":792},"geometry":{"type":"LineString","coordinates":[[19.96198,50.069655],[19.970716,50.074051]]}},{"type":"Feature","properties":{"t":"gps","sid":"s566"},"geometry":{"type":"Point","coordinates":[19.96198,50.069655]}},{"type":"Feature","properties":{"t":"sch","sid":"s566","name":"Brodowicza","imp":0.118,"d":792},"geometry":{"type":"Point","coordinates":[19.970716,50.074051]}},{"type":"Feature","properties":{"t":"vec","sid":"s567","d":1653},"geometry":{"type":"LineString","coordinates":[[20.04203,50.01475],[20.022329,50.022568]]}},{"type":"Feature","properties":{"t":"gps","sid":"s567"},"geometry":{"type":"Point","coordinates":[20.04203,50.01475]}},{"type":"Feature","properties":{"t":"sch","sid":"s567","name":"Jędrzejczyka","imp":0.109,"d":1653},"geometry":{"type":"Point","coordinates":[20.022329,50.022568]}},{"type":"Feature","properties":{"t":"vec","sid":"s568","d":417},"geometry":{"type":"LineString","coordinates":[[20.022475,50.062905],[20.017523,50.060906]]}},{"type":"Feature","properties":{"t":"gps","sid":"s568"},"geometry":{"type":"Point","coordinates":[20.022475,50.062905]}},{"type":"Feature","properties":{"t":"sch","sid":"s568","name":"Sikorki","imp":0.054,"d":417},"geometry":{"type":"Point","coordinates":[20.017523,50.060906]}},{"type":"Feature","properties":{"t":"vec","sid":"s569","d":1500},"geometry":{"type":"LineString","coordinates":[[19.850865,50.02557],[19.871275,50.028793]]}},{"type":"Feature","properties":{"t":"gps","sid":"s569"},"geometry":{"type":"Point","coordinates":[19.850865,50.02557]}},{"type":"Feature","properties":{"t":"sch","sid":"s569","name":"Ślaskiego","imp":0.054,"d":1500},"geometry":{"type":"Point","coordinates":[19.871275,50.028793]}},{"type":"Feature","properties":{"t":"vec","sid":"s570","d":513},"geometry":{"type":"LineString","coordinates":[[19.910167,50.10097],[19.912472,50.0966]]}},{"type":"Feature","properties":{"t":"gps","sid":"s570"},"geometry":{"type":"Point","coordinates":[19.910167,50.10097]}},{"type":"Feature","properties":{"t":"sch","sid":"s570","name":"Starego Wiarusa","imp":0.138,"d":513},"geometry":{"type":"Point","coordinates":[19.912472,50.0966]}},{"type":"Feature","properties":{"t":"vec","sid":"s571","d":3634},"geometry":{"type":"LineString","coordinates":[[19.80922,50.0124],[19.854796,50.026975]]}},{"type":"Feature","properties":{"t":"gps","sid":"s571"},"geometry":{"type":"Point","coordinates":[19.80922,50.0124]}},{"type":"Feature","properties":{"t":"sch","sid":"s571","name":"Walgierza Wdałego","imp":0.07,"d":3634},"geometry":{"type":"Point","coordinates":[19.854796,50.026975]}},{"type":"Feature","properties":{"t":"vec","sid":"s572","d":795},"geometry":{"type":"LineString","coordinates":[[19.94891,50.02657],[19.956013,50.021064]]}},{"type":"Feature","properties":{"t":"gps","sid":"s572"},"geometry":{"type":"Point","coordinates":[19.94891,50.02657]}},{"type":"Feature","properties":{"t":"sch","sid":"s572","name":"Puszkarska","imp":0.07,"d":795},"geometry":{"type":"Point","coordinates":[19.956013,50.021064]}},{"type":"Feature","properties":{"t":"vec","sid":"s573","d":598},"geometry":{"type":"LineString","coordinates":[[19.953745,50.02929],[19.956984,50.024331]]}},{"type":"Feature","properties":{"t":"gps","sid":"s573"},"geometry":{"type":"Point","coordinates":[19.953745,50.02929]}},{"type":"Feature","properties":{"t":"sch","sid":"s573","name":"Bonarka","imp":0.15,"d":598},"geometry":{"type":"Point","coordinates":[19.956984,50.024331]}},{"type":"Feature","properties":{"t":"vec","sid":"s574","d":187},"geometry":{"type":"LineString","coordinates":[[19.93517,50.094923],[19.935359,50.0966]]}},{"type":"Feature","properties":{"t":"gps","sid":"s574"},"geometry":{"type":"Point","coordinates":[19.93517,50.094923]}},{"type":"Feature","properties":{"t":"sch","sid":"s574","name":"Białoprądnicka","imp":0.15,"d":187},"geometry":{"type":"Point","coordinates":[19.935359,50.0966]}},{"type":"Feature","properties":{"t":"vec","sid":"s575","d":1536},"geometry":{"type":"LineString","coordinates":[[20.04285,50.021835],[20.025076,50.029619]]}},{"type":"Feature","properties":{"t":"gps","sid":"s575"},"geometry":{"type":"Point","coordinates":[20.04285,50.021835]}},{"type":"Feature","properties":{"t":"sch","sid":"s575","name":"Agatowa","imp":0.09,"d":1536},"geometry":{"type":"Point","coordinates":[20.025076,50.029619]}},{"type":"Feature","properties":{"t":"vec","sid":"s576","d":1047},"geometry":{"type":"LineString","coordinates":[[19.883515,50.012365],[19.893246,50.019408]]}},{"type":"Feature","properties":{"t":"gps","sid":"s576"},"geometry":{"type":"Point","coordinates":[19.883515,50.012365]}},{"type":"Feature","properties":{"t":"sch","sid":"s576","name":"Bunscha","imp":0.15,"d":1047},"geometry":{"type":"Point","coordinates":[19.893246,50.019408]}},{"type":"Feature","properties":{"t":"vec","sid":"s577","d":935},"geometry":{"type":"LineString","coordinates":[[19.865955,50.02293],[19.874558,50.029275]]}},{"type":"Feature","properties":{"t":"gps","sid":"s577"},"geometry":{"type":"Point","coordinates":[19.865955,50.02293]}},{"type":"Feature","properties":{"t":"sch","sid":"s577","name":"Fort Winnica","imp":0.07,"d":935},"geometry":{"type":"Point","coordinates":[19.874558,50.029275]}},{"type":"Feature","properties":{"t":"vec","sid":"s578","d":882},"geometry":{"type":"LineString","coordinates":[[19.87166,50.019945],[19.879782,50.025922]]}},{"type":"Feature","properties":{"t":"gps","sid":"s578"},"geometry":{"type":"Point","coordinates":[19.87166,50.019945]}},{"type":"Feature","properties":{"t":"sch","sid":"s578","name":"Winnicka","imp":0.07,"d":882},"geometry":{"type":"Point","coordinates":[19.879782,50.025922]}},{"type":"Feature","properties":{"t":"vec","sid":"s579","d":146},"geometry":{"type":"LineString","coordinates":[[19.89687,50.08549],[19.898739,50.086024]]}},{"type":"Feature","properties":{"t":"gps","sid":"s579"},"geometry":{"type":"Point","coordinates":[19.89687,50.08549]}},{"type":"Feature","properties":{"t":"sch","sid":"s579","name":"Fiszera","imp":0.054,"d":146},"geometry":{"type":"Point","coordinates":[19.898739,50.086024]}},{"type":"Feature","properties":{"t":"vec","sid":"s580","d":142},"geometry":{"type":"LineString","coordinates":[[19.89405,50.08628],[19.895993,50.086024]]}},{"type":"Feature","properties":{"t":"gps","sid":"s580"},"geometry":{"type":"Point","coordinates":[19.89405,50.08628]}},{"type":"Feature","properties":{"t":"sch","sid":"s580","name":"Radzikowskiego Osiedle","imp":0.078,"d":142},"geometry":{"type":"Point","coordinates":[19.895993,50.086024]}},{"type":"Feature","properties":{"t":"vec","sid":"s581","d":234},"geometry":{"type":"LineString","coordinates":[[19.93711,50.01233],[19.93719,50.01023]]}},{"type":"Feature","properties":{"t":"gps","sid":"s581"},"geometry":{"type":"Point","coordinates":[19.93711,50.01233]}},{"type":"Feature","properties":{"t":"sch","sid":"s581","name":"Centrum JP II","imp":0.059,"d":234},"geometry":{"type":"Point","coordinates":[19.93719,50.01023]}},{"type":"Feature","properties":{"t":"vec","sid":"s582","d":2351},"geometry":{"type":"LineString","coordinates":[[19.878805,49.981775],[19.896385,49.999654]]}},{"type":"Feature","properties":{"t":"gps","sid":"s582"},"geometry":{"type":"Point","coordinates":[19.878805,49.981775]}},{"type":"Feature","properties":{"t":"sch","sid":"s582","name":"Petrażyckiego","imp":0.102,"d":2351},"geometry":{"type":"Point","coordinates":[19.896385,49.999654]}},{"type":"Feature","properties":{"t":"vec","sid":"s583","d":1773},"geometry":{"type":"LineString","coordinates":[[20.05164,50.0286],[20.027822,50.033144]]}},{"type":"Feature","properties":{"t":"gps","sid":"s583"},"geometry":{"type":"Point","coordinates":[20.05164,50.0286]}},{"type":"Feature","properties":{"t":"sch","sid":"s583","name":"Domagały Magazyny","imp":0.106,"d":1773},"geometry":{"type":"Point","coordinates":[20.027822,50.033144]}},{"type":"Feature","properties":{"t":"vec","sid":"s584","d":1447},"geometry":{"type":"LineString","coordinates":[[20.02815,50.013905],[20.012259,50.021981]]}},{"type":"Feature","properties":{"t":"gps","sid":"s584"},"geometry":{"type":"Point","coordinates":[20.02815,50.013905]}},{"type":"Feature","properties":{"t":"sch","sid":"s584","name":"Madejówka","imp":0.054,"d":1447},"geometry":{"type":"Point","coordinates":[20.012259,50.021981]}},{"type":"Feature","properties":{"t":"vec","sid":"s585","d":525},"geometry":{"type":"LineString","coordinates":[[19.956065,50.020235],[19.956415,50.015518]]}},{"type":"Feature","properties":{"t":"gps","sid":"s585"},"geometry":{"type":"Point","coordinates":[19.956065,50.020235]}},{"type":"Feature","properties":{"t":"sch","sid":"s585","name":"Pszenna","imp":0.09,"d":525},"geometry":{"type":"Point","coordinates":[19.956415,50.015518]}},{"type":"Feature","properties":{"t":"vec","sid":"s586","d":477},"geometry":{"type":"LineString","coordinates":[[19.994145,50.08085],[20.000358,50.079266]]}},{"type":"Feature","properties":{"t":"gps","sid":"s586"},"geometry":{"type":"Point","coordinates":[19.994145,50.08085]}},{"type":"Feature","properties":{"t":"sch","sid":"s586","name":"Steca","imp":0.054,"d":477},"geometry":{"type":"Point","coordinates":[20.000358,50.079266]}},{"type":"Feature","properties":{"t":"vec","sid":"s587","d":410},"geometry":{"type":"LineString","coordinates":[[19.994885,50.076225],[20.000358,50.077357]]}},{"type":"Feature","properties":{"t":"gps","sid":"s587"},"geometry":{"type":"Point","coordinates":[19.994885,50.076225]}},{"type":"Feature","properties":{"t":"sch","sid":"s587","name":"Życzkowskiego","imp":0.054,"d":410},"geometry":{"type":"Point","coordinates":[20.000358,50.077357]}},{"type":"Feature","properties":{"t":"vec","sid":"s588","d":399},"geometry":{"type":"LineString","coordinates":[[19.98868,50.067485],[19.992119,50.070312]]}},{"type":"Feature","properties":{"t":"gps","sid":"s588"},"geometry":{"type":"Point","coordinates":[19.98868,50.067485]}},{"type":"Feature","properties":{"t":"sch","sid":"s588","name":"TAURON Arena Kraków","imp":0.054,"d":399},"geometry":{"type":"Point","coordinates":[19.992119,50.070312]}},{"type":"Feature","properties":{"t":"vec","sid":"s589","d":456},"geometry":{"type":"LineString","coordinates":[[19.94502,50.064586],[19.942682,50.068398]]}},{"type":"Feature","properties":{"t":"gps","sid":"s589"},"geometry":{"type":"Point","coordinates":[19.94502,50.064586]}},{"type":"Feature","properties":{"t":"sch","sid":"s589","name":"Teatr Słowackiego","imp":0.627,"d":456},"geometry":{"type":"Point","coordinates":[19.942682,50.068398]}},{"type":"Feature","properties":{"t":"vec","sid":"s590","d":629},"geometry":{"type":"LineString","coordinates":[[19.959188,50.06572],[19.964654,50.07016]]}},{"type":"Feature","properties":{"t":"gps","sid":"s590"},"geometry":{"type":"Point","coordinates":[19.959188,50.06572]}},{"type":"Feature","properties":{"t":"sch","sid":"s590","name":"Rondo Mogilskie","imp":0.624,"d":629},"geometry":{"type":"Point","coordinates":[19.964654,50.07016]}},{"type":"Feature","properties":{"t":"vec","sid":"s591","d":769},"geometry":{"type":"LineString","coordinates":[[19.969249,50.066498],[19.978386,50.07016]]}},{"type":"Feature","properties":{"t":"gps","sid":"s591"},"geometry":{"type":"Point","coordinates":[19.969249,50.066498]}},{"type":"Feature","properties":{"t":"sch","sid":"s591","name":"Cystersów","imp":0.234,"d":769},"geometry":{"type":"Point","coordinates":[19.978386,50.07016]}},{"type":"Feature","properties":{"t":"vec","sid":"s592","d":733},"geometry":{"type":"LineString","coordinates":[[19.977673,50.06775],[19.986057,50.071558]]}},{"type":"Feature","properties":{"t":"gps","sid":"s592"},"geometry":{"type":"Point","coordinates":[19.977673,50.06775]}},{"type":"Feature","properties":{"t":"sch","sid":"s592","name":"Białucha","imp":0.198,"d":733},"geometry":{"type":"Point","coordinates":[19.986057,50.071558]}},{"type":"Feature","properties":{"t":"vec","sid":"s593","d":751},"geometry":{"type":"LineString","coordinates":[[19.98357,50.071508],[19.992119,50.075448]]}},{"type":"Feature","properties":{"t":"gps","sid":"s593"},"geometry":{"type":"Point","coordinates":[19.98357,50.071508]}},{"type":"Feature","properties":{"t":"sch","sid":"s593","name":"TAURON Arena Kraków Wieczysta","imp":0.371,"d":751},"geometry":{"type":"Point","coordinates":[19.992119,50.075448]}},{"type":"Feature","properties":{"t":"vec","sid":"s594","d":406},"geometry":{"type":"LineString","coordinates":[[19.942308,50.059465],[19.942682,50.06311]]}},{"type":"Feature","properties":{"t":"gps","sid":"s594"},"geometry":{"type":"Point","coordinates":[19.942308,50.059465]}},{"type":"Feature","properties":{"t":"sch","sid":"s594","name":"Poczta Główna","imp":0.384,"d":406},"geometry":{"type":"Point","coordinates":[19.942682,50.06311]}},{"type":"Feature","properties":{"t":"vec","sid":"s595","d":236},"geometry":{"type":"LineString","coordinates":[[19.945155,50.056958],[19.948175,50.057822]]}},{"type":"Feature","properties":{"t":"gps","sid":"s595"},"geometry":{"type":"Point","coordinates":[19.945155,50.056958]}},{"type":"Feature","properties":{"t":"sch","sid":"s595","name":"Starowiślna","imp":0.266,"d":236},"geometry":{"type":"Point","coordinates":[19.948175,50.057822]}},{"type":"Feature","properties":{"t":"vec","sid":"s596","d":369},"geometry":{"type":"LineString","coordinates":[[19.959492,50.057743],[19.964654,50.057822]]}},{"type":"Feature","properties":{"t":"gps","sid":"s596"},"geometry":{"type":"Point","coordinates":[19.959492,50.057743]}},{"type":"Feature","properties":{"t":"sch","sid":"s596","name":"Rondo Grzegórzeckie","imp":0.307,"d":369},"geometry":{"type":"Point","coordinates":[19.964654,50.057822]}},{"type":"Feature","properties":{"t":"vec","sid":"s597","d":429},"geometry":{"type":"LineString","coordinates":[[19.967199,50.060116],[19.972893,50.061347]]}},{"type":"Feature","properties":{"t":"gps","sid":"s597"},"geometry":{"type":"Point","coordinates":[19.967199,50.060116]}},{"type":"Feature","properties":{"t":"sch","sid":"s597","name":"Nullo","imp":0.189,"d":429},"geometry":{"type":"Point","coordinates":[19.972893,50.061347]}},{"type":"Feature","properties":{"t":"vec","sid":"s598","d":613},"geometry":{"type":"LineString","coordinates":[[19.970614,50.06077],[19.978386,50.06311]]}},{"type":"Feature","properties":{"t":"gps","sid":"s598"},"geometry":{"type":"Point","coordinates":[19.970614,50.06077]}},{"type":"Feature","properties":{"t":"sch","sid":"s598","name":"Fabryczna","imp":0.189,"d":613},"geometry":{"type":"Point","coordinates":[19.978386,50.06311]}},{"type":"Feature","properties":{"t":"vec","sid":"s599","d":968},"geometry":{"type":"LineString","coordinates":[[19.976113,50.059518],[19.989372,50.061347]]}},{"type":"Feature","properties":{"t":"gps","sid":"s599"},"geometry":{"type":"Point","coordinates":[19.976113,50.059518]}},{"type":"Feature","properties":{"t":"sch","sid":"s599","name":"Ofiar Dąbia","imp":0.221,"d":968},"geometry":{"type":"Point","coordinates":[19.989372,50.061347]}},{"type":"Feature","properties":{"t":"vec","sid":"s600","d":1073},"geometry":{"type":"LineString","coordinates":[[19.979302,50.060806],[19.993492,50.063991]]}},{"type":"Feature","properties":{"t":"gps","sid":"s600"},"geometry":{"type":"Point","coordinates":[19.979302,50.060806]}},{"type":"Feature","properties":{"t":"sch","sid":"s600","name":"Dąbie","imp":0.166,"d":1073},"geometry":{"type":"Point","coordinates":[19.993492,50.063991]}},{"type":"Feature","properties":{"t":"vec","sid":"s601","d":424},"geometry":{"type":"LineString","coordinates":[[19.948495,50.053564],[19.954427,50.05381]]}},{"type":"Feature","properties":{"t":"gps","sid":"s601"},"geometry":{"type":"Point","coordinates":[19.948495,50.053564]}},{"type":"Feature","properties":{"t":"sch","sid":"s601","name":"Miodowa","imp":0.15,"d":424},"geometry":{"type":"Point","coordinates":[19.954427,50.05381]}},{"type":"Feature","properties":{"t":"vec","sid":"s602","d":622},"geometry":{"type":"LineString","coordinates":[[19.950943,50.051269],[19.959161,50.049394]]}},{"type":"Feature","properties":{"t":"gps","sid":"s602"},"geometry":{"type":"Point","coordinates":[19.950943,50.051269]}},{"type":"Feature","properties":{"t":"sch","sid":"s602","name":"św. Wawrzyńca","imp":0.15,"d":622},"geometry":{"type":"Point","coordinates":[19.959161,50.049394]}},{"type":"Feature","properties":{"t":"vec","sid":"s603","d":172},"geometry":{"type":"LineString","coordinates":[[19.941721,50.051805],[19.939936,50.050771]]}},{"type":"Feature","properties":{"t":"gps","sid":"s603"},"geometry":{"type":"Point","coordinates":[19.941721,50.051805]}},{"type":"Feature","properties":{"t":"sch","sid":"s603","name":"Stradom","imp":0.304,"d":172},"geometry":{"type":"Point","coordinates":[19.939936,50.050771]}},{"type":"Feature","properties":{"t":"vec","sid":"s604","d":335},"geometry":{"type":"LineString","coordinates":[[19.943431,50.048063],[19.945429,50.045332]]}},{"type":"Feature","properties":{"t":"gps","sid":"s604"},"geometry":{"type":"Point","coordinates":[19.943431,50.048063]}},{"type":"Feature","properties":{"t":"sch","sid":"s604","name":"Plac Wolnica","imp":0.15,"d":335},"geometry":{"type":"Point","coordinates":[19.945429,50.045332]}},{"type":"Feature","properties":{"t":"vec","sid":"s605","d":348},"geometry":{"type":"LineString","coordinates":[[19.937869,50.059118],[19.934443,50.061347]]}},{"type":"Feature","properties":{"t":"gps","sid":"s605"},"geometry":{"type":"Point","coordinates":[19.937869,50.059118]}},{"type":"Feature","properties":{"t":"sch","sid":"s605","name":"Plac Wszystkich Świętych","imp":0.17,"d":348},"geometry":{"type":"Point","coordinates":[19.934443,50.061347]}},{"type":"Feature","properties":{"t":"vec","sid":"s606","d":416},"geometry":{"type":"LineString","coordinates":[[19.9334,50.058925],[19.92895,50.061347]]}},{"type":"Feature","properties":{"t":"gps","sid":"s606"},"geometry":{"type":"Point","coordinates":[19.9334,50.058925]}},{"type":"Feature","properties":{"t":"sch","sid":"s606","name":"Filharmonia","imp":0.17,"d":416},"geometry":{"type":"Point","coordinates":[19.92895,50.061347]}},{"type":"Feature","properties":{"t":"vec","sid":"s607","d":477},"geometry":{"type":"LineString","coordinates":[[19.927354,50.055596],[19.920711,50.056059]]}},{"type":"Feature","properties":{"t":"gps","sid":"s607"},"geometry":{"type":"Point","coordinates":[19.927354,50.055596]}},{"type":"Feature","properties":{"t":"sch","sid":"s607","name":"Jubilat","imp":0.499,"d":477},"geometry":{"type":"Point","coordinates":[19.920711,50.056059]}},{"type":"Feature","properties":{"t":"vec","sid":"s608","d":385},"geometry":{"type":"LineString","coordinates":[[19.925091,50.059323],[19.920711,50.061347]]}},{"type":"Feature","properties":{"t":"gps","sid":"s608"},"geometry":{"type":"Point","coordinates":[19.925091,50.059323]}},{"type":"Feature","properties":{"t":"sch","sid":"s608","name":"Muzeum Narodowe","imp":0.566,"d":385},"geometry":{"type":"Point","coordinates":[19.920711,50.061347]}},{"type":"Feature","properties":{"t":"vec","sid":"s609","d":679},"geometry":{"type":"LineString","coordinates":[[19.92375,50.063555],[19.917964,50.068398]]}},{"type":"Feature","properties":{"t":"gps","sid":"s609"},"geometry":{"type":"Point","coordinates":[19.92375,50.063555]}},{"type":"Feature","properties":{"t":"sch","sid":"s609","name":"AGH / UR","imp":0.416,"d":679},"geometry":{"type":"Point","coordinates":[19.917964,50.068398]}},{"type":"Feature","properties":{"t":"vec","sid":"s610","d":657},"geometry":{"type":"LineString","coordinates":[[19.92875,50.06709],[19.923457,50.071923]]}},{"type":"Feature","properties":{"t":"gps","sid":"s610"},"geometry":{"type":"Point","coordinates":[19.92875,50.06709]}},{"type":"Feature","properties":{"t":"sch","sid":"s610","name":"Stefana Batorego","imp":0.189,"d":657},"geometry":{"type":"Point","coordinates":[19.923457,50.071923]}},{"type":"Feature","properties":{"t":"vec","sid":"s611","d":870},"geometry":{"type":"LineString","coordinates":[[19.925925,50.069518],[19.917964,50.075448]]}},{"type":"Feature","properties":{"t":"gps","sid":"s611"},"geometry":{"type":"Point","coordinates":[19.925925,50.069518]}},{"type":"Feature","properties":{"t":"sch","sid":"s611","name":"Plac Inwalidów","imp":0.435,"d":870},"geometry":{"type":"Point","coordinates":[19.917964,50.075448]}},{"type":"Feature","properties":{"t":"vec","sid":"s612","d":659},"geometry":{"type":"LineString","coordinates":[[19.929885,50.07178],[19.926204,50.077211]]}},{"type":"Feature","properties":{"t":"gps","sid":"s612"},"geometry":{"type":"Point","coordinates":[19.929885,50.07178]}},{"type":"Feature","properties":{"t":"sch","sid":"s612","name":"Radio Kraków","imp":0.282,"d":659},"geometry":{"type":"Point","coordinates":[19.926204,50.077211]}},{"type":"Feature","properties":{"t":"vec","sid":"s613","d":1302},"geometry":{"type":"LineString","coordinates":[[20.0122,50.10463],[20.000358,50.095719]]}},{"type":"Feature","properties":{"t":"gps","sid":"s613"},"geometry":{"type":"Point","coordinates":[20.0122,50.10463]}},{"type":"Feature","properties":{"t":"sch","sid":"s613","name":"Urząd Skarbowy Nowa Huta","imp":0.054,"d":1302},"geometry":{"type":"Point","coordinates":[20.000358,50.095719]}},{"type":"Feature","properties":{"t":"vec","sid":"s614","d":496},"geometry":{"type":"LineString","coordinates":[[19.95162,50.01852],[19.955041,50.014636]]}},{"type":"Feature","properties":{"t":"gps","sid":"s614"},"geometry":{"type":"Point","coordinates":[19.95162,50.01852]}},{"type":"Feature","properties":{"t":"sch","sid":"s614","name":"Beskidzka","imp":0.07,"d":496},"geometry":{"type":"Point","coordinates":[19.955041,50.014636]}},{"type":"Feature","properties":{"t":"vec","sid":"s615","d":701},"geometry":{"type":"LineString","coordinates":[[19.939232,50.066423],[19.934443,50.071923]]}},{"type":"Feature","properties":{"t":"gps","sid":"s615"},"geometry":{"type":"Point","coordinates":[19.939232,50.066423]}},{"type":"Feature","properties":{"t":"sch","sid":"s615","name":"Stary Kleparz","imp":0.32,"d":701},"geometry":{"type":"Point","coordinates":[19.934443,50.071923]}},{"type":"Feature","properties":{"t":"vec","sid":"s616","d":869},"geometry":{"type":"LineString","coordinates":[[19.937521,50.069651],[19.934443,50.077211]]}},{"type":"Feature","properties":{"t":"gps","sid":"s616"},"geometry":{"type":"Point","coordinates":[19.937521,50.069651]}},{"type":"Feature","properties":{"t":"sch","sid":"s616","name":"Pędzichów","imp":0.134,"d":869},"geometry":{"type":"Point","coordinates":[19.934443,50.077211]}},{"type":"Feature","properties":{"t":"vec","sid":"s617","d":933},"geometry":{"type":"LineString","coordinates":[[19.936044,50.074169],[19.934443,50.082499]]}},{"type":"Feature","properties":{"t":"gps","sid":"s617"},"geometry":{"type":"Point","coordinates":[19.936044,50.074169]}},{"type":"Feature","properties":{"t":"sch","sid":"s617","name":"Nowy Kleparz","imp":0.792,"d":933},"geometry":{"type":"Point","coordinates":[19.934443,50.082499]}},{"type":"Feature","properties":{"t":"vec","sid":"s618","d":289},"geometry":{"type":"LineString","coordinates":[[19.910285,50.011635],[19.913845,50.012874]]}},{"type":"Feature","properties":{"t":"gps","sid":"s618"},"geometry":{"type":"Point","coordinates":[19.910285,50.011635]}},{"type":"Feature","properties":{"t":"sch","sid":"s618","name":"Polana Żywiecka","imp":0.054,"d":289},"geometry":{"type":"Point","coordinates":[19.913845,50.012874]}},{"type":"Feature","properties":{"t":"vec","sid":"s619","d":700},"geometry":{"type":"LineString","coordinates":[[19.95389,50.08231],[19.960132,50.087164]]}},{"type":"Feature","properties":{"t":"gps","sid":"s619"},"geometry":{"type":"Point","coordinates":[19.95389,50.08231]}},{"type":"Feature","properties":{"t":"sch","sid":"s619","name":"Wileńska","imp":0.054,"d":700},"geometry":{"type":"Point","coordinates":[19.960132,50.087164]}},{"type":"Feature","properties":{"t":"vec","sid":"s620","d":888},"geometry":{"type":"LineString","coordinates":[[19.944866,50.071114],[19.942682,50.078974]]}},{"type":"Feature","properties":{"t":"gps","sid":"s620"},"geometry":{"type":"Point","coordinates":[19.944866,50.071114]}},{"type":"Feature","properties":{"t":"sch","sid":"s620","name":"Politechnika","imp":0.454,"d":888},"geometry":{"type":"Point","coordinates":[19.942682,50.078974]}},{"type":"Feature","properties":{"t":"vec","sid":"s621","d":931},"geometry":{"type":"LineString","coordinates":[[19.94723,50.075915],[19.948175,50.084262]]}},{"type":"Feature","properties":{"t":"gps","sid":"s621"},"geometry":{"type":"Point","coordinates":[19.94723,50.075915]}},{"type":"Feature","properties":{"t":"sch","sid":"s621","name":"Cmentarz Rakowicki Zachód","imp":0.202,"d":931},"geometry":{"type":"Point","coordinates":[19.948175,50.084262]}},{"type":"Feature","properties":{"t":"vec","sid":"s622","d":838},"geometry":{"type":"LineString","coordinates":[[19.949285,50.078565],[19.950922,50.086024]]}},{"type":"Feature","properties":{"t":"gps","sid":"s622"},"geometry":{"type":"Point","coordinates":[19.949285,50.078565]}},{"type":"Feature","properties":{"t":"sch","sid":"s622","name":"bp. Prandoty","imp":0.288,"d":838},"geometry":{"type":"Point","coordinates":[19.950922,50.086024]}},{"type":"Feature","properties":{"t":"vec","sid":"s623","d":828},"geometry":{"type":"LineString","coordinates":[[19.952147,50.082627],[19.956415,50.08955]]}},{"type":"Feature","properties":{"t":"gps","sid":"s623"},"geometry":{"type":"Point","coordinates":[19.952147,50.082627]}},{"type":"Feature","properties":{"t":"sch","sid":"s623","name":"UR Al. 29 Listopada","imp":0.237,"d":828},"geometry":{"type":"Point","coordinates":[19.956415,50.08955]}},{"type":"Feature","properties":{"t":"vec","sid":"s624","d":611},"geometry":{"type":"LineString","coordinates":[[19.954555,50.085945],[19.956415,50.091312]]}},{"type":"Feature","properties":{"t":"gps","sid":"s624"},"geometry":{"type":"Point","coordinates":[19.954555,50.085945]}},{"type":"Feature","properties":{"t":"sch","sid":"s624","name":"Opolska Estakada","imp":0.32,"d":611},"geometry":{"type":"Point","coordinates":[19.956415,50.091312]}},{"type":"Feature","properties":{"t":"vec","sid":"s625","d":478},"geometry":{"type":"LineString","coordinates":[[19.957877,50.08886],[19.959161,50.093075]]}},{"type":"Feature","properties":{"t":"gps","sid":"s625"},"geometry":{"type":"Point","coordinates":[19.957877,50.08886]}},{"type":"Feature","properties":{"t":"sch","sid":"s625","name":"Dobrego Pasterza","imp":0.253,"d":478},"geometry":{"type":"Point","coordinates":[19.959161,50.093075]}},{"type":"Feature","properties":{"t":"vec","sid":"s626","d":234},"geometry":{"type":"LineString","coordinates":[[19.96396,50.0932],[19.961908,50.094838]]}},{"type":"Feature","properties":{"t":"gps","sid":"s626"},"geometry":{"type":"Point","coordinates":[19.96396,50.0932]}},{"type":"Feature","properties":{"t":"sch","sid":"s626","name":"Powstańców","imp":0.157,"d":234},"geometry":{"type":"Point","coordinates":[19.961908,50.094838]}},{"type":"Feature","properties":{"t":"vec","sid":"s627","d":188},"geometry":{"type":"LineString","coordinates":[[19.974208,50.09626],[19.97564,50.094838]]}},{"type":"Feature","properties":{"t":"gps","sid":"s627"},"geometry":{"type":"Point","coordinates":[19.974208,50.09626]}},{"type":"Feature","properties":{"t":"sch","sid":"s627","name":"Prądnik Czerwony P+R","imp":0.349,"d":188},"geometry":{"type":"Point","coordinates":[19.97564,50.094838]}},{"type":"Feature","properties":{"t":"vec","sid":"s628","d":841},"geometry":{"type":"LineString","coordinates":[[19.98642,50.102395],[19.985982,50.094838]]}},{"type":"Feature","properties":{"t":"gps","sid":"s628"},"geometry":{"type":"Point","coordinates":[19.98642,50.102395]}},{"type":"Feature","properties":{"t":"sch","sid":"s628","name":"Cmentarz Prądnik Czerwony Wschód","imp":0.086,"d":841},"geometry":{"type":"Point","coordinates":[19.985982,50.094838]}},{"type":"Feature","properties":{"t":"vec","sid":"s629","d":743},"geometry":{"type":"LineString","coordinates":[[19.982595,50.101425],[19.980811,50.094838]]}},{"type":"Feature","properties":{"t":"gps","sid":"s629"},"geometry":{"type":"Point","coordinates":[19.982595,50.101425]}},{"type":"Feature","properties":{"t":"sch","sid":"s629","name":"Cmentarz Prądnik Czerwony","imp":0.086,"d":743},"geometry":{"type":"Point","coordinates":[19.980811,50.094838]}},{"type":"Feature","properties":{"t":"vec","sid":"s630","d":1016},"geometry":{"type":"LineString","coordinates":[[19.99189,50.103965],[19.991153,50.094838]]}},{"type":"Feature","properties":{"t":"gps","sid":"s630"},"geometry":{"type":"Point","coordinates":[19.99189,50.103965]}},{"type":"Feature","properties":{"t":"sch","sid":"s630","name":"Dziekanowicka","imp":0.086,"d":1016},"geometry":{"type":"Point","coordinates":[19.991153,50.094838]}},{"type":"Feature","properties":{"t":"vec","sid":"s631","d":1320},"geometry":{"type":"LineString","coordinates":[[20.00156,50.10622],[19.996324,50.094838]]}},{"type":"Feature","properties":{"t":"gps","sid":"s631"},"geometry":{"type":"Point","coordinates":[20.00156,50.10622]}},{"type":"Feature","properties":{"t":"sch","sid":"s631","name":"Powstańców Magazyny","imp":0.086,"d":1320},"geometry":{"type":"Point","coordinates":[19.996324,50.094838]}},{"type":"Feature","properties":{"t":"vec","sid":"s632","d":565},"geometry":{"type":"LineString","coordinates":[[19.951648,50.06525],[19.953668,50.07016]]}},{"type":"Feature","properties":{"t":"gps","sid":"s632"},"geometry":{"type":"Point","coordinates":[19.951648,50.06525]}},{"type":"Feature","properties":{"t":"sch","sid":"s632","name":"Lubicz","imp":0.464,"d":565},"geometry":{"type":"Point","coordinates":[19.953668,50.07016]}},{"type":"Feature","properties":{"t":"vec","sid":"s633","d":694},"geometry":{"type":"LineString","coordinates":[[19.952423,50.067994],[19.956415,50.073686]]}},{"type":"Feature","properties":{"t":"gps","sid":"s633"},"geometry":{"type":"Point","coordinates":[19.952423,50.067994]}},{"type":"Feature","properties":{"t":"sch","sid":"s633","name":"Uniwersytet Ekonomiczny","imp":0.189,"d":694},"geometry":{"type":"Point","coordinates":[19.956415,50.073686]}},{"type":"Feature","properties":{"t":"vec","sid":"s634","d":772},"geometry":{"type":"LineString","coordinates":[[19.957717,50.07365],[19.964654,50.078974]]}},{"type":"Feature","properties":{"t":"gps","sid":"s634"},"geometry":{"type":"Point","coordinates":[19.957717,50.07365]}},{"type":"Feature","properties":{"t":"sch","sid":"s634","name":"Cmentarz Rakowicki","imp":0.181,"d":772},"geometry":{"type":"Point","coordinates":[19.964654,50.078974]}},{"type":"Feature","properties":{"t":"vec","sid":"s635","d":744},"geometry":{"type":"LineString","coordinates":[[19.96546,50.07527],[19.968774,50.081618]]}},{"type":"Feature","properties":{"t":"gps","sid":"s635"},"geometry":{"type":"Point","coordinates":[19.96546,50.07527]}},{"type":"Feature","properties":{"t":"sch","sid":"s635","name":"Łukasiewicza","imp":0.07,"d":744},"geometry":{"type":"Point","coordinates":[19.968774,50.081618]}},{"type":"Feature","properties":{"t":"vec","sid":"s636","d":757},"geometry":{"type":"LineString","coordinates":[[19.966185,50.073695],[19.972893,50.078974]]}},{"type":"Feature","properties":{"t":"gps","sid":"s636"},"geometry":{"type":"Point","coordinates":[19.966185,50.073695]}},{"type":"Feature","properties":{"t":"sch","sid":"s636","name":"Narzymskiego","imp":0.224,"d":757},"geometry":{"type":"Point","coordinates":[19.972893,50.078974]}},{"type":"Feature","properties":{"t":"vec","sid":"s637","d":673},"geometry":{"type":"LineString","coordinates":[[19.97088,50.078345],[19.972893,50.084262]]}},{"type":"Feature","properties":{"t":"gps","sid":"s637"},"geometry":{"type":"Point","coordinates":[19.97088,50.078345]}},{"type":"Feature","properties":{"t":"sch","sid":"s637","name":"Pilotów","imp":0.205,"d":673},"geometry":{"type":"Point","coordinates":[19.972893,50.084262]}},{"type":"Feature","properties":{"t":"vec","sid":"s638","d":598},"geometry":{"type":"LineString","coordinates":[[19.973733,50.08079],[19.97564,50.086024]]}},{"type":"Feature","properties":{"t":"gps","sid":"s638"},"geometry":{"type":"Point","coordinates":[19.973733,50.08079]}},{"type":"Feature","properties":{"t":"sch","sid":"s638","name":"Rondo Młyńskie","imp":0.24,"d":598},"geometry":{"type":"Point","coordinates":[19.97564,50.086024]}},{"type":"Feature","properties":{"t":"vec","sid":"s639","d":766},"geometry":{"type":"LineString","coordinates":[[19.96021,50.079755],[19.964654,50.086024]]}},{"type":"Feature","properties":{"t":"gps","sid":"s639"},"geometry":{"type":"Point","coordinates":[19.96021,50.079755]}},{"type":"Feature","properties":{"t":"sch","sid":"s639","name":"Brogi","imp":0.074,"d":766},"geometry":{"type":"Point","coordinates":[19.964654,50.086024]}},{"type":"Feature","properties":{"t":"vec","sid":"s640","d":642},"geometry":{"type":"LineString","coordinates":[[19.963725,50.08278],[19.968205,50.087787]]}},{"type":"Feature","properties":{"t":"gps","sid":"s640"},"geometry":{"type":"Point","coordinates":[19.963725,50.08278]}},{"type":"Feature","properties":{"t":"sch","sid":"s640","name":"Bosaków","imp":0.054,"d":642},"geometry":{"type":"Point","coordinates":[19.968205,50.087787]}},{"type":"Feature","properties":{"t":"vec","sid":"s641","d":528},"geometry":{"type":"LineString","coordinates":[[19.97014,50.083383],[19.972893,50.087787]]}},{"type":"Feature","properties":{"t":"gps","sid":"s641"},"geometry":{"type":"Point","coordinates":[19.97014,50.083383]}},{"type":"Feature","properties":{"t":"sch","sid":"s641","name":"Miechowity","imp":0.224,"d":528},"geometry":{"type":"Point","coordinates":[19.972893,50.087787]}},{"type":"Feature","properties":{"t":"vec","sid":"s642","d":693},"geometry":{"type":"LineString","coordinates":[[19.96278,50.08508],[19.962823,50.091312]]}},{"type":"Feature","properties":{"t":"gps","sid":"s642"},"geometry":{"type":"Point","coordinates":[19.96278,50.08508]}},{"type":"Feature","properties":{"t":"sch","sid":"s642","name":"Lublańska","imp":0.054,"d":693},"geometry":{"type":"Point","coordinates":[19.962823,50.091312]}},{"type":"Feature","properties":{"t":"vec","sid":"s643","d":686},"geometry":{"type":"LineString","coordinates":[[19.96961,50.085145],[19.969231,50.091312]]}},{"type":"Feature","properties":{"t":"gps","sid":"s643"},"geometry":{"type":"Point","coordinates":[19.96961,50.085145]}},{"type":"Feature","properties":{"t":"sch","sid":"s643","name":"Olsza II","imp":0.054,"d":686},"geometry":{"type":"Point","coordinates":[19.969231,50.091312]}},{"type":"Feature","properties":{"t":"vec","sid":"s644","d":564},"geometry":{"type":"LineString","coordinates":[[19.964373,50.08826],[19.961908,50.093075]]}},{"type":"Feature","properties":{"t":"gps","sid":"s644"},"geometry":{"type":"Point","coordinates":[19.964373,50.08826]}},{"type":"Feature","properties":{"t":"sch","sid":"s644","name":"Majora","imp":0.173,"d":564},"geometry":{"type":"Point","coordinates":[19.961908,50.093075]}},{"type":"Feature","properties":{"t":"vec","sid":"s645","d":290},"geometry":{"type":"LineString","coordinates":[[19.9708,50.08871],[19.970951,50.091312]]}},{"type":"Feature","properties":{"t":"gps","sid":"s645"},"geometry":{"type":"Point","coordinates":[19.9708,50.08871]}},{"type":"Feature","properties":{"t":"sch","sid":"s645","name":"Bitschana","imp":0.07,"d":290},"geometry":{"type":"Point","coordinates":[19.970951,50.091312]}},{"type":"Feature","properties":{"t":"vec","sid":"s646","d":277},"geometry":{"type":"LineString","coordinates":[[19.973754,50.089138],[19.97564,50.091312]]}},{"type":"Feature","properties":{"t":"gps","sid":"s646"},"geometry":{"type":"Point","coordinates":[19.973754,50.089138]}},{"type":"Feature","properties":{"t":"sch","sid":"s646","name":"Rondo Barei","imp":0.342,"d":277},"geometry":{"type":"Point","coordinates":[19.97564,50.091312]}},{"type":"Feature","properties":{"t":"vec","sid":"s647","d":275},"geometry":{"type":"LineString","coordinates":[[19.977245,50.08153],[19.980328,50.083015]]}},{"type":"Feature","properties":{"t":"gps","sid":"s647"},"geometry":{"type":"Point","coordinates":[19.977245,50.08153]}},{"type":"Feature","properties":{"t":"sch","sid":"s647","name":"Akacjowa","imp":0.07,"d":275},"geometry":{"type":"Point","coordinates":[19.980328,50.083015]}},{"type":"Feature","properties":{"t":"vec","sid":"s648","d":316},"geometry":{"type":"LineString","coordinates":[[19.981195,50.080055],[19.985488,50.080736]]}},{"type":"Feature","properties":{"t":"gps","sid":"s648"},"geometry":{"type":"Point","coordinates":[19.981195,50.080055]}},{"type":"Feature","properties":{"t":"sch","sid":"s648","name":"Spadochroniarzy","imp":0.07,"d":316},"geometry":{"type":"Point","coordinates":[19.985488,50.080736]}},{"type":"Feature","properties":{"t":"vec","sid":"s649","d":694},"geometry":{"type":"LineString","coordinates":[[19.98381,50.0775],[19.992119,50.080736]]}},{"type":"Feature","properties":{"t":"gps","sid":"s649"},"geometry":{"type":"Point","coordinates":[19.98381,50.0775]}},{"type":"Feature","properties":{"t":"sch","sid":"s649","name":"Ugorek","imp":0.094,"d":694},"geometry":{"type":"Point","coordinates":[19.992119,50.080736]}},{"type":"Feature","properties":{"t":"vec","sid":"s650","d":35},"geometry":{"type":"LineString","coordinates":[[19.97521,50.092925],[19.97564,50.093075]]}},{"type":"Feature","properties":{"t":"gps","sid":"s650"},"geometry":{"type":"Point","coordinates":[19.97521,50.092925]}},{"type":"Feature","properties":{"t":"sch","sid":"s650","name":"Strzelców","imp":0.102,"d":35},"geometry":{"type":"Point","coordinates":[19.97564,50.093075]}},{"type":"Feature","properties":{"t":"vec","sid":"s651","d":155},"geometry":{"type":"LineString","coordinates":[[19.982275,50.09013],[19.981133,50.091312]]}},{"type":"Feature","properties":{"t":"gps","sid":"s651"},"geometry":{"type":"Point","coordinates":[19.982275,50.09013]}},{"type":"Feature","properties":{"t":"sch","sid":"s651","name":"Park Wodny","imp":0.202,"d":155},"geometry":{"type":"Point","coordinates":[19.981133,50.091312]}},{"type":"Feature","properties":{"t":"vec","sid":"s652","d":1039},"geometry":{"type":"LineString","coordinates":[[20.02165,50.09263],[20.011344,50.086024]]}},{"type":"Feature","properties":{"t":"gps","sid":"s652"},"geometry":{"type":"Point","coordinates":[20.02165,50.09263]}},{"type":"Feature","properties":{"t":"sch","sid":"s652","name":"Szpital Rydygiera","imp":0.059,"d":1039},"geometry":{"type":"Point","coordinates":[20.011344,50.086024]}},{"type":"Feature","properties":{"t":"vec","sid":"s653","d":224},"geometry":{"type":"LineString","coordinates":[[19.979535,50.08581],[19.978955,50.087787]]}},{"type":"Feature","properties":{"t":"gps","sid":"s653"},"geometry":{"type":"Point","coordinates":[19.979535,50.08581]}},{"type":"Feature","properties":{"t":"sch","sid":"s653","name":"Bora-Komorowskiego","imp":0.07,"d":224},"geometry":{"type":"Point","coordinates":[19.978955,50.087787]}},{"type":"Feature","properties":{"t":"vec","sid":"s654","d":1835},"geometry":{"type":"LineString","coordinates":[[20.04916,50.085345],[20.025723,50.078558]]}},{"type":"Feature","properties":{"t":"gps","sid":"s654"},"geometry":{"type":"Point","coordinates":[20.04916,50.085345]}},{"type":"Feature","properties":{"t":"sch","sid":"s654","name":"Krasnowolskiego","imp":0.054,"d":1835},"geometry":{"type":"Point","coordinates":[20.025723,50.078558]}},{"type":"Feature","properties":{"t":"vec","sid":"s655","d":2002},"geometry":{"type":"LineString","coordinates":[[20.054435,50.08414],[20.029117,50.07638]]}},{"type":"Feature","properties":{"t":"gps","sid":"s655"},"geometry":{"type":"Point","coordinates":[20.054435,50.08414]}},{"type":"Feature","properties":{"t":"sch","sid":"s655","name":"PCK","imp":0.054,"d":2002},"geometry":{"type":"Point","coordinates":[20.029117,50.07638]}},{"type":"Feature","properties":{"t":"vec","sid":"s656","d":2012},"geometry":{"type":"LineString","coordinates":[[20.056855,50.08022],[20.030569,50.073686]]}},{"type":"Feature","properties":{"t":"gps","sid":"s656"},"geometry":{"type":"Point","coordinates":[20.056855,50.08022]}},{"type":"Feature","properties":{"t":"sch","sid":"s656","name":"Krzesławice Młyn","imp":0.074,"d":2012},"geometry":{"type":"Point","coordinates":[20.030569,50.073686]}},{"type":"Feature","properties":{"t":"vec","sid":"s657","d":844},"geometry":{"type":"LineString","coordinates":[[20.009265,50.05031],[20.010951,50.057822]]}},{"type":"Feature","properties":{"t":"gps","sid":"s657"},"geometry":{"type":"Point","coordinates":[20.009265,50.05031]}},{"type":"Feature","properties":{"t":"sch","sid":"s657","name":"Szafrańska","imp":0.054,"d":844},"geometry":{"type":"Point","coordinates":[20.010951,50.057822]}},{"type":"Feature","properties":{"t":"vec","sid":"s658","d":2375},"geometry":{"type":"LineString","coordinates":[[20.06321,50.09013],[20.033315,50.080736]]}},{"type":"Feature","properties":{"t":"gps","sid":"s658"},"geometry":{"type":"Point","coordinates":[20.06321,50.09013]}},{"type":"Feature","properties":{"t":"sch","sid":"s658","name":"Cmentarz Grębałów Południe","imp":0.09,"d":2375},"geometry":{"type":"Point","coordinates":[20.033315,50.080736]}},{"type":"Feature","properties":{"t":"vec","sid":"s659","d":1281},"geometry":{"type":"LineString","coordinates":[[20.01099,50.00624],[20.000358,50.015518]]}},{"type":"Feature","properties":{"t":"gps","sid":"s659"},"geometry":{"type":"Point","coordinates":[20.01099,50.00624]}},{"type":"Feature","properties":{"t":"sch","sid":"s659","name":"Rżąka","imp":0.118,"d":1281},"geometry":{"type":"Point","coordinates":[20.000358,50.015518]}},{"type":"Feature","properties":{"t":"vec","sid":"s660","d":1135},"geometry":{"type":"LineString","coordinates":[[20.01004,50.0083],[20.000358,50.016399]]}},{"type":"Feature","properties":{"t":"gps","sid":"s660"},"geometry":{"type":"Point","coordinates":[20.01004,50.0083]}},{"type":"Feature","properties":{"t":"sch","sid":"s660","name":"Czerwiakowskiego","imp":0.07,"d":1135},"geometry":{"type":"Point","coordinates":[20.000358,50.016399]}},{"type":"Feature","properties":{"t":"vec","sid":"s661","d":520},"geometry":{"type":"LineString","coordinates":[[19.996511,50.065508],[20.001329,50.069021]]}},{"type":"Feature","properties":{"t":"gps","sid":"s661"},"geometry":{"type":"Point","coordinates":[19.996511,50.065508]}},{"type":"Feature","properties":{"t":"sch","sid":"s661","name":"Ogród Doświadczeń","imp":0.15,"d":520},"geometry":{"type":"Point","coordinates":[20.001329,50.069021]}},{"type":"Feature","properties":{"t":"vec","sid":"s662","d":181},"geometry":{"type":"LineString","coordinates":[[19.872175,50.046135],[19.874021,50.047246]]}},{"type":"Feature","properties":{"t":"gps","sid":"s662"},"geometry":{"type":"Point","coordinates":[19.872175,50.046135]}},{"type":"Feature","properties":{"t":"sch","sid":"s662","name":"Przegorzały Obwodnica","imp":0.234,"d":181},"geometry":{"type":"Point","coordinates":[19.874021,50.047246]}},{"type":"Feature","properties":{"t":"vec","sid":"s663","d":2699},"geometry":{"type":"LineString","coordinates":[[20.07026,50.091095],[20.036062,50.080736]]}},{"type":"Feature","properties":{"t":"gps","sid":"s663"},"geometry":{"type":"Point","coordinates":[20.07026,50.091095]}},{"type":"Feature","properties":{"t":"sch","sid":"s663","name":"Cmentarz Grębałów","imp":0.054,"d":2699},"geometry":{"type":"Point","coordinates":[20.036062,50.080736]}},{"type":"Feature","properties":{"t":"vec","sid":"s664","d":636},"geometry":{"type":"LineString","coordinates":[[19.99527,50.0341],[20.003104,50.031382]]}},{"type":"Feature","properties":{"t":"gps","sid":"s664"},"geometry":{"type":"Point","coordinates":[19.99527,50.0341]}},{"type":"Feature","properties":{"t":"sch","sid":"s664","name":"Bagry","imp":0.059,"d":636},"geometry":{"type":"Point","coordinates":[20.003104,50.031382]}},{"type":"Feature","properties":{"t":"vec","sid":"s665","d":2150},"geometry":{"type":"LineString","coordinates":[[20.070845,50.065866],[20.041555,50.061347]]}},{"type":"Feature","properties":{"t":"gps","sid":"s665"},"geometry":{"type":"Point","coordinates":[20.070845,50.065866]}},{"type":"Feature","properties":{"t":"sch","sid":"s665","name":"Fort Mogiła","imp":0.157,"d":2150},"geometry":{"type":"Point","coordinates":[20.041555,50.061347]}},{"type":"Feature","properties":{"t":"vec","sid":"s666","d":2055},"geometry":{"type":"LineString","coordinates":[[19.9549,49.979815],[19.951324,49.998149]]}},{"type":"Feature","properties":{"t":"gps","sid":"s666"},"geometry":{"type":"Point","coordinates":[19.9549,49.979815]}},{"type":"Feature","properties":{"t":"sch","sid":"s666","name":"Cmentarz Wróblowice","imp":0.054,"d":2055},"geometry":{"type":"Point","coordinates":[19.951324,49.998149]}},{"type":"Feature","properties":{"t":"vec","sid":"s667","d":1884},"geometry":{"type":"LineString","coordinates":[[19.94948,49.979575],[19.948779,49.996516]]}},{"type":"Feature","properties":{"t":"gps","sid":"s667"},"geometry":{"type":"Point","coordinates":[19.94948,49.979575]}},{"type":"Feature","properties":{"t":"sch","sid":"s667","name":"Aleksandrowicza","imp":0.054,"d":1884},"geometry":{"type":"Point","coordinates":[19.948779,49.996516]}},{"type":"Feature","properties":{"t":"vec","sid":"s668","d":550},"geometry":{"type":"LineString","coordinates":[[19.9622,50.05106],[19.969176,50.053157]]}},{"type":"Feature","properties":{"t":"gps","sid":"s668"},"geometry":{"type":"Point","coordinates":[19.9622,50.05106]}},{"type":"Feature","properties":{"t":"sch","sid":"s668","name":"Most Kotlarski","imp":0.054,"d":550},"geometry":{"type":"Point","coordinates":[19.969176,50.053157]}},{"type":"Feature","properties":{"t":"vec","sid":"s669","d":673},"geometry":{"type":"LineString","coordinates":[[19.921835,50.05885],[19.912472,50.059584]]}},{"type":"Feature","properties":{"t":"gps","sid":"s669"},"geometry":{"type":"Point","coordinates":[19.921835,50.05885]}},{"type":"Feature","properties":{"t":"sch","sid":"s669","name":"Cracovia Błonia","imp":0.16,"d":673},"geometry":{"type":"Point","coordinates":[19.912472,50.059584]}},{"type":"Feature","properties":{"t":"vec","sid":"s670","d":358},"geometry":{"type":"LineString","coordinates":[[19.92269,50.0585],[19.917964,50.059584]]}},{"type":"Feature","properties":{"t":"gps","sid":"s670"},"geometry":{"type":"Point","coordinates":[19.92269,50.0585]}},{"type":"Feature","properties":{"t":"sch","sid":"s670","name":"Cracovia Stadion","imp":0.118,"d":358},"geometry":{"type":"Point","coordinates":[19.917964,50.059584]}},{"type":"Feature","properties":{"t":"vec","sid":"s671","d":179},"geometry":{"type":"LineString","coordinates":[[19.986235,50.08658],[19.983879,50.086024]]}},{"type":"Feature","properties":{"t":"gps","sid":"s671"},"geometry":{"type":"Point","coordinates":[19.986235,50.08658]}},{"type":"Feature","properties":{"t":"sch","sid":"s671","name":"Cogiteon","imp":0.09,"d":179},"geometry":{"type":"Point","coordinates":[19.983879,50.086024]}},{"type":"Feature","properties":{"t":"vec","sid":"s672","d":227},"geometry":{"type":"LineString","coordinates":[[19.97687,50.08952],[19.978386,50.091312]]}},{"type":"Feature","properties":{"t":"gps","sid":"s672"},"geometry":{"type":"Point","coordinates":[19.97687,50.08952]}},{"type":"Feature","properties":{"t":"sch","sid":"s672","name":"Słoneckiego","imp":0.166,"d":227},"geometry":{"type":"Point","coordinates":[19.978386,50.091312]}},{"type":"Feature","properties":{"t":"vec","sid":"s673","d":5429},"geometry":{"type":"LineString","coordinates":[[20.132945,50.0743],[20.058261,50.065018]]}},{"type":"Feature","properties":{"t":"gps","sid":"s673"},"geometry":{"type":"Point","coordinates":[20.132945,50.0743]}},{"type":"Feature","properties":{"t":"sch","sid":"s673","name":"Igołomska Zakłady","imp":0.134,"d":5429},"geometry":{"type":"Point","coordinates":[20.058261,50.065018]}},{"type":"Feature","properties":{"t":"vec","sid":"s674","d":6277},"geometry":{"type":"LineString","coordinates":[[20.14813,50.07612],[20.061423,50.066635]]}},{"type":"Feature","properties":{"t":"gps","sid":"s674"},"geometry":{"type":"Point","coordinates":[20.14813,50.07612]}},{"type":"Feature","properties":{"t":"sch","sid":"s674","name":"Rzepakowa","imp":0.134,"d":6277},"geometry":{"type":"Point","coordinates":[20.061423,50.066635]}},{"type":"Feature","properties":{"t":"vec","sid":"s675","d":515},"geometry":{"type":"LineString","coordinates":[[19.96764,50.08845],[19.967401,50.093075]]}},{"type":"Feature","properties":{"t":"gps","sid":"s675"},"geometry":{"type":"Point","coordinates":[19.96764,50.08845]}},{"type":"Feature","properties":{"t":"sch","sid":"s675","name":"Promienistych","imp":0.125,"d":515},"geometry":{"type":"Point","coordinates":[19.967401,50.093075]}},{"type":"Feature","properties":{"t":"vec","sid":"s676","d":385},"geometry":{"type":"LineString","coordinates":[[19.93137,50.091385],[19.931697,50.094838]]}},{"type":"Feature","properties":{"t":"gps","sid":"s676"},"geometry":{"type":"Point","coordinates":[19.93137,50.091385]}},{"type":"Feature","properties":{"t":"sch","sid":"s676","name":"Sosabowskiego","imp":0.09,"d":385},"geometry":{"type":"Point","coordinates":[19.931697,50.094838]}},{"type":"Feature","properties":{"t":"vec","sid":"s677","d":221},"geometry":{"type":"LineString","coordinates":[[19.957478,50.10199],[19.956415,50.100126]]}},{"type":"Feature","properties":{"t":"gps","sid":"s677"},"geometry":{"type":"Point","coordinates":[19.957478,50.10199]}},{"type":"Feature","properties":{"t":"sch","sid":"s677","name":"Papierni Prądnickich","imp":0.186,"d":221},"geometry":{"type":"Point","coordinates":[19.956415,50.100126]}},{"type":"Feature","properties":{"t":"vec","sid":"s678","d":488},"geometry":{"type":"LineString","coordinates":[[19.86761,50.03867],[19.874021,50.040195]]}},{"type":"Feature","properties":{"t":"gps","sid":"s678"},"geometry":{"type":"Point","coordinates":[19.86761,50.03867]}},{"type":"Feature","properties":{"t":"sch","sid":"s678","name":"Bodzów","imp":0.059,"d":488},"geometry":{"type":"Point","coordinates":[19.874021,50.040195]}},{"type":"Feature","properties":{"t":"vec","sid":"s679","d":1301},"geometry":{"type":"LineString","coordinates":[[19.870335,50.006665],[19.882261,50.015518]]}},{"type":"Feature","properties":{"t":"gps","sid":"s679"},"geometry":{"type":"Point","coordinates":[19.870335,50.006665]}},{"type":"Feature","properties":{"t":"sch","sid":"s679","name":"Fort Skotniki","imp":0.074,"d":1301},"geometry":{"type":"Point","coordinates":[19.882261,50.015518]}},{"type":"Feature","properties":{"t":"vec","sid":"s680","d":2853},"geometry":{"type":"LineString","coordinates":[[20.06727,50.09889],[20.032913,50.085766]]}},{"type":"Feature","properties":{"t":"gps","sid":"s680"},"geometry":{"type":"Point","coordinates":[20.06727,50.09889]}},{"type":"Feature","properties":{"t":"sch","sid":"s680","name":"Kantorowicka","imp":0.054,"d":2853},"geometry":{"type":"Point","coordinates":[20.032913,50.085766]}},{"type":"Feature","properties":{"t":"vec","sid":"s681","d":2929},"geometry":{"type":"LineString","coordinates":[[20.07315,50.0973],[20.036062,50.086024]]}},{"type":"Feature","properties":{"t":"gps","sid":"s681"},"geometry":{"type":"Point","coordinates":[20.07315,50.0973]}},{"type":"Feature","properties":{"t":"sch","sid":"s681","name":"Grębałów","imp":0.078,"d":2929},"geometry":{"type":"Point","coordinates":[20.036062,50.086024]}},{"type":"Feature","properties":{"t":"vec","sid":"s682","d":3278},"geometry":{"type":"LineString","coordinates":[[20.07652,50.10052],[20.034286,50.088927]]}},{"type":"Feature","properties":{"t":"gps","sid":"s682"},"geometry":{"type":"Point","coordinates":[20.07652,50.10052]}},{"type":"Feature","properties":{"t":"sch","sid":"s682","name":"Folwarczna","imp":0.054,"d":3278},"geometry":{"type":"Point","coordinates":[20.034286,50.088927]}},{"type":"Feature","properties":{"t":"vec","sid":"s683","d":517},"geometry":{"type":"LineString","coordinates":[[19.965635,50.108815],[19.961908,50.104826]]}},{"type":"Feature","properties":{"t":"gps","sid":"s683"},"geometry":{"type":"Point","coordinates":[19.965635,50.108815]}},{"type":"Feature","properties":{"t":"sch","sid":"s683","name":"Witkowicka","imp":0.166,"d":517},"geometry":{"type":"Point","coordinates":[19.961908,50.104826]}},{"type":"Feature","properties":{"t":"vec","sid":"s684","d":155},"geometry":{"type":"LineString","coordinates":[[19.92356,50.10152],[19.923457,50.100126]]}},{"type":"Feature","properties":{"t":"gps","sid":"s684"},"geometry":{"type":"Point","coordinates":[19.92356,50.10152]}},{"type":"Feature","properties":{"t":"sch","sid":"s684","name":"Prądnik Biały Zachód","imp":0.162,"d":155},"geometry":{"type":"Point","coordinates":[19.923457,50.100126]}},{"type":"Feature","properties":{"t":"vec","sid":"s685","d":70},"geometry":{"type":"LineString","coordinates":[[20.008645,50.063735],[20.008597,50.06311]]}},{"type":"Feature","properties":{"t":"gps","sid":"s685"},"geometry":{"type":"Point","coordinates":[20.008645,50.063735]}},{"type":"Feature","properties":{"t":"sch","sid":"s685","name":"ZDMK","imp":0.128,"d":70},"geometry":{"type":"Point","coordinates":[20.008597,50.06311]}},{"type":"Feature","properties":{"t":"vec","sid":"s686","d":155},"geometry":{"type":"LineString","coordinates":[[20.006533,50.05825],[20.008597,50.057822]]}},{"type":"Feature","properties":{"t":"gps","sid":"s686"},"geometry":{"type":"Point","coordinates":[20.006533,50.05825]}},{"type":"Feature","properties":{"t":"sch","sid":"s686","name":"Galicyjska","imp":0.114,"d":155},"geometry":{"type":"Point","coordinates":[20.008597,50.057822]}},{"type":"Feature","properties":{"t":"vec","sid":"s687","d":183},"geometry":{"type":"LineString","coordinates":[[20.014115,50.06184],[20.012717,50.060466]]}},{"type":"Feature","properties":{"t":"gps","sid":"s687"},"geometry":{"type":"Point","coordinates":[20.014115,50.06184]}},{"type":"Feature","properties":{"t":"sch","sid":"s687","name":"Ciesielskiego","imp":0.054,"d":183},"geometry":{"type":"Point","coordinates":[20.012717,50.060466]}},{"type":"Feature","properties":{"t":"vec","sid":"s688","d":335},"geometry":{"type":"LineString","coordinates":[[19.99633,50.049375],[20.000358,50.047833]]}},{"type":"Feature","properties":{"t":"gps","sid":"s688"},"geometry":{"type":"Point","coordinates":[19.99633,50.049375]}},{"type":"Feature","properties":{"t":"sch","sid":"s688","name":"Lasówka","imp":0.054,"d":335},"geometry":{"type":"Point","coordinates":[20.000358,50.047833]}},{"type":"Feature","properties":{"t":"vec","sid":"s689","d":223},"geometry":{"type":"LineString","coordinates":[[19.997255,50.04511],[20.000358,50.044895]]}},{"type":"Feature","properties":{"t":"gps","sid":"s689"},"geometry":{"type":"Point","coordinates":[19.997255,50.04511]}},{"type":"Feature","properties":{"t":"sch","sid":"s689","name":"Myśliwska","imp":0.054,"d":223},"geometry":{"type":"Point","coordinates":[20.000358,50.044895]}},{"type":"Feature","properties":{"t":"vec","sid":"s690","d":531},"geometry":{"type":"LineString","coordinates":[[19.99311,50.043045],[20.000358,50.041958]]}},{"type":"Feature","properties":{"t":"gps","sid":"s690"},"geometry":{"type":"Point","coordinates":[19.99311,50.043045]}},{"type":"Feature","properties":{"t":"sch","sid":"s690","name":"Os. Przewóz","imp":0.09,"d":531},"geometry":{"type":"Point","coordinates":[20.000358,50.041958]}},{"type":"Feature","properties":{"t":"vec","sid":"s691","d":146},"geometry":{"type":"LineString","coordinates":[[19.95634,50.091765],[19.956415,50.093075]]}},{"type":"Feature","properties":{"t":"gps","sid":"s691"},"geometry":{"type":"Point","coordinates":[19.95634,50.091765]}},{"type":"Feature","properties":{"t":"sch","sid":"s691","name":"Jabłonna","imp":0.09,"d":146},"geometry":{"type":"Point","coordinates":[19.956415,50.093075]}},{"type":"Feature","properties":{"t":"vec","sid":"s692","d":294},"geometry":{"type":"LineString","coordinates":[[19.87112,50.057935],[19.874021,50.056059]]}},{"type":"Feature","properties":{"t":"gps","sid":"s692"},"geometry":{"type":"Point","coordinates":[19.87112,50.057935]}},{"type":"Feature","properties":{"t":"sch","sid":"s692","name":"Poniedziałkowy Dół","imp":0.054,"d":294},"geometry":{"type":"Point","coordinates":[19.874021,50.056059]}},{"type":"Feature","properties":{"t":"vec","sid":"s693","d":255},"geometry":{"type":"LineString","coordinates":[[19.871305,50.05104],[19.874021,50.052534]]}},{"type":"Feature","properties":{"t":"gps","sid":"s693"},"geometry":{"type":"Point","coordinates":[19.871305,50.05104]}},{"type":"Feature","properties":{"t":"sch","sid":"s693","name":"Żywiczna","imp":0.054,"d":255},"geometry":{"type":"Point","coordinates":[19.874021,50.052534]}},{"type":"Feature","properties":{"t":"vec","sid":"s694","d":913},"geometry":{"type":"LineString","coordinates":[[19.85313,50.06821],[19.865664,50.066559]]}},{"type":"Feature","properties":{"t":"gps","sid":"s694"},"geometry":{"type":"Point","coordinates":[19.85313,50.06821]}},{"type":"Feature","properties":{"t":"sch","sid":"s694","name":"Wilczy Stok","imp":0.07,"d":913},"geometry":{"type":"Point","coordinates":[19.865664,50.066559]}},{"type":"Feature","properties":{"t":"vec","sid":"s695","d":2285},"geometry":{"type":"LineString","coordinates":[[19.83018,50.0288],[19.860289,50.035788]]}},{"type":"Feature","properties":{"t":"gps","sid":"s695"},"geometry":{"type":"Point","coordinates":[19.83018,50.0288]}},{"type":"Feature","properties":{"t":"sch","sid":"s695","name":"Kolna Kapliczka","imp":0.054,"d":2285},"geometry":{"type":"Point","coordinates":[19.860289,50.035788]}},{"type":"Feature","properties":{"t":"vec","sid":"s696","d":171},"geometry":{"type":"LineString","coordinates":[[19.90916,50.09481],[19.911556,50.094838]]}},{"type":"Feature","properties":{"t":"gps","sid":"s696"},"geometry":{"type":"Point","coordinates":[19.90916,50.09481]}},{"type":"Feature","properties":{"t":"sch","sid":"s696","name":"Pełczyńskiego","imp":0.054,"d":171},"geometry":{"type":"Point","coordinates":[19.911556,50.094838]}},{"type":"Feature","properties":{"t":"vec","sid":"s697","d":362},"geometry":{"type":"LineString","coordinates":[[19.903205,50.096075],[19.907894,50.094838]]}},{"type":"Feature","properties":{"t":"gps","sid":"s697"},"geometry":{"type":"Point","coordinates":[19.903205,50.096075]}},{"type":"Feature","properties":{"t":"sch","sid":"s697","name":"Stelmachów","imp":0.054,"d":362},"geometry":{"type":"Point","coordinates":[19.907894,50.094838]}},{"type":"Feature","properties":{"t":"vec","sid":"s698","d":54},"geometry":{"type":"LineString","coordinates":[[19.94166,50.09612],[19.941767,50.0966]]}},{"type":"Feature","properties":{"t":"gps","sid":"s698"},"geometry":{"type":"Point","coordinates":[19.94166,50.09612]}},{"type":"Feature","properties":{"t":"sch","sid":"s698","name":"Górnickiego","imp":0.15,"d":54},"geometry":{"type":"Point","coordinates":[19.941767,50.0966]}},{"type":"Feature","properties":{"t":"vec","sid":"s699","d":3973},"geometry":{"type":"LineString","coordinates":[[19.83753,49.983125],[19.876768,50.008467]]}},{"type":"Feature","properties":{"t":"gps","sid":"s699"},"geometry":{"type":"Point","coordinates":[19.83753,49.983125]}},{"type":"Feature","properties":{"t":"sch","sid":"s699","name":"Skawina Rzepnik","imp":0.138,"d":3973},"geometry":{"type":"Point","coordinates":[19.876768,50.008467]}},{"type":"Feature","properties":{"t":"vec","sid":"s700","d":4482},"geometry":{"type":"LineString","coordinates":[[19.83112,49.975505],[19.874021,50.004942]]}},{"type":"Feature","properties":{"t":"gps","sid":"s700"},"geometry":{"type":"Point","coordinates":[19.83112,49.975505]}},{"type":"Feature","properties":{"t":"sch","sid":"s700","name":"Skawina Cmentarz","imp":0.243,"d":4482},"geometry":{"type":"Point","coordinates":[19.874021,50.004942]}},{"type":"Feature","properties":{"t":"vec","sid":"s701","d":4390},"geometry":{"type":"LineString","coordinates":[[19.83204,49.974325],[19.874021,50.003179]]}},{"type":"Feature","properties":{"t":"gps","sid":"s701"},"geometry":{"type":"Point","coordinates":[19.83204,49.974325]}},{"type":"Feature","properties":{"t":"sch","sid":"s701","name":"Skawina Popiełuszki","imp":0.259,"d":4390},"geometry":{"type":"Point","coordinates":[19.874021,50.003179]}},{"type":"Feature","properties":{"t":"vec","sid":"s702","d":6222},"geometry":{"type":"LineString","coordinates":[[20.03942,50.17483],[20.000358,50.124803]]}},{"type":"Feature","properties":{"t":"gps","sid":"s702"},"geometry":{"type":"Point","coordinates":[20.03942,50.17483]}},{"type":"Feature","properties":{"t":"sch","sid":"s702","name":"Zagórzyce Dworskie Remiza","imp":0.035,"d":6222},"geometry":{"type":"Point","coordinates":[20.000358,50.124803]}},{"type":"Feature","properties":{"t":"vec","sid":"s703","d":5600},"geometry":{"type":"LineString","coordinates":[[20.034975,50.16736],[20.000358,50.122159]]}},{"type":"Feature","properties":{"t":"gps","sid":"s703"},"geometry":{"type":"Point","coordinates":[20.034975,50.16736]}},{"type":"Feature","properties":{"t":"sch","sid":"s703","name":"Zagórzyce Stare Owocowa","imp":0.054,"d":5600},"geometry":{"type":"Point","coordinates":[20.000358,50.122159]}},{"type":"Feature","properties":{"t":"vec","sid":"s704","d":4230},"geometry":{"type":"LineString","coordinates":[[19.786685,50.08991],[19.842153,50.076512]]}},{"type":"Feature","properties":{"t":"gps","sid":"s704"},"geometry":{"type":"Point","coordinates":[19.786685,50.08991]}},{"type":"Feature","properties":{"t":"sch","sid":"s704","name":"Balice Leśna","imp":0.07,"d":4230},"geometry":{"type":"Point","coordinates":[19.842153,50.076512]}},{"type":"Feature","properties":{"t":"vec","sid":"s705","d":4395},"geometry":{"type":"LineString","coordinates":[[19.799945,50.11671],[19.849303,50.093075]]}},{"type":"Feature","properties":{"t":"gps","sid":"s705"},"geometry":{"type":"Point","coordinates":[19.799945,50.11671]}},{"type":"Feature","properties":{"t":"sch","sid":"s705","name":"Zabierzów Rynek","imp":0.106,"d":4395},"geometry":{"type":"Point","coordinates":[19.849303,50.093075]}},{"type":"Feature","properties":{"t":"vec","sid":"s706","d":4515},"geometry":{"type":"LineString","coordinates":[[19.829215,49.971085],[19.871275,50.001416]]}},{"type":"Feature","properties":{"t":"gps","sid":"s706"},"geometry":{"type":"Point","coordinates":[19.829215,49.971085]}},{"type":"Feature","properties":{"t":"sch","sid":"s706","name":"Skawina Ajka","imp":0.189,"d":4515},"geometry":{"type":"Point","coordinates":[19.871275,50.001416]}},{"type":"Feature","properties":{"t":"vec","sid":"s707","d":4409},"geometry":{"type":"LineString","coordinates":[[19.8298,49.9685],[19.871275,49.997891]]}},{"type":"Feature","properties":{"t":"gps","sid":"s707"},"geometry":{"type":"Point","coordinates":[19.8298,49.9685]}},{"type":"Feature","properties":{"t":"sch","sid":"s707","name":"Skawina","imp":0.318,"d":4409},"geometry":{"type":"Point","coordinates":[19.871275,49.997891]}},{"type":"Feature","properties":{"t":"vec","sid":"s708","d":4523},"geometry":{"type":"LineString","coordinates":[[19.827965,49.97525],[19.871275,50.004942]]}},{"type":"Feature","properties":{"t":"gps","sid":"s708"},"geometry":{"type":"Point","coordinates":[19.827965,49.97525]}},{"type":"Feature","properties":{"t":"sch","sid":"s708","name":"Skawina Rynek","imp":0.141,"d":4523},"geometry":{"type":"Point","coordinates":[19.871275,50.004942]}},{"type":"Feature","properties":{"t":"vec","sid":"s709","d":8253},"geometry":{"type":"LineString","coordinates":[[19.949715,50.211355],[19.948175,50.137142]]}},{"type":"Feature","properties":{"t":"gps","sid":"s709"},"geometry":{"type":"Point","coordinates":[19.949715,50.211355]}},{"type":"Feature","properties":{"t":"sch","sid":"s709","name":"Krasieniec Zakupny Kapliczka","imp":0.074,"d":8253},"geometry":{"type":"Point","coordinates":[19.948175,50.137142]}},{"type":"Feature","properties":{"t":"vec","sid":"s710","d":9164},"geometry":{"type":"LineString","coordinates":[[19.97961,50.22053],[19.961908,50.138904]]}},{"type":"Feature","properties":{"t":"gps","sid":"s710"},"geometry":{"type":"Point","coordinates":[19.97961,50.22053]}},{"type":"Feature","properties":{"t":"sch","sid":"s710","name":"Iwanowice Dworskie Pętla","imp":0.078,"d":9164},"geometry":{"type":"Point","coordinates":[19.961908,50.138904]}},{"type":"Feature","properties":{"t":"vec","sid":"s711","d":2514},"geometry":{"type":"LineString","coordinates":[[19.857025,50.11527],[19.883176,50.100126]]}},{"type":"Feature","properties":{"t":"gps","sid":"s711"},"geometry":{"type":"Point","coordinates":[19.857025,50.11527]}},{"type":"Feature","properties":{"t":"sch","sid":"s711","name":"Modlniczka Willowa","imp":0.086,"d":2514},"geometry":{"type":"Point","coordinates":[19.883176,50.100126]}},{"type":"Feature","properties":{"t":"vec","sid":"s712","d":2826},"geometry":{"type":"LineString","coordinates":[[19.85462,50.11989],[19.879514,50.100126]]}},{"type":"Feature","properties":{"t":"gps","sid":"s712"},"geometry":{"type":"Point","coordinates":[19.85462,50.11989]}},{"type":"Feature","properties":{"t":"sch","sid":"s712","name":"Modlniczka Dworska","imp":0.106,"d":2826},"geometry":{"type":"Point","coordinates":[19.879514,50.100126]}},{"type":"Feature","properties":{"t":"vec","sid":"s713","d":2758},"geometry":{"type":"LineString","coordinates":[[19.86768,50.1246],[19.878484,50.100787]]}},{"type":"Feature","properties":{"t":"gps","sid":"s713"},"geometry":{"type":"Point","coordinates":[19.86768,50.1246]}},{"type":"Feature","properties":{"t":"sch","sid":"s713","name":"Modlnica Skrzyżowanie","imp":0.07,"d":2758},"geometry":{"type":"Point","coordinates":[19.878484,50.100787]}},{"type":"Feature","properties":{"t":"vec","sid":"s714","d":3407},"geometry":{"type":"LineString","coordinates":[[19.86317,50.13068],[19.877454,50.101448]]}},{"type":"Feature","properties":{"t":"gps","sid":"s714"},"geometry":{"type":"Point","coordinates":[19.86317,50.13068]}},{"type":"Feature","properties":{"t":"sch","sid":"s714","name":"Modlnica Szkoła","imp":0.07,"d":3407},"geometry":{"type":"Point","coordinates":[19.877454,50.101448]}},{"type":"Feature","properties":{"t":"vec","sid":"s715","d":3798},"geometry":{"type":"LineString","coordinates":[[19.855595,50.13354],[19.876424,50.102109]]}},{"type":"Feature","properties":{"t":"gps","sid":"s715"},"geometry":{"type":"Point","coordinates":[19.855595,50.13354]}},{"type":"Feature","properties":{"t":"sch","sid":"s715","name":"Modlnica Kościelna","imp":0.07,"d":3798},"geometry":{"type":"Point","coordinates":[19.876424,50.102109]}},{"type":"Feature","properties":{"t":"vec","sid":"s716","d":4093},"geometry":{"type":"LineString","coordinates":[[19.84841,50.13525],[19.875394,50.10277]]}},{"type":"Feature","properties":{"t":"gps","sid":"s716"},"geometry":{"type":"Point","coordinates":[19.84841,50.13525]}},{"type":"Feature","properties":{"t":"sch","sid":"s716","name":"Tomaszowice Zacisze","imp":0.07,"d":4093},"geometry":{"type":"Point","coordinates":[19.875394,50.10277]}},{"type":"Feature","properties":{"t":"vec","sid":"s717","d":4149},"geometry":{"type":"LineString","coordinates":[[19.84188,50.13438],[19.874365,50.103431]]}},{"type":"Feature","properties":{"t":"gps","sid":"s717"},"geometry":{"type":"Point","coordinates":[19.84188,50.13438]}},{"type":"Feature","properties":{"t":"sch","sid":"s717","name":"Tomaszowice Dwór","imp":0.07,"d":4149},"geometry":{"type":"Point","coordinates":[19.874365,50.103431]}},{"type":"Feature","properties":{"t":"vec","sid":"s718","d":3497},"geometry":{"type":"LineString","coordinates":[[19.807105,50.029545],[19.853619,50.03944]]}},{"type":"Feature","properties":{"t":"gps","sid":"s718"},"geometry":{"type":"Point","coordinates":[19.807105,50.029545]}},{"type":"Feature","properties":{"t":"sch","sid":"s718","name":"Piekary Na Brzegu","imp":0.07,"d":3497},"geometry":{"type":"Point","coordinates":[19.853619,50.03944]}},{"type":"Feature","properties":{"t":"vec","sid":"s719","d":3718},"geometry":{"type":"LineString","coordinates":[[19.801035,50.029065],[19.851265,50.037929]]}},{"type":"Feature","properties":{"t":"gps","sid":"s719"},"geometry":{"type":"Point","coordinates":[19.801035,50.029065]}},{"type":"Feature","properties":{"t":"sch","sid":"s719","name":"Piekary Korea","imp":0.07,"d":3718},"geometry":{"type":"Point","coordinates":[19.851265,50.037929]}},{"type":"Feature","properties":{"t":"vec","sid":"s720","d":3847},"geometry":{"type":"LineString","coordinates":[[19.795687,50.023467],[19.846557,50.034907]]}},{"type":"Feature","properties":{"t":"gps","sid":"s720"},"geometry":{"type":"Point","coordinates":[19.795687,50.023467]}},{"type":"Feature","properties":{"t":"sch","sid":"s720","name":"Piekary Centrum","imp":0.106,"d":3847},"geometry":{"type":"Point","coordinates":[19.846557,50.034907]}},{"type":"Feature","properties":{"t":"vec","sid":"s721","d":4299},"geometry":{"type":"LineString","coordinates":[[19.786695,50.02847],[19.845267,50.037498]]}},{"type":"Feature","properties":{"t":"gps","sid":"s721"},"geometry":{"type":"Point","coordinates":[19.786695,50.02847]}},{"type":"Feature","properties":{"t":"sch","sid":"s721","name":"Piekary Borki","imp":0.07,"d":4299},"geometry":{"type":"Point","coordinates":[19.845267,50.037498]}},{"type":"Feature","properties":{"t":"vec","sid":"s722","d":4719},"geometry":{"type":"LineString","coordinates":[[19.77359,50.034605],[19.838803,50.041646]]}},{"type":"Feature","properties":{"t":"gps","sid":"s722"},"geometry":{"type":"Point","coordinates":[19.77359,50.034605]}},{"type":"Feature","properties":{"t":"sch","sid":"s722","name":"Liszki Tyniecka","imp":0.07,"d":4719},"geometry":{"type":"Point","coordinates":[19.838803,50.041646]}},{"type":"Feature","properties":{"t":"vec","sid":"s723","d":4850},"geometry":{"type":"LineString","coordinates":[[19.768073,50.038633],[19.835571,50.04372]]}},{"type":"Feature","properties":{"t":"gps","sid":"s723"},"geometry":{"type":"Point","coordinates":[19.768073,50.038633]}},{"type":"Feature","properties":{"t":"sch","sid":"s723","name":"Liszki Urząd Gminy","imp":0.157,"d":4850},"geometry":{"type":"Point","coordinates":[19.835571,50.04372]}},{"type":"Feature","properties":{"t":"vec","sid":"s724","d":5283},"geometry":{"type":"LineString","coordinates":[[19.893465,49.937875],[19.912472,49.98379]]}},{"type":"Feature","properties":{"t":"gps","sid":"s724"},"geometry":{"type":"Point","coordinates":[19.893465,49.937875]}},{"type":"Feature","properties":{"t":"sch","sid":"s724","name":"Mogilany Cicha","imp":0.122,"d":5283},"geometry":{"type":"Point","coordinates":[19.912472,49.98379]}},{"type":"Feature","properties":{"t":"vec","sid":"s725","d":5261},"geometry":{"type":"LineString","coordinates":[[19.768938,50.015385],[19.838317,50.031382]]}},{"type":"Feature","properties":{"t":"gps","sid":"s725"},"geometry":{"type":"Point","coordinates":[19.768938,50.015385]}},{"type":"Feature","properties":{"t":"sch","sid":"s725","name":"Rączna Kapliczka","imp":0.09,"d":5261},"geometry":{"type":"Point","coordinates":[19.838317,50.031382]}},{"type":"Feature","properties":{"t":"vec","sid":"s726","d":4991},"geometry":{"type":"LineString","coordinates":[[19.775227,50.01623],[19.841064,50.031382]]}},{"type":"Feature","properties":{"t":"gps","sid":"s726"},"geometry":{"type":"Point","coordinates":[19.775227,50.01623]}},{"type":"Feature","properties":{"t":"sch","sid":"s726","name":"Rączna Gołębiec","imp":0.106,"d":4991},"geometry":{"type":"Point","coordinates":[19.841064,50.031382]}},{"type":"Feature","properties":{"t":"vec","sid":"s727","d":5312},"geometry":{"type":"LineString","coordinates":[[19.77529,50.01121],[19.844104,50.02943]]}},{"type":"Feature","properties":{"t":"gps","sid":"s727"},"geometry":{"type":"Point","coordinates":[19.77529,50.01121]}},{"type":"Feature","properties":{"t":"sch","sid":"s727","name":"Rączna Bażanty","imp":0.086,"d":5312},"geometry":{"type":"Point","coordinates":[19.844104,50.02943]}},{"type":"Feature","properties":{"t":"vec","sid":"s728","d":5377},"geometry":{"type":"LineString","coordinates":[[19.778925,50.006005],[19.846557,50.027322]]}},{"type":"Feature","properties":{"t":"gps","sid":"s728"},"geometry":{"type":"Point","coordinates":[19.778925,50.006005]}},{"type":"Feature","properties":{"t":"sch","sid":"s728","name":"Ściejowice Remiza","imp":0.086,"d":5377},"geometry":{"type":"Point","coordinates":[19.846557,50.027322]}},{"type":"Feature","properties":{"t":"vec","sid":"s729","d":5407},"geometry":{"type":"LineString","coordinates":[[19.77976,49.99885],[19.846557,50.021803]]}},{"type":"Feature","properties":{"t":"gps","sid":"s729"},"geometry":{"type":"Point","coordinates":[19.77976,49.99885]}},{"type":"Feature","properties":{"t":"sch","sid":"s729","name":"Ściejowice Kościel","imp":0.086,"d":5407},"geometry":{"type":"Point","coordinates":[19.846557,50.021803]}},{"type":"Feature","properties":{"t":"vec","sid":"s730","d":5515},"geometry":{"type":"LineString","coordinates":[[19.76749,50.00802],[19.838317,50.027856]]}},{"type":"Feature","properties":{"t":"gps","sid":"s730"},"geometry":{"type":"Point","coordinates":[19.76749,50.00802]}},{"type":"Feature","properties":{"t":"sch","sid":"s730","name":"Rączna Remiza","imp":0.09,"d":5515},"geometry":{"type":"Point","coordinates":[19.838317,50.027856]}},{"type":"Feature","properties":{"t":"vec","sid":"s731","d":5610},"geometry":{"type":"LineString","coordinates":[[19.76647,50.00385],[19.838317,50.024331]]}},{"type":"Feature","properties":{"t":"gps","sid":"s731"},"geometry":{"type":"Point","coordinates":[19.76647,50.00385]}},{"type":"Feature","properties":{"t":"sch","sid":"s731","name":"Rączna Cracovia Centrum Treningowe","imp":0.09,"d":5610},"geometry":{"type":"Point","coordinates":[19.838317,50.024331]}},{"type":"Feature","properties":{"t":"vec","sid":"s732","d":5745},"geometry":{"type":"LineString","coordinates":[[19.776363,49.99374],[19.846557,50.019043]]}},{"type":"Feature","properties":{"t":"gps","sid":"s732"},"geometry":{"type":"Point","coordinates":[19.776363,49.99374]}},{"type":"Feature","properties":{"t":"sch","sid":"s732","name":"Jeziorzany Rondo","imp":0.122,"d":5745},"geometry":{"type":"Point","coordinates":[19.846557,50.019043]}},{"type":"Feature","properties":{"t":"vec","sid":"s733","d":5810},"geometry":{"type":"LineString","coordinates":[[19.77837,49.986975],[19.846557,50.015518]]}},{"type":"Feature","properties":{"t":"gps","sid":"s733"},"geometry":{"type":"Point","coordinates":[19.77837,49.986975]}},{"type":"Feature","properties":{"t":"sch","sid":"s733","name":"Jeziorzany Pętla","imp":0.158,"d":5810},"geometry":{"type":"Point","coordinates":[19.846557,50.015518]}},{"type":"Feature","properties":{"t":"vec","sid":"s734","d":3417},"geometry":{"type":"LineString","coordinates":[[19.79625,50.043675],[19.84381,50.047246]]}},{"type":"Feature","properties":{"t":"gps","sid":"s734"},"geometry":{"type":"Point","coordinates":[19.79625,50.043675]}},{"type":"Feature","properties":{"t":"sch","sid":"s734","name":"Kryspinów Rondo","imp":0.173,"d":3417},"geometry":{"type":"Point","coordinates":[19.84381,50.047246]}},{"type":"Feature","properties":{"t":"vec","sid":"s735","d":3470},"geometry":{"type":"LineString","coordinates":[[19.7983,50.04166],[19.846557,50.045483]]}},{"type":"Feature","properties":{"t":"gps","sid":"s735"},"geometry":{"type":"Point","coordinates":[19.7983,50.04166]}},{"type":"Feature","properties":{"t":"sch","sid":"s735","name":"Kryspinów Rondo","imp":0.173,"d":3470},"geometry":{"type":"Point","coordinates":[19.846557,50.045483]}},{"type":"Feature","properties":{"t":"vec","sid":"s736","d":3625},"geometry":{"type":"LineString","coordinates":[[19.78778,50.042185],[19.838317,50.045483]]}},{"type":"Feature","properties":{"t":"gps","sid":"s736"},"geometry":{"type":"Point","coordinates":[19.78778,50.042185]}},{"type":"Feature","properties":{"t":"sch","sid":"s736","name":"Kryspinów Sanka","imp":0.122,"d":3625},"geometry":{"type":"Point","coordinates":[19.838317,50.045483]}},{"type":"Feature","properties":{"t":"vec","sid":"s737","d":4556},"geometry":{"type":"LineString","coordinates":[[19.773725,50.0389],[19.836944,50.044602]]}},{"type":"Feature","properties":{"t":"gps","sid":"s737"},"geometry":{"type":"Point","coordinates":[19.773725,50.0389]}},{"type":"Feature","properties":{"t":"sch","sid":"s737","name":"Liszki Mazurowa","imp":0.102,"d":4556},"geometry":{"type":"Point","coordinates":[19.836944,50.044602]}},{"type":"Feature","properties":{"t":"vec","sid":"s738","d":5369},"geometry":{"type":"LineString","coordinates":[[19.75837,50.035015],[19.832825,50.041958]]}},{"type":"Feature","properties":{"t":"gps","sid":"s738"},"geometry":{"type":"Point","coordinates":[19.75837,50.035015]}},{"type":"Feature","properties":{"t":"sch","sid":"s738","name":"Liszki Rondo","imp":0.106,"d":5369},"geometry":{"type":"Point","coordinates":[19.832825,50.041958]}},{"type":"Feature","properties":{"t":"vec","sid":"s739","d":5631},"geometry":{"type":"LineString","coordinates":[[19.749285,50.030975],[19.827332,50.038432]]}},{"type":"Feature","properties":{"t":"gps","sid":"s739"},"geometry":{"type":"Point","coordinates":[19.749285,50.030975]}},{"type":"Feature","properties":{"t":"sch","sid":"s739","name":"Liszki Wołowska Droga","imp":0.09,"d":5631},"geometry":{"type":"Point","coordinates":[19.827332,50.038432]}},{"type":"Feature","properties":{"t":"vec","sid":"s740","d":6375},"geometry":{"type":"LineString","coordinates":[[19.73623,50.025145],[19.823882,50.036219]]}},{"type":"Feature","properties":{"t":"gps","sid":"s740"},"geometry":{"type":"Point","coordinates":[19.73623,50.025145]}},{"type":"Feature","properties":{"t":"sch","sid":"s740","name":"Kaszów Wielka Droga","imp":0.054,"d":6375},"geometry":{"type":"Point","coordinates":[19.823882,50.036219]}},{"type":"Feature","properties":{"t":"vec","sid":"s741","d":6675},"geometry":{"type":"LineString","coordinates":[[19.728845,50.021825],[19.820433,50.034005]]}},{"type":"Feature","properties":{"t":"gps","sid":"s741"},"geometry":{"type":"Point","coordinates":[19.728845,50.021825]}},{"type":"Feature","properties":{"t":"sch","sid":"s741","name":"Kaszów Szkoła nr 2","imp":0.054,"d":6675},"geometry":{"type":"Point","coordinates":[19.820433,50.034005]}},{"type":"Feature","properties":{"t":"vec","sid":"s742","d":7234},"geometry":{"type":"LineString","coordinates":[[19.71876,50.015715],[19.816984,50.031791]]}},{"type":"Feature","properties":{"t":"gps","sid":"s742"},"geometry":{"type":"Point","coordinates":[19.71876,50.015715]}},{"type":"Feature","properties":{"t":"sch","sid":"s742","name":"Kaszów Wyźrał","imp":0.054,"d":7234},"geometry":{"type":"Point","coordinates":[19.816984,50.031791]}},{"type":"Feature","properties":{"t":"vec","sid":"s743","d":8570},"geometry":{"type":"LineString","coordinates":[[19.70248,50.004355],[19.816346,50.02883]]}},{"type":"Feature","properties":{"t":"gps","sid":"s743"},"geometry":{"type":"Point","coordinates":[19.70248,50.004355]}},{"type":"Feature","properties":{"t":"sch","sid":"s743","name":"Zagacie Witkówki","imp":0.054,"d":8570},"geometry":{"type":"Point","coordinates":[19.816346,50.02883]}},{"type":"Feature","properties":{"t":"vec","sid":"s744","d":9034},"geometry":{"type":"LineString","coordinates":[[19.69641,49.99972],[19.816346,50.025699]]}},{"type":"Feature","properties":{"t":"gps","sid":"s744"},"geometry":{"type":"Point","coordinates":[19.69641,49.99972]}},{"type":"Feature","properties":{"t":"sch","sid":"s744","name":"Zagacie Górka","imp":0.054,"d":9034},"geometry":{"type":"Point","coordinates":[19.816346,50.025699]}},{"type":"Feature","properties":{"t":"vec","sid":"s745","d":10470},"geometry":{"type":"LineString","coordinates":[[19.67657,49.98716],[19.813599,50.020806]]}},{"type":"Feature","properties":{"t":"gps","sid":"s745"},"geometry":{"type":"Point","coordinates":[19.67657,49.98716]}},{"type":"Feature","properties":{"t":"sch","sid":"s745","name":"Czernichów Rynek","imp":0.134,"d":10470},"geometry":{"type":"Point","coordinates":[19.813599,50.020806]}},{"type":"Feature","properties":{"t":"vec","sid":"s746","d":6108},"geometry":{"type":"LineString","coordinates":[[19.74429,50.03742],[19.829542,50.042302]]}},{"type":"Feature","properties":{"t":"gps","sid":"s746"},"geometry":{"type":"Point","coordinates":[19.74429,50.03742]}},{"type":"Feature","properties":{"t":"sch","sid":"s746","name":"Kaszów Łysa Góra","imp":0.054,"d":6108},"geometry":{"type":"Point","coordinates":[19.829542,50.042302]}},{"type":"Feature","properties":{"t":"vec","sid":"s747","d":6698},"geometry":{"type":"LineString","coordinates":[[19.73345,50.0396],[19.827063,50.043892]]}},{"type":"Feature","properties":{"t":"gps","sid":"s747"},"geometry":{"type":"Point","coordinates":[19.73345,50.0396]}},{"type":"Feature","properties":{"t":"sch","sid":"s747","name":"Kaszów Tyrałówka","imp":0.054,"d":6698},"geometry":{"type":"Point","coordinates":[19.827063,50.043892]}},{"type":"Feature","properties":{"t":"vec","sid":"s748","d":7099},"geometry":{"type":"LineString","coordinates":[[19.725585,50.0393],[19.824585,50.045483]]}},{"type":"Feature","properties":{"t":"gps","sid":"s748"},"geometry":{"type":"Point","coordinates":[19.725585,50.0393]}},{"type":"Feature","properties":{"t":"sch","sid":"s748","name":"Kaszów Remiza","imp":0.094,"d":7099},"geometry":{"type":"Point","coordinates":[19.824585,50.045483]}},{"type":"Feature","properties":{"t":"vec","sid":"s749","d":7086},"geometry":{"type":"LineString","coordinates":[[19.720335,50.038895],[19.819092,50.045483]]}},{"type":"Feature","properties":{"t":"gps","sid":"s749"},"geometry":{"type":"Point","coordinates":[19.720335,50.038895]}},{"type":"Feature","properties":{"t":"sch","sid":"s749","name":"Kaszów Krzyżówka do Nowej Wsi Szlacheckiej","imp":0.09,"d":7086},"geometry":{"type":"Point","coordinates":[19.819092,50.045483]}},{"type":"Feature","properties":{"t":"vec","sid":"s750","d":7758},"geometry":{"type":"LineString","coordinates":[[19.711075,50.03392],[19.819092,50.04178]]}},{"type":"Feature","properties":{"t":"gps","sid":"s750"},"geometry":{"type":"Point","coordinates":[19.711075,50.03392]}},{"type":"Feature","properties":{"t":"sch","sid":"s750","name":"Nowa Wieś Szlachecka Kapliczka","imp":0.054,"d":7758},"geometry":{"type":"Point","coordinates":[19.819092,50.04178]}},{"type":"Feature","properties":{"t":"vec","sid":"s751","d":8252},"geometry":{"type":"LineString","coordinates":[[19.704335,50.03082],[19.819092,50.039928]]}},{"type":"Feature","properties":{"t":"gps","sid":"s751"},"geometry":{"type":"Point","coordinates":[19.704335,50.03082]}},{"type":"Feature","properties":{"t":"sch","sid":"s751","name":"Nowa Wieś Szlachecka Sklep","imp":0.054,"d":8252},"geometry":{"type":"Point","coordinates":[19.819092,50.039928]}},{"type":"Feature","properties":{"t":"vec","sid":"s752","d":8757},"geometry":{"type":"LineString","coordinates":[[19.697535,50.027305],[19.819092,50.038076]]}},{"type":"Feature","properties":{"t":"gps","sid":"s752"},"geometry":{"type":"Point","coordinates":[19.697535,50.027305]}},{"type":"Feature","properties":{"t":"sch","sid":"s752","name":"Nowa Wieś Szlachecka Kościół","imp":0.054,"d":8757},"geometry":{"type":"Point","coordinates":[19.819092,50.038076]}},{"type":"Feature","properties":{"t":"vec","sid":"s753","d":9289},"geometry":{"type":"LineString","coordinates":[[19.68995,50.02582],[19.819092,50.036224]]}},{"type":"Feature","properties":{"t":"gps","sid":"s753"},"geometry":{"type":"Point","coordinates":[19.68995,50.02582]}},{"type":"Feature","properties":{"t":"sch","sid":"s753","name":"Nowa Wieś Szlachecka Pętla","imp":0.054,"d":9289},"geometry":{"type":"Point","coordinates":[19.819092,50.036224]}},{"type":"Feature","properties":{"t":"vec","sid":"s754","d":3158},"geometry":{"type":"LineString","coordinates":[[19.791585,50.047635],[19.835571,50.050771]]}},{"type":"Feature","properties":{"t":"gps","sid":"s754"},"geometry":{"type":"Point","coordinates":[19.791585,50.047635]}},{"type":"Feature","properties":{"t":"sch","sid":"s754","name":"Budzyń Plaża Główna","imp":0.074,"d":3158},"geometry":{"type":"Point","coordinates":[19.835571,50.050771]}},{"type":"Feature","properties":{"t":"vec","sid":"s755","d":3597},"geometry":{"type":"LineString","coordinates":[[19.7836,50.05232],[19.834002,50.051778]]}},{"type":"Feature","properties":{"t":"gps","sid":"s755"},"geometry":{"type":"Point","coordinates":[19.7836,50.05232]}},{"type":"Feature","properties":{"t":"sch","sid":"s755","name":"Cholerzyn Chałupki","imp":0.054,"d":3597},"geometry":{"type":"Point","coordinates":[19.834002,50.051778]}},{"type":"Feature","properties":{"t":"vec","sid":"s756","d":4145},"geometry":{"type":"LineString","coordinates":[[19.775,50.05837],[19.832432,50.052786]]}},{"type":"Feature","properties":{"t":"gps","sid":"s756"},"geometry":{"type":"Point","coordinates":[19.775,50.05837]}},{"type":"Feature","properties":{"t":"sch","sid":"s756","name":"Cholerzyn Skwer","imp":0.054,"d":4145},"geometry":{"type":"Point","coordinates":[19.832432,50.052786]}},{"type":"Feature","properties":{"t":"vec","sid":"s757","d":4461},"geometry":{"type":"LineString","coordinates":[[19.768925,50.059185],[19.830863,50.053793]]}},{"type":"Feature","properties":{"t":"gps","sid":"s757"},"geometry":{"type":"Point","coordinates":[19.768925,50.059185]}},{"type":"Feature","properties":{"t":"sch","sid":"s757","name":"Cholerzyn Sklep","imp":0.054,"d":4461},"geometry":{"type":"Point","coordinates":[19.830863,50.053793]}},{"type":"Feature","properties":{"t":"vec","sid":"s758","d":4817},"geometry":{"type":"LineString","coordinates":[[19.761975,50.057925],[19.829293,50.0548]]}},{"type":"Feature","properties":{"t":"gps","sid":"s758"},"geometry":{"type":"Point","coordinates":[19.761975,50.057925]}},{"type":"Feature","properties":{"t":"sch","sid":"s758","name":"Cholerzyn Skrzyżowanie","imp":0.054,"d":4817},"geometry":{"type":"Point","coordinates":[19.829293,50.0548]}},{"type":"Feature","properties":{"t":"vec","sid":"s759","d":5251},"geometry":{"type":"LineString","coordinates":[[19.754255,50.05836],[19.827724,50.055807]]}},{"type":"Feature","properties":{"t":"gps","sid":"s759"},"geometry":{"type":"Point","coordinates":[19.754255,50.05836]}},{"type":"Feature","properties":{"t":"sch","sid":"s759","name":"Cholerzyn Zagórze","imp":0.054,"d":5251},"geometry":{"type":"Point","coordinates":[19.827724,50.055807]}},{"type":"Feature","properties":{"t":"vec","sid":"s760","d":5988},"geometry":{"type":"LineString","coordinates":[[19.74238,50.059815],[19.826155,50.056814]]}},{"type":"Feature","properties":{"t":"gps","sid":"s760"},"geometry":{"type":"Point","coordinates":[19.74238,50.059815]}},{"type":"Feature","properties":{"t":"sch","sid":"s760","name":"Cholerzyn Granica","imp":0.054,"d":5988},"geometry":{"type":"Point","coordinates":[19.826155,50.056814]}},{"type":"Feature","properties":{"t":"vec","sid":"s761","d":6875},"geometry":{"type":"LineString","coordinates":[[19.72833,50.06029],[19.824585,50.057822]]}},{"type":"Feature","properties":{"t":"gps","sid":"s761"},"geometry":{"type":"Point","coordinates":[19.72833,50.06029]}},{"type":"Feature","properties":{"t":"sch","sid":"s761","name":"Mników Sklep","imp":0.09,"d":6875},"geometry":{"type":"Point","coordinates":[19.824585,50.057822]}},{"type":"Feature","properties":{"t":"vec","sid":"s762","d":7123},"geometry":{"type":"LineString","coordinates":[[19.72208,50.059905],[19.821839,50.057822]]}},{"type":"Feature","properties":{"t":"gps","sid":"s762"},"geometry":{"type":"Point","coordinates":[19.72208,50.059905]}},{"type":"Feature","properties":{"t":"sch","sid":"s762","name":"Mników Remiza","imp":0.09,"d":7123},"geometry":{"type":"Point","coordinates":[19.821839,50.057822]}},{"type":"Feature","properties":{"t":"vec","sid":"s763","d":7654},"geometry":{"type":"LineString","coordinates":[[19.711865,50.05945],[19.819092,50.057822]]}},{"type":"Feature","properties":{"t":"gps","sid":"s763"},"geometry":{"type":"Point","coordinates":[19.711865,50.05945]}},{"type":"Feature","properties":{"t":"sch","sid":"s763","name":"Czułów Granica","imp":0.054,"d":7654},"geometry":{"type":"Point","coordinates":[19.819092,50.057822]}},{"type":"Feature","properties":{"t":"vec","sid":"s764","d":8051},"geometry":{"type":"LineString","coordinates":[[19.70357,50.05967],[19.816346,50.057822]]}},{"type":"Feature","properties":{"t":"gps","sid":"s764"},"geometry":{"type":"Point","coordinates":[19.70357,50.05967]}},{"type":"Feature","properties":{"t":"sch","sid":"s764","name":"Czułów Sklep","imp":0.054,"d":8051},"geometry":{"type":"Point","coordinates":[19.816346,50.057822]}},{"type":"Feature","properties":{"t":"vec","sid":"s765","d":8535},"geometry":{"type":"LineString","coordinates":[[19.694105,50.060985],[19.813599,50.057822]]}},{"type":"Feature","properties":{"t":"gps","sid":"s765"},"geometry":{"type":"Point","coordinates":[19.694105,50.060985]}},{"type":"Feature","properties":{"t":"sch","sid":"s765","name":"Czułów Szkoła","imp":0.078,"d":8535},"geometry":{"type":"Point","coordinates":[19.813599,50.057822]}},{"type":"Feature","properties":{"t":"vec","sid":"s766","d":3383},"geometry":{"type":"LineString","coordinates":[[19.799395,50.049475],[19.846557,50.052534]]}},{"type":"Feature","properties":{"t":"gps","sid":"s766"},"geometry":{"type":"Point","coordinates":[19.799395,50.049475]}},{"type":"Feature","properties":{"t":"sch","sid":"s766","name":"Budzyń Zalew na Piaskach","imp":0.074,"d":3383},"geometry":{"type":"Point","coordinates":[19.846557,50.052534]}},{"type":"Feature","properties":{"t":"vec","sid":"s767","d":6264},"geometry":{"type":"LineString","coordinates":[[19.943765,50.18574],[19.947181,50.129453]]}},{"type":"Feature","properties":{"t":"gps","sid":"s767"},"geometry":{"type":"Point","coordinates":[19.943765,50.18574]}},{"type":"Feature","properties":{"t":"sch","sid":"s767","name":"Narama Księża","imp":0.054,"d":6264},"geometry":{"type":"Point","coordinates":[19.947181,50.129453]}},{"type":"Feature","properties":{"t":"vec","sid":"s768","d":3093},"geometry":{"type":"LineString","coordinates":[[19.80137,50.06874],[19.84381,50.06311]]}},{"type":"Feature","properties":{"t":"gps","sid":"s768"},"geometry":{"type":"Point","coordinates":[19.80137,50.06874]}},{"type":"Feature","properties":{"t":"sch","sid":"s768","name":"Balice Medweckiego","imp":0.09,"d":3093},"geometry":{"type":"Point","coordinates":[19.84381,50.06311]}},{"type":"Feature","properties":{"t":"vec","sid":"s769","d":2963},"geometry":{"type":"LineString","coordinates":[[19.800135,50.071095],[19.841064,50.066635]]}},{"type":"Feature","properties":{"t":"gps","sid":"s769"},"geometry":{"type":"Point","coordinates":[19.800135,50.071095]}},{"type":"Feature","properties":{"t":"sch","sid":"s769","name":"Kraków Airport","imp":0.173,"d":2963},"geometry":{"type":"Point","coordinates":[19.841064,50.066635]}},{"type":"Feature","properties":{"t":"vec","sid":"s770","d":2666},"geometry":{"type":"LineString","coordinates":[[19.80812,50.07662],[19.844213,50.070419]]}},{"type":"Feature","properties":{"t":"gps","sid":"s770"},"geometry":{"type":"Point","coordinates":[19.80812,50.07662]}},{"type":"Feature","properties":{"t":"sch","sid":"s770","name":"Balice Na Lotnisko","imp":0.054,"d":2666},"geometry":{"type":"Point","coordinates":[19.844213,50.070419]}},{"type":"Feature","properties":{"t":"vec","sid":"s771","d":3343},"geometry":{"type":"LineString","coordinates":[[19.80565,50.0846],[19.849303,50.073686]]}},{"type":"Feature","properties":{"t":"gps","sid":"s771"},"geometry":{"type":"Point","coordinates":[19.80565,50.0846]}},{"type":"Feature","properties":{"t":"sch","sid":"s771","name":"Balice Autostrada","imp":0.154,"d":3343},"geometry":{"type":"Point","coordinates":[19.849303,50.073686]}},{"type":"Feature","properties":{"t":"vec","sid":"s772","d":4060},"geometry":{"type":"LineString","coordinates":[[19.79212,50.08428],[19.846557,50.073686]]}},{"type":"Feature","properties":{"t":"gps","sid":"s772"},"geometry":{"type":"Point","coordinates":[19.79212,50.08428]}},{"type":"Feature","properties":{"t":"sch","sid":"s772","name":"Balice Szkoła","imp":0.173,"d":4060},"geometry":{"type":"Point","coordinates":[19.846557,50.073686]}},{"type":"Feature","properties":{"t":"vec","sid":"s773","d":4075},"geometry":{"type":"LineString","coordinates":[[19.78895,50.08386],[19.84381,50.073686]]}},{"type":"Feature","properties":{"t":"gps","sid":"s773"},"geometry":{"type":"Point","coordinates":[19.78895,50.08386]}},{"type":"Feature","properties":{"t":"sch","sid":"s773","name":"Balice Instytut Zootechniki","imp":0.102,"d":4075},"geometry":{"type":"Point","coordinates":[19.84381,50.073686]}},{"type":"Feature","properties":{"t":"vec","sid":"s774","d":4518},"geometry":{"type":"LineString","coordinates":[[19.776665,50.082605],[19.838435,50.073686]]}},{"type":"Feature","properties":{"t":"gps","sid":"s774"},"geometry":{"type":"Point","coordinates":[19.776665,50.082605]}},{"type":"Feature","properties":{"t":"sch","sid":"s774","name":"Balice Winna Góra","imp":0.102,"d":4518},"geometry":{"type":"Point","coordinates":[19.838435,50.073686]}},{"type":"Feature","properties":{"t":"vec","sid":"s775","d":4910},"geometry":{"type":"LineString","coordinates":[[19.76921,50.081635],[19.836542,50.072546]]}},{"type":"Feature","properties":{"t":"gps","sid":"s775"},"geometry":{"type":"Point","coordinates":[19.76921,50.081635]}},{"type":"Feature","properties":{"t":"sch","sid":"s775","name":"Aleksandrowice Osiedle","imp":0.102,"d":4910},"geometry":{"type":"Point","coordinates":[19.836542,50.072546]}},{"type":"Feature","properties":{"t":"vec","sid":"s776","d":5161},"geometry":{"type":"LineString","coordinates":[[19.76401,50.081215],[19.834683,50.071353]]}},{"type":"Feature","properties":{"t":"gps","sid":"s776"},"geometry":{"type":"Point","coordinates":[19.76401,50.081215]}},{"type":"Feature","properties":{"t":"sch","sid":"s776","name":"Aleksandrowice Centrum","imp":0.102,"d":5161},"geometry":{"type":"Point","coordinates":[19.834683,50.071353]}},{"type":"Feature","properties":{"t":"vec","sid":"s777","d":5629},"geometry":{"type":"LineString","coordinates":[[19.75554,50.08026],[19.832825,50.07016]]}},{"type":"Feature","properties":{"t":"gps","sid":"s777"},"geometry":{"type":"Point","coordinates":[19.75554,50.08026]}},{"type":"Feature","properties":{"t":"sch","sid":"s777","name":"Morawica Szkoła","imp":0.122,"d":5629},"geometry":{"type":"Point","coordinates":[19.832825,50.07016]}},{"type":"Feature","properties":{"t":"vec","sid":"s778","d":5852},"geometry":{"type":"LineString","coordinates":[[19.749723,50.08066],[19.830078,50.07016]]}},{"type":"Feature","properties":{"t":"gps","sid":"s778"},"geometry":{"type":"Point","coordinates":[19.749723,50.08066]}},{"type":"Feature","properties":{"t":"sch","sid":"s778","name":"Morawica Krzyżówka","imp":0.09,"d":5852},"geometry":{"type":"Point","coordinates":[19.830078,50.07016]}},{"type":"Feature","properties":{"t":"vec","sid":"s779","d":5898},"geometry":{"type":"LineString","coordinates":[[19.752195,50.074765],[19.832825,50.06311]]}},{"type":"Feature","properties":{"t":"gps","sid":"s779"},"geometry":{"type":"Point","coordinates":[19.752195,50.074765]}},{"type":"Feature","properties":{"t":"sch","sid":"s779","name":"Morawica Centrum","imp":0.094,"d":5898},"geometry":{"type":"Point","coordinates":[19.832825,50.06311]}},{"type":"Feature","properties":{"t":"vec","sid":"s780","d":6507},"geometry":{"type":"LineString","coordinates":[[19.73884,50.082755],[19.827881,50.07016]]}},{"type":"Feature","properties":{"t":"gps","sid":"s780"},"geometry":{"type":"Point","coordinates":[19.73884,50.082755]}},{"type":"Feature","properties":{"t":"sch","sid":"s780","name":"Morawica Mostek","imp":0.054,"d":6507},"geometry":{"type":"Point","coordinates":[19.827881,50.07016]}},{"type":"Feature","properties":{"t":"vec","sid":"s781","d":6922},"geometry":{"type":"LineString","coordinates":[[19.729815,50.079625],[19.825684,50.07016]]}},{"type":"Feature","properties":{"t":"gps","sid":"s781"},"geometry":{"type":"Point","coordinates":[19.729815,50.079625]}},{"type":"Feature","properties":{"t":"sch","sid":"s781","name":"Chrosna Kapliczka","imp":0.054,"d":6922},"geometry":{"type":"Point","coordinates":[19.825684,50.07016]}},{"type":"Feature","properties":{"t":"vec","sid":"s782","d":7382},"geometry":{"type":"LineString","coordinates":[[19.72111,50.079625],[19.823487,50.07016]]}},{"type":"Feature","properties":{"t":"gps","sid":"s782"},"geometry":{"type":"Point","coordinates":[19.72111,50.079625]}},{"type":"Feature","properties":{"t":"sch","sid":"s782","name":"Chrosna Sklep","imp":0.054,"d":7382},"geometry":{"type":"Point","coordinates":[19.823487,50.07016]}},{"type":"Feature","properties":{"t":"vec","sid":"s783","d":7606},"geometry":{"type":"LineString","coordinates":[[19.71614,50.081345],[19.821289,50.07016]]}},{"type":"Feature","properties":{"t":"gps","sid":"s783"},"geometry":{"type":"Point","coordinates":[19.71614,50.081345]}},{"type":"Feature","properties":{"t":"sch","sid":"s783","name":"Chrosna Studnia","imp":0.054,"d":7606},"geometry":{"type":"Point","coordinates":[19.821289,50.07016]}},{"type":"Feature","properties":{"t":"vec","sid":"s784","d":7931},"geometry":{"type":"LineString","coordinates":[[19.70956,50.0822],[19.819092,50.07016]]}},{"type":"Feature","properties":{"t":"gps","sid":"s784"},"geometry":{"type":"Point","coordinates":[19.70956,50.0822]}},{"type":"Feature","properties":{"t":"sch","sid":"s784","name":"Chrosna Pętla","imp":0.059,"d":7931},"geometry":{"type":"Point","coordinates":[19.819092,50.07016]}},{"type":"Feature","properties":{"t":"vec","sid":"s785","d":7148},"geometry":{"type":"LineString","coordinates":[[19.734905,50.09061],[19.830585,50.071597]]}},{"type":"Feature","properties":{"t":"gps","sid":"s785"},"geometry":{"type":"Point","coordinates":[19.734905,50.09061]}},{"type":"Feature","properties":{"t":"sch","sid":"s785","name":"Brzoskwinia Koziary","imp":0.07,"d":7148},"geometry":{"type":"Point","coordinates":[19.830585,50.071597]}},{"type":"Feature","properties":{"t":"vec","sid":"s786","d":8029},"geometry":{"type":"LineString","coordinates":[[19.718505,50.09557],[19.826107,50.074472]]}},{"type":"Feature","properties":{"t":"gps","sid":"s786"},"geometry":{"type":"Point","coordinates":[19.718505,50.09557]}},{"type":"Feature","properties":{"t":"sch","sid":"s786","name":"Brzoskwinia Remiza","imp":0.07,"d":8029},"geometry":{"type":"Point","coordinates":[19.826107,50.074472]}},{"type":"Feature","properties":{"t":"vec","sid":"s787","d":8344},"geometry":{"type":"LineString","coordinates":[[19.710105,50.093245],[19.823868,50.075909]]}},{"type":"Feature","properties":{"t":"gps","sid":"s787"},"geometry":{"type":"Point","coordinates":[19.710105,50.093245]}},{"type":"Feature","properties":{"t":"sch","sid":"s787","name":"Brzoskwinia Kamyk","imp":0.07,"d":8344},"geometry":{"type":"Point","coordinates":[19.823868,50.075909]}},{"type":"Feature","properties":{"t":"vec","sid":"s788","d":8585},"geometry":{"type":"LineString","coordinates":[[19.70291,50.089835],[19.821629,50.077346]]}},{"type":"Feature","properties":{"t":"gps","sid":"s788"},"geometry":{"type":"Point","coordinates":[19.70291,50.089835]}},{"type":"Feature","properties":{"t":"sch","sid":"s788","name":"Brzoskwinia Pętla","imp":0.07,"d":8585},"geometry":{"type":"Point","coordinates":[19.821629,50.077346]}},{"type":"Feature","properties":{"t":"vec","sid":"s789","d":2901},"geometry":{"type":"LineString","coordinates":[[19.818515,50.08792],[19.856169,50.078092]]}},{"type":"Feature","properties":{"t":"gps","sid":"s789"},"geometry":{"type":"Point","coordinates":[19.818515,50.08792]}},{"type":"Feature","properties":{"t":"sch","sid":"s789","name":"Szczyglice Most","imp":0.07,"d":2901},"geometry":{"type":"Point","coordinates":[19.856169,50.078092]}},{"type":"Feature","properties":{"t":"vec","sid":"s790","d":3283},"geometry":{"type":"LineString","coordinates":[[19.815635,50.092925],[19.857543,50.080736]]}},{"type":"Feature","properties":{"t":"gps","sid":"s790"},"geometry":{"type":"Point","coordinates":[19.815635,50.092925]}},{"type":"Feature","properties":{"t":"sch","sid":"s790","name":"Szczyglice Autostrada","imp":0.086,"d":3283},"geometry":{"type":"Point","coordinates":[19.857543,50.080736]}},{"type":"Feature","properties":{"t":"vec","sid":"s791","d":3699},"geometry":{"type":"LineString","coordinates":[[19.80412,50.09339],[19.85205,50.080736]]}},{"type":"Feature","properties":{"t":"gps","sid":"s791"},"geometry":{"type":"Point","coordinates":[19.80412,50.09339]}},{"type":"Feature","properties":{"t":"sch","sid":"s791","name":"Szczyglice Skrzyżowanie","imp":0.122,"d":3699},"geometry":{"type":"Point","coordinates":[19.85205,50.080736]}},{"type":"Feature","properties":{"t":"vec","sid":"s792","d":3268},"geometry":{"type":"LineString","coordinates":[[19.809187,50.0858],[19.85205,50.075448]]}},{"type":"Feature","properties":{"t":"gps","sid":"s792"},"geometry":{"type":"Point","coordinates":[19.809187,50.0858]}},{"type":"Feature","properties":{"t":"sch","sid":"s792","name":"Szczyglice Błonie","imp":0.138,"d":3268},"geometry":{"type":"Point","coordinates":[19.85205,50.075448]}},{"type":"Feature","properties":{"t":"vec","sid":"s793","d":2231},"geometry":{"type":"LineString","coordinates":[[19.855405,50.09959],[19.878442,50.086024]]}},{"type":"Feature","properties":{"t":"gps","sid":"s793"},"geometry":{"type":"Point","coordinates":[19.855405,50.09959]}},{"type":"Feature","properties":{"t":"sch","sid":"s793","name":"Rząska Jednostka Wojskowa","imp":0.102,"d":2231},"geometry":{"type":"Point","coordinates":[19.878442,50.086024]}},{"type":"Feature","properties":{"t":"vec","sid":"s794","d":2316},"geometry":{"type":"LineString","coordinates":[[19.845785,50.09688],[19.873485,50.086024]]}},{"type":"Feature","properties":{"t":"gps","sid":"s794"},"geometry":{"type":"Point","coordinates":[19.845785,50.09688]}},{"type":"Feature","properties":{"t":"sch","sid":"s794","name":"Rząska UR","imp":0.102,"d":2316},"geometry":{"type":"Point","coordinates":[19.873485,50.086024]}},{"type":"Feature","properties":{"t":"vec","sid":"s795","d":2627},"geometry":{"type":"LineString","coordinates":[[19.837705,50.098935],[19.868528,50.086024]]}},{"type":"Feature","properties":{"t":"gps","sid":"s795"},"geometry":{"type":"Point","coordinates":[19.837705,50.098935]}},{"type":"Feature","properties":{"t":"sch","sid":"s795","name":"Rząska Szkoła","imp":0.122,"d":2627},"geometry":{"type":"Point","coordinates":[19.868528,50.086024]}},{"type":"Feature","properties":{"t":"vec","sid":"s796","d":2775},"geometry":{"type":"LineString","coordinates":[[19.83586,50.10549],[19.865782,50.08955]]}},{"type":"Feature","properties":{"t":"gps","sid":"s796"},"geometry":{"type":"Point","coordinates":[19.83586,50.10549]}},{"type":"Feature","properties":{"t":"sch","sid":"s796","name":"Rząska Autostrada","imp":0.122,"d":2775},"geometry":{"type":"Point","coordinates":[19.865782,50.08955]}},{"type":"Feature","properties":{"t":"vec","sid":"s797","d":2879},"geometry":{"type":"LineString","coordinates":[[19.83714,50.107583],[19.868528,50.091312]]}},{"type":"Feature","properties":{"t":"gps","sid":"s797"},"geometry":{"type":"Point","coordinates":[19.83714,50.107583]}},{"type":"Feature","properties":{"t":"sch","sid":"s797","name":"Modlniczka Mała","imp":0.176,"d":2879},"geometry":{"type":"Point","coordinates":[19.868528,50.091312]}},{"type":"Feature","properties":{"t":"vec","sid":"s798","d":3297},"geometry":{"type":"LineString","coordinates":[[19.82607,50.109105],[19.863035,50.091312]]}},{"type":"Feature","properties":{"t":"gps","sid":"s798"},"geometry":{"type":"Point","coordinates":[19.82607,50.109105]}},{"type":"Feature","properties":{"t":"sch","sid":"s798","name":"Zabierzów Rzemieślnicza","imp":0.141,"d":3297},"geometry":{"type":"Point","coordinates":[19.863035,50.091312]}},{"type":"Feature","properties":{"t":"vec","sid":"s799","d":3462},"geometry":{"type":"LineString","coordinates":[[19.81624,50.108443],[19.854796,50.08955]]}},{"type":"Feature","properties":{"t":"gps","sid":"s799"},"geometry":{"type":"Point","coordinates":[19.81624,50.108443]}},{"type":"Feature","properties":{"t":"sch","sid":"s799","name":"Zabierzów Kmity","imp":0.141,"d":3462},"geometry":{"type":"Point","coordinates":[19.854796,50.08955]}},{"type":"Feature","properties":{"t":"vec","sid":"s800","d":3625},"geometry":{"type":"LineString","coordinates":[[19.804945,50.097705],[19.85205,50.085508]]}},{"type":"Feature","properties":{"t":"gps","sid":"s800"},"geometry":{"type":"Point","coordinates":[19.804945,50.097705]}},{"type":"Feature","properties":{"t":"sch","sid":"s800","name":"Szczyglice Skała Kmity","imp":0.054,"d":3625},"geometry":{"type":"Point","coordinates":[19.85205,50.085508]}},{"type":"Feature","properties":{"t":"vec","sid":"s801","d":4103},"geometry":{"type":"LineString","coordinates":[[19.81016,50.11221],[19.857543,50.091312]]}},{"type":"Feature","properties":{"t":"gps","sid":"s801"},"geometry":{"type":"Point","coordinates":[19.81016,50.11221]}},{"type":"Feature","properties":{"t":"sch","sid":"s801","name":"Zabierzów Willowa","imp":0.086,"d":4103},"geometry":{"type":"Point","coordinates":[19.857543,50.091312]}},{"type":"Feature","properties":{"t":"vec","sid":"s802","d":4253},"geometry":{"type":"LineString","coordinates":[[19.802785,50.112835],[19.85205,50.091312]]}},{"type":"Feature","properties":{"t":"gps","sid":"s802"},"geometry":{"type":"Point","coordinates":[19.802785,50.112835]}},{"type":"Feature","properties":{"t":"sch","sid":"s802","name":"Zabierzów Centrum","imp":0.125,"d":4253},"geometry":{"type":"Point","coordinates":[19.85205,50.091312]}},{"type":"Feature","properties":{"t":"vec","sid":"s803","d":4602},"geometry":{"type":"LineString","coordinates":[[19.791725,50.115715],[19.84381,50.091312]]}},{"type":"Feature","properties":{"t":"gps","sid":"s803"},"geometry":{"type":"Point","coordinates":[19.791725,50.115715]}},{"type":"Feature","properties":{"t":"sch","sid":"s803","name":"Zabierzów Kamieniołom","imp":0.09,"d":4602},"geometry":{"type":"Point","coordinates":[19.84381,50.091312]}},{"type":"Feature","properties":{"t":"vec","sid":"s804","d":5115},"geometry":{"type":"LineString","coordinates":[[19.783585,50.11698],[19.841265,50.089679]]}},{"type":"Feature","properties":{"t":"gps","sid":"s804"},"geometry":{"type":"Point","coordinates":[19.783585,50.11698]}},{"type":"Feature","properties":{"t":"sch","sid":"s804","name":"Zabierzów Piaski","imp":0.07,"d":5115},"geometry":{"type":"Point","coordinates":[19.841265,50.089679]}},{"type":"Feature","properties":{"t":"vec","sid":"s805","d":5495},"geometry":{"type":"LineString","coordinates":[[19.776455,50.117115],[19.83872,50.088045]]}},{"type":"Feature","properties":{"t":"gps","sid":"s805"},"geometry":{"type":"Point","coordinates":[19.776455,50.117115]}},{"type":"Feature","properties":{"t":"sch","sid":"s805","name":"Zabierzów Ośrodek Zdrowia","imp":0.07,"d":5495},"geometry":{"type":"Point","coordinates":[19.83872,50.088045]}},{"type":"Feature","properties":{"t":"vec","sid":"s806","d":6206},"geometry":{"type":"LineString","coordinates":[[19.762615,50.116175],[19.836174,50.086412]]}},{"type":"Feature","properties":{"t":"gps","sid":"s806"},"geometry":{"type":"Point","coordinates":[19.762615,50.116175]}},{"type":"Feature","properties":{"t":"sch","sid":"s806","name":"Zabierzów Wrzosowa","imp":0.07,"d":6206},"geometry":{"type":"Point","coordinates":[19.836174,50.086412]}},{"type":"Feature","properties":{"t":"vec","sid":"s807","d":6850},"geometry":{"type":"LineString","coordinates":[[19.74799,50.114845],[19.832825,50.086024]]}},{"type":"Feature","properties":{"t":"gps","sid":"s807"},"geometry":{"type":"Point","coordinates":[19.74799,50.114845]}},{"type":"Feature","properties":{"t":"sch","sid":"s807","name":"Kochanów Centrum","imp":0.106,"d":6850},"geometry":{"type":"Point","coordinates":[19.832825,50.086024]}},{"type":"Feature","properties":{"t":"vec","sid":"s808","d":4472},"geometry":{"type":"LineString","coordinates":[[19.80082,50.118005],[19.85205,50.094838]]}},{"type":"Feature","properties":{"t":"gps","sid":"s808"},"geometry":{"type":"Point","coordinates":[19.80082,50.118005]}},{"type":"Feature","properties":{"t":"sch","sid":"s808","name":"Zabierzów PKP","imp":0.106,"d":4472},"geometry":{"type":"Point","coordinates":[19.85205,50.094838]}},{"type":"Feature","properties":{"t":"vec","sid":"s809","d":4992},"geometry":{"type":"LineString","coordinates":[[19.803765,50.127078],[19.857543,50.098363]]}},{"type":"Feature","properties":{"t":"gps","sid":"s809"},"geometry":{"type":"Point","coordinates":[19.803765,50.127078]}},{"type":"Feature","properties":{"t":"sch","sid":"s809","name":"Bolechowice Zielona","imp":0.176,"d":4992},"geometry":{"type":"Point","coordinates":[19.857543,50.098363]}},{"type":"Feature","properties":{"t":"vec","sid":"s810","d":5614},"geometry":{"type":"LineString","coordinates":[[19.799165,50.13514],[19.857543,50.101301]]}},{"type":"Feature","properties":{"t":"gps","sid":"s810"},"geometry":{"type":"Point","coordinates":[19.799165,50.13514]}},{"type":"Feature","properties":{"t":"sch","sid":"s810","name":"Bolechowice Krzewiny","imp":0.086,"d":5614},"geometry":{"type":"Point","coordinates":[19.857543,50.101301]}},{"type":"Feature","properties":{"t":"vec","sid":"s811","d":6035},"geometry":{"type":"LineString","coordinates":[[19.796915,50.14208],[19.857543,50.104239]]}},{"type":"Feature","properties":{"t":"gps","sid":"s811"},"geometry":{"type":"Point","coordinates":[19.796915,50.14208]}},{"type":"Feature","properties":{"t":"sch","sid":"s811","name":"Bolechowice Drogi","imp":0.086,"d":6035},"geometry":{"type":"Point","coordinates":[19.857543,50.104239]}},{"type":"Feature","properties":{"t":"vec","sid":"s812","d":6439},"geometry":{"type":"LineString","coordinates":[[19.792,50.14697],[19.857543,50.107176]]}},{"type":"Feature","properties":{"t":"gps","sid":"s812"},"geometry":{"type":"Point","coordinates":[19.792,50.14697]}},{"type":"Feature","properties":{"t":"sch","sid":"s812","name":"Bolechowice Centrum","imp":0.106,"d":6439},"geometry":{"type":"Point","coordinates":[19.857543,50.107176]}},{"type":"Feature","properties":{"t":"vec","sid":"s813","d":6637},"geometry":{"type":"LineString","coordinates":[[19.799635,50.15408],[19.85919,50.108234]]}},{"type":"Feature","properties":{"t":"gps","sid":"s813"},"geometry":{"type":"Point","coordinates":[19.799635,50.15408]}},{"type":"Feature","properties":{"t":"sch","sid":"s813","name":"Zelków Wola","imp":0.07,"d":6637},"geometry":{"type":"Point","coordinates":[19.85919,50.108234]}},{"type":"Feature","properties":{"t":"vec","sid":"s814","d":7260},"geometry":{"type":"LineString","coordinates":[[19.79609,50.15965],[19.860838,50.109292]]}},{"type":"Feature","properties":{"t":"gps","sid":"s814"},"geometry":{"type":"Point","coordinates":[19.79609,50.15965]}},{"type":"Feature","properties":{"t":"sch","sid":"s814","name":"Zelków Staw","imp":0.07,"d":7260},"geometry":{"type":"Point","coordinates":[19.860838,50.109292]}},{"type":"Feature","properties":{"t":"vec","sid":"s815","d":7193},"geometry":{"type":"LineString","coordinates":[[19.800205,50.161205],[19.862486,50.110349]]}},{"type":"Feature","properties":{"t":"gps","sid":"s815"},"geometry":{"type":"Point","coordinates":[19.800205,50.161205]}},{"type":"Feature","properties":{"t":"sch","sid":"s815","name":"Zelków Spławy","imp":0.07,"d":7193},"geometry":{"type":"Point","coordinates":[19.862486,50.110349]}},{"type":"Feature","properties":{"t":"vec","sid":"s816","d":6971},"geometry":{"type":"LineString","coordinates":[[19.805465,50.161535],[19.864134,50.111407]]}},{"type":"Feature","properties":{"t":"gps","sid":"s816"},"geometry":{"type":"Point","coordinates":[19.805465,50.161535]}},{"type":"Feature","properties":{"t":"sch","sid":"s816","name":"Zelków Kościuszki","imp":0.07,"d":6971},"geometry":{"type":"Point","coordinates":[19.864134,50.111407]}},{"type":"Feature","properties":{"t":"vec","sid":"s817","d":6682},"geometry":{"type":"LineString","coordinates":[[19.81157,50.16146],[19.865782,50.112464]]}},{"type":"Feature","properties":{"t":"gps","sid":"s817"},"geometry":{"type":"Point","coordinates":[19.81157,50.16146]}},{"type":"Feature","properties":{"t":"sch","sid":"s817","name":"Zelków Pętla","imp":0.099,"d":6682},"geometry":{"type":"Point","coordinates":[19.865782,50.112464]}},{"type":"Feature","properties":{"t":"vec","sid":"s818","d":2400},"geometry":{"type":"LineString","coordinates":[[19.884765,50.12511],[19.900515,50.106037]]}},{"type":"Feature","properties":{"t":"gps","sid":"s818"},"geometry":{"type":"Point","coordinates":[19.884765,50.12511]}},{"type":"Feature","properties":{"t":"sch","sid":"s818","name":"Modlnica Cicha","imp":0.07,"d":2400},"geometry":{"type":"Point","coordinates":[19.900515,50.106037]}},{"type":"Feature","properties":{"t":"vec","sid":"s819","d":2731},"geometry":{"type":"LineString","coordinates":[[19.88053,50.129155],[19.89836,50.10742]]}},{"type":"Feature","properties":{"t":"gps","sid":"s819"},"geometry":{"type":"Point","coordinates":[19.88053,50.129155]}},{"type":"Feature","properties":{"t":"sch","sid":"s819","name":"Giebułtów Osiedle Polana","imp":0.07,"d":2731},"geometry":{"type":"Point","coordinates":[19.89836,50.10742]}},{"type":"Feature","properties":{"t":"vec","sid":"s820","d":3479},"geometry":{"type":"LineString","coordinates":[[19.871425,50.13575],[19.896205,50.108803]]}},{"type":"Feature","properties":{"t":"gps","sid":"s820"},"geometry":{"type":"Point","coordinates":[19.871425,50.13575]}},{"type":"Feature","properties":{"t":"sch","sid":"s820","name":"Giebułtów Zielone Wzgórze","imp":0.07,"d":3479},"geometry":{"type":"Point","coordinates":[19.896205,50.108803]}},{"type":"Feature","properties":{"t":"vec","sid":"s821","d":3588},"geometry":{"type":"LineString","coordinates":[[19.869705,50.138205],[19.895993,50.110702]]}},{"type":"Feature","properties":{"t":"gps","sid":"s821"},"geometry":{"type":"Point","coordinates":[19.869705,50.138205]}},{"type":"Feature","properties":{"t":"sch","sid":"s821","name":"Giebułtów Świętego Idziego","imp":0.09,"d":3588},"geometry":{"type":"Point","coordinates":[19.895993,50.110702]}},{"type":"Feature","properties":{"t":"vec","sid":"s822","d":3342},"geometry":{"type":"LineString","coordinates":[[19.883775,50.141475],[19.895993,50.112464]]}},{"type":"Feature","properties":{"t":"gps","sid":"s822"},"geometry":{"type":"Point","coordinates":[19.883775,50.141475]}},{"type":"Feature","properties":{"t":"sch","sid":"s822","name":"Giebułtów Kościół","imp":0.054,"d":3342},"geometry":{"type":"Point","coordinates":[19.895993,50.112464]}},{"type":"Feature","properties":{"t":"vec","sid":"s823","d":486},"geometry":{"type":"LineString","coordinates":[[19.92427,50.10799],[19.923457,50.103651]]}},{"type":"Feature","properties":{"t":"gps","sid":"s823"},"geometry":{"type":"Point","coordinates":[19.92427,50.10799]}},{"type":"Feature","properties":{"t":"sch","sid":"s823","name":"Zielonki Skrzyżowanie","imp":0.122,"d":486},"geometry":{"type":"Point","coordinates":[19.923457,50.103651]}},{"type":"Feature","properties":{"t":"vec","sid":"s824","d":1229},"geometry":{"type":"LineString","coordinates":[[19.922153,50.118195],[19.923457,50.107176]]}},{"type":"Feature","properties":{"t":"gps","sid":"s824"},"geometry":{"type":"Point","coordinates":[19.922153,50.118195]}},{"type":"Feature","properties":{"t":"sch","sid":"s824","name":"Zielonki Urząd Gminy","imp":0.138,"d":1229},"geometry":{"type":"Point","coordinates":[19.923457,50.107176]}},{"type":"Feature","properties":{"t":"vec","sid":"s825","d":1675},"geometry":{"type":"LineString","coordinates":[[19.92032,50.12387],[19.923457,50.108939]]}},{"type":"Feature","properties":{"t":"gps","sid":"s825"},"geometry":{"type":"Point","coordinates":[19.92032,50.12387]}},{"type":"Feature","properties":{"t":"sch","sid":"s825","name":"Zielonki Transformator","imp":0.118,"d":1675},"geometry":{"type":"Point","coordinates":[19.923457,50.108939]}},{"type":"Feature","properties":{"t":"vec","sid":"s826","d":2127},"geometry":{"type":"LineString","coordinates":[[19.917015,50.12938],[19.923457,50.110702]]}},{"type":"Feature","properties":{"t":"gps","sid":"s826"},"geometry":{"type":"Point","coordinates":[19.917015,50.12938]}},{"type":"Feature","properties":{"t":"sch","sid":"s826","name":"Zielonki Rozjazd","imp":0.157,"d":2127},"geometry":{"type":"Point","coordinates":[19.923457,50.110702]}},{"type":"Feature","properties":{"t":"vec","sid":"s827","d":2579},"geometry":{"type":"LineString","coordinates":[[19.9058,50.134435],[19.919795,50.113052]]}},{"type":"Feature","properties":{"t":"gps","sid":"s827"},"geometry":{"type":"Point","coordinates":[19.9058,50.134435]}},{"type":"Feature","properties":{"t":"sch","sid":"s827","name":"Trojanowice Strugi","imp":0.086,"d":2579},"geometry":{"type":"Point","coordinates":[19.919795,50.113052]}},{"type":"Feature","properties":{"t":"vec","sid":"s828","d":2926},"geometry":{"type":"LineString","coordinates":[[19.899015,50.139315],[19.916133,50.115402]]}},{"type":"Feature","properties":{"t":"gps","sid":"s828"},"geometry":{"type":"Point","coordinates":[19.899015,50.139315]}},{"type":"Feature","properties":{"t":"sch","sid":"s828","name":"Trojanowice Słoneczna","imp":0.086,"d":2926},"geometry":{"type":"Point","coordinates":[19.916133,50.115402]}},{"type":"Feature","properties":{"t":"vec","sid":"s829","d":3796},"geometry":{"type":"LineString","coordinates":[[19.89301,50.149525],[19.912472,50.117752]]}},{"type":"Feature","properties":{"t":"gps","sid":"s829"},"geometry":{"type":"Point","coordinates":[19.89301,50.149525]}},{"type":"Feature","properties":{"t":"sch","sid":"s829","name":"Januszowice Młyńska","imp":0.106,"d":3796},"geometry":{"type":"Point","coordinates":[19.912472,50.117752]}},{"type":"Feature","properties":{"t":"vec","sid":"s830","d":4471},"geometry":{"type":"LineString","coordinates":[[19.89522,50.1574],[19.914711,50.11919]]}},{"type":"Feature","properties":{"t":"gps","sid":"s830"},"geometry":{"type":"Point","coordinates":[19.89522,50.1574]}},{"type":"Feature","properties":{"t":"sch","sid":"s830","name":"Przybysławice Centrum","imp":0.07,"d":4471},"geometry":{"type":"Point","coordinates":[19.914711,50.11919]}},{"type":"Feature","properties":{"t":"vec","sid":"s831","d":4851},"geometry":{"type":"LineString","coordinates":[[19.899235,50.16377],[19.919189,50.122064]]}},{"type":"Feature","properties":{"t":"gps","sid":"s831"},"geometry":{"type":"Point","coordinates":[19.899235,50.16377]}},{"type":"Feature","properties":{"t":"sch","sid":"s831","name":"Przybysławice Na Stoczki","imp":0.07,"d":4851},"geometry":{"type":"Point","coordinates":[19.919189,50.122064]}},{"type":"Feature","properties":{"t":"vec","sid":"s832","d":5666},"geometry":{"type":"LineString","coordinates":[[19.89824,50.172235],[19.921428,50.123501]]}},{"type":"Feature","properties":{"t":"gps","sid":"s832"},"geometry":{"type":"Point","coordinates":[19.89824,50.172235]}},{"type":"Feature","properties":{"t":"sch","sid":"s832","name":"Brzozówka Ośrodek","imp":0.07,"d":5666},"geometry":{"type":"Point","coordinates":[19.921428,50.123501]}},{"type":"Feature","properties":{"t":"vec","sid":"s833","d":5948},"geometry":{"type":"LineString","coordinates":[[19.896485,50.175505],[19.923667,50.124938]]}},{"type":"Feature","properties":{"t":"gps","sid":"s833"},"geometry":{"type":"Point","coordinates":[19.896485,50.175505]}},{"type":"Feature","properties":{"t":"sch","sid":"s833","name":"Brzozówka Oskarówka","imp":0.07,"d":5948},"geometry":{"type":"Point","coordinates":[19.923667,50.124938]}},{"type":"Feature","properties":{"t":"vec","sid":"s834","d":5813},"geometry":{"type":"LineString","coordinates":[[19.908365,50.177425],[19.925907,50.126375]]}},{"type":"Feature","properties":{"t":"gps","sid":"s834"},"geometry":{"type":"Point","coordinates":[19.908365,50.177425]}},{"type":"Feature","properties":{"t":"sch","sid":"s834","name":"Owczary Długa","imp":0.07,"d":5813},"geometry":{"type":"Point","coordinates":[19.925907,50.126375]}},{"type":"Feature","properties":{"t":"vec","sid":"s835","d":5196},"geometry":{"type":"LineString","coordinates":[[19.91324,50.17431],[19.926204,50.128328]]}},{"type":"Feature","properties":{"t":"gps","sid":"s835"},"geometry":{"type":"Point","coordinates":[19.91324,50.17431]}},{"type":"Feature","properties":{"t":"sch","sid":"s835","name":"Owczary Pętla","imp":0.158,"d":5196},"geometry":{"type":"Point","coordinates":[19.926204,50.128328]}},{"type":"Feature","properties":{"t":"vec","sid":"s836","d":2753},"geometry":{"type":"LineString","coordinates":[[19.91296,50.13717],[19.923457,50.113346]]}},{"type":"Feature","properties":{"t":"gps","sid":"s836"},"geometry":{"type":"Point","coordinates":[19.91296,50.13717]}},{"type":"Feature","properties":{"t":"sch","sid":"s836","name":"Trojanowice Krakowska","imp":0.054,"d":2753},"geometry":{"type":"Point","coordinates":[19.923457,50.113346]}},{"type":"Feature","properties":{"t":"vec","sid":"s837","d":2921},"geometry":{"type":"LineString","coordinates":[[19.91084,50.14098],[19.923457,50.11599]]}},{"type":"Feature","properties":{"t":"gps","sid":"s837"},"geometry":{"type":"Point","coordinates":[19.91084,50.14098]}},{"type":"Feature","properties":{"t":"sch","sid":"s837","name":"Trojanowice Pętla","imp":0.059,"d":2921},"geometry":{"type":"Point","coordinates":[19.923457,50.11599]}},{"type":"Feature","properties":{"t":"vec","sid":"s838","d":2282},"geometry":{"type":"LineString","coordinates":[[19.91922,50.13225],[19.925721,50.112155]]}},{"type":"Feature","properties":{"t":"gps","sid":"s838"},"geometry":{"type":"Point","coordinates":[19.91922,50.13225]}},{"type":"Feature","properties":{"t":"sch","sid":"s838","name":"Zielonki Jaskinia Zielonkowska","imp":0.054,"d":2282},"geometry":{"type":"Point","coordinates":[19.925721,50.112155]}},{"type":"Feature","properties":{"t":"vec","sid":"s839","d":2839},"geometry":{"type":"LineString","coordinates":[[19.92745,50.14092],[19.92895,50.115406]]}},{"type":"Feature","properties":{"t":"gps","sid":"s839"},"geometry":{"type":"Point","coordinates":[19.92745,50.14092]}},{"type":"Feature","properties":{"t":"sch","sid":"s839","name":"Garlica Murowana Plac Zabaw","imp":0.054,"d":2839},"geometry":{"type":"Point","coordinates":[19.92895,50.115406]}},{"type":"Feature","properties":{"t":"vec","sid":"s840","d":2968},"geometry":{"type":"LineString","coordinates":[[19.92494,50.14403],[19.92895,50.11746]]}},{"type":"Feature","properties":{"t":"gps","sid":"s840"},"geometry":{"type":"Point","coordinates":[19.92494,50.14403]}},{"type":"Feature","properties":{"t":"sch","sid":"s840","name":"Garlica Duchowna Kapliczka","imp":0.054,"d":2968},"geometry":{"type":"Point","coordinates":[19.92895,50.11746]}},{"type":"Feature","properties":{"t":"vec","sid":"s841","d":7394},"geometry":{"type":"LineString","coordinates":[[19.716175,50.03597],[19.819092,50.043631]]}},{"type":"Feature","properties":{"t":"gps","sid":"s841"},"geometry":{"type":"Point","coordinates":[19.716175,50.03597]}},{"type":"Feature","properties":{"t":"sch","sid":"s841","name":"Kaszów Na Górce","imp":0.054,"d":7394},"geometry":{"type":"Point","coordinates":[19.819092,50.043631]}},{"type":"Feature","properties":{"t":"vec","sid":"s842","d":3203},"geometry":{"type":"LineString","coordinates":[[19.93146,50.15049],[19.932344,50.121693]]}},{"type":"Feature","properties":{"t":"gps","sid":"s842"},"geometry":{"type":"Point","coordinates":[19.93146,50.15049]}},{"type":"Feature","properties":{"t":"sch","sid":"s842","name":"Wola Zachariaszowska Szkoła","imp":0.07,"d":3203},"geometry":{"type":"Point","coordinates":[19.932344,50.121693]}},{"type":"Feature","properties":{"t":"vec","sid":"s843","d":3529},"geometry":{"type":"LineString","coordinates":[[19.93629,50.155605],[19.935738,50.123871]]}},{"type":"Feature","properties":{"t":"gps","sid":"s843"},"geometry":{"type":"Point","coordinates":[19.93629,50.155605]}},{"type":"Feature","properties":{"t":"sch","sid":"s843","name":"Wola Zachariaszowska Słoneczna","imp":0.07,"d":3529},"geometry":{"type":"Point","coordinates":[19.935738,50.123871]}},{"type":"Feature","properties":{"t":"vec","sid":"s844","d":4196},"geometry":{"type":"LineString","coordinates":[[19.93606,50.16246],[19.939936,50.124803]]}},{"type":"Feature","properties":{"t":"gps","sid":"s844"},"geometry":{"type":"Point","coordinates":[19.93606,50.16246]}},{"type":"Feature","properties":{"t":"sch","sid":"s844","name":"Górna Wieś Pętla","imp":0.134,"d":4196},"geometry":{"type":"Point","coordinates":[19.939936,50.124803]}},{"type":"Feature","properties":{"t":"vec","sid":"s845","d":1001},"geometry":{"type":"LineString","coordinates":[[19.966765,50.114445],[19.961908,50.106001]]}},{"type":"Feature","properties":{"t":"gps","sid":"s845"},"geometry":{"type":"Point","coordinates":[19.966765,50.114445]}},{"type":"Feature","properties":{"t":"sch","sid":"s845","name":"Węgrzce Starostwo Powiatowe","imp":0.166,"d":1001},"geometry":{"type":"Point","coordinates":[19.961908,50.106001]}},{"type":"Feature","properties":{"t":"vec","sid":"s846","d":1469},"geometry":{"type":"LineString","coordinates":[[19.967143,50.11995],[19.961908,50.107176]]}},{"type":"Feature","properties":{"t":"gps","sid":"s846"},"geometry":{"type":"Point","coordinates":[19.967143,50.11995]}},{"type":"Feature","properties":{"t":"sch","sid":"s846","name":"Węgrzce A1","imp":0.243,"d":1469},"geometry":{"type":"Point","coordinates":[19.961908,50.107176]}},{"type":"Feature","properties":{"t":"vec","sid":"s847","d":2305},"geometry":{"type":"LineString","coordinates":[[19.966547,50.132983],[19.961908,50.112464]]}},{"type":"Feature","properties":{"t":"gps","sid":"s847"},"geometry":{"type":"Point","coordinates":[19.966547,50.132983]}},{"type":"Feature","properties":{"t":"sch","sid":"s847","name":"Bibice Na Czekaj","imp":0.138,"d":2305},"geometry":{"type":"Point","coordinates":[19.961908,50.112464]}},{"type":"Feature","properties":{"t":"vec","sid":"s848","d":3162},"geometry":{"type":"LineString","coordinates":[[19.970377,50.142137],[19.961908,50.114227]]}},{"type":"Feature","properties":{"t":"gps","sid":"s848"},"geometry":{"type":"Point","coordinates":[19.970377,50.142137]}},{"type":"Feature","properties":{"t":"sch","sid":"s848","name":"Michałowice Komora","imp":0.138,"d":3162},"geometry":{"type":"Point","coordinates":[19.961908,50.114227]}},{"type":"Feature","properties":{"t":"vec","sid":"s849","d":3657},"geometry":{"type":"LineString","coordinates":[[19.983745,50.151225],[19.970147,50.119515]]}},{"type":"Feature","properties":{"t":"gps","sid":"s849"},"geometry":{"type":"Point","coordinates":[19.983745,50.151225]}},{"type":"Feature","properties":{"t":"sch","sid":"s849","name":"Michałowice Dąbrowskich","imp":0.125,"d":3657},"geometry":{"type":"Point","coordinates":[19.970147,50.119515]}},{"type":"Feature","properties":{"t":"vec","sid":"s850","d":4215},"geometry":{"type":"LineString","coordinates":[[19.980415,50.158605],[19.970147,50.121278]]}},{"type":"Feature","properties":{"t":"gps","sid":"s850"},"geometry":{"type":"Point","coordinates":[19.980415,50.158605]}},{"type":"Feature","properties":{"t":"sch","sid":"s850","name":"Michałowice Centrum","imp":0.106,"d":4215},"geometry":{"type":"Point","coordinates":[19.970147,50.121278]}},{"type":"Feature","properties":{"t":"vec","sid":"s851","d":4589},"geometry":{"type":"LineString","coordinates":[[19.968285,50.16536],[19.956415,50.124803]]}},{"type":"Feature","properties":{"t":"gps","sid":"s851"},"geometry":{"type":"Point","coordinates":[19.968285,50.16536]}},{"type":"Feature","properties":{"t":"sch","sid":"s851","name":"Michałowice Lecznica","imp":0.074,"d":4589},"geometry":{"type":"Point","coordinates":[19.956415,50.124803]}},{"type":"Feature","properties":{"t":"vec","sid":"s852","d":4857},"geometry":{"type":"LineString","coordinates":[[19.951155,50.168475],[19.952374,50.124803]]}},{"type":"Feature","properties":{"t":"gps","sid":"s852"},"geometry":{"type":"Point","coordinates":[19.951155,50.168475]}},{"type":"Feature","properties":{"t":"sch","sid":"s852","name":"Michałowice Na Stoku","imp":0.054,"d":4857},"geometry":{"type":"Point","coordinates":[19.952374,50.124803]}},{"type":"Feature","properties":{"t":"vec","sid":"s853","d":5080},"geometry":{"type":"LineString","coordinates":[[19.940285,50.1702],[19.948332,50.124803]]}},{"type":"Feature","properties":{"t":"gps","sid":"s853"},"geometry":{"type":"Point","coordinates":[19.940285,50.1702]}},{"type":"Feature","properties":{"t":"sch","sid":"s853","name":"Michałowice Michałówka","imp":0.054,"d":5080},"geometry":{"type":"Point","coordinates":[19.948332,50.124803]}},{"type":"Feature","properties":{"t":"vec","sid":"s854","d":5249},"geometry":{"type":"LineString","coordinates":[[19.943968,50.173763],[19.945429,50.126566]]}},{"type":"Feature","properties":{"t":"gps","sid":"s854"},"geometry":{"type":"Point","coordinates":[19.943968,50.173763]}},{"type":"Feature","properties":{"t":"sch","sid":"s854","name":"Michałowice Gościniec","imp":0.09,"d":5249},"geometry":{"type":"Point","coordinates":[19.945429,50.126566]}},{"type":"Feature","properties":{"t":"vec","sid":"s855","d":5799},"geometry":{"type":"LineString","coordinates":[[19.944535,50.180475],[19.945429,50.128328]]}},{"type":"Feature","properties":{"t":"gps","sid":"s855"},"geometry":{"type":"Point","coordinates":[19.944535,50.180475]}},{"type":"Feature","properties":{"t":"sch","sid":"s855","name":"Narama Graniczna Sklep","imp":0.09,"d":5799},"geometry":{"type":"Point","coordinates":[19.945429,50.128328]}},{"type":"Feature","properties":{"t":"vec","sid":"s856","d":6676},"geometry":{"type":"LineString","coordinates":[[19.94155,50.19067],[19.948175,50.130779]]}},{"type":"Feature","properties":{"t":"gps","sid":"s856"},"geometry":{"type":"Point","coordinates":[19.94155,50.19067]}},{"type":"Feature","properties":{"t":"sch","sid":"s856","name":"Krasieniec Stary Skrzyżowanie","imp":0.054,"d":6676},"geometry":{"type":"Point","coordinates":[19.948175,50.130779]}},{"type":"Feature","properties":{"t":"vec","sid":"s857","d":7470},"geometry":{"type":"LineString","coordinates":[[19.93913,50.200885],[19.948175,50.133961]]}},{"type":"Feature","properties":{"t":"gps","sid":"s857"},"geometry":{"type":"Point","coordinates":[19.93913,50.200885]}},{"type":"Feature","properties":{"t":"sch","sid":"s857","name":"Krasieniec Zakupny Remiza","imp":0.054,"d":7470},"geometry":{"type":"Point","coordinates":[19.948175,50.133961]}},{"type":"Feature","properties":{"t":"vec","sid":"s858","d":8042},"geometry":{"type":"LineString","coordinates":[[19.93806,50.20758],[19.948175,50.135551]]}},{"type":"Feature","properties":{"t":"gps","sid":"s858"},"geometry":{"type":"Point","coordinates":[19.93806,50.20758]}},{"type":"Feature","properties":{"t":"sch","sid":"s858","name":"Krasieniec Zakupny Pod Lipą","imp":0.054,"d":8042},"geometry":{"type":"Point","coordinates":[19.948175,50.135551]}},{"type":"Feature","properties":{"t":"vec","sid":"s859","d":5830},"geometry":{"type":"LineString","coordinates":[[19.93264,50.18068],[19.93719,50.128328]]}},{"type":"Feature","properties":{"t":"gps","sid":"s859"},"geometry":{"type":"Point","coordinates":[19.93264,50.18068]}},{"type":"Feature","properties":{"t":"sch","sid":"s859","name":"Narama Remiza","imp":0.059,"d":5830},"geometry":{"type":"Point","coordinates":[19.93719,50.128328]}},{"type":"Feature","properties":{"t":"vec","sid":"s860","d":4745},"geometry":{"type":"LineString","coordinates":[[19.97797,50.16818],[19.967401,50.126049]]}},{"type":"Feature","properties":{"t":"gps","sid":"s860"},"geometry":{"type":"Point","coordinates":[19.97797,50.16818]}},{"type":"Feature","properties":{"t":"sch","sid":"s860","name":"Michałowice Górna","imp":0.054,"d":4745},"geometry":{"type":"Point","coordinates":[19.967401,50.126049]}},{"type":"Feature","properties":{"t":"vec","sid":"s861","d":4605},"geometry":{"type":"LineString","coordinates":[[19.9785,50.16525],[19.964654,50.124803]]}},{"type":"Feature","properties":{"t":"gps","sid":"s861"},"geometry":{"type":"Point","coordinates":[19.9785,50.16525]}},{"type":"Feature","properties":{"t":"sch","sid":"s861","name":"Michałowice Górna","imp":0.09,"d":4605},"geometry":{"type":"Point","coordinates":[19.964654,50.124803]}},{"type":"Feature","properties":{"t":"vec","sid":"s862","d":4808},"geometry":{"type":"LineString","coordinates":[[19.975265,50.17103],[19.964654,50.128328]]}},{"type":"Feature","properties":{"t":"gps","sid":"s862"},"geometry":{"type":"Point","coordinates":[19.975265,50.17103]}},{"type":"Feature","properties":{"t":"sch","sid":"s862","name":"Michałowice Warszawka","imp":0.074,"d":4808},"geometry":{"type":"Point","coordinates":[19.964654,50.128328]}},{"type":"Feature","properties":{"t":"vec","sid":"s863","d":4952},"geometry":{"type":"LineString","coordinates":[[19.961465,50.172635],[19.954473,50.128328]]}},{"type":"Feature","properties":{"t":"gps","sid":"s863"},"geometry":{"type":"Point","coordinates":[19.961465,50.172635]}},{"type":"Feature","properties":{"t":"sch","sid":"s863","name":"Michałowice Laskowiec","imp":0.054,"d":4952},"geometry":{"type":"Point","coordinates":[19.954473,50.128328]}},{"type":"Feature","properties":{"t":"vec","sid":"s864","d":3846},"geometry":{"type":"LineString","coordinates":[[19.79743,50.026175],[19.848911,50.036418]]}},{"type":"Feature","properties":{"t":"gps","sid":"s864"},"geometry":{"type":"Point","coordinates":[19.79743,50.026175]}},{"type":"Feature","properties":{"t":"sch","sid":"s864","name":"Piekary Sklep","imp":0.07,"d":3846},"geometry":{"type":"Point","coordinates":[19.848911,50.036418]}},{"type":"Feature","properties":{"t":"vec","sid":"s865","d":9051},"geometry":{"type":"LineString","coordinates":[[19.697315,50.11385],[19.816503,50.086024]]}},{"type":"Feature","properties":{"t":"gps","sid":"s865"},"geometry":{"type":"Point","coordinates":[19.697315,50.11385]}},{"type":"Feature","properties":{"t":"sch","sid":"s865","name":"Młynka Kalwaryjska","imp":0.054,"d":9051},"geometry":{"type":"Point","coordinates":[19.816503,50.086024]}},{"type":"Feature","properties":{"t":"vec","sid":"s866","d":9181},"geometry":{"type":"LineString","coordinates":[[19.69238,50.11192],[19.813599,50.084262]]}},{"type":"Feature","properties":{"t":"gps","sid":"s866"},"geometry":{"type":"Point","coordinates":[19.69238,50.11192]}},{"type":"Feature","properties":{"t":"sch","sid":"s866","name":"Młynka Pętla","imp":0.059,"d":9181},"geometry":{"type":"Point","coordinates":[19.813599,50.084262]}},{"type":"Feature","properties":{"t":"vec","sid":"s867","d":6428},"geometry":{"type":"LineString","coordinates":[[19.74883,50.1049],[19.832825,50.084026]]}},{"type":"Feature","properties":{"t":"gps","sid":"s867"},"geometry":{"type":"Point","coordinates":[19.74883,50.1049]}},{"type":"Feature","properties":{"t":"sch","sid":"s867","name":"Kleszczów Centrum","imp":0.07,"d":6428},"geometry":{"type":"Point","coordinates":[19.832825,50.084026]}},{"type":"Feature","properties":{"t":"vec","sid":"s868","d":5130},"geometry":{"type":"LineString","coordinates":[[20.035895,50.159615],[20.000358,50.119515]]}},{"type":"Feature","properties":{"t":"gps","sid":"s868"},"geometry":{"type":"Point","coordinates":[20.035895,50.159615]}},{"type":"Feature","properties":{"t":"sch","sid":"s868","name":"Sieborowice","imp":0.074,"d":5130},"geometry":{"type":"Point","coordinates":[20.000358,50.119515]}},{"type":"Feature","properties":{"t":"vec","sid":"s869","d":4953},"geometry":{"type":"LineString","coordinates":[[20.039595,50.153505],[20.004556,50.115058]]}},{"type":"Feature","properties":{"t":"gps","sid":"s869"},"geometry":{"type":"Point","coordinates":[20.039595,50.153505]}},{"type":"Feature","properties":{"t":"sch","sid":"s869","name":"Pielgrzymowice Granica","imp":0.054,"d":4953},"geometry":{"type":"Point","coordinates":[20.004556,50.115058]}},{"type":"Feature","properties":{"t":"vec","sid":"s870","d":4529},"geometry":{"type":"LineString","coordinates":[[19.99913,50.1607],[19.984115,50.121127]]}},{"type":"Feature","properties":{"t":"gps","sid":"s870"},"geometry":{"type":"Point","coordinates":[19.99913,50.1607]}},{"type":"Feature","properties":{"t":"sch","sid":"s870","name":"Masłomiąca Staw","imp":0.054,"d":4529},"geometry":{"type":"Point","coordinates":[19.984115,50.121127]}},{"type":"Feature","properties":{"t":"vec","sid":"s871","d":4771},"geometry":{"type":"LineString","coordinates":[[20.01329,50.15793],[19.989088,50.117935]]}},{"type":"Feature","properties":{"t":"gps","sid":"s871"},"geometry":{"type":"Point","coordinates":[20.01329,50.15793]}},{"type":"Feature","properties":{"t":"sch","sid":"s871","name":"Masłomiąca Długa","imp":0.054,"d":4771},"geometry":{"type":"Point","coordinates":[19.989088,50.117935]}},{"type":"Feature","properties":{"t":"vec","sid":"s872","d":4900},"geometry":{"type":"LineString","coordinates":[[20.02786,50.15463],[19.994865,50.11599]]}},{"type":"Feature","properties":{"t":"gps","sid":"s872"},"geometry":{"type":"Point","coordinates":[20.02786,50.15463]}},{"type":"Feature","properties":{"t":"sch","sid":"s872","name":"Więcławice Stare Centrum","imp":0.074,"d":4900},"geometry":{"type":"Point","coordinates":[19.994865,50.11599]}},{"type":"Feature","properties":{"t":"vec","sid":"s873","d":5090},"geometry":{"type":"LineString","coordinates":[[20.048245,50.15065],[20.00795,50.11288]]}},{"type":"Feature","properties":{"t":"gps","sid":"s873"},"geometry":{"type":"Point","coordinates":[20.048245,50.15065]}},{"type":"Feature","properties":{"t":"sch","sid":"s873","name":"Pielgrzymowice Wierzbowa","imp":0.054,"d":5090},"geometry":{"type":"Point","coordinates":[20.00795,50.11288]}},{"type":"Feature","properties":{"t":"vec","sid":"s874","d":4845},"geometry":{"type":"LineString","coordinates":[[20.04839,50.14722],[20.011344,50.110702]]}},{"type":"Feature","properties":{"t":"gps","sid":"s874"},"geometry":{"type":"Point","coordinates":[20.04839,50.14722]}},{"type":"Feature","properties":{"t":"sch","sid":"s874","name":"Pielgrzymowice Pętla","imp":0.118,"d":4845},"geometry":{"type":"Point","coordinates":[20.011344,50.110702]}},{"type":"Feature","properties":{"t":"vec","sid":"s875","d":1384},"geometry":{"type":"LineString","coordinates":[[19.958735,50.12138],[19.958357,50.108939]]}},{"type":"Feature","properties":{"t":"gps","sid":"s875"},"geometry":{"type":"Point","coordinates":[19.958735,50.12138]}},{"type":"Feature","properties":{"t":"sch","sid":"s875","name":"Bibice Kościuszki","imp":0.07,"d":1384},"geometry":{"type":"Point","coordinates":[19.958357,50.108939]}},{"type":"Feature","properties":{"t":"vec","sid":"s876","d":1942},"geometry":{"type":"LineString","coordinates":[[19.953695,50.1264],[19.953668,50.108939]]}},{"type":"Feature","properties":{"t":"gps","sid":"s876"},"geometry":{"type":"Point","coordinates":[19.953695,50.1264]}},{"type":"Feature","properties":{"t":"sch","sid":"s876","name":"Bibice Rynek","imp":0.09,"d":1942},"geometry":{"type":"Point","coordinates":[19.953668,50.108939]}},{"type":"Feature","properties":{"t":"vec","sid":"s877","d":1647},"geometry":{"type":"LineString","coordinates":[[19.97461,50.11995],[19.970147,50.105414]]}},{"type":"Feature","properties":{"t":"gps","sid":"s877"},"geometry":{"type":"Point","coordinates":[19.97461,50.11995]}},{"type":"Feature","properties":{"t":"sch","sid":"s877","name":"Węgrzce Centrum","imp":0.125,"d":1647},"geometry":{"type":"Point","coordinates":[19.970147,50.105414]}},{"type":"Feature","properties":{"t":"vec","sid":"s878","d":1557},"geometry":{"type":"LineString","coordinates":[[20.0098,50.109975],[19.997611,50.098363]]}},{"type":"Feature","properties":{"t":"gps","sid":"s878"},"geometry":{"type":"Point","coordinates":[20.0098,50.109975]}},{"type":"Feature","properties":{"t":"sch","sid":"s878","name":"Batowice Spławy","imp":0.122,"d":1557},"geometry":{"type":"Point","coordinates":[19.997611,50.098363]}},{"type":"Feature","properties":{"t":"vec","sid":"s879","d":1826},"geometry":{"type":"LineString","coordinates":[[20.0159,50.11141],[20.000358,50.098363]]}},{"type":"Feature","properties":{"t":"gps","sid":"s879"},"geometry":{"type":"Point","coordinates":[20.0159,50.11141]}},{"type":"Feature","properties":{"t":"sch","sid":"s879","name":"Batowice Kapliczka","imp":0.122,"d":1826},"geometry":{"type":"Point","coordinates":[20.000358,50.098363]}},{"type":"Feature","properties":{"t":"vec","sid":"s880","d":2036},"geometry":{"type":"LineString","coordinates":[[20.022145,50.11376],[20.003104,50.100126]]}},{"type":"Feature","properties":{"t":"gps","sid":"s880"},"geometry":{"type":"Point","coordinates":[20.022145,50.11376]}},{"type":"Feature","properties":{"t":"sch","sid":"s880","name":"Batowice Dłubnia","imp":0.106,"d":2036},"geometry":{"type":"Point","coordinates":[20.003104,50.100126]}},{"type":"Feature","properties":{"t":"vec","sid":"s881","d":2642},"geometry":{"type":"LineString","coordinates":[[20.033055,50.116855],[20.006766,50.100126]]}},{"type":"Feature","properties":{"t":"gps","sid":"s881"},"geometry":{"type":"Point","coordinates":[20.033055,50.116855]}},{"type":"Feature","properties":{"t":"sch","sid":"s881","name":"Raciborowice Wawelska","imp":0.07,"d":2642},"geometry":{"type":"Point","coordinates":[20.006766,50.100126]}},{"type":"Feature","properties":{"t":"vec","sid":"s882","d":3510},"geometry":{"type":"LineString","coordinates":[[20.0506,50.12128],[20.01409,50.100126]]}},{"type":"Feature","properties":{"t":"gps","sid":"s882"},"geometry":{"type":"Point","coordinates":[20.0506,50.12128]}},{"type":"Feature","properties":{"t":"sch","sid":"s882","name":"Zastów Pętla","imp":0.118,"d":3510},"geometry":{"type":"Point","coordinates":[20.01409,50.100126]}},{"type":"Feature","properties":{"t":"vec","sid":"s883","d":4258},"geometry":{"type":"LineString","coordinates":[[20.08525,50.113955],[20.034487,50.093827]]}},{"type":"Feature","properties":{"t":"gps","sid":"s883"},"geometry":{"type":"Point","coordinates":[20.08525,50.113955]}},{"type":"Feature","properties":{"t":"sch","sid":"s883","name":"Prusy Szkoła","imp":0.118,"d":4258},"geometry":{"type":"Point","coordinates":[20.034487,50.093827]}},{"type":"Feature","properties":{"t":"vec","sid":"s884","d":4811},"geometry":{"type":"LineString","coordinates":[[20.09165,50.11867],[20.03566,50.09458]]}},{"type":"Feature","properties":{"t":"gps","sid":"s884"},"geometry":{"type":"Point","coordinates":[20.09165,50.11867]}},{"type":"Feature","properties":{"t":"sch","sid":"s884","name":"Prusy Kościół","imp":0.118,"d":4811},"geometry":{"type":"Point","coordinates":[20.03566,50.09458]}},{"type":"Feature","properties":{"t":"vec","sid":"s885","d":5226},"geometry":{"type":"LineString","coordinates":[[20.096615,50.12197],[20.036062,50.095537]]}},{"type":"Feature","properties":{"t":"gps","sid":"s885"},"geometry":{"type":"Point","coordinates":[20.096615,50.12197]}},{"type":"Feature","properties":{"t":"sch","sid":"s885","name":"Sulechów","imp":0.118,"d":5226},"geometry":{"type":"Point","coordinates":[20.036062,50.095537]}},{"type":"Feature","properties":{"t":"vec","sid":"s886","d":5805},"geometry":{"type":"LineString","coordinates":[[20.10222,50.12697],[20.036062,50.0966]]}},{"type":"Feature","properties":{"t":"gps","sid":"s886"},"geometry":{"type":"Point","coordinates":[20.10222,50.12697]}},{"type":"Feature","properties":{"t":"sch","sid":"s886","name":"Dojazdów PKS","imp":0.154,"d":5805},"geometry":{"type":"Point","coordinates":[20.036062,50.0966]}},{"type":"Feature","properties":{"t":"vec","sid":"s887","d":4750},"geometry":{"type":"LineString","coordinates":[[19.801487,50.119637],[19.857543,50.0966]]}},{"type":"Feature","properties":{"t":"gps","sid":"s887"},"geometry":{"type":"Point","coordinates":[19.801487,50.119637]}},{"type":"Feature","properties":{"t":"sch","sid":"s887","name":"Zabierzów Młyn","imp":0.15,"d":4750},"geometry":{"type":"Point","coordinates":[19.857543,50.0966]}},{"type":"Feature","properties":{"t":"vec","sid":"s888","d":9180},"geometry":{"type":"LineString","coordinates":[[20.18734,50.122525],[20.069019,50.090137]]}},{"type":"Feature","properties":{"t":"gps","sid":"s888"},"geometry":{"type":"Point","coordinates":[20.18734,50.122525]}},{"type":"Feature","properties":{"t":"sch","sid":"s888","name":"Czulice Przymiarki","imp":0.054,"d":9180},"geometry":{"type":"Point","coordinates":[20.069019,50.090137]}},{"type":"Feature","properties":{"t":"vec","sid":"s889","d":2146},"geometry":{"type":"LineString","coordinates":[[19.901295,50.12482],[19.909725,50.106295]]}},{"type":"Feature","properties":{"t":"gps","sid":"s889"},"geometry":{"type":"Point","coordinates":[19.901295,50.12482]}},{"type":"Feature","properties":{"t":"sch","sid":"s889","name":"Pękowice Fort","imp":0.07,"d":2146},"geometry":{"type":"Point","coordinates":[19.909725,50.106295]}},{"type":"Feature","properties":{"t":"vec","sid":"s890","d":9293},"geometry":{"type":"LineString","coordinates":[[20.188,50.12703],[20.069019,50.093075]]}},{"type":"Feature","properties":{"t":"gps","sid":"s890"},"geometry":{"type":"Point","coordinates":[20.188,50.12703]}},{"type":"Feature","properties":{"t":"sch","sid":"s890","name":"Czulice Kościół","imp":0.118,"d":9293},"geometry":{"type":"Point","coordinates":[20.069019,50.093075]}},{"type":"Feature","properties":{"t":"vec","sid":"s891","d":7932},"geometry":{"type":"LineString","coordinates":[[20.11683,50.16003],[20.038808,50.109229]]}},{"type":"Feature","properties":{"t":"gps","sid":"s891"},"geometry":{"type":"Point","coordinates":[20.11683,50.16003]}},{"type":"Feature","properties":{"t":"sch","sid":"s891","name":"Wola Luborzycka Skrzyżowanie","imp":0.054,"d":7932},"geometry":{"type":"Point","coordinates":[20.038808,50.109229]}},{"type":"Feature","properties":{"t":"vec","sid":"s892","d":8218},"geometry":{"type":"LineString","coordinates":[[20.11895,50.16438],[20.039287,50.111009]]}},{"type":"Feature","properties":{"t":"gps","sid":"s892"},"geometry":{"type":"Point","coordinates":[20.11895,50.16438]}},{"type":"Feature","properties":{"t":"sch","sid":"s892","name":"Wola Luborzycka Las","imp":0.054,"d":8218},"geometry":{"type":"Point","coordinates":[20.039287,50.111009]}},{"type":"Feature","properties":{"t":"vec","sid":"s893","d":8842},"geometry":{"type":"LineString","coordinates":[[20.124955,50.171065],[20.041388,50.112357]]}},{"type":"Feature","properties":{"t":"gps","sid":"s893"},"geometry":{"type":"Point","coordinates":[20.124955,50.171065]}},{"type":"Feature","properties":{"t":"sch","sid":"s893","name":"Goszyce Pod Lasem","imp":0.054,"d":8842},"geometry":{"type":"Point","coordinates":[20.041388,50.112357]}},{"type":"Feature","properties":{"t":"vec","sid":"s894","d":9611},"geometry":{"type":"LineString","coordinates":[[20.13216,50.178765],[20.04349,50.113706]]}},{"type":"Feature","properties":{"t":"gps","sid":"s894"},"geometry":{"type":"Point","coordinates":[20.13216,50.178765]}},{"type":"Feature","properties":{"t":"sch","sid":"s894","name":"Goszyce Remiza","imp":0.054,"d":9611},"geometry":{"type":"Point","coordinates":[20.04349,50.113706]}},{"type":"Feature","properties":{"t":"vec","sid":"s895","d":10813},"geometry":{"type":"LineString","coordinates":[[20.14459,50.188665],[20.045591,50.115055]]}},{"type":"Feature","properties":{"t":"gps","sid":"s895"},"geometry":{"type":"Point","coordinates":[20.14459,50.188665]}},{"type":"Feature","properties":{"t":"sch","sid":"s895","name":"Skrzeszowice OSP Boisko","imp":0.054,"d":10813},"geometry":{"type":"Point","coordinates":[20.045591,50.115055]}},{"type":"Feature","properties":{"t":"vec","sid":"s896","d":11319},"geometry":{"type":"LineString","coordinates":[[20.156305,50.19058],[20.047692,50.116404]]}},{"type":"Feature","properties":{"t":"gps","sid":"s896"},"geometry":{"type":"Point","coordinates":[20.156305,50.19058]}},{"type":"Feature","properties":{"t":"sch","sid":"s896","name":"Łososkowice Szkoła","imp":0.054,"d":11319},"geometry":{"type":"Point","coordinates":[20.047692,50.116404]}},{"type":"Feature","properties":{"t":"vec","sid":"s897","d":11070},"geometry":{"type":"LineString","coordinates":[[20.16018,50.18769],[20.049794,50.117752]]}},{"type":"Feature","properties":{"t":"gps","sid":"s897"},"geometry":{"type":"Point","coordinates":[20.16018,50.18769]}},{"type":"Feature","properties":{"t":"sch","sid":"s897","name":"Łososkowice Remiza","imp":0.059,"d":11070},"geometry":{"type":"Point","coordinates":[20.049794,50.117752]}},{"type":"Feature","properties":{"t":"vec","sid":"s898","d":8328},"geometry":{"type":"LineString","coordinates":[[19.70965,50.10672],[19.819092,50.080736]]}},{"type":"Feature","properties":{"t":"gps","sid":"s898"},"geometry":{"type":"Point","coordinates":[19.70965,50.10672]}},{"type":"Feature","properties":{"t":"sch","sid":"s898","name":"Nielepice Pętla","imp":0.099,"d":8328},"geometry":{"type":"Point","coordinates":[19.819092,50.080736]}},{"type":"Feature","properties":{"t":"vec","sid":"s899","d":3720},"geometry":{"type":"LineString","coordinates":[[19.945985,49.95406],[19.945429,49.987511]]}},{"type":"Feature","properties":{"t":"gps","sid":"s899"},"geometry":{"type":"Point","coordinates":[19.945985,49.95406]}},{"type":"Feature","properties":{"t":"sch","sid":"s899","name":"Wrząsowice Kowaleca","imp":0.07,"d":3720},"geometry":{"type":"Point","coordinates":[19.945429,49.987511]}},{"type":"Feature","properties":{"t":"vec","sid":"s900","d":3760},"geometry":{"type":"LineString","coordinates":[[20.09405,50.033305],[20.043922,50.04372]]}},{"type":"Feature","properties":{"t":"gps","sid":"s900"},"geometry":{"type":"Point","coordinates":[20.09405,50.033305]}},{"type":"Feature","properties":{"t":"sch","sid":"s900","name":"Brzegi Grobla","imp":0.054,"d":3760},"geometry":{"type":"Point","coordinates":[20.043922,50.04372]}},{"type":"Feature","properties":{"t":"vec","sid":"s901","d":3739},"geometry":{"type":"LineString","coordinates":[[20.094872,50.031391],[20.044301,50.040195]]}},{"type":"Feature","properties":{"t":"gps","sid":"s901"},"geometry":{"type":"Point","coordinates":[20.094872,50.031391]}},{"type":"Feature","properties":{"t":"sch","sid":"s901","name":"Brzegi Pętla","imp":0.173,"d":3739},"geometry":{"type":"Point","coordinates":[20.044301,50.040195]}},{"type":"Feature","properties":{"t":"vec","sid":"s902","d":3121},"geometry":{"type":"LineString","coordinates":[[19.945865,49.963555],[19.945429,49.991624]]}},{"type":"Feature","properties":{"t":"gps","sid":"s902"},"geometry":{"type":"Point","coordinates":[19.945865,49.963555]}},{"type":"Feature","properties":{"t":"sch","sid":"s902","name":"Wrząsowice Wrzosowa","imp":0.07,"d":3121},"geometry":{"type":"Point","coordinates":[19.945429,49.991624]}},{"type":"Feature","properties":{"t":"vec","sid":"s903","d":3366},"geometry":{"type":"LineString","coordinates":[[19.944125,49.959995],[19.945429,49.990253]]}},{"type":"Feature","properties":{"t":"gps","sid":"s903"},"geometry":{"type":"Point","coordinates":[19.944125,49.959995]}},{"type":"Feature","properties":{"t":"sch","sid":"s903","name":"Wrząsowice Centrum","imp":0.07,"d":3366},"geometry":{"type":"Point","coordinates":[19.945429,49.990253]}},{"type":"Feature","properties":{"t":"vec","sid":"s904","d":4233},"geometry":{"type":"LineString","coordinates":[[19.946975,49.948085],[19.945429,49.98614]]}},{"type":"Feature","properties":{"t":"gps","sid":"s904"},"geometry":{"type":"Point","coordinates":[19.946975,49.948085]}},{"type":"Feature","properties":{"t":"sch","sid":"s904","name":"Wrząsowice Bonifraterska","imp":0.07,"d":4233},"geometry":{"type":"Point","coordinates":[19.945429,49.98614]}},{"type":"Feature","properties":{"t":"vec","sid":"s905","d":4680},"geometry":{"type":"LineString","coordinates":[[19.94376,49.94269],[19.945429,49.984769]]}},{"type":"Feature","properties":{"t":"gps","sid":"s905"},"geometry":{"type":"Point","coordinates":[19.94376,49.94269]}},{"type":"Feature","properties":{"t":"sch","sid":"s905","name":"Wrząsowice Zielona","imp":0.07,"d":4680},"geometry":{"type":"Point","coordinates":[19.945429,49.984769]}},{"type":"Feature","properties":{"t":"vec","sid":"s906","d":5298},"geometry":{"type":"LineString","coordinates":[[19.94618,49.934385],[19.945429,49.982027]]}},{"type":"Feature","properties":{"t":"gps","sid":"s906"},"geometry":{"type":"Point","coordinates":[19.94618,49.934385]}},{"type":"Feature","properties":{"t":"sch","sid":"s906","name":"Świątniki Górne Urząd Miasta i Gminy","imp":0.17,"d":5298},"geometry":{"type":"Point","coordinates":[19.945429,49.982027]}},{"type":"Feature","properties":{"t":"vec","sid":"s907","d":5314},"geometry":{"type":"LineString","coordinates":[[19.95359,49.93429],[19.950006,49.982027]]}},{"type":"Feature","properties":{"t":"gps","sid":"s907"},"geometry":{"type":"Point","coordinates":[19.95359,49.93429]}},{"type":"Feature","properties":{"t":"sch","sid":"s907","name":"Świątniki Górne Centrum","imp":0.102,"d":5314},"geometry":{"type":"Point","coordinates":[19.950006,49.982027]}},{"type":"Feature","properties":{"t":"vec","sid":"s908","d":5247},"geometry":{"type":"LineString","coordinates":[[19.962675,49.935125],[19.954584,49.982027]]}},{"type":"Feature","properties":{"t":"gps","sid":"s908"},"geometry":{"type":"Point","coordinates":[19.962675,49.935125]}},{"type":"Feature","properties":{"t":"sch","sid":"s908","name":"Świątniki Górne Bielowicza Szkoła","imp":0.102,"d":5247},"geometry":{"type":"Point","coordinates":[19.954584,49.982027]}},{"type":"Feature","properties":{"t":"vec","sid":"s909","d":2748},"geometry":{"type":"LineString","coordinates":[[19.952895,49.96752],[19.948952,49.992104]]}},{"type":"Feature","properties":{"t":"gps","sid":"s909"},"geometry":{"type":"Point","coordinates":[19.952895,49.96752]}},{"type":"Feature","properties":{"t":"sch","sid":"s909","name":"Wrząsowice Nad Wilgą","imp":0.07,"d":2748},"geometry":{"type":"Point","coordinates":[19.948952,49.992104]}},{"type":"Feature","properties":{"t":"vec","sid":"s910","d":3144},"geometry":{"type":"LineString","coordinates":[[19.954295,49.96159],[19.952475,49.989843]]}},{"type":"Feature","properties":{"t":"gps","sid":"s910"},"geometry":{"type":"Point","coordinates":[19.954295,49.96159]}},{"type":"Feature","properties":{"t":"sch","sid":"s910","name":"Wrząsowice Pod Skałą","imp":0.07,"d":3144},"geometry":{"type":"Point","coordinates":[19.952475,49.989843]}},{"type":"Feature","properties":{"t":"vec","sid":"s911","d":3179},"geometry":{"type":"LineString","coordinates":[[19.96337,49.95939],[19.955999,49.987582]]}},{"type":"Feature","properties":{"t":"gps","sid":"s911"},"geometry":{"type":"Point","coordinates":[19.96337,49.95939]}},{"type":"Feature","properties":{"t":"sch","sid":"s911","name":"Ochojno Dąbrówki","imp":0.07,"d":3179},"geometry":{"type":"Point","coordinates":[19.955999,49.987582]}},{"type":"Feature","properties":{"t":"vec","sid":"s912","d":3252},"geometry":{"type":"LineString","coordinates":[[19.97127,49.95727],[19.959671,49.985552]]}},{"type":"Feature","properties":{"t":"gps","sid":"s912"},"geometry":{"type":"Point","coordinates":[19.97127,49.95727]}},{"type":"Feature","properties":{"t":"sch","sid":"s912","name":"Ochojno Kamieniec","imp":0.07,"d":3252},"geometry":{"type":"Point","coordinates":[19.959671,49.985552]}},{"type":"Feature","properties":{"t":"vec","sid":"s913","d":3699},"geometry":{"type":"LineString","coordinates":[[19.974195,49.952855],[19.964654,49.985552]]}},{"type":"Feature","properties":{"t":"gps","sid":"s913"},"geometry":{"type":"Point","coordinates":[19.974195,49.952855]}},{"type":"Feature","properties":{"t":"sch","sid":"s913","name":"Ochojno Skrzyżowanie","imp":0.106,"d":3699},"geometry":{"type":"Point","coordinates":[19.964654,49.985552]}},{"type":"Feature","properties":{"t":"vec","sid":"s914","d":4429},"geometry":{"type":"LineString","coordinates":[[19.972995,49.9457],[19.963967,49.985112]]}},{"type":"Feature","properties":{"t":"gps","sid":"s914"},"geometry":{"type":"Point","coordinates":[19.972995,49.9457]}},{"type":"Feature","properties":{"t":"sch","sid":"s914","name":"Rzeszotary Remiza","imp":0.086,"d":4429},"geometry":{"type":"Point","coordinates":[19.963967,49.985112]}},{"type":"Feature","properties":{"t":"vec","sid":"s915","d":4565},"geometry":{"type":"LineString","coordinates":[[19.98107,49.945235],[19.963281,49.984671]]}},{"type":"Feature","properties":{"t":"gps","sid":"s915"},"geometry":{"type":"Point","coordinates":[19.98107,49.945235]}},{"type":"Feature","properties":{"t":"sch","sid":"s915","name":"Rzeszotary Polanki","imp":0.086,"d":4565},"geometry":{"type":"Point","coordinates":[19.963281,49.984671]}},{"type":"Feature","properties":{"t":"vec","sid":"s916","d":5030},"geometry":{"type":"LineString","coordinates":[[19.993375,49.94354],[19.962594,49.98423]]}},{"type":"Feature","properties":{"t":"gps","sid":"s916"},"geometry":{"type":"Point","coordinates":[19.993375,49.94354]}},{"type":"Feature","properties":{"t":"sch","sid":"s916","name":"Rzeszotary Dworska","imp":0.086,"d":5030},"geometry":{"type":"Point","coordinates":[19.962594,49.98423]}},{"type":"Feature","properties":{"t":"vec","sid":"s917","d":5152},"geometry":{"type":"LineString","coordinates":[[19.983435,49.939265],[19.961221,49.983349]]}},{"type":"Feature","properties":{"t":"gps","sid":"s917"},"geometry":{"type":"Point","coordinates":[19.983435,49.939265]}},{"type":"Feature","properties":{"t":"sch","sid":"s917","name":"Rzeszotary Trafo","imp":0.086,"d":5152},"geometry":{"type":"Point","coordinates":[19.961221,49.983349]}},{"type":"Feature","properties":{"t":"vec","sid":"s918","d":5058},"geometry":{"type":"LineString","coordinates":[[19.973495,49.938185],[19.960534,49.982908]]}},{"type":"Feature","properties":{"t":"gps","sid":"s918"},"geometry":{"type":"Point","coordinates":[19.973495,49.938185]}},{"type":"Feature","properties":{"t":"sch","sid":"s918","name":"Rzeszotary Szkoła","imp":0.086,"d":5058},"geometry":{"type":"Point","coordinates":[19.960534,49.982908]}},{"type":"Feature","properties":{"t":"vec","sid":"s919","d":5344},"geometry":{"type":"LineString","coordinates":[[19.967175,49.934245],[19.959161,49.982027]]}},{"type":"Feature","properties":{"t":"gps","sid":"s919"},"geometry":{"type":"Point","coordinates":[19.967175,49.934245]}},{"type":"Feature","properties":{"t":"sch","sid":"s919","name":"Świątniki Górne Skrzyżowanie","imp":0.122,"d":5344},"geometry":{"type":"Point","coordinates":[19.959161,49.982027]}},{"type":"Feature","properties":{"t":"vec","sid":"s920","d":4622},"geometry":{"type":"LineString","coordinates":[[19.821635,50.13233],[19.868149,50.103408]]}},{"type":"Feature","properties":{"t":"gps","sid":"s920"},"geometry":{"type":"Point","coordinates":[19.821635,50.13233]}},{"type":"Feature","properties":{"t":"sch","sid":"s920","name":"Brzezie Kościół","imp":0.054,"d":4622},"geometry":{"type":"Point","coordinates":[19.868149,50.103408]}},{"type":"Feature","properties":{"t":"vec","sid":"s921","d":3887},"geometry":{"type":"LineString","coordinates":[[20.054612,49.98857],[20.016837,50.013755]]}},{"type":"Feature","properties":{"t":"gps","sid":"s921"},"geometry":{"type":"Point","coordinates":[20.054612,49.98857]}},{"type":"Feature","properties":{"t":"sch","sid":"s921","name":"Wieliczka Klasztor","imp":0.189,"d":3887},"geometry":{"type":"Point","coordinates":[20.016837,50.013755]}},{"type":"Feature","properties":{"t":"vec","sid":"s922","d":2415},"geometry":{"type":"LineString","coordinates":[[19.933455,49.973625],[19.940685,49.994847]]}},{"type":"Feature","properties":{"t":"gps","sid":"s922"},"geometry":{"type":"Point","coordinates":[19.933455,49.973625]}},{"type":"Feature","properties":{"t":"sch","sid":"s922","name":"Lusina Dolna","imp":0.054,"d":2415},"geometry":{"type":"Point","coordinates":[19.940685,49.994847]}},{"type":"Feature","properties":{"t":"vec","sid":"s923","d":2714},"geometry":{"type":"LineString","coordinates":[[19.93616,49.96924],[19.938729,49.993591]]}},{"type":"Feature","properties":{"t":"gps","sid":"s923"},"geometry":{"type":"Point","coordinates":[19.93616,49.96924]}},{"type":"Feature","properties":{"t":"sch","sid":"s923","name":"Lusina Zagrody","imp":0.054,"d":2714},"geometry":{"type":"Point","coordinates":[19.938729,49.993591]}},{"type":"Feature","properties":{"t":"vec","sid":"s924","d":3161},"geometry":{"type":"LineString","coordinates":[[19.93499,49.963935],[19.936774,49.992336]]}},{"type":"Feature","properties":{"t":"gps","sid":"s924"},"geometry":{"type":"Point","coordinates":[19.93499,49.963935]}},{"type":"Feature","properties":{"t":"sch","sid":"s924","name":"Lusina Kraśnik","imp":0.054,"d":3161},"geometry":{"type":"Point","coordinates":[19.936774,49.992336]}},{"type":"Feature","properties":{"t":"vec","sid":"s925","d":3579},"geometry":{"type":"LineString","coordinates":[[19.929215,49.959095],[19.934818,49.991081]]}},{"type":"Feature","properties":{"t":"gps","sid":"s925"},"geometry":{"type":"Point","coordinates":[19.929215,49.959095]}},{"type":"Feature","properties":{"t":"sch","sid":"s925","name":"Lusina Dobrzyczany","imp":0.054,"d":3579},"geometry":{"type":"Point","coordinates":[19.934818,49.991081]}},{"type":"Feature","properties":{"t":"vec","sid":"s926","d":3866},"geometry":{"type":"LineString","coordinates":[[19.929915,49.955105],[19.932862,49.989825]]}},{"type":"Feature","properties":{"t":"gps","sid":"s926"},"geometry":{"type":"Point","coordinates":[19.929915,49.955105]}},{"type":"Feature","properties":{"t":"sch","sid":"s926","name":"Lusina Górka","imp":0.054,"d":3866},"geometry":{"type":"Point","coordinates":[19.932862,49.989825]}},{"type":"Feature","properties":{"t":"vec","sid":"s927","d":3887},"geometry":{"type":"LineString","coordinates":[[19.933525,49.953655],[19.930906,49.98857]]}},{"type":"Feature","properties":{"t":"gps","sid":"s927"},"geometry":{"type":"Point","coordinates":[19.933525,49.953655]}},{"type":"Feature","properties":{"t":"sch","sid":"s927","name":"Lusina Zielona","imp":0.054,"d":3887},"geometry":{"type":"Point","coordinates":[19.930906,49.98857]}},{"type":"Feature","properties":{"t":"vec","sid":"s928","d":4824},"geometry":{"type":"LineString","coordinates":[[19.92119,49.94422],[19.92895,49.987315]]}},{"type":"Feature","properties":{"t":"gps","sid":"s928"},"geometry":{"type":"Point","coordinates":[19.92119,49.94422]}},{"type":"Feature","properties":{"t":"sch","sid":"s928","name":"Konary Pętla","imp":0.059,"d":4824},"geometry":{"type":"Point","coordinates":[19.92895,49.987315]}},{"type":"Feature","properties":{"t":"vec","sid":"s929","d":2318},"geometry":{"type":"LineString","coordinates":[[19.922935,49.97564],[19.918166,49.996257]]}},{"type":"Feature","properties":{"t":"gps","sid":"s929"},"geometry":{"type":"Point","coordinates":[19.922935,49.97564]}},{"type":"Feature","properties":{"t":"sch","sid":"s929","name":"Lusina Krakowska","imp":0.054,"d":2318},"geometry":{"type":"Point","coordinates":[19.918166,49.996257]}},{"type":"Feature","properties":{"t":"vec","sid":"s930","d":2543},"geometry":{"type":"LineString","coordinates":[[19.92789,49.973875],[19.917317,49.995713]]}},{"type":"Feature","properties":{"t":"gps","sid":"s930"},"geometry":{"type":"Point","coordinates":[19.92789,49.973875]}},{"type":"Feature","properties":{"t":"sch","sid":"s930","name":"Lusina Dwór","imp":0.054,"d":2543},"geometry":{"type":"Point","coordinates":[19.917317,49.995713]}},{"type":"Feature","properties":{"t":"vec","sid":"s931","d":3790},"geometry":{"type":"LineString","coordinates":[[19.89105,49.961065],[19.912092,49.99236]]}},{"type":"Feature","properties":{"t":"gps","sid":"s931"},"geometry":{"type":"Point","coordinates":[19.89105,49.961065]}},{"type":"Feature","properties":{"t":"sch","sid":"s931","name":"Gaj Szkoła","imp":0.086,"d":3790},"geometry":{"type":"Point","coordinates":[19.912092,49.99236]}},{"type":"Feature","properties":{"t":"vec","sid":"s932","d":4118},"geometry":{"type":"LineString","coordinates":[[19.889485,49.955545],[19.906979,49.99084]]}},{"type":"Feature","properties":{"t":"gps","sid":"s932"},"geometry":{"type":"Point","coordinates":[19.889485,49.955545]}},{"type":"Feature","properties":{"t":"sch","sid":"s932","name":"Gaj Zadziele","imp":0.141,"d":4118},"geometry":{"type":"Point","coordinates":[19.906979,49.99084]}},{"type":"Feature","properties":{"t":"vec","sid":"s933","d":5134},"geometry":{"type":"LineString","coordinates":[[19.885755,49.9432],[19.906979,49.987315]]}},{"type":"Feature","properties":{"t":"gps","sid":"s933"},"geometry":{"type":"Point","coordinates":[19.885755,49.9432]}},{"type":"Feature","properties":{"t":"sch","sid":"s933","name":"Mogilany Rynek","imp":0.122,"d":5134},"geometry":{"type":"Point","coordinates":[19.906979,49.987315]}},{"type":"Feature","properties":{"t":"vec","sid":"s934","d":6318},"geometry":{"type":"LineString","coordinates":[[19.755735,50.001305],[19.83667,50.024331]]}},{"type":"Feature","properties":{"t":"gps","sid":"s934"},"geometry":{"type":"Point","coordinates":[19.755735,50.001305]}},{"type":"Feature","properties":{"t":"sch","sid":"s934","name":"Rączna Osiedle","imp":0.054,"d":6318},"geometry":{"type":"Point","coordinates":[19.83667,50.024331]}},{"type":"Feature","properties":{"t":"vec","sid":"s935","d":7116},"geometry":{"type":"LineString","coordinates":[[19.9387,50.196075],[19.948175,50.13237]]}},{"type":"Feature","properties":{"t":"gps","sid":"s935"},"geometry":{"type":"Point","coordinates":[19.9387,50.196075]}},{"type":"Feature","properties":{"t":"sch","sid":"s935","name":"Krasieniec Stary Kopalina","imp":0.054,"d":7116},"geometry":{"type":"Point","coordinates":[19.948175,50.13237]}},{"type":"Feature","properties":{"t":"vec","sid":"s936","d":5612},"geometry":{"type":"LineString","coordinates":[[19.973805,49.93195],[19.963967,49.982027]]}},{"type":"Feature","properties":{"t":"gps","sid":"s936"},"geometry":{"type":"Point","coordinates":[19.973805,49.93195]}},{"type":"Feature","properties":{"t":"sch","sid":"s936","name":"Świątniki Górne Piasna Górka","imp":0.054,"d":5612},"geometry":{"type":"Point","coordinates":[19.963967,49.982027]}},{"type":"Feature","properties":{"t":"vec","sid":"s937","d":5669},"geometry":{"type":"LineString","coordinates":[[19.981065,49.931655],[19.968774,49.982027]]}},{"type":"Feature","properties":{"t":"gps","sid":"s937"},"geometry":{"type":"Point","coordinates":[19.981065,49.931655]}},{"type":"Feature","properties":{"t":"sch","sid":"s937","name":"Rzeszotary Zalesie","imp":0.054,"d":5669},"geometry":{"type":"Point","coordinates":[19.968774,49.982027]}},{"type":"Feature","properties":{"t":"vec","sid":"s938","d":5730},"geometry":{"type":"LineString","coordinates":[[19.99392,49.93218],[19.97358,49.982027]]}},{"type":"Feature","properties":{"t":"gps","sid":"s938"},"geometry":{"type":"Point","coordinates":[19.99392,49.93218]}},{"type":"Feature","properties":{"t":"sch","sid":"s938","name":"Rzeszotary Panciawa","imp":0.054,"d":5730},"geometry":{"type":"Point","coordinates":[19.97358,49.982027]}},{"type":"Feature","properties":{"t":"vec","sid":"s939","d":5456},"geometry":{"type":"LineString","coordinates":[[19.999354,49.934838],[19.978386,49.982027]]}},{"type":"Feature","properties":{"t":"gps","sid":"s939"},"geometry":{"type":"Point","coordinates":[19.999354,49.934838]}},{"type":"Feature","properties":{"t":"sch","sid":"s939","name":"Rzeszotary Panciawa Pętla","imp":0.114,"d":5456},"geometry":{"type":"Point","coordinates":[19.978386,49.982027]}},{"type":"Feature","properties":{"t":"vec","sid":"s940","d":5477},"geometry":{"type":"LineString","coordinates":[[19.89666,49.936545],[19.918344,49.98379]]}},{"type":"Feature","properties":{"t":"gps","sid":"s940"},"geometry":{"type":"Point","coordinates":[19.89666,49.936545]}},{"type":"Feature","properties":{"t":"sch","sid":"s940","name":"Mogilany Wiadukt","imp":0.07,"d":5477},"geometry":{"type":"Point","coordinates":[19.918344,49.98379]}},{"type":"Feature","properties":{"t":"vec","sid":"s941","d":5759},"geometry":{"type":"LineString","coordinates":[[19.906525,49.933255],[19.924216,49.98379]]}},{"type":"Feature","properties":{"t":"gps","sid":"s941"},"geometry":{"type":"Point","coordinates":[19.906525,49.933255]}},{"type":"Feature","properties":{"t":"sch","sid":"s941","name":"Mogilany Krótka","imp":0.07,"d":5759},"geometry":{"type":"Point","coordinates":[19.924216,49.98379]}},{"type":"Feature","properties":{"t":"vec","sid":"s942","d":5477},"geometry":{"type":"LineString","coordinates":[[19.916245,49.93345],[19.92895,49.982027]]}},{"type":"Feature","properties":{"t":"gps","sid":"s942"},"geometry":{"type":"Point","coordinates":[19.916245,49.93345]}},{"type":"Feature","properties":{"t":"sch","sid":"s942","name":"Konary Królowej Polski","imp":0.09,"d":5477},"geometry":{"type":"Point","coordinates":[19.92895,49.982027]}},{"type":"Feature","properties":{"t":"vec","sid":"s943","d":6153},"geometry":{"type":"LineString","coordinates":[[19.919925,49.923735],[19.92682,49.978897]]}},{"type":"Feature","properties":{"t":"gps","sid":"s943"},"geometry":{"type":"Point","coordinates":[19.919925,49.923735]}},{"type":"Feature","properties":{"t":"sch","sid":"s943","name":"Włosań Kopań","imp":0.054,"d":6153},"geometry":{"type":"Point","coordinates":[19.92682,49.978897]}},{"type":"Feature","properties":{"t":"vec","sid":"s944","d":6655},"geometry":{"type":"LineString","coordinates":[[19.914825,49.918085],[19.924783,49.97759]]}},{"type":"Feature","properties":{"t":"gps","sid":"s944"},"geometry":{"type":"Point","coordinates":[19.914825,49.918085]}},{"type":"Feature","properties":{"t":"sch","sid":"s944","name":"Włosań Krzyżówka","imp":0.054,"d":6655},"geometry":{"type":"Point","coordinates":[19.924783,49.97759]}},{"type":"Feature","properties":{"t":"vec","sid":"s945","d":6942},"geometry":{"type":"LineString","coordinates":[[19.90301,49.91359],[19.920711,49.974976]]}},{"type":"Feature","properties":{"t":"gps","sid":"s945"},"geometry":{"type":"Point","coordinates":[19.90301,49.91359]}},{"type":"Feature","properties":{"t":"sch","sid":"s945","name":"Włosań Centrum","imp":0.059,"d":6942},"geometry":{"type":"Point","coordinates":[19.920711,49.974976]}},{"type":"Feature","properties":{"t":"vec","sid":"s946","d":3442},"geometry":{"type":"LineString","coordinates":[[19.85842,49.97478],[19.8905,49.997891]]}},{"type":"Feature","properties":{"t":"gps","sid":"s946"},"geometry":{"type":"Point","coordinates":[19.85842,49.97478]}},{"type":"Feature","properties":{"t":"sch","sid":"s946","name":"Skawina Korabniki","imp":0.125,"d":3442},"geometry":{"type":"Point","coordinates":[19.8905,49.997891]}},{"type":"Feature","properties":{"t":"vec","sid":"s947","d":4695},"geometry":{"type":"LineString","coordinates":[[19.822685,49.96937],[19.868528,49.999654]]}},{"type":"Feature","properties":{"t":"gps","sid":"s947"},"geometry":{"type":"Point","coordinates":[19.822685,49.96937]}},{"type":"Feature","properties":{"t":"sch","sid":"s947","name":"Skawina Radziszowska","imp":0.074,"d":4695},"geometry":{"type":"Point","coordinates":[19.868528,49.999654]}},{"type":"Feature","properties":{"t":"vec","sid":"s948","d":5278},"geometry":{"type":"LineString","coordinates":[[19.815465,49.95978],[19.863035,49.996128]]}},{"type":"Feature","properties":{"t":"gps","sid":"s948"},"geometry":{"type":"Point","coordinates":[19.815465,49.95978]}},{"type":"Feature","properties":{"t":"sch","sid":"s948","name":"Skawina Os. Radziszowskie","imp":0.074,"d":5278},"geometry":{"type":"Point","coordinates":[19.863035,49.996128]}},{"type":"Feature","properties":{"t":"vec","sid":"s949","d":6400},"geometry":{"type":"LineString","coordinates":[[19.81124,49.946775],[19.863035,49.993758]]}},{"type":"Feature","properties":{"t":"gps","sid":"s949"},"geometry":{"type":"Point","coordinates":[19.81124,49.946775]}},{"type":"Feature","properties":{"t":"sch","sid":"s949","name":"Radziszów Kamionna","imp":0.054,"d":6400},"geometry":{"type":"Point","coordinates":[19.863035,49.993758]}},{"type":"Feature","properties":{"t":"vec","sid":"s950","d":7091},"geometry":{"type":"LineString","coordinates":[[19.809815,49.93872],[19.863035,49.992572]]}},{"type":"Feature","properties":{"t":"gps","sid":"s950"},"geometry":{"type":"Point","coordinates":[19.809815,49.93872]}},{"type":"Feature","properties":{"t":"sch","sid":"s950","name":"Radziszów Centrum","imp":0.054,"d":7091},"geometry":{"type":"Point","coordinates":[19.863035,49.992572]}},{"type":"Feature","properties":{"t":"vec","sid":"s951","d":2925},"geometry":{"type":"LineString","coordinates":[[19.93059,49.97047],[19.916469,49.995168]]}},{"type":"Feature","properties":{"t":"gps","sid":"s951"},"geometry":{"type":"Point","coordinates":[19.93059,49.97047]}},{"type":"Feature","properties":{"t":"sch","sid":"s951","name":"Lusina Spacerowa","imp":0.054,"d":2925},"geometry":{"type":"Point","coordinates":[19.916469,49.995168]}},{"type":"Feature","properties":{"t":"vec","sid":"s952","d":3173},"geometry":{"type":"LineString","coordinates":[[19.92992,49.9676],[19.91562,49.994624]]}},{"type":"Feature","properties":{"t":"gps","sid":"s952"},"geometry":{"type":"Point","coordinates":[19.92992,49.9676]}},{"type":"Feature","properties":{"t":"sch","sid":"s952","name":"Lusina Szkoła","imp":0.054,"d":3173},"geometry":{"type":"Point","coordinates":[19.91562,49.994624]}},{"type":"Feature","properties":{"t":"vec","sid":"s953","d":2796},"geometry":{"type":"LineString","coordinates":[[19.840235,50.110175],[19.871275,50.094838]]}},{"type":"Feature","properties":{"t":"gps","sid":"s953"},"geometry":{"type":"Point","coordinates":[19.840235,50.110175]}},{"type":"Feature","properties":{"t":"sch","sid":"s953","name":"Modlniczka Trzcie","imp":0.125,"d":2796},"geometry":{"type":"Point","coordinates":[19.871275,50.094838]}},{"type":"Feature","properties":{"t":"vec","sid":"s954","d":4967},"geometry":{"type":"LineString","coordinates":[[19.82029,50.135815],[19.871275,50.105414]]}},{"type":"Feature","properties":{"t":"gps","sid":"s954"},"geometry":{"type":"Point","coordinates":[19.82029,50.135815]}},{"type":"Feature","properties":{"t":"sch","sid":"s954","name":"Ujazd Pętla","imp":0.13,"d":4967},"geometry":{"type":"Point","coordinates":[19.871275,50.105414]}},{"type":"Feature","properties":{"t":"vec","sid":"s955","d":4460},"geometry":{"type":"LineString","coordinates":[[19.81485,50.124935],[19.861662,50.098363]]}},{"type":"Feature","properties":{"t":"gps","sid":"s955"},"geometry":{"type":"Point","coordinates":[19.81485,50.124935]}},{"type":"Feature","properties":{"t":"sch","sid":"s955","name":"Brzezie Kulka","imp":0.086,"d":4460},"geometry":{"type":"Point","coordinates":[19.861662,50.098363]}},{"type":"Feature","properties":{"t":"vec","sid":"s956","d":4383},"geometry":{"type":"LineString","coordinates":[[19.82181,50.128725],[19.865782,50.1012]]}},{"type":"Feature","properties":{"t":"gps","sid":"s956"},"geometry":{"type":"Point","coordinates":[19.82181,50.128725]}},{"type":"Feature","properties":{"t":"sch","sid":"s956","name":"Brzezie Kluczwody","imp":0.054,"d":4383},"geometry":{"type":"Point","coordinates":[19.865782,50.1012]}},{"type":"Feature","properties":{"t":"vec","sid":"s957","d":7035},"geometry":{"type":"LineString","coordinates":[[19.77908,50.14945],[19.854796,50.108939]]}},{"type":"Feature","properties":{"t":"gps","sid":"s957"},"geometry":{"type":"Point","coordinates":[19.77908,50.14945]}},{"type":"Feature","properties":{"t":"sch","sid":"s957","name":"Karniowice Górki","imp":0.054,"d":7035},"geometry":{"type":"Point","coordinates":[19.854796,50.108939]}},{"type":"Feature","properties":{"t":"vec","sid":"s958","d":7250},"geometry":{"type":"LineString","coordinates":[[19.7739,50.15236],[19.85205,50.110702]]}},{"type":"Feature","properties":{"t":"gps","sid":"s958"},"geometry":{"type":"Point","coordinates":[19.7739,50.15236]}},{"type":"Feature","properties":{"t":"sch","sid":"s958","name":"Karniowice Pętla","imp":0.059,"d":7250},"geometry":{"type":"Point","coordinates":[19.85205,50.110702]}},{"type":"Feature","properties":{"t":"vec","sid":"s959","d":3602},"geometry":{"type":"LineString","coordinates":[[19.82889,50.116655],[19.868528,50.0966]]}},{"type":"Feature","properties":{"t":"gps","sid":"s959"},"geometry":{"type":"Point","coordinates":[19.82889,50.116655]}},{"type":"Feature","properties":{"t":"sch","sid":"s959","name":"Brzezie Działki","imp":0.086,"d":3602},"geometry":{"type":"Point","coordinates":[19.868528,50.0966]}},{"type":"Feature","properties":{"t":"vec","sid":"s960","d":4158},"geometry":{"type":"LineString","coordinates":[[19.821698,50.12281],[19.865782,50.098363]]}},{"type":"Feature","properties":{"t":"gps","sid":"s960"},"geometry":{"type":"Point","coordinates":[19.821698,50.12281]}},{"type":"Feature","properties":{"t":"sch","sid":"s960","name":"Brzezie Narodowe","imp":0.106,"d":4158},"geometry":{"type":"Point","coordinates":[19.865782,50.098363]}},{"type":"Feature","properties":{"t":"vec","sid":"s961","d":7396},"geometry":{"type":"LineString","coordinates":[[19.73383,50.112785],[19.828705,50.086024]]}},{"type":"Feature","properties":{"t":"gps","sid":"s961"},"geometry":{"type":"Point","coordinates":[19.73383,50.112785]}},{"type":"Feature","properties":{"t":"sch","sid":"s961","name":"Kochanów Sowiarka","imp":0.07,"d":7396},"geometry":{"type":"Point","coordinates":[19.828705,50.086024]}},{"type":"Feature","properties":{"t":"vec","sid":"s962","d":5030},"geometry":{"type":"LineString","coordinates":[[19.892845,49.942105],[19.912472,49.985552]]}},{"type":"Feature","properties":{"t":"gps","sid":"s962"},"geometry":{"type":"Point","coordinates":[19.892845,49.942105]}},{"type":"Feature","properties":{"t":"sch","sid":"s962","name":"Mogilany Ośrodek Zdrowia","imp":0.122,"d":5030},"geometry":{"type":"Point","coordinates":[19.912472,49.985552]}},{"type":"Feature","properties":{"t":"vec","sid":"s963","d":2970},"geometry":{"type":"LineString","coordinates":[[20.04055,50.11856],[20.010428,50.100126]]}},{"type":"Feature","properties":{"t":"gps","sid":"s963"},"geometry":{"type":"Point","coordinates":[20.04055,50.11856]}},{"type":"Feature","properties":{"t":"sch","sid":"s963","name":"Raciborowice Granica","imp":0.07,"d":2970},"geometry":{"type":"Point","coordinates":[20.010428,50.100126]}},{"type":"Feature","properties":{"t":"vec","sid":"s964","d":5232},"geometry":{"type":"LineString","coordinates":[[19.934365,49.935115],[19.939936,49.982027]]}},{"type":"Feature","properties":{"t":"gps","sid":"s964"},"geometry":{"type":"Point","coordinates":[19.934365,49.935115]}},{"type":"Feature","properties":{"t":"sch","sid":"s964","name":"Świątniki Górne Buk","imp":0.054,"d":5232},"geometry":{"type":"Point","coordinates":[19.939936,49.982027]}},{"type":"Feature","properties":{"t":"vec","sid":"s965","d":2518},"geometry":{"type":"LineString","coordinates":[[19.85021,50.106215],[19.876768,50.091312]]}},{"type":"Feature","properties":{"t":"gps","sid":"s965"},"geometry":{"type":"Point","coordinates":[19.85021,50.106215]}},{"type":"Feature","properties":{"t":"sch","sid":"s965","name":"Modlniczka Leroy Merlin","imp":0.122,"d":2518},"geometry":{"type":"Point","coordinates":[19.876768,50.091312]}},{"type":"Feature","properties":{"t":"vec","sid":"s966","d":6567},"geometry":{"type":"LineString","coordinates":[[20.108455,50.14368],[20.041555,50.103135]]}},{"type":"Feature","properties":{"t":"gps","sid":"s966"},"geometry":{"type":"Point","coordinates":[20.108455,50.14368]}},{"type":"Feature","properties":{"t":"sch","sid":"s966","name":"Luborzyca Szkoła","imp":0.086,"d":6567},"geometry":{"type":"Point","coordinates":[20.041555,50.103135]}},{"type":"Feature","properties":{"t":"vec","sid":"s967","d":6793},"geometry":{"type":"LineString","coordinates":[[20.109325,50.146455],[20.038808,50.105414]]}},{"type":"Feature","properties":{"t":"gps","sid":"s967"},"geometry":{"type":"Point","coordinates":[20.109325,50.146455]}},{"type":"Feature","properties":{"t":"sch","sid":"s967","name":"Luborzyca","imp":0.106,"d":6793},"geometry":{"type":"Point","coordinates":[20.038808,50.105414]}},{"type":"Feature","properties":{"t":"vec","sid":"s968","d":6074},"geometry":{"type":"LineString","coordinates":[[20.107335,50.130765],[20.038808,50.098363]]}},{"type":"Feature","properties":{"t":"gps","sid":"s968"},"geometry":{"type":"Point","coordinates":[20.107335,50.130765]}},{"type":"Feature","properties":{"t":"sch","sid":"s968","name":"Dojazdów Działki","imp":0.154,"d":6074},"geometry":{"type":"Point","coordinates":[20.038808,50.098363]}},{"type":"Feature","properties":{"t":"vec","sid":"s969","d":2202},"geometry":{"type":"LineString","coordinates":[[19.96072,50.13101],[19.957386,50.111325]]}},{"type":"Feature","properties":{"t":"gps","sid":"s969"},"geometry":{"type":"Point","coordinates":[19.96072,50.13101]}},{"type":"Feature","properties":{"t":"sch","sid":"s969","name":"Bibice Mokra","imp":0.054,"d":2202},"geometry":{"type":"Point","coordinates":[19.957386,50.111325]}},{"type":"Feature","properties":{"t":"vec","sid":"s970","d":4470},"geometry":{"type":"LineString","coordinates":[[19.78075,50.031265],[19.842035,50.039572]]}},{"type":"Feature","properties":{"t":"gps","sid":"s970"},"geometry":{"type":"Point","coordinates":[19.78075,50.031265]}},{"type":"Feature","properties":{"t":"sch","sid":"s970","name":"Piekary Dół","imp":0.07,"d":4470},"geometry":{"type":"Point","coordinates":[19.842035,50.039572]}},{"type":"Feature","properties":{"t":"vec","sid":"s971","d":4259},"geometry":{"type":"LineString","coordinates":[[19.78757,50.018205],[19.842895,50.032557]]}},{"type":"Feature","properties":{"t":"gps","sid":"s971"},"geometry":{"type":"Point","coordinates":[19.78757,50.018205]}},{"type":"Feature","properties":{"t":"sch","sid":"s971","name":"Piekary Górne","imp":0.07,"d":4259},"geometry":{"type":"Point","coordinates":[19.842895,50.032557]}},{"type":"Feature","properties":{"t":"vec","sid":"s972","d":3498},"geometry":{"type":"LineString","coordinates":[[19.94618,49.957425],[19.945429,49.988882]]}},{"type":"Feature","properties":{"t":"gps","sid":"s972"},"geometry":{"type":"Point","coordinates":[19.94618,49.957425]}},{"type":"Feature","properties":{"t":"sch","sid":"s972","name":"Wrząsowice Pileckiego","imp":0.07,"d":3498},"geometry":{"type":"Point","coordinates":[19.945429,49.988882]}},{"type":"Feature","properties":{"t":"vec","sid":"s973","d":3627},"geometry":{"type":"LineString","coordinates":[[19.80826,50.093845],[19.854796,50.080736]]}},{"type":"Feature","properties":{"t":"gps","sid":"s973"},"geometry":{"type":"Point","coordinates":[19.80826,50.093845]}},{"type":"Feature","properties":{"t":"sch","sid":"s973","name":"Szczyglice Dom Kultury","imp":0.086,"d":3627},"geometry":{"type":"Point","coordinates":[19.854796,50.080736]}},{"type":"Feature","properties":{"t":"vec","sid":"s974","d":4925},"geometry":{"type":"LineString","coordinates":[[19.88344,49.94481],[19.902859,49.987315]]}},{"type":"Feature","properties":{"t":"gps","sid":"s974"},"geometry":{"type":"Point","coordinates":[19.88344,49.94481]}},{"type":"Feature","properties":{"t":"sch","sid":"s974","name":"Mogilany Cmentarz","imp":0.102,"d":4925},"geometry":{"type":"Point","coordinates":[19.902859,49.987315]}},{"type":"Feature","properties":{"t":"vec","sid":"s975","d":4819},"geometry":{"type":"LineString","coordinates":[[19.86958,49.94928],[19.895748,49.989235]]}},{"type":"Feature","properties":{"t":"gps","sid":"s975"},"geometry":{"type":"Point","coordinates":[19.86958,49.94928]}},{"type":"Feature","properties":{"t":"sch","sid":"s975","name":"Chorowice Pętla","imp":0.054,"d":4819},"geometry":{"type":"Point","coordinates":[19.895748,49.989235]}},{"type":"Feature","properties":{"t":"vec","sid":"s976","d":5565},"geometry":{"type":"LineString","coordinates":[[19.862185,49.945115],[19.892756,49.991155]]}},{"type":"Feature","properties":{"t":"gps","sid":"s976"},"geometry":{"type":"Point","coordinates":[19.862185,49.945115]}},{"type":"Feature","properties":{"t":"sch","sid":"s976","name":"Kulerzów Wąwóz","imp":0.054,"d":5565},"geometry":{"type":"Point","coordinates":[19.892756,49.991155]}},{"type":"Feature","properties":{"t":"vec","sid":"s977","d":5845},"geometry":{"type":"LineString","coordinates":[[19.85375,49.945295],[19.88946,49.992603]]}},{"type":"Feature","properties":{"t":"gps","sid":"s977"},"geometry":{"type":"Point","coordinates":[19.85375,49.945295]}},{"type":"Feature","properties":{"t":"sch","sid":"s977","name":"Kulerzów","imp":0.054,"d":5845},"geometry":{"type":"Point","coordinates":[19.88946,49.992603]}},{"type":"Feature","properties":{"t":"vec","sid":"s978","d":5825},"geometry":{"type":"LineString","coordinates":[[19.846615,49.946455],[19.885229,49.992603]]}},{"type":"Feature","properties":{"t":"gps","sid":"s978"},"geometry":{"type":"Point","coordinates":[19.846615,49.946455]}},{"type":"Feature","properties":{"t":"sch","sid":"s978","name":"Buków Szkoła","imp":0.054,"d":5825},"geometry":{"type":"Point","coordinates":[19.885229,49.992603]}},{"type":"Feature","properties":{"t":"vec","sid":"s979","d":5830},"geometry":{"type":"LineString","coordinates":[[19.84182,49.946595],[19.880998,49.992603]]}},{"type":"Feature","properties":{"t":"gps","sid":"s979"},"geometry":{"type":"Point","coordinates":[19.84182,49.946595]}},{"type":"Feature","properties":{"t":"sch","sid":"s979","name":"Buków Klin","imp":0.054,"d":5830},"geometry":{"type":"Point","coordinates":[19.880998,49.992603]}},{"type":"Feature","properties":{"t":"vec","sid":"s980","d":5293},"geometry":{"type":"LineString","coordinates":[[19.83487,49.95333],[19.876768,49.992603]]}},{"type":"Feature","properties":{"t":"gps","sid":"s980"},"geometry":{"type":"Point","coordinates":[19.83487,49.95333]}},{"type":"Feature","properties":{"t":"sch","sid":"s980","name":"Buków Pętla","imp":0.078,"d":5293},"geometry":{"type":"Point","coordinates":[19.876768,49.992603]}},{"type":"Feature","properties":{"t":"vec","sid":"s981","d":4015},"geometry":{"type":"LineString","coordinates":[[19.7911,50.086755],[19.844355,50.075099]]}},{"type":"Feature","properties":{"t":"gps","sid":"s981"},"geometry":{"type":"Point","coordinates":[19.7911,50.086755]}},{"type":"Feature","properties":{"t":"sch","sid":"s981","name":"Balice Remiza","imp":0.07,"d":4015},"geometry":{"type":"Point","coordinates":[19.844355,50.075099]}},{"type":"Feature","properties":{"t":"vec","sid":"s982","d":4352},"geometry":{"type":"LineString","coordinates":[[19.78233,50.090735],[19.839951,50.077926]]}},{"type":"Feature","properties":{"t":"gps","sid":"s982"},"geometry":{"type":"Point","coordinates":[19.78233,50.090735]}},{"type":"Feature","properties":{"t":"sch","sid":"s982","name":"Balice Grzybów","imp":0.07,"d":4352},"geometry":{"type":"Point","coordinates":[19.839951,50.077926]}},{"type":"Feature","properties":{"t":"vec","sid":"s983","d":4801},"geometry":{"type":"LineString","coordinates":[[19.774265,50.09364],[19.837749,50.079339]]}},{"type":"Feature","properties":{"t":"gps","sid":"s983"},"geometry":{"type":"Point","coordinates":[19.774265,50.09364]}},{"type":"Feature","properties":{"t":"sch","sid":"s983","name":"Burów Balica","imp":0.07,"d":4801},"geometry":{"type":"Point","coordinates":[19.837749,50.079339]}},{"type":"Feature","properties":{"t":"vec","sid":"s984","d":4992},"geometry":{"type":"LineString","coordinates":[[19.76934,50.09525],[19.835547,50.080752]]}},{"type":"Feature","properties":{"t":"gps","sid":"s984"},"geometry":{"type":"Point","coordinates":[19.76934,50.09525]}},{"type":"Feature","properties":{"t":"sch","sid":"s984","name":"Burów Centrum","imp":0.07,"d":4992},"geometry":{"type":"Point","coordinates":[19.835547,50.080752]}},{"type":"Feature","properties":{"t":"vec","sid":"s985","d":6593},"geometry":{"type":"LineString","coordinates":[[19.766705,49.9816],[19.842484,50.015518]]}},{"type":"Feature","properties":{"t":"gps","sid":"s985"},"geometry":{"type":"Point","coordinates":[19.766705,49.9816]}},{"type":"Feature","properties":{"t":"sch","sid":"s985","name":"Jeziorzany Górskie Domy","imp":0.07,"d":6593},"geometry":{"type":"Point","coordinates":[19.842484,50.015518]}},{"type":"Feature","properties":{"t":"vec","sid":"s986","d":3936},"geometry":{"type":"LineString","coordinates":[[19.97371,49.95416],[19.964654,49.989078]]}},{"type":"Feature","properties":{"t":"gps","sid":"s986"},"geometry":{"type":"Point","coordinates":[19.97371,49.95416]}},{"type":"Feature","properties":{"t":"sch","sid":"s986","name":"Ochojno Remiza","imp":0.059,"d":3936},"geometry":{"type":"Point","coordinates":[19.964654,49.989078]}},{"type":"Feature","properties":{"t":"vec","sid":"s987","d":6648},"geometry":{"type":"LineString","coordinates":[[19.754625,49.98458],[19.834339,50.015518]]}},{"type":"Feature","properties":{"t":"gps","sid":"s987"},"geometry":{"type":"Point","coordinates":[19.754625,49.98458]}},{"type":"Feature","properties":{"t":"sch","sid":"s987","name":"Wołowice Grotowa Skrzyżowanie","imp":0.07,"d":6648},"geometry":{"type":"Point","coordinates":[19.834339,50.015518]}},{"type":"Feature","properties":{"t":"vec","sid":"s988","d":8063},"geometry":{"type":"LineString","coordinates":[[19.727,49.989233],[19.827332,50.022568]]}},{"type":"Feature","properties":{"t":"gps","sid":"s988"},"geometry":{"type":"Point","coordinates":[19.727,49.989233]}},{"type":"Feature","properties":{"t":"sch","sid":"s988","name":"Wołowice Remiza","imp":0.09,"d":8063},"geometry":{"type":"Point","coordinates":[19.827332,50.022568]}},{"type":"Feature","properties":{"t":"vec","sid":"s989","d":7700},"geometry":{"type":"LineString","coordinates":[[19.73122,49.993775],[19.828705,50.02345]]}},{"type":"Feature","properties":{"t":"gps","sid":"s989"},"geometry":{"type":"Point","coordinates":[19.73122,49.993775]}},{"type":"Feature","properties":{"t":"sch","sid":"s989","name":"Wołowice Szkoła","imp":0.07,"d":7700},"geometry":{"type":"Point","coordinates":[19.828705,50.02345]}},{"type":"Feature","properties":{"t":"vec","sid":"s990","d":3229},"geometry":{"type":"LineString","coordinates":[[20.042942,49.993083],[20.008597,50.011992]]}},{"type":"Feature","properties":{"t":"gps","sid":"s990"},"geometry":{"type":"Point","coordinates":[20.042942,49.993083]}},{"type":"Feature","properties":{"t":"sch","sid":"s990","name":"Wieliczka Os. Kościuszki","imp":0.208,"d":3229},"geometry":{"type":"Point","coordinates":[20.008597,50.011992]}},{"type":"Feature","properties":{"t":"vec","sid":"s991","d":4079},"geometry":{"type":"LineString","coordinates":[[20.064696,49.987319],[20.025076,50.013755]]}},{"type":"Feature","properties":{"t":"gps","sid":"s991"},"geometry":{"type":"Point","coordinates":[20.064696,49.987319]}},{"type":"Feature","properties":{"t":"sch","sid":"s991","name":"Wieliczka Cmentarz","imp":0.309,"d":4079},"geometry":{"type":"Point","coordinates":[20.025076,50.013755]}},{"type":"Feature","properties":{"t":"vec","sid":"s992","d":4301},"geometry":{"type":"LineString","coordinates":[[20.07601,49.98645],[20.033315,50.013755]]}},{"type":"Feature","properties":{"t":"gps","sid":"s992"},"geometry":{"type":"Point","coordinates":[20.07601,49.98645]}},{"type":"Feature","properties":{"t":"sch","sid":"s992","name":"Wieliczka Kampus","imp":0.198,"d":4301},"geometry":{"type":"Point","coordinates":[20.033315,50.013755]}},{"type":"Feature","properties":{"t":"vec","sid":"s993","d":4438},"geometry":{"type":"LineString","coordinates":[[19.98953,50.160395],[19.97718,50.121278]]}},{"type":"Feature","properties":{"t":"gps","sid":"s993"},"geometry":{"type":"Point","coordinates":[19.98953,50.160395]}},{"type":"Feature","properties":{"t":"sch","sid":"s993","name":"Masłomiąca Koźlica","imp":0.054,"d":4438},"geometry":{"type":"Point","coordinates":[19.97718,50.121278]}},{"type":"Feature","properties":{"t":"vec","sid":"s994","d":4869},"geometry":{"type":"LineString","coordinates":[[20.033015,50.154435],[20.000358,50.11599]]}},{"type":"Feature","properties":{"t":"gps","sid":"s994"},"geometry":{"type":"Point","coordinates":[20.033015,50.154435]}},{"type":"Feature","properties":{"t":"sch","sid":"s994","name":"Więcławice Stare Wysyłek","imp":0.074,"d":4869},"geometry":{"type":"Point","coordinates":[20.000358,50.11599]}},{"type":"Feature","properties":{"t":"vec","sid":"s995","d":7152},"geometry":{"type":"LineString","coordinates":[[19.745,49.98172],[19.830267,50.015518]]}},{"type":"Feature","properties":{"t":"gps","sid":"s995"},"geometry":{"type":"Point","coordinates":[19.745,49.98172]}},{"type":"Feature","properties":{"t":"sch","sid":"s995","name":"Wołowice Zawierzbie","imp":0.07,"d":7152},"geometry":{"type":"Point","coordinates":[19.830267,50.015518]}},{"type":"Feature","properties":{"t":"vec","sid":"s996","d":7877},"geometry":{"type":"LineString","coordinates":[[19.72797,49.98643],[19.827332,50.01728]]}},{"type":"Feature","properties":{"t":"gps","sid":"s996"},"geometry":{"type":"Point","coordinates":[19.72797,49.98643]}},{"type":"Feature","properties":{"t":"sch","sid":"s996","name":"Wołowice Kapliczka","imp":0.134,"d":7877},"geometry":{"type":"Point","coordinates":[19.827332,50.01728]}},{"type":"Feature","properties":{"t":"vec","sid":"s997","d":7184},"geometry":{"type":"LineString","coordinates":[[19.74308,49.99576],[19.833374,50.024331]]}},{"type":"Feature","properties":{"t":"gps","sid":"s997"},"geometry":{"type":"Point","coordinates":[19.74308,49.99576]}},{"type":"Feature","properties":{"t":"sch","sid":"s997","name":"Dąbrowa Szlachecka Figurka","imp":0.054,"d":7184},"geometry":{"type":"Point","coordinates":[19.833374,50.024331]}},{"type":"Feature","properties":{"t":"vec","sid":"s998","d":6663},"geometry":{"type":"LineString","coordinates":[[19.75088,49.99837],[19.835022,50.024331]]}},{"type":"Feature","properties":{"t":"gps","sid":"s998"},"geometry":{"type":"Point","coordinates":[19.75088,49.99837]}},{"type":"Feature","properties":{"t":"sch","sid":"s998","name":"Dąbrowa Szlachecka Krzyż","imp":0.054,"d":6663},"geometry":{"type":"Point","coordinates":[19.835022,50.024331]}},{"type":"Feature","properties":{"t":"vec","sid":"s999","d":6629},"geometry":{"type":"LineString","coordinates":[[20.114325,50.133595],[20.041186,50.096837]]}},{"type":"Feature","properties":{"t":"gps","sid":"s999"},"geometry":{"type":"Point","coordinates":[20.114325,50.133595]}},{"type":"Feature","properties":{"t":"sch","sid":"s999","name":"Kocmyrzów Rondo","imp":0.054,"d":6629},"geometry":{"type":"Point","coordinates":[20.041186,50.096837]}},{"type":"Feature","properties":{"t":"vec","sid":"s1000","d":7264},"geometry":{"type":"LineString","coordinates":[[20.130105,50.13053],[20.045941,50.093785]]}},{"type":"Feature","properties":{"t":"gps","sid":"s1000"},"geometry":{"type":"Point","coordinates":[20.130105,50.13053]}},{"type":"Feature","properties":{"t":"sch","sid":"s1000","name":"Kocmyrzów Biblioteka","imp":0.054,"d":7264},"geometry":{"type":"Point","coordinates":[20.045941,50.093785]}},{"type":"Feature","properties":{"t":"vec","sid":"s1001","d":7533},"geometry":{"type":"LineString","coordinates":[[20.137305,50.13004],[20.048845,50.093075]]}},{"type":"Feature","properties":{"t":"gps","sid":"s1001"},"geometry":{"type":"Point","coordinates":[20.137305,50.13004]}},{"type":"Feature","properties":{"t":"sch","sid":"s1001","name":"Kocmyrzów Sodfiny","imp":0.054,"d":7533},"geometry":{"type":"Point","coordinates":[20.048845,50.093075]}},{"type":"Feature","properties":{"t":"vec","sid":"s1002","d":7893},"geometry":{"type":"LineString","coordinates":[[20.144505,50.132185],[20.052207,50.093075]]}},{"type":"Feature","properties":{"t":"gps","sid":"s1002"},"geometry":{"type":"Point","coordinates":[20.144505,50.132185]}},{"type":"Feature","properties":{"t":"sch","sid":"s1002","name":"Głęboka Kolonia","imp":0.054,"d":7893},"geometry":{"type":"Point","coordinates":[20.052207,50.093075]}},{"type":"Feature","properties":{"t":"vec","sid":"s1003","d":8035},"geometry":{"type":"LineString","coordinates":[[20.14924,50.13317],[20.05557,50.093075]]}},{"type":"Feature","properties":{"t":"gps","sid":"s1003"},"geometry":{"type":"Point","coordinates":[20.14924,50.13317]}},{"type":"Feature","properties":{"t":"sch","sid":"s1003","name":"Głęboka Staw","imp":0.054,"d":8035},"geometry":{"type":"Point","coordinates":[20.05557,50.093075]}},{"type":"Feature","properties":{"t":"vec","sid":"s1004","d":8665},"geometry":{"type":"LineString","coordinates":[[20.171205,50.13159],[20.065657,50.093075]]}},{"type":"Feature","properties":{"t":"gps","sid":"s1004"},"geometry":{"type":"Point","coordinates":[20.171205,50.13159]}},{"type":"Feature","properties":{"t":"sch","sid":"s1004","name":"Karniów Szkoła","imp":0.054,"d":8665},"geometry":{"type":"Point","coordinates":[20.065657,50.093075]}},{"type":"Feature","properties":{"t":"vec","sid":"s1005","d":1871},"geometry":{"type":"LineString","coordinates":[[19.87305,50.112685],[19.8905,50.100126]]}},{"type":"Feature","properties":{"t":"gps","sid":"s1005"},"geometry":{"type":"Point","coordinates":[19.87305,50.112685]}},{"type":"Feature","properties":{"t":"sch","sid":"s1005","name":"Modlnica Podchruście","imp":0.122,"d":1871},"geometry":{"type":"Point","coordinates":[19.8905,50.100126]}},{"type":"Feature","properties":{"t":"vec","sid":"s1006","d":2925},"geometry":{"type":"LineString","coordinates":[[19.870325,50.128315],[19.8905,50.105414]]}},{"type":"Feature","properties":{"t":"gps","sid":"s1006"},"geometry":{"type":"Point","coordinates":[19.870325,50.128315]}},{"type":"Feature","properties":{"t":"sch","sid":"s1006","name":"Modlnica Kolonia","imp":0.09,"d":2925},"geometry":{"type":"Point","coordinates":[19.8905,50.105414]}},{"type":"Feature","properties":{"t":"vec","sid":"s1007","d":3499},"geometry":{"type":"LineString","coordinates":[[19.86501,50.13758],[19.8905,50.110702]]}},{"type":"Feature","properties":{"t":"gps","sid":"s1007"},"geometry":{"type":"Point","coordinates":[19.86501,50.13758]}},{"type":"Feature","properties":{"t":"sch","sid":"s1007","name":"Modlnica Komora","imp":0.106,"d":3499},"geometry":{"type":"Point","coordinates":[19.8905,50.110702]}},{"type":"Feature","properties":{"t":"vec","sid":"s1008","d":3848},"geometry":{"type":"LineString","coordinates":[[19.862395,50.143005],[19.887753,50.112464]]}},{"type":"Feature","properties":{"t":"gps","sid":"s1008"},"geometry":{"type":"Point","coordinates":[19.862395,50.143005]}},{"type":"Feature","properties":{"t":"sch","sid":"s1008","name":"Szyce Spacerowa","imp":0.086,"d":3848},"geometry":{"type":"Point","coordinates":[19.887753,50.112464]}},{"type":"Feature","properties":{"t":"vec","sid":"s1009","d":4607},"geometry":{"type":"LineString","coordinates":[[19.853945,50.15055],[19.885007,50.114227]]}},{"type":"Feature","properties":{"t":"gps","sid":"s1009"},"geometry":{"type":"Point","coordinates":[19.853945,50.15055]}},{"type":"Feature","properties":{"t":"sch","sid":"s1009","name":"Szyce Wesoła","imp":0.106,"d":4607},"geometry":{"type":"Point","coordinates":[19.885007,50.114227]}},{"type":"Feature","properties":{"t":"vec","sid":"s1010","d":5330},"geometry":{"type":"LineString","coordinates":[[19.843205,50.15685],[19.882261,50.11599]]}},{"type":"Feature","properties":{"t":"gps","sid":"s1010"},"geometry":{"type":"Point","coordinates":[19.843205,50.15685]}},{"type":"Feature","properties":{"t":"sch","sid":"s1010","name":"Wielka Wieś Szkoła","imp":0.07,"d":5330},"geometry":{"type":"Point","coordinates":[19.882261,50.11599]}},{"type":"Feature","properties":{"t":"vec","sid":"s1011","d":6820},"geometry":{"type":"LineString","coordinates":[[19.826355,50.168725],[19.879514,50.117752]]}},{"type":"Feature","properties":{"t":"gps","sid":"s1011"},"geometry":{"type":"Point","coordinates":[19.826355,50.168725]}},{"type":"Feature","properties":{"t":"sch","sid":"s1011","name":"Biały Kościół Dolina Kluczwody","imp":0.106,"d":6820},"geometry":{"type":"Point","coordinates":[19.879514,50.117752]}},{"type":"Feature","properties":{"t":"vec","sid":"s1012","d":7973},"geometry":{"type":"LineString","coordinates":[[19.813635,50.17867],[19.876768,50.119515]]}},{"type":"Feature","properties":{"t":"gps","sid":"s1012"},"geometry":{"type":"Point","coordinates":[19.813635,50.17867]}},{"type":"Feature","properties":{"t":"sch","sid":"s1012","name":"Biały Kościół Murownia","imp":0.106,"d":7973},"geometry":{"type":"Point","coordinates":[19.876768,50.119515]}},{"type":"Feature","properties":{"t":"vec","sid":"s1013","d":8821},"geometry":{"type":"LineString","coordinates":[[19.797885,50.189755],[19.860289,50.121278]]}},{"type":"Feature","properties":{"t":"gps","sid":"s1013"},"geometry":{"type":"Point","coordinates":[19.797885,50.189755]}},{"type":"Feature","properties":{"t":"sch","sid":"s1013","name":"Czajowice Władysława Łokietka","imp":0.106,"d":8821},"geometry":{"type":"Point","coordinates":[19.860289,50.121278]}},{"type":"Feature","properties":{"t":"vec","sid":"s1014","d":8552},"geometry":{"type":"LineString","coordinates":[[19.79227,50.18449],[19.85974,50.120925]]}},{"type":"Feature","properties":{"t":"gps","sid":"s1014"},"geometry":{"type":"Point","coordinates":[19.79227,50.18449]}},{"type":"Feature","properties":{"t":"sch","sid":"s1014","name":"Bębło Stara Wieś","imp":0.07,"d":8552},"geometry":{"type":"Point","coordinates":[19.85974,50.120925]}},{"type":"Feature","properties":{"t":"vec","sid":"s1015","d":8423},"geometry":{"type":"LineString","coordinates":[[19.785725,50.179855],[19.85919,50.120573]]}},{"type":"Feature","properties":{"t":"gps","sid":"s1015"},"geometry":{"type":"Point","coordinates":[19.785725,50.179855]}},{"type":"Feature","properties":{"t":"sch","sid":"s1015","name":"Bębło Łabajowa","imp":0.07,"d":8423},"geometry":{"type":"Point","coordinates":[19.85919,50.120573]}},{"type":"Feature","properties":{"t":"vec","sid":"s1016","d":9091},"geometry":{"type":"LineString","coordinates":[[19.777375,50.18318],[19.858641,50.12022]]}},{"type":"Feature","properties":{"t":"gps","sid":"s1016"},"geometry":{"type":"Point","coordinates":[19.777375,50.18318]}},{"type":"Feature","properties":{"t":"sch","sid":"s1016","name":"Bębło Lasek","imp":0.07,"d":9091},"geometry":{"type":"Point","coordinates":[19.858641,50.12022]}},{"type":"Feature","properties":{"t":"vec","sid":"s1017","d":9375},"geometry":{"type":"LineString","coordinates":[[19.76715,50.18071],[19.858092,50.119868]]}},{"type":"Feature","properties":{"t":"gps","sid":"s1017"},"geometry":{"type":"Point","coordinates":[19.76715,50.18071]}},{"type":"Feature","properties":{"t":"sch","sid":"s1017","name":"Będkowice Mosurowa","imp":0.07,"d":9375},"geometry":{"type":"Point","coordinates":[19.858092,50.119868]}},{"type":"Feature","properties":{"t":"vec","sid":"s1018","d":9462},"geometry":{"type":"LineString","coordinates":[[19.762105,50.17858],[19.857543,50.119515]]}},{"type":"Feature","properties":{"t":"gps","sid":"s1018"},"geometry":{"type":"Point","coordinates":[19.762105,50.17858]}},{"type":"Feature","properties":{"t":"sch","sid":"s1018","name":"Będkowice Kawiory","imp":0.07,"d":9462},"geometry":{"type":"Point","coordinates":[19.857543,50.119515]}},{"type":"Feature","properties":{"t":"vec","sid":"s1019","d":9662},"geometry":{"type":"LineString","coordinates":[[19.754515,50.175945],[19.856993,50.119163]]}},{"type":"Feature","properties":{"t":"gps","sid":"s1019"},"geometry":{"type":"Point","coordinates":[19.754515,50.175945]}},{"type":"Feature","properties":{"t":"sch","sid":"s1019","name":"Będkowice Borynia","imp":0.07,"d":9662},"geometry":{"type":"Point","coordinates":[19.856993,50.119163]}},{"type":"Feature","properties":{"t":"vec","sid":"s1020","d":9207},"geometry":{"type":"LineString","coordinates":[[19.752065,50.16761],[19.855895,50.118457]]}},{"type":"Feature","properties":{"t":"gps","sid":"s1020"},"geometry":{"type":"Point","coordinates":[19.752065,50.16761]}},{"type":"Feature","properties":{"t":"sch","sid":"s1020","name":"Będkowice Rynek","imp":0.07,"d":9207},"geometry":{"type":"Point","coordinates":[19.855895,50.118457]}},{"type":"Feature","properties":{"t":"vec","sid":"s1021","d":3901},"geometry":{"type":"LineString","coordinates":[[19.81871,49.996745],[19.863035,50.01728]]}},{"type":"Feature","properties":{"t":"gps","sid":"s1021"},"geometry":{"type":"Point","coordinates":[19.81871,49.996745]}},{"type":"Feature","properties":{"t":"sch","sid":"s1021","name":"Skawina Podgórki","imp":0.078,"d":3901},"geometry":{"type":"Point","coordinates":[19.863035,50.01728]}},{"type":"Feature","properties":{"t":"vec","sid":"s1022","d":4191},"geometry":{"type":"LineString","coordinates":[[19.81147,49.98862],[19.857543,50.011992]]}},{"type":"Feature","properties":{"t":"gps","sid":"s1022"},"geometry":{"type":"Point","coordinates":[19.81147,49.98862]}},{"type":"Feature","properties":{"t":"sch","sid":"s1022","name":"Skawina Samborek Most","imp":0.074,"d":4191},"geometry":{"type":"Point","coordinates":[19.857543,50.011992]}},{"type":"Feature","properties":{"t":"vec","sid":"s1023","d":4189},"geometry":{"type":"LineString","coordinates":[[19.81429,49.98683],[19.860289,50.01023]]}},{"type":"Feature","properties":{"t":"gps","sid":"s1023"},"geometry":{"type":"Point","coordinates":[19.81429,49.98683]}},{"type":"Feature","properties":{"t":"sch","sid":"s1023","name":"Skawina Wojska Polskiego","imp":0.074,"d":4189},"geometry":{"type":"Point","coordinates":[19.860289,50.01023]}},{"type":"Feature","properties":{"t":"vec","sid":"s1024","d":3839},"geometry":{"type":"LineString","coordinates":[[19.816235,49.98456],[19.857315,50.00685]]}},{"type":"Feature","properties":{"t":"gps","sid":"s1024"},"geometry":{"type":"Point","coordinates":[19.816235,49.98456]}},{"type":"Feature","properties":{"t":"sch","sid":"s1024","name":"Skawina Tyniecka","imp":0.054,"d":3839},"geometry":{"type":"Point","coordinates":[19.857315,50.00685]}},{"type":"Feature","properties":{"t":"vec","sid":"s1025","d":4141},"geometry":{"type":"LineString","coordinates":[[19.820035,49.978185],[19.858802,50.005896]]}},{"type":"Feature","properties":{"t":"gps","sid":"s1025"},"geometry":{"type":"Point","coordinates":[19.820035,49.978185]}},{"type":"Feature","properties":{"t":"sch","sid":"s1025","name":"Skawina Tyniecka Osiedle","imp":0.054,"d":4141},"geometry":{"type":"Point","coordinates":[19.858802,50.005896]}},{"type":"Feature","properties":{"t":"vec","sid":"s1026","d":4470},"geometry":{"type":"LineString","coordinates":[[19.817097,49.975827],[19.860289,50.004942]]}},{"type":"Feature","properties":{"t":"gps","sid":"s1026"},"geometry":{"type":"Point","coordinates":[19.817097,49.975827]}},{"type":"Feature","properties":{"t":"sch","sid":"s1026","name":"Skawina Sąd","imp":0.106,"d":4470},"geometry":{"type":"Point","coordinates":[19.860289,50.004942]}},{"type":"Feature","properties":{"t":"vec","sid":"s1027","d":4479},"geometry":{"type":"LineString","coordinates":[[19.822705,49.97565],[19.865782,50.004942]]}},{"type":"Feature","properties":{"t":"gps","sid":"s1027"},"geometry":{"type":"Point","coordinates":[19.822705,49.97565]}},{"type":"Feature","properties":{"t":"sch","sid":"s1027","name":"Skawina Mickiewicza Szkoła","imp":0.122,"d":4479},"geometry":{"type":"Point","coordinates":[19.865782,50.004942]}},{"type":"Feature","properties":{"t":"vec","sid":"s1028","d":8915},"geometry":{"type":"LineString","coordinates":[[19.7473,50.1586],[19.854796,50.117752]]}},{"type":"Feature","properties":{"t":"gps","sid":"s1028"},"geometry":{"type":"Point","coordinates":[19.7473,50.1586]}},{"type":"Feature","properties":{"t":"sch","sid":"s1028","name":"Będkowice Pętla","imp":0.099,"d":8915},"geometry":{"type":"Point","coordinates":[19.854796,50.117752]}},{"type":"Feature","properties":{"t":"vec","sid":"s1029","d":5825},"geometry":{"type":"LineString","coordinates":[[19.791795,50.131965],[19.854417,50.098363]]}},{"type":"Feature","properties":{"t":"gps","sid":"s1029"},"geometry":{"type":"Point","coordinates":[19.791795,50.131965]}},{"type":"Feature","properties":{"t":"sch","sid":"s1029","name":"Bolechowice Zielona Mała","imp":0.054,"d":5825},"geometry":{"type":"Point","coordinates":[19.854417,50.098363]}},{"type":"Feature","properties":{"t":"vec","sid":"s1030","d":6532},"geometry":{"type":"LineString","coordinates":[[19.77831,50.13381],[19.851291,50.098363]]}},{"type":"Feature","properties":{"t":"gps","sid":"s1030"},"geometry":{"type":"Point","coordinates":[19.77831,50.13381]}},{"type":"Feature","properties":{"t":"sch","sid":"s1030","name":"Więckowice Lipka","imp":0.054,"d":6532},"geometry":{"type":"Point","coordinates":[19.851291,50.098363]}},{"type":"Feature","properties":{"t":"vec","sid":"s1031","d":7090},"geometry":{"type":"LineString","coordinates":[[19.76997,50.1377],[19.848166,50.098363]]}},{"type":"Feature","properties":{"t":"gps","sid":"s1031"},"geometry":{"type":"Point","coordinates":[19.76997,50.1377]}},{"type":"Feature","properties":{"t":"sch","sid":"s1031","name":"Więckowice Ogrodowa","imp":0.054,"d":7090},"geometry":{"type":"Point","coordinates":[19.848166,50.098363]}},{"type":"Feature","properties":{"t":"vec","sid":"s1032","d":8034},"geometry":{"type":"LineString","coordinates":[[19.762105,50.147225],[19.84504,50.098363]]}},{"type":"Feature","properties":{"t":"gps","sid":"s1032"},"geometry":{"type":"Point","coordinates":[19.762105,50.147225]}},{"type":"Feature","properties":{"t":"sch","sid":"s1032","name":"Kobylany Kwiatowa","imp":0.054,"d":8034},"geometry":{"type":"Point","coordinates":[19.84504,50.098363]}},{"type":"Feature","properties":{"t":"vec","sid":"s1033","d":8250},"geometry":{"type":"LineString","coordinates":[[19.75303,50.14811],[19.838789,50.098363]]}},{"type":"Feature","properties":{"t":"gps","sid":"s1033"},"geometry":{"type":"Point","coordinates":[19.75303,50.14811]}},{"type":"Feature","properties":{"t":"sch","sid":"s1033","name":"Kobylany Dworska","imp":0.054,"d":8250},"geometry":{"type":"Point","coordinates":[19.838789,50.098363]}},{"type":"Feature","properties":{"t":"vec","sid":"s1034","d":7669},"geometry":{"type":"LineString","coordinates":[[19.74795,50.13821],[19.835663,50.098363]]}},{"type":"Feature","properties":{"t":"gps","sid":"s1034"},"geometry":{"type":"Point","coordinates":[19.74795,50.13821]}},{"type":"Feature","properties":{"t":"sch","sid":"s1034","name":"Brzezinka Zarzecze","imp":0.054,"d":7669},"geometry":{"type":"Point","coordinates":[19.835663,50.098363]}},{"type":"Feature","properties":{"t":"vec","sid":"s1035","d":8142},"geometry":{"type":"LineString","coordinates":[[19.73871,50.1378],[19.833426,50.096986]]}},{"type":"Feature","properties":{"t":"gps","sid":"s1035"},"geometry":{"type":"Point","coordinates":[19.73871,50.1378]}},{"type":"Feature","properties":{"t":"sch","sid":"s1035","name":"Brzezinka Kościół","imp":0.054,"d":8142},"geometry":{"type":"Point","coordinates":[19.833426,50.096986]}},{"type":"Feature","properties":{"t":"vec","sid":"s1036","d":7893},"geometry":{"type":"LineString","coordinates":[[19.739685,50.135415],[19.831216,50.095568]]}},{"type":"Feature","properties":{"t":"gps","sid":"s1036"},"geometry":{"type":"Point","coordinates":[19.739685,50.135415]}},{"type":"Feature","properties":{"t":"sch","sid":"s1036","name":"Brzezinka Skrzyżowanie","imp":0.054,"d":7893},"geometry":{"type":"Point","coordinates":[19.831216,50.095568]}},{"type":"Feature","properties":{"t":"vec","sid":"s1037","d":8477},"geometry":{"type":"LineString","coordinates":[[19.72087,50.12723],[19.826795,50.092731]]}},{"type":"Feature","properties":{"t":"gps","sid":"s1037"},"geometry":{"type":"Point","coordinates":[19.72087,50.12723]}},{"type":"Feature","properties":{"t":"sch","sid":"s1037","name":"Rudawa Osiedle","imp":0.054,"d":8477},"geometry":{"type":"Point","coordinates":[19.826795,50.092731]}},{"type":"Feature","properties":{"t":"vec","sid":"s1038","d":8754},"geometry":{"type":"LineString","coordinates":[[19.71178,50.12224],[19.824585,50.091312]]}},{"type":"Feature","properties":{"t":"gps","sid":"s1038"},"geometry":{"type":"Point","coordinates":[19.71178,50.12224]}},{"type":"Feature","properties":{"t":"sch","sid":"s1038","name":"Rudawa Rynek","imp":0.149,"d":8754},"geometry":{"type":"Point","coordinates":[19.824585,50.091312]}},{"type":"Feature","properties":{"t":"vec","sid":"s1040","d":9702},"geometry":{"type":"LineString","coordinates":[[19.70941,50.14825],[19.824585,50.101888]]}},{"type":"Feature","properties":{"t":"gps","sid":"s1040"},"geometry":{"type":"Point","coordinates":[19.70941,50.14825]}},{"type":"Feature","properties":{"t":"sch","sid":"s1040","name":"Radwanowice Pętla","imp":0.059,"d":9702},"geometry":{"type":"Point","coordinates":[19.824585,50.101888]}},{"type":"Feature","properties":{"t":"vec","sid":"s1041","d":9646},"geometry":{"type":"LineString","coordinates":[[19.70833,50.14496],[19.824585,50.100713]]}},{"type":"Feature","properties":{"t":"gps","sid":"s1041"},"geometry":{"type":"Point","coordinates":[19.70833,50.14496]}},{"type":"Feature","properties":{"t":"sch","sid":"s1041","name":"Radwanowice Krzeszowicka","imp":0.054,"d":9646},"geometry":{"type":"Point","coordinates":[19.824585,50.100713]}},{"type":"Feature","properties":{"t":"vec","sid":"s1042","d":10592},"geometry":{"type":"LineString","coordinates":[[19.6935,50.14422],[19.824585,50.099538]]}},{"type":"Feature","properties":{"t":"gps","sid":"s1042"},"geometry":{"type":"Point","coordinates":[19.6935,50.14422]}},{"type":"Feature","properties":{"t":"sch","sid":"s1042","name":"Pisary Dąbrówki","imp":0.054,"d":10592},"geometry":{"type":"Point","coordinates":[19.824585,50.099538]}},{"type":"Feature","properties":{"t":"vec","sid":"s1043","d":10300},"geometry":{"type":"LineString","coordinates":[[19.692955,50.135175],[19.824585,50.097188]]}},{"type":"Feature","properties":{"t":"gps","sid":"s1043"},"geometry":{"type":"Point","coordinates":[19.692955,50.135175]}},{"type":"Feature","properties":{"t":"sch","sid":"s1043","name":"Pisary Spacerowa","imp":0.054,"d":10300},"geometry":{"type":"Point","coordinates":[19.824585,50.097188]}},{"type":"Feature","properties":{"t":"vec","sid":"s1044","d":9746},"geometry":{"type":"LineString","coordinates":[[19.69673,50.12565],[19.824585,50.094838]]}},{"type":"Feature","properties":{"t":"gps","sid":"s1044"},"geometry":{"type":"Point","coordinates":[19.69673,50.12565]}},{"type":"Feature","properties":{"t":"sch","sid":"s1044","name":"Pisary Akacjowa","imp":0.054,"d":9746},"geometry":{"type":"Point","coordinates":[19.824585,50.094838]}},{"type":"Feature","properties":{"t":"vec","sid":"s1045","d":9393},"geometry":{"type":"LineString","coordinates":[[19.702175,50.124695],[19.824585,50.093663]]}},{"type":"Feature","properties":{"t":"gps","sid":"s1045"},"geometry":{"type":"Point","coordinates":[19.702175,50.124695]}},{"type":"Feature","properties":{"t":"sch","sid":"s1045","name":"Pisary Mleczna","imp":0.054,"d":9393},"geometry":{"type":"Point","coordinates":[19.824585,50.093663]}},{"type":"Feature","properties":{"t":"vec","sid":"s1046","d":9071},"geometry":{"type":"LineString","coordinates":[[19.7069,50.1233],[19.824585,50.092488]]}},{"type":"Feature","properties":{"t":"gps","sid":"s1046"},"geometry":{"type":"Point","coordinates":[19.7069,50.1233]}},{"type":"Feature","properties":{"t":"sch","sid":"s1046","name":"Rudawa Szkoła","imp":0.054,"d":9071},"geometry":{"type":"Point","coordinates":[19.824585,50.092488]}},{"type":"Feature","properties":{"t":"vec","sid":"s1047","d":3493},"geometry":{"type":"LineString","coordinates":[[19.96778,50.145815],[19.957871,50.115055]]}},{"type":"Feature","properties":{"t":"gps","sid":"s1047"},"geometry":{"type":"Point","coordinates":[19.96778,50.145815]}},{"type":"Feature","properties":{"t":"sch","sid":"s1047","name":"Michałowice Banasiówka","imp":0.086,"d":3493},"geometry":{"type":"Point","coordinates":[19.957871,50.115055]}},{"type":"Feature","properties":{"t":"vec","sid":"s1048","d":3452},"geometry":{"type":"LineString","coordinates":[[19.95737,50.150015],[19.951407,50.119203]]}},{"type":"Feature","properties":{"t":"gps","sid":"s1048"},"geometry":{"type":"Point","coordinates":[19.95737,50.150015]}},{"type":"Feature","properties":{"t":"sch","sid":"s1048","name":"Michałowice Brzozowa","imp":0.086,"d":3452},"geometry":{"type":"Point","coordinates":[19.951407,50.119203]}},{"type":"Feature","properties":{"t":"vec","sid":"s1049","d":3717},"geometry":{"type":"LineString","coordinates":[[19.948777,50.154703],[19.948175,50.121278]]}},{"type":"Feature","properties":{"t":"gps","sid":"s1049"},"geometry":{"type":"Point","coordinates":[19.948777,50.154703]}},{"type":"Feature","properties":{"t":"sch","sid":"s1049","name":"Michałowice Jana Pawła II","imp":0.106,"d":3717},"geometry":{"type":"Point","coordinates":[19.948175,50.121278]}},{"type":"Feature","properties":{"t":"vec","sid":"s1050","d":4198},"geometry":{"type":"LineString","coordinates":[[19.96649,50.158305],[19.955041,50.121278]]}},{"type":"Feature","properties":{"t":"gps","sid":"s1050"},"geometry":{"type":"Point","coordinates":[19.96649,50.158305]}},{"type":"Feature","properties":{"t":"sch","sid":"s1050","name":"Michałowice Ujęcie Wody","imp":0.054,"d":4198},"geometry":{"type":"Point","coordinates":[19.955041,50.121278]}},{"type":"Feature","properties":{"t":"vec","sid":"s1051","d":3355},"geometry":{"type":"LineString","coordinates":[[19.96288,50.14683],[19.954639,50.117129]]}},{"type":"Feature","properties":{"t":"gps","sid":"s1051"},"geometry":{"type":"Point","coordinates":[19.96288,50.14683]}},{"type":"Feature","properties":{"t":"sch","sid":"s1051","name":"Michałowice Kwiaty Polne","imp":0.086,"d":3355},"geometry":{"type":"Point","coordinates":[19.954639,50.117129]}},{"type":"Feature","properties":{"t":"vec","sid":"s1052","d":9042},"geometry":{"type":"LineString","coordinates":[[19.70175,50.114295],[19.820544,50.086024]]}},{"type":"Feature","properties":{"t":"gps","sid":"s1052"},"geometry":{"type":"Point","coordinates":[19.70175,50.114295]}},{"type":"Feature","properties":{"t":"sch","sid":"s1052","name":"Rudawa Młyn","imp":0.054,"d":9042},"geometry":{"type":"Point","coordinates":[19.820544,50.086024]}},{"type":"Feature","properties":{"t":"vec","sid":"s1053","d":8650},"geometry":{"type":"LineString","coordinates":[[19.713485,50.11977],[19.824585,50.088668]]}},{"type":"Feature","properties":{"t":"gps","sid":"s1053"},"geometry":{"type":"Point","coordinates":[19.713485,50.11977]}},{"type":"Feature","properties":{"t":"sch","sid":"s1053","name":"Rudawa PKP","imp":0.07,"d":8650},"geometry":{"type":"Point","coordinates":[19.824585,50.088668]}},{"type":"Feature","properties":{"t":"vec","sid":"s1054","d":8168},"geometry":{"type":"LineString","coordinates":[[19.758425,50.148615],[19.841914,50.098363]]}},{"type":"Feature","properties":{"t":"gps","sid":"s1054"},"geometry":{"type":"Point","coordinates":[19.758425,50.148615]}},{"type":"Feature","properties":{"t":"sch","sid":"s1054","name":"Kobylany Remiza","imp":0.054,"d":8168},"geometry":{"type":"Point","coordinates":[19.841914,50.098363]}},{"type":"Feature","properties":{"t":"vec","sid":"s1055","d":1368},"geometry":{"type":"LineString","coordinates":[[19.968045,50.116765],[19.966027,50.104532]]}},{"type":"Feature","properties":{"t":"gps","sid":"s1055"},"geometry":{"type":"Point","coordinates":[19.968045,50.116765]}},{"type":"Feature","properties":{"t":"sch","sid":"s1055","name":"Węgrzce Centrum Medyczne","imp":0.054,"d":1368},"geometry":{"type":"Point","coordinates":[19.966027,50.104532]}},{"type":"Feature","properties":{"t":"vec","sid":"s1056","d":1383},"geometry":{"type":"LineString","coordinates":[[19.974595,50.113995],[19.970147,50.101888]]}},{"type":"Feature","properties":{"t":"gps","sid":"s1056"},"geometry":{"type":"Point","coordinates":[19.974595,50.113995]}},{"type":"Feature","properties":{"t":"sch","sid":"s1056","name":"Węgrzce Magiczne Wzgórze","imp":0.074,"d":1383},"geometry":{"type":"Point","coordinates":[19.970147,50.101888]}},{"type":"Feature","properties":{"t":"vec","sid":"s1057","d":1196},"geometry":{"type":"LineString","coordinates":[[19.98048,50.109385],[19.973864,50.099503]]}},{"type":"Feature","properties":{"t":"gps","sid":"s1057"},"geometry":{"type":"Point","coordinates":[19.98048,50.109385]}},{"type":"Feature","properties":{"t":"sch","sid":"s1057","name":"Węgrzce B4","imp":0.054,"d":1196},"geometry":{"type":"Point","coordinates":[19.973864,50.099503]}},{"type":"Feature","properties":{"t":"vec","sid":"s1058","d":1281},"geometry":{"type":"LineString","coordinates":[[19.99047,50.109615],[19.986626,50.098363]]}},{"type":"Feature","properties":{"t":"gps","sid":"s1058"},"geometry":{"type":"Point","coordinates":[19.99047,50.109615]}},{"type":"Feature","properties":{"t":"sch","sid":"s1058","name":"Węgrzce B1","imp":0.09,"d":1281},"geometry":{"type":"Point","coordinates":[19.986626,50.098363]}},{"type":"Feature","properties":{"t":"vec","sid":"s1059","d":7726},"geometry":{"type":"LineString","coordinates":[[19.81183,50.18111],[19.871275,50.12304]]}},{"type":"Feature","properties":{"t":"gps","sid":"s1059"},"geometry":{"type":"Point","coordinates":[19.81183,50.18111]}},{"type":"Feature","properties":{"t":"sch","sid":"s1059","name":"Biały Kościół Murownia Pętla","imp":0.059,"d":7726},"geometry":{"type":"Point","coordinates":[19.871275,50.12304]}},{"type":"Feature","properties":{"t":"vec","sid":"s1060","d":2328},"geometry":{"type":"LineString","coordinates":[[19.994065,50.123245],[19.984562,50.103213]]}},{"type":"Feature","properties":{"t":"gps","sid":"s1060"},"geometry":{"type":"Point","coordinates":[19.994065,50.123245]}},{"type":"Feature","properties":{"t":"sch","sid":"s1060","name":"Bosutów Kościuszki","imp":0.054,"d":2328},"geometry":{"type":"Point","coordinates":[19.984562,50.103213]}},{"type":"Feature","properties":{"t":"vec","sid":"s1061","d":4319},"geometry":{"type":"LineString","coordinates":[[19.81328,49.99105],[19.860289,50.015518]]}},{"type":"Feature","properties":{"t":"gps","sid":"s1061"},"geometry":{"type":"Point","coordinates":[19.81328,49.99105]}},{"type":"Feature","properties":{"t":"sch","sid":"s1061","name":"Skawina Tyniecka Rzepnik","imp":0.074,"d":4319},"geometry":{"type":"Point","coordinates":[19.860289,50.015518]}},{"type":"Feature","properties":{"t":"vec","sid":"s1062","d":2612},"geometry":{"type":"LineString","coordinates":[[19.98313,50.12859],[19.981588,50.105122]]}},{"type":"Feature","properties":{"t":"gps","sid":"s1062"},"geometry":{"type":"Point","coordinates":[19.98313,50.12859]}},{"type":"Feature","properties":{"t":"sch","sid":"s1062","name":"Boleń Pętla","imp":0.054,"d":2612},"geometry":{"type":"Point","coordinates":[19.981588,50.105122]}},{"type":"Feature","properties":{"t":"vec","sid":"s1063","d":2603},"geometry":{"type":"LineString","coordinates":[[19.94601,49.96959],[19.945429,49.992995]]}},{"type":"Feature","properties":{"t":"gps","sid":"s1063"},"geometry":{"type":"Point","coordinates":[19.94601,49.96959]}},{"type":"Feature","properties":{"t":"sch","sid":"s1063","name":"Wrząsowice Spacerowa","imp":0.07,"d":2603},"geometry":{"type":"Point","coordinates":[19.945429,49.992995]}},{"type":"Feature","properties":{"t":"vec","sid":"s1064","d":2420},"geometry":{"type":"LineString","coordinates":[[19.97474,50.12874],[19.970147,50.107176]]}},{"type":"Feature","properties":{"t":"gps","sid":"s1064"},"geometry":{"type":"Point","coordinates":[19.97474,50.12874]}},{"type":"Feature","properties":{"t":"sch","sid":"s1064","name":"Węgrzce Pętla","imp":0.075,"d":2420},"geometry":{"type":"Point","coordinates":[19.970147,50.107176]}},{"type":"Feature","properties":{"t":"vec","sid":"s1065","d":2186},"geometry":{"type":"LineString","coordinates":[[19.974835,50.125725],[19.970147,50.106295]]}},{"type":"Feature","properties":{"t":"gps","sid":"s1065"},"geometry":{"type":"Point","coordinates":[19.974835,50.125725]}},{"type":"Feature","properties":{"t":"sch","sid":"s1065","name":"Węgrzce Błonie","imp":0.07,"d":2186},"geometry":{"type":"Point","coordinates":[19.970147,50.106295]}},{"type":"Feature","properties":{"t":"vec","sid":"s1066","d":7026},"geometry":{"type":"LineString","coordinates":[[20.10584,50.15167],[20.033315,50.108939]]}},{"type":"Feature","properties":{"t":"gps","sid":"s1066"},"geometry":{"type":"Point","coordinates":[20.10584,50.15167]}},{"type":"Feature","properties":{"t":"sch","sid":"s1066","name":"Wysiołek Luborzycki Skrzyżowanie","imp":0.09,"d":7026},"geometry":{"type":"Point","coordinates":[20.033315,50.108939]}},{"type":"Feature","properties":{"t":"vec","sid":"s1067","d":6960},"geometry":{"type":"LineString","coordinates":[[20.09986,50.15474],[20.031828,50.109893]]}},{"type":"Feature","properties":{"t":"gps","sid":"s1067"},"geometry":{"type":"Point","coordinates":[20.09986,50.15474]}},{"type":"Feature","properties":{"t":"sch","sid":"s1067","name":"Wysiołek Luborzycki Kapkazy","imp":0.054,"d":6960},"geometry":{"type":"Point","coordinates":[20.031828,50.109893]}},{"type":"Feature","properties":{"t":"vec","sid":"s1068","d":6949},"geometry":{"type":"LineString","coordinates":[[20.092045,50.159195],[20.030341,50.110848]]}},{"type":"Feature","properties":{"t":"gps","sid":"s1068"},"geometry":{"type":"Point","coordinates":[20.092045,50.159195]}},{"type":"Feature","properties":{"t":"sch","sid":"s1068","name":"Łuczyce Las","imp":0.054,"d":6949},"geometry":{"type":"Point","coordinates":[20.030341,50.110848]}},{"type":"Feature","properties":{"t":"vec","sid":"s1069","d":4586},"geometry":{"type":"LineString","coordinates":[[19.896995,50.159835],[19.91695,50.120627]]}},{"type":"Feature","properties":{"t":"gps","sid":"s1069"},"geometry":{"type":"Point","coordinates":[19.896995,50.159835]}},{"type":"Feature","properties":{"t":"sch","sid":"s1069","name":"Przybysławice Na Lipowiec","imp":0.07,"d":4586},"geometry":{"type":"Point","coordinates":[19.91695,50.120627]}},{"type":"Feature","properties":{"t":"vec","sid":"s1070","d":6703},"geometry":{"type":"LineString","coordinates":[[20.08431,50.160455],[20.028854,50.111802]]}},{"type":"Feature","properties":{"t":"gps","sid":"s1070"},"geometry":{"type":"Point","coordinates":[20.08431,50.160455]}},{"type":"Feature","properties":{"t":"sch","sid":"s1070","name":"Łuczyce Kosynierów","imp":0.054,"d":6703},"geometry":{"type":"Point","coordinates":[20.028854,50.111802]}},{"type":"Feature","properties":{"t":"vec","sid":"s1071","d":6717},"geometry":{"type":"LineString","coordinates":[[20.075375,50.164715],[20.027367,50.112756]]}},{"type":"Feature","properties":{"t":"gps","sid":"s1071"},"geometry":{"type":"Point","coordinates":[20.075375,50.164715]}},{"type":"Feature","properties":{"t":"sch","sid":"s1071","name":"Łuczyce Zjawienie","imp":0.054,"d":6717},"geometry":{"type":"Point","coordinates":[20.027367,50.112756]}},{"type":"Feature","properties":{"t":"vec","sid":"s1072","d":4016},"geometry":{"type":"LineString","coordinates":[[20.06409,49.984253],[20.022329,50.008467]]}},{"type":"Feature","properties":{"t":"gps","sid":"s1072"},"geometry":{"type":"Point","coordinates":[20.06409,49.984253]}},{"type":"Feature","properties":{"t":"sch","sid":"s1072","name":"Wieliczka Mediateka","imp":0.269,"d":4016},"geometry":{"type":"Point","coordinates":[20.022329,50.008467]}},{"type":"Feature","properties":{"t":"vec","sid":"s1073","d":3608},"geometry":{"type":"LineString","coordinates":[[20.056285,49.984385],[20.019583,50.006704]]}},{"type":"Feature","properties":{"t":"gps","sid":"s1073"},"geometry":{"type":"Point","coordinates":[20.056285,49.984385]}},{"type":"Feature","properties":{"t":"sch","sid":"s1073","name":"Wieliczka Kopalnia Soli","imp":0.16,"d":3608},"geometry":{"type":"Point","coordinates":[20.019583,50.006704]}},{"type":"Feature","properties":{"t":"vec","sid":"s1074","d":4734},"geometry":{"type":"LineString","coordinates":[[19.813675,49.973805],[19.858916,50.004942]]}},{"type":"Feature","properties":{"t":"gps","sid":"s1074"},"geometry":{"type":"Point","coordinates":[19.813675,49.973805]}},{"type":"Feature","properties":{"t":"sch","sid":"s1074","name":"Skawina Koncentraty","imp":0.07,"d":4734},"geometry":{"type":"Point","coordinates":[19.858916,50.004942]}},{"type":"Feature","properties":{"t":"vec","sid":"s1075","d":5075},"geometry":{"type":"LineString","coordinates":[[19.806755,49.973],[19.857543,50.004942]]}},{"type":"Feature","properties":{"t":"gps","sid":"s1075"},"geometry":{"type":"Point","coordinates":[19.806755,49.973]}},{"type":"Feature","properties":{"t":"sch","sid":"s1075","name":"Skawina Zachodnia","imp":0.07,"d":5075},"geometry":{"type":"Point","coordinates":[19.857543,50.004942]}},{"type":"Feature","properties":{"t":"vec","sid":"s1076","d":5196},"geometry":{"type":"LineString","coordinates":[[19.8032,49.972885],[19.856169,50.004942]]}},{"type":"Feature","properties":{"t":"gps","sid":"s1076"},"geometry":{"type":"Point","coordinates":[19.8032,49.972885]}},{"type":"Feature","properties":{"t":"sch","sid":"s1076","name":"Skawina Elektrownia","imp":0.07,"d":5196},"geometry":{"type":"Point","coordinates":[19.856169,50.004942]}},{"type":"Feature","properties":{"t":"vec","sid":"s1077","d":5428},"geometry":{"type":"LineString","coordinates":[[19.79827,49.972285],[19.854796,50.004942]]}},{"type":"Feature","properties":{"t":"gps","sid":"s1077"},"geometry":{"type":"Point","coordinates":[19.79827,49.972285]}},{"type":"Feature","properties":{"t":"sch","sid":"s1077","name":"Skawina Piłsudskiego","imp":0.09,"d":5428},"geometry":{"type":"Point","coordinates":[19.854796,50.004942]}},{"type":"Feature","properties":{"t":"vec","sid":"s1078","d":2766},"geometry":{"type":"LineString","coordinates":[[20.000933,49.973788],[19.983879,49.996128]]}},{"type":"Feature","properties":{"t":"gps","sid":"s1078"},"geometry":{"type":"Point","coordinates":[20.000933,49.973788]}},{"type":"Feature","properties":{"t":"sch","sid":"s1078","name":"Grabówki Pętla","imp":0.226,"d":2766},"geometry":{"type":"Point","coordinates":[19.983879,49.996128]}},{"type":"Feature","properties":{"t":"vec","sid":"s1079","d":3603},"geometry":{"type":"LineString","coordinates":[[19.855845,49.97467],[19.886782,50.000277]]}},{"type":"Feature","properties":{"t":"gps","sid":"s1079"},"geometry":{"type":"Point","coordinates":[19.855845,49.97467]}},{"type":"Feature","properties":{"t":"sch","sid":"s1079","name":"Skawina Wyspiańskiego","imp":0.07,"d":3603},"geometry":{"type":"Point","coordinates":[19.886782,50.000277]}},{"type":"Feature","properties":{"t":"vec","sid":"s1080","d":3986},"geometry":{"type":"LineString","coordinates":[[19.846115,49.974085],[19.882261,50.001416]]}},{"type":"Feature","properties":{"t":"gps","sid":"s1080"},"geometry":{"type":"Point","coordinates":[19.846115,49.974085]}},{"type":"Feature","properties":{"t":"sch","sid":"s1080","name":"Skawina Korabnicka","imp":0.09,"d":3986},"geometry":{"type":"Point","coordinates":[19.882261,50.001416]}},{"type":"Feature","properties":{"t":"vec","sid":"s1081","d":4427},"geometry":{"type":"LineString","coordinates":[[19.83689,49.97425],[19.879514,50.003179]]}},{"type":"Feature","properties":{"t":"gps","sid":"s1081"},"geometry":{"type":"Point","coordinates":[19.83689,49.97425]}},{"type":"Feature","properties":{"t":"sch","sid":"s1081","name":"Skawina Korabnicka Szkoła","imp":0.09,"d":4427},"geometry":{"type":"Point","coordinates":[19.879514,50.003179]}},{"type":"Feature","properties":{"t":"vec","sid":"s1082","d":6128},"geometry":{"type":"LineString","coordinates":[[19.78526,49.96854],[19.85205,50.003179]]}},{"type":"Feature","properties":{"t":"gps","sid":"s1082"},"geometry":{"type":"Point","coordinates":[19.78526,49.96854]}},{"type":"Feature","properties":{"t":"sch","sid":"s1082","name":"Skawina Sąsiedzka Pętla","imp":0.059,"d":6128},"geometry":{"type":"Point","coordinates":[19.85205,50.003179]}},{"type":"Feature","properties":{"t":"vec","sid":"s1083","d":6690},"geometry":{"type":"LineString","coordinates":[[19.77775,49.96578],[19.848924,50.004942]]}},{"type":"Feature","properties":{"t":"gps","sid":"s1083"},"geometry":{"type":"Point","coordinates":[19.77775,49.96578]}},{"type":"Feature","properties":{"t":"sch","sid":"s1083","name":"Borek Szlachecki Dworska","imp":0.07,"d":6690},"geometry":{"type":"Point","coordinates":[19.848924,50.004942]}},{"type":"Feature","properties":{"t":"vec","sid":"s1084","d":6930},"geometry":{"type":"LineString","coordinates":[[19.77152,49.964945],[19.845988,50.004942]]}},{"type":"Feature","properties":{"t":"gps","sid":"s1084"},"geometry":{"type":"Point","coordinates":[19.77152,49.964945]}},{"type":"Feature","properties":{"t":"sch","sid":"s1084","name":"Borek Szlachecki Kościół","imp":0.07,"d":6930},"geometry":{"type":"Point","coordinates":[19.845988,50.004942]}},{"type":"Feature","properties":{"t":"vec","sid":"s1085","d":7679},"geometry":{"type":"LineString","coordinates":[[19.758205,49.962475],[19.843052,50.004942]]}},{"type":"Feature","properties":{"t":"gps","sid":"s1085"},"geometry":{"type":"Point","coordinates":[19.758205,49.962475]}},{"type":"Feature","properties":{"t":"sch","sid":"s1085","name":"Zelczyna Lawendowa","imp":0.07,"d":7679},"geometry":{"type":"Point","coordinates":[19.843052,50.004942]}},{"type":"Feature","properties":{"t":"vec","sid":"s1086","d":8225},"geometry":{"type":"LineString","coordinates":[[19.747845,49.960435],[19.840394,50.004511]]}},{"type":"Feature","properties":{"t":"gps","sid":"s1086"},"geometry":{"type":"Point","coordinates":[19.747845,49.960435]}},{"type":"Feature","properties":{"t":"sch","sid":"s1086","name":"Zelczyna PKP","imp":0.07,"d":8225},"geometry":{"type":"Point","coordinates":[19.840394,50.004511]}},{"type":"Feature","properties":{"t":"vec","sid":"s1087","d":9374},"geometry":{"type":"LineString","coordinates":[[19.7225,49.958845],[19.834225,50.003179]]}},{"type":"Feature","properties":{"t":"gps","sid":"s1087"},"geometry":{"type":"Point","coordinates":[19.7225,49.958845]}},{"type":"Feature","properties":{"t":"sch","sid":"s1087","name":"Facimiech Pod Kolebą","imp":0.054,"d":9374},"geometry":{"type":"Point","coordinates":[19.834225,50.003179]}},{"type":"Feature","properties":{"t":"vec","sid":"s1088","d":9885},"geometry":{"type":"LineString","coordinates":[[19.71093,49.957895],[19.830133,50.003179]]}},{"type":"Feature","properties":{"t":"gps","sid":"s1088"},"geometry":{"type":"Point","coordinates":[19.71093,49.957895]}},{"type":"Feature","properties":{"t":"sch","sid":"s1088","name":"Wielkie Drogi PKP","imp":0.054,"d":9885},"geometry":{"type":"Point","coordinates":[19.830133,50.003179]}},{"type":"Feature","properties":{"t":"vec","sid":"s1089","d":10785},"geometry":{"type":"LineString","coordinates":[[19.68638,49.96071],[19.819828,50.006232]]}},{"type":"Feature","properties":{"t":"gps","sid":"s1089"},"geometry":{"type":"Point","coordinates":[19.68638,49.96071]}},{"type":"Feature","properties":{"t":"sch","sid":"s1089","name":"Wielkie Drogi Trzebol","imp":0.054,"d":10785},"geometry":{"type":"Point","coordinates":[19.819828,50.006232]}},{"type":"Feature","properties":{"t":"vec","sid":"s1090","d":11462},"geometry":{"type":"LineString","coordinates":[[19.674305,49.960705],[19.816934,50.008089]]}},{"type":"Feature","properties":{"t":"gps","sid":"s1090"},"geometry":{"type":"Point","coordinates":[19.674305,49.960705]}},{"type":"Feature","properties":{"t":"sch","sid":"s1090","name":"Jaśkowice PKP","imp":0.054,"d":11462},"geometry":{"type":"Point","coordinates":[19.816934,50.008089]}},{"type":"Feature","properties":{"t":"vec","sid":"s1091","d":11906},"geometry":{"type":"LineString","coordinates":[[19.666415,49.96006],[19.814041,50.009946]]}},{"type":"Feature","properties":{"t":"gps","sid":"s1091"},"geometry":{"type":"Point","coordinates":[19.666415,49.96006]}},{"type":"Feature","properties":{"t":"sch","sid":"s1091","name":"Jaśkowice Remiza","imp":0.054,"d":11906},"geometry":{"type":"Point","coordinates":[19.814041,50.009946]}},{"type":"Feature","properties":{"t":"vec","sid":"s1092","d":12777},"geometry":{"type":"LineString","coordinates":[[19.649085,49.96297],[19.811147,50.011804]]}},{"type":"Feature","properties":{"t":"gps","sid":"s1092"},"geometry":{"type":"Point","coordinates":[19.649085,49.96297]}},{"type":"Feature","properties":{"t":"sch","sid":"s1092","name":"Brzezinka Kuźnia","imp":0.054,"d":12777},"geometry":{"type":"Point","coordinates":[19.811147,50.011804]}},{"type":"Feature","properties":{"t":"vec","sid":"s1093","d":13250},"geometry":{"type":"LineString","coordinates":[[19.63894,49.96477],[19.808254,50.013661]]}},{"type":"Feature","properties":{"t":"gps","sid":"s1093"},"geometry":{"type":"Point","coordinates":[19.63894,49.96477]}},{"type":"Feature","properties":{"t":"sch","sid":"s1093","name":"Brzeźnica Pasieka","imp":0.054,"d":13250},"geometry":{"type":"Point","coordinates":[19.808254,50.013661]}},{"type":"Feature","properties":{"t":"vec","sid":"s1094","d":13732},"geometry":{"type":"LineString","coordinates":[[19.62835,49.9671],[19.80536,50.015518]]}},{"type":"Feature","properties":{"t":"gps","sid":"s1094"},"geometry":{"type":"Point","coordinates":[19.62835,49.9671]}},{"type":"Feature","properties":{"t":"sch","sid":"s1094","name":"Brzeźnica Dworzec","imp":0.059,"d":13732},"geometry":{"type":"Point","coordinates":[19.80536,50.015518]}},{"type":"Feature","properties":{"t":"vec","sid":"s1095","d":8324},"geometry":{"type":"LineString","coordinates":[[19.743993,49.95915],[19.838317,50.003179]]}},{"type":"Feature","properties":{"t":"gps","sid":"s1095"},"geometry":{"type":"Point","coordinates":[19.743993,49.95915]}},{"type":"Feature","properties":{"t":"sch","sid":"s1095","name":"Zelczyna Szkoła","imp":0.09,"d":8324},"geometry":{"type":"Point","coordinates":[19.838317,50.003179]}},{"type":"Feature","properties":{"t":"vec","sid":"s1096","d":8340},"geometry":{"type":"LineString","coordinates":[[19.7433,49.9648],[19.838317,50.008467]]}},{"type":"Feature","properties":{"t":"gps","sid":"s1096"},"geometry":{"type":"Point","coordinates":[19.7433,49.9648]}},{"type":"Feature","properties":{"t":"sch","sid":"s1096","name":"Ochodza Dwór","imp":0.078,"d":8340},"geometry":{"type":"Point","coordinates":[19.838317,50.008467]}},{"type":"Feature","properties":{"t":"vec","sid":"s1097","d":10154},"geometry":{"type":"LineString","coordinates":[[19.701435,49.959105],[19.826041,50.003179]]}},{"type":"Feature","properties":{"t":"gps","sid":"s1097"},"geometry":{"type":"Point","coordinates":[19.701435,49.959105]}},{"type":"Feature","properties":{"t":"sch","sid":"s1097","name":"Wielkie Drogi Ośrodek Zdrowia","imp":0.054,"d":10154},"geometry":{"type":"Point","coordinates":[19.826041,50.003179]}},{"type":"Feature","properties":{"t":"vec","sid":"s1098","d":10356},"geometry":{"type":"LineString","coordinates":[[19.694425,49.96086],[19.822721,50.004375]]}},{"type":"Feature","properties":{"t":"gps","sid":"s1098"},"geometry":{"type":"Point","coordinates":[19.694425,49.96086]}},{"type":"Feature","properties":{"t":"sch","sid":"s1098","name":"Wielkie Drogi Szkoła","imp":0.054,"d":10356},"geometry":{"type":"Point","coordinates":[19.822721,50.004375]}},{"type":"Feature","properties":{"t":"vec","sid":"s1099","d":9525},"geometry":{"type":"LineString","coordinates":[[19.81472,49.906795],[19.863035,49.986646]]}},{"type":"Feature","properties":{"t":"gps","sid":"s1099"},"geometry":{"type":"Point","coordinates":[19.81472,49.906795]}},{"type":"Feature","properties":{"t":"sch","sid":"s1099","name":"Wola Radziszowska Mała Ostra Góra","imp":0.054,"d":9525},"geometry":{"type":"Point","coordinates":[19.863035,49.986646]}},{"type":"Feature","properties":{"t":"vec","sid":"s1100","d":9633},"geometry":{"type":"LineString","coordinates":[[19.80438,49.90744],[19.863035,49.985461]]}},{"type":"Feature","properties":{"t":"gps","sid":"s1100"},"geometry":{"type":"Point","coordinates":[19.80438,49.90744]}},{"type":"Feature","properties":{"t":"sch","sid":"s1100","name":"Wola Radziszowska Most","imp":0.054,"d":9633},"geometry":{"type":"Point","coordinates":[19.863035,49.985461]}},{"type":"Feature","properties":{"t":"vec","sid":"s1101","d":9440},"geometry":{"type":"LineString","coordinates":[[19.79857,49.910145],[19.863035,49.984275]]}},{"type":"Feature","properties":{"t":"gps","sid":"s1101"},"geometry":{"type":"Point","coordinates":[19.79857,49.910145]}},{"type":"Feature","properties":{"t":"sch","sid":"s1101","name":"Wola Radziszowska Lipki","imp":0.054,"d":9440},"geometry":{"type":"Point","coordinates":[19.863035,49.984275]}},{"type":"Feature","properties":{"t":"vec","sid":"s1102","d":9810},"geometry":{"type":"LineString","coordinates":[[19.787715,49.90808],[19.862901,49.981941]]}},{"type":"Feature","properties":{"t":"gps","sid":"s1102"},"geometry":{"type":"Point","coordinates":[19.787715,49.90808]}},{"type":"Feature","properties":{"t":"sch","sid":"s1102","name":"Wola Radziszowska Centrum","imp":0.054,"d":9810},"geometry":{"type":"Point","coordinates":[19.862901,49.981941]}},{"type":"Feature","properties":{"t":"vec","sid":"s1103","d":10853},"geometry":{"type":"LineString","coordinates":[[19.7684,49.90249],[19.860289,49.980264]]}},{"type":"Feature","properties":{"t":"gps","sid":"s1103"},"geometry":{"type":"Point","coordinates":[19.7684,49.90249]}},{"type":"Feature","properties":{"t":"sch","sid":"s1103","name":"Wola Radziszowska Pętla","imp":0.059,"d":10853},"geometry":{"type":"Point","coordinates":[19.860289,49.980264]}},{"type":"Feature","properties":{"t":"vec","sid":"s1104","d":10519},"geometry":{"type":"LineString","coordinates":[[19.77638,49.90391],[19.861595,49.981102]]}},{"type":"Feature","properties":{"t":"gps","sid":"s1104"},"geometry":{"type":"Point","coordinates":[19.77638,49.90391]}},{"type":"Feature","properties":{"t":"sch","sid":"s1104","name":"Wola Radziszowska Chorzyny","imp":0.054,"d":10519},"geometry":{"type":"Point","coordinates":[19.861595,49.981102]}},{"type":"Feature","properties":{"t":"vec","sid":"s1105","d":4197},"geometry":{"type":"LineString","coordinates":[[19.834595,49.97335],[19.876768,49.999654]]}},{"type":"Feature","properties":{"t":"gps","sid":"s1105"},"geometry":{"type":"Point","coordinates":[19.834595,49.97335]}},{"type":"Feature","properties":{"t":"sch","sid":"s1105","name":"Skawina 29 Listopada","imp":0.074,"d":4197},"geometry":{"type":"Point","coordinates":[19.876768,49.999654]}},{"type":"Feature","properties":{"t":"vec","sid":"s1106","d":4146},"geometry":{"type":"LineString","coordinates":[[19.83785,49.9719],[19.87852,49.998529]]}},{"type":"Feature","properties":{"t":"gps","sid":"s1106"},"geometry":{"type":"Point","coordinates":[19.83785,49.9719]}},{"type":"Feature","properties":{"t":"sch","sid":"s1106","name":"Skawina Starostwo Powiatowe","imp":0.054,"d":4146},"geometry":{"type":"Point","coordinates":[19.87852,49.998529]}},{"type":"Feature","properties":{"t":"vec","sid":"s1107","d":4189},"geometry":{"type":"LineString","coordinates":[[19.84382,49.96852],[19.880587,49.997891]]}},{"type":"Feature","properties":{"t":"gps","sid":"s1107"},"geometry":{"type":"Point","coordinates":[19.84382,49.96852]}},{"type":"Feature","properties":{"t":"sch","sid":"s1107","name":"Skawina Ogrody","imp":0.054,"d":4189},"geometry":{"type":"Point","coordinates":[19.880587,49.997891]}},{"type":"Feature","properties":{"t":"vec","sid":"s1108","d":4238},"geometry":{"type":"LineString","coordinates":[[19.85025,49.96613],[19.883065,49.997891]]}},{"type":"Feature","properties":{"t":"gps","sid":"s1108"},"geometry":{"type":"Point","coordinates":[19.85025,49.96613]}},{"type":"Feature","properties":{"t":"sch","sid":"s1108","name":"Skawina Kopernika","imp":0.054,"d":4238},"geometry":{"type":"Point","coordinates":[19.883065,49.997891]}},{"type":"Feature","properties":{"t":"vec","sid":"s1109","d":4107},"geometry":{"type":"LineString","coordinates":[[19.8524,49.967695],[19.885543,49.997891]]}},{"type":"Feature","properties":{"t":"gps","sid":"s1109"},"geometry":{"type":"Point","coordinates":[19.8524,49.967695]}},{"type":"Feature","properties":{"t":"sch","sid":"s1109","name":"Skawina Cmentarz Komunalny","imp":0.054,"d":4107},"geometry":{"type":"Point","coordinates":[19.885543,49.997891]}},{"type":"Feature","properties":{"t":"vec","sid":"s1110","d":4545},"geometry":{"type":"LineString","coordinates":[[19.82553,49.97121],[19.869902,50.000535]]}},{"type":"Feature","properties":{"t":"gps","sid":"s1110"},"geometry":{"type":"Point","coordinates":[19.82553,49.97121]}},{"type":"Feature","properties":{"t":"sch","sid":"s1110","name":"Skawina Centrum Sportowe","imp":0.054,"d":4545},"geometry":{"type":"Point","coordinates":[19.869902,50.000535]}},{"type":"Feature","properties":{"t":"vec","sid":"s1111","d":4476},"geometry":{"type":"LineString","coordinates":[[19.82158,49.9765],[19.863035,50.006704]]}},{"type":"Feature","properties":{"t":"gps","sid":"s1111"},"geometry":{"type":"Point","coordinates":[19.82158,49.9765]}},{"type":"Feature","properties":{"t":"sch","sid":"s1111","name":"Skawina SCK","imp":0.059,"d":4476},"geometry":{"type":"Point","coordinates":[19.863035,50.006704]}},{"type":"Feature","properties":{"t":"vec","sid":"s1112","d":8375},"geometry":{"type":"LineString","coordinates":[[19.742035,49.96716],[19.838317,50.01023]]}},{"type":"Feature","properties":{"t":"gps","sid":"s1112"},"geometry":{"type":"Point","coordinates":[19.742035,49.96716]}},{"type":"Feature","properties":{"t":"sch","sid":"s1112","name":"Ochodza Dom Ludowy","imp":0.054,"d":8375},"geometry":{"type":"Point","coordinates":[19.838317,50.01023]}},{"type":"Feature","properties":{"t":"vec","sid":"s1113","d":8032},"geometry":{"type":"LineString","coordinates":[[19.74646,49.970255],[19.838317,50.011992]]}},{"type":"Feature","properties":{"t":"gps","sid":"s1113"},"geometry":{"type":"Point","coordinates":[19.74646,49.970255]}},{"type":"Feature","properties":{"t":"sch","sid":"s1113","name":"Ochodza Staw","imp":0.054,"d":8032},"geometry":{"type":"Point","coordinates":[19.838317,50.011992]}},{"type":"Feature","properties":{"t":"vec","sid":"s1114","d":7444},"geometry":{"type":"LineString","coordinates":[[19.7503,49.97783],[19.838317,50.013755]]}},{"type":"Feature","properties":{"t":"gps","sid":"s1114"},"geometry":{"type":"Point","coordinates":[19.7503,49.97783]}},{"type":"Feature","properties":{"t":"sch","sid":"s1114","name":"Ochodza Odwiśle","imp":0.059,"d":7444},"geometry":{"type":"Point","coordinates":[19.838317,50.013755]}},{"type":"Feature","properties":{"t":"vec","sid":"s1115","d":9568},"geometry":{"type":"LineString","coordinates":[[19.79292,49.90975],[19.863035,49.98309]]}},{"type":"Feature","properties":{"t":"gps","sid":"s1115"},"geometry":{"type":"Point","coordinates":[19.79292,49.90975]}},{"type":"Feature","properties":{"t":"sch","sid":"s1115","name":"Wola Radziszowska Podgaźle","imp":0.054,"d":9568},"geometry":{"type":"Point","coordinates":[19.863035,49.98309]}},{"type":"Feature","properties":{"t":"vec","sid":"s1116","d":2834},"geometry":{"type":"LineString","coordinates":[[20.03109,50.118],[20.000115,50.102044]]}},{"type":"Feature","properties":{"t":"gps","sid":"s1116"},"geometry":{"type":"Point","coordinates":[20.03109,50.118]}},{"type":"Feature","properties":{"t":"sch","sid":"s1116","name":"Raciborowice Centrum","imp":0.054,"d":2834},"geometry":{"type":"Point","coordinates":[20.000115,50.102044]}},{"type":"Feature","properties":{"t":"vec","sid":"s1117","d":2904},"geometry":{"type":"LineString","coordinates":[[20.021955,50.12494],[19.994137,50.105881]]}},{"type":"Feature","properties":{"t":"gps","sid":"s1117"},"geometry":{"type":"Point","coordinates":[20.021955,50.12494]}},{"type":"Feature","properties":{"t":"sch","sid":"s1117","name":"Kończyce","imp":0.054,"d":2904},"geometry":{"type":"Point","coordinates":[19.994137,50.105881]}},{"type":"Feature","properties":{"t":"vec","sid":"s1118","d":3044},"geometry":{"type":"LineString","coordinates":[[20.013885,50.13096],[19.991148,50.1078]]}},{"type":"Feature","properties":{"t":"gps","sid":"s1118"},"geometry":{"type":"Point","coordinates":[20.013885,50.13096]}},{"type":"Feature","properties":{"t":"sch","sid":"s1118","name":"Książniczki Paszczykówka","imp":0.054,"d":3044},"geometry":{"type":"Point","coordinates":[19.991148,50.1078]}},{"type":"Feature","properties":{"t":"vec","sid":"s1119","d":3184},"geometry":{"type":"LineString","coordinates":[[20.00946,50.134875],[19.988158,50.109718]]}},{"type":"Feature","properties":{"t":"gps","sid":"s1119"},"geometry":{"type":"Point","coordinates":[20.00946,50.134875]}},{"type":"Feature","properties":{"t":"sch","sid":"s1119","name":"Książniczki Centrum","imp":0.054,"d":3184},"geometry":{"type":"Point","coordinates":[19.988158,50.109718]}},{"type":"Feature","properties":{"t":"vec","sid":"s1120","d":2779},"geometry":{"type":"LineString","coordinates":[[20.0046,50.133295],[19.985169,50.111637]]}},{"type":"Feature","properties":{"t":"gps","sid":"s1120"},"geometry":{"type":"Point","coordinates":[20.0046,50.133295]}},{"type":"Feature","properties":{"t":"sch","sid":"s1120","name":"Książniczki Las","imp":0.054,"d":2779},"geometry":{"type":"Point","coordinates":[19.985169,50.111637]}},{"type":"Feature","properties":{"t":"vec","sid":"s1121","d":3026},"geometry":{"type":"LineString","coordinates":[[19.993995,50.139695],[19.98218,50.113555]]}},{"type":"Feature","properties":{"t":"gps","sid":"s1121"},"geometry":{"type":"Point","coordinates":[19.993995,50.139695]}},{"type":"Feature","properties":{"t":"sch","sid":"s1121","name":"Młodziejowice Młyn","imp":0.054,"d":3026},"geometry":{"type":"Point","coordinates":[19.98218,50.113555]}},{"type":"Feature","properties":{"t":"vec","sid":"s1122","d":3489},"geometry":{"type":"LineString","coordinates":[[19.993235,50.14412],[19.978386,50.114227]]}},{"type":"Feature","properties":{"t":"gps","sid":"s1122"},"geometry":{"type":"Point","coordinates":[19.993235,50.14412]}},{"type":"Feature","properties":{"t":"sch","sid":"s1122","name":"Młodziejowice Park","imp":0.074,"d":3489},"geometry":{"type":"Point","coordinates":[19.978386,50.114227]}},{"type":"Feature","properties":{"t":"vec","sid":"s1123","d":3787},"geometry":{"type":"LineString","coordinates":[[19.98783,50.1498],[19.974267,50.116871]]}},{"type":"Feature","properties":{"t":"gps","sid":"s1123"},"geometry":{"type":"Point","coordinates":[19.98783,50.1498]}},{"type":"Feature","properties":{"t":"sch","sid":"s1123","name":"Michałowice Ogrodowa","imp":0.054,"d":3787},"geometry":{"type":"Point","coordinates":[19.974267,50.116871]}},{"type":"Feature","properties":{"t":"vec","sid":"s1124","d":3773},"geometry":{"type":"LineString","coordinates":[[19.87544,50.14725],[19.895993,50.11599]]}},{"type":"Feature","properties":{"t":"gps","sid":"s1124"},"geometry":{"type":"Point","coordinates":[19.87544,50.14725]}},{"type":"Feature","properties":{"t":"sch","sid":"s1124","name":"Giebułtów Zbiornik","imp":0.054,"d":3773},"geometry":{"type":"Point","coordinates":[19.895993,50.11599]}},{"type":"Feature","properties":{"t":"vec","sid":"s1125","d":2156},"geometry":{"type":"LineString","coordinates":[[19.86809,50.115335],[19.886838,50.100126]]}},{"type":"Feature","properties":{"t":"gps","sid":"s1125"},"geometry":{"type":"Point","coordinates":[19.86809,50.115335]}},{"type":"Feature","properties":{"t":"sch","sid":"s1125","name":"Modlniczka Poligon","imp":0.086,"d":2156},"geometry":{"type":"Point","coordinates":[19.886838,50.100126]}},{"type":"Feature","properties":{"t":"vec","sid":"s1126","d":4484},"geometry":{"type":"LineString","coordinates":[[19.883445,50.15576],[19.912472,50.119998]]}},{"type":"Feature","properties":{"t":"gps","sid":"s1126"},"geometry":{"type":"Point","coordinates":[19.883445,50.15576]}},{"type":"Feature","properties":{"t":"sch","sid":"s1126","name":"Korzkiew Botoja","imp":0.054,"d":4484},"geometry":{"type":"Point","coordinates":[19.912472,50.119998]}},{"type":"Feature","properties":{"t":"vec","sid":"s1127","d":5037},"geometry":{"type":"LineString","coordinates":[[19.881155,50.161715],[19.912472,50.121121]]}},{"type":"Feature","properties":{"t":"gps","sid":"s1127"},"geometry":{"type":"Point","coordinates":[19.881155,50.161715]}},{"type":"Feature","properties":{"t":"sch","sid":"s1127","name":"Korzkiew Zamek","imp":0.054,"d":5037},"geometry":{"type":"Point","coordinates":[19.912472,50.121121]}},{"type":"Feature","properties":{"t":"vec","sid":"s1128","d":5658},"geometry":{"type":"LineString","coordinates":[[19.872495,50.16618],[19.912472,50.122243]]}},{"type":"Feature","properties":{"t":"gps","sid":"s1128"},"geometry":{"type":"Point","coordinates":[19.872495,50.16618]}},{"type":"Feature","properties":{"t":"sch","sid":"s1128","name":"Grębynice Remiza","imp":0.054,"d":5658},"geometry":{"type":"Point","coordinates":[19.912472,50.122243]}},{"type":"Feature","properties":{"t":"vec","sid":"s1129","d":5886},"geometry":{"type":"LineString","coordinates":[[19.867655,50.167805],[19.912472,50.123366]]}},{"type":"Feature","properties":{"t":"gps","sid":"s1129"},"geometry":{"type":"Point","coordinates":[19.867655,50.167805]}},{"type":"Feature","properties":{"t":"sch","sid":"s1129","name":"Grębynice Parkowa","imp":0.054,"d":5886},"geometry":{"type":"Point","coordinates":[19.912472,50.123366]}},{"type":"Feature","properties":{"t":"vec","sid":"s1130","d":6519},"geometry":{"type":"LineString","coordinates":[[19.86372,50.174065],[19.912472,50.124489]]}},{"type":"Feature","properties":{"t":"gps","sid":"s1130"},"geometry":{"type":"Point","coordinates":[19.86372,50.174065]}},{"type":"Feature","properties":{"t":"sch","sid":"s1130","name":"Grębynice Mogiełki","imp":0.054,"d":6519},"geometry":{"type":"Point","coordinates":[19.912472,50.124489]}},{"type":"Feature","properties":{"t":"vec","sid":"s1131","d":6798},"geometry":{"type":"LineString","coordinates":[[19.86342,50.17802],[19.912472,50.125612]]}},{"type":"Feature","properties":{"t":"gps","sid":"s1131"},"geometry":{"type":"Point","coordinates":[19.86342,50.17802]}},{"type":"Feature","properties":{"t":"sch","sid":"s1131","name":"Maszyce Sadzawka","imp":0.054,"d":6798},"geometry":{"type":"Point","coordinates":[19.912472,50.125612]}},{"type":"Feature","properties":{"t":"vec","sid":"s1132","d":6882},"geometry":{"type":"LineString","coordinates":[[19.86129,50.179185],[19.912472,50.126734]]}},{"type":"Feature","properties":{"t":"gps","sid":"s1132"},"geometry":{"type":"Point","coordinates":[19.86129,50.179185]}},{"type":"Feature","properties":{"t":"sch","sid":"s1132","name":"Maszyce Remiza","imp":0.054,"d":6882},"geometry":{"type":"Point","coordinates":[19.912472,50.126734]}},{"type":"Feature","properties":{"t":"vec","sid":"s1133","d":7131},"geometry":{"type":"LineString","coordinates":[[19.85579,50.18067],[19.912472,50.127857]]}},{"type":"Feature","properties":{"t":"gps","sid":"s1133"},"geometry":{"type":"Point","coordinates":[19.85579,50.18067]}},{"type":"Feature","properties":{"t":"sch","sid":"s1133","name":"Maszyce Skrzyżowanie","imp":0.054,"d":7131},"geometry":{"type":"Point","coordinates":[19.912472,50.127857]}},{"type":"Feature","properties":{"t":"vec","sid":"s1134","d":7661},"geometry":{"type":"LineString","coordinates":[[19.854505,50.186965],[19.912472,50.12898]]}},{"type":"Feature","properties":{"t":"gps","sid":"s1134"},"geometry":{"type":"Point","coordinates":[19.854505,50.186965]}},{"type":"Feature","properties":{"t":"sch","sid":"s1134","name":"Smardzowice Wołówka","imp":0.054,"d":7661},"geometry":{"type":"Point","coordinates":[19.912472,50.12898]}},{"type":"Feature","properties":{"t":"vec","sid":"s1135","d":8051},"geometry":{"type":"LineString","coordinates":[[19.85372,50.19191],[19.912472,50.130103]]}},{"type":"Feature","properties":{"t":"gps","sid":"s1135"},"geometry":{"type":"Point","coordinates":[19.85372,50.19191]}},{"type":"Feature","properties":{"t":"sch","sid":"s1135","name":"Smardzowice Remiza","imp":0.054,"d":8051},"geometry":{"type":"Point","coordinates":[19.912472,50.130103]}},{"type":"Feature","properties":{"t":"vec","sid":"s1136","d":3072},"geometry":{"type":"LineString","coordinates":[[19.82411,50.106685],[19.858916,50.090431]]}},{"type":"Feature","properties":{"t":"gps","sid":"s1136"},"geometry":{"type":"Point","coordinates":[19.82411,50.106685]}},{"type":"Feature","properties":{"t":"sch","sid":"s1136","name":"Zabierzów Eximius Park","imp":0.07,"d":3072},"geometry":{"type":"Point","coordinates":[19.858916,50.090431]}},{"type":"Feature","properties":{"t":"vec","sid":"s1137","d":3445},"geometry":{"type":"LineString","coordinates":[[20.087495,50.035285],[20.040348,50.041958]]}},{"type":"Feature","properties":{"t":"gps","sid":"s1137"},"geometry":{"type":"Point","coordinates":[20.087495,50.035285]}},{"type":"Feature","properties":{"t":"sch","sid":"s1137","name":"Brzegi Użytek Ekologiczny","imp":0.054,"d":3445},"geometry":{"type":"Point","coordinates":[20.040348,50.041958]}},{"type":"Feature","properties":{"t":"vec","sid":"s1138","d":3231},"geometry":{"type":"LineString","coordinates":[[20.073955,50.012215],[20.034186,50.026094]]}},{"type":"Feature","properties":{"t":"gps","sid":"s1138"},"geometry":{"type":"Point","coordinates":[20.073955,50.012215]}},{"type":"Feature","properties":{"t":"sch","sid":"s1138","name":"Czarnochowice Kokotowska","imp":0.054,"d":3231},"geometry":{"type":"Point","coordinates":[20.034186,50.026094]}},{"type":"Feature","properties":{"t":"vec","sid":"s1139","d":2859},"geometry":{"type":"LineString","coordinates":[[19.803985,50.06234],[19.84381,50.059584]]}},{"type":"Feature","properties":{"t":"gps","sid":"s1139"},"geometry":{"type":"Point","coordinates":[19.803985,50.06234]}},{"type":"Feature","properties":{"t":"sch","sid":"s1139","name":"Balice Olszanica Bory","imp":0.074,"d":2859},"geometry":{"type":"Point","coordinates":[19.84381,50.059584]}},{"type":"Feature","properties":{"t":"vec","sid":"s1140","d":3572},"geometry":{"type":"LineString","coordinates":[[20.083978,50.01225],[20.038808,50.026094]]}},{"type":"Feature","properties":{"t":"gps","sid":"s1140"},"geometry":{"type":"Point","coordinates":[20.083978,50.01225]}},{"type":"Feature","properties":{"t":"sch","sid":"s1140","name":"Kokotów Centrum","imp":0.163,"d":3572},"geometry":{"type":"Point","coordinates":[20.038808,50.026094]}},{"type":"Feature","properties":{"t":"vec","sid":"s1141","d":3987},"geometry":{"type":"LineString","coordinates":[[20.093974,50.013702],[20.041555,50.026094]]}},{"type":"Feature","properties":{"t":"gps","sid":"s1141"},"geometry":{"type":"Point","coordinates":[20.093974,50.013702]}},{"type":"Feature","properties":{"t":"sch","sid":"s1141","name":"Kokotów OSP","imp":0.07,"d":3987},"geometry":{"type":"Point","coordinates":[20.041555,50.026094]}},{"type":"Feature","properties":{"t":"vec","sid":"s1142","d":4598},"geometry":{"type":"LineString","coordinates":[[20.106202,50.014633],[20.044301,50.026094]]}},{"type":"Feature","properties":{"t":"gps","sid":"s1142"},"geometry":{"type":"Point","coordinates":[20.106202,50.014633]}},{"type":"Feature","properties":{"t":"sch","sid":"s1142","name":"Węgrzce Wielkie Gościniec","imp":0.125,"d":4598},"geometry":{"type":"Point","coordinates":[20.044301,50.026094]}},{"type":"Feature","properties":{"t":"vec","sid":"s1143","d":4757},"geometry":{"type":"LineString","coordinates":[[20.110619,50.014989],[20.047048,50.027856]]}},{"type":"Feature","properties":{"t":"gps","sid":"s1143"},"geometry":{"type":"Point","coordinates":[20.110619,50.014989]}},{"type":"Feature","properties":{"t":"sch","sid":"s1143","name":"Węgrzce Wielkie OSP","imp":0.125,"d":4757},"geometry":{"type":"Point","coordinates":[20.047048,50.027856]}},{"type":"Feature","properties":{"t":"vec","sid":"s1144","d":4702},"geometry":{"type":"LineString","coordinates":[[20.115248,50.014881],[20.05254,50.027856]]}},{"type":"Feature","properties":{"t":"gps","sid":"s1144"},"geometry":{"type":"Point","coordinates":[20.115248,50.014881]}},{"type":"Feature","properties":{"t":"sch","sid":"s1144","name":"Węgrzce Wielkie Pętla","imp":0.178,"d":4702},"geometry":{"type":"Point","coordinates":[20.05254,50.027856]}},{"type":"Feature","properties":{"t":"vec","sid":"s1145","d":6229},"geometry":{"type":"LineString","coordinates":[[19.785295,49.968705],[19.85186,50.004942]]}},{"type":"Feature","properties":{"t":"gps","sid":"s1145"},"geometry":{"type":"Point","coordinates":[19.785295,49.968705]}},{"type":"Feature","properties":{"t":"sch","sid":"s1145","name":"Skawina Sąsiedzka","imp":0.07,"d":6229},"geometry":{"type":"Point","coordinates":[19.85186,50.004942]}},{"type":"Feature","properties":{"t":"vec","sid":"s1146","d":7328},"geometry":{"type":"LineString","coordinates":[[19.809335,49.935215],[19.863035,49.991387]]}},{"type":"Feature","properties":{"t":"gps","sid":"s1146"},"geometry":{"type":"Point","coordinates":[19.809335,49.935215]}},{"type":"Feature","properties":{"t":"sch","sid":"s1146","name":"Radziszów Zacisze","imp":0.054,"d":7328},"geometry":{"type":"Point","coordinates":[19.863035,49.991387]}},{"type":"Feature","properties":{"t":"vec","sid":"s1147","d":8033},"geometry":{"type":"LineString","coordinates":[[19.808055,49.92716],[19.863035,49.990202]]}},{"type":"Feature","properties":{"t":"gps","sid":"s1147"},"geometry":{"type":"Point","coordinates":[19.808055,49.92716]}},{"type":"Feature","properties":{"t":"sch","sid":"s1147","name":"Radziszów Podwale","imp":0.054,"d":8033},"geometry":{"type":"Point","coordinates":[19.863035,49.990202]}},{"type":"Feature","properties":{"t":"vec","sid":"s1148","d":8512},"geometry":{"type":"LineString","coordinates":[[19.80746,49.92128],[19.863035,49.989017]]}},{"type":"Feature","properties":{"t":"gps","sid":"s1148"},"geometry":{"type":"Point","coordinates":[19.80746,49.92128]}},{"type":"Feature","properties":{"t":"sch","sid":"s1148","name":"Radziszów Zawodzie","imp":0.054,"d":8512},"geometry":{"type":"Point","coordinates":[19.863035,49.989017]}},{"type":"Feature","properties":{"t":"vec","sid":"s1149","d":8653},"geometry":{"type":"LineString","coordinates":[[19.8089,49.9182],[19.863035,49.987831]]}},{"type":"Feature","properties":{"t":"gps","sid":"s1149"},"geometry":{"type":"Point","coordinates":[19.8089,49.9182]}},{"type":"Feature","properties":{"t":"sch","sid":"s1149","name":"Radziszów PKP","imp":0.054,"d":8653},"geometry":{"type":"Point","coordinates":[19.863035,49.987831]}},{"type":"Feature","properties":{"t":"vec","sid":"s1150","d":3932},"geometry":{"type":"LineString","coordinates":[[19.793625,50.020505],[19.844726,50.033732]]}},{"type":"Feature","properties":{"t":"gps","sid":"s1150"},"geometry":{"type":"Point","coordinates":[19.793625,50.020505]}},{"type":"Feature","properties":{"t":"sch","sid":"s1150","name":"Piekary Pałac","imp":0.07,"d":3932},"geometry":{"type":"Point","coordinates":[19.844726,50.033732]}},{"type":"Feature","properties":{"t":"vec","sid":"s1151","d":3525},"geometry":{"type":"LineString","coordinates":[[19.87874,50.143935],[19.895993,50.114227]]}},{"type":"Feature","properties":{"t":"gps","sid":"s1151"},"geometry":{"type":"Point","coordinates":[19.87874,50.143935]}},{"type":"Feature","properties":{"t":"sch","sid":"s1151","name":"Giebułtów Plac Zabaw","imp":0.054,"d":3525},"geometry":{"type":"Point","coordinates":[19.895993,50.114227]}},{"type":"Feature","properties":{"t":"vec","sid":"s1152","d":4162},"geometry":{"type":"LineString","coordinates":[[19.87102,50.15158],[19.895993,50.117752]]}},{"type":"Feature","properties":{"t":"gps","sid":"s1152"},"geometry":{"type":"Point","coordinates":[19.87102,50.15158]}},{"type":"Feature","properties":{"t":"sch","sid":"s1152","name":"Giebułtów Morgi","imp":0.059,"d":4162},"geometry":{"type":"Point","coordinates":[19.895993,50.117752]}},{"type":"Feature","properties":{"t":"vec","sid":"s1153","d":2268},"geometry":{"type":"LineString","coordinates":[[20.02426,49.9985],[20.001329,50.012616]]}},{"type":"Feature","properties":{"t":"gps","sid":"s1153"},"geometry":{"type":"Point","coordinates":[20.02426,49.9985]}},{"type":"Feature","properties":{"t":"sch","sid":"s1153","name":"Wieliczka Różana","imp":0.07,"d":2268},"geometry":{"type":"Point","coordinates":[20.001329,50.012616]}},{"type":"Feature","properties":{"t":"vec","sid":"s1154","d":2339},"geometry":{"type":"LineString","coordinates":[[20.019905,49.99481],[19.997611,50.01023]]}},{"type":"Feature","properties":{"t":"gps","sid":"s1154"},"geometry":{"type":"Point","coordinates":[20.019905,49.99481]}},{"type":"Feature","properties":{"t":"sch","sid":"s1154","name":"Wieliczka Modrzewiowa","imp":0.125,"d":2339},"geometry":{"type":"Point","coordinates":[19.997611,50.01023]}},{"type":"Feature","properties":{"t":"vec","sid":"s1155","d":2769},"geometry":{"type":"LineString","coordinates":[[20.024223,49.990344],[19.997611,50.008467]]}},{"type":"Feature","properties":{"t":"gps","sid":"s1155"},"geometry":{"type":"Point","coordinates":[20.024223,49.990344]}},{"type":"Feature","properties":{"t":"sch","sid":"s1155","name":"Krzyszkowice Kasztanowa II","imp":0.09,"d":2769},"geometry":{"type":"Point","coordinates":[19.997611,50.008467]}},{"type":"Feature","properties":{"t":"vec","sid":"s1156","d":2816},"geometry":{"type":"LineString","coordinates":[[20.024475,49.986395],[19.997611,50.004942]]}},{"type":"Feature","properties":{"t":"gps","sid":"s1156"},"geometry":{"type":"Point","coordinates":[20.024475,49.986395]}},{"type":"Feature","properties":{"t":"sch","sid":"s1156","name":"Krzyszkowice Kasztanowa I","imp":0.09,"d":2816},"geometry":{"type":"Point","coordinates":[19.997611,50.004942]}},{"type":"Feature","properties":{"t":"vec","sid":"s1157","d":2992},"geometry":{"type":"LineString","coordinates":[[20.033177,49.987962],[20.003104,50.006704]]}},{"type":"Feature","properties":{"t":"gps","sid":"s1157"},"geometry":{"type":"Point","coordinates":[20.033177,49.987962]}},{"type":"Feature","properties":{"t":"sch","sid":"s1157","name":"Wieliczka Krzyszkowice Kościół","imp":0.128,"d":2992},"geometry":{"type":"Point","coordinates":[20.003104,50.006704]}},{"type":"Feature","properties":{"t":"vec","sid":"s1158","d":2897},"geometry":{"type":"LineString","coordinates":[[20.038113,49.988817],[20.008597,50.006704]]}},{"type":"Feature","properties":{"t":"gps","sid":"s1158"},"geometry":{"type":"Point","coordinates":[20.038113,49.988817]}},{"type":"Feature","properties":{"t":"sch","sid":"s1158","name":"Wieliczka Os. Szymanowskiego","imp":0.09,"d":2897},"geometry":{"type":"Point","coordinates":[20.008597,50.006704]}},{"type":"Feature","properties":{"t":"vec","sid":"s1159","d":5713},"geometry":{"type":"LineString","coordinates":[[19.81508,49.9538],[19.863035,49.994943]]}},{"type":"Feature","properties":{"t":"gps","sid":"s1159"},"geometry":{"type":"Point","coordinates":[19.81508,49.9538]}},{"type":"Feature","properties":{"t":"sch","sid":"s1159","name":"Skawina Nad Potokiem","imp":0.054,"d":5713},"geometry":{"type":"Point","coordinates":[19.863035,49.994943]}},{"type":"Feature","properties":{"t":"vec","sid":"s1160","d":5207},"geometry":{"type":"LineString","coordinates":[[19.92749,49.93541],[19.934443,49.982027]]}},{"type":"Feature","properties":{"t":"gps","sid":"s1160"},"geometry":{"type":"Point","coordinates":[19.92749,49.93541]}},{"type":"Feature","properties":{"t":"sch","sid":"s1160","name":"Konary Sęk","imp":0.054,"d":5207},"geometry":{"type":"Point","coordinates":[19.934443,49.982027]}},{"type":"Feature","properties":{"t":"vec","sid":"s1161","d":3470},"geometry":{"type":"LineString","coordinates":[[19.923865,49.96342],[19.914772,49.994079]]}},{"type":"Feature","properties":{"t":"gps","sid":"s1161"},"geometry":{"type":"Point","coordinates":[19.923865,49.96342]}},{"type":"Feature","properties":{"t":"sch","sid":"s1161","name":"Lusina Łany","imp":0.054,"d":3470},"geometry":{"type":"Point","coordinates":[19.914772,49.994079]}},{"type":"Feature","properties":{"t":"vec","sid":"s1162","d":7659},"geometry":{"type":"LineString","coordinates":[[19.7344,49.9953],[19.831726,50.024331]]}},{"type":"Feature","properties":{"t":"gps","sid":"s1162"},"geometry":{"type":"Point","coordinates":[19.7344,49.9953]}},{"type":"Feature","properties":{"t":"sch","sid":"s1162","name":"Wołowice Skrzyżowanie","imp":0.054,"d":7659},"geometry":{"type":"Point","coordinates":[19.831726,50.024331]}},{"type":"Feature","properties":{"t":"vec","sid":"s1163","d":8301},"geometry":{"type":"LineString","coordinates":[[19.720885,49.98945],[19.825134,50.022568]]}},{"type":"Feature","properties":{"t":"gps","sid":"s1163"},"geometry":{"type":"Point","coordinates":[19.720885,49.98945]}},{"type":"Feature","properties":{"t":"sch","sid":"s1163","name":"Wołowice Sklep","imp":0.054,"d":8301},"geometry":{"type":"Point","coordinates":[19.825134,50.022568]}},{"type":"Feature","properties":{"t":"vec","sid":"s1164","d":8756},"geometry":{"type":"LineString","coordinates":[[19.71229,49.988535],[19.822937,50.022568]]}},{"type":"Feature","properties":{"t":"gps","sid":"s1164"},"geometry":{"type":"Point","coordinates":[19.71229,49.988535]}},{"type":"Feature","properties":{"t":"sch","sid":"s1164","name":"Wołowice Pichonówka","imp":0.054,"d":8756},"geometry":{"type":"Point","coordinates":[19.822937,50.022568]}},{"type":"Feature","properties":{"t":"vec","sid":"s1165","d":9063},"geometry":{"type":"LineString","coordinates":[[19.70559,49.988195],[19.82074,50.022568]]}},{"type":"Feature","properties":{"t":"gps","sid":"s1165"},"geometry":{"type":"Point","coordinates":[19.70559,49.988195]}},{"type":"Feature","properties":{"t":"sch","sid":"s1165","name":"Wołowice Niwka","imp":0.054,"d":9063},"geometry":{"type":"Point","coordinates":[19.82074,50.022568]}},{"type":"Feature","properties":{"t":"vec","sid":"s1166","d":9856},"geometry":{"type":"LineString","coordinates":[[19.688915,49.991985],[19.818543,50.022568]]}},{"type":"Feature","properties":{"t":"gps","sid":"s1166"},"geometry":{"type":"Point","coordinates":[19.688915,49.991985]}},{"type":"Feature","properties":{"t":"sch","sid":"s1166","name":"Czernichów Stacja Paliw","imp":0.054,"d":9856},"geometry":{"type":"Point","coordinates":[19.818543,50.022568]}},{"type":"Feature","properties":{"t":"vec","sid":"s1167","d":9939},"geometry":{"type":"LineString","coordinates":[[19.68543,49.992065],[19.816346,50.022568]]}},{"type":"Feature","properties":{"t":"gps","sid":"s1167"},"geometry":{"type":"Point","coordinates":[19.68543,49.992065]}},{"type":"Feature","properties":{"t":"sch","sid":"s1167","name":"Czernichów Studzienki","imp":0.09,"d":9939},"geometry":{"type":"Point","coordinates":[19.816346,50.022568]}},{"type":"Feature","properties":{"t":"vec","sid":"s1168","d":10680},"geometry":{"type":"LineString","coordinates":[[19.66657,49.99313],[19.808106,50.024331]]}},{"type":"Feature","properties":{"t":"gps","sid":"s1168"},"geometry":{"type":"Point","coordinates":[19.66657,49.99313]}},{"type":"Feature","properties":{"t":"sch","sid":"s1168","name":"Czernichów Zakamycze","imp":0.09,"d":10680},"geometry":{"type":"Point","coordinates":[19.808106,50.024331]}},{"type":"Feature","properties":{"t":"vec","sid":"s1169","d":10422},"geometry":{"type":"LineString","coordinates":[[19.66799,49.99975],[19.808106,50.026183]]}},{"type":"Feature","properties":{"t":"gps","sid":"s1169"},"geometry":{"type":"Point","coordinates":[19.66799,49.99975]}},{"type":"Feature","properties":{"t":"sch","sid":"s1169","name":"Czernichów Bór","imp":0.054,"d":10422},"geometry":{"type":"Point","coordinates":[19.808106,50.026183]}},{"type":"Feature","properties":{"t":"vec","sid":"s1170","d":10819},"geometry":{"type":"LineString","coordinates":[[19.66073,50.005695],[19.808303,50.027982]]}},{"type":"Feature","properties":{"t":"gps","sid":"s1170"},"geometry":{"type":"Point","coordinates":[19.66073,50.005695]}},{"type":"Feature","properties":{"t":"sch","sid":"s1170","name":"Przeginia Narodowa Bunar","imp":0.054,"d":10819},"geometry":{"type":"Point","coordinates":[19.808303,50.027982]}},{"type":"Feature","properties":{"t":"vec","sid":"s1171","d":11080},"geometry":{"type":"LineString","coordinates":[[19.657585,50.01149],[19.810343,50.029292]]}},{"type":"Feature","properties":{"t":"gps","sid":"s1171"},"geometry":{"type":"Point","coordinates":[19.657585,50.01149]}},{"type":"Feature","properties":{"t":"sch","sid":"s1171","name":"Przeginia Narodowa Dwór","imp":0.054,"d":11080},"geometry":{"type":"Point","coordinates":[19.810343,50.029292]}},{"type":"Feature","properties":{"t":"vec","sid":"s1172","d":11442},"geometry":{"type":"LineString","coordinates":[[19.65306,50.019075],[19.812383,50.030601]]}},{"type":"Feature","properties":{"t":"gps","sid":"s1172"},"geometry":{"type":"Point","coordinates":[19.65306,50.019075]}},{"type":"Feature","properties":{"t":"sch","sid":"s1172","name":"Przeginia Duchowna Kościół","imp":0.054,"d":11442},"geometry":{"type":"Point","coordinates":[19.812383,50.030601]}},{"type":"Feature","properties":{"t":"vec","sid":"s1173","d":11643},"geometry":{"type":"LineString","coordinates":[[19.651945,50.02241],[19.814423,50.03191]]}},{"type":"Feature","properties":{"t":"gps","sid":"s1173"},"geometry":{"type":"Point","coordinates":[19.651945,50.02241]}},{"type":"Feature","properties":{"t":"sch","sid":"s1173","name":"Przeginia Duchowna Remiza","imp":0.054,"d":11643},"geometry":{"type":"Point","coordinates":[19.814423,50.03191]}},{"type":"Feature","properties":{"t":"vec","sid":"s1174","d":11518},"geometry":{"type":"LineString","coordinates":[[19.65571,50.02396],[19.816463,50.03322]]}},{"type":"Feature","properties":{"t":"gps","sid":"s1174"},"geometry":{"type":"Point","coordinates":[19.65571,50.02396]}},{"type":"Feature","properties":{"t":"sch","sid":"s1174","name":"Przeginia Duchowna Szkoła","imp":0.054,"d":11518},"geometry":{"type":"Point","coordinates":[19.816463,50.03322]}},{"type":"Feature","properties":{"t":"vec","sid":"s1175","d":9852},"geometry":{"type":"LineString","coordinates":[[19.681005,50.026625],[19.818504,50.034529]]}},{"type":"Feature","properties":{"t":"gps","sid":"s1175"},"geometry":{"type":"Point","coordinates":[19.681005,50.026625]}},{"type":"Feature","properties":{"t":"sch","sid":"s1175","name":"Nowa Wieś Szlachecka Jesionka","imp":0.054,"d":9852},"geometry":{"type":"Point","coordinates":[19.818504,50.034529]}},{"type":"Feature","properties":{"t":"vec","sid":"s1176","d":9108},"geometry":{"type":"LineString","coordinates":[[19.683913,50.038747],[19.810853,50.047246]]}},{"type":"Feature","properties":{"t":"gps","sid":"s1176"},"geometry":{"type":"Point","coordinates":[19.683913,50.038747]}},{"type":"Feature","properties":{"t":"sch","sid":"s1176","name":"Czułówek Skrzyżowanie","imp":0.074,"d":9108},"geometry":{"type":"Point","coordinates":[19.810853,50.047246]}},{"type":"Feature","properties":{"t":"vec","sid":"s1177","d":11590},"geometry":{"type":"LineString","coordinates":[[19.64557,50.03441],[19.806733,50.047246]]}},{"type":"Feature","properties":{"t":"gps","sid":"s1177"},"geometry":{"type":"Point","coordinates":[19.64557,50.03441]}},{"type":"Feature","properties":{"t":"sch","sid":"s1177","name":"Przeginia Duchowna Rezerwat","imp":0.054,"d":11590},"geometry":{"type":"Point","coordinates":[19.806733,50.047246]}},{"type":"Feature","properties":{"t":"vec","sid":"s1178","d":11360},"geometry":{"type":"LineString","coordinates":[[19.64351,50.041365],[19.802211,50.049267]]}},{"type":"Feature","properties":{"t":"gps","sid":"s1178"},"geometry":{"type":"Point","coordinates":[19.64351,50.041365]}},{"type":"Feature","properties":{"t":"sch","sid":"s1178","name":"Rybna Pawilon","imp":0.054,"d":11360},"geometry":{"type":"Point","coordinates":[19.802211,50.049267]}},{"type":"Feature","properties":{"t":"vec","sid":"s1179","d":11605},"geometry":{"type":"LineString","coordinates":[[19.63759,50.044015],[19.799867,50.050771]]}},{"type":"Feature","properties":{"t":"gps","sid":"s1179"},"geometry":{"type":"Point","coordinates":[19.63759,50.044015]}},{"type":"Feature","properties":{"t":"sch","sid":"s1179","name":"Rybna Dół","imp":0.074,"d":11605},"geometry":{"type":"Point","coordinates":[19.799867,50.050771]}},{"type":"Feature","properties":{"t":"vec","sid":"s1180","d":11047},"geometry":{"type":"LineString","coordinates":[[19.64697,50.049375],[19.801714,50.051956]]}},{"type":"Feature","properties":{"t":"gps","sid":"s1180"},"geometry":{"type":"Point","coordinates":[19.64697,50.049375]}},{"type":"Feature","properties":{"t":"sch","sid":"s1180","name":"Rybna Kościół","imp":0.054,"d":11047},"geometry":{"type":"Point","coordinates":[19.801714,50.051956]}},{"type":"Feature","properties":{"t":"vec","sid":"s1181","d":10830},"geometry":{"type":"LineString","coordinates":[[19.651815,50.054055],[19.803561,50.053142]]}},{"type":"Feature","properties":{"t":"gps","sid":"s1181"},"geometry":{"type":"Point","coordinates":[19.651815,50.054055]}},{"type":"Feature","properties":{"t":"sch","sid":"s1181","name":"Rybna Szkoła","imp":0.054,"d":10830},"geometry":{"type":"Point","coordinates":[19.803561,50.053142]}},{"type":"Feature","properties":{"t":"vec","sid":"s1182","d":10747},"geometry":{"type":"LineString","coordinates":[[19.654985,50.05895],[19.805408,50.054327]]}},{"type":"Feature","properties":{"t":"gps","sid":"s1182"},"geometry":{"type":"Point","coordinates":[19.654985,50.05895]}},{"type":"Feature","properties":{"t":"sch","sid":"s1182","name":"Rybna Nowy Świat Góra","imp":0.054,"d":10747},"geometry":{"type":"Point","coordinates":[19.805408,50.054327]}},{"type":"Feature","properties":{"t":"vec","sid":"s1183","d":10762},"geometry":{"type":"LineString","coordinates":[[19.65675,50.061655],[19.807254,50.055512]]}},{"type":"Feature","properties":{"t":"gps","sid":"s1183"},"geometry":{"type":"Point","coordinates":[19.65675,50.061655]}},{"type":"Feature","properties":{"t":"sch","sid":"s1183","name":"Rybna Nowy Świat","imp":0.054,"d":10762},"geometry":{"type":"Point","coordinates":[19.807254,50.055512]}},{"type":"Feature","properties":{"t":"vec","sid":"s1184","d":6125},"geometry":{"type":"LineString","coordinates":[[19.746065,50.017345],[19.827332,50.035058]]}},{"type":"Feature","properties":{"t":"gps","sid":"s1184"},"geometry":{"type":"Point","coordinates":[19.746065,50.017345]}},{"type":"Feature","properties":{"t":"sch","sid":"s1184","name":"Rączna Dzikowiec","imp":0.054,"d":6125},"geometry":{"type":"Point","coordinates":[19.827332,50.035058]}},{"type":"Feature","properties":{"t":"vec","sid":"s1185","d":6506},"geometry":{"type":"LineString","coordinates":[[19.74536,50.012355],[19.830882,50.032628]]}},{"type":"Feature","properties":{"t":"gps","sid":"s1185"},"geometry":{"type":"Point","coordinates":[19.74536,50.012355]}},{"type":"Feature","properties":{"t":"sch","sid":"s1185","name":"Rączna Podlas","imp":0.054,"d":6506},"geometry":{"type":"Point","coordinates":[19.830882,50.032628]}},{"type":"Feature","properties":{"t":"vec","sid":"s1186","d":11162},"geometry":{"type":"LineString","coordinates":[[19.65737,49.995275],[19.806628,50.02528]]}},{"type":"Feature","properties":{"t":"gps","sid":"s1186"},"geometry":{"type":"Point","coordinates":[19.65737,49.995275]}},{"type":"Feature","properties":{"t":"sch","sid":"s1186","name":"Czernichów Ratanice Most","imp":0.054,"d":11162},"geometry":{"type":"Point","coordinates":[19.806628,50.02528]}},{"type":"Feature","properties":{"t":"vec","sid":"s1187","d":11505},"geometry":{"type":"LineString","coordinates":[[19.65052,49.99697],[19.805149,50.026229]]}},{"type":"Feature","properties":{"t":"gps","sid":"s1187"},"geometry":{"type":"Point","coordinates":[19.65052,49.99697]}},{"type":"Feature","properties":{"t":"sch","sid":"s1187","name":"Czernichów Ratanice","imp":0.054,"d":11505},"geometry":{"type":"Point","coordinates":[19.805149,50.026229]}},{"type":"Feature","properties":{"t":"vec","sid":"s1188","d":12248},"geometry":{"type":"LineString","coordinates":[[19.639525,49.995005],[19.80367,50.027178]]}},{"type":"Feature","properties":{"t":"gps","sid":"s1188"},"geometry":{"type":"Point","coordinates":[19.639525,49.995005]}},{"type":"Feature","properties":{"t":"sch","sid":"s1188","name":"Kłokoczyn Szkoła","imp":0.054,"d":12248},"geometry":{"type":"Point","coordinates":[19.80367,50.027178]}},{"type":"Feature","properties":{"t":"vec","sid":"s1189","d":13550},"geometry":{"type":"LineString","coordinates":[[19.618265,49.995355],[19.800712,50.029077]]}},{"type":"Feature","properties":{"t":"gps","sid":"s1189"},"geometry":{"type":"Point","coordinates":[19.618265,49.995355]}},{"type":"Feature","properties":{"t":"sch","sid":"s1189","name":"Rusocice Łęg","imp":0.054,"d":13550},"geometry":{"type":"Point","coordinates":[19.800712,50.029077]}},{"type":"Feature","properties":{"t":"vec","sid":"s1190","d":14166},"geometry":{"type":"LineString","coordinates":[[19.606335,49.99491],[19.796276,50.031924]]}},{"type":"Feature","properties":{"t":"gps","sid":"s1190"},"geometry":{"type":"Point","coordinates":[19.606335,49.99491]}},{"type":"Feature","properties":{"t":"sch","sid":"s1190","name":"Rusocice Skład","imp":0.054,"d":14166},"geometry":{"type":"Point","coordinates":[19.796276,50.031924]}},{"type":"Feature","properties":{"t":"vec","sid":"s1191","d":14250},"geometry":{"type":"LineString","coordinates":[[19.60189,49.99978],[19.794797,50.032873]]}},{"type":"Feature","properties":{"t":"gps","sid":"s1191"},"geometry":{"type":"Point","coordinates":[19.60189,49.99978]}},{"type":"Feature","properties":{"t":"sch","sid":"s1191","name":"Rusocice Na Brzegu","imp":0.054,"d":14250},"geometry":{"type":"Point","coordinates":[19.794797,50.032873]}},{"type":"Feature","properties":{"t":"vec","sid":"s1192","d":13597},"geometry":{"type":"LineString","coordinates":[[19.612985,50.00114],[19.797754,50.030975]]}},{"type":"Feature","properties":{"t":"gps","sid":"s1192"},"geometry":{"type":"Point","coordinates":[19.612985,50.00114]}},{"type":"Feature","properties":{"t":"sch","sid":"s1192","name":"Rusocice Wieś","imp":0.054,"d":13597},"geometry":{"type":"Point","coordinates":[19.797754,50.030975]}},{"type":"Feature","properties":{"t":"vec","sid":"s1193","d":14908},"geometry":{"type":"LineString","coordinates":[[19.58813,50.005065],[19.791839,50.034771]]}},{"type":"Feature","properties":{"t":"gps","sid":"s1193"},"geometry":{"type":"Point","coordinates":[19.58813,50.005065]}},{"type":"Feature","properties":{"t":"sch","sid":"s1193","name":"Rusocice Granica","imp":0.054,"d":14908},"geometry":{"type":"Point","coordinates":[19.791839,50.034771]}},{"type":"Feature","properties":{"t":"vec","sid":"s1194","d":15035},"geometry":{"type":"LineString","coordinates":[[19.583855,50.008955],[19.79036,50.035721]]}},{"type":"Feature","properties":{"t":"gps","sid":"s1194"},"geometry":{"type":"Point","coordinates":[19.583855,50.008955]}},{"type":"Feature","properties":{"t":"sch","sid":"s1194","name":"Kamień Remiza","imp":0.054,"d":15035},"geometry":{"type":"Point","coordinates":[19.79036,50.035721]}},{"type":"Feature","properties":{"t":"vec","sid":"s1195","d":14630},"geometry":{"type":"LineString","coordinates":[[19.58669,50.01495],[19.788881,50.03667]]}},{"type":"Feature","properties":{"t":"gps","sid":"s1195"},"geometry":{"type":"Point","coordinates":[19.58669,50.01495]}},{"type":"Feature","properties":{"t":"sch","sid":"s1195","name":"Kamień Szkoła","imp":0.059,"d":14630},"geometry":{"type":"Point","coordinates":[19.788881,50.03667]}},{"type":"Feature","properties":{"t":"vec","sid":"s1196","d":7059},"geometry":{"type":"LineString","coordinates":[[19.73913,49.999365],[19.830078,50.024331]]}},{"type":"Feature","properties":{"t":"gps","sid":"s1196"},"geometry":{"type":"Point","coordinates":[19.73913,49.999365]}},{"type":"Feature","properties":{"t":"sch","sid":"s1196","name":"Dąbrowa Szlachecka Krzemiennik","imp":0.094,"d":7059},"geometry":{"type":"Point","coordinates":[19.830078,50.024331]}},{"type":"Feature","properties":{"t":"vec","sid":"s1197","d":7861},"geometry":{"type":"LineString","coordinates":[[19.71578,50.10279],[19.819389,50.078783]]}},{"type":"Feature","properties":{"t":"gps","sid":"s1197"},"geometry":{"type":"Point","coordinates":[19.71578,50.10279]}},{"type":"Feature","properties":{"t":"sch","sid":"s1197","name":"Nielepice Stadnina","imp":0.07,"d":7861},"geometry":{"type":"Point","coordinates":[19.819389,50.078783]}},{"type":"Feature","properties":{"t":"vec","sid":"s1198","d":10113},"geometry":{"type":"LineString","coordinates":[[19.6924,50.128785],[19.824585,50.096013]]}},{"type":"Feature","properties":{"t":"gps","sid":"s1198"},"geometry":{"type":"Point","coordinates":[19.6924,50.128785]}},{"type":"Feature","properties":{"t":"sch","sid":"s1198","name":"Pisary Dwór","imp":0.054,"d":10113},"geometry":{"type":"Point","coordinates":[19.824585,50.096013]}},{"type":"Feature","properties":{"t":"vec","sid":"s1199","d":5220},"geometry":{"type":"LineString","coordinates":[[20.074235,50.14023],[20.023703,50.106295]]}},{"type":"Feature","properties":{"t":"gps","sid":"s1199"},"geometry":{"type":"Point","coordinates":[20.074235,50.14023]}},{"type":"Feature","properties":{"t":"sch","sid":"s1199","name":"Maciejowice Skrzyżowanie","imp":0.054,"d":5220},"geometry":{"type":"Point","coordinates":[20.023703,50.106295]}},{"type":"Feature","properties":{"t":"vec","sid":"s1200","d":5459},"geometry":{"type":"LineString","coordinates":[[19.778375,50.0023],[19.846557,50.024563]]}},{"type":"Feature","properties":{"t":"gps","sid":"s1200"},"geometry":{"type":"Point","coordinates":[19.778375,50.0023]}},{"type":"Feature","properties":{"t":"sch","sid":"s1200","name":"Ściejowice Na Bagnach","imp":0.086,"d":5459},"geometry":{"type":"Point","coordinates":[19.846557,50.024563]}},{"type":"Feature","properties":{"t":"vec","sid":"s1201","d":6678},"geometry":{"type":"LineString","coordinates":[[19.75903,49.983715],[19.838412,50.015518]]}},{"type":"Feature","properties":{"t":"gps","sid":"s1201"},"geometry":{"type":"Point","coordinates":[19.75903,49.983715]}},{"type":"Feature","properties":{"t":"sch","sid":"s1201","name":"Wołowice Grotowa","imp":0.07,"d":6678},"geometry":{"type":"Point","coordinates":[19.838412,50.015518]}},{"type":"Feature","properties":{"t":"vec","sid":"s1202","d":6286},"geometry":{"type":"LineString","coordinates":[[20.126655,50.11378],[20.048906,50.087217]]}},{"type":"Feature","properties":{"t":"gps","sid":"s1202"},"geometry":{"type":"Point","coordinates":[20.126655,50.11378]}},{"type":"Feature","properties":{"t":"sch","sid":"s1202","name":"Krzysztoforzyce Góra","imp":0.054,"d":6286},"geometry":{"type":"Point","coordinates":[20.048906,50.087217]}},{"type":"Feature","properties":{"t":"vec","sid":"s1203","d":6549},"geometry":{"type":"LineString","coordinates":[[20.135135,50.115365],[20.052658,50.08955]]}},{"type":"Feature","properties":{"t":"gps","sid":"s1203"},"geometry":{"type":"Point","coordinates":[20.135135,50.115365]}},{"type":"Feature","properties":{"t":"sch","sid":"s1203","name":"Krzysztoforzyce Sklep","imp":0.054,"d":6549},"geometry":{"type":"Point","coordinates":[20.052658,50.08955]}},{"type":"Feature","properties":{"t":"vec","sid":"s1204","d":6606},"geometry":{"type":"LineString","coordinates":[[20.13824,50.11591],[20.055287,50.08955]]}},{"type":"Feature","properties":{"t":"gps","sid":"s1204"},"geometry":{"type":"Point","coordinates":[20.13824,50.11591]}},{"type":"Feature","properties":{"t":"sch","sid":"s1204","name":"Krzysztoforzyce Pętla","imp":0.059,"d":6606},"geometry":{"type":"Point","coordinates":[20.055287,50.08955]}},{"type":"Feature","properties":{"t":"vec","sid":"s1205","d":6525},"geometry":{"type":"LineString","coordinates":[[20.131705,50.1157],[20.050765,50.08841]]}},{"type":"Feature","properties":{"t":"gps","sid":"s1205"},"geometry":{"type":"Point","coordinates":[20.131705,50.1157]}},{"type":"Feature","properties":{"t":"sch","sid":"s1205","name":"Krzysztoforzyce przy Dworze","imp":0.054,"d":6525},"geometry":{"type":"Point","coordinates":[20.050765,50.08841]}},{"type":"Feature","properties":{"t":"vec","sid":"s1206","d":7263},"geometry":{"type":"LineString","coordinates":[[20.12608,50.133545],[20.043563,50.095311]]}},{"type":"Feature","properties":{"t":"gps","sid":"s1206"},"geometry":{"type":"Point","coordinates":[20.12608,50.133545]}},{"type":"Feature","properties":{"t":"sch","sid":"s1206","name":"Kocmyrzów Krzyżówka","imp":0.054,"d":7263},"geometry":{"type":"Point","coordinates":[20.043563,50.095311]}},{"type":"Feature","properties":{"t":"vec","sid":"s1207","d":13509},"geometry":{"type":"LineString","coordinates":[[19.61667,49.997915],[19.799233,50.030026]]}},{"type":"Feature","properties":{"t":"gps","sid":"s1207"},"geometry":{"type":"Point","coordinates":[19.61667,49.997915]}},{"type":"Feature","properties":{"t":"sch","sid":"s1207","name":"Rusocice Załęg","imp":0.054,"d":13509},"geometry":{"type":"Point","coordinates":[19.799233,50.030026]}},{"type":"Feature","properties":{"t":"vec","sid":"s1208","d":14852},"geometry":{"type":"LineString","coordinates":[[19.591085,50.00229],[19.793318,50.033822]]}},{"type":"Feature","properties":{"t":"gps","sid":"s1208"},"geometry":{"type":"Point","coordinates":[19.591085,50.00229]}},{"type":"Feature","properties":{"t":"sch","sid":"s1208","name":"Rusocice Jałowce","imp":0.054,"d":14852},"geometry":{"type":"Point","coordinates":[19.793318,50.033822]}},{"type":"Feature","properties":{"t":"vec","sid":"s1209","d":3581},"geometry":{"type":"LineString","coordinates":[[20.056565,50.121565],[20.016837,50.101888]]}},{"type":"Feature","properties":{"t":"gps","sid":"s1209"},"geometry":{"type":"Point","coordinates":[20.056565,50.121565]}},{"type":"Feature","properties":{"t":"sch","sid":"s1209","name":"Zastów Działki","imp":0.054,"d":3581},"geometry":{"type":"Point","coordinates":[20.016837,50.101888]}},{"type":"Feature","properties":{"t":"vec","sid":"s1210","d":4223},"geometry":{"type":"LineString","coordinates":[[20.058603,50.132203],[20.019583,50.103651]]}},{"type":"Feature","properties":{"t":"gps","sid":"s1210"},"geometry":{"type":"Point","coordinates":[20.058603,50.132203]}},{"type":"Feature","properties":{"t":"sch","sid":"s1210","name":"Wiktorowice Skrzyżowanie","imp":0.074,"d":4223},"geometry":{"type":"Point","coordinates":[20.019583,50.103651]}},{"type":"Feature","properties":{"t":"vec","sid":"s1211","d":4379},"geometry":{"type":"LineString","coordinates":[[20.064145,50.132505],[20.020956,50.104532]]}},{"type":"Feature","properties":{"t":"gps","sid":"s1211"},"geometry":{"type":"Point","coordinates":[20.064145,50.132505]}},{"type":"Feature","properties":{"t":"sch","sid":"s1211","name":"Wiktorowice Rozlewnia Wód","imp":0.054,"d":4379},"geometry":{"type":"Point","coordinates":[20.020956,50.104532]}},{"type":"Feature","properties":{"t":"vec","sid":"s1212","d":4900},"geometry":{"type":"LineString","coordinates":[[20.07012,50.13706],[20.022329,50.105414]]}},{"type":"Feature","properties":{"t":"gps","sid":"s1212"},"geometry":{"type":"Point","coordinates":[20.07012,50.13706]}},{"type":"Feature","properties":{"t":"sch","sid":"s1212","name":"Maciejowice Góra","imp":0.054,"d":4900},"geometry":{"type":"Point","coordinates":[20.022329,50.105414]}},{"type":"Feature","properties":{"t":"vec","sid":"s1213","d":5117},"geometry":{"type":"LineString","coordinates":[[20.07118,50.14242],[20.025076,50.107176]]}},{"type":"Feature","properties":{"t":"gps","sid":"s1213"},"geometry":{"type":"Point","coordinates":[20.07118,50.14242]}},{"type":"Feature","properties":{"t":"sch","sid":"s1213","name":"Maciejowice Pętla","imp":0.035,"d":5117},"geometry":{"type":"Point","coordinates":[20.025076,50.107176]}},{"type":"Feature","properties":{"t":"vec","sid":"s1214","d":4756},"geometry":{"type":"LineString","coordinates":[[20.061125,50.13742],[20.016189,50.105829]]}},{"type":"Feature","properties":{"t":"gps","sid":"s1214"},"geometry":{"type":"Point","coordinates":[20.061125,50.13742]}},{"type":"Feature","properties":{"t":"sch","sid":"s1214","name":"Wiktorowice Centrum","imp":0.054,"d":4756},"geometry":{"type":"Point","coordinates":[20.016189,50.105829]}},{"type":"Feature","properties":{"t":"vec","sid":"s1215","d":4854},"geometry":{"type":"LineString","coordinates":[[20.056715,50.141335],[20.012795,50.108007]]}},{"type":"Feature","properties":{"t":"gps","sid":"s1215"},"geometry":{"type":"Point","coordinates":[20.056715,50.141335]}},{"type":"Feature","properties":{"t":"sch","sid":"s1215","name":"Wiktorowice Granica","imp":0.054,"d":4854},"geometry":{"type":"Point","coordinates":[20.012795,50.108007]}},{"type":"Feature","properties":{"t":"vec","sid":"s1216","d":1888},"geometry":{"type":"LineString","coordinates":[[19.918655,49.979825],[19.919014,49.996802]]}},{"type":"Feature","properties":{"t":"gps","sid":"s1216"},"geometry":{"type":"Point","coordinates":[19.918655,49.979825]}},{"type":"Feature","properties":{"t":"sch","sid":"s1216","name":"Libertów Świetlista","imp":0.054,"d":1888},"geometry":{"type":"Point","coordinates":[19.919014,49.996802]}},{"type":"Feature","properties":{"t":"vec","sid":"s1217","d":2096},"geometry":{"type":"LineString","coordinates":[[19.91073,49.97943],[19.919862,49.997346]]}},{"type":"Feature","properties":{"t":"gps","sid":"s1217"},"geometry":{"type":"Point","coordinates":[19.91073,49.97943]}},{"type":"Feature","properties":{"t":"sch","sid":"s1217","name":"Libertów Dolny","imp":0.054,"d":2096},"geometry":{"type":"Point","coordinates":[19.919862,49.997346]}},{"type":"Feature","properties":{"t":"vec","sid":"s1218","d":2720},"geometry":{"type":"LineString","coordinates":[[19.90622,49.973835],[19.913158,49.997891]]}},{"type":"Feature","properties":{"t":"gps","sid":"s1218"},"geometry":{"type":"Point","coordinates":[19.90622,49.973835]}},{"type":"Feature","properties":{"t":"sch","sid":"s1218","name":"Libertów Góra Libertowska","imp":0.054,"d":2720},"geometry":{"type":"Point","coordinates":[19.913158,49.997891]}},{"type":"Feature","properties":{"t":"vec","sid":"s1219","d":1849},"geometry":{"type":"LineString","coordinates":[[19.91012,49.97899],[19.916402,49.995125]]}},{"type":"Feature","properties":{"t":"gps","sid":"s1219"},"geometry":{"type":"Point","coordinates":[19.91012,49.97899]}},{"type":"Feature","properties":{"t":"sch","sid":"s1219","name":"Libertów Góra Libertowska","imp":0.086,"d":1849},"geometry":{"type":"Point","coordinates":[19.916402,49.995125]}},{"type":"Feature","properties":{"t":"vec","sid":"s1220","d":2906},"geometry":{"type":"LineString","coordinates":[[19.89919,49.972585],[19.909382,49.997891]]}},{"type":"Feature","properties":{"t":"gps","sid":"s1220"},"geometry":{"type":"Point","coordinates":[19.89919,49.972585]}},{"type":"Feature","properties":{"t":"sch","sid":"s1220","name":"Libertów Szkoła","imp":0.054,"d":2906},"geometry":{"type":"Point","coordinates":[19.909382,49.997891]}},{"type":"Feature","properties":{"t":"vec","sid":"s1221","d":3039},"geometry":{"type":"LineString","coordinates":[[19.89128,49.972155],[19.905605,49.997891]]}},{"type":"Feature","properties":{"t":"gps","sid":"s1221"},"geometry":{"type":"Point","coordinates":[19.89128,49.972155]}},{"type":"Feature","properties":{"t":"sch","sid":"s1221","name":"Libertów Działy","imp":0.054,"d":3039},"geometry":{"type":"Point","coordinates":[19.905605,49.997891]}},{"type":"Feature","properties":{"t":"vec","sid":"s1222","d":3187},"geometry":{"type":"LineString","coordinates":[[19.88382,49.97166],[19.901829,49.997891]]}},{"type":"Feature","properties":{"t":"gps","sid":"s1222"},"geometry":{"type":"Point","coordinates":[19.88382,49.97166]}},{"type":"Feature","properties":{"t":"sch","sid":"s1222","name":"Libertów Krzyżówka","imp":0.054,"d":3187},"geometry":{"type":"Point","coordinates":[19.901829,49.997891]}},{"type":"Feature","properties":{"t":"vec","sid":"s1223","d":3315},"geometry":{"type":"LineString","coordinates":[[19.87626,49.97156],[19.898053,49.997891]]}},{"type":"Feature","properties":{"t":"gps","sid":"s1223"},"geometry":{"type":"Point","coordinates":[19.87626,49.97156]}},{"type":"Feature","properties":{"t":"sch","sid":"s1223","name":"Libertów Droga do Sidziny","imp":0.054,"d":3315},"geometry":{"type":"Point","coordinates":[19.898053,49.997891]}},{"type":"Feature","properties":{"t":"vec","sid":"s1224","d":3337},"geometry":{"type":"LineString","coordinates":[[19.868875,49.972695],[19.894276,49.997891]]}},{"type":"Feature","properties":{"t":"gps","sid":"s1224"},"geometry":{"type":"Point","coordinates":[19.868875,49.972695]}},{"type":"Feature","properties":{"t":"sch","sid":"s1224","name":"Brzyczyna","imp":0.054,"d":3337},"geometry":{"type":"Point","coordinates":[19.894276,49.997891]}},{"type":"Feature","properties":{"t":"vec","sid":"s1225","d":2732},"geometry":{"type":"LineString","coordinates":[[19.988538,49.972997],[19.97564,49.996128]]}},{"type":"Feature","properties":{"t":"gps","sid":"s1225"},"geometry":{"type":"Point","coordinates":[19.988538,49.972997]}},{"type":"Feature","properties":{"t":"sch","sid":"s1225","name":"Golkowice Sklep","imp":0.128,"d":2732},"geometry":{"type":"Point","coordinates":[19.97564,49.996128]}},{"type":"Feature","properties":{"t":"vec","sid":"s1226","d":5078},"geometry":{"type":"LineString","coordinates":[[19.989725,49.94176],[19.961908,49.98379]]}},{"type":"Feature","properties":{"t":"gps","sid":"s1226"},"geometry":{"type":"Point","coordinates":[19.989725,49.94176]}},{"type":"Feature","properties":{"t":"sch","sid":"s1226","name":"Rzeszotary Tempo","imp":0.086,"d":5078},"geometry":{"type":"Point","coordinates":[19.961908,49.98379]}},{"type":"Feature","properties":{"t":"vec","sid":"s1227","d":4987},"geometry":{"type":"LineString","coordinates":[[19.94306,49.938575],[19.945429,49.983398]]}},{"type":"Feature","properties":{"t":"gps","sid":"s1227"},"geometry":{"type":"Point","coordinates":[19.94306,49.938575]}},{"type":"Feature","properties":{"t":"sch","sid":"s1227","name":"Świątniki Górne Krakowska","imp":0.07,"d":4987},"geometry":{"type":"Point","coordinates":[19.945429,49.983398]}},{"type":"Feature","properties":{"t":"vec","sid":"s1228","d":2246},"geometry":{"type":"LineString","coordinates":[[19.90942,49.97828],[19.916935,49.997891]]}},{"type":"Feature","properties":{"t":"gps","sid":"s1228"},"geometry":{"type":"Point","coordinates":[19.90942,49.97828]}},{"type":"Feature","properties":{"t":"sch","sid":"s1228","name":"Libertów Zgodna","imp":0.054,"d":2246},"geometry":{"type":"Point","coordinates":[19.916935,49.997891]}},{"type":"Feature","properties":{"t":"vec","sid":"s1229","d":6461},"geometry":{"type":"LineString","coordinates":[[20.113455,50.135435],[20.041555,50.100126]]}},{"type":"Feature","properties":{"t":"gps","sid":"s1229"},"geometry":{"type":"Point","coordinates":[20.113455,50.135435]}},{"type":"Feature","properties":{"t":"sch","sid":"s1229","name":"Kocmyrzów-Luborzyca Urząd Gminy","imp":0.162,"d":6461},"geometry":{"type":"Point","coordinates":[20.041555,50.100126]}},{"type":"Feature","properties":{"t":"vec","sid":"s1230","d":4929},"geometry":{"type":"LineString","coordinates":[[19.967695,49.938425],[19.959848,49.982468]]}},{"type":"Feature","properties":{"t":"gps","sid":"s1230"},"geometry":{"type":"Point","coordinates":[19.967695,49.938425]}},{"type":"Feature","properties":{"t":"sch","sid":"s1230","name":"Rzeszotary Pod Dębiną","imp":0.086,"d":4929},"geometry":{"type":"Point","coordinates":[19.959848,49.982468]}},{"type":"Feature","properties":{"t":"vec","sid":"s1231","d":1098},"geometry":{"type":"LineString","coordinates":[[19.9851,50.107245],[19.978386,50.098363]]}},{"type":"Feature","properties":{"t":"gps","sid":"s1231"},"geometry":{"type":"Point","coordinates":[19.9851,50.107245]}},{"type":"Feature","properties":{"t":"sch","sid":"s1231","name":"Węgrzce Sudół","imp":0.09,"d":1098},"geometry":{"type":"Point","coordinates":[19.978386,50.098363]}},{"type":"Feature","properties":{"t":"vec","sid":"s1232","d":7631},"geometry":{"type":"LineString","coordinates":[[20.11577,50.15497],[20.038808,50.107321]]}},{"type":"Feature","properties":{"t":"gps","sid":"s1232"},"geometry":{"type":"Point","coordinates":[20.11577,50.15497]}},{"type":"Feature","properties":{"t":"sch","sid":"s1232","name":"Wola Luborzycka Działki","imp":0.054,"d":7631},"geometry":{"type":"Point","coordinates":[20.038808,50.107321]}},{"type":"Feature","properties":{"t":"vec","sid":"s1233","d":7015},"geometry":{"type":"LineString","coordinates":[[19.72094,50.063085],[19.819092,50.059584]]}},{"type":"Feature","properties":{"t":"gps","sid":"s1233"},"geometry":{"type":"Point","coordinates":[19.72094,50.063085]}},{"type":"Feature","properties":{"t":"sch","sid":"s1233","name":"Mników Pańska Góra","imp":0.054,"d":7015},"geometry":{"type":"Point","coordinates":[19.819092,50.059584]}},{"type":"Feature","properties":{"t":"vec","sid":"s1234","d":7608},"geometry":{"type":"LineString","coordinates":[[19.70736,50.06884],[19.813599,50.06311]]}},{"type":"Feature","properties":{"t":"gps","sid":"s1234"},"geometry":{"type":"Point","coordinates":[19.70736,50.06884]}},{"type":"Feature","properties":{"t":"sch","sid":"s1234","name":"Mników Skały","imp":0.059,"d":7608},"geometry":{"type":"Point","coordinates":[19.813599,50.06311]}},{"type":"Feature","properties":{"t":"vec","sid":"s1235","d":8832},"geometry":{"type":"LineString","coordinates":[[19.687455,50.06263],[19.810988,50.057822]]}},{"type":"Feature","properties":{"t":"gps","sid":"s1235"},"geometry":{"type":"Point","coordinates":[19.687455,50.06263]}},{"type":"Feature","properties":{"t":"sch","sid":"s1235","name":"Czułów Na Skałce","imp":0.054,"d":8832},"geometry":{"type":"Point","coordinates":[19.810988,50.057822]}},{"type":"Feature","properties":{"t":"vec","sid":"s1236","d":8664},"geometry":{"type":"LineString","coordinates":[[19.711315,50.114065],[19.824585,50.086024]]}},{"type":"Feature","properties":{"t":"gps","sid":"s1236"},"geometry":{"type":"Point","coordinates":[19.711315,50.114065]}},{"type":"Feature","properties":{"t":"sch","sid":"s1236","name":"Rudawa Stadion","imp":0.109,"d":8664},"geometry":{"type":"Point","coordinates":[19.824585,50.086024]}},{"type":"Feature","properties":{"t":"vec","sid":"s1237","d":2573},"geometry":{"type":"LineString","coordinates":[[19.828455,50.091595],[19.860289,50.080736]]}},{"type":"Feature","properties":{"t":"gps","sid":"s1237"},"geometry":{"type":"Point","coordinates":[19.828455,50.091595]}},{"type":"Feature","properties":{"t":"sch","sid":"s1237","name":"Rząska Podkamycze","imp":0.122,"d":2573},"geometry":{"type":"Point","coordinates":[19.860289,50.080736]}},{"type":"Feature","properties":{"t":"vec","sid":"s1238","d":10763},"geometry":{"type":"LineString","coordinates":[[19.658825,50.064875],[19.809101,50.056698]]}},{"type":"Feature","properties":{"t":"gps","sid":"s1238"},"geometry":{"type":"Point","coordinates":[19.658825,50.064875]}},{"type":"Feature","properties":{"t":"sch","sid":"s1238","name":"Rybna Droga do Sanki","imp":0.054,"d":10763},"geometry":{"type":"Point","coordinates":[19.809101,50.056698]}},{"type":"Feature","properties":{"t":"vec","sid":"s1239","d":11430},"geometry":{"type":"LineString","coordinates":[[19.6431,50.03799],[19.802614,50.047246]]}},{"type":"Feature","properties":{"t":"gps","sid":"s1239"},"geometry":{"type":"Point","coordinates":[19.6431,50.03799]}},{"type":"Feature","properties":{"t":"sch","sid":"s1239","name":"Rybna Ośrodek Zdrowia","imp":0.074,"d":11430},"geometry":{"type":"Point","coordinates":[19.802614,50.047246]}},{"type":"Feature","properties":{"t":"vec","sid":"s1240","d":11782},"geometry":{"type":"LineString","coordinates":[[19.63494,50.03278],[19.798494,50.047246]]}},{"type":"Feature","properties":{"t":"gps","sid":"s1240"},"geometry":{"type":"Point","coordinates":[19.63494,50.03278]}},{"type":"Feature","properties":{"t":"sch","sid":"s1240","name":"Przeginia Duchowna Zagórze","imp":0.054,"d":11782},"geometry":{"type":"Point","coordinates":[19.798494,50.047246]}},{"type":"Feature","properties":{"t":"vec","sid":"s1241","d":11466},"geometry":{"type":"LineString","coordinates":[[19.63415,50.03964],[19.794374,50.047246]]}},{"type":"Feature","properties":{"t":"gps","sid":"s1241"},"geometry":{"type":"Point","coordinates":[19.63415,50.03964]}},{"type":"Feature","properties":{"t":"sch","sid":"s1241","name":"Rybna Dolna","imp":0.078,"d":11466},"geometry":{"type":"Point","coordinates":[19.794374,50.047246]}},{"type":"Feature","properties":{"t":"vec","sid":"s1242","d":9395},"geometry":{"type":"LineString","coordinates":[[19.67987,50.0423],[19.810853,50.050771]]}},{"type":"Feature","properties":{"t":"gps","sid":"s1242"},"geometry":{"type":"Point","coordinates":[19.67987,50.0423]}},{"type":"Feature","properties":{"t":"sch","sid":"s1242","name":"Czułówek Kapliczka","imp":0.059,"d":9395},"geometry":{"type":"Point","coordinates":[19.810853,50.050771]}},{"type":"Feature","properties":{"t":"vec","sid":"s1243","d":5953},"geometry":{"type":"LineString","coordinates":[[19.756725,50.011045],[19.8346,50.030242]]}},{"type":"Feature","properties":{"t":"gps","sid":"s1243"},"geometry":{"type":"Point","coordinates":[19.756725,50.011045]}},{"type":"Feature","properties":{"t":"sch","sid":"s1243","name":"Rączna Kościół","imp":0.054,"d":5953},"geometry":{"type":"Point","coordinates":[19.8346,50.030242]}},{"type":"Feature","properties":{"t":"vec","sid":"s1244","d":2722},"geometry":{"type":"LineString","coordinates":[[19.979423,49.97262],[19.968774,49.996128]]}},{"type":"Feature","properties":{"t":"gps","sid":"s1244"},"geometry":{"type":"Point","coordinates":[19.979423,49.97262]}},{"type":"Feature","properties":{"t":"sch","sid":"s1244","name":"Golkowice Kościół","imp":0.054,"d":2722},"geometry":{"type":"Point","coordinates":[19.968774,49.996128]}},{"type":"Feature","properties":{"t":"vec","sid":"s1245","d":3366},"geometry":{"type":"LineString","coordinates":[[19.843735,49.98804],[19.877683,50.009055]]}},{"type":"Feature","properties":{"t":"gps","sid":"s1245"},"geometry":{"type":"Point","coordinates":[19.843735,49.98804]}},{"type":"Feature","properties":{"t":"sch","sid":"s1245","name":"Skawina Podlipki","imp":0.118,"d":3366},"geometry":{"type":"Point","coordinates":[19.877683,50.009055]}},{"type":"Feature","properties":{"t":"vec","sid":"s1246","d":9271},"geometry":{"type":"LineString","coordinates":[[20.212235,50.04434],[20.082751,50.051136]]}},{"type":"Feature","properties":{"t":"gps","sid":"s1246"},"geometry":{"type":"Point","coordinates":[20.212235,50.04434]}},{"type":"Feature","properties":{"t":"sch","sid":"s1246","name":"Niepołomice Kolejowa","imp":0.054,"d":9271},"geometry":{"type":"Point","coordinates":[20.082751,50.051136]}},{"type":"Feature","properties":{"t":"vec","sid":"s1247","d":9563},"geometry":{"type":"LineString","coordinates":[[20.21606,50.038503],[20.082751,50.047246]]}},{"type":"Feature","properties":{"t":"gps","sid":"s1247"},"geometry":{"type":"Point","coordinates":[20.21606,50.038503]}},{"type":"Feature","properties":{"t":"sch","sid":"s1247","name":"Niepołomice Dworzec","imp":0.134,"d":9563},"geometry":{"type":"Point","coordinates":[20.082751,50.047246]}},{"type":"Feature","properties":{"t":"vec","sid":"s1248","d":9606},"geometry":{"type":"LineString","coordinates":[[20.21638,50.03332],[20.082751,50.04372]]}},{"type":"Feature","properties":{"t":"gps","sid":"s1248"},"geometry":{"type":"Point","coordinates":[20.21638,50.03332]}},{"type":"Feature","properties":{"t":"sch","sid":"s1248","name":"Niepołomice Rynek","imp":0.106,"d":9606},"geometry":{"type":"Point","coordinates":[20.082751,50.04372]}},{"type":"Feature","properties":{"t":"vec","sid":"s1249","d":9799},"geometry":{"type":"LineString","coordinates":[[20.222015,50.040515],[20.084895,50.045096]]}},{"type":"Feature","properties":{"t":"gps","sid":"s1249"},"geometry":{"type":"Point","coordinates":[20.222015,50.040515]}},{"type":"Feature","properties":{"t":"sch","sid":"s1249","name":"Niepołomice Batorego","imp":0.054,"d":9799},"geometry":{"type":"Point","coordinates":[20.084895,50.045096]}},{"type":"Feature","properties":{"t":"vec","sid":"s1250","d":10166},"geometry":{"type":"LineString","coordinates":[[20.229325,50.04203],[20.087038,50.046472]]}},{"type":"Feature","properties":{"t":"gps","sid":"s1250"},"geometry":{"type":"Point","coordinates":[20.229325,50.04203]}},{"type":"Feature","properties":{"t":"sch","sid":"s1250","name":"Niepołomice Grobla","imp":0.054,"d":10166},"geometry":{"type":"Point","coordinates":[20.087038,50.046472]}},{"type":"Feature","properties":{"t":"vec","sid":"s1251","d":10677},"geometry":{"type":"LineString","coordinates":[[20.238655,50.043645],[20.089182,50.047848]]}},{"type":"Feature","properties":{"t":"gps","sid":"s1251"},"geometry":{"type":"Point","coordinates":[20.238655,50.043645]}},{"type":"Feature","properties":{"t":"sch","sid":"s1251","name":"Niepołomice Jazy","imp":0.054,"d":10677},"geometry":{"type":"Point","coordinates":[20.089182,50.047848]}},{"type":"Feature","properties":{"t":"vec","sid":"s1252","d":11028},"geometry":{"type":"LineString","coordinates":[[20.245805,50.046575],[20.091325,50.049223]]}},{"type":"Feature","properties":{"t":"gps","sid":"s1252"},"geometry":{"type":"Point","coordinates":[20.245805,50.046575]}},{"type":"Feature","properties":{"t":"sch","sid":"s1252","name":"Niepołomice Słoneczna","imp":0.054,"d":11028},"geometry":{"type":"Point","coordinates":[20.091325,50.049223]}},{"type":"Feature","properties":{"t":"vec","sid":"s1253","d":11767},"geometry":{"type":"LineString","coordinates":[[20.2583,50.05317],[20.093469,50.050599]]}},{"type":"Feature","properties":{"t":"gps","sid":"s1253"},"geometry":{"type":"Point","coordinates":[20.2583,50.05317]}},{"type":"Feature","properties":{"t":"sch","sid":"s1253","name":"Wola Batorska Ruskie","imp":0.054,"d":11767},"geometry":{"type":"Point","coordinates":[20.093469,50.050599]}},{"type":"Feature","properties":{"t":"vec","sid":"s1254","d":12193},"geometry":{"type":"LineString","coordinates":[[20.266465,50.052595],[20.095613,50.051975]]}},{"type":"Feature","properties":{"t":"gps","sid":"s1254"},"geometry":{"type":"Point","coordinates":[20.266465,50.052595]}},{"type":"Feature","properties":{"t":"sch","sid":"s1254","name":"Wola Batorska Żwirownia","imp":0.054,"d":12193},"geometry":{"type":"Point","coordinates":[20.095613,50.051975]}},{"type":"Feature","properties":{"t":"vec","sid":"s1255","d":12760},"geometry":{"type":"LineString","coordinates":[[20.276555,50.05292],[20.097756,50.05335]]}},{"type":"Feature","properties":{"t":"gps","sid":"s1255"},"geometry":{"type":"Point","coordinates":[20.276555,50.05292]}},{"type":"Feature","properties":{"t":"sch","sid":"s1255","name":"Wola Batorska Kościół","imp":0.054,"d":12760},"geometry":{"type":"Point","coordinates":[20.097756,50.05335]}},{"type":"Feature","properties":{"t":"vec","sid":"s1256","d":13555},"geometry":{"type":"LineString","coordinates":[[20.289815,50.05267],[20.0999,50.054726]]}},{"type":"Feature","properties":{"t":"gps","sid":"s1256"},"geometry":{"type":"Point","coordinates":[20.289815,50.05267]}},{"type":"Feature","properties":{"t":"sch","sid":"s1256","name":"Wola Batorska Cmentarz","imp":0.054,"d":13555},"geometry":{"type":"Point","coordinates":[20.0999,50.054726]}},{"type":"Feature","properties":{"t":"vec","sid":"s1257","d":13837},"geometry":{"type":"LineString","coordinates":[[20.295895,50.05367],[20.102043,50.056102]]}},{"type":"Feature","properties":{"t":"gps","sid":"s1257"},"geometry":{"type":"Point","coordinates":[20.295895,50.05367]}},{"type":"Feature","properties":{"t":"sch","sid":"s1257","name":"Wola Batorska Borek","imp":0.054,"d":13837},"geometry":{"type":"Point","coordinates":[20.102043,50.056102]}},{"type":"Feature","properties":{"t":"vec","sid":"s1258","d":13873},"geometry":{"type":"LineString","coordinates":[[20.298575,50.05823],[20.104187,50.057478]]}},{"type":"Feature","properties":{"t":"gps","sid":"s1258"},"geometry":{"type":"Point","coordinates":[20.298575,50.05823]}},{"type":"Feature","properties":{"t":"sch","sid":"s1258","name":"Wola Batorska Mikoniowiec","imp":0.054,"d":13873},"geometry":{"type":"Point","coordinates":[20.104187,50.057478]}},{"type":"Feature","properties":{"t":"vec","sid":"s1259","d":13969},"geometry":{"type":"LineString","coordinates":[[20.301895,50.06413],[20.10633,50.058853]]}},{"type":"Feature","properties":{"t":"gps","sid":"s1259"},"geometry":{"type":"Point","coordinates":[20.301895,50.06413]}},{"type":"Feature","properties":{"t":"sch","sid":"s1259","name":"Wola Batorska Zamoglice","imp":0.054,"d":13969},"geometry":{"type":"Point","coordinates":[20.10633,50.058853]}},{"type":"Feature","properties":{"t":"vec","sid":"s1260","d":15006},"geometry":{"type":"LineString","coordinates":[[20.31843,50.06768],[20.108474,50.060229]]}},{"type":"Feature","properties":{"t":"gps","sid":"s1260"},"geometry":{"type":"Point","coordinates":[20.31843,50.06768]}},{"type":"Feature","properties":{"t":"sch","sid":"s1260","name":"Zabierzów Bocheński Centrum","imp":0.054,"d":15006},"geometry":{"type":"Point","coordinates":[20.108474,50.060229]}},{"type":"Feature","properties":{"t":"vec","sid":"s1261","d":15952},"geometry":{"type":"LineString","coordinates":[[20.333755,50.07007],[20.110617,50.061605]]}},{"type":"Feature","properties":{"t":"gps","sid":"s1261"},"geometry":{"type":"Point","coordinates":[20.333755,50.07007]}},{"type":"Feature","properties":{"t":"sch","sid":"s1261","name":"Wola Zabierzowska Chałupki","imp":0.054,"d":15952},"geometry":{"type":"Point","coordinates":[20.110617,50.061605]}},{"type":"Feature","properties":{"t":"vec","sid":"s1262","d":16723},"geometry":{"type":"LineString","coordinates":[[20.3465,50.073645],[20.112761,50.06298]]}},{"type":"Feature","properties":{"t":"gps","sid":"s1262"},"geometry":{"type":"Point","coordinates":[20.3465,50.073645]}},{"type":"Feature","properties":{"t":"sch","sid":"s1262","name":"Chobot Kapliczka","imp":0.054,"d":16723},"geometry":{"type":"Point","coordinates":[20.112761,50.06298]}},{"type":"Feature","properties":{"t":"vec","sid":"s1263","d":17187},"geometry":{"type":"LineString","coordinates":[[20.35261,50.08021],[20.112962,50.064872]]}},{"type":"Feature","properties":{"t":"gps","sid":"s1263"},"geometry":{"type":"Point","coordinates":[20.35261,50.08021]}},{"type":"Feature","properties":{"t":"sch","sid":"s1263","name":"Chobot Leśniczówka","imp":0.059,"d":17187},"geometry":{"type":"Point","coordinates":[20.112962,50.064872]}},{"type":"Feature","properties":{"t":"vec","sid":"s1264","d":2174},"geometry":{"type":"LineString","coordinates":[[19.861423,50.102043],[19.882261,50.087787]]}},{"type":"Feature","properties":{"t":"gps","sid":"s1264"},"geometry":{"type":"Point","coordinates":[19.861423,50.102043]}},{"type":"Feature","properties":{"t":"sch","sid":"s1264","name":"Rząska Cmentarz","imp":0.17,"d":2174},"geometry":{"type":"Point","coordinates":[19.882261,50.087787]}},{"type":"Feature","properties":{"t":"vec","sid":"s1265","d":3770},"geometry":{"type":"LineString","coordinates":[[20.101474,50.036716],[20.049794,50.04372]]}},{"type":"Feature","properties":{"t":"gps","sid":"s1265"},"geometry":{"type":"Point","coordinates":[20.101474,50.036716]}},{"type":"Feature","properties":{"t":"sch","sid":"s1265","name":"Brzegi Dom Kultury","imp":0.106,"d":3770},"geometry":{"type":"Point","coordinates":[20.049794,50.04372]}},{"type":"Feature","properties":{"t":"vec","sid":"s1266","d":4303},"geometry":{"type":"LineString","coordinates":[[20.111899,50.038706],[20.05254,50.045483]]}},{"type":"Feature","properties":{"t":"gps","sid":"s1266"},"geometry":{"type":"Point","coordinates":[20.111899,50.038706]}},{"type":"Feature","properties":{"t":"sch","sid":"s1266","name":"Grabie Szczurów","imp":0.106,"d":4303},"geometry":{"type":"Point","coordinates":[20.05254,50.045483]}},{"type":"Feature","properties":{"t":"vec","sid":"s1267","d":5241},"geometry":{"type":"LineString","coordinates":[[20.133746,50.040156],[20.06078,50.045483]]}},{"type":"Feature","properties":{"t":"gps","sid":"s1267"},"geometry":{"type":"Point","coordinates":[20.133746,50.040156]}},{"type":"Feature","properties":{"t":"sch","sid":"s1267","name":"Grabie Dom Kultury","imp":0.144,"d":5241},"geometry":{"type":"Point","coordinates":[20.06078,50.045483]}},{"type":"Feature","properties":{"t":"vec","sid":"s1268","d":5239},"geometry":{"type":"LineString","coordinates":[[20.139311,50.040755],[20.066273,50.045483]]}},{"type":"Feature","properties":{"t":"gps","sid":"s1268"},"geometry":{"type":"Point","coordinates":[20.139311,50.040755]}},{"type":"Feature","properties":{"t":"sch","sid":"s1268","name":"Grabie Kościół","imp":0.11,"d":5239},"geometry":{"type":"Point","coordinates":[20.066273,50.045483]}},{"type":"Feature","properties":{"t":"vec","sid":"s1269","d":5996},"geometry":{"type":"LineString","coordinates":[[20.151065,50.03878],[20.067545,50.044666]]}},{"type":"Feature","properties":{"t":"gps","sid":"s1269"},"geometry":{"type":"Point","coordinates":[20.151065,50.03878]}},{"type":"Feature","properties":{"t":"sch","sid":"s1269","name":"Niepołomice Podgrabie","imp":0.054,"d":5996},"geometry":{"type":"Point","coordinates":[20.067545,50.044666]}},{"type":"Feature","properties":{"t":"vec","sid":"s1270","d":6980},"geometry":{"type":"LineString","coordinates":[[20.166515,50.040925],[20.068818,50.043849]]}},{"type":"Feature","properties":{"t":"gps","sid":"s1270"},"geometry":{"type":"Point","coordinates":[20.166515,50.040925]}},{"type":"Feature","properties":{"t":"sch","sid":"s1270","name":"Niepołomice Pasternik","imp":0.054,"d":6980},"geometry":{"type":"Point","coordinates":[20.068818,50.043849]}},{"type":"Feature","properties":{"t":"vec","sid":"s1271","d":7376},"geometry":{"type":"LineString","coordinates":[[20.173255,50.038995],[20.070091,50.043033]]}},{"type":"Feature","properties":{"t":"gps","sid":"s1271"},"geometry":{"type":"Point","coordinates":[20.173255,50.038995]}},{"type":"Feature","properties":{"t":"sch","sid":"s1271","name":"Niepołomice Kątek","imp":0.054,"d":7376},"geometry":{"type":"Point","coordinates":[20.070091,50.043033]}},{"type":"Feature","properties":{"t":"vec","sid":"s1272","d":7806},"geometry":{"type":"LineString","coordinates":[[20.180455,50.03716],[20.071363,50.042216]]}},{"type":"Feature","properties":{"t":"gps","sid":"s1272"},"geometry":{"type":"Point","coordinates":[20.180455,50.03716]}},{"type":"Feature","properties":{"t":"sch","sid":"s1272","name":"Niepołomice Poręby","imp":0.054,"d":7806},"geometry":{"type":"Point","coordinates":[20.071363,50.042216]}},{"type":"Feature","properties":{"t":"vec","sid":"s1273","d":8323},"geometry":{"type":"LineString","coordinates":[[20.18867,50.033895],[20.072636,50.041399]]}},{"type":"Feature","properties":{"t":"gps","sid":"s1273"},"geometry":{"type":"Point","coordinates":[20.18867,50.033895]}},{"type":"Feature","properties":{"t":"sch","sid":"s1273","name":"Niepołomice Diesla","imp":0.054,"d":8323},"geometry":{"type":"Point","coordinates":[20.072636,50.041399]}},{"type":"Feature","properties":{"t":"vec","sid":"s1274","d":8530},"geometry":{"type":"LineString","coordinates":[[20.192835,50.032905],[20.073909,50.040582]]}},{"type":"Feature","properties":{"t":"gps","sid":"s1274"},"geometry":{"type":"Point","coordinates":[20.192835,50.032905]}},{"type":"Feature","properties":{"t":"sch","sid":"s1274","name":"Niepołomice Wodna","imp":0.054,"d":8530},"geometry":{"type":"Point","coordinates":[20.073909,50.040582]}},{"type":"Feature","properties":{"t":"vec","sid":"s1275","d":8810},"geometry":{"type":"LineString","coordinates":[[20.19807,50.030995],[20.075459,50.040195]]}},{"type":"Feature","properties":{"t":"gps","sid":"s1275"},"geometry":{"type":"Point","coordinates":[20.19807,50.030995]}},{"type":"Feature","properties":{"t":"sch","sid":"s1275","name":"Niepołomice Płaszowska","imp":0.054,"d":8810},"geometry":{"type":"Point","coordinates":[20.075459,50.040195]}},{"type":"Feature","properties":{"t":"vec","sid":"s1276","d":9280},"geometry":{"type":"LineString","coordinates":[[20.206105,50.028935],[20.077258,50.040195]]}},{"type":"Feature","properties":{"t":"gps","sid":"s1276"},"geometry":{"type":"Point","coordinates":[20.206105,50.028935]}},{"type":"Feature","properties":{"t":"sch","sid":"s1276","name":"Niepołomice Kościuszki","imp":0.09,"d":9280},"geometry":{"type":"Point","coordinates":[20.077258,50.040195]}},{"type":"Feature","properties":{"t":"vec","sid":"s1277","d":8993},"geometry":{"type":"LineString","coordinates":[[20.19843,50.023165],[20.074713,50.038561]]}},{"type":"Feature","properties":{"t":"gps","sid":"s1277"},"geometry":{"type":"Point","coordinates":[20.19843,50.023165]}},{"type":"Feature","properties":{"t":"sch","sid":"s1277","name":"Niepołomice Boryczów","imp":0.054,"d":8993},"geometry":{"type":"Point","coordinates":[20.074713,50.038561]}},{"type":"Feature","properties":{"t":"vec","sid":"s1278","d":8760},"geometry":{"type":"LineString","coordinates":[[20.191785,50.019255],[20.072168,50.036928]]}},{"type":"Feature","properties":{"t":"gps","sid":"s1278"},"geometry":{"type":"Point","coordinates":[20.191785,50.019255]}},{"type":"Feature","properties":{"t":"sch","sid":"s1278","name":"Niepołomice Wielicka","imp":0.054,"d":8760},"geometry":{"type":"Point","coordinates":[20.072168,50.036928]}},{"type":"Feature","properties":{"t":"vec","sid":"s1279","d":8093},"geometry":{"type":"LineString","coordinates":[[20.179015,50.016095],[20.069622,50.035294]]}},{"type":"Feature","properties":{"t":"gps","sid":"s1279"},"geometry":{"type":"Point","coordinates":[20.179015,50.016095]}},{"type":"Feature","properties":{"t":"sch","sid":"s1279","name":"Staniątki Wiadukt","imp":0.054,"d":8093},"geometry":{"type":"Point","coordinates":[20.069622,50.035294]}},{"type":"Feature","properties":{"t":"vec","sid":"s1280","d":7576},"geometry":{"type":"LineString","coordinates":[[20.17102,50.01425],[20.069019,50.033144]]}},{"type":"Feature","properties":{"t":"gps","sid":"s1280"},"geometry":{"type":"Point","coordinates":[20.17102,50.01425]}},{"type":"Feature","properties":{"t":"sch","sid":"s1280","name":"Podłęże Centrum","imp":0.074,"d":7576},"geometry":{"type":"Point","coordinates":[20.069019,50.033144]}},{"type":"Feature","properties":{"t":"vec","sid":"s1281","d":7421},"geometry":{"type":"LineString","coordinates":[[20.16437,50.01341],[20.064497,50.032005]]}},{"type":"Feature","properties":{"t":"gps","sid":"s1281"},"geometry":{"type":"Point","coordinates":[20.16437,50.01341]}},{"type":"Feature","properties":{"t":"sch","sid":"s1281","name":"Podłęże Remiza","imp":0.054,"d":7421},"geometry":{"type":"Point","coordinates":[20.064497,50.032005]}},{"type":"Feature","properties":{"t":"vec","sid":"s1282","d":6824},"geometry":{"type":"LineString","coordinates":[[20.151785,50.01079],[20.06078,50.029619]]}},{"type":"Feature","properties":{"t":"gps","sid":"s1282"},"geometry":{"type":"Point","coordinates":[20.151785,50.01079]}},{"type":"Feature","properties":{"t":"sch","sid":"s1282","name":"Podłęże Balachówka","imp":0.074,"d":6824},"geometry":{"type":"Point","coordinates":[20.06078,50.029619]}},{"type":"Feature","properties":{"t":"vec","sid":"s1283","d":6626},"geometry":{"type":"LineString","coordinates":[[20.144555,50.00929],[20.055555,50.026266]]}},{"type":"Feature","properties":{"t":"gps","sid":"s1283"},"geometry":{"type":"Point","coordinates":[20.144555,50.00929]}},{"type":"Feature","properties":{"t":"sch","sid":"s1283","name":"Zakrzów Ogrodzieniec","imp":0.054,"d":6626},"geometry":{"type":"Point","coordinates":[20.055555,50.026266]}},{"type":"Feature","properties":{"t":"vec","sid":"s1284","d":5831},"geometry":{"type":"LineString","coordinates":[[20.12582,50.00285],[20.05033,50.022913]]}},{"type":"Feature","properties":{"t":"gps","sid":"s1284"},"geometry":{"type":"Point","coordinates":[20.12582,50.00285]}},{"type":"Feature","properties":{"t":"sch","sid":"s1284","name":"Ochmanów Oknoplast","imp":0.054,"d":5831},"geometry":{"type":"Point","coordinates":[20.05033,50.022913]}},{"type":"Feature","properties":{"t":"vec","sid":"s1285","d":5304},"geometry":{"type":"LineString","coordinates":[[20.110682,49.999352],[20.044301,50.020806]]}},{"type":"Feature","properties":{"t":"gps","sid":"s1285"},"geometry":{"type":"Point","coordinates":[20.110682,49.999352]}},{"type":"Feature","properties":{"t":"sch","sid":"s1285","name":"Sułków Zbój","imp":0.202,"d":5304},"geometry":{"type":"Point","coordinates":[20.044301,50.020806]}},{"type":"Feature","properties":{"t":"vec","sid":"s1286","d":5082},"geometry":{"type":"LineString","coordinates":[[20.101982,49.998754],[20.039613,50.020806]]}},{"type":"Feature","properties":{"t":"gps","sid":"s1286"},"geometry":{"type":"Point","coordinates":[20.101982,49.998754]}},{"type":"Feature","properties":{"t":"sch","sid":"s1286","name":"Mała Wieś Skrzyżowanie","imp":0.07,"d":5082},"geometry":{"type":"Point","coordinates":[20.039613,50.020806]}},{"type":"Feature","properties":{"t":"vec","sid":"s1287","d":4744},"geometry":{"type":"LineString","coordinates":[[20.090363,49.994429],[20.036062,50.019043]]}},{"type":"Feature","properties":{"t":"gps","sid":"s1287"},"geometry":{"type":"Point","coordinates":[20.090363,49.994429]}},{"type":"Feature","properties":{"t":"sch","sid":"s1287","name":"Zabawa Centrum","imp":0.09,"d":4744},"geometry":{"type":"Point","coordinates":[20.036062,50.019043]}},{"type":"Feature","properties":{"t":"vec","sid":"s1288","d":3793},"geometry":{"type":"LineString","coordinates":[[20.05024,49.986983],[20.011344,50.01023]]}},{"type":"Feature","properties":{"t":"gps","sid":"s1288"},"geometry":{"type":"Point","coordinates":[20.05024,49.986983]}},{"type":"Feature","properties":{"t":"sch","sid":"s1288","name":"Wieliczka Park","imp":0.122,"d":3793},"geometry":{"type":"Point","coordinates":[20.011344,50.01023]}},{"type":"Feature","properties":{"t":"vec","sid":"s1289","d":4643},"geometry":{"type":"LineString","coordinates":[[20.08568,49.99223],[20.034688,50.018162]]}},{"type":"Feature","properties":{"t":"gps","sid":"s1289"},"geometry":{"type":"Point","coordinates":[20.08568,49.99223]}},{"type":"Feature","properties":{"t":"sch","sid":"s1289","name":"Wieliczka Niepołomska Granica","imp":0.054,"d":4643},"geometry":{"type":"Point","coordinates":[20.034688,50.018162]}},{"type":"Feature","properties":{"t":"vec","sid":"s1290","d":4662},"geometry":{"type":"LineString","coordinates":[[20.086262,49.992427],[20.034688,50.018162]]}},{"type":"Feature","properties":{"t":"gps","sid":"s1290"},"geometry":{"type":"Point","coordinates":[20.086262,49.992427]}},{"type":"Feature","properties":{"t":"sch","sid":"s1290","name":"Zabawa Granica","imp":0.07,"d":4662},"geometry":{"type":"Point","coordinates":[20.034688,50.018162]}},{"type":"Feature","properties":{"t":"vec","sid":"s1291","d":7146},"geometry":{"type":"LineString","coordinates":[[20.16175,50.01349],[20.065302,50.030758]]}},{"type":"Feature","properties":{"t":"gps","sid":"s1291"},"geometry":{"type":"Point","coordinates":[20.16175,50.01349]}},{"type":"Feature","properties":{"t":"sch","sid":"s1291","name":"Podłęże Przedszkole","imp":0.054,"d":7146},"geometry":{"type":"Point","coordinates":[20.065302,50.030758]}},{"type":"Feature","properties":{"t":"vec","sid":"s1292","d":7189},"geometry":{"type":"LineString","coordinates":[[20.104105,50.15831],[20.033315,50.112313]]}},{"type":"Feature","properties":{"t":"gps","sid":"s1292"},"geometry":{"type":"Point","coordinates":[20.104105,50.15831]}},{"type":"Feature","properties":{"t":"sch","sid":"s1292","name":"Wysiołek Luborzycki","imp":0.054,"d":7189},"geometry":{"type":"Point","coordinates":[20.033315,50.112313]}},{"type":"Feature","properties":{"t":"vec","sid":"s1293","d":7406},"geometry":{"type":"LineString","coordinates":[[20.09995,50.1638],[20.029764,50.114743]]}},{"type":"Feature","properties":{"t":"gps","sid":"s1293"},"geometry":{"type":"Point","coordinates":[20.09995,50.1638]}},{"type":"Feature","properties":{"t":"sch","sid":"s1293","name":"Wysiołek Luborzycki Radwany","imp":0.054,"d":7406},"geometry":{"type":"Point","coordinates":[20.029764,50.114743]}},{"type":"Feature","properties":{"t":"vec","sid":"s1294","d":7780},"geometry":{"type":"LineString","coordinates":[[20.09609,50.170745],[20.026047,50.117129]]}},{"type":"Feature","properties":{"t":"gps","sid":"s1294"},"geometry":{"type":"Point","coordinates":[20.09609,50.170745]}},{"type":"Feature","properties":{"t":"sch","sid":"s1294","name":"Marszowice Góry","imp":0.054,"d":7780},"geometry":{"type":"Point","coordinates":[20.026047,50.117129]}},{"type":"Feature","properties":{"t":"vec","sid":"s1295","d":8495},"geometry":{"type":"LineString","coordinates":[[20.093178,50.180905],[20.022329,50.119515]]}},{"type":"Feature","properties":{"t":"gps","sid":"s1295"},"geometry":{"type":"Point","coordinates":[20.093178,50.180905]}},{"type":"Feature","properties":{"t":"sch","sid":"s1295","name":"Marszowice Centrum","imp":0.109,"d":8495},"geometry":{"type":"Point","coordinates":[20.022329,50.119515]}},{"type":"Feature","properties":{"t":"vec","sid":"s1296","d":8881},"geometry":{"type":"LineString","coordinates":[[20.0926,50.188015],[20.022329,50.122099]]}},{"type":"Feature","properties":{"t":"gps","sid":"s1296"},"geometry":{"type":"Point","coordinates":[20.0926,50.188015]}},{"type":"Feature","properties":{"t":"sch","sid":"s1296","name":"Marszowice","imp":0.054,"d":8881},"geometry":{"type":"Point","coordinates":[20.022329,50.122099]}},{"type":"Feature","properties":{"t":"vec","sid":"s1297","d":9076},"geometry":{"type":"LineString","coordinates":[[20.09176,50.193065],[20.022329,50.124682]]}},{"type":"Feature","properties":{"t":"gps","sid":"s1297"},"geometry":{"type":"Point","coordinates":[20.09176,50.193065]}},{"type":"Feature","properties":{"t":"sch","sid":"s1297","name":"Polanowice Kolonia","imp":0.054,"d":9076},"geometry":{"type":"Point","coordinates":[20.022329,50.124682]}},{"type":"Feature","properties":{"t":"vec","sid":"s1298","d":9288},"geometry":{"type":"LineString","coordinates":[[20.09135,50.198085],[20.022329,50.127266]]}},{"type":"Feature","properties":{"t":"gps","sid":"s1298"},"geometry":{"type":"Point","coordinates":[20.09135,50.198085]}},{"type":"Feature","properties":{"t":"sch","sid":"s1298","name":"Polanowice Boisko","imp":0.054,"d":9288},"geometry":{"type":"Point","coordinates":[20.022329,50.127266]}},{"type":"Feature","properties":{"t":"vec","sid":"s1299","d":10172},"geometry":{"type":"LineString","coordinates":[[20.085935,50.211715],[20.022329,50.129849]]}},{"type":"Feature","properties":{"t":"gps","sid":"s1299"},"geometry":{"type":"Point","coordinates":[20.085935,50.211715]}},{"type":"Feature","properties":{"t":"sch","sid":"s1299","name":"Niedźwiedź PKP","imp":0.054,"d":10172},"geometry":{"type":"Point","coordinates":[20.022329,50.129849]}},{"type":"Feature","properties":{"t":"vec","sid":"s1300","d":10978},"geometry":{"type":"LineString","coordinates":[[20.082055,50.223415],[20.022329,50.132433]]}},{"type":"Feature","properties":{"t":"gps","sid":"s1300"},"geometry":{"type":"Point","coordinates":[20.082055,50.223415]}},{"type":"Feature","properties":{"t":"sch","sid":"s1300","name":"Niedźwiedź Felix","imp":0.054,"d":10978},"geometry":{"type":"Point","coordinates":[20.022329,50.132433]}},{"type":"Feature","properties":{"t":"vec","sid":"s1301","d":11388},"geometry":{"type":"LineString","coordinates":[[20.08202,50.229995],[20.022329,50.135016]]}},{"type":"Feature","properties":{"t":"gps","sid":"s1301"},"geometry":{"type":"Point","coordinates":[20.08202,50.229995]}},{"type":"Feature","properties":{"t":"sch","sid":"s1301","name":"Ratajów Skrzyżowanie","imp":0.054,"d":11388},"geometry":{"type":"Point","coordinates":[20.022329,50.135016]}},{"type":"Feature","properties":{"t":"vec","sid":"s1302","d":11702},"geometry":{"type":"LineString","coordinates":[[20.08197,50.23435],[20.019883,50.136949]]}},{"type":"Feature","properties":{"t":"gps","sid":"s1302"},"geometry":{"type":"Point","coordinates":[20.08197,50.23435]}},{"type":"Feature","properties":{"t":"sch","sid":"s1302","name":"Słomniki Zagłoby","imp":0.054,"d":11702},"geometry":{"type":"Point","coordinates":[20.019883,50.136949]}},{"type":"Feature","properties":{"t":"vec","sid":"s1303","d":12212},"geometry":{"type":"LineString","coordinates":[[20.080675,50.240725],[20.017037,50.138776]]}},{"type":"Feature","properties":{"t":"gps","sid":"s1303"},"geometry":{"type":"Point","coordinates":[20.080675,50.240725]}},{"type":"Feature","properties":{"t":"sch","sid":"s1303","name":"Słomniki Rynek","imp":0.054,"d":12212},"geometry":{"type":"Point","coordinates":[20.017037,50.138776]}},{"type":"Feature","properties":{"t":"vec","sid":"s1304","d":12576},"geometry":{"type":"LineString","coordinates":[[20.08451,50.24532],[20.011344,50.14243]]}},{"type":"Feature","properties":{"t":"gps","sid":"s1304"},"geometry":{"type":"Point","coordinates":[20.08451,50.24532]}},{"type":"Feature","properties":{"t":"sch","sid":"s1304","name":"Słomniki Osiedle","imp":0.059,"d":12576},"geometry":{"type":"Point","coordinates":[20.011344,50.14243]}},{"type":"Feature","properties":{"t":"vec","sid":"s1305","d":7854},"geometry":{"type":"LineString","coordinates":[[20.154055,50.128605],[20.058932,50.093075]]}},{"type":"Feature","properties":{"t":"gps","sid":"s1305"},"geometry":{"type":"Point","coordinates":[20.154055,50.128605]}},{"type":"Feature","properties":{"t":"sch","sid":"s1305","name":"Głęboka Zakręt","imp":0.054,"d":7854},"geometry":{"type":"Point","coordinates":[20.058932,50.093075]}},{"type":"Feature","properties":{"t":"vec","sid":"s1306","d":8279},"geometry":{"type":"LineString","coordinates":[[20.164105,50.128765],[20.062294,50.093075]]}},{"type":"Feature","properties":{"t":"gps","sid":"s1306"},"geometry":{"type":"Point","coordinates":[20.164105,50.128765]}},{"type":"Feature","properties":{"t":"sch","sid":"s1306","name":"Karniów Błonie","imp":0.054,"d":8279},"geometry":{"type":"Point","coordinates":[20.062294,50.093075]}},{"type":"Feature","properties":{"t":"vec","sid":"s1307","d":12419},"geometry":{"type":"LineString","coordinates":[[20.08287,50.24322],[20.01419,50.140603]]}},{"type":"Feature","properties":{"t":"gps","sid":"s1307"},"geometry":{"type":"Point","coordinates":[20.08287,50.24322]}},{"type":"Feature","properties":{"t":"sch","sid":"s1307","name":"Słomniki Kościuszki","imp":0.054,"d":12419},"geometry":{"type":"Point","coordinates":[20.01419,50.140603]}},{"type":"Feature","properties":{"t":"vec","sid":"s1308","d":3722},"geometry":{"type":"LineString","coordinates":[[20.055949,49.981042],[20.016837,50.003179]]}},{"type":"Feature","properties":{"t":"gps","sid":"s1308"},"geometry":{"type":"Point","coordinates":[20.055949,49.981042]}},{"type":"Feature","properties":{"t":"sch","sid":"s1308","name":"Wieliczka Klaśnieńska","imp":0.109,"d":3722},"geometry":{"type":"Point","coordinates":[20.016837,50.003179]}},{"type":"Feature","properties":{"t":"vec","sid":"s1309","d":3745},"geometry":{"type":"LineString","coordinates":[[20.050281,49.980599],[20.011344,50.003179]]}},{"type":"Feature","properties":{"t":"gps","sid":"s1309"},"geometry":{"type":"Point","coordinates":[20.050281,49.980599]}},{"type":"Feature","properties":{"t":"sch","sid":"s1309","name":"Wieliczka Sąd","imp":0.125,"d":3745},"geometry":{"type":"Point","coordinates":[20.011344,50.003179]}},{"type":"Feature","properties":{"t":"vec","sid":"s1310","d":3413},"geometry":{"type":"LineString","coordinates":[[20.046053,49.985584],[20.011344,50.006704]]}},{"type":"Feature","properties":{"t":"gps","sid":"s1310"},"geometry":{"type":"Point","coordinates":[20.046053,49.985584]}},{"type":"Feature","properties":{"t":"sch","sid":"s1310","name":"Wieliczka Solne Miasto","imp":0.253,"d":3413},"geometry":{"type":"Point","coordinates":[20.011344,50.006704]}},{"type":"Feature","properties":{"t":"vec","sid":"s1311","d":3047},"geometry":{"type":"LineString","coordinates":[[20.031771,49.989905],[20.000358,50.008467]]}},{"type":"Feature","properties":{"t":"gps","sid":"s1311"},"geometry":{"type":"Point","coordinates":[20.031771,49.989905]}},{"type":"Feature","properties":{"t":"sch","sid":"s1311","name":"Wieliczka Krzyszkowice Dom Ludowy","imp":0.144,"d":3047},"geometry":{"type":"Point","coordinates":[20.000358,50.008467]}},{"type":"Feature","properties":{"t":"vec","sid":"s1312","d":5055},"geometry":{"type":"LineString","coordinates":[[19.919535,50.172085],[19.928307,50.126979]]}},{"type":"Feature","properties":{"t":"gps","sid":"s1312"},"geometry":{"type":"Point","coordinates":[19.919535,50.172085]}},{"type":"Feature","properties":{"t":"sch","sid":"s1312","name":"Owczary Spacerowa","imp":0.054,"d":5055},"geometry":{"type":"Point","coordinates":[19.928307,50.126979]}},{"type":"Feature","properties":{"t":"vec","sid":"s1313","d":4943},"geometry":{"type":"LineString","coordinates":[[19.92594,50.16965],[19.92895,50.125241]]}},{"type":"Feature","properties":{"t":"gps","sid":"s1313"},"geometry":{"type":"Point","coordinates":[19.92594,50.16965]}},{"type":"Feature","properties":{"t":"sch","sid":"s1313","name":"Owczary Gajowa","imp":0.054,"d":4943},"geometry":{"type":"Point","coordinates":[19.92895,50.125241]}},{"type":"Feature","properties":{"t":"vec","sid":"s1314","d":4292},"geometry":{"type":"LineString","coordinates":[[19.923325,50.161765],[19.92895,50.123332]]}},{"type":"Feature","properties":{"t":"gps","sid":"s1314"},"geometry":{"type":"Point","coordinates":[19.923325,50.161765]}},{"type":"Feature","properties":{"t":"sch","sid":"s1314","name":"Owczary Górna","imp":0.054,"d":4292},"geometry":{"type":"Point","coordinates":[19.92895,50.123332]}},{"type":"Feature","properties":{"t":"vec","sid":"s1315","d":3913},"geometry":{"type":"LineString","coordinates":[[19.91908,50.15604],[19.92895,50.121424]]}},{"type":"Feature","properties":{"t":"gps","sid":"s1315"},"geometry":{"type":"Point","coordinates":[19.91908,50.15604]}},{"type":"Feature","properties":{"t":"sch","sid":"s1315","name":"Garliczka Chochół","imp":0.054,"d":3913},"geometry":{"type":"Point","coordinates":[19.92895,50.121424]}},{"type":"Feature","properties":{"t":"vec","sid":"s1316","d":3374},"geometry":{"type":"LineString","coordinates":[[19.921903,50.14952],[19.92895,50.119515]]}},{"type":"Feature","properties":{"t":"gps","sid":"s1316"},"geometry":{"type":"Point","coordinates":[19.921903,50.14952]}},{"type":"Feature","properties":{"t":"sch","sid":"s1316","name":"Garlica Duchowna Rozjazd","imp":0.09,"d":3374},"geometry":{"type":"Point","coordinates":[19.92895,50.119515]}},{"type":"Feature","properties":{"t":"vec","sid":"s1317","d":4049},"geometry":{"type":"LineString","coordinates":[[19.94205,50.15882],[19.943653,50.122417]]}},{"type":"Feature","properties":{"t":"gps","sid":"s1317"},"geometry":{"type":"Point","coordinates":[19.94205,50.15882]}},{"type":"Feature","properties":{"t":"sch","sid":"s1317","name":"Michałowice Las Michałowski","imp":0.07,"d":4049},"geometry":{"type":"Point","coordinates":[19.943653,50.122417]}},{"type":"Feature","properties":{"t":"vec","sid":"s1318","d":3818},"geometry":{"type":"LineString","coordinates":[[19.99133,50.14941],[19.974267,50.116871]]}},{"type":"Feature","properties":{"t":"gps","sid":"s1318"},"geometry":{"type":"Point","coordinates":[19.99133,50.14941]}},{"type":"Feature","properties":{"t":"sch","sid":"s1318","name":"Michałowice Nad Dłubnią","imp":0.054,"d":3818},"geometry":{"type":"Point","coordinates":[19.974267,50.116871]}},{"type":"Feature","properties":{"t":"vec","sid":"s1319","d":2365},"geometry":{"type":"LineString","coordinates":[[19.922485,50.134585],[19.927985,50.113608]]}},{"type":"Feature","properties":{"t":"gps","sid":"s1319"},"geometry":{"type":"Point","coordinates":[19.922485,50.134585]}},{"type":"Feature","properties":{"t":"sch","sid":"s1319","name":"Garlica Murowana Kasztany","imp":0.054,"d":2365},"geometry":{"type":"Point","coordinates":[19.927985,50.113608]}},{"type":"Feature","properties":{"t":"vec","sid":"s1320","d":1618},"geometry":{"type":"LineString","coordinates":[[19.994825,50.11463],[19.986626,50.101062]]}},{"type":"Feature","properties":{"t":"gps","sid":"s1320"},"geometry":{"type":"Point","coordinates":[19.994825,50.11463]}},{"type":"Feature","properties":{"t":"sch","sid":"s1320","name":"Bosutów Krakowska","imp":0.054,"d":1618},"geometry":{"type":"Point","coordinates":[19.986626,50.101062]}},{"type":"Feature","properties":{"t":"vec","sid":"s1321","d":1914},"geometry":{"type":"LineString","coordinates":[[19.941485,50.12561],[19.948175,50.108939]]}},{"type":"Feature","properties":{"t":"gps","sid":"s1321"},"geometry":{"type":"Point","coordinates":[19.941485,50.12561]}},{"type":"Feature","properties":{"t":"sch","sid":"s1321","name":"Bibice Cmentarz","imp":0.054,"d":1914},"geometry":{"type":"Point","coordinates":[19.948175,50.108939]}},{"type":"Feature","properties":{"t":"vec","sid":"s1322","d":1693},"geometry":{"type":"LineString","coordinates":[[19.93288,50.122395],[19.933639,50.107176]]}},{"type":"Feature","properties":{"t":"gps","sid":"s1322"},"geometry":{"type":"Point","coordinates":[19.93288,50.122395]}},{"type":"Feature","properties":{"t":"sch","sid":"s1322","name":"Zielonki Galicyjska","imp":0.054,"d":1693},"geometry":{"type":"Point","coordinates":[19.933639,50.107176]}},{"type":"Feature","properties":{"t":"vec","sid":"s1323","d":7437},"geometry":{"type":"LineString","coordinates":[[19.729225,50.09368],[19.828346,50.073035]]}},{"type":"Feature","properties":{"t":"gps","sid":"s1323"},"geometry":{"type":"Point","coordinates":[19.729225,50.09368]}},{"type":"Feature","properties":{"t":"sch","sid":"s1323","name":"Brzoskwinia Góra","imp":0.07,"d":7437},"geometry":{"type":"Point","coordinates":[19.828346,50.073035]}},{"type":"Feature","properties":{"t":"vec","sid":"s1324","d":7009},"geometry":{"type":"LineString","coordinates":[[20.06909,50.17032],[20.02588,50.113711]]}},{"type":"Feature","properties":{"t":"gps","sid":"s1324"},"geometry":{"type":"Point","coordinates":[20.06909,50.17032]}},{"type":"Feature","properties":{"t":"sch","sid":"s1324","name":"Łuczyce Zwierzyniec","imp":0.054,"d":7009},"geometry":{"type":"Point","coordinates":[20.02588,50.113711]}},{"type":"Feature","properties":{"t":"vec","sid":"s1325","d":7496},"geometry":{"type":"LineString","coordinates":[[20.066465,50.17643],[20.024393,50.114665]]}},{"type":"Feature","properties":{"t":"gps","sid":"s1325"},"geometry":{"type":"Point","coordinates":[20.066465,50.17643]}},{"type":"Feature","properties":{"t":"sch","sid":"s1325","name":"Sadowie Wiadukt","imp":0.054,"d":7496},"geometry":{"type":"Point","coordinates":[20.024393,50.114665]}},{"type":"Feature","properties":{"t":"vec","sid":"s1326","d":8103},"geometry":{"type":"LineString","coordinates":[[20.06848,50.18236],[20.022906,50.11562]]}},{"type":"Feature","properties":{"t":"gps","sid":"s1326"},"geometry":{"type":"Point","coordinates":[20.06848,50.18236]}},{"type":"Feature","properties":{"t":"sch","sid":"s1326","name":"Goszcza Cmentarz","imp":0.054,"d":8103},"geometry":{"type":"Point","coordinates":[20.022906,50.11562]}},{"type":"Feature","properties":{"t":"vec","sid":"s1327","d":4299},"geometry":{"type":"LineString","coordinates":[[19.836725,50.134795],[19.873335,50.104092]]}},{"type":"Feature","properties":{"t":"gps","sid":"s1327"},"geometry":{"type":"Point","coordinates":[19.836725,50.134795]}},{"type":"Feature","properties":{"t":"sch","sid":"s1327","name":"Tomaszowice Kolberga","imp":0.07,"d":4299},"geometry":{"type":"Point","coordinates":[19.873335,50.104092]}},{"type":"Feature","properties":{"t":"vec","sid":"s1328","d":8496},"geometry":{"type":"LineString","coordinates":[[20.06981,50.18688],[20.022329,50.116816]]}},{"type":"Feature","properties":{"t":"gps","sid":"s1328"},"geometry":{"type":"Point","coordinates":[20.06981,50.18688]}},{"type":"Feature","properties":{"t":"sch","sid":"s1328","name":"Goszcza Dworek","imp":0.054,"d":8496},"geometry":{"type":"Point","coordinates":[20.022329,50.116816]}},{"type":"Feature","properties":{"t":"vec","sid":"s1329","d":4398},"geometry":{"type":"LineString","coordinates":[[19.979525,50.161815],[19.967401,50.12304]]}},{"type":"Feature","properties":{"t":"gps","sid":"s1329"},"geometry":{"type":"Point","coordinates":[19.979525,50.161815]}},{"type":"Feature","properties":{"t":"sch","sid":"s1329","name":"Michałowice Ośrodek Zdrowia","imp":0.109,"d":4398},"geometry":{"type":"Point","coordinates":[19.967401,50.12304]}},{"type":"Feature","properties":{"t":"vec","sid":"s1330","d":1654},"geometry":{"type":"LineString","coordinates":[[19.939517,50.123673],[19.942682,50.108939]]}},{"type":"Feature","properties":{"t":"gps","sid":"s1330"},"geometry":{"type":"Point","coordinates":[19.939517,50.123673]}},{"type":"Feature","properties":{"t":"sch","sid":"s1330","name":"Zielonki Marszowiec Pętla","imp":0.154,"d":1654},"geometry":{"type":"Point","coordinates":[19.942682,50.108939]}},{"type":"Feature","properties":{"t":"vec","sid":"s1331","d":6220},"geometry":{"type":"LineString","coordinates":[[19.752515,50.103095],[19.833345,50.082165]]}},{"type":"Feature","properties":{"t":"gps","sid":"s1331"},"geometry":{"type":"Point","coordinates":[19.752515,50.103095]}},{"type":"Feature","properties":{"t":"sch","sid":"s1331","name":"Kleszczów Pod Lipką","imp":0.07,"d":6220},"geometry":{"type":"Point","coordinates":[19.833345,50.082165]}},{"type":"Feature","properties":{"t":"vec","sid":"s1332","d":4657},"geometry":{"type":"LineString","coordinates":[[19.83624,49.96181],[19.874992,49.995505]]}},{"type":"Feature","properties":{"t":"gps","sid":"s1332"},"geometry":{"type":"Point","coordinates":[19.83624,49.96181]}},{"type":"Feature","properties":{"t":"sch","sid":"s1332","name":"Skawina Bukowska","imp":0.054,"d":4657},"geometry":{"type":"Point","coordinates":[19.874992,49.995505]}},{"type":"Feature","properties":{"t":"vec","sid":"s1333","d":3820},"geometry":{"type":"LineString","coordinates":[[19.853505,49.97163],[19.888022,49.997891]]}},{"type":"Feature","properties":{"t":"gps","sid":"s1333"},"geometry":{"type":"Point","coordinates":[19.853505,49.97163]}},{"type":"Feature","properties":{"t":"sch","sid":"s1333","name":"Skawina Wyspiańskiego Szkoła","imp":0.054,"d":3820},"geometry":{"type":"Point","coordinates":[19.888022,49.997891]}},{"type":"Feature","properties":{"t":"vec","sid":"s1334","d":3292},"geometry":{"type":"LineString","coordinates":[[19.86133,49.976585],[19.891873,49.998772]]}},{"type":"Feature","properties":{"t":"gps","sid":"s1334"},"geometry":{"type":"Point","coordinates":[19.86133,49.976585]}},{"type":"Feature","properties":{"t":"sch","sid":"s1334","name":"Skawina Graniczna","imp":0.07,"d":3292},"geometry":{"type":"Point","coordinates":[19.891873,49.998772]}},{"type":"Feature","properties":{"t":"vec","sid":"s1335","d":4088},"geometry":{"type":"LineString","coordinates":[[20.061503,49.98517],[20.022329,50.011992]]}},{"type":"Feature","properties":{"t":"gps","sid":"s1335"},"geometry":{"type":"Point","coordinates":[20.061503,49.98517]}},{"type":"Feature","properties":{"t":"sch","sid":"s1335","name":"Wieliczka Goliana","imp":0.144,"d":4088},"geometry":{"type":"Point","coordinates":[20.022329,50.011992]}},{"type":"Feature","properties":{"t":"vec","sid":"s1336","d":4183},"geometry":{"type":"LineString","coordinates":[[20.059843,49.984658],[20.019583,50.011992]]}},{"type":"Feature","properties":{"t":"gps","sid":"s1336"},"geometry":{"type":"Point","coordinates":[20.059843,49.984658]}},{"type":"Feature","properties":{"t":"sch","sid":"s1336","name":"Wieliczka Magistrat","imp":0.16,"d":4183},"geometry":{"type":"Point","coordinates":[20.019583,50.011992]}},{"type":"Feature","properties":{"t":"vec","sid":"s1337","d":4441},"geometry":{"type":"LineString","coordinates":[[19.83147,50.13489],[19.872305,50.104753]]}},{"type":"Feature","properties":{"t":"gps","sid":"s1337"},"geometry":{"type":"Point","coordinates":[19.83147,50.13489]}},{"type":"Feature","properties":{"t":"sch","sid":"s1337","name":"Tomaszowice Spacerowa","imp":0.07,"d":4441},"geometry":{"type":"Point","coordinates":[19.872305,50.104753]}},{"type":"Feature","properties":{"t":"vec","sid":"s1338","d":1100},"geometry":{"type":"LineString","coordinates":[[19.996455,50.10786],[19.992119,50.098363]]}},{"type":"Feature","properties":{"t":"gps","sid":"s1338"},"geometry":{"type":"Point","coordinates":[19.996455,50.10786]}},{"type":"Feature","properties":{"t":"sch","sid":"s1338","name":"Dziekanowice Batowice SKA","imp":0.07,"d":1100},"geometry":{"type":"Point","coordinates":[19.992119,50.098363]}},{"type":"Feature","properties":{"t":"vec","sid":"s1339","d":2066},"geometry":{"type":"LineString","coordinates":[[20.01206,50.11712],[19.992119,50.103651]]}},{"type":"Feature","properties":{"t":"gps","sid":"s1339"},"geometry":{"type":"Point","coordinates":[20.01206,50.11712]}},{"type":"Feature","properties":{"t":"sch","sid":"s1339","name":"Dziekanowice Kapliczka","imp":0.059,"d":2066},"geometry":{"type":"Point","coordinates":[19.992119,50.103651]}},{"type":"Feature","properties":{"t":"vec","sid":"s1340","d":815},"geometry":{"type":"LineString","coordinates":[[19.921195,50.1126],[19.923457,50.105414]]}},{"type":"Feature","properties":{"t":"gps","sid":"s1340"},"geometry":{"type":"Point","coordinates":[19.921195,50.1126]}},{"type":"Feature","properties":{"t":"sch","sid":"s1340","name":"Zielonki Rondo","imp":0.102,"d":815},"geometry":{"type":"Point","coordinates":[19.923457,50.105414]}},{"type":"Feature","properties":{"t":"vec","sid":"s1341","d":4186},"geometry":{"type":"LineString","coordinates":[[19.89209,49.95554],[19.912472,49.99084]]}},{"type":"Feature","properties":{"t":"gps","sid":"s1341"},"geometry":{"type":"Point","coordinates":[19.89209,49.95554]}},{"type":"Feature","properties":{"t":"sch","sid":"s1341","name":"Gaj Wiadukt","imp":0.074,"d":4186},"geometry":{"type":"Point","coordinates":[19.912472,49.99084]}},{"type":"Feature","properties":{"t":"vec","sid":"s1342","d":3570},"geometry":{"type":"LineString","coordinates":[[19.9192,49.961605],[19.913923,49.993535]]}},{"type":"Feature","properties":{"t":"gps","sid":"s1342"},"geometry":{"type":"Point","coordinates":[19.9192,49.961605]}},{"type":"Feature","properties":{"t":"sch","sid":"s1342","name":"Lusina Kwiatowa","imp":0.054,"d":3570},"geometry":{"type":"Point","coordinates":[19.913923,49.993535]}},{"type":"Feature","properties":{"t":"vec","sid":"s1343","d":3900},"geometry":{"type":"LineString","coordinates":[[19.913175,49.957915],[19.913075,49.99299]]}},{"type":"Feature","properties":{"t":"gps","sid":"s1343"},"geometry":{"type":"Point","coordinates":[19.913175,49.957915]}},{"type":"Feature","properties":{"t":"sch","sid":"s1343","name":"Gaj Kwiatowa","imp":0.054,"d":3900},"geometry":{"type":"Point","coordinates":[19.913075,49.99299]}},{"type":"Feature","properties":{"t":"vec","sid":"s1344","d":4089},"geometry":{"type":"LineString","coordinates":[[19.903165,49.956095],[19.912472,49.992381]]}},{"type":"Feature","properties":{"t":"gps","sid":"s1344"},"geometry":{"type":"Point","coordinates":[19.903165,49.956095]}},{"type":"Feature","properties":{"t":"sch","sid":"s1344","name":"Gaj Rudawa","imp":0.054,"d":4089},"geometry":{"type":"Point","coordinates":[19.912472,49.992381]}},{"type":"Feature","properties":{"t":"vec","sid":"s1345","d":4150},"geometry":{"type":"LineString","coordinates":[[19.897005,49.95563],[19.912472,49.99161]]}},{"type":"Feature","properties":{"t":"gps","sid":"s1345"},"geometry":{"type":"Point","coordinates":[19.897005,49.95563]}},{"type":"Feature","properties":{"t":"sch","sid":"s1345","name":"Gaj Zgody","imp":0.054,"d":4150},"geometry":{"type":"Point","coordinates":[19.912472,49.99161]}},{"type":"Feature","properties":{"t":"vec","sid":"s1346","d":10515},"geometry":{"type":"LineString","coordinates":[[19.69334,50.141335],[19.824585,50.098363]]}},{"type":"Feature","properties":{"t":"gps","sid":"s1346"},"geometry":{"type":"Point","coordinates":[19.69334,50.141335]}},{"type":"Feature","properties":{"t":"sch","sid":"s1346","name":"Pisary Kasztanowa","imp":0.054,"d":10515},"geometry":{"type":"Point","coordinates":[19.824585,50.098363]}},{"type":"Feature","properties":{"t":"vec","sid":"s1347","d":9061},"geometry":{"type":"LineString","coordinates":[[19.750415,50.16398],[19.855345,50.118105]]}},{"type":"Feature","properties":{"t":"gps","sid":"s1347"},"geometry":{"type":"Point","coordinates":[19.750415,50.16398]}},{"type":"Feature","properties":{"t":"sch","sid":"s1347","name":"Będkowice Długa","imp":0.07,"d":9061},"geometry":{"type":"Point","coordinates":[19.855345,50.118105]}},{"type":"Feature","properties":{"t":"vec","sid":"s1348","d":9614},"geometry":{"type":"LineString","coordinates":[[19.749545,50.17142],[19.856444,50.11881]]}},{"type":"Feature","properties":{"t":"gps","sid":"s1348"},"geometry":{"type":"Point","coordinates":[19.749545,50.17142]}},{"type":"Feature","properties":{"t":"sch","sid":"s1348","name":"Będkowice Cmentarz","imp":0.07,"d":9614},"geometry":{"type":"Point","coordinates":[19.856444,50.11881]}},{"type":"Feature","properties":{"t":"vec","sid":"s1349","d":4423},"geometry":{"type":"LineString","coordinates":[[20.06981,49.982695],[20.025076,50.01023]]}},{"type":"Feature","properties":{"t":"gps","sid":"s1349"},"geometry":{"type":"Point","coordinates":[20.06981,49.982695]}},{"type":"Feature","properties":{"t":"sch","sid":"s1349","name":"Wieliczka Asnyka","imp":0.179,"d":4423},"geometry":{"type":"Point","coordinates":[20.025076,50.01023]}},{"type":"Feature","properties":{"t":"vec","sid":"s1350","d":3947},"geometry":{"type":"LineString","coordinates":[[20.081655,50.110325],[20.033315,50.093075]]}},{"type":"Feature","properties":{"t":"gps","sid":"s1350"},"geometry":{"type":"Point","coordinates":[20.081655,50.110325]}},{"type":"Feature","properties":{"t":"sch","sid":"s1350","name":"Prusy Rondo","imp":0.138,"d":3947},"geometry":{"type":"Point","coordinates":[20.033315,50.093075]}},{"type":"Feature","properties":{"t":"vec","sid":"s1351","d":5547},"geometry":{"type":"LineString","coordinates":[[19.91771,49.93083],[19.928856,49.980204]]}},{"type":"Feature","properties":{"t":"gps","sid":"s1351"},"geometry":{"type":"Point","coordinates":[19.91771,49.93083]}},{"type":"Feature","properties":{"t":"sch","sid":"s1351","name":"Konary Pod Sosenką","imp":0.054,"d":5547},"geometry":{"type":"Point","coordinates":[19.928856,49.980204]}},{"type":"Feature","properties":{"t":"vec","sid":"s1352","d":6667},"geometry":{"type":"LineString","coordinates":[[19.907165,49.917165],[19.922747,49.976283]]}},{"type":"Feature","properties":{"t":"gps","sid":"s1352"},"geometry":{"type":"Point","coordinates":[19.907165,49.917165]}},{"type":"Feature","properties":{"t":"sch","sid":"s1352","name":"Włosań Dział Wschodni","imp":0.054,"d":6667},"geometry":{"type":"Point","coordinates":[19.922747,49.976283]}},{"type":"Feature","properties":{"t":"vec","sid":"s1353","d":4404},"geometry":{"type":"LineString","coordinates":[[20.056372,49.983146],[20.01409,50.011992]]}},{"type":"Feature","properties":{"t":"gps","sid":"s1353"},"geometry":{"type":"Point","coordinates":[20.056372,49.983146]}},{"type":"Feature","properties":{"t":"sch","sid":"s1353","name":"Wieliczka Szyb Daniłowicza","imp":0.09,"d":4404},"geometry":{"type":"Point","coordinates":[20.01409,50.011992]}},{"type":"Feature","properties":{"t":"vec","sid":"s1354","d":4290},"geometry":{"type":"LineString","coordinates":[[20.070237,49.986834],[20.033315,50.01728]]}},{"type":"Feature","properties":{"t":"gps","sid":"s1354"},"geometry":{"type":"Point","coordinates":[20.070237,49.986834]}},{"type":"Feature","properties":{"t":"sch","sid":"s1354","name":"Wieliczka Rondo Armii Krajowej","imp":0.106,"d":4290},"geometry":{"type":"Point","coordinates":[20.033315,50.01728]}},{"type":"Feature","properties":{"t":"vec","sid":"s1355","d":2079},"geometry":{"type":"LineString","coordinates":[[19.93227,49.97863],[19.942641,49.996102]]}},{"type":"Feature","properties":{"t":"gps","sid":"s1355"},"geometry":{"type":"Point","coordinates":[19.93227,49.97863]}},{"type":"Feature","properties":{"t":"sch","sid":"s1355","name":"Lusina Krakówka","imp":0.054,"d":2079},"geometry":{"type":"Point","coordinates":[19.942641,49.996102]}},{"type":"Feature","properties":{"t":"vec","sid":"s1356","d":4144},"geometry":{"type":"LineString","coordinates":[[19.808805,49.98748],[19.854796,50.01023]]}},{"type":"Feature","properties":{"t":"gps","sid":"s1356"},"geometry":{"type":"Point","coordinates":[19.808805,49.98748]}},{"type":"Feature","properties":{"t":"sch","sid":"s1356","name":"Skawina Piastowska","imp":0.074,"d":4144},"geometry":{"type":"Point","coordinates":[19.854796,50.01023]}},{"type":"Feature","properties":{"t":"vec","sid":"s1357","d":12644},"geometry":{"type":"LineString","coordinates":[[19.6321,49.9963],[19.802191,50.028128]]}},{"type":"Feature","properties":{"t":"gps","sid":"s1357"},"geometry":{"type":"Point","coordinates":[19.6321,49.9963]}},{"type":"Feature","properties":{"t":"sch","sid":"s1357","name":"Kłokoczyn Machaczki","imp":0.054,"d":12644},"geometry":{"type":"Point","coordinates":[19.802191,50.028128]}},{"type":"Feature","properties":{"t":"vec","sid":"s1358","d":4428},"geometry":{"type":"LineString","coordinates":[[19.804325,49.985715],[19.854796,50.00888]]}},{"type":"Feature","properties":{"t":"gps","sid":"s1358"},"geometry":{"type":"Point","coordinates":[19.804325,49.985715]}},{"type":"Feature","properties":{"t":"sch","sid":"s1358","name":"Skawina Żwirowa","imp":0.054,"d":4428},"geometry":{"type":"Point","coordinates":[19.854796,50.00888]}},{"type":"Feature","properties":{"t":"vec","sid":"s1359","d":4447},"geometry":{"type":"LineString","coordinates":[[19.807435,49.982605],[19.855828,50.007805]]}},{"type":"Feature","properties":{"t":"gps","sid":"s1359"},"geometry":{"type":"Point","coordinates":[19.807435,49.982605]}},{"type":"Feature","properties":{"t":"sch","sid":"s1359","name":"Skawina Żwirownia","imp":0.054,"d":4447},"geometry":{"type":"Point","coordinates":[19.855828,50.007805]}},{"type":"Feature","properties":{"t":"vec","sid":"s1360","d":6973},"geometry":{"type":"LineString","coordinates":[[19.71894,50.06626],[19.816346,50.061347]]}},{"type":"Feature","properties":{"t":"gps","sid":"s1360"},"geometry":{"type":"Point","coordinates":[19.71894,50.06626]}},{"type":"Feature","properties":{"t":"sch","sid":"s1360","name":"Mników Zarynnie","imp":0.054,"d":6973},"geometry":{"type":"Point","coordinates":[19.816346,50.061347]}},{"type":"Feature","properties":{"t":"vec","sid":"s1361","d":6428},"geometry":{"type":"LineString","coordinates":[[19.73758,50.064435],[19.827332,50.059584]]}},{"type":"Feature","properties":{"t":"gps","sid":"s1361"},"geometry":{"type":"Point","coordinates":[19.73758,50.064435]}},{"type":"Feature","properties":{"t":"sch","sid":"s1361","name":"Mników Granica","imp":0.054,"d":6428},"geometry":{"type":"Point","coordinates":[19.827332,50.059584]}},{"type":"Feature","properties":{"t":"vec","sid":"s1362","d":5959},"geometry":{"type":"LineString","coordinates":[[19.74773,50.070215],[19.830078,50.061347]]}},{"type":"Feature","properties":{"t":"gps","sid":"s1362"},"geometry":{"type":"Point","coordinates":[19.74773,50.070215]}},{"type":"Feature","properties":{"t":"sch","sid":"s1362","name":"Morawica Rudki","imp":0.054,"d":5959},"geometry":{"type":"Point","coordinates":[19.830078,50.061347]}},{"type":"Feature","properties":{"t":"vec","sid":"s1363","d":2958},"geometry":{"type":"LineString","coordinates":[[19.81626,50.03333],[19.855973,50.04095]]}},{"type":"Feature","properties":{"t":"gps","sid":"s1363"},"geometry":{"type":"Point","coordinates":[19.81626,50.03333]}},{"type":"Feature","properties":{"t":"sch","sid":"s1363","name":"Kryspinów Stopień Wodny","imp":0.07,"d":2958},"geometry":{"type":"Point","coordinates":[19.855973,50.04095]}},{"type":"Feature","properties":{"t":"vec","sid":"s1364","d":3990},"geometry":{"type":"LineString","coordinates":[[20.056955,49.985234],[20.016837,50.01023]]}},{"type":"Feature","properties":{"t":"gps","sid":"s1364"},"geometry":{"type":"Point","coordinates":[20.056955,49.985234]}},{"type":"Feature","properties":{"t":"sch","sid":"s1364","name":"Wieliczka Centrum Dw.","imp":0.613,"d":3990},"geometry":{"type":"Point","coordinates":[20.016837,50.01023]}},{"type":"Feature","properties":{"t":"vec","sid":"s1365","d":3955},"geometry":{"type":"LineString","coordinates":[[20.105339,50.037088],[20.051167,50.044602]]}},{"type":"Feature","properties":{"t":"gps","sid":"s1365"},"geometry":{"type":"Point","coordinates":[20.105339,50.037088]}},{"type":"Feature","properties":{"t":"sch","sid":"s1365","name":"Brzegi Granica","imp":0.086,"d":3955},"geometry":{"type":"Point","coordinates":[20.051167,50.044602]}},{"type":"Feature","properties":{"t":"vec","sid":"s1366","d":4239},"geometry":{"type":"LineString","coordinates":[[20.07043,49.98153],[20.028391,50.008467]]}},{"type":"Feature","properties":{"t":"gps","sid":"s1366"},"geometry":{"type":"Point","coordinates":[20.07043,49.98153]}},{"type":"Feature","properties":{"t":"sch","sid":"s1366","name":"Wieliczka Ochronka","imp":0.054,"d":4239},"geometry":{"type":"Point","coordinates":[20.028391,50.008467]}},{"type":"Feature","properties":{"t":"vec","sid":"s1367","d":4339},"geometry":{"type":"LineString","coordinates":[[20.07778,49.980086],[20.033315,50.006704]]}},{"type":"Feature","properties":{"t":"gps","sid":"s1367"},"geometry":{"type":"Point","coordinates":[20.07778,49.980086]}},{"type":"Feature","properties":{"t":"sch","sid":"s1367","name":"Wieliczka Polna","imp":0.144,"d":4339},"geometry":{"type":"Point","coordinates":[20.033315,50.006704]}},{"type":"Feature","properties":{"t":"vec","sid":"s1368","d":4657},"geometry":{"type":"LineString","coordinates":[[20.086325,49.978233],[20.036062,50.004942]]}},{"type":"Feature","properties":{"t":"gps","sid":"s1368"},"geometry":{"type":"Point","coordinates":[20.086325,49.978233]}},{"type":"Feature","properties":{"t":"sch","sid":"s1368","name":"Lednica Górna Świdówka","imp":0.13,"d":4657},"geometry":{"type":"Point","coordinates":[20.036062,50.004942]}},{"type":"Feature","properties":{"t":"vec","sid":"s1369","d":4885},"geometry":{"type":"LineString","coordinates":[[20.092008,49.977305],[20.038808,50.004942]]}},{"type":"Feature","properties":{"t":"gps","sid":"s1369"},"geometry":{"type":"Point","coordinates":[20.092008,49.977305]}},{"type":"Feature","properties":{"t":"sch","sid":"s1369","name":"Lednica Górna Gory","imp":0.07,"d":4885},"geometry":{"type":"Point","coordinates":[20.038808,50.004942]}},{"type":"Feature","properties":{"t":"vec","sid":"s1370","d":5162},"geometry":{"type":"LineString","coordinates":[[20.098482,49.976309],[20.041555,50.004942]]}},{"type":"Feature","properties":{"t":"gps","sid":"s1370"},"geometry":{"type":"Point","coordinates":[20.098482,49.976309]}},{"type":"Feature","properties":{"t":"sch","sid":"s1370","name":"Tomaszkowice Urząd Gminy Biskupice","imp":0.109,"d":5162},"geometry":{"type":"Point","coordinates":[20.041555,50.004942]}},{"type":"Feature","properties":{"t":"vec","sid":"s1371","d":5881},"geometry":{"type":"LineString","coordinates":[[20.109825,49.973715],[20.043307,50.004942]]}},{"type":"Feature","properties":{"t":"gps","sid":"s1371"},"geometry":{"type":"Point","coordinates":[20.109825,49.973715]}},{"type":"Feature","properties":{"t":"sch","sid":"s1371","name":"Przebieczany Gdowska","imp":0.054,"d":5881},"geometry":{"type":"Point","coordinates":[20.043307,50.004942]}},{"type":"Feature","properties":{"t":"vec","sid":"s1372","d":6638},"geometry":{"type":"LineString","coordinates":[[20.123325,49.972565],[20.044837,50.004597]]}},{"type":"Feature","properties":{"t":"gps","sid":"s1372"},"geometry":{"type":"Point","coordinates":[20.123325,49.972565]}},{"type":"Feature","properties":{"t":"sch","sid":"s1372","name":"Biskupice Rymarówka","imp":0.054,"d":6638},"geometry":{"type":"Point","coordinates":[20.044837,50.004597]}},{"type":"Feature","properties":{"t":"vec","sid":"s1373","d":7278},"geometry":{"type":"LineString","coordinates":[[20.13263,49.969195],[20.046077,50.003802]]}},{"type":"Feature","properties":{"t":"gps","sid":"s1373"},"geometry":{"type":"Point","coordinates":[20.13263,49.969195]}},{"type":"Feature","properties":{"t":"sch","sid":"s1373","name":"Biskupice Szczygłów","imp":0.054,"d":7278},"geometry":{"type":"Point","coordinates":[20.046077,50.003802]}},{"type":"Feature","properties":{"t":"vec","sid":"s1374","d":8075},"geometry":{"type":"LineString","coordinates":[[20.142045,49.96329],[20.047316,50.003007]]}},{"type":"Feature","properties":{"t":"gps","sid":"s1374"},"geometry":{"type":"Point","coordinates":[20.142045,49.96329]}},{"type":"Feature","properties":{"t":"sch","sid":"s1374","name":"Trąbki Pacówki","imp":0.054,"d":8075},"geometry":{"type":"Point","coordinates":[20.047316,50.003007]}},{"type":"Feature","properties":{"t":"vec","sid":"s1375","d":8505},"geometry":{"type":"LineString","coordinates":[[20.146195,49.95835],[20.048555,50.002212]]}},{"type":"Feature","properties":{"t":"gps","sid":"s1375"},"geometry":{"type":"Point","coordinates":[20.146195,49.95835]}},{"type":"Feature","properties":{"t":"sch","sid":"s1375","name":"Trąbki Remiza","imp":0.054,"d":8505},"geometry":{"type":"Point","coordinates":[20.048555,50.002212]}},{"type":"Feature","properties":{"t":"vec","sid":"s1376","d":8496},"geometry":{"type":"LineString","coordinates":[[20.147,49.9573],[20.049794,50.001416]]}},{"type":"Feature","properties":{"t":"gps","sid":"s1376"},"geometry":{"type":"Point","coordinates":[20.147,49.9573]}},{"type":"Feature","properties":{"t":"sch","sid":"s1376","name":"Trąbki P+R","imp":0.059,"d":8496},"geometry":{"type":"Point","coordinates":[20.049794,50.001416]}},{"type":"Feature","properties":{"t":"vec","sid":"s1377","d":2306},"geometry":{"type":"LineString","coordinates":[[19.89781,50.12822],[19.909725,50.108939]]}},{"type":"Feature","properties":{"t":"gps","sid":"s1377"},"geometry":{"type":"Point","coordinates":[19.89781,50.12822]}},{"type":"Feature","properties":{"t":"sch","sid":"s1377","name":"Pękowice Ojcowska","imp":0.099,"d":2306},"geometry":{"type":"Point","coordinates":[19.909725,50.108939]}},{"type":"Feature","properties":{"t":"vec","sid":"s1378","d":10277},"geometry":{"type":"LineString","coordinates":[[19.815275,50.21506],[19.875695,50.131165]]}},{"type":"Feature","properties":{"t":"gps","sid":"s1378"},"geometry":{"type":"Point","coordinates":[19.815275,50.21506]}},{"type":"Feature","properties":{"t":"sch","sid":"s1378","name":"Ojców Złota Góra","imp":0.054,"d":10277},"geometry":{"type":"Point","coordinates":[19.875695,50.131165]}},{"type":"Feature","properties":{"t":"vec","sid":"s1379","d":9606},"geometry":{"type":"LineString","coordinates":[[19.83127,50.21282],[19.885007,50.133616]]}},{"type":"Feature","properties":{"t":"gps","sid":"s1379"},"geometry":{"type":"Point","coordinates":[19.83127,50.21282]}},{"type":"Feature","properties":{"t":"sch","sid":"s1379","name":"Ojców Zamek","imp":0.059,"d":9606},"geometry":{"type":"Point","coordinates":[19.885007,50.133616]}},{"type":"Feature","properties":{"t":"vec","sid":"s1380","d":3592},"geometry":{"type":"LineString","coordinates":[[19.997358,49.958494],[19.981133,49.989078]]}},{"type":"Feature","properties":{"t":"gps","sid":"s1380"},"geometry":{"type":"Point","coordinates":[19.997358,49.958494]}},{"type":"Feature","properties":{"t":"sch","sid":"s1380","name":"Podstolice Centrum","imp":0.099,"d":3592},"geometry":{"type":"Point","coordinates":[19.981133,49.989078]}},{"type":"Feature","properties":{"t":"vec","sid":"s1381","d":3266},"geometry":{"type":"LineString","coordinates":[[19.999782,49.9647],[19.983879,49.992238]]}},{"type":"Feature","properties":{"t":"gps","sid":"s1381"},"geometry":{"type":"Point","coordinates":[19.999782,49.9647]}},{"type":"Feature","properties":{"t":"sch","sid":"s1381","name":"Podstolice Zamłynie","imp":0.07,"d":3266},"geometry":{"type":"Point","coordinates":[19.983879,49.992238]}},{"type":"Feature","properties":{"t":"vec","sid":"s1382","d":4340},"geometry":{"type":"LineString","coordinates":[[19.97832,50.15886],[19.961908,50.121278]]}},{"type":"Feature","properties":{"t":"gps","sid":"s1382"},"geometry":{"type":"Point","coordinates":[19.97832,50.15886]}},{"type":"Feature","properties":{"t":"sch","sid":"s1382","name":"Michałowice P+R","imp":0.059,"d":4340},"geometry":{"type":"Point","coordinates":[19.961908,50.121278]}},{"type":"Feature","properties":{"t":"vec","sid":"s1383","d":673},"geometry":{"type":"LineString","coordinates":[[19.918625,50.1043],[19.912472,50.099713]]}},{"type":"Feature","properties":{"t":"gps","sid":"s1383"},"geometry":{"type":"Point","coordinates":[19.918625,50.1043]}},{"type":"Feature","properties":{"t":"sch","sid":"s1383","name":"Zielonki Słoneczna","imp":0.054,"d":673},"geometry":{"type":"Point","coordinates":[19.912472,50.099713]}},{"type":"Feature","properties":{"t":"vec","sid":"s1384","d":802},"geometry":{"type":"LineString","coordinates":[[19.91617,50.10808],[19.912472,50.101269]]}},{"type":"Feature","properties":{"t":"gps","sid":"s1384"},"geometry":{"type":"Point","coordinates":[19.91617,50.10808]}},{"type":"Feature","properties":{"t":"sch","sid":"s1384","name":"Zielonki Na Popielówkę","imp":0.054,"d":802},"geometry":{"type":"Point","coordinates":[19.912472,50.101269]}},{"type":"Feature","properties":{"t":"vec","sid":"s1385","d":1078},"geometry":{"type":"LineString","coordinates":[[19.91416,50.112085],[19.91144,50.102551]]}},{"type":"Feature","properties":{"t":"gps","sid":"s1385"},"geometry":{"type":"Point","coordinates":[19.91416,50.112085]}},{"type":"Feature","properties":{"t":"sch","sid":"s1385","name":"Zielonki Długopolska","imp":0.054,"d":1078},"geometry":{"type":"Point","coordinates":[19.91144,50.102551]}},{"type":"Feature","properties":{"t":"vec","sid":"s1386","d":7363},"geometry":{"type":"LineString","coordinates":[[20.12501,50.142905],[20.04414,50.101785]]}},{"type":"Feature","properties":{"t":"gps","sid":"s1386"},"geometry":{"type":"Point","coordinates":[20.12501,50.142905]}},{"type":"Feature","properties":{"t":"sch","sid":"s1386","name":"Luborzyca Przy Źródle","imp":0.054,"d":7363},"geometry":{"type":"Point","coordinates":[20.04414,50.101785]}},{"type":"Feature","properties":{"t":"vec","sid":"s1387","d":8253},"geometry":{"type":"LineString","coordinates":[[20.13679,50.150005],[20.046726,50.103445]]}},{"type":"Feature","properties":{"t":"gps","sid":"s1387"},"geometry":{"type":"Point","coordinates":[20.13679,50.150005]}},{"type":"Feature","properties":{"t":"sch","sid":"s1387","name":"Luborzyca Piotrowiec","imp":0.054,"d":8253},"geometry":{"type":"Point","coordinates":[20.046726,50.103445]}},{"type":"Feature","properties":{"t":"vec","sid":"s1388","d":8844},"geometry":{"type":"LineString","coordinates":[[20.144835,50.155775],[20.049311,50.105104]]}},{"type":"Feature","properties":{"t":"gps","sid":"s1388"},"geometry":{"type":"Point","coordinates":[20.144835,50.155775]}},{"type":"Feature","properties":{"t":"sch","sid":"s1388","name":"Rawałowice Góra","imp":0.054,"d":8844},"geometry":{"type":"Point","coordinates":[20.049311,50.105104]}},{"type":"Feature","properties":{"t":"vec","sid":"s1389","d":9408},"geometry":{"type":"LineString","coordinates":[[20.14855,50.1643],[20.051897,50.106763]]}},{"type":"Feature","properties":{"t":"gps","sid":"s1389"},"geometry":{"type":"Point","coordinates":[20.14855,50.1643]}},{"type":"Feature","properties":{"t":"sch","sid":"s1389","name":"Rawałowice Skrzyżowanie","imp":0.054,"d":9408},"geometry":{"type":"Point","coordinates":[20.051897,50.106763]}},{"type":"Feature","properties":{"t":"vec","sid":"s1390","d":9733},"geometry":{"type":"LineString","coordinates":[[20.15536,50.16645],[20.05254,50.108939]]}},{"type":"Feature","properties":{"t":"gps","sid":"s1390"},"geometry":{"type":"Point","coordinates":[20.15536,50.16645]}},{"type":"Feature","properties":{"t":"sch","sid":"s1390","name":"Rawałowice Kapliczka","imp":0.059,"d":9733},"geometry":{"type":"Point","coordinates":[20.05254,50.108939]}},{"type":"Feature","properties":{"t":"vec","sid":"s1391","d":4757},"geometry":{"type":"LineString","coordinates":[[19.81978,49.96693],[19.865782,49.997891]]}},{"type":"Feature","properties":{"t":"gps","sid":"s1391"},"geometry":{"type":"Point","coordinates":[19.81978,49.96693]}},{"type":"Feature","properties":{"t":"sch","sid":"s1391","name":"Skawina Groble","imp":0.054,"d":4757},"geometry":{"type":"Point","coordinates":[19.865782,49.997891]}},{"type":"Feature","properties":{"t":"vec","sid":"s1392","d":4109},"geometry":{"type":"LineString","coordinates":[[20.063365,49.989685],[20.025076,50.01728]]}},{"type":"Feature","properties":{"t":"gps","sid":"s1392"},"geometry":{"type":"Point","coordinates":[20.063365,49.989685]}},{"type":"Feature","properties":{"t":"sch","sid":"s1392","name":"Wieliczka Czarnochowska","imp":0.074,"d":4109},"geometry":{"type":"Point","coordinates":[20.025076,50.01728]}},{"type":"Feature","properties":{"t":"vec","sid":"s1393","d":3994},"geometry":{"type":"LineString","coordinates":[[20.06606,49.993705],[20.025076,50.018162]]}},{"type":"Feature","properties":{"t":"gps","sid":"s1393"},"geometry":{"type":"Point","coordinates":[20.06606,49.993705]}},{"type":"Feature","properties":{"t":"sch","sid":"s1393","name":"Wieliczka Orzechowa","imp":0.054,"d":3994},"geometry":{"type":"Point","coordinates":[20.025076,50.018162]}},{"type":"Feature","properties":{"t":"vec","sid":"s1394","d":3552},"geometry":{"type":"LineString","coordinates":[[20.05993,49.99624],[20.025076,50.019043]]}},{"type":"Feature","properties":{"t":"gps","sid":"s1394"},"geometry":{"type":"Point","coordinates":[20.05993,49.99624]}},{"type":"Feature","properties":{"t":"sch","sid":"s1394","name":"Wieliczka Dębowa","imp":0.054,"d":3552},"geometry":{"type":"Point","coordinates":[20.025076,50.019043]}},{"type":"Feature","properties":{"t":"vec","sid":"s1395","d":2888},"geometry":{"type":"LineString","coordinates":[[20.055315,50.00266],[20.025076,50.019924]]}},{"type":"Feature","properties":{"t":"gps","sid":"s1395"},"geometry":{"type":"Point","coordinates":[20.055315,50.00266]}},{"type":"Feature","properties":{"t":"sch","sid":"s1395","name":"Wieliczka Zbożowa","imp":0.054,"d":2888},"geometry":{"type":"Point","coordinates":[20.025076,50.019924]}},{"type":"Feature","properties":{"t":"vec","sid":"s1396","d":8280},"geometry":{"type":"LineString","coordinates":[[19.95531,50.21337],[19.954473,50.138904]]}},{"type":"Feature","properties":{"t":"gps","sid":"s1396"},"geometry":{"type":"Point","coordinates":[19.95531,50.21337]}},{"type":"Feature","properties":{"t":"sch","sid":"s1396","name":"Krasieniec Zakupny Kotryska","imp":0.054,"d":8280},"geometry":{"type":"Point","coordinates":[19.954473,50.138904]}},{"type":"Feature","properties":{"t":"vec","sid":"s1397","d":8544},"geometry":{"type":"LineString","coordinates":[[19.95635,50.21398],[19.95561,50.137142]]}},{"type":"Feature","properties":{"t":"gps","sid":"s1397"},"geometry":{"type":"Point","coordinates":[19.95635,50.21398]}},{"type":"Feature","properties":{"t":"sch","sid":"s1397","name":"Iwanowice Dworskie Kotryska","imp":0.054,"d":8544},"geometry":{"type":"Point","coordinates":[19.95561,50.137142]}},{"type":"Feature","properties":{"t":"vec","sid":"s1398","d":2891},"geometry":{"type":"LineString","coordinates":[[20.02661,50.121795],[19.997126,50.103963]]}},{"type":"Feature","properties":{"t":"gps","sid":"s1398"},"geometry":{"type":"Point","coordinates":[20.02661,50.121795]}},{"type":"Feature","properties":{"t":"sch","sid":"s1398","name":"Kończyce Rycerza Racibora","imp":0.054,"d":2891},"geometry":{"type":"Point","coordinates":[19.997126,50.103963]}},{"type":"Feature","properties":{"t":"vec","sid":"s1399","d":2973},"geometry":{"type":"LineString","coordinates":[[19.848215,49.991345],[19.878599,50.009642]]}},{"type":"Feature","properties":{"t":"gps","sid":"s1399"},"geometry":{"type":"Point","coordinates":[19.848215,49.991345]}},{"type":"Feature","properties":{"t":"sch","sid":"s1399","name":"Skawina Obwodnica","imp":0.118,"d":2973},"geometry":{"type":"Point","coordinates":[19.878599,50.009642]}},{"type":"Feature","properties":{"t":"vec","sid":"s1400","d":2718},"geometry":{"type":"LineString","coordinates":[[19.99483,49.97368],[19.97976,49.996128]]}},{"type":"Feature","properties":{"t":"gps","sid":"s1400"},"geometry":{"type":"Point","coordinates":[19.99483,49.97368]}},{"type":"Feature","properties":{"t":"sch","sid":"s1400","name":"Golkowice Granica","imp":0.054,"d":2718},"geometry":{"type":"Point","coordinates":[19.97976,49.996128]}},{"type":"Feature","properties":{"t":"vec","sid":"s1401","d":3893},"geometry":{"type":"LineString","coordinates":[[19.891845,50.15129],[19.912472,50.118875]]}},{"type":"Feature","properties":{"t":"gps","sid":"s1401"},"geometry":{"type":"Point","coordinates":[19.891845,50.15129]}},{"type":"Feature","properties":{"t":"sch","sid":"s1401","name":"Januszowice Plac Zabaw","imp":0.054,"d":3893},"geometry":{"type":"Point","coordinates":[19.912472,50.118875]}},{"type":"Feature","properties":{"t":"vec","sid":"s1402","d":5937},"geometry":{"type":"LineString","coordinates":[[20.118165,50.117095],[20.047048,50.089399]]}},{"type":"Feature","properties":{"t":"gps","sid":"s1402"},"geometry":{"type":"Point","coordinates":[20.118165,50.117095]}},{"type":"Feature","properties":{"t":"sch","sid":"s1402","name":"Dojazdów Przedszkole","imp":0.054,"d":5937},"geometry":{"type":"Point","coordinates":[20.047048,50.089399]}},{"type":"Feature","properties":{"t":"vec","sid":"s1403","d":5920},"geometry":{"type":"LineString","coordinates":[[20.11305,50.12084],[20.043497,50.091829]]}},{"type":"Feature","properties":{"t":"gps","sid":"s1403"},"geometry":{"type":"Point","coordinates":[20.11305,50.12084]}},{"type":"Feature","properties":{"t":"sch","sid":"s1403","name":"Dojazdów Plac św. Stanisława","imp":0.054,"d":5920},"geometry":{"type":"Point","coordinates":[20.043497,50.091829]}},{"type":"Feature","properties":{"t":"vec","sid":"s1404","d":5830},"geometry":{"type":"LineString","coordinates":[[20.1085,50.122565],[20.039779,50.094215]]}},{"type":"Feature","properties":{"t":"gps","sid":"s1404"},"geometry":{"type":"Point","coordinates":[20.1085,50.122565]}},{"type":"Feature","properties":{"t":"sch","sid":"s1404","name":"Dojazdów Na Górce","imp":0.054,"d":5830},"geometry":{"type":"Point","coordinates":[20.039779,50.094215]}},{"type":"Feature","properties":{"t":"vec","sid":"s1405","d":7698},"geometry":{"type":"LineString","coordinates":[[19.86066,50.19195],[19.912472,50.131226]]}},{"type":"Feature","properties":{"t":"gps","sid":"s1405"},"geometry":{"type":"Point","coordinates":[19.86066,50.19195]}},{"type":"Feature","properties":{"t":"sch","sid":"s1405","name":"Smardzowice Kościelna","imp":0.054,"d":7698},"geometry":{"type":"Point","coordinates":[19.912472,50.131226]}},{"type":"Feature","properties":{"t":"vec","sid":"s1406","d":7079},"geometry":{"type":"LineString","coordinates":[[19.868915,50.18957],[19.911927,50.132203]]}},{"type":"Feature","properties":{"t":"gps","sid":"s1406"},"geometry":{"type":"Point","coordinates":[19.868915,50.18957]}},{"type":"Feature","properties":{"t":"sch","sid":"s1406","name":"Smardzowice Podgóry","imp":0.054,"d":7079},"geometry":{"type":"Point","coordinates":[19.911927,50.132203]}},{"type":"Feature","properties":{"t":"vec","sid":"s1407","d":6201},"geometry":{"type":"LineString","coordinates":[[19.88541,50.18635],[19.91069,50.132997]]}},{"type":"Feature","properties":{"t":"gps","sid":"s1407"},"geometry":{"type":"Point","coordinates":[19.88541,50.18635]}},{"type":"Feature","properties":{"t":"sch","sid":"s1407","name":"Cianowice Małe","imp":0.054,"d":6201},"geometry":{"type":"Point","coordinates":[19.91069,50.132997]}},{"type":"Feature","properties":{"t":"vec","sid":"s1408","d":7279},"geometry":{"type":"LineString","coordinates":[[19.88376,50.197145],[19.909453,50.133791]]}},{"type":"Feature","properties":{"t":"gps","sid":"s1408"},"geometry":{"type":"Point","coordinates":[19.88376,50.197145]}},{"type":"Feature","properties":{"t":"sch","sid":"s1408","name":"Cianowice Szczodrkowicka","imp":0.054,"d":7279},"geometry":{"type":"Point","coordinates":[19.909453,50.133791]}},{"type":"Feature","properties":{"t":"vec","sid":"s1409","d":7957},"geometry":{"type":"LineString","coordinates":[[19.88058,50.203915],[19.908216,50.134585]]}},{"type":"Feature","properties":{"t":"gps","sid":"s1409"},"geometry":{"type":"Point","coordinates":[19.88058,50.203915]}},{"type":"Feature","properties":{"t":"sch","sid":"s1409","name":"Cianowice Marianów","imp":0.054,"d":7957},"geometry":{"type":"Point","coordinates":[19.908216,50.134585]}},{"type":"Feature","properties":{"t":"vec","sid":"s1410","d":8657},"geometry":{"type":"LineString","coordinates":[[19.872235,50.209975],[19.906979,50.135379]]}},{"type":"Feature","properties":{"t":"gps","sid":"s1410"},"geometry":{"type":"Point","coordinates":[19.872235,50.209975]}},{"type":"Feature","properties":{"t":"sch","sid":"s1410","name":"Cianowice Poręba","imp":0.074,"d":8657},"geometry":{"type":"Point","coordinates":[19.906979,50.135379]}},{"type":"Feature","properties":{"t":"vec","sid":"s1411","d":8804},"geometry":{"type":"LineString","coordinates":[[19.86717,50.21266],[19.904232,50.137142]]}},{"type":"Feature","properties":{"t":"gps","sid":"s1411"},"geometry":{"type":"Point","coordinates":[19.86717,50.21266]}},{"type":"Feature","properties":{"t":"sch","sid":"s1411","name":"Cianowice Do Cegielni","imp":0.054,"d":8804},"geometry":{"type":"Point","coordinates":[19.904232,50.137142]}},{"type":"Feature","properties":{"t":"vec","sid":"s1412","d":8985},"geometry":{"type":"LineString","coordinates":[[19.86587,50.2141],[19.904232,50.137142]]}},{"type":"Feature","properties":{"t":"gps","sid":"s1412"},"geometry":{"type":"Point","coordinates":[19.86587,50.2141]}},{"type":"Feature","properties":{"t":"sch","sid":"s1412","name":"Skała Wieś","imp":0.054,"d":8985},"geometry":{"type":"Point","coordinates":[19.904232,50.137142]}},{"type":"Feature","properties":{"t":"vec","sid":"s1413","d":10180},"geometry":{"type":"LineString","coordinates":[[19.85682,50.22585],[19.901486,50.138904]]}},{"type":"Feature","properties":{"t":"gps","sid":"s1413"},"geometry":{"type":"Point","coordinates":[19.85682,50.22585]}},{"type":"Feature","properties":{"t":"sch","sid":"s1413","name":"Skała Rzeplińska","imp":0.074,"d":10180},"geometry":{"type":"Point","coordinates":[19.901486,50.138904]}},{"type":"Feature","properties":{"t":"vec","sid":"s1414","d":10463},"geometry":{"type":"LineString","coordinates":[[19.85387,50.23025],[19.898739,50.140667]]}},{"type":"Feature","properties":{"t":"gps","sid":"s1414"},"geometry":{"type":"Point","coordinates":[19.85387,50.23025]}},{"type":"Feature","properties":{"t":"sch","sid":"s1414","name":"Skała Rynek","imp":0.059,"d":10463},"geometry":{"type":"Point","coordinates":[19.898739,50.140667]}},{"type":"Feature","properties":{"t":"vec","sid":"s1415","d":4279},"geometry":{"type":"LineString","coordinates":[[19.78306,50.083425],[19.841064,50.073686]]}},{"type":"Feature","properties":{"t":"gps","sid":"s1415"},"geometry":{"type":"Point","coordinates":[19.78306,50.083425]}},{"type":"Feature","properties":{"t":"sch","sid":"s1415","name":"Balice Krakowska","imp":0.122,"d":4279},"geometry":{"type":"Point","coordinates":[19.841064,50.073686]}},{"type":"Feature","properties":{"t":"vec","sid":"s1416","d":13694},"geometry":{"type":"LineString","coordinates":[[19.78453,50.202005],[19.889584,50.098951]]}},{"type":"Feature","properties":{"t":"gps","sid":"s1416"},"geometry":{"type":"Point","coordinates":[19.78453,50.202005]}},{"type":"Feature","properties":{"t":"sch","sid":"s1416","name":"Jerzmanowice Pod Lasem","imp":0.054,"d":13694},"geometry":{"type":"Point","coordinates":[19.889584,50.098951]}},{"type":"Feature","properties":{"t":"vec","sid":"s1417","d":14129},"geometry":{"type":"LineString","coordinates":[[19.773415,50.20881],[19.883176,50.103064]]}},{"type":"Feature","properties":{"t":"gps","sid":"s1417"},"geometry":{"type":"Point","coordinates":[19.773415,50.20881]}},{"type":"Feature","properties":{"t":"sch","sid":"s1417","name":"Jerzmanowice Lepianka","imp":0.054,"d":14129},"geometry":{"type":"Point","coordinates":[19.883176,50.103064]}},{"type":"Feature","properties":{"t":"vec","sid":"s1418","d":14966},"geometry":{"type":"LineString","coordinates":[[19.75749,50.21788],[19.876768,50.107176]]}},{"type":"Feature","properties":{"t":"gps","sid":"s1418"},"geometry":{"type":"Point","coordinates":[19.75749,50.21788]}},{"type":"Feature","properties":{"t":"sch","sid":"s1418","name":"Jerzmanowice Centralna","imp":0.054,"d":14966},"geometry":{"type":"Point","coordinates":[19.876768,50.107176]}},{"type":"Feature","properties":{"t":"vec","sid":"s1419","d":14998},"geometry":{"type":"LineString","coordinates":[[19.749185,50.22149],[19.870359,50.111289]]}},{"type":"Feature","properties":{"t":"gps","sid":"s1419"},"geometry":{"type":"Point","coordinates":[19.749185,50.22149]}},{"type":"Feature","properties":{"t":"sch","sid":"s1419","name":"Jerzmanowice Ojcowska","imp":0.054,"d":14998},"geometry":{"type":"Point","coordinates":[19.870359,50.111289]}},{"type":"Feature","properties":{"t":"vec","sid":"s1420","d":15143},"geometry":{"type":"LineString","coordinates":[[19.736685,50.224375],[19.863951,50.115402]]}},{"type":"Feature","properties":{"t":"gps","sid":"s1420"},"geometry":{"type":"Point","coordinates":[19.736685,50.224375]}},{"type":"Feature","properties":{"t":"sch","sid":"s1420","name":"Gotkowice Wieś","imp":0.054,"d":15143},"geometry":{"type":"Point","coordinates":[19.863951,50.115402]}},{"type":"Feature","properties":{"t":"vec","sid":"s1421","d":15735},"geometry":{"type":"LineString","coordinates":[[19.72057,50.2304],[19.857543,50.119515]]}},{"type":"Feature","properties":{"t":"gps","sid":"s1421"},"geometry":{"type":"Point","coordinates":[19.72057,50.2304]}},{"type":"Feature","properties":{"t":"sch","sid":"s1421","name":"Przeginia Ostra Góra","imp":0.054,"d":15735},"geometry":{"type":"Point","coordinates":[19.857543,50.119515]}},{"type":"Feature","properties":{"t":"vec","sid":"s1422","d":15709},"geometry":{"type":"LineString","coordinates":[[19.711635,50.232905],[19.851134,50.123628]]}},{"type":"Feature","properties":{"t":"gps","sid":"s1422"},"geometry":{"type":"Point","coordinates":[19.711635,50.232905]}},{"type":"Feature","properties":{"t":"sch","sid":"s1422","name":"Przeginia Skotnica","imp":0.054,"d":15709},"geometry":{"type":"Point","coordinates":[19.851134,50.123628]}},{"type":"Feature","properties":{"t":"vec","sid":"s1423","d":15782},"geometry":{"type":"LineString","coordinates":[[19.701005,50.23561],[19.844726,50.127741]]}},{"type":"Feature","properties":{"t":"gps","sid":"s1423"},"geometry":{"type":"Point","coordinates":[19.701005,50.23561]}},{"type":"Feature","properties":{"t":"sch","sid":"s1423","name":"Przeginia Dom Ludowy","imp":0.054,"d":15782},"geometry":{"type":"Point","coordinates":[19.844726,50.127741]}},{"type":"Feature","properties":{"t":"vec","sid":"s1424","d":15991},"geometry":{"type":"LineString","coordinates":[[19.686565,50.23766],[19.838317,50.131854]]}},{"type":"Feature","properties":{"t":"gps","sid":"s1424"},"geometry":{"type":"Point","coordinates":[19.686565,50.23766]}},{"type":"Feature","properties":{"t":"sch","sid":"s1424","name":"Przeginia Kościół","imp":0.059,"d":15991},"geometry":{"type":"Point","coordinates":[19.838317,50.131854]}},{"type":"Feature","properties":{"t":"vec","sid":"s1425","d":2077},"geometry":{"type":"LineString","coordinates":[[19.968245,50.128055],[19.961908,50.10982]]}},{"type":"Feature","properties":{"t":"gps","sid":"s1425"},"geometry":{"type":"Point","coordinates":[19.968245,50.128055]}},{"type":"Feature","properties":{"t":"sch","sid":"s1425","name":"Węgrzce Warszawska","imp":0.102,"d":2077},"geometry":{"type":"Point","coordinates":[19.961908,50.10982]}},{"type":"Feature","properties":{"t":"vec","sid":"s1426","d":13304},"geometry":{"type":"LineString","coordinates":[[19.775905,50.230255],[19.867992,50.126222]]}},{"type":"Feature","properties":{"t":"gps","sid":"s1426"},"geometry":{"type":"Point","coordinates":[19.775905,50.230255]}},{"type":"Feature","properties":{"t":"sch","sid":"s1426","name":"Sąspów Cmentarz","imp":0.054,"d":13304},"geometry":{"type":"Point","coordinates":[19.867992,50.126222]}},{"type":"Feature","properties":{"t":"vec","sid":"s1427","d":5214},"geometry":{"type":"LineString","coordinates":[[19.870715,49.94401],[19.898739,49.987315]]}},{"type":"Feature","properties":{"t":"gps","sid":"s1427"},"geometry":{"type":"Point","coordinates":[19.870715,49.94401]}},{"type":"Feature","properties":{"t":"sch","sid":"s1427","name":"Mogilany Pętla","imp":0.126,"d":5214},"geometry":{"type":"Point","coordinates":[19.898739,49.987315]}},{"type":"Feature","properties":{"t":"vec","sid":"s1428","d":7929},"geometry":{"type":"LineString","coordinates":[[19.73445,50.1316],[19.829006,50.094149]]}},{"type":"Feature","properties":{"t":"gps","sid":"s1428"},"geometry":{"type":"Point","coordinates":[19.73445,50.1316]}},{"type":"Feature","properties":{"t":"sch","sid":"s1428","name":"Rudawa Granica","imp":0.054,"d":7929},"geometry":{"type":"Point","coordinates":[19.829006,50.094149]}},{"type":"Feature","properties":{"t":"vec","sid":"s1429","d":8283},"geometry":{"type":"LineString","coordinates":[[20.073625,50.184985],[20.022329,50.118165]]}},{"type":"Feature","properties":{"t":"gps","sid":"s1429"},"geometry":{"type":"Point","coordinates":[20.073625,50.184985]}},{"type":"Feature","properties":{"t":"sch","sid":"s1429","name":"Goszcza Kościół","imp":0.054,"d":8283},"geometry":{"type":"Point","coordinates":[20.022329,50.118165]}},{"type":"Feature","properties":{"t":"vec","sid":"s1430","d":8873},"geometry":{"type":"LineString","coordinates":[[20.109015,50.179175],[20.026449,50.119515]]}},{"type":"Feature","properties":{"t":"gps","sid":"s1430"},"geometry":{"type":"Point","coordinates":[20.109015,50.179175]}},{"type":"Feature","properties":{"t":"sch","sid":"s1430","name":"Wilków Kaplica","imp":0.054,"d":8873},"geometry":{"type":"Point","coordinates":[20.026449,50.119515]}},{"type":"Feature","properties":{"t":"vec","sid":"s1431","d":8580},"geometry":{"type":"LineString","coordinates":[[20.10983,50.17753],[20.030569,50.119515]]}},{"type":"Feature","properties":{"t":"gps","sid":"s1431"},"geometry":{"type":"Point","coordinates":[20.10983,50.17753]}},{"type":"Feature","properties":{"t":"sch","sid":"s1431","name":"Wilków Pętla","imp":0.059,"d":8580},"geometry":{"type":"Point","coordinates":[20.030569,50.119515]}},{"type":"Feature","properties":{"t":"vec","sid":"s1432","d":3079},"geometry":{"type":"LineString","coordinates":[[19.84087,50.11432],[19.874021,50.0966]]}},{"type":"Feature","properties":{"t":"gps","sid":"s1432"},"geometry":{"type":"Point","coordinates":[19.84087,50.11432]}},{"type":"Feature","properties":{"t":"sch","sid":"s1432","name":"Modlniczka Centrum Logistyczne","imp":0.059,"d":3079},"geometry":{"type":"Point","coordinates":[19.874021,50.0966]}},{"type":"Feature","properties":{"t":"vec","sid":"s1433","d":2312},"geometry":{"type":"LineString","coordinates":[[19.887625,50.123065],[19.902669,50.104654]]}},{"type":"Feature","properties":{"t":"gps","sid":"s1433"},"geometry":{"type":"Point","coordinates":[19.887625,50.123065]}},{"type":"Feature","properties":{"t":"sch","sid":"s1433","name":"Modlnica Bukowa","imp":0.07,"d":2312},"geometry":{"type":"Point","coordinates":[19.902669,50.104654]}},{"type":"Feature","properties":{"t":"vec","sid":"s1434","d":803},"geometry":{"type":"LineString","coordinates":[[19.93489,50.06579],[19.92895,50.071923]]}},{"type":"Feature","properties":{"t":"gps","sid":"s1434"},"geometry":{"type":"Point","coordinates":[19.93489,50.06579]}},{"type":"Feature","properties":{"t":"sch","sid":"s1434","name":"Garbarska","imp":0.15,"d":803},"geometry":{"type":"Point","coordinates":[19.92895,50.071923]}},{"type":"Feature","properties":{"t":"vec","sid":"s1435","d":1479},"geometry":{"type":"LineString","coordinates":[[19.978245,50.12213],[19.97564,50.108939]]}},{"type":"Feature","properties":{"t":"gps","sid":"s1435"},"geometry":{"type":"Point","coordinates":[19.978245,50.12213]}},{"type":"Feature","properties":{"t":"sch","sid":"s1435","name":"Węgrzce Kuźnia","imp":0.074,"d":1479},"geometry":{"type":"Point","coordinates":[19.97564,50.108939]}},{"type":"Feature","properties":{"t":"vec","sid":"s1436","d":2155},"geometry":{"type":"LineString","coordinates":[[19.98893,50.125245],[19.978614,50.10703]]}},{"type":"Feature","properties":{"t":"gps","sid":"s1436"},"geometry":{"type":"Point","coordinates":[19.98893,50.125245]}},{"type":"Feature","properties":{"t":"sch","sid":"s1436","name":"Bosutów C3","imp":0.054,"d":2155},"geometry":{"type":"Point","coordinates":[19.978614,50.10703]}},{"type":"Feature","properties":{"t":"vec","sid":"s1437","d":8372},"geometry":{"type":"LineString","coordinates":[[20.18298,50.09067],[20.069019,50.07281]]}},{"type":"Feature","properties":{"t":"gps","sid":"s1437"},"geometry":{"type":"Point","coordinates":[20.18298,50.09067]}},{"type":"Feature","properties":{"t":"sch","sid":"s1437","name":"Wodzickich","imp":0.07,"d":8372},"geometry":{"type":"Point","coordinates":[20.069019,50.07281]}},{"type":"Feature","properties":{"t":"vec","sid":"s1438","d":2076},"geometry":{"type":"LineString","coordinates":[[20.06062,50.07836],[20.033315,50.071923]]}},{"type":"Feature","properties":{"t":"gps","sid":"s1438"},"geometry":{"type":"Point","coordinates":[20.06062,50.07836]}},{"type":"Feature","properties":{"t":"sch","sid":"s1438","name":"Łempickiego","imp":0.157,"d":2076},"geometry":{"type":"Point","coordinates":[20.033315,50.071923]}},{"type":"Feature","properties":{"t":"vec","sid":"s1439","d":2242},"geometry":{"type":"LineString","coordinates":[[20.05965,50.08735],[20.03154,50.078351]]}},{"type":"Feature","properties":{"t":"gps","sid":"s1439"},"geometry":{"type":"Point","coordinates":[20.05965,50.08735]}},{"type":"Feature","properties":{"t":"sch","sid":"s1439","name":"Grodzki Urząd Pracy","imp":0.054,"d":2242},"geometry":{"type":"Point","coordinates":[20.03154,50.078351]}},{"type":"Feature","properties":{"t":"vec","sid":"s1440","d":148},"geometry":{"type":"LineString","coordinates":[[19.927837,50.014576],[19.926204,50.013755]]}},{"type":"Feature","properties":{"t":"gps","sid":"s1440"},"geometry":{"type":"Point","coordinates":[19.927837,50.014576]}},{"type":"Feature","properties":{"t":"sch","sid":"s1440","name":"Solvay","imp":0.086,"d":148},"geometry":{"type":"Point","coordinates":[19.926204,50.013755]}},{"type":"Feature","properties":{"t":"vec","sid":"s1441","d":982},"geometry":{"type":"LineString","coordinates":[[19.940117,50.075634],[19.93719,50.084262]]}},{"type":"Feature","properties":{"t":"gps","sid":"s1441"},"geometry":{"type":"Point","coordinates":[19.940117,50.075634]}},{"type":"Feature","properties":{"t":"sch","sid":"s1441","name":"Dworzec Towarowy","imp":0.234,"d":982},"geometry":{"type":"Point","coordinates":[19.93719,50.084262]}},{"type":"Feature","properties":{"t":"vec","sid":"s1442","d":834},"geometry":{"type":"LineString","coordinates":[[19.910943,50.06136],[19.899259,50.061347]]}},{"type":"Feature","properties":{"t":"gps","sid":"s1442"},"geometry":{"type":"Point","coordinates":[19.910943,50.06136]}},{"type":"Feature","properties":{"t":"sch","sid":"s1442","name":"Reymana","imp":0.07,"d":834},"geometry":{"type":"Point","coordinates":[19.899259,50.061347]}},{"type":"Feature","properties":{"t":"vec","sid":"s1443","d":167},"geometry":{"type":"LineString","coordinates":[[19.939517,50.054417],[19.93719,50.054296]]}},{"type":"Feature","properties":{"t":"gps","sid":"s1443"},"geometry":{"type":"Point","coordinates":[19.939517,50.054417]}},{"type":"Feature","properties":{"t":"sch","sid":"s1443","name":"Wawel","imp":0.138,"d":167},"geometry":{"type":"Point","coordinates":[19.93719,50.054296]}},{"type":"Feature","properties":{"t":"vec","sid":"s1444","d":526},"geometry":{"type":"LineString","coordinates":[[19.938461,50.050589],[19.933874,50.046881]]}},{"type":"Feature","properties":{"t":"gps","sid":"s1444"},"geometry":{"type":"Point","coordinates":[19.938461,50.050589]}},{"type":"Feature","properties":{"t":"sch","sid":"s1444","name":"Orzeszkowej","imp":0.102,"d":526},"geometry":{"type":"Point","coordinates":[19.933874,50.046881]}},{"type":"Feature","properties":{"t":"vec","sid":"s1445","d":2085},"geometry":{"type":"LineString","coordinates":[[20.064931,50.067758],[20.036062,50.064872]]}},{"type":"Feature","properties":{"t":"gps","sid":"s1445"},"geometry":{"type":"Point","coordinates":[20.064931,50.067758]}},{"type":"Feature","properties":{"t":"sch","sid":"s1445","name":"Bardosa","imp":0.142,"d":2085},"geometry":{"type":"Point","coordinates":[20.036062,50.064872]}},{"type":"Feature","properties":{"t":"vec","sid":"s1446","d":2034},"geometry":{"type":"LineString","coordinates":[[20.066865,50.069833],[20.038808,50.066635]]}},{"type":"Feature","properties":{"t":"gps","sid":"s1446"},"geometry":{"type":"Point","coordinates":[20.066865,50.069833]}},{"type":"Feature","properties":{"t":"sch","sid":"s1446","name":"Kopiec Wandy","imp":0.158,"d":2034},"geometry":{"type":"Point","coordinates":[20.038808,50.066635]}},{"type":"Feature","properties":{"t":"vec","sid":"s1447","d":2244},"geometry":{"type":"LineString","coordinates":[[20.074984,50.064927],[20.044033,50.061347]]}},{"type":"Feature","properties":{"t":"gps","sid":"s1447"},"geometry":{"type":"Point","coordinates":[20.074984,50.064927]}},{"type":"Feature","properties":{"t":"sch","sid":"s1447","name":"Brama nr 4","imp":0.07,"d":2244},"geometry":{"type":"Point","coordinates":[20.044033,50.061347]}},{"type":"Feature","properties":{"t":"vec","sid":"s1448","d":3167},"geometry":{"type":"LineString","coordinates":[[20.091682,50.069124],[20.04899,50.061347]]}},{"type":"Feature","properties":{"t":"gps","sid":"s1448"},"geometry":{"type":"Point","coordinates":[20.091682,50.069124]}},{"type":"Feature","properties":{"t":"sch","sid":"s1448","name":"Brama nr 5","imp":0.07,"d":3167},"geometry":{"type":"Point","coordinates":[20.04899,50.061347]}},{"type":"Feature","properties":{"t":"vec","sid":"s1449","d":3245},"geometry":{"type":"LineString","coordinates":[[20.094967,50.069854],[20.051468,50.061347]]}},{"type":"Feature","properties":{"t":"gps","sid":"s1449"},"geometry":{"type":"Point","coordinates":[20.094967,50.069854]}},{"type":"Feature","properties":{"t":"sch","sid":"s1449","name":"Meksyk","imp":0.07,"d":3245},"geometry":{"type":"Point","coordinates":[20.051468,50.061347]}},{"type":"Feature","properties":{"t":"vec","sid":"s1450","d":3807},"geometry":{"type":"LineString","coordinates":[[20.104577,50.071926],[20.053534,50.061985]]}},{"type":"Feature","properties":{"t":"gps","sid":"s1450"},"geometry":{"type":"Point","coordinates":[20.104577,50.071926]}},{"type":"Feature","properties":{"t":"sch","sid":"s1450","name":"Koksochemia","imp":0.07,"d":3807},"geometry":{"type":"Point","coordinates":[20.053534,50.061985]}},{"type":"Feature","properties":{"t":"vec","sid":"s1452","d":714},"geometry":{"type":"LineString","coordinates":[[19.92882,50.030527],[19.926204,50.024331]]}},{"type":"Feature","properties":{"t":"gps","sid":"s1452"},"geometry":{"type":"Point","coordinates":[19.92882,50.030527]}},{"type":"Feature","properties":{"t":"sch","sid":"s1452","name":"Borsucza","imp":0.106,"d":714},"geometry":{"type":"Point","coordinates":[19.926204,50.024331]}},{"type":"Feature","properties":{"t":"vec","sid":"s1453","d":695},"geometry":{"type":"LineString","coordinates":[[19.931802,50.030512],[19.930323,50.024331]]}},{"type":"Feature","properties":{"t":"gps","sid":"s1453"},"geometry":{"type":"Point","coordinates":[19.931802,50.030512]}},{"type":"Feature","properties":{"t":"sch","sid":"s1453","name":"Brożka","imp":0.086,"d":695},"geometry":{"type":"Point","coordinates":[19.930323,50.024331]}},{"type":"Feature","properties":{"t":"vec","sid":"s1455","d":163},"geometry":{"type":"LineString","coordinates":[[19.991047,50.017586],[19.990745,50.019043]]}},{"type":"Feature","properties":{"t":"gps","sid":"s1455"},"geometry":{"type":"Point","coordinates":[19.991047,50.017586]}},{"type":"Feature","properties":{"t":"sch","sid":"s1455","name":"Prokocim","imp":0.118,"d":163},"geometry":{"type":"Point","coordinates":[19.990745,50.019043]}},{"type":"Feature","properties":{"t":"vec","sid":"s1456","d":548},"geometry":{"type":"LineString","coordinates":[[19.920863,50.059819],[19.91356,50.061347]]}},{"type":"Feature","properties":{"t":"gps","sid":"s1456"},"geometry":{"type":"Point","coordinates":[19.920863,50.059819]}},{"type":"Feature","properties":{"t":"sch","sid":"s1456","name":"Oleandry","imp":0.07,"d":548},"geometry":{"type":"Point","coordinates":[19.91356,50.061347]}},{"type":"Feature","properties":{"t":"vec","sid":"s1457","d":833},"geometry":{"type":"LineString","coordinates":[[19.917952,50.060257],[19.90641,50.061347]]}},{"type":"Feature","properties":{"t":"gps","sid":"s1457"},"geometry":{"type":"Point","coordinates":[19.917952,50.060257]}},{"type":"Feature","properties":{"t":"sch","sid":"s1457","name":"Park Jordana","imp":0.07,"d":833},"geometry":{"type":"Point","coordinates":[19.90641,50.061347]}},{"type":"Feature","properties":{"t":"vec","sid":"s1458","d":490},"geometry":{"type":"LineString","coordinates":[[19.964682,50.049826],[19.969176,50.053157]]}},{"type":"Feature","properties":{"t":"gps","sid":"s1458"},"geometry":{"type":"Point","coordinates":[19.964682,50.049826]}},{"type":"Feature","properties":{"t":"sch","sid":"s1458","name":"Zabłocie","imp":0.102,"d":490},"geometry":{"type":"Point","coordinates":[19.969176,50.053157]}},{"type":"Feature","properties":{"t":"vec","sid":"s1459","d":1917},"geometry":{"type":"LineString","coordinates":[[20.059864,50.067491],[20.033315,50.064872]]}},{"type":"Feature","properties":{"t":"gps","sid":"s1459"},"geometry":{"type":"Point","coordinates":[20.059864,50.067491]}},{"type":"Feature","properties":{"t":"sch","sid":"s1459","name":"Suche Stawy","imp":0.118,"d":1917},"geometry":{"type":"Point","coordinates":[20.033315,50.064872]}},{"type":"Feature","properties":{"t":"vec","sid":"s1460","d":934},"geometry":{"type":"LineString","coordinates":[[19.955397,50.045068],[19.955846,50.03667]]}},{"type":"Feature","properties":{"t":"gps","sid":"s1460"},"geometry":{"type":"Point","coordinates":[19.955397,50.045068]}},{"type":"Feature","properties":{"t":"sch","sid":"s1460","name":"Limanowskiego","imp":0.07,"d":934},"geometry":{"type":"Point","coordinates":[19.955846,50.03667]}},{"type":"Feature","properties":{"t":"vec","sid":"s1461","d":364},"geometry":{"type":"LineString","coordinates":[[19.933922,50.024577],[19.934443,50.021322]]}},{"type":"Feature","properties":{"t":"gps","sid":"s1461"},"geometry":{"type":"Point","coordinates":[19.933922,50.024577]}},{"type":"Feature","properties":{"t":"sch","sid":"s1461","name":"Łagiewniki ZUS","imp":0.102,"d":364},"geometry":{"type":"Point","coordinates":[19.934443,50.021322]}},{"type":"Feature","properties":{"t":"vec","sid":"s1462","d":480},"geometry":{"type":"LineString","coordinates":[[19.962452,50.058843],[19.969176,50.058961]]}},{"type":"Feature","properties":{"t":"gps","sid":"s1462"},"geometry":{"type":"Point","coordinates":[19.962452,50.058843]}},{"type":"Feature","properties":{"t":"sch","sid":"s1462","name":"Teatr Variete","imp":0.102,"d":480},"geometry":{"type":"Point","coordinates":[19.969176,50.058961]}},{"type":"Feature","properties":{"t":"vec","sid":"s1463","d":651},"geometry":{"type":"LineString","coordinates":[[19.977071,50.033512],[19.983879,50.029619]]}},{"type":"Feature","properties":{"t":"gps","sid":"s1463"},"geometry":{"type":"Point","coordinates":[19.977071,50.033512]}},{"type":"Feature","properties":{"t":"sch","sid":"s1463","name":"Dworzec Płaszów Estakada","imp":0.138,"d":651},"geometry":{"type":"Point","coordinates":[19.983879,50.029619]}},{"type":"Feature","properties":{"t":"vec","sid":"s1464","d":2745},"geometry":{"type":"LineString","coordinates":[[20.08463,50.064675],[20.046511,50.061347]]}},{"type":"Feature","properties":{"t":"gps","sid":"s1464"},"geometry":{"type":"Point","coordinates":[20.08463,50.064675]}},{"type":"Feature","properties":{"t":"sch","sid":"s1464","name":"Giedroycia","imp":0.07,"d":2745},"geometry":{"type":"Point","coordinates":[20.046511,50.061347]}},{"type":"Feature","properties":{"t":"vec","sid":"s1465","d":289},"geometry":{"type":"LineString","coordinates":[[19.940913,50.058557],[19.93719,50.059584]]}},{"type":"Feature","properties":{"t":"gps","sid":"s1465"},"geometry":{"type":"Point","coordinates":[19.940913,50.058557]}},{"type":"Feature","properties":{"t":"sch","sid":"s1465","name":"św. Gertrudy","imp":0.138,"d":289},"geometry":{"type":"Point","coordinates":[19.93719,50.059584]}},{"type":"Feature","properties":{"t":"vec","sid":"s1466","d":759},"geometry":{"type":"LineString","coordinates":[[19.954437,50.070734],[19.960534,50.07633]]}},{"type":"Feature","properties":{"t":"gps","sid":"s1466"},"geometry":{"type":"Point","coordinates":[19.954437,50.070734]}},{"type":"Feature","properties":{"t":"sch","sid":"s1466","name":"Muzeum Fotografii","imp":0.054,"d":759},"geometry":{"type":"Point","coordinates":[19.960534,50.07633]}},{"type":"Feature","properties":{"t":"vec","sid":"s1467","d":125},"geometry":{"type":"LineString","coordinates":[[19.936295,50.01778],[19.937592,50.017022]]}},{"type":"Feature","properties":{"t":"gps","sid":"s1467"},"geometry":{"type":"Point","coordinates":[19.936295,50.01778]}},{"type":"Feature","properties":{"t":"sch","sid":"s1467","name":"Sanktuarium Bożego Miłosierdzia","imp":0.086,"d":125},"geometry":{"type":"Point","coordinates":[19.937592,50.017022]}},{"type":"Feature","properties":{"t":"vec","sid":"s1468","d":464},"geometry":{"type":"LineString","coordinates":[[19.931126,50.060318],[19.924831,50.061347]]}},{"type":"Feature","properties":{"t":"gps","sid":"s1468"},"geometry":{"type":"Point","coordinates":[19.931126,50.060318]}},{"type":"Feature","properties":{"t":"sch","sid":"s1468","name":"UJ / AST","imp":0.07,"d":464},"geometry":{"type":"Point","coordinates":[19.924831,50.061347]}},{"type":"Feature","properties":{"t":"vec","sid":"s1469","d":193},"geometry":{"type":"LineString","coordinates":[[19.9542,50.095095],[19.952864,50.0966]]}},{"type":"Feature","properties":{"t":"gps","sid":"s1469"},"geometry":{"type":"Point","coordinates":[19.9542,50.095095]}},{"type":"Feature","properties":{"t":"sch","sid":"s1469","name":"Bociana","imp":0.102,"d":193},"geometry":{"type":"Point","coordinates":[19.952864,50.0966]}},{"type":"Feature","properties":{"t":"vec","sid":"s1470","d":470},"geometry":{"type":"LineString","coordinates":[[19.990363,50.07353],[19.996238,50.075448]]}},{"type":"Feature","properties":{"t":"gps","sid":"s1470"},"geometry":{"type":"Point","coordinates":[19.990363,50.07353]}},{"type":"Feature","properties":{"t":"sch","sid":"s1470","name":"Muzeum Lotnictwa Polskiego","imp":0.134,"d":470},"geometry":{"type":"Point","coordinates":[19.996238,50.075448]}},{"type":"Feature","properties":{"t":"vec","sid":"s1471","d":6836},"geometry":{"type":"LineString","coordinates":[[20.014407,49.926888],[20.007224,49.988196]]}},{"type":"Feature","properties":{"t":"gps","sid":"s1471"},"geometry":{"type":"Point","coordinates":[20.014407,49.926888]}},{"type":"Feature","properties":{"t":"sch","sid":"s1471","name":"Byszyce Centrum","imp":0.054,"d":6836},"geometry":{"type":"Point","coordinates":[20.007224,49.988196]}},{"type":"Feature","properties":{"t":"vec","sid":"s1472","d":6765},"geometry":{"type":"LineString","coordinates":[[20.013348,49.927031],[20.005851,49.98768]]}},{"type":"Feature","properties":{"t":"gps","sid":"s1472"},"geometry":{"type":"Point","coordinates":[20.013348,49.927031]}},{"type":"Feature","properties":{"t":"sch","sid":"s1472","name":"Byszyce Centrum","imp":0.054,"d":6765},"geometry":{"type":"Point","coordinates":[20.005851,49.98768]}},{"type":"Feature","properties":{"t":"vec","sid":"s1473","d":6527},"geometry":{"type":"LineString","coordinates":[[20.004022,49.930091],[20.006324,49.988774]]}},{"type":"Feature","properties":{"t":"gps","sid":"s1473"},"geometry":{"type":"Point","coordinates":[20.004022,49.930091]}},{"type":"Feature","properties":{"t":"sch","sid":"s1473","name":"Byszyce Kopce","imp":0.054,"d":6527},"geometry":{"type":"Point","coordinates":[20.006324,49.988774]}},{"type":"Feature","properties":{"t":"vec","sid":"s1474","d":2700},"geometry":{"type":"LineString","coordinates":[[20.070567,50.005877],[20.035683,50.015274]]}},{"type":"Feature","properties":{"t":"gps","sid":"s1474"},"geometry":{"type":"Point","coordinates":[20.070567,50.005877]}},{"type":"Feature","properties":{"t":"sch","sid":"s1474","name":"Czarnochowice Kościół","imp":0.054,"d":2700},"geometry":{"type":"Point","coordinates":[20.035683,50.015274]}},{"type":"Feature","properties":{"t":"vec","sid":"s1475","d":3393},"geometry":{"type":"LineString","coordinates":[[20.07009,50.006163],[20.029117,50.021637]]}},{"type":"Feature","properties":{"t":"gps","sid":"s1475"},"geometry":{"type":"Point","coordinates":[20.07009,50.006163]}},{"type":"Feature","properties":{"t":"sch","sid":"s1475","name":"Czarnochowice Kościół","imp":0.054,"d":3393},"geometry":{"type":"Point","coordinates":[20.029117,50.021637]}},{"type":"Feature","properties":{"t":"vec","sid":"s1476","d":3238},"geometry":{"type":"LineString","coordinates":[[20.062247,50.001932],[20.02707,50.020323]]}},{"type":"Feature","properties":{"t":"gps","sid":"s1476"},"geometry":{"type":"Point","coordinates":[20.062247,50.001932]}},{"type":"Feature","properties":{"t":"sch","sid":"s1476","name":"Czarnochowice Osiedle","imp":0.054,"d":3238},"geometry":{"type":"Point","coordinates":[20.02707,50.020323]}},{"type":"Feature","properties":{"t":"vec","sid":"s1477","d":2447},"geometry":{"type":"LineString","coordinates":[[20.062467,50.00201],[20.033725,50.014018]]}},{"type":"Feature","properties":{"t":"gps","sid":"s1477"},"geometry":{"type":"Point","coordinates":[20.062467,50.00201]}},{"type":"Feature","properties":{"t":"sch","sid":"s1477","name":"Czarnochowice Osiedle","imp":0.054,"d":2447},"geometry":{"type":"Point","coordinates":[20.033725,50.014018]}},{"type":"Feature","properties":{"t":"vec","sid":"s1478","d":2389},"geometry":{"type":"LineString","coordinates":[[20.057934,49.999357],[20.031768,50.012762]]}},{"type":"Feature","properties":{"t":"gps","sid":"s1478"},"geometry":{"type":"Point","coordinates":[20.057934,49.999357]}},{"type":"Feature","properties":{"t":"sch","sid":"s1478","name":"Czarnochowice Wygoda","imp":0.054,"d":2389},"geometry":{"type":"Point","coordinates":[20.031768,50.012762]}},{"type":"Feature","properties":{"t":"vec","sid":"s1479","d":3199},"geometry":{"type":"LineString","coordinates":[[20.058128,49.999616],[20.025024,50.019009]]}},{"type":"Feature","properties":{"t":"gps","sid":"s1479"},"geometry":{"type":"Point","coordinates":[20.058128,49.999616]}},{"type":"Feature","properties":{"t":"sch","sid":"s1479","name":"Czarnochowice Wygoda","imp":0.054,"d":3199},"geometry":{"type":"Point","coordinates":[20.025024,50.019009]}},{"type":"Feature","properties":{"t":"vec","sid":"s1480","d":8266},"geometry":{"type":"LineString","coordinates":[[20.11661,49.942703],[20.036062,49.996128]]}},{"type":"Feature","properties":{"t":"gps","sid":"s1480"},"geometry":{"type":"Point","coordinates":[20.11661,49.942703]}},{"type":"Feature","properties":{"t":"sch","sid":"s1480","name":"Dobranowice Szkoła","imp":0.059,"d":8266},"geometry":{"type":"Point","coordinates":[20.036062,49.996128]}},{"type":"Feature","properties":{"t":"vec","sid":"s1481","d":8033},"geometry":{"type":"LineString","coordinates":[[20.116969,49.942379],[20.036062,49.992603]]}},{"type":"Feature","properties":{"t":"gps","sid":"s1481"},"geometry":{"type":"Point","coordinates":[20.116969,49.942379]}},{"type":"Feature","properties":{"t":"sch","sid":"s1481","name":"Dobranowice Szkoła","imp":0.059,"d":8033},"geometry":{"type":"Point","coordinates":[20.036062,49.992603]}},{"type":"Feature","properties":{"t":"vec","sid":"s1482","d":8884},"geometry":{"type":"LineString","coordinates":[[20.121273,49.938284],[20.035409,49.996128]]}},{"type":"Feature","properties":{"t":"gps","sid":"s1482"},"geometry":{"type":"Point","coordinates":[20.121273,49.938284]}},{"type":"Feature","properties":{"t":"sch","sid":"s1482","name":"Dobranowice Las Winny","imp":0.054,"d":8884},"geometry":{"type":"Point","coordinates":[20.035409,49.996128]}},{"type":"Feature","properties":{"t":"vec","sid":"s1483","d":8626},"geometry":{"type":"LineString","coordinates":[[20.121143,49.938129],[20.035571,49.992918]]}},{"type":"Feature","properties":{"t":"gps","sid":"s1483"},"geometry":{"type":"Point","coordinates":[20.121143,49.938129]}},{"type":"Feature","properties":{"t":"sch","sid":"s1483","name":"Dobranowice Las Winny","imp":0.054,"d":8626},"geometry":{"type":"Point","coordinates":[20.035571,49.992918]}},{"type":"Feature","properties":{"t":"vec","sid":"s1484","d":9390},"geometry":{"type":"LineString","coordinates":[[20.124356,49.931202],[20.035081,49.993233]]}},{"type":"Feature","properties":{"t":"gps","sid":"s1484"},"geometry":{"type":"Point","coordinates":[20.124356,49.931202]}},{"type":"Feature","properties":{"t":"sch","sid":"s1484","name":"Dobranowice Wola Dobranowska","imp":0.054,"d":9390},"geometry":{"type":"Point","coordinates":[20.035081,49.993233]}},{"type":"Feature","properties":{"t":"vec","sid":"s1485","d":9633},"geometry":{"type":"LineString","coordinates":[[20.124453,49.931392],[20.034756,49.996128]]}},{"type":"Feature","properties":{"t":"gps","sid":"s1485"},"geometry":{"type":"Point","coordinates":[20.124453,49.931392]}},{"type":"Feature","properties":{"t":"sch","sid":"s1485","name":"Dobranowice Wola Dobranowska","imp":0.054,"d":9633},"geometry":{"type":"Point","coordinates":[20.034756,49.996128]}},{"type":"Feature","properties":{"t":"vec","sid":"s1486","d":7119},"geometry":{"type":"LineString","coordinates":[[20.036546,49.924648],[20.008597,49.986111]]}},{"type":"Feature","properties":{"t":"gps","sid":"s1486"},"geometry":{"type":"Point","coordinates":[20.036546,49.924648]}},{"type":"Feature","properties":{"t":"sch","sid":"s1486","name":"Gorzkow Czarnociny Dolne","imp":0.054,"d":7119},"geometry":{"type":"Point","coordinates":[20.008597,49.986111]}},{"type":"Feature","properties":{"t":"vec","sid":"s1487","d":7197},"geometry":{"type":"LineString","coordinates":[[20.037077,49.924472],[20.005851,49.986013]]}},{"type":"Feature","properties":{"t":"gps","sid":"s1487"},"geometry":{"type":"Point","coordinates":[20.037077,49.924472]}},{"type":"Feature","properties":{"t":"sch","sid":"s1487","name":"Gorzkow Czarnociny Dolne","imp":0.054,"d":7197},"geometry":{"type":"Point","coordinates":[20.005851,49.986013]}},{"type":"Feature","properties":{"t":"vec","sid":"s1488","d":7244},"geometry":{"type":"LineString","coordinates":[[20.038581,49.923053],[20.008597,49.985294]]}},{"type":"Feature","properties":{"t":"gps","sid":"s1488"},"geometry":{"type":"Point","coordinates":[20.038581,49.923053]}},{"type":"Feature","properties":{"t":"sch","sid":"s1488","name":"Gorzków Czarnociny Dolne I","imp":0.054,"d":7244},"geometry":{"type":"Point","coordinates":[20.008597,49.985294]}},{"type":"Feature","properties":{"t":"vec","sid":"s1489","d":7490},"geometry":{"type":"LineString","coordinates":[[20.044524,49.921186],[20.008597,49.984477]]}},{"type":"Feature","properties":{"t":"gps","sid":"s1489"},"geometry":{"type":"Point","coordinates":[20.044524,49.921186]}},{"type":"Feature","properties":{"t":"sch","sid":"s1489","name":"Gorzków Czarnociny Dolne II","imp":0.054,"d":7490},"geometry":{"type":"Point","coordinates":[20.008597,49.984477]}},{"type":"Feature","properties":{"t":"vec","sid":"s1490","d":7649},"geometry":{"type":"LineString","coordinates":[[20.044362,49.92126],[20.005851,49.985457]]}},{"type":"Feature","properties":{"t":"gps","sid":"s1490"},"geometry":{"type":"Point","coordinates":[20.044362,49.92126]}},{"type":"Feature","properties":{"t":"sch","sid":"s1490","name":"Gorzków Czarnociny Dolne II","imp":0.054,"d":7649},"geometry":{"type":"Point","coordinates":[20.005851,49.985457]}},{"type":"Feature","properties":{"t":"vec","sid":"s1491","d":8057},"geometry":{"type":"LineString","coordinates":[[20.0521,49.918806],[20.005851,49.984901]]}},{"type":"Feature","properties":{"t":"gps","sid":"s1491"},"geometry":{"type":"Point","coordinates":[20.0521,49.918806]}},{"type":"Feature","properties":{"t":"sch","sid":"s1491","name":"Gorzków Czarnociny Dolne III","imp":0.054,"d":8057},"geometry":{"type":"Point","coordinates":[20.005851,49.984901]}},{"type":"Feature","properties":{"t":"vec","sid":"s1492","d":7853},"geometry":{"type":"LineString","coordinates":[[20.052004,49.918759],[20.008597,49.983661]]}},{"type":"Feature","properties":{"t":"gps","sid":"s1492"},"geometry":{"type":"Point","coordinates":[20.052004,49.918759]}},{"type":"Feature","properties":{"t":"sch","sid":"s1492","name":"Gorzków Czarnociny Dolne III","imp":0.054,"d":7853},"geometry":{"type":"Point","coordinates":[20.008597,49.983661]}},{"type":"Feature","properties":{"t":"vec","sid":"s1493","d":6972},"geometry":{"type":"LineString","coordinates":[[20.028443,49.925532],[20.008597,49.986928]]}},{"type":"Feature","properties":{"t":"gps","sid":"s1493"},"geometry":{"type":"Point","coordinates":[20.028443,49.925532]}},{"type":"Feature","properties":{"t":"sch","sid":"s1493","name":"Gorzków OSP","imp":0.054,"d":6972},"geometry":{"type":"Point","coordinates":[20.008597,49.986928]}},{"type":"Feature","properties":{"t":"vec","sid":"s1494","d":6998},"geometry":{"type":"LineString","coordinates":[[20.029382,49.925473],[20.005851,49.986569]]}},{"type":"Feature","properties":{"t":"gps","sid":"s1494"},"geometry":{"type":"Point","coordinates":[20.029382,49.925473]}},{"type":"Feature","properties":{"t":"sch","sid":"s1494","name":"Gorzków OSP","imp":0.054,"d":6998},"geometry":{"type":"Point","coordinates":[20.005851,49.986569]}},{"type":"Feature","properties":{"t":"vec","sid":"s1495","d":6721},"geometry":{"type":"LineString","coordinates":[[20.024374,49.927863],[20.005851,49.987124]]}},{"type":"Feature","properties":{"t":"gps","sid":"s1495"},"geometry":{"type":"Point","coordinates":[20.024374,49.927863]}},{"type":"Feature","properties":{"t":"sch","sid":"s1495","name":"Gorzków Pod Pasiekami","imp":0.054,"d":6721},"geometry":{"type":"Point","coordinates":[20.005851,49.987124]}},{"type":"Feature","properties":{"t":"vec","sid":"s1496","d":6759},"geometry":{"type":"LineString","coordinates":[[20.025195,49.927829],[20.008124,49.987619]]}},{"type":"Feature","properties":{"t":"gps","sid":"s1496"},"geometry":{"type":"Point","coordinates":[20.025195,49.927829]}},{"type":"Feature","properties":{"t":"sch","sid":"s1496","name":"Gorzków Pod Pasiekami","imp":0.054,"d":6759},"geometry":{"type":"Point","coordinates":[20.008124,49.987619]}},{"type":"Feature","properties":{"t":"vec","sid":"s1497","d":5477},"geometry":{"type":"LineString","coordinates":[[20.13325,50.034781],[20.05685,50.039435]]}},{"type":"Feature","properties":{"t":"gps","sid":"s1497"},"geometry":{"type":"Point","coordinates":[20.13325,50.034781]}},{"type":"Feature","properties":{"t":"sch","sid":"s1497","name":"Grabie Gruczyn","imp":0.054,"d":5477},"geometry":{"type":"Point","coordinates":[20.05685,50.039435]}},{"type":"Feature","properties":{"t":"vec","sid":"s1498","d":5290},"geometry":{"type":"LineString","coordinates":[[20.133444,50.035126],[20.059975,50.041441]]}},{"type":"Feature","properties":{"t":"gps","sid":"s1498"},"geometry":{"type":"Point","coordinates":[20.133444,50.035126]}},{"type":"Feature","properties":{"t":"sch","sid":"s1498","name":"Grabie Gruczyn","imp":0.054,"d":5290},"geometry":{"type":"Point","coordinates":[20.059975,50.041441]}},{"type":"Feature","properties":{"t":"vec","sid":"s1499","d":5469},"geometry":{"type":"LineString","coordinates":[[20.13266,50.039157],[20.05666,50.045483]]}},{"type":"Feature","properties":{"t":"gps","sid":"s1499"},"geometry":{"type":"Point","coordinates":[20.13266,50.039157]}},{"type":"Feature","properties":{"t":"sch","sid":"s1499","name":"Grabie Skrzyżowanie","imp":0.054,"d":5469},"geometry":{"type":"Point","coordinates":[20.05666,50.045483]}},{"type":"Feature","properties":{"t":"vec","sid":"s1500","d":5148},"geometry":{"type":"LineString","coordinates":[[20.132725,50.038802],[20.060757,50.041943]]}},{"type":"Feature","properties":{"t":"gps","sid":"s1500"},"geometry":{"type":"Point","coordinates":[20.132725,50.038802]}},{"type":"Feature","properties":{"t":"sch","sid":"s1500","name":"Grabie Skrzyżowanie","imp":0.054,"d":5148},"geometry":{"type":"Point","coordinates":[20.060757,50.041943]}},{"type":"Feature","properties":{"t":"vec","sid":"s1501","d":2821},"geometry":{"type":"LineString","coordinates":[[20.016065,49.975189],[19.998416,49.997891]]}},{"type":"Feature","properties":{"t":"gps","sid":"s1501"},"geometry":{"type":"Point","coordinates":[20.016065,49.975189]}},{"type":"Feature","properties":{"t":"sch","sid":"s1501","name":"Grabówki Babiny","imp":0.054,"d":2821},"geometry":{"type":"Point","coordinates":[19.998416,49.997891]}},{"type":"Feature","properties":{"t":"vec","sid":"s1502","d":2931},"geometry":{"type":"LineString","coordinates":[[20.015936,49.975227],[19.994698,49.997784]]}},{"type":"Feature","properties":{"t":"gps","sid":"s1502"},"geometry":{"type":"Point","coordinates":[20.015936,49.975227]}},{"type":"Feature","properties":{"t":"sch","sid":"s1502","name":"Grabówki Babiny","imp":0.054,"d":2931},"geometry":{"type":"Point","coordinates":[19.994698,49.997784]}},{"type":"Feature","properties":{"t":"vec","sid":"s1503","d":2734},"geometry":{"type":"LineString","coordinates":[[19.995787,49.973798],[19.97976,49.996128]]}},{"type":"Feature","properties":{"t":"gps","sid":"s1503"},"geometry":{"type":"Point","coordinates":[19.995787,49.973798]}},{"type":"Feature","properties":{"t":"sch","sid":"s1503","name":"Grabówki Granica","imp":0.054,"d":2734},"geometry":{"type":"Point","coordinates":[19.97976,49.996128]}},{"type":"Feature","properties":{"t":"vec","sid":"s1504","d":3327},"geometry":{"type":"LineString","coordinates":[[20.022234,49.974582],[19.998901,50.000482]]}},{"type":"Feature","properties":{"t":"gps","sid":"s1504"},"geometry":{"type":"Point","coordinates":[20.022234,49.974582]}},{"type":"Feature","properties":{"t":"sch","sid":"s1504","name":"Grabówki Kowalówka","imp":0.054,"d":3327},"geometry":{"type":"Point","coordinates":[19.998901,50.000482]}},{"type":"Feature","properties":{"t":"vec","sid":"s1505","d":2843},"geometry":{"type":"LineString","coordinates":[[20.022379,49.974513],[20.006253,49.997891]]}},{"type":"Feature","properties":{"t":"gps","sid":"s1505"},"geometry":{"type":"Point","coordinates":[20.022379,49.974513]}},{"type":"Feature","properties":{"t":"sch","sid":"s1505","name":"Grabówki Kowalówka","imp":0.054,"d":2843},"geometry":{"type":"Point","coordinates":[20.006253,49.997891]}},{"type":"Feature","properties":{"t":"vec","sid":"s1506","d":2839},"geometry":{"type":"LineString","coordinates":[[20.01066,49.974378],[19.989823,49.996128]]}},{"type":"Feature","properties":{"t":"gps","sid":"s1506"},"geometry":{"type":"Point","coordinates":[20.01066,49.974378]}},{"type":"Feature","properties":{"t":"sch","sid":"s1506","name":"Grabówki Krzyżowa","imp":0.054,"d":2839},"geometry":{"type":"Point","coordinates":[19.989823,49.996128]}},{"type":"Feature","properties":{"t":"vec","sid":"s1507","d":3007},"geometry":{"type":"LineString","coordinates":[[20.011284,49.974337],[19.990579,49.997891]]}},{"type":"Feature","properties":{"t":"gps","sid":"s1507"},"geometry":{"type":"Point","coordinates":[20.011284,49.974337]}},{"type":"Feature","properties":{"t":"sch","sid":"s1507","name":"Grabówki Krzyżowa","imp":0.054,"d":3007},"geometry":{"type":"Point","coordinates":[19.990579,49.997891]}},{"type":"Feature","properties":{"t":"vec","sid":"s1508","d":3670},"geometry":{"type":"LineString","coordinates":[[20.02903,49.97468],[20.003104,50.003179]]}},{"type":"Feature","properties":{"t":"gps","sid":"s1508"},"geometry":{"type":"Point","coordinates":[20.02903,49.97468]}},{"type":"Feature","properties":{"t":"sch","sid":"s1508","name":"Grabówki Krzyżówka","imp":0.09,"d":3670},"geometry":{"type":"Point","coordinates":[20.003104,50.003179]}},{"type":"Feature","properties":{"t":"vec","sid":"s1509","d":2748},"geometry":{"type":"LineString","coordinates":[[20.029122,49.975141],[20.01409,49.997891]]}},{"type":"Feature","properties":{"t":"gps","sid":"s1509"},"geometry":{"type":"Point","coordinates":[20.029122,49.975141]}},{"type":"Feature","properties":{"t":"sch","sid":"s1509","name":"Grabówki Krzyżówka","imp":0.09,"d":2748},"geometry":{"type":"Point","coordinates":[20.01409,49.997891]}},{"type":"Feature","properties":{"t":"vec","sid":"s1510","d":2696},"geometry":{"type":"LineString","coordinates":[[20.028819,49.978846],[20.011344,50.000342]]}},{"type":"Feature","properties":{"t":"gps","sid":"s1510"},"geometry":{"type":"Point","coordinates":[20.028819,49.978846]}},{"type":"Feature","properties":{"t":"sch","sid":"s1510","name":"Grabówki Żłobek","imp":0.07,"d":2696},"geometry":{"type":"Point","coordinates":[20.011344,50.000342]}},{"type":"Feature","properties":{"t":"vec","sid":"s1511","d":3150},"geometry":{"type":"LineString","coordinates":[[20.028683,49.979075],[20.006387,50.003523]]}},{"type":"Feature","properties":{"t":"gps","sid":"s1511"},"geometry":{"type":"Point","coordinates":[20.028683,49.979075]}},{"type":"Feature","properties":{"t":"sch","sid":"s1511","name":"Grabówki Żłobek","imp":0.07,"d":3150},"geometry":{"type":"Point","coordinates":[20.006387,50.003523]}},{"type":"Feature","properties":{"t":"vec","sid":"s1512","d":9268},"geometry":{"type":"LineString","coordinates":[[20.109703,49.928823],[20.031648,49.995436]]}},{"type":"Feature","properties":{"t":"gps","sid":"s1512"},"geometry":{"type":"Point","coordinates":[20.109703,49.928823]}},{"type":"Feature","properties":{"t":"sch","sid":"s1512","name":"Grajów Boisko","imp":0.054,"d":9268},"geometry":{"type":"Point","coordinates":[20.031648,49.995436]}},{"type":"Feature","properties":{"t":"vec","sid":"s1513","d":9473},"geometry":{"type":"LineString","coordinates":[[20.109575,49.928842],[20.031102,49.997549]]}},{"type":"Feature","properties":{"t":"gps","sid":"s1513"},"geometry":{"type":"Point","coordinates":[20.109575,49.928842]}},{"type":"Feature","properties":{"t":"sch","sid":"s1513","name":"Grajów Boisko","imp":0.054,"d":9473},"geometry":{"type":"Point","coordinates":[20.031102,49.997549]}},{"type":"Feature","properties":{"t":"vec","sid":"s1514","d":10012},"geometry":{"type":"LineString","coordinates":[[20.115022,49.924883],[20.031564,49.997253]]}},{"type":"Feature","properties":{"t":"gps","sid":"s1514"},"geometry":{"type":"Point","coordinates":[20.115022,49.924883]}},{"type":"Feature","properties":{"t":"sch","sid":"s1514","name":"Grajów Dębówka","imp":0.054,"d":10012},"geometry":{"type":"Point","coordinates":[20.031564,49.997253]}},{"type":"Feature","properties":{"t":"vec","sid":"s1515","d":9856},"geometry":{"type":"LineString","coordinates":[[20.115722,49.924562],[20.032138,49.995121]]}},{"type":"Feature","properties":{"t":"gps","sid":"s1515"},"geometry":{"type":"Point","coordinates":[20.115722,49.924562]}},{"type":"Feature","properties":{"t":"sch","sid":"s1515","name":"Grajów Dębówka","imp":0.054,"d":9856},"geometry":{"type":"Point","coordinates":[20.032138,49.995121]}},{"type":"Feature","properties":{"t":"vec","sid":"s1516","d":8819},"geometry":{"type":"LineString","coordinates":[[20.108142,49.933714],[20.031157,49.995751]]}},{"type":"Feature","properties":{"t":"gps","sid":"s1516"},"geometry":{"type":"Point","coordinates":[20.108142,49.933714]}},{"type":"Feature","properties":{"t":"sch","sid":"s1516","name":"Grajów Katy","imp":0.054,"d":8819},"geometry":{"type":"Point","coordinates":[20.031157,49.995751]}},{"type":"Feature","properties":{"t":"vec","sid":"s1517","d":9026},"geometry":{"type":"LineString","coordinates":[[20.108094,49.933675],[20.03064,49.997845]]}},{"type":"Feature","properties":{"t":"gps","sid":"s1517"},"geometry":{"type":"Point","coordinates":[20.108094,49.933675]}},{"type":"Feature","properties":{"t":"sch","sid":"s1517","name":"Grajów Katy","imp":0.054,"d":9026},"geometry":{"type":"Point","coordinates":[20.03064,49.997845]}},{"type":"Feature","properties":{"t":"vec","sid":"s1518","d":8414},"geometry":{"type":"LineString","coordinates":[[20.104095,49.936862],[20.030667,49.996065]]}},{"type":"Feature","properties":{"t":"gps","sid":"s1518"},"geometry":{"type":"Point","coordinates":[20.104095,49.936862]}},{"type":"Feature","properties":{"t":"sch","sid":"s1518","name":"Grajów Podlas","imp":0.054,"d":8414},"geometry":{"type":"Point","coordinates":[20.030667,49.996065]}},{"type":"Feature","properties":{"t":"vec","sid":"s1519","d":8619},"geometry":{"type":"LineString","coordinates":[[20.104052,49.93682],[20.030179,49.998141]]}},{"type":"Feature","properties":{"t":"gps","sid":"s1519"},"geometry":{"type":"Point","coordinates":[20.104052,49.93682]}},{"type":"Feature","properties":{"t":"sch","sid":"s1519","name":"Grajów Podlas","imp":0.054,"d":8619},"geometry":{"type":"Point","coordinates":[20.030179,49.998141]}},{"type":"Feature","properties":{"t":"vec","sid":"s1520","d":7676},"geometry":{"type":"LineString","coordinates":[[20.092897,49.943594],[20.028793,49.99903]]}},{"type":"Feature","properties":{"t":"gps","sid":"s1520"},"geometry":{"type":"Point","coordinates":[20.092897,49.943594]}},{"type":"Feature","properties":{"t":"sch","sid":"s1520","name":"Grajów Przymiarki","imp":0.054,"d":7676},"geometry":{"type":"Point","coordinates":[20.028793,49.99903]}},{"type":"Feature","properties":{"t":"vec","sid":"s1521","d":7485},"geometry":{"type":"LineString","coordinates":[[20.09299,49.943577],[20.029196,49.99701]]}},{"type":"Feature","properties":{"t":"gps","sid":"s1521"},"geometry":{"type":"Point","coordinates":[20.09299,49.943577]}},{"type":"Feature","properties":{"t":"sch","sid":"s1521","name":"Grajów Przymiarki","imp":0.054,"d":7485},"geometry":{"type":"Point","coordinates":[20.029196,49.99701]}},{"type":"Feature","properties":{"t":"vec","sid":"s1522","d":7984},"geometry":{"type":"LineString","coordinates":[[20.098162,49.939917],[20.029686,49.996695]]}},{"type":"Feature","properties":{"t":"gps","sid":"s1522"},"geometry":{"type":"Point","coordinates":[20.098162,49.939917]}},{"type":"Feature","properties":{"t":"sch","sid":"s1522","name":"Grajów Sklep","imp":0.054,"d":7984},"geometry":{"type":"Point","coordinates":[20.029686,49.996695]}},{"type":"Feature","properties":{"t":"vec","sid":"s1523","d":8180},"geometry":{"type":"LineString","coordinates":[[20.098041,49.939893],[20.029255,49.998734]]}},{"type":"Feature","properties":{"t":"gps","sid":"s1523"},"geometry":{"type":"Point","coordinates":[20.098041,49.939893]}},{"type":"Feature","properties":{"t":"sch","sid":"s1523","name":"Grajów Sklep","imp":0.054,"d":8180},"geometry":{"type":"Point","coordinates":[20.029255,49.998734]}},{"type":"Feature","properties":{"t":"vec","sid":"s1524","d":8289},"geometry":{"type":"LineString","coordinates":[[20.10233,49.937961],[20.030176,49.99638]]}},{"type":"Feature","properties":{"t":"gps","sid":"s1524"},"geometry":{"type":"Point","coordinates":[20.10233,49.937961]}},{"type":"Feature","properties":{"t":"sch","sid":"s1524","name":"Grajów Szkoła","imp":0.054,"d":8289},"geometry":{"type":"Point","coordinates":[20.030176,49.99638]}},{"type":"Feature","properties":{"t":"vec","sid":"s1525","d":8496},"geometry":{"type":"LineString","coordinates":[[20.102341,49.937891],[20.029717,49.998438]]}},{"type":"Feature","properties":{"t":"gps","sid":"s1525"},"geometry":{"type":"Point","coordinates":[20.102341,49.937891]}},{"type":"Feature","properties":{"t":"sch","sid":"s1525","name":"Grajów Szkoła","imp":0.054,"d":8496},"geometry":{"type":"Point","coordinates":[20.029717,49.998438]}},{"type":"Feature","properties":{"t":"vec","sid":"s1526","d":10262},"geometry":{"type":"LineString","coordinates":[[20.117146,49.922569],[20.032025,49.996956]]}},{"type":"Feature","properties":{"t":"gps","sid":"s1526"},"geometry":{"type":"Point","coordinates":[20.117146,49.922569]}},{"type":"Feature","properties":{"t":"sch","sid":"s1526","name":"Grajów Żakowa","imp":0.054,"d":10262},"geometry":{"type":"Point","coordinates":[20.032025,49.996956]}},{"type":"Feature","properties":{"t":"vec","sid":"s1527","d":10045},"geometry":{"type":"LineString","coordinates":[[20.117216,49.922607],[20.032629,49.994806]]}},{"type":"Feature","properties":{"t":"gps","sid":"s1527"},"geometry":{"type":"Point","coordinates":[20.117216,49.922607]}},{"type":"Feature","properties":{"t":"sch","sid":"s1527","name":"Grajów Żakowa","imp":0.054,"d":10045},"geometry":{"type":"Point","coordinates":[20.032629,49.994806]}},{"type":"Feature","properties":{"t":"vec","sid":"s1528","d":10942},"geometry":{"type":"LineString","coordinates":[[20.135037,49.919785],[20.0341,49.993862]]}},{"type":"Feature","properties":{"t":"gps","sid":"s1528"},"geometry":{"type":"Point","coordinates":[20.135037,49.919785]}},{"type":"Feature","properties":{"t":"sch","sid":"s1528","name":"Hucisko Centrum","imp":0.054,"d":10942},"geometry":{"type":"Point","coordinates":[20.0341,49.993862]}},{"type":"Feature","properties":{"t":"vec","sid":"s1529","d":11148},"geometry":{"type":"LineString","coordinates":[[20.135061,49.919982],[20.03345,49.996128]]}},{"type":"Feature","properties":{"t":"gps","sid":"s1529"},"geometry":{"type":"Point","coordinates":[20.135061,49.919982]}},{"type":"Feature","properties":{"t":"sch","sid":"s1529","name":"Hucisko Centrum","imp":0.054,"d":11148},"geometry":{"type":"Point","coordinates":[20.03345,49.996128]}},{"type":"Feature","properties":{"t":"vec","sid":"s1530","d":11017},"geometry":{"type":"LineString","coordinates":[[20.126354,49.914972],[20.03361,49.994177]]}},{"type":"Feature","properties":{"t":"gps","sid":"s1530"},"geometry":{"type":"Point","coordinates":[20.126354,49.914972]}},{"type":"Feature","properties":{"t":"sch","sid":"s1530","name":"Hucisko Las","imp":0.054,"d":11017},"geometry":{"type":"Point","coordinates":[20.03361,49.994177]}},{"type":"Feature","properties":{"t":"vec","sid":"s1531","d":11236},"geometry":{"type":"LineString","coordinates":[[20.126298,49.914996],[20.032949,49.996364]]}},{"type":"Feature","properties":{"t":"gps","sid":"s1531"},"geometry":{"type":"Point","coordinates":[20.126298,49.914996]}},{"type":"Feature","properties":{"t":"sch","sid":"s1531","name":"Hucisko Las","imp":0.054,"d":11236},"geometry":{"type":"Point","coordinates":[20.032949,49.996364]}},{"type":"Feature","properties":{"t":"vec","sid":"s1532","d":10413},"geometry":{"type":"LineString","coordinates":[[20.129474,49.925249],[20.034103,49.996128]]}},{"type":"Feature","properties":{"t":"gps","sid":"s1532"},"geometry":{"type":"Point","coordinates":[20.129474,49.925249]}},{"type":"Feature","properties":{"t":"sch","sid":"s1532","name":"Hucisko Pasternik","imp":0.054,"d":10413},"geometry":{"type":"Point","coordinates":[20.034103,49.996128]}},{"type":"Feature","properties":{"t":"vec","sid":"s1533","d":10192},"geometry":{"type":"LineString","coordinates":[[20.129538,49.925083],[20.03459,49.993547]]}},{"type":"Feature","properties":{"t":"gps","sid":"s1533"},"geometry":{"type":"Point","coordinates":[20.129538,49.925083]}},{"type":"Feature","properties":{"t":"sch","sid":"s1533","name":"Hucisko Pasternik","imp":0.054,"d":10192},"geometry":{"type":"Point","coordinates":[20.03459,49.993547]}},{"type":"Feature","properties":{"t":"vec","sid":"s1534","d":10548},"geometry":{"type":"LineString","coordinates":[[20.118901,49.919703],[20.032487,49.99666]]}},{"type":"Feature","properties":{"t":"gps","sid":"s1534"},"geometry":{"type":"Point","coordinates":[20.118901,49.919703]}},{"type":"Feature","properties":{"t":"sch","sid":"s1534","name":"Hucisko Skrzyżowanie","imp":0.054,"d":10548},"geometry":{"type":"Point","coordinates":[20.032487,49.99666]}},{"type":"Feature","properties":{"t":"vec","sid":"s1535","d":10327},"geometry":{"type":"LineString","coordinates":[[20.118957,49.919725],[20.033119,49.994492]]}},{"type":"Feature","properties":{"t":"gps","sid":"s1535"},"geometry":{"type":"Point","coordinates":[20.118957,49.919725]}},{"type":"Feature","properties":{"t":"sch","sid":"s1535","name":"Hucisko Skrzyżowanie","imp":0.054,"d":10327},"geometry":{"type":"Point","coordinates":[20.033119,49.994492]}},{"type":"Feature","properties":{"t":"vec","sid":"s1536","d":7984},"geometry":{"type":"LineString","coordinates":[[20.059667,49.918964],[20.008597,49.982844]]}},{"type":"Feature","properties":{"t":"gps","sid":"s1536"},"geometry":{"type":"Point","coordinates":[20.059667,49.918964]}},{"type":"Feature","properties":{"t":"sch","sid":"s1536","name":"Jankówka Pogwizdów","imp":0.054,"d":7984},"geometry":{"type":"Point","coordinates":[20.008597,49.982844]}},{"type":"Feature","properties":{"t":"vec","sid":"s1537","d":8220},"geometry":{"type":"LineString","coordinates":[[20.059559,49.918954],[20.005851,49.984345]]}},{"type":"Feature","properties":{"t":"gps","sid":"s1537"},"geometry":{"type":"Point","coordinates":[20.059559,49.918954]}},{"type":"Feature","properties":{"t":"sch","sid":"s1537","name":"Jankówka Pogwizdów","imp":0.054,"d":8220},"geometry":{"type":"Point","coordinates":[20.005851,49.984345]}},{"type":"Feature","properties":{"t":"vec","sid":"s1538","d":7736},"geometry":{"type":"LineString","coordinates":[[20.062145,49.924337],[20.005851,49.98379]]}},{"type":"Feature","properties":{"t":"gps","sid":"s1538"},"geometry":{"type":"Point","coordinates":[20.062145,49.924337]}},{"type":"Feature","properties":{"t":"sch","sid":"s1538","name":"Jankówka Skrzyżowanie","imp":0.059,"d":7736},"geometry":{"type":"Point","coordinates":[20.005851,49.98379]}},{"type":"Feature","properties":{"t":"vec","sid":"s1539","d":7469},"geometry":{"type":"LineString","coordinates":[[20.062255,49.92436],[20.008597,49.982027]]}},{"type":"Feature","properties":{"t":"gps","sid":"s1539"},"geometry":{"type":"Point","coordinates":[20.062255,49.92436]}},{"type":"Feature","properties":{"t":"sch","sid":"s1539","name":"Jankówka Skrzyżowanie","imp":0.059,"d":7469},"geometry":{"type":"Point","coordinates":[20.008597,49.982027]}},{"type":"Feature","properties":{"t":"vec","sid":"s1540","d":4190},"geometry":{"type":"LineString","coordinates":[[20.01209,49.947833],[19.990818,49.982955]]}},{"type":"Feature","properties":{"t":"gps","sid":"s1540"},"geometry":{"type":"Point","coordinates":[20.01209,49.947833]}},{"type":"Feature","properties":{"t":"sch","sid":"s1540","name":"Janowice Bałówka I","imp":0.054,"d":4190},"geometry":{"type":"Point","coordinates":[19.990818,49.982955]}},{"type":"Feature","properties":{"t":"vec","sid":"s1541","d":4190},"geometry":{"type":"LineString","coordinates":[[20.015767,49.949956],[19.99389,49.984927]]}},{"type":"Feature","properties":{"t":"gps","sid":"s1541"},"geometry":{"type":"Point","coordinates":[20.015767,49.949956]}},{"type":"Feature","properties":{"t":"sch","sid":"s1541","name":"Janowice Bałówka II","imp":0.054,"d":4190},"geometry":{"type":"Point","coordinates":[19.99389,49.984927]}},{"type":"Feature","properties":{"t":"vec","sid":"s1542","d":3813},"geometry":{"type":"LineString","coordinates":[[20.021212,49.958639],[19.998577,49.989697]]}},{"type":"Feature","properties":{"t":"gps","sid":"s1542"},"geometry":{"type":"Point","coordinates":[20.021212,49.958639]}},{"type":"Feature","properties":{"t":"sch","sid":"s1542","name":"Janowice Dwór","imp":0.054,"d":3813},"geometry":{"type":"Point","coordinates":[19.998577,49.989697]}},{"type":"Feature","properties":{"t":"vec","sid":"s1543","d":5062},"geometry":{"type":"LineString","coordinates":[[20.005905,49.944043],[19.983879,49.987315]]}},{"type":"Feature","properties":{"t":"gps","sid":"s1543"},"geometry":{"type":"Point","coordinates":[20.005905,49.944043]}},{"type":"Feature","properties":{"t":"sch","sid":"s1543","name":"Janowice Granica","imp":0.054,"d":5062},"geometry":{"type":"Point","coordinates":[19.983879,49.987315]}},{"type":"Feature","properties":{"t":"vec","sid":"s1544","d":4439},"geometry":{"type":"LineString","coordinates":[[20.005996,49.943998],[19.987074,49.982027]]}},{"type":"Feature","properties":{"t":"gps","sid":"s1544"},"geometry":{"type":"Point","coordinates":[20.005996,49.943998]}},{"type":"Feature","properties":{"t":"sch","sid":"s1544","name":"Janowice Granica","imp":0.054,"d":4439},"geometry":{"type":"Point","coordinates":[19.987074,49.982027]}},{"type":"Feature","properties":{"t":"vec","sid":"s1545","d":4187},"geometry":{"type":"LineString","coordinates":[[20.021831,49.952792],[19.996961,49.986898]]}},{"type":"Feature","properties":{"t":"gps","sid":"s1545"},"geometry":{"type":"Point","coordinates":[20.021831,49.952792]}},{"type":"Feature","properties":{"t":"sch","sid":"s1545","name":"Janowice Karczma","imp":0.054,"d":4187},"geometry":{"type":"Point","coordinates":[19.996961,49.986898]}},{"type":"Feature","properties":{"t":"vec","sid":"s1546","d":5395},"geometry":{"type":"LineString","coordinates":[[20.00547,49.939213],[19.980162,49.984929]]}},{"type":"Feature","properties":{"t":"gps","sid":"s1546"},"geometry":{"type":"Point","coordinates":[20.00547,49.939213]}},{"type":"Feature","properties":{"t":"sch","sid":"s1546","name":"Janowice Panciawa I","imp":0.054,"d":5395},"geometry":{"type":"Point","coordinates":[19.980162,49.984929]}},{"type":"Feature","properties":{"t":"vec","sid":"s1547","d":5026},"geometry":{"type":"LineString","coordinates":[[20.005671,49.939294],[19.98273,49.982027]]}},{"type":"Feature","properties":{"t":"gps","sid":"s1547"},"geometry":{"type":"Point","coordinates":[20.005671,49.939294]}},{"type":"Feature","properties":{"t":"sch","sid":"s1547","name":"Janowice Panciawa I","imp":0.054,"d":5026},"geometry":{"type":"Point","coordinates":[19.98273,49.982027]}},{"type":"Feature","properties":{"t":"vec","sid":"s1548","d":3811},"geometry":{"type":"LineString","coordinates":[[20.015166,49.957201],[19.995548,49.989078]]}},{"type":"Feature","properties":{"t":"gps","sid":"s1548"},"geometry":{"type":"Point","coordinates":[20.015166,49.957201]}},{"type":"Feature","properties":{"t":"sch","sid":"s1548","name":"Janowice Pod Szkołą","imp":0.054,"d":3811},"geometry":{"type":"Point","coordinates":[19.995548,49.989078]}},{"type":"Feature","properties":{"t":"vec","sid":"s1549","d":4170},"geometry":{"type":"LineString","coordinates":[[20.013114,49.954078],[19.992119,49.989078]]}},{"type":"Feature","properties":{"t":"gps","sid":"s1549"},"geometry":{"type":"Point","coordinates":[20.013114,49.954078]}},{"type":"Feature","properties":{"t":"sch","sid":"s1549","name":"Janowice Szkoła","imp":0.059,"d":4170},"geometry":{"type":"Point","coordinates":[19.992119,49.989078]}},{"type":"Feature","properties":{"t":"vec","sid":"s1550","d":4609},"geometry":{"type":"LineString","coordinates":[[20.013047,49.954043],[19.989372,49.992603]]}},{"type":"Feature","properties":{"t":"gps","sid":"s1550"},"geometry":{"type":"Point","coordinates":[20.013047,49.954043]}},{"type":"Feature","properties":{"t":"sch","sid":"s1550","name":"Janowice Szkoła","imp":0.059,"d":4609},"geometry":{"type":"Point","coordinates":[19.989372,49.992603]}},{"type":"Feature","properties":{"t":"vec","sid":"s1551","d":4679},"geometry":{"type":"LineString","coordinates":[[20.00679,49.949466],[19.987597,49.989701]]}},{"type":"Feature","properties":{"t":"gps","sid":"s1551"},"geometry":{"type":"Point","coordinates":[20.00679,49.949466]}},{"type":"Feature","properties":{"t":"sch","sid":"s1551","name":"Janowice Szwaby","imp":0.054,"d":4679},"geometry":{"type":"Point","coordinates":[19.987597,49.989701]}},{"type":"Feature","properties":{"t":"vec","sid":"s1552","d":4128},"geometry":{"type":"LineString","coordinates":[[20.029787,49.959057],[20.001001,49.991253]]}},{"type":"Feature","properties":{"t":"gps","sid":"s1552"},"geometry":{"type":"Point","coordinates":[20.029787,49.959057]}},{"type":"Feature","properties":{"t":"sch","sid":"s1552","name":"Janowice Wilga","imp":0.054,"d":4128},"geometry":{"type":"Point","coordinates":[20.001001,49.991253]}},{"type":"Feature","properties":{"t":"vec","sid":"s1553","d":3628},"geometry":{"type":"LineString","coordinates":[[20.091625,50.023149],[20.044301,50.035058]]}},{"type":"Feature","properties":{"t":"gps","sid":"s1553"},"geometry":{"type":"Point","coordinates":[20.091625,50.023149]}},{"type":"Feature","properties":{"t":"sch","sid":"s1553","name":"Kokotów Strefa Aktywności Gospodarczej","imp":0.054,"d":3628},"geometry":{"type":"Point","coordinates":[20.044301,50.035058]}},{"type":"Feature","properties":{"t":"vec","sid":"s1554","d":4028},"geometry":{"type":"LineString","coordinates":[[20.091633,50.023505],[20.03921,50.036928]]}},{"type":"Feature","properties":{"t":"gps","sid":"s1554"},"geometry":{"type":"Point","coordinates":[20.091633,50.023505]}},{"type":"Feature","properties":{"t":"sch","sid":"s1554","name":"Kokotów Strefa Aktywności Gospodarczej","imp":0.054,"d":4028},"geometry":{"type":"Point","coordinates":[20.03921,50.036928]}},{"type":"Feature","properties":{"t":"vec","sid":"s1555","d":3617},"geometry":{"type":"LineString","coordinates":[[20.082235,50.019721],[20.036062,50.033144]]}},{"type":"Feature","properties":{"t":"gps","sid":"s1555"},"geometry":{"type":"Point","coordinates":[20.082235,50.019721]}},{"type":"Feature","properties":{"t":"sch","sid":"s1555","name":"Kokotów Wiadukt","imp":0.074,"d":3617},"geometry":{"type":"Point","coordinates":[20.036062,50.033144]}},{"type":"Feature","properties":{"t":"vec","sid":"s1556","d":3360},"geometry":{"type":"LineString","coordinates":[[20.082095,50.019507],[20.038808,50.031382]]}},{"type":"Feature","properties":{"t":"gps","sid":"s1556"},"geometry":{"type":"Point","coordinates":[20.082095,50.019507]}},{"type":"Feature","properties":{"t":"sch","sid":"s1556","name":"Kokotów Wiadukt","imp":0.074,"d":3360},"geometry":{"type":"Point","coordinates":[20.038808,50.031382]}},{"type":"Feature","properties":{"t":"vec","sid":"s1557","d":5724},"geometry":{"type":"LineString","coordinates":[[20.02746,49.942343],[20.005851,49.991915]]}},{"type":"Feature","properties":{"t":"gps","sid":"s1557"},"geometry":{"type":"Point","coordinates":[20.02746,49.942343]}},{"type":"Feature","properties":{"t":"sch","sid":"s1557","name":"Koźmice Wielkie Bugaj","imp":0.054,"d":5724},"geometry":{"type":"Point","coordinates":[20.005851,49.991915]}},{"type":"Feature","properties":{"t":"vec","sid":"s1558","d":5589},"geometry":{"type":"LineString","coordinates":[[20.02623,49.941795],[20.004329,49.990054]]}},{"type":"Feature","properties":{"t":"gps","sid":"s1558"},"geometry":{"type":"Point","coordinates":[20.02623,49.941795]}},{"type":"Feature","properties":{"t":"sch","sid":"s1558","name":"Koźmice Wielkie Bugaj","imp":0.054,"d":5589},"geometry":{"type":"Point","coordinates":[20.004329,49.990054]}},{"type":"Feature","properties":{"t":"vec","sid":"s1559","d":5439},"geometry":{"type":"LineString","coordinates":[[20.037115,49.94812],[20.005851,49.992732]]}},{"type":"Feature","properties":{"t":"gps","sid":"s1559"},"geometry":{"type":"Point","coordinates":[20.037115,49.94812]}},{"type":"Feature","properties":{"t":"sch","sid":"s1559","name":"Koźmice Wielkie Centrum","imp":0.054,"d":5439},"geometry":{"type":"Point","coordinates":[20.005851,49.992732]}},{"type":"Feature","properties":{"t":"vec","sid":"s1560","d":5281},"geometry":{"type":"LineString","coordinates":[[20.037257,49.948116],[20.003717,49.990447]]}},{"type":"Feature","properties":{"t":"gps","sid":"s1560"},"geometry":{"type":"Point","coordinates":[20.037257,49.948116]}},{"type":"Feature","properties":{"t":"sch","sid":"s1560","name":"Koźmice Wielkie Centrum","imp":0.054,"d":5281},"geometry":{"type":"Point","coordinates":[20.003717,49.990447]}},{"type":"Feature","properties":{"t":"vec","sid":"s1561","d":6409},"geometry":{"type":"LineString","coordinates":[[20.006108,49.931831],[20.005851,49.989465]]}},{"type":"Feature","properties":{"t":"gps","sid":"s1561"},"geometry":{"type":"Point","coordinates":[20.006108,49.931831]}},{"type":"Feature","properties":{"t":"sch","sid":"s1561","name":"Koźmice Wielkie Dąbrowy","imp":0.054,"d":6409},"geometry":{"type":"Point","coordinates":[20.005851,49.989465]}},{"type":"Feature","properties":{"t":"vec","sid":"s1562","d":6331},"geometry":{"type":"LineString","coordinates":[[20.006291,49.931855],[20.005851,49.988792]]}},{"type":"Feature","properties":{"t":"gps","sid":"s1562"},"geometry":{"type":"Point","coordinates":[20.006291,49.931855]}},{"type":"Feature","properties":{"t":"sch","sid":"s1562","name":"Koźmice Wielkie Dąbrowy","imp":0.054,"d":6331},"geometry":{"type":"Point","coordinates":[20.005851,49.988792]}},{"type":"Feature","properties":{"t":"vec","sid":"s1563","d":5815},"geometry":{"type":"LineString","coordinates":[[20.020823,49.938369],[20.004941,49.989661]]}},{"type":"Feature","properties":{"t":"gps","sid":"s1563"},"geometry":{"type":"Point","coordinates":[20.020823,49.938369]}},{"type":"Feature","properties":{"t":"sch","sid":"s1563","name":"Koźmice Wielkie Dąbrowy I","imp":0.054,"d":5815},"geometry":{"type":"Point","coordinates":[20.004941,49.989661]}},{"type":"Feature","properties":{"t":"vec","sid":"s1564","d":5972},"geometry":{"type":"LineString","coordinates":[[20.02001,49.938167],[20.005851,49.991098]]}},{"type":"Feature","properties":{"t":"gps","sid":"s1564"},"geometry":{"type":"Point","coordinates":[20.02001,49.938167]}},{"type":"Feature","properties":{"t":"sch","sid":"s1564","name":"Koźmice Wielkie Dąbrowy I","imp":0.054,"d":5972},"geometry":{"type":"Point","coordinates":[20.005851,49.991098]}},{"type":"Feature","properties":{"t":"vec","sid":"s1565","d":6204},"geometry":{"type":"LineString","coordinates":[[20.01346,49.9347],[20.005851,49.990282]]}},{"type":"Feature","properties":{"t":"gps","sid":"s1565"},"geometry":{"type":"Point","coordinates":[20.01346,49.9347]}},{"type":"Feature","properties":{"t":"sch","sid":"s1565","name":"Koźmice Wielkie Dąbrowy II","imp":0.054,"d":6204},"geometry":{"type":"Point","coordinates":[20.005851,49.990282]}},{"type":"Feature","properties":{"t":"vec","sid":"s1566","d":6114},"geometry":{"type":"LineString","coordinates":[[20.012986,49.934488],[20.005554,49.989268]]}},{"type":"Feature","properties":{"t":"gps","sid":"s1566"},"geometry":{"type":"Point","coordinates":[20.012986,49.934488]}},{"type":"Feature","properties":{"t":"sch","sid":"s1566","name":"Koźmice Wielkie Dąbrowy II","imp":0.054,"d":6114},"geometry":{"type":"Point","coordinates":[20.005554,49.989268]}},{"type":"Feature","properties":{"t":"vec","sid":"s1567","d":6455},"geometry":{"type":"LineString","coordinates":[[20.00414,49.930194],[20.005851,49.988236]]}},{"type":"Feature","properties":{"t":"gps","sid":"s1567"},"geometry":{"type":"Point","coordinates":[20.00414,49.930194]}},{"type":"Feature","properties":{"t":"sch","sid":"s1567","name":"Koźmice Wielkie Dąbrowy III","imp":0.054,"d":6455},"geometry":{"type":"Point","coordinates":[20.005851,49.988236]}},{"type":"Feature","properties":{"t":"vec","sid":"s1568","d":3933},"geometry":{"type":"LineString","coordinates":[[20.039631,49.961646],[20.008754,49.990941]]}},{"type":"Feature","properties":{"t":"gps","sid":"s1568"},"geometry":{"type":"Point","coordinates":[20.039631,49.961646]}},{"type":"Feature","properties":{"t":"sch","sid":"s1568","name":"Koźmice Wielkie Kopce","imp":0.07,"d":3933},"geometry":{"type":"Point","coordinates":[20.008754,49.990941]}},{"type":"Feature","properties":{"t":"vec","sid":"s1569","d":4351},"geometry":{"type":"LineString","coordinates":[[20.039598,49.961772],[20.005851,49.994366]]}},{"type":"Feature","properties":{"t":"gps","sid":"s1569"},"geometry":{"type":"Point","coordinates":[20.039598,49.961772]}},{"type":"Feature","properties":{"t":"sch","sid":"s1569","name":"Koźmice Wielkie Kopce","imp":0.09,"d":4351},"geometry":{"type":"Point","coordinates":[20.005851,49.994366]}},{"type":"Feature","properties":{"t":"vec","sid":"s1570","d":4353},"geometry":{"type":"LineString","coordinates":[[20.026799,49.953691],[20.000033,49.988869]]}},{"type":"Feature","properties":{"t":"gps","sid":"s1570"},"geometry":{"type":"Point","coordinates":[20.026799,49.953691]}},{"type":"Feature","properties":{"t":"sch","sid":"s1570","name":"Koźmice Wielkie Podjanowice","imp":0.054,"d":4353},"geometry":{"type":"Point","coordinates":[20.000033,49.988869]}},{"type":"Feature","properties":{"t":"vec","sid":"s1571","d":4743},"geometry":{"type":"LineString","coordinates":[[20.034449,49.955044],[20.005851,49.993549]]}},{"type":"Feature","properties":{"t":"gps","sid":"s1571"},"geometry":{"type":"Point","coordinates":[20.034449,49.955044]}},{"type":"Feature","properties":{"t":"sch","sid":"s1571","name":"Koźmice Wielkie Stara Poczta","imp":0.054,"d":4743},"geometry":{"type":"Point","coordinates":[20.005851,49.993549]}},{"type":"Feature","properties":{"t":"vec","sid":"s1572","d":4543},"geometry":{"type":"LineString","coordinates":[[20.034706,49.955375],[20.003104,49.99084]]}},{"type":"Feature","properties":{"t":"gps","sid":"s1572"},"geometry":{"type":"Point","coordinates":[20.034706,49.955375]}},{"type":"Feature","properties":{"t":"sch","sid":"s1572","name":"Koźmice Wielkie Stara Poczta","imp":0.09,"d":4543},"geometry":{"type":"Point","coordinates":[20.003104,49.99084]}},{"type":"Feature","properties":{"t":"vec","sid":"s1573","d":4699},"geometry":{"type":"LineString","coordinates":[[20.03403,49.955391],[20.003426,49.99281]]}},{"type":"Feature","properties":{"t":"gps","sid":"s1573"},"geometry":{"type":"Point","coordinates":[20.03403,49.955391]}},{"type":"Feature","properties":{"t":"sch","sid":"s1573","name":"Koźmice Wielkie Stara Poczta","imp":0.054,"d":4699},"geometry":{"type":"Point","coordinates":[20.003426,49.99281]}},{"type":"Feature","properties":{"t":"vec","sid":"s1574","d":5118},"geometry":{"type":"LineString","coordinates":[[20.074223,49.969032],[20.030033,50.005286]]}},{"type":"Feature","properties":{"t":"gps","sid":"s1574"},"geometry":{"type":"Point","coordinates":[20.074223,49.969032]}},{"type":"Feature","properties":{"t":"sch","sid":"s1574","name":"Lednica Górna Budzyń","imp":0.054,"d":5118},"geometry":{"type":"Point","coordinates":[20.030033,50.005286]}},{"type":"Feature","properties":{"t":"vec","sid":"s1575","d":4933},"geometry":{"type":"LineString","coordinates":[[20.071573,49.970655],[20.029296,50.005759]]}},{"type":"Feature","properties":{"t":"gps","sid":"s1575"},"geometry":{"type":"Point","coordinates":[20.071573,49.970655]}},{"type":"Feature","properties":{"t":"sch","sid":"s1575","name":"Lednica Górna Granica","imp":0.054,"d":4933},"geometry":{"type":"Point","coordinates":[20.029296,50.005759]}},{"type":"Feature","properties":{"t":"vec","sid":"s1576","d":5315},"geometry":{"type":"LineString","coordinates":[[20.084992,49.970752],[20.032936,50.004942]]}},{"type":"Feature","properties":{"t":"gps","sid":"s1576"},"geometry":{"type":"Point","coordinates":[20.084992,49.970752]}},{"type":"Feature","properties":{"t":"sch","sid":"s1576","name":"Lednica Górna Kocowa","imp":0.054,"d":5315},"geometry":{"type":"Point","coordinates":[20.032936,50.004942]}},{"type":"Feature","properties":{"t":"vec","sid":"s1577","d":4797},"geometry":{"type":"LineString","coordinates":[[20.078394,49.973795],[20.031894,50.004942]]}},{"type":"Feature","properties":{"t":"gps","sid":"s1577"},"geometry":{"type":"Point","coordinates":[20.078394,49.973795]}},{"type":"Feature","properties":{"t":"sch","sid":"s1577","name":"Lednica Górna Skrzyżowanie","imp":0.054,"d":4797},"geometry":{"type":"Point","coordinates":[20.031894,50.004942]}},{"type":"Feature","properties":{"t":"vec","sid":"s1578","d":4782},"geometry":{"type":"LineString","coordinates":[[20.081908,49.974223],[20.03502,50.004942]]}},{"type":"Feature","properties":{"t":"gps","sid":"s1578"},"geometry":{"type":"Point","coordinates":[20.081908,49.974223]}},{"type":"Feature","properties":{"t":"sch","sid":"s1578","name":"Lednica Górna Świetlica","imp":0.054,"d":4782},"geometry":{"type":"Point","coordinates":[20.03502,50.004942]}},{"type":"Feature","properties":{"t":"vec","sid":"s1579","d":4857},"geometry":{"type":"LineString","coordinates":[[20.076688,49.972656],[20.030852,50.004942]]}},{"type":"Feature","properties":{"t":"gps","sid":"s1579"},"geometry":{"type":"Point","coordinates":[20.076688,49.972656]}},{"type":"Feature","properties":{"t":"sch","sid":"s1579","name":"Lednica Górna Wieś","imp":0.054,"d":4857},"geometry":{"type":"Point","coordinates":[20.030852,50.004942]}},{"type":"Feature","properties":{"t":"vec","sid":"s1580","d":5238},"geometry":{"type":"LineString","coordinates":[[20.083383,49.97011],[20.033978,50.004942]]}},{"type":"Feature","properties":{"t":"gps","sid":"s1580"},"geometry":{"type":"Point","coordinates":[20.083383,49.97011]}},{"type":"Feature","properties":{"t":"sch","sid":"s1580","name":"Lednica Górna Winnica","imp":0.054,"d":5238},"geometry":{"type":"Point","coordinates":[20.033978,50.004942]}},{"type":"Feature","properties":{"t":"vec","sid":"s1581","d":5132},"geometry":{"type":"LineString","coordinates":[[20.11232,50.003764],[20.046337,50.022113]]}},{"type":"Feature","properties":{"t":"gps","sid":"s1581"},"geometry":{"type":"Point","coordinates":[20.11232,50.003764]}},{"type":"Feature","properties":{"t":"sch","sid":"s1581","name":"Mała Wieś Leśna","imp":0.054,"d":5132},"geometry":{"type":"Point","coordinates":[20.046337,50.022113]}},{"type":"Feature","properties":{"t":"vec","sid":"s1582","d":5126},"geometry":{"type":"LineString","coordinates":[[20.112438,50.004069],[20.046337,50.022113]]}},{"type":"Feature","properties":{"t":"gps","sid":"s1582"},"geometry":{"type":"Point","coordinates":[20.112438,50.004069]}},{"type":"Feature","properties":{"t":"sch","sid":"s1582","name":"Mała Wieś Leśna","imp":0.054,"d":5126},"geometry":{"type":"Point","coordinates":[20.046337,50.022113]}},{"type":"Feature","properties":{"t":"vec","sid":"s1583","d":4745},"geometry":{"type":"LineString","coordinates":[[20.104215,50.00442],[20.044301,50.022921]]}},{"type":"Feature","properties":{"t":"gps","sid":"s1583"},"geometry":{"type":"Point","coordinates":[20.104215,50.00442]}},{"type":"Feature","properties":{"t":"sch","sid":"s1583","name":"Mała Wieś Miła","imp":0.054,"d":4745},"geometry":{"type":"Point","coordinates":[20.044301,50.022921]}},{"type":"Feature","properties":{"t":"vec","sid":"s1584","d":4761},"geometry":{"type":"LineString","coordinates":[[20.105136,50.005348],[20.044301,50.022921]]}},{"type":"Feature","properties":{"t":"gps","sid":"s1584"},"geometry":{"type":"Point","coordinates":[20.105136,50.005348]}},{"type":"Feature","properties":{"t":"sch","sid":"s1584","name":"Mała Wieś Miła","imp":0.054,"d":4761},"geometry":{"type":"Point","coordinates":[20.044301,50.022921]}},{"type":"Feature","properties":{"t":"vec","sid":"s1585","d":4773},"geometry":{"type":"LineString","coordinates":[[20.103847,50.002313],[20.044301,50.021863]]}},{"type":"Feature","properties":{"t":"gps","sid":"s1585"},"geometry":{"type":"Point","coordinates":[20.103847,50.002313]}},{"type":"Feature","properties":{"t":"sch","sid":"s1585","name":"Mała Wieś Sklep","imp":0.054,"d":4773},"geometry":{"type":"Point","coordinates":[20.044301,50.021863]}},{"type":"Feature","properties":{"t":"vec","sid":"s1586","d":4756},"geometry":{"type":"LineString","coordinates":[[20.103693,50.00246],[20.044301,50.021863]]}},{"type":"Feature","properties":{"t":"gps","sid":"s1586"},"geometry":{"type":"Point","coordinates":[20.103693,50.00246]}},{"type":"Feature","properties":{"t":"sch","sid":"s1586","name":"Mała Wieś Sklep","imp":0.054,"d":4756},"geometry":{"type":"Point","coordinates":[20.044301,50.021863]}},{"type":"Feature","properties":{"t":"vec","sid":"s1587","d":4622},"geometry":{"type":"LineString","coordinates":[[20.104385,50.008465],[20.044301,50.023978]]}},{"type":"Feature","properties":{"t":"gps","sid":"s1587"},"geometry":{"type":"Point","coordinates":[20.104385,50.008465]}},{"type":"Feature","properties":{"t":"sch","sid":"s1587","name":"Mała Wieś Zakątek","imp":0.054,"d":4622},"geometry":{"type":"Point","coordinates":[20.044301,50.023978]}},{"type":"Feature","properties":{"t":"vec","sid":"s1588","d":4596},"geometry":{"type":"LineString","coordinates":[[20.104216,50.00881],[20.044301,50.023978]]}},{"type":"Feature","properties":{"t":"gps","sid":"s1588"},"geometry":{"type":"Point","coordinates":[20.104216,50.00881]}},{"type":"Feature","properties":{"t":"sch","sid":"s1588","name":"Mała Wieś Zakątek","imp":0.054,"d":4596},"geometry":{"type":"Point","coordinates":[20.044301,50.023978]}},{"type":"Feature","properties":{"t":"vec","sid":"s1589","d":7103},"geometry":{"type":"LineString","coordinates":[[20.08139,49.945765],[20.02787,49.999623]]}},{"type":"Feature","properties":{"t":"gps","sid":"s1589"},"geometry":{"type":"Point","coordinates":[20.08139,49.945765]}},{"type":"Feature","properties":{"t":"sch","sid":"s1589","name":"Mietniów Kluczna","imp":0.054,"d":7103},"geometry":{"type":"Point","coordinates":[20.02787,49.999623]}},{"type":"Feature","properties":{"t":"vec","sid":"s1590","d":6890},"geometry":{"type":"LineString","coordinates":[[20.081323,49.945891],[20.028215,49.997639]]}},{"type":"Feature","properties":{"t":"gps","sid":"s1590"},"geometry":{"type":"Point","coordinates":[20.081323,49.945891]}},{"type":"Feature","properties":{"t":"sch","sid":"s1590","name":"Mietniów Kluczna","imp":0.054,"d":6890},"geometry":{"type":"Point","coordinates":[20.028215,49.997639]}},{"type":"Feature","properties":{"t":"vec","sid":"s1591","d":4447},"geometry":{"type":"LineString","coordinates":[[20.062451,49.968868],[20.025561,50.001105]]}},{"type":"Feature","properties":{"t":"gps","sid":"s1591"},"geometry":{"type":"Point","coordinates":[20.062451,49.968868]}},{"type":"Feature","properties":{"t":"sch","sid":"s1591","name":"Mietniów Pawlikowice","imp":0.054,"d":4447},"geometry":{"type":"Point","coordinates":[20.025561,50.001105]}},{"type":"Feature","properties":{"t":"vec","sid":"s1592","d":4861},"geometry":{"type":"LineString","coordinates":[[20.068695,49.966736],[20.026023,50.000808]]}},{"type":"Feature","properties":{"t":"gps","sid":"s1592"},"geometry":{"type":"Point","coordinates":[20.068695,49.966736]}},{"type":"Feature","properties":{"t":"sch","sid":"s1592","name":"Mietniów Pod Aniołem","imp":0.054,"d":4861},"geometry":{"type":"Point","coordinates":[20.026023,50.000808]}},{"type":"Feature","properties":{"t":"vec","sid":"s1593","d":4676},"geometry":{"type":"LineString","coordinates":[[20.068674,49.966853],[20.026253,49.998898]]}},{"type":"Feature","properties":{"t":"gps","sid":"s1593"},"geometry":{"type":"Point","coordinates":[20.068674,49.966853]}},{"type":"Feature","properties":{"t":"sch","sid":"s1593","name":"Mietniów Pod Aniołem","imp":0.054,"d":4676},"geometry":{"type":"Point","coordinates":[20.026253,49.998898]}},{"type":"Feature","properties":{"t":"vec","sid":"s1594","d":5673},"geometry":{"type":"LineString","coordinates":[[20.076114,49.958039],[20.027234,49.998269]]}},{"type":"Feature","properties":{"t":"gps","sid":"s1594"},"geometry":{"type":"Point","coordinates":[20.076114,49.958039]}},{"type":"Feature","properties":{"t":"sch","sid":"s1594","name":"Mietniów Skrzynki","imp":0.054,"d":5673},"geometry":{"type":"Point","coordinates":[20.027234,49.998269]}},{"type":"Feature","properties":{"t":"vec","sid":"s1595","d":5933},"geometry":{"type":"LineString","coordinates":[[20.076082,49.957173],[20.026947,50.000216]]}},{"type":"Feature","properties":{"t":"gps","sid":"s1595"},"geometry":{"type":"Point","coordinates":[20.076082,49.957173]}},{"type":"Feature","properties":{"t":"sch","sid":"s1595","name":"Mietniów Skrzynki","imp":0.054,"d":5933},"geometry":{"type":"Point","coordinates":[20.026947,50.000216]}},{"type":"Feature","properties":{"t":"vec","sid":"s1596","d":6178},"geometry":{"type":"LineString","coordinates":[[20.075621,49.951672],[20.027724,49.997954]]}},{"type":"Feature","properties":{"t":"gps","sid":"s1596"},"geometry":{"type":"Point","coordinates":[20.075621,49.951672]}},{"type":"Feature","properties":{"t":"sch","sid":"s1596","name":"Mietniów Stawy","imp":0.054,"d":6178},"geometry":{"type":"Point","coordinates":[20.027724,49.997954]}},{"type":"Feature","properties":{"t":"vec","sid":"s1597","d":6375},"geometry":{"type":"LineString","coordinates":[[20.07546,49.951589],[20.027408,49.999919]]}},{"type":"Feature","properties":{"t":"gps","sid":"s1597"},"geometry":{"type":"Point","coordinates":[20.07546,49.951589]}},{"type":"Feature","properties":{"t":"sch","sid":"s1597","name":"Mietniów Stawy","imp":0.054,"d":6375},"geometry":{"type":"Point","coordinates":[20.027408,49.999919]}},{"type":"Feature","properties":{"t":"vec","sid":"s1598","d":5563},"geometry":{"type":"LineString","coordinates":[[20.075293,49.961504],[20.026485,50.000512]]}},{"type":"Feature","properties":{"t":"gps","sid":"s1598"},"geometry":{"type":"Point","coordinates":[20.075293,49.961504]}},{"type":"Feature","properties":{"t":"sch","sid":"s1598","name":"Mietniów Szkoła","imp":0.054,"d":5563},"geometry":{"type":"Point","coordinates":[20.026485,50.000512]}},{"type":"Feature","properties":{"t":"vec","sid":"s1599","d":5407},"geometry":{"type":"LineString","coordinates":[[20.07547,49.961342],[20.026743,49.998583]]}},{"type":"Feature","properties":{"t":"gps","sid":"s1599"},"geometry":{"type":"Point","coordinates":[20.07547,49.961342]}},{"type":"Feature","properties":{"t":"sch","sid":"s1599","name":"Mietniów Szkoła","imp":0.054,"d":5407},"geometry":{"type":"Point","coordinates":[20.026743,49.998583]}},{"type":"Feature","properties":{"t":"vec","sid":"s1600","d":5640},"geometry":{"type":"LineString","coordinates":[[20.054962,49.953863],[20.023801,50.000472]]}},{"type":"Feature","properties":{"t":"gps","sid":"s1600"},"geometry":{"type":"Point","coordinates":[20.054962,49.953863]}},{"type":"Feature","properties":{"t":"sch","sid":"s1600","name":"Pawlikowice","imp":0.054,"d":5640},"geometry":{"type":"Point","coordinates":[20.023801,50.000472]}},{"type":"Feature","properties":{"t":"vec","sid":"s1601","d":5881},"geometry":{"type":"LineString","coordinates":[[20.055064,49.953377],[20.023715,50.00229]]}},{"type":"Feature","properties":{"t":"gps","sid":"s1601"},"geometry":{"type":"Point","coordinates":[20.055064,49.953377]}},{"type":"Feature","properties":{"t":"sch","sid":"s1601","name":"Pawlikowice","imp":0.054,"d":5881},"geometry":{"type":"Point","coordinates":[20.023715,50.00229]}},{"type":"Feature","properties":{"t":"vec","sid":"s1602","d":5155},"geometry":{"type":"LineString","coordinates":[[20.066056,49.961259],[20.025272,49.999528]]}},{"type":"Feature","properties":{"t":"gps","sid":"s1602"},"geometry":{"type":"Point","coordinates":[20.066056,49.961259]}},{"type":"Feature","properties":{"t":"sch","sid":"s1602","name":"Pawlikowice Cmentarz","imp":0.054,"d":5155},"geometry":{"type":"Point","coordinates":[20.025272,49.999528]}},{"type":"Feature","properties":{"t":"vec","sid":"s1603","d":5364},"geometry":{"type":"LineString","coordinates":[[20.066211,49.961018],[20.0251,50.001401]]}},{"type":"Feature","properties":{"t":"gps","sid":"s1603"},"geometry":{"type":"Point","coordinates":[20.066211,49.961018]}},{"type":"Feature","properties":{"t":"sch","sid":"s1603","name":"Pawlikowice Cmentarz","imp":0.054,"d":5364},"geometry":{"type":"Point","coordinates":[20.0251,50.001401]}},{"type":"Feature","properties":{"t":"vec","sid":"s1604","d":4257},"geometry":{"type":"LineString","coordinates":[[20.061947,49.968778],[20.025763,49.999213]]}},{"type":"Feature","properties":{"t":"gps","sid":"s1604"},"geometry":{"type":"Point","coordinates":[20.061947,49.968778]}},{"type":"Feature","properties":{"t":"sch","sid":"s1604","name":"Pawlikowice Granica","imp":0.054,"d":4257},"geometry":{"type":"Point","coordinates":[20.025763,49.999213]}},{"type":"Feature","properties":{"t":"vec","sid":"s1605","d":5921},"geometry":{"type":"LineString","coordinates":[[20.063685,49.954711],[20.024638,50.001697]]}},{"type":"Feature","properties":{"t":"gps","sid":"s1605"},"geometry":{"type":"Point","coordinates":[20.063685,49.954711]}},{"type":"Feature","properties":{"t":"sch","sid":"s1605","name":"Pawlikowice Krzyż","imp":0.054,"d":5921},"geometry":{"type":"Point","coordinates":[20.024638,50.001697]}},{"type":"Feature","properties":{"t":"vec","sid":"s1606","d":5714},"geometry":{"type":"LineString","coordinates":[[20.063776,49.954964],[20.024782,49.999843]]}},{"type":"Feature","properties":{"t":"gps","sid":"s1606"},"geometry":{"type":"Point","coordinates":[20.063776,49.954964]}},{"type":"Feature","properties":{"t":"sch","sid":"s1606","name":"Pawlikowice Krzyż","imp":0.054,"d":5714},"geometry":{"type":"Point","coordinates":[20.024782,49.999843]}},{"type":"Feature","properties":{"t":"vec","sid":"s1607","d":4554},"geometry":{"type":"LineString","coordinates":[[20.058406,49.967101],[20.02282,50.001102]]}},{"type":"Feature","properties":{"t":"gps","sid":"s1607"},"geometry":{"type":"Point","coordinates":[20.058406,49.967101]}},{"type":"Feature","properties":{"t":"sch","sid":"s1607","name":"Pawlikowice Rożnowa","imp":0.054,"d":4554},"geometry":{"type":"Point","coordinates":[20.02282,50.001102]}},{"type":"Feature","properties":{"t":"vec","sid":"s1608","d":4801},"geometry":{"type":"LineString","coordinates":[[20.057872,49.966046],[20.022791,50.002883]]}},{"type":"Feature","properties":{"t":"gps","sid":"s1608"},"geometry":{"type":"Point","coordinates":[20.057872,49.966046]}},{"type":"Feature","properties":{"t":"sch","sid":"s1608","name":"Pawlikowice Rożnowa","imp":0.054,"d":4801},"geometry":{"type":"Point","coordinates":[20.022791,50.002883]}},{"type":"Feature","properties":{"t":"vec","sid":"s1609","d":6084},"geometry":{"type":"LineString","coordinates":[[20.057556,49.951649],[20.024176,50.001994]]}},{"type":"Feature","properties":{"t":"gps","sid":"s1609"},"geometry":{"type":"Point","coordinates":[20.057556,49.951649]}},{"type":"Feature","properties":{"t":"sch","sid":"s1609","name":"Pawlikowice Skrzyżowanie","imp":0.054,"d":6084},"geometry":{"type":"Point","coordinates":[20.024176,50.001994]}},{"type":"Feature","properties":{"t":"vec","sid":"s1610","d":5887},"geometry":{"type":"LineString","coordinates":[[20.05747,49.951685],[20.024291,50.000157]]}},{"type":"Feature","properties":{"t":"gps","sid":"s1610"},"geometry":{"type":"Point","coordinates":[20.05747,49.951685]}},{"type":"Feature","properties":{"t":"sch","sid":"s1610","name":"Pawlikowice Skrzyżowanie","imp":0.054,"d":5887},"geometry":{"type":"Point","coordinates":[20.024291,50.000157]}},{"type":"Feature","properties":{"t":"vec","sid":"s1611","d":5327},"geometry":{"type":"LineString","coordinates":[[20.05324,49.958714],[20.023253,50.002586]]}},{"type":"Feature","properties":{"t":"gps","sid":"s1611"},"geometry":{"type":"Point","coordinates":[20.05324,49.958714]}},{"type":"Feature","properties":{"t":"sch","sid":"s1611","name":"Pawlikowice Taszyce","imp":0.054,"d":5327},"geometry":{"type":"Point","coordinates":[20.023253,50.002586]}},{"type":"Feature","properties":{"t":"vec","sid":"s1612","d":5087},"geometry":{"type":"LineString","coordinates":[[20.054168,49.959551],[20.02331,50.000787]]}},{"type":"Feature","properties":{"t":"gps","sid":"s1612"},"geometry":{"type":"Point","coordinates":[20.054168,49.959551]}},{"type":"Feature","properties":{"t":"sch","sid":"s1612","name":"Pawlikowice Taszyce","imp":0.054,"d":5087},"geometry":{"type":"Point","coordinates":[20.02331,50.000787]}},{"type":"Feature","properties":{"t":"vec","sid":"s1613","d":7227},"geometry":{"type":"LineString","coordinates":[[20.081849,49.944153],[20.028332,49.999327]]}},{"type":"Feature","properties":{"t":"gps","sid":"s1613"},"geometry":{"type":"Point","coordinates":[20.081849,49.944153]}},{"type":"Feature","properties":{"t":"sch","sid":"s1613","name":"Raciborsko Krzyżówka","imp":0.054,"d":7227},"geometry":{"type":"Point","coordinates":[20.028332,49.999327]}},{"type":"Feature","properties":{"t":"vec","sid":"s1614","d":7023},"geometry":{"type":"LineString","coordinates":[[20.081945,49.944202],[20.028705,49.997324]]}},{"type":"Feature","properties":{"t":"gps","sid":"s1614"},"geometry":{"type":"Point","coordinates":[20.081945,49.944202]}},{"type":"Feature","properties":{"t":"sch","sid":"s1614","name":"Raciborsko Krzyżówka","imp":0.054,"d":7023},"geometry":{"type":"Point","coordinates":[20.028705,49.997324]}},{"type":"Feature","properties":{"t":"vec","sid":"s1615","d":3755},"geometry":{"type":"LineString","coordinates":[[20.044126,49.972613],[20.012599,49.999654]]}},{"type":"Feature","properties":{"t":"gps","sid":"s1615"},"geometry":{"type":"Point","coordinates":[20.044126,49.972613]}},{"type":"Feature","properties":{"t":"sch","sid":"s1615","name":"Siercza Centrum","imp":0.054,"d":3755},"geometry":{"type":"Point","coordinates":[20.012599,49.999654]}},{"type":"Feature","properties":{"t":"vec","sid":"s1616","d":3302},"geometry":{"type":"LineString","coordinates":[[20.044324,49.972593],[20.018695,49.997321]]}},{"type":"Feature","properties":{"t":"gps","sid":"s1616"},"geometry":{"type":"Point","coordinates":[20.044324,49.972593]}},{"type":"Feature","properties":{"t":"sch","sid":"s1616","name":"Siercza Centrum","imp":0.054,"d":3302},"geometry":{"type":"Point","coordinates":[20.018695,49.997321]}},{"type":"Feature","properties":{"t":"vec","sid":"s1617","d":3815},"geometry":{"type":"LineString","coordinates":[[20.051502,49.973664],[20.016601,49.999654]]}},{"type":"Feature","properties":{"t":"gps","sid":"s1617"},"geometry":{"type":"Point","coordinates":[20.051502,49.973664]}},{"type":"Feature","properties":{"t":"sch","sid":"s1617","name":"Siercza Chalakówka","imp":0.054,"d":3815},"geometry":{"type":"Point","coordinates":[20.016601,49.999654]}},{"type":"Feature","properties":{"t":"vec","sid":"s1618","d":3547},"geometry":{"type":"LineString","coordinates":[[20.051647,49.973624],[20.020554,49.998514]]}},{"type":"Feature","properties":{"t":"gps","sid":"s1618"},"geometry":{"type":"Point","coordinates":[20.051647,49.973624]}},{"type":"Feature","properties":{"t":"sch","sid":"s1618","name":"Siercza Chalakówka","imp":0.054,"d":3547},"geometry":{"type":"Point","coordinates":[20.020554,49.998514]}},{"type":"Feature","properties":{"t":"vec","sid":"s1619","d":4122},"geometry":{"type":"LineString","coordinates":[[20.035995,49.967418],[20.003112,49.997896]]}},{"type":"Feature","properties":{"t":"gps","sid":"s1619"},"geometry":{"type":"Point","coordinates":[20.035995,49.967418]}},{"type":"Feature","properties":{"t":"sch","sid":"s1619","name":"Siercza Kapliczka","imp":0.054,"d":4122},"geometry":{"type":"Point","coordinates":[20.003112,49.997896]}},{"type":"Feature","properties":{"t":"vec","sid":"s1620","d":4510},"geometry":{"type":"LineString","coordinates":[[20.035717,49.96697],[20.002346,50.001416]]}},{"type":"Feature","properties":{"t":"gps","sid":"s1620"},"geometry":{"type":"Point","coordinates":[20.035717,49.96697]}},{"type":"Feature","properties":{"t":"sch","sid":"s1620","name":"Siercza Kapliczka","imp":0.054,"d":4510},"geometry":{"type":"Point","coordinates":[20.002346,50.001416]}},{"type":"Feature","properties":{"t":"vec","sid":"s1621","d":4068},"geometry":{"type":"LineString","coordinates":[[20.049861,49.976172],[20.010428,50.002591]]}},{"type":"Feature","properties":{"t":"gps","sid":"s1621"},"geometry":{"type":"Point","coordinates":[20.049861,49.976172]}},{"type":"Feature","properties":{"t":"sch","sid":"s1621","name":"Siercza Klasno","imp":0.054,"d":4068},"geometry":{"type":"Point","coordinates":[20.010428,50.002591]}},{"type":"Feature","properties":{"t":"vec","sid":"s1622","d":4072},"geometry":{"type":"LineString","coordinates":[[20.049818,49.976086],[20.009286,50.001858]]}},{"type":"Feature","properties":{"t":"gps","sid":"s1622"},"geometry":{"type":"Point","coordinates":[20.049818,49.976086]}},{"type":"Feature","properties":{"t":"sch","sid":"s1622","name":"Siercza Klasno","imp":0.054,"d":4072},"geometry":{"type":"Point","coordinates":[20.009286,50.001858]}},{"type":"Feature","properties":{"t":"vec","sid":"s1623","d":3876},"geometry":{"type":"LineString","coordinates":[[20.044727,49.97547],[20.009513,50.002004]]}},{"type":"Feature","properties":{"t":"gps","sid":"s1623"},"geometry":{"type":"Point","coordinates":[20.044727,49.97547]}},{"type":"Feature","properties":{"t":"sch","sid":"s1623","name":"Siercza Przetakówka","imp":0.054,"d":3876},"geometry":{"type":"Point","coordinates":[20.009513,50.002004]}},{"type":"Feature","properties":{"t":"vec","sid":"s1624","d":3856},"geometry":{"type":"LineString","coordinates":[[20.044429,49.975382],[20.007228,50.000537]]}},{"type":"Feature","properties":{"t":"gps","sid":"s1624"},"geometry":{"type":"Point","coordinates":[20.044429,49.975382]}},{"type":"Feature","properties":{"t":"sch","sid":"s1624","name":"Siercza Przetakówka","imp":0.054,"d":3856},"geometry":{"type":"Point","coordinates":[20.007228,50.000537]}},{"type":"Feature","properties":{"t":"vec","sid":"s1625","d":4458},"geometry":{"type":"LineString","coordinates":[[20.041835,49.964607],[20.005851,49.997375]]}},{"type":"Feature","properties":{"t":"gps","sid":"s1625"},"geometry":{"type":"Point","coordinates":[20.041835,49.964607]}},{"type":"Feature","properties":{"t":"sch","sid":"s1625","name":"Siercza Sklep","imp":0.07,"d":4458},"geometry":{"type":"Point","coordinates":[20.005851,49.997375]}},{"type":"Feature","properties":{"t":"vec","sid":"s1626","d":3799},"geometry":{"type":"LineString","coordinates":[[20.042248,49.965072],[20.012795,49.993535]]}},{"type":"Feature","properties":{"t":"gps","sid":"s1626"},"geometry":{"type":"Point","coordinates":[20.042248,49.965072]}},{"type":"Feature","properties":{"t":"sch","sid":"s1626","name":"Siercza Sklep","imp":0.07,"d":3799},"geometry":{"type":"Point","coordinates":[20.012795,49.993535]}},{"type":"Feature","properties":{"t":"vec","sid":"s1627","d":3398},"geometry":{"type":"LineString","coordinates":[[20.042863,49.970535],[20.016837,49.996128]]}},{"type":"Feature","properties":{"t":"gps","sid":"s1627"},"geometry":{"type":"Point","coordinates":[20.042863,49.970535]}},{"type":"Feature","properties":{"t":"sch","sid":"s1627","name":"Siercza Sosna","imp":0.09,"d":3398},"geometry":{"type":"Point","coordinates":[20.016837,49.996128]}},{"type":"Feature","properties":{"t":"vec","sid":"s1628","d":4121},"geometry":{"type":"LineString","coordinates":[[20.042667,49.969735],[20.008597,49.999654]]}},{"type":"Feature","properties":{"t":"gps","sid":"s1628"},"geometry":{"type":"Point","coordinates":[20.042667,49.969735]}},{"type":"Feature","properties":{"t":"sch","sid":"s1628","name":"Siercza Sosna","imp":0.09,"d":4121},"geometry":{"type":"Point","coordinates":[20.008597,49.999654]}},{"type":"Feature","properties":{"t":"vec","sid":"s1629","d":3980},"geometry":{"type":"LineString","coordinates":[[20.042678,49.973084],[20.008597,50.001416]]}},{"type":"Feature","properties":{"t":"gps","sid":"s1629"},"geometry":{"type":"Point","coordinates":[20.042678,49.973084]}},{"type":"Feature","properties":{"t":"sch","sid":"s1629","name":"Siercza Stacja Paliw","imp":0.109,"d":3980},"geometry":{"type":"Point","coordinates":[20.008597,50.001416]}},{"type":"Feature","properties":{"t":"vec","sid":"s1630","d":3981},"geometry":{"type":"LineString","coordinates":[[20.040312,49.971414],[20.00517,49.999217]]}},{"type":"Feature","properties":{"t":"gps","sid":"s1630"},"geometry":{"type":"Point","coordinates":[20.040312,49.971414]}},{"type":"Feature","properties":{"t":"sch","sid":"s1630","name":"Siercza Szkoła","imp":0.054,"d":3981},"geometry":{"type":"Point","coordinates":[20.00517,49.999217]}},{"type":"Feature","properties":{"t":"vec","sid":"s1631","d":4153},"geometry":{"type":"LineString","coordinates":[[20.039821,49.971273],[20.005472,50.001416]]}},{"type":"Feature","properties":{"t":"gps","sid":"s1631"},"geometry":{"type":"Point","coordinates":[20.039821,49.971273]}},{"type":"Feature","properties":{"t":"sch","sid":"s1631","name":"Siercza Szkoła","imp":0.054,"d":4153},"geometry":{"type":"Point","coordinates":[20.005472,50.001416]}},{"type":"Feature","properties":{"t":"vec","sid":"s1632","d":3687},"geometry":{"type":"LineString","coordinates":[[20.031276,49.973914],[20.006253,50.002921]]}},{"type":"Feature","properties":{"t":"gps","sid":"s1632"},"geometry":{"type":"Point","coordinates":[20.031276,49.973914]}},{"type":"Feature","properties":{"t":"sch","sid":"s1632","name":"Siercza Zbiorniki","imp":0.054,"d":3687},"geometry":{"type":"Point","coordinates":[20.006253,50.002921]}},{"type":"Feature","properties":{"t":"vec","sid":"s1633","d":2780},"geometry":{"type":"LineString","coordinates":[[20.030632,49.973983],[20.015463,49.99701]]}},{"type":"Feature","properties":{"t":"gps","sid":"s1633"},"geometry":{"type":"Point","coordinates":[20.030632,49.973983]}},{"type":"Feature","properties":{"t":"sch","sid":"s1633","name":"Siercza Zbiorniki","imp":0.054,"d":2780},"geometry":{"type":"Point","coordinates":[20.015463,49.99701]}},{"type":"Feature","properties":{"t":"vec","sid":"s1634","d":4314},"geometry":{"type":"LineString","coordinates":[[20.101158,50.011867],[20.044301,50.025036]]}},{"type":"Feature","properties":{"t":"gps","sid":"s1634"},"geometry":{"type":"Point","coordinates":[20.101158,50.011867]}},{"type":"Feature","properties":{"t":"sch","sid":"s1634","name":"Strumiany Kościół","imp":0.054,"d":4314},"geometry":{"type":"Point","coordinates":[20.044301,50.025036]}},{"type":"Feature","properties":{"t":"vec","sid":"s1635","d":4387},"geometry":{"type":"LineString","coordinates":[[20.101582,50.010728],[20.044301,50.025036]]}},{"type":"Feature","properties":{"t":"gps","sid":"s1635"},"geometry":{"type":"Point","coordinates":[20.101582,50.010728]}},{"type":"Feature","properties":{"t":"sch","sid":"s1635","name":"Strumiany Przedszkole","imp":0.054,"d":4387},"geometry":{"type":"Point","coordinates":[20.044301,50.025036]}},{"type":"Feature","properties":{"t":"vec","sid":"s1636","d":5166},"geometry":{"type":"LineString","coordinates":[[20.105324,49.992493],[20.044301,50.017487]]}},{"type":"Feature","properties":{"t":"gps","sid":"s1636"},"geometry":{"type":"Point","coordinates":[20.105324,49.992493]}},{"type":"Feature","properties":{"t":"sch","sid":"s1636","name":"Sułków Boisko","imp":0.054,"d":5166},"geometry":{"type":"Point","coordinates":[20.044301,50.017487]}},{"type":"Feature","properties":{"t":"vec","sid":"s1637","d":4751},"geometry":{"type":"LineString","coordinates":[[20.100604,49.989714],[20.044301,50.012509]]}},{"type":"Feature","properties":{"t":"gps","sid":"s1637"},"geometry":{"type":"Point","coordinates":[20.100604,49.989714]}},{"type":"Feature","properties":{"t":"sch","sid":"s1637","name":"Sułków Kościół","imp":0.054,"d":4751},"geometry":{"type":"Point","coordinates":[20.044301,50.012509]}},{"type":"Feature","properties":{"t":"vec","sid":"s1638","d":4596},"geometry":{"type":"LineString","coordinates":[[20.098566,49.987483],[20.044301,50.009743]]}},{"type":"Feature","properties":{"t":"gps","sid":"s1638"},"geometry":{"type":"Point","coordinates":[20.098566,49.987483]}},{"type":"Feature","properties":{"t":"sch","sid":"s1638","name":"Sułków Osiedle","imp":0.054,"d":4596},"geometry":{"type":"Point","coordinates":[20.044301,50.009743]}},{"type":"Feature","properties":{"t":"vec","sid":"s1639","d":4670},"geometry":{"type":"LineString","coordinates":[[20.098338,49.987158],[20.044301,50.010849]]}},{"type":"Feature","properties":{"t":"gps","sid":"s1639"},"geometry":{"type":"Point","coordinates":[20.098338,49.987158]}},{"type":"Feature","properties":{"t":"sch","sid":"s1639","name":"Sułków Osiedle","imp":0.054,"d":4670},"geometry":{"type":"Point","coordinates":[20.044301,50.010849]}},{"type":"Feature","properties":{"t":"vec","sid":"s1640","d":5194},"geometry":{"type":"LineString","coordinates":[[20.105503,49.992768],[20.044301,50.01804]]}},{"type":"Feature","properties":{"t":"gps","sid":"s1640"},"geometry":{"type":"Point","coordinates":[20.105503,49.992768]}},{"type":"Feature","properties":{"t":"sch","sid":"s1640","name":"Sułków OSP","imp":0.054,"d":5194},"geometry":{"type":"Point","coordinates":[20.044301,50.01804]}},{"type":"Feature","properties":{"t":"vec","sid":"s1641","d":4918},"geometry":{"type":"LineString","coordinates":[[20.102841,49.990834],[20.044301,50.014168]]}},{"type":"Feature","properties":{"t":"gps","sid":"s1641"},"geometry":{"type":"Point","coordinates":[20.102841,49.990834]}},{"type":"Feature","properties":{"t":"sch","sid":"s1641","name":"Sułków Sklep","imp":0.054,"d":4918},"geometry":{"type":"Point","coordinates":[20.044301,50.014168]}},{"type":"Feature","properties":{"t":"vec","sid":"s1642","d":4996},"geometry":{"type":"LineString","coordinates":[[20.10286,49.990645],[20.044301,50.015274]]}},{"type":"Feature","properties":{"t":"gps","sid":"s1642"},"geometry":{"type":"Point","coordinates":[20.10286,49.990645]}},{"type":"Feature","properties":{"t":"sch","sid":"s1642","name":"Sułków Sklep","imp":0.054,"d":4996},"geometry":{"type":"Point","coordinates":[20.044301,50.015274]}},{"type":"Feature","properties":{"t":"vec","sid":"s1643","d":4877},"geometry":{"type":"LineString","coordinates":[[20.099311,49.982878],[20.04266,50.007414]]}},{"type":"Feature","properties":{"t":"gps","sid":"s1643"},"geometry":{"type":"Point","coordinates":[20.099311,49.982878]}},{"type":"Feature","properties":{"t":"sch","sid":"s1643","name":"Sułków Zwólka","imp":0.054,"d":4877},"geometry":{"type":"Point","coordinates":[20.04266,50.007414]}},{"type":"Feature","properties":{"t":"vec","sid":"s1644","d":4805},"geometry":{"type":"LineString","coordinates":[[20.098665,49.982031],[20.044301,50.00753]]}},{"type":"Feature","properties":{"t":"gps","sid":"s1644"},"geometry":{"type":"Point","coordinates":[20.098665,49.982031]}},{"type":"Feature","properties":{"t":"sch","sid":"s1644","name":"Sułków Zwólka","imp":0.054,"d":4805},"geometry":{"type":"Point","coordinates":[20.044301,50.00753]}},{"type":"Feature","properties":{"t":"vec","sid":"s1645","d":3338},"geometry":{"type":"LineString","coordinates":[[20.013057,49.970115],[19.9897,49.996128]]}},{"type":"Feature","properties":{"t":"gps","sid":"s1645"},"geometry":{"type":"Point","coordinates":[20.013057,49.970115]}},{"type":"Feature","properties":{"t":"sch","sid":"s1645","name":"Sygneczów Kościół","imp":0.054,"d":3338},"geometry":{"type":"Point","coordinates":[19.9897,49.996128]}},{"type":"Feature","properties":{"t":"vec","sid":"s1646","d":3653},"geometry":{"type":"LineString","coordinates":[[20.013039,49.9702],[19.9883,49.998965]]}},{"type":"Feature","properties":{"t":"gps","sid":"s1646"},"geometry":{"type":"Point","coordinates":[20.013039,49.9702]}},{"type":"Feature","properties":{"t":"sch","sid":"s1646","name":"Sygneczów Kościół","imp":0.054,"d":3653},"geometry":{"type":"Point","coordinates":[19.9883,49.998965]}},{"type":"Feature","properties":{"t":"vec","sid":"s1647","d":4478},"geometry":{"type":"LineString","coordinates":[[20.03109,49.961214],[20.001054,49.996575]]}},{"type":"Feature","properties":{"t":"gps","sid":"s1647"},"geometry":{"type":"Point","coordinates":[20.03109,49.961214]}},{"type":"Feature","properties":{"t":"sch","sid":"s1647","name":"Sygneczów Młyn","imp":0.054,"d":4478},"geometry":{"type":"Point","coordinates":[20.001054,49.996575]}},{"type":"Feature","properties":{"t":"vec","sid":"s1648","d":4965},"geometry":{"type":"LineString","coordinates":[[20.030168,49.961425],[19.99922,50.001416]]}},{"type":"Feature","properties":{"t":"gps","sid":"s1648"},"geometry":{"type":"Point","coordinates":[20.030168,49.961425]}},{"type":"Feature","properties":{"t":"sch","sid":"s1648","name":"Sygneczów Młyn","imp":0.054,"d":4965},"geometry":{"type":"Point","coordinates":[19.99922,50.001416]}},{"type":"Feature","properties":{"t":"vec","sid":"s1649","d":3228},"geometry":{"type":"LineString","coordinates":[[20.01125,49.973426],[19.986089,49.997547]]}},{"type":"Feature","properties":{"t":"gps","sid":"s1649"},"geometry":{"type":"Point","coordinates":[20.01125,49.973426]}},{"type":"Feature","properties":{"t":"sch","sid":"s1649","name":"Sygneczów Sklep","imp":0.054,"d":3228},"geometry":{"type":"Point","coordinates":[19.986089,49.997547]}},{"type":"Feature","properties":{"t":"vec","sid":"s1650","d":3017},"geometry":{"type":"LineString","coordinates":[[20.011269,49.974005],[19.98679,49.996128]]}},{"type":"Feature","properties":{"t":"gps","sid":"s1650"},"geometry":{"type":"Point","coordinates":[20.011269,49.974005]}},{"type":"Feature","properties":{"t":"sch","sid":"s1650","name":"Sygneczów Sklep","imp":0.054,"d":3017},"geometry":{"type":"Point","coordinates":[19.98679,49.996128]}},{"type":"Feature","properties":{"t":"vec","sid":"s1651","d":4061},"geometry":{"type":"LineString","coordinates":[[20.019112,49.968809],[19.99051,50.000384]]}},{"type":"Feature","properties":{"t":"gps","sid":"s1651"},"geometry":{"type":"Point","coordinates":[20.019112,49.968809]}},{"type":"Feature","properties":{"t":"sch","sid":"s1651","name":"Sygneczów Stacja Trafo","imp":0.054,"d":4061},"geometry":{"type":"Point","coordinates":[19.99051,50.000384]}},{"type":"Feature","properties":{"t":"vec","sid":"s1652","d":3654},"geometry":{"type":"LineString","coordinates":[[20.020069,49.968397],[19.992611,49.996128]]}},{"type":"Feature","properties":{"t":"gps","sid":"s1652"},"geometry":{"type":"Point","coordinates":[20.020069,49.968397]}},{"type":"Feature","properties":{"t":"sch","sid":"s1652","name":"Sygneczów Stacja Trafo","imp":0.054,"d":3654},"geometry":{"type":"Point","coordinates":[19.992611,49.996128]}},{"type":"Feature","properties":{"t":"vec","sid":"s1653","d":4794},"geometry":{"type":"LineString","coordinates":[[20.027132,49.963178],[19.996095,50.001416]]}},{"type":"Feature","properties":{"t":"gps","sid":"s1653"},"geometry":{"type":"Point","coordinates":[20.027132,49.963178]}},{"type":"Feature","properties":{"t":"sch","sid":"s1653","name":"Sygneczów Wilga","imp":0.054,"d":4794},"geometry":{"type":"Point","coordinates":[19.996095,50.001416]}},{"type":"Feature","properties":{"t":"vec","sid":"s1654","d":4214},"geometry":{"type":"LineString","coordinates":[[20.027271,49.963057],[19.998431,49.996128]]}},{"type":"Feature","properties":{"t":"gps","sid":"s1654"},"geometry":{"type":"Point","coordinates":[20.027271,49.963057]}},{"type":"Feature","properties":{"t":"sch","sid":"s1654","name":"Sygneczów Wilga","imp":0.054,"d":4214},"geometry":{"type":"Point","coordinates":[19.998431,49.996128]}},{"type":"Feature","properties":{"t":"vec","sid":"s1655","d":4551},"geometry":{"type":"LineString","coordinates":[[20.026312,49.966525],[19.992969,50.001416]]}},{"type":"Feature","properties":{"t":"gps","sid":"s1655"},"geometry":{"type":"Point","coordinates":[20.026312,49.966525]}},{"type":"Feature","properties":{"t":"sch","sid":"s1655","name":"Sygneczów Zakręt","imp":0.054,"d":4551},"geometry":{"type":"Point","coordinates":[19.992969,50.001416]}},{"type":"Feature","properties":{"t":"vec","sid":"s1656","d":3859},"geometry":{"type":"LineString","coordinates":[[20.024734,49.966929],[19.995521,49.996128]]}},{"type":"Feature","properties":{"t":"gps","sid":"s1656"},"geometry":{"type":"Point","coordinates":[20.024734,49.966929]}},{"type":"Feature","properties":{"t":"sch","sid":"s1656","name":"Sygneczów Zakręt","imp":0.054,"d":3859},"geometry":{"type":"Point","coordinates":[19.995521,49.996128]}},{"type":"Feature","properties":{"t":"vec","sid":"s1657","d":3335},"geometry":{"type":"LineString","coordinates":[[20.081678,50.004748],[20.039597,50.017787]]}},{"type":"Feature","properties":{"t":"gps","sid":"s1657"},"geometry":{"type":"Point","coordinates":[20.081678,50.004748]}},{"type":"Feature","properties":{"t":"sch","sid":"s1657","name":"Śledziejowice Arka","imp":0.054,"d":3335},"geometry":{"type":"Point","coordinates":[20.039597,50.017787]}},{"type":"Feature","properties":{"t":"vec","sid":"s1658","d":3192},"geometry":{"type":"LineString","coordinates":[[20.078362,50.004667],[20.03764,50.016531]]}},{"type":"Feature","properties":{"t":"gps","sid":"s1658"},"geometry":{"type":"Point","coordinates":[20.078362,50.004667]}},{"type":"Feature","properties":{"t":"sch","sid":"s1658","name":"Śledziejowice Europejska","imp":0.054,"d":3192},"geometry":{"type":"Point","coordinates":[20.03764,50.016531]}},{"type":"Feature","properties":{"t":"vec","sid":"s1659","d":3971},"geometry":{"type":"LineString","coordinates":[[20.079003,50.004705],[20.031164,50.02295]]}},{"type":"Feature","properties":{"t":"gps","sid":"s1659"},"geometry":{"type":"Point","coordinates":[20.079003,50.004705]}},{"type":"Feature","properties":{"t":"sch","sid":"s1659","name":"Śledziejowice Europejska","imp":0.054,"d":3971},"geometry":{"type":"Point","coordinates":[20.031164,50.02295]}},{"type":"Feature","properties":{"t":"vec","sid":"s1660","d":3947},"geometry":{"type":"LineString","coordinates":[[20.083723,50.004073],[20.036062,50.022082]]}},{"type":"Feature","properties":{"t":"gps","sid":"s1660"},"geometry":{"type":"Point","coordinates":[20.083723,50.004073]}},{"type":"Feature","properties":{"t":"sch","sid":"s1660","name":"Śledziejowice Europejska","imp":0.054,"d":3947},"geometry":{"type":"Point","coordinates":[20.036062,50.022082]}},{"type":"Feature","properties":{"t":"vec","sid":"s1661","d":4205},"geometry":{"type":"LineString","coordinates":[[20.083541,50.004601],[20.033211,50.024264]]}},{"type":"Feature","properties":{"t":"gps","sid":"s1661"},"geometry":{"type":"Point","coordinates":[20.083541,50.004601]}},{"type":"Feature","properties":{"t":"sch","sid":"s1661","name":"Śledziejowice Europejska","imp":0.054,"d":4205},"geometry":{"type":"Point","coordinates":[20.033211,50.024264]}},{"type":"Feature","properties":{"t":"vec","sid":"s1662","d":3458},"geometry":{"type":"LineString","coordinates":[[20.084622,50.004794],[20.041555,50.019043]]}},{"type":"Feature","properties":{"t":"gps","sid":"s1662"},"geometry":{"type":"Point","coordinates":[20.084622,50.004794]}},{"type":"Feature","properties":{"t":"sch","sid":"s1662","name":"Śledziejowice Europejska","imp":0.09,"d":3458},"geometry":{"type":"Point","coordinates":[20.041555,50.019043]}},{"type":"Feature","properties":{"t":"vec","sid":"s1663","d":3391},"geometry":{"type":"LineString","coordinates":[[20.079472,50.001539],[20.038742,50.017238]]}},{"type":"Feature","properties":{"t":"gps","sid":"s1663"},"geometry":{"type":"Point","coordinates":[20.079472,50.001539]}},{"type":"Feature","properties":{"t":"sch","sid":"s1663","name":"Śledziejowice Kresy","imp":0.054,"d":3391},"geometry":{"type":"Point","coordinates":[20.038742,50.017238]}},{"type":"Feature","properties":{"t":"vec","sid":"s1664","d":3772},"geometry":{"type":"LineString","coordinates":[[20.079193,50.001522],[20.034989,50.020117]]}},{"type":"Feature","properties":{"t":"gps","sid":"s1664"},"geometry":{"type":"Point","coordinates":[20.079193,50.001522]}},{"type":"Feature","properties":{"t":"sch","sid":"s1664","name":"Śledziejowice Kresy","imp":0.054,"d":3772},"geometry":{"type":"Point","coordinates":[20.034989,50.020117]}},{"type":"Feature","properties":{"t":"vec","sid":"s1665","d":3788},"geometry":{"type":"LineString","coordinates":[[20.084238,50.010024],[20.036062,50.024331]]}},{"type":"Feature","properties":{"t":"gps","sid":"s1665"},"geometry":{"type":"Point","coordinates":[20.084238,50.010024]}},{"type":"Feature","properties":{"t":"sch","sid":"s1665","name":"Śledziejowice Szkoła","imp":0.09,"d":3788},"geometry":{"type":"Point","coordinates":[20.036062,50.024331]}},{"type":"Feature","properties":{"t":"vec","sid":"s1666","d":3373},"geometry":{"type":"LineString","coordinates":[[20.084356,50.010067],[20.041555,50.022933]]}},{"type":"Feature","properties":{"t":"gps","sid":"s1666"},"geometry":{"type":"Point","coordinates":[20.084356,50.010067]}},{"type":"Feature","properties":{"t":"sch","sid":"s1666","name":"Śledziejowice Szkoła","imp":0.07,"d":3373},"geometry":{"type":"Point","coordinates":[20.041555,50.022933]}},{"type":"Feature","properties":{"t":"vec","sid":"s1667","d":2811},"geometry":{"type":"LineString","coordinates":[[20.028735,49.987397],[20.00076,50.0052]]}},{"type":"Feature","properties":{"t":"gps","sid":"s1667"},"geometry":{"type":"Point","coordinates":[20.028735,49.987397]}},{"type":"Feature","properties":{"t":"sch","sid":"s1667","name":"ul. Sadowa Gościniec","imp":0.054,"d":2811},"geometry":{"type":"Point","coordinates":[20.00076,50.0052]}},{"type":"Feature","properties":{"t":"vec","sid":"s1668","d":3177},"geometry":{"type":"LineString","coordinates":[[20.038231,49.988856],[20.005851,50.008467]]}},{"type":"Feature","properties":{"t":"gps","sid":"s1668"},"geometry":{"type":"Point","coordinates":[20.038231,49.988856]}},{"type":"Feature","properties":{"t":"sch","sid":"s1668","name":"ul. Sadowa Szkoła","imp":0.074,"d":3177},"geometry":{"type":"Point","coordinates":[20.005851,50.008467]}},{"type":"Feature","properties":{"t":"vec","sid":"s1669","d":3323},"geometry":{"type":"LineString","coordinates":[[20.038322,49.988809],[20.005851,50.01023]]}},{"type":"Feature","properties":{"t":"gps","sid":"s1669"},"geometry":{"type":"Point","coordinates":[20.038322,49.988809]}},{"type":"Feature","properties":{"t":"sch","sid":"s1669","name":"ul. Sadowa Szkoła","imp":0.109,"d":3323},"geometry":{"type":"Point","coordinates":[20.005851,50.01023]}},{"type":"Feature","properties":{"t":"vec","sid":"s1670","d":5241},"geometry":{"type":"LineString","coordinates":[[20.12374,50.01474],[20.052446,50.026033]]}},{"type":"Feature","properties":{"t":"gps","sid":"s1670"},"geometry":{"type":"Point","coordinates":[20.12374,50.01474]}},{"type":"Feature","properties":{"t":"sch","sid":"s1670","name":"Węgrzce Wielkie Dąbrowy","imp":0.054,"d":5241},"geometry":{"type":"Point","coordinates":[20.052446,50.026033]}},{"type":"Feature","properties":{"t":"vec","sid":"s1671","d":5217},"geometry":{"type":"LineString","coordinates":[[20.12341,50.01478],[20.052446,50.026033]]}},{"type":"Feature","properties":{"t":"gps","sid":"s1671"},"geometry":{"type":"Point","coordinates":[20.12341,50.01478]}},{"type":"Feature","properties":{"t":"sch","sid":"s1671","name":"Węgrzce Wielkie Dąbrowy","imp":0.054,"d":5217},"geometry":{"type":"Point","coordinates":[20.052446,50.026033]}},{"type":"Feature","properties":{"t":"vec","sid":"s1672","d":4951},"geometry":{"type":"LineString","coordinates":[[20.114743,50.021679],[20.047048,50.031403]]}},{"type":"Feature","properties":{"t":"gps","sid":"s1672"},"geometry":{"type":"Point","coordinates":[20.114743,50.021679]}},{"type":"Feature","properties":{"t":"sch","sid":"s1672","name":"Węgrzce Wielkie Krótka","imp":0.054,"d":4951},"geometry":{"type":"Point","coordinates":[20.047048,50.031403]}},{"type":"Feature","properties":{"t":"vec","sid":"s1673","d":4991},"geometry":{"type":"LineString","coordinates":[[20.115087,50.021741],[20.047048,50.032112]]}},{"type":"Feature","properties":{"t":"gps","sid":"s1673"},"geometry":{"type":"Point","coordinates":[20.115087,50.021741]}},{"type":"Feature","properties":{"t":"sch","sid":"s1673","name":"Węgrzce Wielkie Krótka","imp":0.054,"d":4991},"geometry":{"type":"Point","coordinates":[20.047048,50.032112]}},{"type":"Feature","properties":{"t":"vec","sid":"s1674","d":5154},"geometry":{"type":"LineString","coordinates":[[20.121132,50.025459],[20.050598,50.035423]]}},{"type":"Feature","properties":{"t":"gps","sid":"s1674"},"geometry":{"type":"Point","coordinates":[20.121132,50.025459]}},{"type":"Feature","properties":{"t":"sch","sid":"s1674","name":"Węgrzce Wielkie Krupy","imp":0.054,"d":5154},"geometry":{"type":"Point","coordinates":[20.050598,50.035423]}},{"type":"Feature","properties":{"t":"vec","sid":"s1675","d":5232},"geometry":{"type":"LineString","coordinates":[[20.12102,50.025499],[20.049036,50.03442]]}},{"type":"Feature","properties":{"t":"gps","sid":"s1675"},"geometry":{"type":"Point","coordinates":[20.12102,50.025499]}},{"type":"Feature","properties":{"t":"sch","sid":"s1675","name":"Węgrzce Wielkie Krupy","imp":0.054,"d":5232},"geometry":{"type":"Point","coordinates":[20.049036,50.03442]}},{"type":"Feature","properties":{"t":"vec","sid":"s1676","d":5182},"geometry":{"type":"LineString","coordinates":[[20.125955,50.027737],[20.055287,50.038432]]}},{"type":"Feature","properties":{"t":"gps","sid":"s1676"},"geometry":{"type":"Point","coordinates":[20.125955,50.027737]}},{"type":"Feature","properties":{"t":"sch","sid":"s1676","name":"Węgrzce Wielkie Krupy II","imp":0.054,"d":5182},"geometry":{"type":"Point","coordinates":[20.055287,50.038432]}},{"type":"Feature","properties":{"t":"vec","sid":"s1677","d":5251},"geometry":{"type":"LineString","coordinates":[[20.124952,50.02721],[20.052943,50.036928]]}},{"type":"Feature","properties":{"t":"gps","sid":"s1677"},"geometry":{"type":"Point","coordinates":[20.124952,50.02721]}},{"type":"Feature","properties":{"t":"sch","sid":"s1677","name":"Węgrzce Wielkie Krupy II","imp":0.054,"d":5251},"geometry":{"type":"Point","coordinates":[20.052943,50.036928]}},{"type":"Feature","properties":{"t":"vec","sid":"s1678","d":5075},"geometry":{"type":"LineString","coordinates":[[20.117984,50.0105],[20.05041,50.024726]]}},{"type":"Feature","properties":{"t":"gps","sid":"s1678"},"geometry":{"type":"Point","coordinates":[20.117984,50.0105]}},{"type":"Feature","properties":{"t":"sch","sid":"s1678","name":"Węgrzce Wielkie os. Piaski","imp":0.054,"d":5075},"geometry":{"type":"Point","coordinates":[20.05041,50.024726]}},{"type":"Feature","properties":{"t":"vec","sid":"s1679","d":5103},"geometry":{"type":"LineString","coordinates":[[20.118456,50.010611],[20.05041,50.024726]]}},{"type":"Feature","properties":{"t":"gps","sid":"s1679"},"geometry":{"type":"Point","coordinates":[20.118456,50.010611]}},{"type":"Feature","properties":{"t":"sch","sid":"s1679","name":"Węgrzce Wielkie os. Piaski","imp":0.054,"d":5103},"geometry":{"type":"Point","coordinates":[20.05041,50.024726]}},{"type":"Feature","properties":{"t":"vec","sid":"s1680","d":5062},"geometry":{"type":"LineString","coordinates":[[20.114958,50.007734],[20.048374,50.023419]]}},{"type":"Feature","properties":{"t":"gps","sid":"s1680"},"geometry":{"type":"Point","coordinates":[20.114958,50.007734]}},{"type":"Feature","properties":{"t":"sch","sid":"s1680","name":"Węgrzce Wielkie SUW","imp":0.054,"d":5062},"geometry":{"type":"Point","coordinates":[20.048374,50.023419]}},{"type":"Feature","properties":{"t":"vec","sid":"s1681","d":5065},"geometry":{"type":"LineString","coordinates":[[20.115208,50.008089],[20.048374,50.023419]]}},{"type":"Feature","properties":{"t":"gps","sid":"s1681"},"geometry":{"type":"Point","coordinates":[20.115208,50.008089]}},{"type":"Feature","properties":{"t":"sch","sid":"s1681","name":"Węgrzce Wielkie SUW","imp":0.054,"d":5065},"geometry":{"type":"Point","coordinates":[20.048374,50.023419]}},{"type":"Feature","properties":{"t":"vec","sid":"s1682","d":2770},"geometry":{"type":"LineString","coordinates":[[20.049694,49.990956],[20.025098,50.01023]]}},{"type":"Feature","properties":{"t":"gps","sid":"s1682"},"geometry":{"type":"Point","coordinates":[20.049694,49.990956]}},{"type":"Feature","properties":{"t":"sch","sid":"s1682","name":"Wieliczka Arena Lekkoatletyczna","imp":0.054,"d":2770},"geometry":{"type":"Point","coordinates":[20.025098,50.01023]}},{"type":"Feature","properties":{"t":"vec","sid":"s1683","d":3417},"geometry":{"type":"LineString","coordinates":[[20.04911,49.991239],[20.018883,50.015069]]}},{"type":"Feature","properties":{"t":"gps","sid":"s1683"},"geometry":{"type":"Point","coordinates":[20.04911,49.991239]}},{"type":"Feature","properties":{"t":"sch","sid":"s1683","name":"Wieliczka Arena Lekkoatletyczna","imp":0.054,"d":3417},"geometry":{"type":"Point","coordinates":[20.018883,50.015069]}},{"type":"Feature","properties":{"t":"vec","sid":"s1684","d":4189},"geometry":{"type":"LineString","coordinates":[[20.068513,49.981364],[20.025076,50.006704]]}},{"type":"Feature","properties":{"t":"gps","sid":"s1684"},"geometry":{"type":"Point","coordinates":[20.068513,49.981364]}},{"type":"Feature","properties":{"t":"sch","sid":"s1684","name":"Wieliczka Chopina","imp":0.09,"d":4189},"geometry":{"type":"Point","coordinates":[20.025076,50.006704]}},{"type":"Feature","properties":{"t":"vec","sid":"s1685","d":4028},"geometry":{"type":"LineString","coordinates":[[20.068266,49.981436],[20.027822,50.006704]]}},{"type":"Feature","properties":{"t":"gps","sid":"s1685"},"geometry":{"type":"Point","coordinates":[20.068266,49.981436]}},{"type":"Feature","properties":{"t":"sch","sid":"s1685","name":"Wieliczka Chopina","imp":0.125,"d":4028},"geometry":{"type":"Point","coordinates":[20.027822,50.006704]}},{"type":"Feature","properties":{"t":"vec","sid":"s1686","d":4123},"geometry":{"type":"LineString","coordinates":[[20.070322,49.981557],[20.030569,50.008467]]}},{"type":"Feature","properties":{"t":"gps","sid":"s1686"},"geometry":{"type":"Point","coordinates":[20.070322,49.981557]}},{"type":"Feature","properties":{"t":"sch","sid":"s1686","name":"Wieliczka Gdowska","imp":0.09,"d":4123},"geometry":{"type":"Point","coordinates":[20.030569,50.008467]}},{"type":"Feature","properties":{"t":"vec","sid":"s1687","d":3736},"geometry":{"type":"LineString","coordinates":[[20.05865,49.986029],[20.022329,50.01023]]}},{"type":"Feature","properties":{"t":"gps","sid":"s1687"},"geometry":{"type":"Point","coordinates":[20.05865,49.986029]}},{"type":"Feature","properties":{"t":"sch","sid":"s1687","name":"Wieliczka Mickiewicza","imp":0.122,"d":3736},"geometry":{"type":"Point","coordinates":[20.022329,50.01023]}},{"type":"Feature","properties":{"t":"vec","sid":"s1688","d":4155},"geometry":{"type":"LineString","coordinates":[[20.058564,49.985936],[20.016837,50.011992]]}},{"type":"Feature","properties":{"t":"gps","sid":"s1688"},"geometry":{"type":"Point","coordinates":[20.058564,49.985936]}},{"type":"Feature","properties":{"t":"sch","sid":"s1688","name":"Wieliczka Mickiewicza","imp":0.102,"d":4155},"geometry":{"type":"Point","coordinates":[20.016837,50.011992]}},{"type":"Feature","properties":{"t":"vec","sid":"s1689","d":4699},"geometry":{"type":"LineString","coordinates":[[20.07097,49.973905],[20.028559,50.006232]]}},{"type":"Feature","properties":{"t":"gps","sid":"s1689"},"geometry":{"type":"Point","coordinates":[20.07097,49.973905]}},{"type":"Feature","properties":{"t":"sch","sid":"s1689","name":"Wieliczka Mietniowska","imp":0.054,"d":4699},"geometry":{"type":"Point","coordinates":[20.028559,50.006232]}},{"type":"Feature","properties":{"t":"vec","sid":"s1690","d":2284},"geometry":{"type":"LineString","coordinates":[[20.05309,49.997415],[20.02981,50.011506]]}},{"type":"Feature","properties":{"t":"gps","sid":"s1690"},"geometry":{"type":"Point","coordinates":[20.05309,49.997415]}},{"type":"Feature","properties":{"t":"sch","sid":"s1690","name":"Wieliczka Os. Bogucice","imp":0.054,"d":2284},"geometry":{"type":"Point","coordinates":[20.02981,50.011506]}},{"type":"Feature","properties":{"t":"vec","sid":"s1691","d":3106},"geometry":{"type":"LineString","coordinates":[[20.052897,49.997412],[20.022977,50.017696]]}},{"type":"Feature","properties":{"t":"gps","sid":"s1691"},"geometry":{"type":"Point","coordinates":[20.052897,49.997412]}},{"type":"Feature","properties":{"t":"sch","sid":"s1691","name":"Wieliczka Os. Bogucice","imp":0.054,"d":3106},"geometry":{"type":"Point","coordinates":[20.022977,50.017696]}},{"type":"Feature","properties":{"t":"vec","sid":"s1692","d":3859},"geometry":{"type":"LineString","coordinates":[[20.070122,49.991173],[20.029054,50.013755]]}},{"type":"Feature","properties":{"t":"gps","sid":"s1692"},"geometry":{"type":"Point","coordinates":[20.070122,49.991173]}},{"type":"Feature","properties":{"t":"sch","sid":"s1692","name":"Wieliczka Os. Lekarka","imp":0.054,"d":3859},"geometry":{"type":"Point","coordinates":[20.029054,50.013755]}},{"type":"Feature","properties":{"t":"vec","sid":"s1693","d":4044},"geometry":{"type":"LineString","coordinates":[[20.069709,49.991046],[20.027554,50.015346]]}},{"type":"Feature","properties":{"t":"gps","sid":"s1693"},"geometry":{"type":"Point","coordinates":[20.069709,49.991046]}},{"type":"Feature","properties":{"t":"sch","sid":"s1693","name":"Wieliczka Os. Lekarka","imp":0.054,"d":4044},"geometry":{"type":"Point","coordinates":[20.027554,50.015346]}},{"type":"Feature","properties":{"t":"vec","sid":"s1694","d":3961},"geometry":{"type":"LineString","coordinates":[[20.055574,49.974292],[20.0195,50.001363]]}},{"type":"Feature","properties":{"t":"gps","sid":"s1694"},"geometry":{"type":"Point","coordinates":[20.055574,49.974292]}},{"type":"Feature","properties":{"t":"sch","sid":"s1694","name":"Wieliczka Osiedle Zdrojowe","imp":0.054,"d":3961},"geometry":{"type":"Point","coordinates":[20.0195,50.001363]}},{"type":"Feature","properties":{"t":"vec","sid":"s1695","d":3703},"geometry":{"type":"LineString","coordinates":[[20.05569,49.974217],[20.022329,49.999729]]}},{"type":"Feature","properties":{"t":"gps","sid":"s1695"},"geometry":{"type":"Point","coordinates":[20.05569,49.974217]}},{"type":"Feature","properties":{"t":"sch","sid":"s1695","name":"Wieliczka Osiedle Zdrojowe","imp":0.054,"d":3703},"geometry":{"type":"Point","coordinates":[20.022329,49.999729]}},{"type":"Feature","properties":{"t":"vec","sid":"s1696","d":4437},"geometry":{"type":"LineString","coordinates":[[20.061292,49.972079],[20.022329,50.003179]]}},{"type":"Feature","properties":{"t":"gps","sid":"s1696"},"geometry":{"type":"Point","coordinates":[20.061292,49.972079]}},{"type":"Feature","properties":{"t":"sch","sid":"s1696","name":"Wieliczka Pod Baranem","imp":0.109,"d":4437},"geometry":{"type":"Point","coordinates":[20.022329,50.003179]}},{"type":"Feature","properties":{"t":"vec","sid":"s1697","d":4302},"geometry":{"type":"LineString","coordinates":[[20.061013,49.971746],[20.022329,50.001416]]}},{"type":"Feature","properties":{"t":"gps","sid":"s1697"},"geometry":{"type":"Point","coordinates":[20.061013,49.971746]}},{"type":"Feature","properties":{"t":"sch","sid":"s1697","name":"Wieliczka Pod Baranem","imp":0.109,"d":4302},"geometry":{"type":"Point","coordinates":[20.022329,50.001416]}},{"type":"Feature","properties":{"t":"vec","sid":"s1698","d":4031},"geometry":{"type":"LineString","coordinates":[[20.072665,49.99315],[20.030033,50.016936]]}},{"type":"Feature","properties":{"t":"gps","sid":"s1698"},"geometry":{"type":"Point","coordinates":[20.072665,49.99315]}},{"type":"Feature","properties":{"t":"sch","sid":"s1698","name":"Wieliczka Politechniczna","imp":0.054,"d":4031},"geometry":{"type":"Point","coordinates":[20.030033,50.016936]}},{"type":"Feature","properties":{"t":"vec","sid":"s1699","d":3649},"geometry":{"type":"LineString","coordinates":[[20.072751,49.993082],[20.033033,50.013755]]}},{"type":"Feature","properties":{"t":"gps","sid":"s1699"},"geometry":{"type":"Point","coordinates":[20.072751,49.993082]}},{"type":"Feature","properties":{"t":"sch","sid":"s1699","name":"Wieliczka Politechniczna","imp":0.054,"d":3649},"geometry":{"type":"Point","coordinates":[20.033033,50.013755]}},{"type":"Feature","properties":{"t":"vec","sid":"s1700","d":4144},"geometry":{"type":"LineString","coordinates":[[20.066073,49.985625],[20.023703,50.011111]]}},{"type":"Feature","properties":{"t":"gps","sid":"s1700"},"geometry":{"type":"Point","coordinates":[20.066073,49.985625]}},{"type":"Feature","properties":{"t":"sch","sid":"s1700","name":"Wieliczka Sienkiewicza","imp":0.054,"d":4144},"geometry":{"type":"Point","coordinates":[20.023703,50.011111]}},{"type":"Feature","properties":{"t":"vec","sid":"s1701","d":2916},"geometry":{"type":"LineString","coordinates":[[20.036101,49.982664],[20.011344,50.003523]]}},{"type":"Feature","properties":{"t":"gps","sid":"s1701"},"geometry":{"type":"Point","coordinates":[20.036101,49.982664]}},{"type":"Feature","properties":{"t":"sch","sid":"s1701","name":"Wieliczka ul.J.Jedynaka","imp":0.07,"d":2916},"geometry":{"type":"Point","coordinates":[20.011344,50.003523]}},{"type":"Feature","properties":{"t":"vec","sid":"s1702","d":3133},"geometry":{"type":"LineString","coordinates":[[20.034733,49.982347],[20.008865,50.005114]]}},{"type":"Feature","properties":{"t":"gps","sid":"s1702"},"geometry":{"type":"Point","coordinates":[20.034733,49.982347]}},{"type":"Feature","properties":{"t":"sch","sid":"s1702","name":"Wieliczka ul.J.Jedynaka","imp":0.07,"d":3133},"geometry":{"type":"Point","coordinates":[20.008865,50.005114]}},{"type":"Feature","properties":{"t":"vec","sid":"s1703","d":2137},"geometry":{"type":"LineString","coordinates":[[20.047771,49.995896],[20.027853,50.010249]]}},{"type":"Feature","properties":{"t":"gps","sid":"s1703"},"geometry":{"type":"Point","coordinates":[20.047771,49.995896]}},{"type":"Feature","properties":{"t":"sch","sid":"s1703","name":"Wieliczka Winnicka","imp":0.054,"d":2137},"geometry":{"type":"Point","coordinates":[20.027853,50.010249]}},{"type":"Feature","properties":{"t":"vec","sid":"s1704","d":2947},"geometry":{"type":"LineString","coordinates":[[20.047632,49.996167],[20.02093,50.016382]]}},{"type":"Feature","properties":{"t":"gps","sid":"s1704"},"geometry":{"type":"Point","coordinates":[20.047632,49.996167]}},{"type":"Feature","properties":{"t":"sch","sid":"s1704","name":"Wieliczka Winnicka","imp":0.054,"d":2947},"geometry":{"type":"Point","coordinates":[20.02093,50.016382]}},{"type":"Feature","properties":{"t":"vec","sid":"s1705","d":3486},"geometry":{"type":"LineString","coordinates":[[20.077074,49.998532],[20.035928,50.015432]]}},{"type":"Feature","properties":{"t":"gps","sid":"s1705"},"geometry":{"type":"Point","coordinates":[20.077074,49.998532]}},{"type":"Feature","properties":{"t":"sch","sid":"s1705","name":"Zabawa Lurańce","imp":0.054,"d":3486},"geometry":{"type":"Point","coordinates":[20.035928,50.015432]}},{"type":"Feature","properties":{"t":"vec","sid":"s1706","d":3870},"geometry":{"type":"LineString","coordinates":[[20.076908,49.998543],[20.032511,50.018527]]}},{"type":"Feature","properties":{"t":"gps","sid":"s1706"},"geometry":{"type":"Point","coordinates":[20.076908,49.998543]}},{"type":"Feature","properties":{"t":"sch","sid":"s1706","name":"Zabawa Lurańce","imp":0.054,"d":3870},"geometry":{"type":"Point","coordinates":[20.032511,50.018527]}}]}