{"type":"FeatureCollection","features":[{"type":"Feature","properties":{"id":"c0","lines":"102","n":1,"tram":0,"op":"MPK Kraków — buses"},"geometry":{"type":"LineString","coordinates":[[19.931697,50.093075],[19.923457,50.087787]]}},{"type":"Feature","properties":{"id":"c1","lines":"137 138 207 513","n":4,"tram":0,"op":"MPK Kraków — buses"},"geometry":{"type":"LineString","coordinates":[[19.931697,50.093075],[19.93719,50.093075]]}},{"type":"Feature","properties":{"id":"c2","lines":"138 168 194 220 240 290","n":6,"tram":0,"op":"MPK Kraków — buses"},"geometry":{"type":"LineString","coordinates":[[19.931697,50.093075],[19.923457,50.093075]]}},{"type":"Feature","properties":{"id":"c3","lines":"150","n":1,"tram":0,"op":"MPK Kraków — buses"},"geometry":{"type":"LineString","coordinates":[[19.931697,50.093075],[19.92895,50.093075],[19.926204,50.094838]]}},{"type":"Feature","properties":{"id":"c4","lines":"150","n":1,"tram":0,"op":"MPK Kraków — buses"},"geometry":{"type":"LineString","coordinates":[[19.931697,50.093075],[19.931697,50.094838]]}},{"type":"Feature","properties":{"id":"c5","lines":"227 267 337 513 669 937","n":6,"tram":1,"op":"mix"},"geometry":{"type":"LineString","coordinates":[[19.931697,50.093075],[19.92895,50.094838],[19.92895,50.0966]]}},{"type":"Feature","properties":{"id":"c6","lines":"337 669","n":2,"tram":1,"op":"mix"},"geometry":{"type":"LineString","coordinates":[[19.931697,50.093075],[19.931697,50.08955]]}},{"type":"Feature","properties":{"id":"c7","lines":"102 140","n":2,"tram":0,"op":"MPK Kraków — buses"},"geometry":{"type":"LineString","coordinates":[[19.923457,50.087787],[19.920711,50.086024],[19.912472,50.086024]]}},{"type":"Feature","properties":{"id":"c8","lines":"120 140 420","n":3,"tram":0,"op":"MPK Kraków — buses"},"geometry":{"type":"LineString","coordinates":[[19.923457,50.087787],[19.926204,50.08955],[19.931697,50.08955]]}},{"type":"Feature","properties":{"id":"c9","lines":"120 420","n":2,"tram":0,"op":"MPK Kraków — buses"},"geometry":{"type":"LineString","coordinates":[[19.923457,50.087787],[19.920711,50.08955],[19.920711,50.091312]]}},{"type":"Feature","properties":{"id":"c10","lines":"102 144 194 494","n":4,"tram":0,"op":"MPK Kraków — buses"},"geometry":{"type":"LineString","coordinates":[[19.912472,50.086024],[19.912472,50.084262],[19.909725,50.082499],[19.909725,50.078974]]}},{"type":"Feature","properties":{"id":"c11","lines":"130 904","n":2,"tram":0,"op":"MPK Kraków — buses"},"geometry":{"type":"LineString","coordinates":[[19.912472,50.086024],[19.917964,50.082499],[19.934443,50.082499]]}},{"type":"Feature","properties":{"id":"c12","lines":"130 144 194 494","n":4,"tram":0,"op":"MPK Kraków — buses"},"geometry":{"type":"LineString","coordinates":[[19.912472,50.086024],[19.912472,50.087787]]}},{"type":"Feature","properties":{"id":"c13","lines":"130 144 194 494","n":4,"tram":0,"op":"MPK Kraków — buses"},"geometry":{"type":"LineString","coordinates":[[19.912472,50.086024],[19.912472,50.087787]]}},{"type":"Feature","properties":{"id":"c14","lines":"140 904","n":2,"tram":0,"op":"MPK Kraków — buses"},"geometry":{"type":"LineString","coordinates":[[19.912472,50.086024],[19.906979,50.086024]]}},{"type":"Feature","properties":{"id":"c15","lines":"102 664 704 708","n":4,"tram":0,"op":"MPK Kraków — buses"},"geometry":{"type":"LineString","coordinates":[[19.909725,50.078974],[19.904232,50.078974]]}},{"type":"Feature","properties":{"id":"c16","lines":"144 194 494","n":3,"tram":0,"op":"MPK Kraków — buses"},"geometry":{"type":"LineString","coordinates":[[19.909725,50.078974],[19.909725,50.077211],[19.904232,50.073686]]}},{"type":"Feature","properties":{"id":"c17","lines":"664 704 708","n":3,"tram":0,"op":"MPK Kraków — buses"},"geometry":{"type":"LineString","coordinates":[[19.909725,50.078974],[19.915218,50.075448],[19.917964,50.075448]]}},{"type":"Feature","properties":{"id":"c18","lines":"102 664 704 708","n":4,"tram":0,"op":"MPK Kraków — buses"},"geometry":{"type":"LineString","coordinates":[[19.904232,50.078974],[19.895993,50.078974]]}},{"type":"Feature","properties":{"id":"c19","lines":"102","n":1,"tram":0,"op":"MPK Kraków — buses"},"geometry":{"type":"LineString","coordinates":[[19.904232,50.078974],[19.895993,50.073686]]}},{"type":"Feature","properties":{"id":"c20","lines":"102 LR0","n":2,"tram":0,"op":"MPK Kraków — buses"},"geometry":{"type":"LineString","coordinates":[[19.895993,50.078974],[19.895993,50.073686]]}},{"type":"Feature","properties":{"id":"c21","lines":"664 704 708 LR0","n":4,"tram":0,"op":"MPK Kraków — buses"},"geometry":{"type":"LineString","coordinates":[[19.895993,50.078974],[19.893246,50.080736],[19.8905,50.080736]]}},{"type":"Feature","properties":{"id":"c22","lines":"102","n":1,"tram":0,"op":"MPK Kraków — buses"},"geometry":{"type":"LineString","coordinates":[[19.895993,50.073686],[19.895993,50.064872],[19.893246,50.06311]]}},{"type":"Feature","properties":{"id":"c23","lines":"139 164 173 199 310 601 611","n":7,"tram":0,"op":"MPK Kraków — buses"},"geometry":{"type":"LineString","coordinates":[[19.895993,50.073686],[19.893246,50.073686]]}},{"type":"Feature","properties":{"id":"c24","lines":"139 164 173 199 310 601 611 LR0","n":8,"tram":0,"op":"MPK Kraków — buses"},"geometry":{"type":"LineString","coordinates":[[19.895993,50.073686],[19.898739,50.071923],[19.906979,50.071923]]}},{"type":"Feature","properties":{"id":"c25","lines":"139 164 173 199 601 611","n":6,"tram":0,"op":"MPK Kraków — buses"},"geometry":{"type":"LineString","coordinates":[[19.895993,50.073686],[19.904232,50.073686]]}},{"type":"Feature","properties":{"id":"c26","lines":"102","n":1,"tram":0,"op":"MPK Kraków — buses"},"geometry":{"type":"LineString","coordinates":[[19.893246,50.06311],[19.887753,50.059584]]}},{"type":"Feature","properties":{"id":"c28","lines":"102 134 192 300 902","n":5,"tram":0,"op":"MPK Kraków — buses"},"geometry":{"type":"LineString","coordinates":[[19.887753,50.059584],[19.885007,50.061347]]}},{"type":"Feature","properties":{"id":"c29","lines":"102 134 192 902","n":4,"tram":0,"op":"MPK Kraków — buses"},"geometry":{"type":"LineString","coordinates":[[19.887753,50.059584],[19.885007,50.061347]]}},{"type":"Feature","properties":{"id":"c30","lines":"134 192 300 902","n":4,"tram":0,"op":"MPK Kraków — buses"},"geometry":{"type":"LineString","coordinates":[[19.887753,50.059584],[19.912472,50.059584]]}},{"type":"Feature","properties":{"id":"c31","lines":"102 134 192 300 902","n":5,"tram":0,"op":"MPK Kraków — buses"},"geometry":{"type":"LineString","coordinates":[[19.885007,50.061347],[19.879514,50.064872]]}},{"type":"Feature","properties":{"id":"c32","lines":"102 126 192 300 902","n":5,"tram":0,"op":"MPK Kraków — buses"},"geometry":{"type":"LineString","coordinates":[[19.879514,50.064872],[19.876768,50.066635]]}},{"type":"Feature","properties":{"id":"c33","lines":"126 134","n":2,"tram":0,"op":"MPK Kraków — buses"},"geometry":{"type":"LineString","coordinates":[[19.879514,50.064872],[19.874021,50.061347],[19.874021,50.059584]]}},{"type":"Feature","properties":{"id":"c34","lines":"102 126 192","n":3,"tram":0,"op":"MPK Kraków — buses"},"geometry":{"type":"LineString","coordinates":[[19.876768,50.066635],[19.874021,50.064872],[19.863035,50.064872]]}},{"type":"Feature","properties":{"id":"c35","lines":"300 902","n":2,"tram":0,"op":"MPK Kraków — buses"},"geometry":{"type":"LineString","coordinates":[[19.876768,50.066635],[19.865782,50.066635],[19.863035,50.064872]]}},{"type":"Feature","properties":{"id":"c36","lines":"102","n":1,"tram":0,"op":"MPK Kraków — buses"},"geometry":{"type":"LineString","coordinates":[[19.863035,50.064872],[19.863035,50.06311],[19.857543,50.059584],[19.857543,50.045483]]}},{"type":"Feature","properties":{"id":"c37","lines":"192 902","n":2,"tram":0,"op":"MPK Kraków — buses"},"geometry":{"type":"LineString","coordinates":[[19.863035,50.064872],[19.857543,50.064872]]}},{"type":"Feature","properties":{"id":"c38","lines":"300","n":1,"tram":0,"op":"MPK Kraków — buses"},"geometry":{"type":"LineString","coordinates":[[19.863035,50.064872],[19.857543,50.064872]]}},{"type":"Feature","properties":{"id":"c39","lines":"102 146 209 219 229 239 269 279 609","n":9,"tram":0,"op":"MPK Kraków — buses"},"geometry":{"type":"LineString","coordinates":[[19.857543,50.045483],[19.854796,50.045483]]}},{"type":"Feature","properties":{"id":"c40","lines":"146 209 219 229 239 269 279 609","n":8,"tram":0,"op":"MPK Kraków — buses"},"geometry":{"type":"LineString","coordinates":[[19.857543,50.045483],[19.863035,50.045483]]}},{"type":"Feature","properties":{"id":"c41","lines":"146 209 219 229 239 269 279","n":7,"tram":0,"op":"MPK Kraków — buses"},"geometry":{"type":"LineString","coordinates":[[19.854796,50.045483],[19.849303,50.045483]]}},{"type":"Feature","properties":{"id":"c42","lines":"209 219 229 239 269 279","n":6,"tram":0,"op":"MPK Kraków — buses"},"geometry":{"type":"LineString","coordinates":[[19.854796,50.045483],[19.85205,50.047246],[19.84381,50.047246]]}},{"type":"Feature","properties":{"id":"c43","lines":"104 254","n":2,"tram":0,"op":"MPK Kraków — buses"},"geometry":{"type":"LineString","coordinates":[[19.92895,50.004942],[19.923457,50.004942]]}},{"type":"Feature","properties":{"id":"c44","lines":"155 254","n":2,"tram":0,"op":"MPK Kraków — buses"},"geometry":{"type":"LineString","coordinates":[[19.92895,50.004942],[19.931697,50.003179]]}},{"type":"Feature","properties":{"id":"c45","lines":"104","n":1,"tram":0,"op":"MPK Kraków — buses"},"geometry":{"type":"LineString","coordinates":[[19.923457,50.004942],[19.920711,50.004942],[19.917964,50.006704]]}},{"type":"Feature","properties":{"id":"c46","lines":"175 235 243 245 255 275 285 475 610","n":9,"tram":0,"op":"MPK Kraków — buses"},"geometry":{"type":"LineString","coordinates":[[19.923457,50.004942],[19.923457,50.003179]]}},{"type":"Feature","properties":{"id":"c47","lines":"175 214 215 225 235 243 245 254 255 265 275 285 475 610 915","n":15,"tram":0,"op":"MPK Kraków — buses"},"geometry":{"type":"LineString","coordinates":[[19.923457,50.004942],[19.923457,50.006704]]}},{"type":"Feature","properties":{"id":"c48","lines":"214 215 225 265 915","n":5,"tram":0,"op":"MPK Kraków — buses"},"geometry":{"type":"LineString","coordinates":[[19.923457,50.004942],[19.926204,50.003179],[19.931697,50.003179]]}},{"type":"Feature","properties":{"id":"c49","lines":"104 121 191","n":3,"tram":0,"op":"MPK Kraków — buses"},"geometry":{"type":"LineString","coordinates":[[19.917964,50.006704],[19.915218,50.008467],[19.909725,50.008467]]}},{"type":"Feature","properties":{"id":"c50","lines":"121","n":1,"tram":0,"op":"MPK Kraków — buses"},"geometry":{"type":"LineString","coordinates":[[19.917964,50.006704],[19.917964,50.004942],[19.915218,50.003179]]}},{"type":"Feature","properties":{"id":"c51","lines":"121 191","n":2,"tram":0,"op":"MPK Kraków — buses"},"geometry":{"type":"LineString","coordinates":[[19.917964,50.006704],[19.915218,50.006704]]}},{"type":"Feature","properties":{"id":"c52","lines":"191","n":1,"tram":0,"op":"MPK Kraków — buses"},"geometry":{"type":"LineString","coordinates":[[19.917964,50.006704],[19.923457,50.006704]]}},{"type":"Feature","properties":{"id":"c53","lines":"104 191","n":2,"tram":0,"op":"MPK Kraków — buses"},"geometry":{"type":"LineString","coordinates":[[19.909725,50.008467],[19.906979,50.008467]]}},{"type":"Feature","properties":{"id":"c54","lines":"121 191","n":2,"tram":0,"op":"MPK Kraków — buses"},"geometry":{"type":"LineString","coordinates":[[19.909725,50.008467],[19.912472,50.006704],[19.915218,50.006704]]}},{"type":"Feature","properties":{"id":"c55","lines":"121","n":1,"tram":0,"op":"MPK Kraków — buses"},"geometry":{"type":"LineString","coordinates":[[19.909725,50.008467],[19.909725,50.01023]]}},{"type":"Feature","properties":{"id":"c56","lines":"104 151 191 194 494 608","n":6,"tram":0,"op":"MPK Kraków — buses"},"geometry":{"type":"LineString","coordinates":[[19.906979,50.008467],[19.901486,50.004942]]}},{"type":"Feature","properties":{"id":"c57","lines":"104 151 194 494 608","n":5,"tram":0,"op":"MPK Kraków — buses"},"geometry":{"type":"LineString","coordinates":[[19.906979,50.008467],[19.909725,50.01023]]}},{"type":"Feature","properties":{"id":"c58","lines":"104 194 494 608","n":4,"tram":0,"op":"MPK Kraków — buses"},"geometry":{"type":"LineString","coordinates":[[19.909725,50.01023],[19.906979,50.011992]]}},{"type":"Feature","properties":{"id":"c59","lines":"121 151","n":2,"tram":0,"op":"MPK Kraków — buses"},"geometry":{"type":"LineString","coordinates":[[19.909725,50.01023],[19.912472,50.011992]]}},{"type":"Feature","properties":{"id":"c60","lines":"104 194 204 293 494 608","n":6,"tram":0,"op":"MPK Kraków — buses"},"geometry":{"type":"LineString","coordinates":[[19.906979,50.011992],[19.901486,50.015518]]}},{"type":"Feature","properties":{"id":"c61","lines":"204 293","n":2,"tram":0,"op":"MPK Kraków — buses"},"geometry":{"type":"LineString","coordinates":[[19.906979,50.011992],[19.912472,50.011992]]}},{"type":"Feature","properties":{"id":"c62","lines":"104 204 293","n":3,"tram":0,"op":"MPK Kraków — buses"},"geometry":{"type":"LineString","coordinates":[[19.901486,50.015518],[19.893246,50.015518]]}},{"type":"Feature","properties":{"id":"c63","lines":"194 494 608","n":3,"tram":0,"op":"MPK Kraków — buses"},"geometry":{"type":"LineString","coordinates":[[19.901486,50.015518],[19.909725,50.020806]]}},{"type":"Feature","properties":{"id":"c64","lines":"104 204 223 233 253 283 903","n":7,"tram":0,"op":"MPK Kraków — buses"},"geometry":{"type":"LineString","coordinates":[[19.893246,50.015518],[19.893246,50.020806],[19.895993,50.022568]]}},{"type":"Feature","properties":{"id":"c65","lines":"223 233 253 283 293 903","n":6,"tram":0,"op":"MPK Kraków — buses"},"geometry":{"type":"LineString","coordinates":[[19.893246,50.015518],[19.887753,50.015518]]}},{"type":"Feature","properties":{"id":"c66","lines":"116 156 203 476","n":4,"tram":0,"op":"MPK Kraków — buses"},"geometry":{"type":"LineString","coordinates":[[19.895993,50.022568],[19.885007,50.022568]]}},{"type":"Feature","properties":{"id":"c67","lines":"662","n":1,"tram":1,"op":"mix"},"geometry":{"type":"LineString","coordinates":[[19.895993,50.022568],[19.898739,50.024331],[19.915218,50.024331]]}},{"type":"Feature","properties":{"id":"c68","lines":"105","n":1,"tram":0,"op":"MPK Kraków — buses"},"geometry":{"type":"LineString","coordinates":[[20.000358,50.094838],[20.000358,50.0966]]}},{"type":"Feature","properties":{"id":"c69","lines":"105","n":1,"tram":0,"op":"MPK Kraków — buses"},"geometry":{"type":"LineString","coordinates":[[20.000358,50.094838],[20.000358,50.0966]]}},{"type":"Feature","properties":{"id":"c70","lines":"664","n":1,"tram":1,"op":"mix"},"geometry":{"type":"LineString","coordinates":[[20.000358,50.094838],[20.005851,50.091312]]}},{"type":"Feature","properties":{"id":"c71","lines":"105 260 270","n":3,"tram":0,"op":"MPK Kraków — buses"},"geometry":{"type":"LineString","coordinates":[[20.000358,50.0966],[19.997611,50.094838],[19.97564,50.094838]]}},{"type":"Feature","properties":{"id":"c72","lines":"260 270","n":2,"tram":0,"op":"MPK Kraków — buses"},"geometry":{"type":"LineString","coordinates":[[20.000358,50.0966],[19.997611,50.098363]]}},{"type":"Feature","properties":{"id":"c73","lines":"105 128 199 405 610","n":5,"tram":0,"op":"MPK Kraków — buses"},"geometry":{"type":"LineString","coordinates":[[19.97564,50.094838],[19.970147,50.094838]]}},{"type":"Feature","properties":{"id":"c74","lines":"128 250 260 270","n":4,"tram":0,"op":"MPK Kraków — buses"},"geometry":{"type":"LineString","coordinates":[[19.97564,50.094838],[19.97564,50.091312]]}},{"type":"Feature","properties":{"id":"c75","lines":"250","n":1,"tram":0,"op":"MPK Kraków — buses"},"geometry":{"type":"LineString","coordinates":[[19.97564,50.094838],[19.97564,50.0966],[19.978386,50.098363]]}},{"type":"Feature","properties":{"id":"c76","lines":"105 128 199 405 610","n":5,"tram":0,"op":"MPK Kraków — buses"},"geometry":{"type":"LineString","coordinates":[[19.970147,50.094838],[19.961908,50.094838]]}},{"type":"Feature","properties":{"id":"c77","lines":"128","n":1,"tram":0,"op":"MPK Kraków — buses"},"geometry":{"type":"LineString","coordinates":[[19.970147,50.094838],[19.967401,50.0966],[19.961908,50.0966]]}},{"type":"Feature","properties":{"id":"c78","lines":"105 199 405 610","n":4,"tram":0,"op":"MPK Kraków — buses"},"geometry":{"type":"LineString","coordinates":[[19.961908,50.094838],[19.961908,50.093075]]}},{"type":"Feature","properties":{"id":"c79","lines":"105 199 405 610","n":4,"tram":0,"op":"MPK Kraków — buses"},"geometry":{"type":"LineString","coordinates":[[19.961908,50.094838],[19.961908,50.093075]]}},{"type":"Feature","properties":{"id":"c80","lines":"128","n":1,"tram":0,"op":"MPK Kraków — buses"},"geometry":{"type":"LineString","coordinates":[[19.961908,50.094838],[19.961908,50.0966]]}},{"type":"Feature","properties":{"id":"c81","lines":"105 132 139 199 405 610","n":6,"tram":0,"op":"MPK Kraków — buses"},"geometry":{"type":"LineString","coordinates":[[19.961908,50.093075],[19.959161,50.093075]]}},{"type":"Feature","properties":{"id":"c82","lines":"132 139","n":2,"tram":0,"op":"MPK Kraków — buses"},"geometry":{"type":"LineString","coordinates":[[19.961908,50.093075],[19.967401,50.093075]]}},{"type":"Feature","properties":{"id":"c83","lines":"105 132 137 139 199 307 317 405 503 572 610","n":11,"tram":0,"op":"MPK Kraków — buses"},"geometry":{"type":"LineString","coordinates":[[19.959161,50.093075],[19.956415,50.091312]]}},{"type":"Feature","properties":{"id":"c84","lines":"132 139 572","n":3,"tram":0,"op":"MPK Kraków — buses"},"geometry":{"type":"LineString","coordinates":[[19.959161,50.093075],[19.967401,50.093075]]}},{"type":"Feature","properties":{"id":"c85","lines":"137 307 317 503","n":4,"tram":0,"op":"MPK Kraków — buses"},"geometry":{"type":"LineString","coordinates":[[19.959161,50.093075],[19.959161,50.094838],[19.961908,50.0966]]}},{"type":"Feature","properties":{"id":"c86","lines":"105 132 139 169 199 405 469 503 610","n":9,"tram":0,"op":"MPK Kraków — buses"},"geometry":{"type":"LineString","coordinates":[[19.956415,50.091312],[19.956415,50.08955]]}},{"type":"Feature","properties":{"id":"c87","lines":"137 138 169 469 572","n":5,"tram":0,"op":"MPK Kraków — buses"},"geometry":{"type":"LineString","coordinates":[[19.956415,50.091312],[19.948175,50.091312],[19.945429,50.093075]]}},{"type":"Feature","properties":{"id":"c88","lines":"138","n":1,"tram":0,"op":"MPK Kraków — buses"},"geometry":{"type":"LineString","coordinates":[[19.956415,50.091312],[19.97564,50.091312]]}},{"type":"Feature","properties":{"id":"c89","lines":"307 317","n":2,"tram":0,"op":"MPK Kraków — buses"},"geometry":{"type":"LineString","coordinates":[[19.956415,50.091312],[19.950922,50.087787],[19.950922,50.086024]]}},{"type":"Feature","properties":{"id":"c90","lines":"105 132 139 169 199 405 469 503 608 610","n":10,"tram":0,"op":"MPK Kraków — buses"},"geometry":{"type":"LineString","coordinates":[[19.956415,50.08955],[19.950922,50.086024]]}},{"type":"Feature","properties":{"id":"c91","lines":"608","n":1,"tram":0,"op":"MPK Kraków — buses"},"geometry":{"type":"LineString","coordinates":[[19.956415,50.08955],[19.961908,50.086024],[19.964654,50.086024]]}},{"type":"Feature","properties":{"id":"c92","lines":"608","n":1,"tram":0,"op":"MPK Kraków — buses"},"geometry":{"type":"LineString","coordinates":[[19.956415,50.08955],[19.959161,50.08955],[19.964654,50.086024]]}},{"type":"Feature","properties":{"id":"c93","lines":"105 132 139 169 199 405 469 608 610","n":9,"tram":0,"op":"MPK Kraków — buses"},"geometry":{"type":"LineString","coordinates":[[19.950922,50.086024],[19.948175,50.084262]]}},{"type":"Feature","properties":{"id":"c94","lines":"307 503","n":2,"tram":0,"op":"MPK Kraków — buses"},"geometry":{"type":"LineString","coordinates":[[19.950922,50.086024],[19.939936,50.086024],[19.934443,50.082499]]}},{"type":"Feature","properties":{"id":"c95","lines":"317","n":1,"tram":0,"op":"MPK Kraków — buses"},"geometry":{"type":"LineString","coordinates":[[19.950922,50.086024],[19.950922,50.073686]]}},{"type":"Feature","properties":{"id":"c96","lines":"105 132 405 608 610","n":5,"tram":0,"op":"MPK Kraków — buses"},"geometry":{"type":"LineString","coordinates":[[19.948175,50.084262],[19.948175,50.082499],[19.942682,50.078974]]}},{"type":"Feature","properties":{"id":"c97","lines":"139 169 199 469","n":4,"tram":0,"op":"MPK Kraków — buses"},"geometry":{"type":"LineString","coordinates":[[19.948175,50.084262],[19.945429,50.082499],[19.934443,50.082499]]}},{"type":"Feature","properties":{"id":"c98","lines":"105 130 132 179 304 405 608 610 669 704 904","n":11,"tram":1,"op":"mix"},"geometry":{"type":"LineString","coordinates":[[19.942682,50.078974],[19.945429,50.077211],[19.945429,50.073686]]}},{"type":"Feature","properties":{"id":"c99","lines":"130 179 189 192 304 669 704 904","n":8,"tram":0,"op":"MPK Kraków — buses"},"geometry":{"type":"LineString","coordinates":[[19.942682,50.078974],[19.939936,50.078974],[19.934443,50.082499]]}},{"type":"Feature","properties":{"id":"c100","lines":"189 192","n":2,"tram":1,"op":"mix"},"geometry":{"type":"LineString","coordinates":[[19.942682,50.078974],[19.950922,50.073686]]}},{"type":"Feature","properties":{"id":"c101","lines":"608 669","n":2,"tram":0,"op":"MPK Kraków — buses"},"geometry":{"type":"LineString","coordinates":[[19.942682,50.078974],[19.942682,50.077211],[19.953668,50.07016]]}},{"type":"Feature","properties":{"id":"c102","lines":"610 904","n":2,"tram":0,"op":"MPK Kraków — buses"},"geometry":{"type":"LineString","coordinates":[[19.942682,50.078974],[19.942682,50.068398]]}},{"type":"Feature","properties":{"id":"c104","lines":"608 609 610 669 704 902 904","n":7,"tram":1,"op":"mix"},"geometry":{"type":"LineString","coordinates":[[19.945429,50.073686],[19.942682,50.071923],[19.942682,50.068398]]}},{"type":"Feature","properties":{"id":"c105","lines":"609 902","n":2,"tram":0,"op":"MPK Kraków — buses"},"geometry":{"type":"LineString","coordinates":[[19.945429,50.073686],[19.950922,50.073686]]}},{"type":"Feature","properties":{"id":"c106","lines":"107 164 169 174 179 610","n":6,"tram":0,"op":"MPK Kraków — buses"},"geometry":{"type":"LineString","coordinates":[[19.961908,50.019043],[19.961908,50.01728]]}},{"type":"Feature","properties":{"id":"c107","lines":"164 610","n":2,"tram":0,"op":"MPK Kraków — buses"},"geometry":{"type":"LineString","coordinates":[[19.961908,50.019043],[19.959161,50.019043],[19.950922,50.024331]]}},{"type":"Feature","properties":{"id":"c108","lines":"174 179","n":2,"tram":0,"op":"MPK Kraków — buses"},"geometry":{"type":"LineString","coordinates":[[19.961908,50.019043],[19.961908,50.022568]]}},{"type":"Feature","properties":{"id":"c109","lines":"174 179","n":2,"tram":0,"op":"MPK Kraków — buses"},"geometry":{"type":"LineString","coordinates":[[19.961908,50.019043],[19.956415,50.015518]]}},{"type":"Feature","properties":{"id":"c110","lines":"107 155 164 469 610","n":5,"tram":0,"op":"MPK Kraków — buses"},"geometry":{"type":"LineString","coordinates":[[19.961908,50.01728],[19.964654,50.015518]]}},{"type":"Feature","properties":{"id":"c111","lines":"107 155 164 169 610","n":5,"tram":0,"op":"MPK Kraków — buses"},"geometry":{"type":"LineString","coordinates":[[19.961908,50.01728],[19.961908,50.015518],[19.964654,50.013755]]}},{"type":"Feature","properties":{"id":"c112","lines":"155 169 469","n":3,"tram":0,"op":"MPK Kraków — buses"},"geometry":{"type":"LineString","coordinates":[[19.961908,50.01728],[19.970147,50.022568],[19.972893,50.022568]]}},{"type":"Feature","properties":{"id":"c113","lines":"174 179","n":2,"tram":0,"op":"MPK Kraków — buses"},"geometry":{"type":"LineString","coordinates":[[19.961908,50.01728],[19.959161,50.01728],[19.956415,50.015518]]}},{"type":"Feature","properties":{"id":"c114","lines":"107 469","n":2,"tram":0,"op":"MPK Kraków — buses"},"geometry":{"type":"LineString","coordinates":[[19.964654,50.015518],[19.967401,50.013755]]}},{"type":"Feature","properties":{"id":"c115","lines":"155 164 610","n":3,"tram":0,"op":"MPK Kraków — buses"},"geometry":{"type":"LineString","coordinates":[[19.964654,50.015518],[19.964654,50.013755]]}},{"type":"Feature","properties":{"id":"c116","lines":"107 169 469 904","n":4,"tram":0,"op":"MPK Kraków — buses"},"geometry":{"type":"LineString","coordinates":[[19.967401,50.013755],[19.972893,50.01023]]}},{"type":"Feature","properties":{"id":"c117","lines":"107 169","n":2,"tram":0,"op":"MPK Kraków — buses"},"geometry":{"type":"LineString","coordinates":[[19.967401,50.013755],[19.964654,50.013755]]}},{"type":"Feature","properties":{"id":"c118","lines":"904","n":1,"tram":0,"op":"MPK Kraków — buses"},"geometry":{"type":"LineString","coordinates":[[19.967401,50.013755],[19.970147,50.015518],[19.97564,50.015518]]}},{"type":"Feature","properties":{"id":"c119","lines":"107 169 469 904","n":4,"tram":0,"op":"MPK Kraków — buses"},"geometry":{"type":"LineString","coordinates":[[19.972893,50.01023],[19.97564,50.008467]]}},{"type":"Feature","properties":{"id":"c120","lines":"904","n":1,"tram":0,"op":"MPK Kraków — buses"},"geometry":{"type":"LineString","coordinates":[[19.972893,50.01023],[19.970147,50.01023],[19.964654,50.013755]]}},{"type":"Feature","properties":{"id":"c121","lines":"107","n":1,"tram":0,"op":"MPK Kraków — buses"},"geometry":{"type":"LineString","coordinates":[[19.97564,50.008467],[19.97564,50.001416]]}},{"type":"Feature","properties":{"id":"c122","lines":"904","n":1,"tram":0,"op":"MPK Kraków — buses"},"geometry":{"type":"LineString","coordinates":[[19.97564,50.008467],[19.978386,50.008467],[19.989372,50.015518],[20.005851,50.015518]]}},{"type":"Feature","properties":{"id":"c123","lines":"107 214","n":2,"tram":0,"op":"MPK Kraków — buses"},"geometry":{"type":"LineString","coordinates":[[19.97564,50.001416],[19.97564,49.999654]]}},{"type":"Feature","properties":{"id":"c124","lines":"214","n":1,"tram":0,"op":"MPK Kraków — buses"},"geometry":{"type":"LineString","coordinates":[[19.97564,50.001416],[19.956415,50.001416]]}},{"type":"Feature","properties":{"id":"c125","lines":"214","n":1,"tram":0,"op":"MPK Kraków — buses"},"geometry":{"type":"LineString","coordinates":[[19.97564,49.999654],[19.97564,49.996128]]}},{"type":"Feature","properties":{"id":"c126","lines":"155 204 224 610","n":4,"tram":1,"op":"mix"},"geometry":{"type":"LineString","coordinates":[[19.964654,50.013755],[19.953668,50.013755]]}},{"type":"Feature","properties":{"id":"c127","lines":"164 204 224 904","n":4,"tram":1,"op":"mix"},"geometry":{"type":"LineString","coordinates":[[19.964654,50.013755],[19.972893,50.013755],[19.97564,50.015518]]}},{"type":"Feature","properties":{"id":"c128","lines":"111 160 161 171 211 271","n":6,"tram":0,"op":"MPK Kraków — buses"},"geometry":{"type":"LineString","coordinates":[[20.055287,50.06311],[20.06078,50.066635],[20.063526,50.066635]]}},{"type":"Feature","properties":{"id":"c130","lines":"111 160 161","n":3,"tram":0,"op":"MPK Kraków — buses"},"geometry":{"type":"LineString","coordinates":[[20.063526,50.066635],[20.06078,50.068398],[20.06078,50.073686]]}},{"type":"Feature","properties":{"id":"c131","lines":"111 161 211","n":3,"tram":0,"op":"MPK Kraków — buses"},"geometry":{"type":"LineString","coordinates":[[20.063526,50.066635],[20.080005,50.056059],[20.080005,50.054296]]}},{"type":"Feature","properties":{"id":"c132","lines":"111 161","n":2,"tram":0,"op":"MPK Kraków — buses"},"geometry":{"type":"LineString","coordinates":[[20.063526,50.066635],[20.063526,50.064872],[20.080005,50.054296]]}},{"type":"Feature","properties":{"id":"c133","lines":"171 271","n":2,"tram":0,"op":"MPK Kraków — buses"},"geometry":{"type":"LineString","coordinates":[[20.063526,50.066635],[20.069019,50.07016],[20.069019,50.084262]]}},{"type":"Feature","properties":{"id":"c134","lines":"160","n":1,"tram":0,"op":"MPK Kraków — buses"},"geometry":{"type":"LineString","coordinates":[[20.06078,50.073686],[20.05254,50.078974],[20.05254,50.082499]]}},{"type":"Feature","properties":{"id":"c135","lines":"211","n":1,"tram":0,"op":"MPK Kraków — buses"},"geometry":{"type":"LineString","coordinates":[[20.080005,50.054296],[20.082751,50.052534],[20.082751,50.047246]]}},{"type":"Feature","properties":{"id":"c136","lines":"112 203","n":2,"tram":0,"op":"MPK Kraków — buses"},"geometry":{"type":"LineString","coordinates":[[19.854796,50.024331],[19.857543,50.022568]]}},{"type":"Feature","properties":{"id":"c137","lines":"112 203","n":2,"tram":0,"op":"MPK Kraków — buses"},"geometry":{"type":"LineString","coordinates":[[19.854796,50.024331],[19.854796,50.029619]]}},{"type":"Feature","properties":{"id":"c138","lines":"112 203","n":2,"tram":0,"op":"MPK Kraków — buses"},"geometry":{"type":"LineString","coordinates":[[19.854796,50.024331],[19.854796,50.029619]]}},{"type":"Feature","properties":{"id":"c139","lines":"203","n":1,"tram":0,"op":"MPK Kraków — buses"},"geometry":{"type":"LineString","coordinates":[[19.857543,50.022568],[19.863035,50.019043],[19.863035,50.01728]]}},{"type":"Feature","properties":{"id":"c140","lines":"112 203","n":2,"tram":0,"op":"MPK Kraków — buses"},"geometry":{"type":"LineString","coordinates":[[19.854796,50.029619],[19.860289,50.033144]]}},{"type":"Feature","properties":{"id":"c141","lines":"112 203","n":2,"tram":0,"op":"MPK Kraków — buses"},"geometry":{"type":"LineString","coordinates":[[19.860289,50.033144],[19.871275,50.033144]]}},{"type":"Feature","properties":{"id":"c142","lines":"203","n":1,"tram":0,"op":"MPK Kraków — buses"},"geometry":{"type":"LineString","coordinates":[[19.860289,50.033144],[19.860289,50.038432]]}},{"type":"Feature","properties":{"id":"c143","lines":"112 162 176","n":3,"tram":0,"op":"MPK Kraków — buses"},"geometry":{"type":"LineString","coordinates":[[19.871275,50.033144],[19.874021,50.034907],[19.885007,50.034907]]}},{"type":"Feature","properties":{"id":"c144","lines":"162 176 476","n":3,"tram":0,"op":"MPK Kraków — buses"},"geometry":{"type":"LineString","coordinates":[[19.871275,50.033144],[19.868528,50.031382]]}},{"type":"Feature","properties":{"id":"c145","lines":"203 476","n":2,"tram":0,"op":"MPK Kraków — buses"},"geometry":{"type":"LineString","coordinates":[[19.871275,50.033144],[19.871275,50.031382],[19.885007,50.022568]]}},{"type":"Feature","properties":{"id":"c146","lines":"112 162","n":2,"tram":0,"op":"MPK Kraków — buses"},"geometry":{"type":"LineString","coordinates":[[19.885007,50.034907],[19.887753,50.034907],[19.901486,50.04372]]}},{"type":"Feature","properties":{"id":"c147","lines":"176","n":1,"tram":0,"op":"MPK Kraków — buses"},"geometry":{"type":"LineString","coordinates":[[19.885007,50.034907],[19.876768,50.040195],[19.874021,50.040195]]}},{"type":"Feature","properties":{"id":"c148","lines":"112 162","n":2,"tram":0,"op":"MPK Kraków — buses"},"geometry":{"type":"LineString","coordinates":[[19.901486,50.04372],[19.912472,50.050771],[19.917964,50.050771]]}},{"type":"Feature","properties":{"id":"c149","lines":"126 146 219","n":3,"tram":0,"op":"MPK Kraków — buses"},"geometry":{"type":"LineString","coordinates":[[19.901486,50.04372],[19.906979,50.040195],[19.912472,50.040195]]}},{"type":"Feature","properties":{"id":"c150","lines":"126 146 219","n":3,"tram":0,"op":"MPK Kraków — buses"},"geometry":{"type":"LineString","coordinates":[[19.901486,50.04372],[19.895993,50.047246],[19.893246,50.047246]]}},{"type":"Feature","properties":{"id":"c151","lines":"112 162","n":2,"tram":0,"op":"MPK Kraków — buses"},"geometry":{"type":"LineString","coordinates":[[19.917964,50.050771],[19.917964,50.04372]]}},{"type":"Feature","properties":{"id":"c152","lines":"112 162","n":2,"tram":0,"op":"MPK Kraków — buses"},"geometry":{"type":"LineString","coordinates":[[19.917964,50.050771],[19.926204,50.045483]]}},{"type":"Feature","properties":{"id":"c153","lines":"112 126 146 162 194 219 494 662","n":8,"tram":1,"op":"mix"},"geometry":{"type":"LineString","coordinates":[[19.917964,50.04372],[19.920711,50.045483],[19.926204,50.045483]]}},{"type":"Feature","properties":{"id":"c154","lines":"126 146 194 219 494 662","n":6,"tram":1,"op":"mix"},"geometry":{"type":"LineString","coordinates":[[19.917964,50.04372],[19.912472,50.040195]]}},{"type":"Feature","properties":{"id":"c155","lines":"112 124 126 146 162 219 300 424 708 LR0","n":10,"tram":0,"op":"MPK Kraków — buses"},"geometry":{"type":"LineString","coordinates":[[19.926204,50.045483],[19.931697,50.041958]]}},{"type":"Feature","properties":{"id":"c156","lines":"124 144 164 169 173 179 194 300 304 424 469 494 608 708","n":14,"tram":0,"op":"MPK Kraków — buses"},"geometry":{"type":"LineString","coordinates":[[19.926204,50.045483],[19.926204,50.052534],[19.920711,50.056059]]}},{"type":"Feature","properties":{"id":"c157","lines":"126 146 219","n":3,"tram":0,"op":"MPK Kraków — buses"},"geometry":{"type":"LineString","coordinates":[[19.926204,50.045483],[19.917964,50.040195],[19.912472,50.040195]]}},{"type":"Feature","properties":{"id":"c158","lines":"144 164 169 173 179 301 304 469 503 513 608 610","n":12,"tram":0,"op":"MPK Kraków — buses"},"geometry":{"type":"LineString","coordinates":[[19.926204,50.045483],[19.926204,50.038432],[19.93719,50.031382]]}},{"type":"Feature","properties":{"id":"c159","lines":"301 503 513 LR0","n":4,"tram":0,"op":"MPK Kraków — buses"},"geometry":{"type":"LineString","coordinates":[[19.926204,50.045483],[19.920711,50.049008],[19.920711,50.056059]]}},{"type":"Feature","properties":{"id":"c160","lines":"610 662","n":2,"tram":0,"op":"MPK Kraków — buses"},"geometry":{"type":"LineString","coordinates":[[19.926204,50.045483],[19.934443,50.050771],[19.939936,50.050771]]}},{"type":"Feature","properties":{"id":"c162","lines":"113","n":1,"tram":0,"op":"MPK Kraków — buses"},"geometry":{"type":"LineString","coordinates":[[20.008597,50.057822],[20.016837,50.057822]]}},{"type":"Feature","properties":{"id":"c163","lines":"148","n":1,"tram":0,"op":"MPK Kraków — buses"},"geometry":{"type":"LineString","coordinates":[[20.008597,50.057822],[20.005851,50.056059]]}},{"type":"Feature","properties":{"id":"c164","lines":"148","n":1,"tram":0,"op":"MPK Kraków — buses"},"geometry":{"type":"LineString","coordinates":[[20.008597,50.057822],[20.008597,50.06311]]}},{"type":"Feature","properties":{"id":"c165","lines":"113 183","n":2,"tram":0,"op":"MPK Kraków — buses"},"geometry":{"type":"LineString","coordinates":[[20.016837,50.057822],[20.019583,50.059584]]}},{"type":"Feature","properties":{"id":"c166","lines":"183","n":1,"tram":0,"op":"MPK Kraków — buses"},"geometry":{"type":"LineString","coordinates":[[20.016837,50.057822],[20.008597,50.06311]]}},{"type":"Feature","properties":{"id":"c167","lines":"183","n":1,"tram":0,"op":"MPK Kraków — buses"},"geometry":{"type":"LineString","coordinates":[[20.016837,50.057822],[20.022329,50.057822]]}},{"type":"Feature","properties":{"id":"c168","lines":"113","n":1,"tram":0,"op":"MPK Kraków — buses"},"geometry":{"type":"LineString","coordinates":[[20.019583,50.059584],[20.011344,50.064872]]}},{"type":"Feature","properties":{"id":"c169","lines":"183","n":1,"tram":0,"op":"MPK Kraków — buses"},"geometry":{"type":"LineString","coordinates":[[20.019583,50.059584],[20.022329,50.057822]]}},{"type":"Feature","properties":{"id":"c170","lines":"113 148","n":2,"tram":0,"op":"MPK Kraków — buses"},"geometry":{"type":"LineString","coordinates":[[20.011344,50.064872],[20.011344,50.07016]]}},{"type":"Feature","properties":{"id":"c171","lines":"148","n":1,"tram":0,"op":"MPK Kraków — buses"},"geometry":{"type":"LineString","coordinates":[[20.011344,50.064872],[20.008597,50.06311]]}},{"type":"Feature","properties":{"id":"c172","lines":"113 148 174 662","n":4,"tram":1,"op":"mix"},"geometry":{"type":"LineString","coordinates":[[20.011344,50.07016],[20.011344,50.075448]]}},{"type":"Feature","properties":{"id":"c173","lines":"174 662","n":2,"tram":1,"op":"mix"},"geometry":{"type":"LineString","coordinates":[[20.011344,50.07016],[20.005851,50.07016]]}},{"type":"Feature","properties":{"id":"c174","lines":"113 148 202 212 222 232 262","n":7,"tram":0,"op":"MPK Kraków — buses"},"geometry":{"type":"LineString","coordinates":[[20.011344,50.075448],[20.008597,50.077211],[20.005851,50.077211]]}},{"type":"Feature","properties":{"id":"c175","lines":"174 662","n":2,"tram":1,"op":"mix"},"geometry":{"type":"LineString","coordinates":[[20.011344,50.075448],[20.022329,50.068398]]}},{"type":"Feature","properties":{"id":"c176","lines":"202 212 222 232 262","n":5,"tram":0,"op":"MPK Kraków — buses"},"geometry":{"type":"LineString","coordinates":[[20.011344,50.075448],[20.01409,50.077211]]}},{"type":"Feature","properties":{"id":"c177","lines":"664","n":1,"tram":1,"op":"mix"},"geometry":{"type":"LineString","coordinates":[[20.011344,50.075448],[20.01409,50.077211]]}},{"type":"Feature","properties":{"id":"c178","lines":"664","n":1,"tram":1,"op":"mix"},"geometry":{"type":"LineString","coordinates":[[20.011344,50.075448],[20.005851,50.075448]]}},{"type":"Feature","properties":{"id":"c179","lines":"611","n":1,"tram":0,"op":"MPK Kraków — buses"},"geometry":{"type":"LineString","coordinates":[[20.005851,50.077211],[20.005851,50.080736]]}},{"type":"Feature","properties":{"id":"c180","lines":"116","n":1,"tram":0,"op":"MPK Kraków — buses"},"geometry":{"type":"LineString","coordinates":[[19.871275,50.015518],[19.882261,50.015518]]}},{"type":"Feature","properties":{"id":"c181","lines":"162","n":1,"tram":0,"op":"MPK Kraków — buses"},"geometry":{"type":"LineString","coordinates":[[19.871275,50.015518],[19.871275,50.029619],[19.868528,50.031382]]}},{"type":"Feature","properties":{"id":"c182","lines":"116","n":1,"tram":0,"op":"MPK Kraków — buses"},"geometry":{"type":"LineString","coordinates":[[19.882261,50.015518],[19.885007,50.01728]]}},{"type":"Feature","properties":{"id":"c183","lines":"116","n":1,"tram":0,"op":"MPK Kraków — buses"},"geometry":{"type":"LineString","coordinates":[[19.882261,50.015518],[19.887753,50.015518]]}},{"type":"Feature","properties":{"id":"c184","lines":"116 156","n":2,"tram":0,"op":"MPK Kraków — buses"},"geometry":{"type":"LineString","coordinates":[[19.885007,50.01728],[19.885007,50.020806]]}},{"type":"Feature","properties":{"id":"c185","lines":"156","n":1,"tram":0,"op":"MPK Kraków — buses"},"geometry":{"type":"LineString","coordinates":[[19.885007,50.01728],[19.885007,50.013755],[19.882261,50.011992]]}},{"type":"Feature","properties":{"id":"c186","lines":"116 156","n":2,"tram":0,"op":"MPK Kraków — buses"},"geometry":{"type":"LineString","coordinates":[[19.885007,50.020806],[19.885007,50.022568]]}},{"type":"Feature","properties":{"id":"c187","lines":"116 156","n":2,"tram":0,"op":"MPK Kraków — buses"},"geometry":{"type":"LineString","coordinates":[[19.885007,50.020806],[19.887753,50.019043],[19.887753,50.015518]]}},{"type":"Feature","properties":{"id":"c188","lines":"156 223 233 253 283 293 903","n":7,"tram":0,"op":"MPK Kraków — buses"},"geometry":{"type":"LineString","coordinates":[[19.887753,50.015518],[19.882261,50.011992]]}},{"type":"Feature","properties":{"id":"c189","lines":"120 140 337 420 513 669","n":6,"tram":0,"op":"MPK Kraków — buses"},"geometry":{"type":"LineString","coordinates":[[19.934443,50.087787],[19.934443,50.082499]]}},{"type":"Feature","properties":{"id":"c190","lines":"120 140 337 420 513 669","n":6,"tram":1,"op":"mix"},"geometry":{"type":"LineString","coordinates":[[19.934443,50.087787],[19.931697,50.08955]]}},{"type":"Feature","properties":{"id":"c192","lines":"139 169 179 192 199 469 608 704","n":8,"tram":0,"op":"MPK Kraków — buses"},"geometry":{"type":"LineString","coordinates":[[19.934443,50.082499],[19.926204,50.077211]]}},{"type":"Feature","properties":{"id":"c193","lines":"301 304 307 503 513","n":5,"tram":0,"op":"MPK Kraków — buses"},"geometry":{"type":"LineString","coordinates":[[19.934443,50.082499],[19.92895,50.082499],[19.917964,50.075448]]}},{"type":"Feature","properties":{"id":"c194","lines":"502","n":1,"tram":0,"op":"MPK Kraków — buses"},"geometry":{"type":"LineString","coordinates":[[19.934443,50.082499],[19.934443,50.071923]]}},{"type":"Feature","properties":{"id":"c195","lines":"608","n":1,"tram":1,"op":"mix"},"geometry":{"type":"LineString","coordinates":[[19.934443,50.082499],[19.934443,50.071923]]}},{"type":"Feature","properties":{"id":"c197","lines":"513","n":1,"tram":0,"op":"MPK Kraków — buses"},"geometry":{"type":"LineString","coordinates":[[19.931697,50.08955],[19.934443,50.08955],[19.93719,50.091312]]}},{"type":"Feature","properties":{"id":"c198","lines":"513","n":1,"tram":0,"op":"MPK Kraków — buses"},"geometry":{"type":"LineString","coordinates":[[19.931697,50.08955],[19.934443,50.08955],[19.93719,50.091312]]}},{"type":"Feature","properties":{"id":"c199","lines":"120 144 220 240 290 420 904","n":7,"tram":0,"op":"MPK Kraków — buses"},"geometry":{"type":"LineString","coordinates":[[19.920711,50.091312],[19.920711,50.094838]]}},{"type":"Feature","properties":{"id":"c200","lines":"138 168 194 220 240 290","n":6,"tram":0,"op":"MPK Kraków — buses"},"geometry":{"type":"LineString","coordinates":[[19.920711,50.091312],[19.923457,50.093075]]}},{"type":"Feature","properties":{"id":"c201","lines":"138 144 168 194 904","n":5,"tram":0,"op":"MPK Kraków — buses"},"geometry":{"type":"LineString","coordinates":[[19.920711,50.091312],[19.917964,50.091312],[19.912472,50.087787]]}},{"type":"Feature","properties":{"id":"c202","lines":"120 150 220 240 290 420","n":6,"tram":0,"op":"MPK Kraków — buses"},"geometry":{"type":"LineString","coordinates":[[19.920711,50.094838],[19.915218,50.094838]]}},{"type":"Feature","properties":{"id":"c203","lines":"144 904","n":2,"tram":0,"op":"MPK Kraków — buses"},"geometry":{"type":"LineString","coordinates":[[19.920711,50.094838],[19.923457,50.0966],[19.92895,50.0966]]}},{"type":"Feature","properties":{"id":"c204","lines":"150","n":1,"tram":0,"op":"MPK Kraków — buses"},"geometry":{"type":"LineString","coordinates":[[19.920711,50.094838],[19.926204,50.094838]]}},{"type":"Feature","properties":{"id":"c205","lines":"220 240 290","n":3,"tram":0,"op":"MPK Kraków — buses"},"geometry":{"type":"LineString","coordinates":[[19.920711,50.094838],[19.923457,50.093075]]}},{"type":"Feature","properties":{"id":"c206","lines":"120 220 240 290 420","n":5,"tram":0,"op":"MPK Kraków — buses"},"geometry":{"type":"LineString","coordinates":[[19.915218,50.094838],[19.912472,50.0966]]}},{"type":"Feature","properties":{"id":"c207","lines":"150","n":1,"tram":0,"op":"MPK Kraków — buses"},"geometry":{"type":"LineString","coordinates":[[19.915218,50.094838],[19.904232,50.094838]]}},{"type":"Feature","properties":{"id":"c208","lines":"120 220 240 420","n":4,"tram":0,"op":"MPK Kraków — buses"},"geometry":{"type":"LineString","coordinates":[[19.912472,50.0966],[19.906979,50.100126],[19.906979,50.101888]]}},{"type":"Feature","properties":{"id":"c209","lines":"290","n":1,"tram":0,"op":"MPK Kraków — buses"},"geometry":{"type":"LineString","coordinates":[[19.912472,50.0966],[19.912472,50.101888],[19.909725,50.103651]]}},{"type":"Feature","properties":{"id":"c210","lines":"120 420 LR0","n":3,"tram":0,"op":"MPK Kraków — buses"},"geometry":{"type":"LineString","coordinates":[[19.906979,50.101888],[19.901486,50.098363]]}},{"type":"Feature","properties":{"id":"c211","lines":"220 LR0","n":2,"tram":0,"op":"MPK Kraków — buses"},"geometry":{"type":"LineString","coordinates":[[19.906979,50.101888],[19.895993,50.108939],[19.895993,50.110702]]}},{"type":"Feature","properties":{"id":"c212","lines":"240","n":1,"tram":0,"op":"MPK Kraków — buses"},"geometry":{"type":"LineString","coordinates":[[19.906979,50.101888],[19.909725,50.103651]]}},{"type":"Feature","properties":{"id":"c213","lines":"120 LR0","n":2,"tram":0,"op":"MPK Kraków — buses"},"geometry":{"type":"LineString","coordinates":[[19.901486,50.098363],[19.8905,50.091312],[19.8905,50.087787]]}},{"type":"Feature","properties":{"id":"c214","lines":"120 238 248 258 268 278 288 948 LR0","n":9,"tram":0,"op":"MPK Kraków — buses"},"geometry":{"type":"LineString","coordinates":[[19.8905,50.087787],[19.893246,50.086024]]}},{"type":"Feature","properties":{"id":"c215","lines":"238 248 258 268 278 288 948","n":7,"tram":0,"op":"MPK Kraków — buses"},"geometry":{"type":"LineString","coordinates":[[19.8905,50.087787],[19.882261,50.087787]]}},{"type":"Feature","properties":{"id":"c216","lines":"120 173 200 210 230 238 248 258 268 278 288 310 572 611 910 948 LR0","n":17,"tram":0,"op":"MPK Kraków — buses"},"geometry":{"type":"LineString","coordinates":[[19.893246,50.086024],[19.8905,50.084262],[19.8905,50.080736]]}},{"type":"Feature","properties":{"id":"c217","lines":"168 200 210 230 310 611 910","n":7,"tram":0,"op":"MPK Kraków — buses"},"geometry":{"type":"LineString","coordinates":[[19.893246,50.086024],[19.893246,50.08955],[19.895993,50.091312]]}},{"type":"Feature","properties":{"id":"c218","lines":"168 173 572","n":3,"tram":0,"op":"MPK Kraków — buses"},"geometry":{"type":"LineString","coordinates":[[19.893246,50.086024],[19.898739,50.08955],[19.901486,50.08955]]}},{"type":"Feature","properties":{"id":"c219","lines":"120 164 199 200 210 230 238 248 258 268 278 288 572 601 664 704 708 910 948","n":19,"tram":0,"op":"MPK Kraków — buses"},"geometry":{"type":"LineString","coordinates":[[19.8905,50.080736],[19.885007,50.080736]]}},{"type":"Feature","properties":{"id":"c220","lines":"164 173 199 310 601 611","n":6,"tram":0,"op":"MPK Kraków — buses"},"geometry":{"type":"LineString","coordinates":[[19.8905,50.080736],[19.8905,50.075448]]}},{"type":"Feature","properties":{"id":"c221","lines":"120 164 199 218 228 298 601 918","n":8,"tram":0,"op":"MPK Kraków — buses"},"geometry":{"type":"LineString","coordinates":[[19.885007,50.080736],[19.879514,50.077211],[19.876768,50.077211]]}},{"type":"Feature","properties":{"id":"c222","lines":"120 572","n":2,"tram":0,"op":"MPK Kraków — buses"},"geometry":{"type":"LineString","coordinates":[[19.885007,50.080736],[19.882261,50.080736],[19.876768,50.077211]]}},{"type":"Feature","properties":{"id":"c223","lines":"164 199 601","n":3,"tram":0,"op":"MPK Kraków — buses"},"geometry":{"type":"LineString","coordinates":[[19.885007,50.080736],[19.885007,50.078974],[19.8905,50.075448]]}},{"type":"Feature","properties":{"id":"c224","lines":"164 199 218 228 298 601 918","n":7,"tram":0,"op":"MPK Kraków — buses"},"geometry":{"type":"LineString","coordinates":[[19.876768,50.077211],[19.865782,50.077211]]}},{"type":"Feature","properties":{"id":"c225","lines":"121","n":1,"tram":0,"op":"MPK Kraków — buses"},"geometry":{"type":"LineString","coordinates":[[19.915218,50.003179],[19.915218,50.006704]]}},{"type":"Feature","properties":{"id":"c226","lines":"121 204 293","n":3,"tram":0,"op":"MPK Kraków — buses"},"geometry":{"type":"LineString","coordinates":[[19.912472,50.011992],[19.920711,50.011992],[19.923457,50.01023]]}},{"type":"Feature","properties":{"id":"c227","lines":"151","n":1,"tram":0,"op":"MPK Kraków — buses"},"geometry":{"type":"LineString","coordinates":[[19.912472,50.011992],[19.915218,50.013755]]}},{"type":"Feature","properties":{"id":"c228","lines":"121 175 191 204 214 215 225 235 243 245 254 255 265 275 285 293 475 610 915","n":19,"tram":0,"op":"MPK Kraków — buses"},"geometry":{"type":"LineString","coordinates":[[19.923457,50.01023],[19.926204,50.011992]]}},{"type":"Feature","properties":{"id":"c229","lines":"175 191 214 215 225 235 243 245 254 255 265 275 285 475 610 915","n":16,"tram":0,"op":"MPK Kraków — buses"},"geometry":{"type":"LineString","coordinates":[[19.923457,50.01023],[19.923457,50.006704]]}},{"type":"Feature","properties":{"id":"c230","lines":"204 610","n":2,"tram":0,"op":"MPK Kraków — buses"},"geometry":{"type":"LineString","coordinates":[[19.923457,50.01023],[19.92895,50.01023],[19.931697,50.008467],[19.945429,50.008467]]}},{"type":"Feature","properties":{"id":"c231","lines":"151 915","n":2,"tram":0,"op":"MPK Kraków — buses"},"geometry":{"type":"LineString","coordinates":[[19.926204,50.011992],[19.926204,50.015518]]}},{"type":"Feature","properties":{"id":"c232","lines":"610","n":1,"tram":0,"op":"MPK Kraków — buses"},"geometry":{"type":"LineString","coordinates":[[19.926204,50.011992],[19.926204,50.008467],[19.923457,50.006704]]}},{"type":"Feature","properties":{"id":"c233","lines":"915","n":1,"tram":0,"op":"MPK Kraków — buses"},"geometry":{"type":"LineString","coordinates":[[19.926204,50.011992],[19.931697,50.015518],[19.931697,50.019043]]}},{"type":"Feature","properties":{"id":"c235","lines":"122","n":1,"tram":0,"op":"MPK Kraków — buses"},"geometry":{"type":"LineString","coordinates":[[20.016837,50.093075],[20.019583,50.091312],[20.030569,50.091312]]}},{"type":"Feature","properties":{"id":"c236","lines":"122 180 202 212 222 232 262","n":7,"tram":0,"op":"MPK Kraków — buses"},"geometry":{"type":"LineString","coordinates":[[20.030569,50.091312],[20.030569,50.084262]]}},{"type":"Feature","properties":{"id":"c237","lines":"180","n":1,"tram":0,"op":"MPK Kraków — buses"},"geometry":{"type":"LineString","coordinates":[[20.030569,50.091312],[20.036062,50.087787],[20.036062,50.086024]]}},{"type":"Feature","properties":{"id":"c238","lines":"202 212 222 232 262","n":5,"tram":0,"op":"MPK Kraków — buses"},"geometry":{"type":"LineString","coordinates":[[20.030569,50.091312],[20.033315,50.093075]]}},{"type":"Feature","properties":{"id":"c239","lines":"202 212 222 232 262","n":5,"tram":0,"op":"MPK Kraków — buses"},"geometry":{"type":"LineString","coordinates":[[20.030569,50.091312],[20.033315,50.093075]]}},{"type":"Feature","properties":{"id":"c240","lines":"122 149 180 202 212 222 232 262 608","n":9,"tram":1,"op":"mix"},"geometry":{"type":"LineString","coordinates":[[20.030569,50.084262],[20.030569,50.082499]]}},{"type":"Feature","properties":{"id":"c241","lines":"149","n":1,"tram":0,"op":"MPK Kraków — buses"},"geometry":{"type":"LineString","coordinates":[[20.030569,50.084262],[20.027822,50.086024],[20.027822,50.08955]]}},{"type":"Feature","properties":{"id":"c242","lines":"149","n":1,"tram":0,"op":"MPK Kraków — buses"},"geometry":{"type":"LineString","coordinates":[[20.030569,50.084262],[20.030569,50.087787],[20.027822,50.08955]]}},{"type":"Feature","properties":{"id":"c243","lines":"180","n":1,"tram":0,"op":"MPK Kraków — buses"},"geometry":{"type":"LineString","coordinates":[[20.030569,50.084262],[20.033315,50.086024],[20.036062,50.086024]]}},{"type":"Feature","properties":{"id":"c244","lines":"608","n":1,"tram":0,"op":"MPK Kraków — buses"},"geometry":{"type":"LineString","coordinates":[[20.030569,50.084262],[20.025076,50.087787]]}},{"type":"Feature","properties":{"id":"c245","lines":"122 180 608","n":3,"tram":0,"op":"MPK Kraków — buses"},"geometry":{"type":"LineString","coordinates":[[20.030569,50.082499],[20.027822,50.082499]]}},{"type":"Feature","properties":{"id":"c246","lines":"149 202 212 222 232 262","n":6,"tram":0,"op":"MPK Kraków — buses"},"geometry":{"type":"LineString","coordinates":[[20.030569,50.082499],[20.025076,50.082499],[20.022329,50.080736]]}},{"type":"Feature","properties":{"id":"c248","lines":"122 601 608","n":3,"tram":0,"op":"MPK Kraków — buses"},"geometry":{"type":"LineString","coordinates":[[20.027822,50.082499],[20.022329,50.086024]]}},{"type":"Feature","properties":{"id":"c249","lines":"180","n":1,"tram":0,"op":"MPK Kraków — buses"},"geometry":{"type":"LineString","coordinates":[[20.027822,50.082499],[20.025076,50.084262],[20.025076,50.087787]]}},{"type":"Feature","properties":{"id":"c250","lines":"601","n":1,"tram":0,"op":"MPK Kraków — buses"},"geometry":{"type":"LineString","coordinates":[[20.027822,50.082499],[20.036062,50.077211]]}},{"type":"Feature","properties":{"id":"c251","lines":"122 182 601 608","n":4,"tram":0,"op":"MPK Kraków — buses"},"geometry":{"type":"LineString","coordinates":[[20.022329,50.086024],[20.019583,50.086024]]}},{"type":"Feature","properties":{"id":"c252","lines":"182","n":1,"tram":0,"op":"MPK Kraków — buses"},"geometry":{"type":"LineString","coordinates":[[20.022329,50.086024],[20.025076,50.087787]]}},{"type":"Feature","properties":{"id":"c253","lines":"122 601 608","n":3,"tram":0,"op":"MPK Kraków — buses"},"geometry":{"type":"LineString","coordinates":[[20.019583,50.086024],[20.016837,50.084262]]}},{"type":"Feature","properties":{"id":"c254","lines":"182","n":1,"tram":0,"op":"MPK Kraków — buses"},"geometry":{"type":"LineString","coordinates":[[20.019583,50.086024],[20.016837,50.086024]]}},{"type":"Feature","properties":{"id":"c255","lines":"182","n":1,"tram":0,"op":"MPK Kraków — buses"},"geometry":{"type":"LineString","coordinates":[[20.019583,50.086024],[20.016837,50.087787],[20.01409,50.087787]]}},{"type":"Feature","properties":{"id":"c256","lines":"122 138 608","n":3,"tram":0,"op":"MPK Kraków — buses"},"geometry":{"type":"LineString","coordinates":[[20.016837,50.084262],[20.022329,50.080736]]}},{"type":"Feature","properties":{"id":"c257","lines":"138","n":1,"tram":0,"op":"MPK Kraków — buses"},"geometry":{"type":"LineString","coordinates":[[20.016837,50.084262],[20.016837,50.086024]]}},{"type":"Feature","properties":{"id":"c258","lines":"122 160 202 212 222 232 262 608","n":8,"tram":1,"op":"mix"},"geometry":{"type":"LineString","coordinates":[[20.022329,50.080736],[20.019583,50.080736],[20.016837,50.078974]]}},{"type":"Feature","properties":{"id":"c259","lines":"138 160","n":2,"tram":1,"op":"mix"},"geometry":{"type":"LineString","coordinates":[[20.022329,50.080736],[20.027822,50.080736]]}},{"type":"Feature","properties":{"id":"c260","lines":"149","n":1,"tram":0,"op":"MPK Kraków — buses"},"geometry":{"type":"LineString","coordinates":[[20.022329,50.080736],[20.030569,50.075448],[20.030569,50.073686]]}},{"type":"Feature","properties":{"id":"c261","lines":"122 202 212 222 232 262 608","n":7,"tram":1,"op":"mix"},"geometry":{"type":"LineString","coordinates":[[20.016837,50.078974],[20.01409,50.077211]]}},{"type":"Feature","properties":{"id":"c262","lines":"123 132 139 163 601","n":5,"tram":0,"op":"MPK Kraków — buses"},"geometry":{"type":"LineString","coordinates":[[20.016837,50.078974],[20.011344,50.082499]]}},{"type":"Feature","properties":{"id":"c263","lines":"123 132","n":2,"tram":0,"op":"MPK Kraków — buses"},"geometry":{"type":"LineString","coordinates":[[20.016837,50.078974],[20.019583,50.078974],[20.025076,50.075448]]}},{"type":"Feature","properties":{"id":"c264","lines":"132 139 160 163 601","n":5,"tram":0,"op":"MPK Kraków — buses"},"geometry":{"type":"LineString","coordinates":[[20.016837,50.078974],[20.022329,50.075448]]}},{"type":"Feature","properties":{"id":"c265","lines":"122 189 572","n":3,"tram":1,"op":"mix"},"geometry":{"type":"LineString","coordinates":[[20.01409,50.077211],[20.019583,50.073686]]}},{"type":"Feature","properties":{"id":"c266","lines":"189 572 608 664","n":4,"tram":1,"op":"mix"},"geometry":{"type":"LineString","coordinates":[[20.01409,50.077211],[20.011344,50.078974],[20.011344,50.080736]]}},{"type":"Feature","properties":{"id":"c267","lines":"122 502 572","n":3,"tram":0,"op":"MPK Kraków — buses"},"geometry":{"type":"LineString","coordinates":[[20.019583,50.073686],[20.022329,50.071923]]}},{"type":"Feature","properties":{"id":"c268","lines":"189","n":1,"tram":1,"op":"mix"},"geometry":{"type":"LineString","coordinates":[[20.019583,50.073686],[20.019583,50.07016],[20.022329,50.068398]]}},{"type":"Feature","properties":{"id":"c269","lines":"502","n":1,"tram":0,"op":"MPK Kraków — buses"},"geometry":{"type":"LineString","coordinates":[[20.019583,50.073686],[20.019583,50.075448],[20.011344,50.080736]]}},{"type":"Feature","properties":{"id":"c270","lines":"160 601","n":2,"tram":0,"op":"MPK Kraków — buses"},"geometry":{"type":"LineString","coordinates":[[20.022329,50.071923],[20.025076,50.071923]]}},{"type":"Feature","properties":{"id":"c271","lines":"601","n":1,"tram":0,"op":"MPK Kraków — buses"},"geometry":{"type":"LineString","coordinates":[[20.022329,50.071923],[20.022329,50.068398]]}},{"type":"Feature","properties":{"id":"c272","lines":"123 132 139 182 601","n":5,"tram":1,"op":"mix"},"geometry":{"type":"LineString","coordinates":[[19.992119,50.091312],[19.994865,50.08955]]}},{"type":"Feature","properties":{"id":"c273","lines":"132 139 182 183 482 601","n":6,"tram":0,"op":"MPK Kraków — buses"},"geometry":{"type":"LineString","coordinates":[[19.992119,50.091312],[19.986626,50.087787]]}},{"type":"Feature","properties":{"id":"c274","lines":"123","n":1,"tram":0,"op":"MPK Kraków — buses"},"geometry":{"type":"LineString","coordinates":[[19.994865,50.08955],[19.997611,50.087787],[20.000358,50.087787]]}},{"type":"Feature","properties":{"id":"c275","lines":"123 132 139 182 601","n":5,"tram":1,"op":"mix"},"geometry":{"type":"LineString","coordinates":[[19.994865,50.08955],[19.997611,50.08955]]}},{"type":"Feature","properties":{"id":"c276","lines":"123","n":1,"tram":0,"op":"MPK Kraków — buses"},"geometry":{"type":"LineString","coordinates":[[20.000358,50.087787],[20.000358,50.086024],[19.997611,50.084262]]}},{"type":"Feature","properties":{"id":"c277","lines":"123","n":1,"tram":0,"op":"MPK Kraków — buses"},"geometry":{"type":"LineString","coordinates":[[20.000358,50.087787],[19.997611,50.086024],[19.997611,50.084262]]}},{"type":"Feature","properties":{"id":"c278","lines":"123","n":1,"tram":0,"op":"MPK Kraków — buses"},"geometry":{"type":"LineString","coordinates":[[20.000358,50.087787],[19.997611,50.08955]]}},{"type":"Feature","properties":{"id":"c279","lines":"123 189 502 608 611","n":5,"tram":0,"op":"MPK Kraków — buses"},"geometry":{"type":"LineString","coordinates":[[19.997611,50.084262],[20.000358,50.082499],[20.003104,50.082499]]}},{"type":"Feature","properties":{"id":"c280","lines":"138","n":1,"tram":0,"op":"MPK Kraków — buses"},"geometry":{"type":"LineString","coordinates":[[19.997611,50.084262],[20.000358,50.084262],[20.008597,50.08955],[20.011344,50.08955]]}},{"type":"Feature","properties":{"id":"c281","lines":"138 183 189 572 608 611","n":6,"tram":0,"op":"MPK Kraków — buses"},"geometry":{"type":"LineString","coordinates":[[19.997611,50.084262],[19.994865,50.084262],[19.992119,50.086024]]}},{"type":"Feature","properties":{"id":"c282","lines":"183","n":1,"tram":0,"op":"MPK Kraków — buses"},"geometry":{"type":"LineString","coordinates":[[19.997611,50.084262],[20.000358,50.082499],[20.000358,50.075448]]}},{"type":"Feature","properties":{"id":"c283","lines":"502 608","n":2,"tram":0,"op":"MPK Kraków — buses"},"geometry":{"type":"LineString","coordinates":[[19.997611,50.084262],[19.986626,50.084262],[19.983879,50.086024]]}},{"type":"Feature","properties":{"id":"c284","lines":"572","n":1,"tram":0,"op":"MPK Kraków — buses"},"geometry":{"type":"LineString","coordinates":[[19.997611,50.084262],[20.000358,50.084262],[20.005851,50.080736]]}},{"type":"Feature","properties":{"id":"c285","lines":"123 189 608 611","n":4,"tram":0,"op":"MPK Kraków — buses"},"geometry":{"type":"LineString","coordinates":[[20.003104,50.082499],[20.005851,50.080736]]}},{"type":"Feature","properties":{"id":"c286","lines":"502","n":1,"tram":0,"op":"MPK Kraków — buses"},"geometry":{"type":"LineString","coordinates":[[20.003104,50.082499],[20.008597,50.082499],[20.011344,50.080736]]}},{"type":"Feature","properties":{"id":"c287","lines":"123","n":1,"tram":0,"op":"MPK Kraków — buses"},"geometry":{"type":"LineString","coordinates":[[20.005851,50.080736],[20.005851,50.086024]]}},{"type":"Feature","properties":{"id":"c288","lines":"189 572 608","n":3,"tram":0,"op":"MPK Kraków — buses"},"geometry":{"type":"LineString","coordinates":[[20.005851,50.080736],[20.011344,50.080736]]}},{"type":"Feature","properties":{"id":"c289","lines":"123 132 139 601 664","n":5,"tram":1,"op":"mix"},"geometry":{"type":"LineString","coordinates":[[20.005851,50.086024],[20.011344,50.082499]]}},{"type":"Feature","properties":{"id":"c290","lines":"132 139 601","n":3,"tram":1,"op":"mix"},"geometry":{"type":"LineString","coordinates":[[20.005851,50.086024],[20.003104,50.087787],[20.003104,50.08955]]}},{"type":"Feature","properties":{"id":"c291","lines":"664","n":1,"tram":1,"op":"mix"},"geometry":{"type":"LineString","coordinates":[[20.005851,50.086024],[20.005851,50.091312]]}},{"type":"Feature","properties":{"id":"c292","lines":"163","n":1,"tram":0,"op":"MPK Kraków — buses"},"geometry":{"type":"LineString","coordinates":[[20.011344,50.082499],[20.011344,50.086024]]}},{"type":"Feature","properties":{"id":"c293","lines":"664","n":1,"tram":1,"op":"mix"},"geometry":{"type":"LineString","coordinates":[[20.011344,50.082499],[20.011344,50.080736]]}},{"type":"Feature","properties":{"id":"c294","lines":"123 132","n":2,"tram":0,"op":"MPK Kraków — buses"},"geometry":{"type":"LineString","coordinates":[[20.025076,50.075448],[20.027822,50.073686],[20.027822,50.07016]]}},{"type":"Feature","properties":{"id":"c295","lines":"132","n":1,"tram":0,"op":"MPK Kraków — buses"},"geometry":{"type":"LineString","coordinates":[[20.025076,50.075448],[20.022329,50.075448]]}},{"type":"Feature","properties":{"id":"c296","lines":"123 601","n":2,"tram":0,"op":"MPK Kraków — buses"},"geometry":{"type":"LineString","coordinates":[[20.027822,50.07016],[20.030569,50.068398]]}},{"type":"Feature","properties":{"id":"c297","lines":"123 163 601","n":3,"tram":0,"op":"MPK Kraków — buses"},"geometry":{"type":"LineString","coordinates":[[20.027822,50.07016],[20.030569,50.068398]]}},{"type":"Feature","properties":{"id":"c298","lines":"132 139 601","n":3,"tram":0,"op":"MPK Kraków — buses"},"geometry":{"type":"LineString","coordinates":[[20.027822,50.07016],[20.030569,50.071923],[20.033315,50.071923]]}},{"type":"Feature","properties":{"id":"c299","lines":"139 163","n":2,"tram":0,"op":"MPK Kraków — buses"},"geometry":{"type":"LineString","coordinates":[[20.027822,50.07016],[20.025076,50.071923]]}},{"type":"Feature","properties":{"id":"c300","lines":"149","n":1,"tram":0,"op":"MPK Kraków — buses"},"geometry":{"type":"LineString","coordinates":[[20.027822,50.07016],[20.027822,50.071923],[20.030569,50.073686]]}},{"type":"Feature","properties":{"id":"c301","lines":"149","n":1,"tram":1,"op":"mix"},"geometry":{"type":"LineString","coordinates":[[20.027822,50.07016],[20.025076,50.068398],[20.022329,50.068398]]}},{"type":"Feature","properties":{"id":"c302","lines":"149 163","n":2,"tram":1,"op":"mix"},"geometry":{"type":"LineString","coordinates":[[20.027822,50.07016],[20.030569,50.07016]]}},{"type":"Feature","properties":{"id":"c303","lines":"123 163 174 601","n":4,"tram":0,"op":"MPK Kraków — buses"},"geometry":{"type":"LineString","coordinates":[[20.030569,50.068398],[20.030569,50.064872]]}},{"type":"Feature","properties":{"id":"c304","lines":"123 163","n":2,"tram":0,"op":"MPK Kraków — buses"},"geometry":{"type":"LineString","coordinates":[[20.030569,50.068398],[20.033315,50.066635]]}},{"type":"Feature","properties":{"id":"c305","lines":"163 174","n":2,"tram":0,"op":"MPK Kraków — buses"},"geometry":{"type":"LineString","coordinates":[[20.030569,50.068398],[20.030569,50.07016]]}},{"type":"Feature","properties":{"id":"c306","lines":"123 163","n":2,"tram":0,"op":"MPK Kraków — buses"},"geometry":{"type":"LineString","coordinates":[[20.030569,50.064872],[20.027822,50.064872]]}},{"type":"Feature","properties":{"id":"c307","lines":"123 149 163 174 601","n":5,"tram":1,"op":"mix"},"geometry":{"type":"LineString","coordinates":[[20.030569,50.064872],[20.027822,50.064872]]}},{"type":"Feature","properties":{"id":"c308","lines":"123 163 174","n":3,"tram":0,"op":"MPK Kraków — buses"},"geometry":{"type":"LineString","coordinates":[[20.030569,50.064872],[20.033315,50.066635]]}},{"type":"Feature","properties":{"id":"c309","lines":"149","n":1,"tram":1,"op":"mix"},"geometry":{"type":"LineString","coordinates":[[20.030569,50.064872],[20.036062,50.064872]]}},{"type":"Feature","properties":{"id":"c310","lines":"123 163","n":2,"tram":0,"op":"MPK Kraków — buses"},"geometry":{"type":"LineString","coordinates":[[20.027822,50.064872],[20.027822,50.054296]]}},{"type":"Feature","properties":{"id":"c311","lines":"149 174 601","n":3,"tram":1,"op":"mix"},"geometry":{"type":"LineString","coordinates":[[20.027822,50.064872],[20.022329,50.068398]]}},{"type":"Feature","properties":{"id":"c312","lines":"123 163","n":2,"tram":0,"op":"MPK Kraków — buses"},"geometry":{"type":"LineString","coordinates":[[20.027822,50.054296],[20.027822,50.045483]]}},{"type":"Feature","properties":{"id":"c313","lines":"149","n":1,"tram":0,"op":"MPK Kraków — buses"},"geometry":{"type":"LineString","coordinates":[[20.027822,50.054296],[20.038808,50.061347],[20.041555,50.061347]]}},{"type":"Feature","properties":{"id":"c314","lines":"183","n":1,"tram":0,"op":"MPK Kraków — buses"},"geometry":{"type":"LineString","coordinates":[[20.027822,50.054296],[20.022329,50.057822]]}},{"type":"Feature","properties":{"id":"c315","lines":"123 163","n":2,"tram":0,"op":"MPK Kraków — buses"},"geometry":{"type":"LineString","coordinates":[[20.027822,50.045483],[20.025076,50.04372],[20.025076,50.041958]]}},{"type":"Feature","properties":{"id":"c316","lines":"158 221","n":2,"tram":0,"op":"MPK Kraków — buses"},"geometry":{"type":"LineString","coordinates":[[20.027822,50.045483],[20.033315,50.045483]]}},{"type":"Feature","properties":{"id":"c317","lines":"158 221","n":2,"tram":0,"op":"MPK Kraków — buses"},"geometry":{"type":"LineString","coordinates":[[20.027822,50.045483],[20.025076,50.045483],[20.019583,50.041958]]}},{"type":"Feature","properties":{"id":"c318","lines":"123 125 195 264 605","n":5,"tram":0,"op":"MPK Kraków — buses"},"geometry":{"type":"LineString","coordinates":[[20.025076,50.041958],[20.019583,50.041958]]}},{"type":"Feature","properties":{"id":"c319","lines":"125 163 195 605","n":4,"tram":0,"op":"MPK Kraków — buses"},"geometry":{"type":"LineString","coordinates":[[20.025076,50.041958],[20.025076,50.038432]]}},{"type":"Feature","properties":{"id":"c320","lines":"264","n":1,"tram":0,"op":"MPK Kraków — buses"},"geometry":{"type":"LineString","coordinates":[[20.025076,50.041958],[20.041555,50.041958],[20.044301,50.040195]]}},{"type":"Feature","properties":{"id":"c321","lines":"123 125 158 195 221 264 605","n":7,"tram":0,"op":"MPK Kraków — buses"},"geometry":{"type":"LineString","coordinates":[[20.019583,50.041958],[20.01409,50.038432],[20.01409,50.03667]]}},{"type":"Feature","properties":{"id":"c322","lines":"123 125 195 221 264","n":5,"tram":0,"op":"MPK Kraków — buses"},"geometry":{"type":"LineString","coordinates":[[20.01409,50.03667],[20.008597,50.03667]]}},{"type":"Feature","properties":{"id":"c323","lines":"123 158 605","n":3,"tram":0,"op":"MPK Kraków — buses"},"geometry":{"type":"LineString","coordinates":[[20.01409,50.03667],[20.011344,50.034907]]}},{"type":"Feature","properties":{"id":"c324","lines":"123 125 128 148 158 195 221 264 605","n":9,"tram":0,"op":"MPK Kraków — buses"},"geometry":{"type":"LineString","coordinates":[[20.008597,50.03667],[20.005851,50.038432]]}},{"type":"Feature","properties":{"id":"c325","lines":"123 128 148 158 605","n":5,"tram":0,"op":"MPK Kraków — buses"},"geometry":{"type":"LineString","coordinates":[[20.008597,50.03667],[20.011344,50.034907]]}},{"type":"Feature","properties":{"id":"c326","lines":"125 128 148 158 605","n":5,"tram":1,"op":"mix"},"geometry":{"type":"LineString","coordinates":[[20.005851,50.038432],[20.000358,50.038432]]}},{"type":"Feature","properties":{"id":"c327","lines":"128 158 605","n":3,"tram":0,"op":"MPK Kraków — buses"},"geometry":{"type":"LineString","coordinates":[[20.005851,50.038432],[20.003104,50.040195],[19.997611,50.040195]]}},{"type":"Feature","properties":{"id":"c328","lines":"174","n":1,"tram":0,"op":"MPK Kraków — buses"},"geometry":{"type":"LineString","coordinates":[[20.033315,50.066635],[20.033315,50.068398],[20.030569,50.07016]]}},{"type":"Feature","properties":{"id":"c329","lines":"132 139 182 601","n":4,"tram":1,"op":"mix"},"geometry":{"type":"LineString","coordinates":[[19.997611,50.08955],[20.003104,50.08955]]}},{"type":"Feature","properties":{"id":"c330","lines":"124 424","n":2,"tram":0,"op":"MPK Kraków — buses"},"geometry":{"type":"LineString","coordinates":[[19.992119,50.080736],[19.983879,50.080736],[19.97564,50.086024]]}},{"type":"Feature","properties":{"id":"c331","lines":"124 424","n":2,"tram":0,"op":"MPK Kraków — buses"},"geometry":{"type":"LineString","coordinates":[[19.992119,50.080736],[19.992119,50.075448]]}},{"type":"Feature","properties":{"id":"c332","lines":"124 182 189 424 482 601 611","n":7,"tram":0,"op":"MPK Kraków — buses"},"geometry":{"type":"LineString","coordinates":[[19.97564,50.086024],[19.972893,50.084262]]}},{"type":"Feature","properties":{"id":"c333","lines":"124 128 424","n":3,"tram":0,"op":"MPK Kraków — buses"},"geometry":{"type":"LineString","coordinates":[[19.97564,50.086024],[19.992119,50.075448]]}},{"type":"Feature","properties":{"id":"c334","lines":"128 182 189 482 502 601 611","n":7,"tram":0,"op":"MPK Kraków — buses"},"geometry":{"type":"LineString","coordinates":[[19.97564,50.086024],[19.972893,50.087787]]}},{"type":"Feature","properties":{"id":"c335","lines":"502","n":1,"tram":0,"op":"MPK Kraków — buses"},"geometry":{"type":"LineString","coordinates":[[19.97564,50.086024],[19.97564,50.080736],[19.972893,50.078974]]}},{"type":"Feature","properties":{"id":"c336","lines":"124 424","n":2,"tram":0,"op":"MPK Kraków — buses"},"geometry":{"type":"LineString","coordinates":[[19.972893,50.084262],[19.964654,50.078974]]}},{"type":"Feature","properties":{"id":"c337","lines":"124 182 189 424 482 502 601 611","n":8,"tram":0,"op":"MPK Kraków — buses"},"geometry":{"type":"LineString","coordinates":[[19.972893,50.084262],[19.972893,50.078974]]}},{"type":"Feature","properties":{"id":"c338","lines":"502","n":1,"tram":0,"op":"MPK Kraków — buses"},"geometry":{"type":"LineString","coordinates":[[19.972893,50.084262],[19.972893,50.087787]]}},{"type":"Feature","properties":{"id":"c339","lines":"124 424","n":2,"tram":0,"op":"MPK Kraków — buses"},"geometry":{"type":"LineString","coordinates":[[19.964654,50.078974],[19.964654,50.07016]]}},{"type":"Feature","properties":{"id":"c340","lines":"124 424","n":2,"tram":0,"op":"MPK Kraków — buses"},"geometry":{"type":"LineString","coordinates":[[19.964654,50.078974],[19.972893,50.078974]]}},{"type":"Feature","properties":{"id":"c342","lines":"124 125 424 601 605 611 662 664","n":8,"tram":1,"op":"mix"},"geometry":{"type":"LineString","coordinates":[[19.964654,50.07016],[19.953668,50.07016]]}},{"type":"Feature","properties":{"id":"c343","lines":"125","n":1,"tram":0,"op":"MPK Kraków — buses"},"geometry":{"type":"LineString","coordinates":[[19.964654,50.07016],[19.967401,50.07016],[19.978386,50.06311]]}},{"type":"Feature","properties":{"id":"c344","lines":"125 664","n":2,"tram":1,"op":"mix"},"geometry":{"type":"LineString","coordinates":[[19.964654,50.07016],[19.978386,50.07016]]}},{"type":"Feature","properties":{"id":"c345","lines":"182 189 482 601 611","n":5,"tram":0,"op":"MPK Kraków — buses"},"geometry":{"type":"LineString","coordinates":[[19.964654,50.07016],[19.972893,50.075448],[19.972893,50.078974]]}},{"type":"Feature","properties":{"id":"c346","lines":"182 189 482","n":3,"tram":0,"op":"MPK Kraków — buses"},"geometry":{"type":"LineString","coordinates":[[19.964654,50.07016],[19.961908,50.07016],[19.956415,50.073686]]}},{"type":"Feature","properties":{"id":"c347","lines":"502","n":1,"tram":0,"op":"MPK Kraków — buses"},"geometry":{"type":"LineString","coordinates":[[19.964654,50.07016],[19.961908,50.068398],[19.942682,50.068398]]}},{"type":"Feature","properties":{"id":"c348","lines":"502","n":1,"tram":0,"op":"MPK Kraków — buses"},"geometry":{"type":"LineString","coordinates":[[19.964654,50.07016],[19.972893,50.075448],[19.972893,50.078974]]}},{"type":"Feature","properties":{"id":"c349","lines":"605 662","n":2,"tram":1,"op":"mix"},"geometry":{"type":"LineString","coordinates":[[19.964654,50.07016],[19.964654,50.057822]]}},{"type":"Feature","properties":{"id":"c351","lines":"124 424 601 605 608 609 611 662 664 669 902","n":11,"tram":1,"op":"mix"},"geometry":{"type":"LineString","coordinates":[[19.953668,50.07016],[19.950922,50.068398],[19.942682,50.068398]]}},{"type":"Feature","properties":{"id":"c352","lines":"125","n":1,"tram":1,"op":"mix"},"geometry":{"type":"LineString","coordinates":[[19.953668,50.07016],[19.956415,50.071923],[19.956415,50.073686]]}},{"type":"Feature","properties":{"id":"c353","lines":"125 609 902","n":3,"tram":0,"op":"MPK Kraków — buses"},"geometry":{"type":"LineString","coordinates":[[19.953668,50.07016],[19.950922,50.071923],[19.950922,50.073686]]}},{"type":"Feature","properties":{"id":"c354","lines":"124 424 502 601 608 611 664 704 902","n":9,"tram":1,"op":"mix"},"geometry":{"type":"LineString","coordinates":[[19.942682,50.068398],[19.93719,50.071923],[19.934443,50.071923]]}},{"type":"Feature","properties":{"id":"c355","lines":"609 610 662 669 904","n":5,"tram":1,"op":"mix"},"geometry":{"type":"LineString","coordinates":[[19.942682,50.068398],[19.942682,50.06311]]}},{"type":"Feature","properties":{"id":"c356","lines":"124 424 601 611 664 902","n":6,"tram":0,"op":"MPK Kraków — buses"},"geometry":{"type":"LineString","coordinates":[[19.934443,50.071923],[19.926204,50.077211]]}},{"type":"Feature","properties":{"id":"c357","lines":"124 424 601 611 664 704 902","n":7,"tram":0,"op":"MPK Kraków — buses"},"geometry":{"type":"LineString","coordinates":[[19.934443,50.071923],[19.923457,50.071923]]}},{"type":"Feature","properties":{"id":"c358","lines":"124 139 169 179 192 199 424 469 601 608 611 664 704 902","n":14,"tram":0,"op":"MPK Kraków — buses"},"geometry":{"type":"LineString","coordinates":[[19.926204,50.077211],[19.923457,50.075448],[19.917964,50.075448]]}},{"type":"Feature","properties":{"id":"c359","lines":"124 169 179 192 301 304 307 424 469 503 513 608 708 902","n":14,"tram":0,"op":"MPK Kraków — buses"},"geometry":{"type":"LineString","coordinates":[[19.917964,50.075448],[19.917964,50.068398]]}},{"type":"Feature","properties":{"id":"c360","lines":"139 199 601 611","n":4,"tram":0,"op":"MPK Kraków — buses"},"geometry":{"type":"LineString","coordinates":[[19.917964,50.075448],[19.912472,50.071923]]}},{"type":"Feature","properties":{"id":"c361","lines":"664 704","n":2,"tram":0,"op":"MPK Kraków — buses"},"geometry":{"type":"LineString","coordinates":[[19.917964,50.075448],[19.923457,50.071923]]}},{"type":"Feature","properties":{"id":"c362","lines":"124 144 164 169 173 179 192 194 301 304 307 310 424 469 494 503 513 608 708 902","n":20,"tram":0,"op":"MPK Kraków — buses"},"geometry":{"type":"LineString","coordinates":[[19.917964,50.068398],[19.920711,50.066635],[19.920711,50.061347]]}},{"type":"Feature","properties":{"id":"c363","lines":"124 424 902","n":3,"tram":0,"op":"MPK Kraków — buses"},"geometry":{"type":"LineString","coordinates":[[19.917964,50.068398],[19.923457,50.071923]]}},{"type":"Feature","properties":{"id":"c364","lines":"144 164 173 194 310 494","n":6,"tram":0,"op":"MPK Kraków — buses"},"geometry":{"type":"LineString","coordinates":[[19.917964,50.068398],[19.912472,50.071923]]}},{"type":"Feature","properties":{"id":"c365","lines":"192 902","n":2,"tram":0,"op":"MPK Kraków — buses"},"geometry":{"type":"LineString","coordinates":[[19.917964,50.068398],[19.912472,50.064872],[19.912472,50.059584]]}},{"type":"Feature","properties":{"id":"c366","lines":"124 144 164 169 173 179 194 300 301 304 310 424 469 494 503 513 608 708 LR0","n":19,"tram":0,"op":"MPK Kraków — buses"},"geometry":{"type":"LineString","coordinates":[[19.920711,50.061347],[19.920711,50.056059]]}},{"type":"Feature","properties":{"id":"c367","lines":"134 192 300 902","n":4,"tram":0,"op":"MPK Kraków — buses"},"geometry":{"type":"LineString","coordinates":[[19.920711,50.061347],[19.915218,50.061347],[19.912472,50.059584]]}},{"type":"Feature","properties":{"id":"c368","lines":"134 307","n":2,"tram":0,"op":"MPK Kraków — buses"},"geometry":{"type":"LineString","coordinates":[[19.920711,50.061347],[19.917964,50.059584]]}},{"type":"Feature","properties":{"id":"c369","lines":"144 164 173 194 310 494 LR0","n":7,"tram":0,"op":"MPK Kraków — buses"},"geometry":{"type":"LineString","coordinates":[[19.920711,50.061347],[19.920711,50.064872],[19.912472,50.07016],[19.912472,50.071923]]}},{"type":"Feature","properties":{"id":"c371","lines":"300","n":1,"tram":0,"op":"MPK Kraków — buses"},"geometry":{"type":"LineString","coordinates":[[19.920711,50.056059],[19.917964,50.056059],[19.912472,50.059584]]}},{"type":"Feature","properties":{"id":"c372","lines":"310 609","n":2,"tram":1,"op":"mix"},"geometry":{"type":"LineString","coordinates":[[19.920711,50.056059],[19.909725,50.056059],[19.904232,50.052534]]}},{"type":"Feature","properties":{"id":"c373","lines":"609","n":1,"tram":1,"op":"mix"},"geometry":{"type":"LineString","coordinates":[[19.920711,50.056059],[19.92895,50.061347]]}},{"type":"Feature","properties":{"id":"c374","lines":"601 611","n":2,"tram":0,"op":"MPK Kraków — buses"},"geometry":{"type":"LineString","coordinates":[[19.923457,50.071923],[19.912472,50.071923]]}},{"type":"Feature","properties":{"id":"c375","lines":"128","n":1,"tram":0,"op":"MPK Kraków — buses"},"geometry":{"type":"LineString","coordinates":[[19.992119,50.075448],[19.992119,50.07016],[19.997611,50.066635]]}},{"type":"Feature","properties":{"id":"c376","lines":"664","n":1,"tram":0,"op":"MPK Kraków — buses"},"geometry":{"type":"LineString","coordinates":[[19.992119,50.075448],[20.000358,50.075448]]}},{"type":"Feature","properties":{"id":"c377","lines":"664","n":1,"tram":1,"op":"mix"},"geometry":{"type":"LineString","coordinates":[[19.992119,50.075448],[19.983879,50.07016],[19.978386,50.07016]]}},{"type":"Feature","properties":{"id":"c379","lines":"125 163 605","n":3,"tram":0,"op":"MPK Kraków — buses"},"geometry":{"type":"LineString","coordinates":[[20.027822,50.029619],[20.027822,50.033144]]}},{"type":"Feature","properties":{"id":"c380","lines":"163 195","n":2,"tram":0,"op":"MPK Kraków — buses"},"geometry":{"type":"LineString","coordinates":[[20.027822,50.029619],[20.025076,50.029619]]}},{"type":"Feature","properties":{"id":"c381","lines":"125 163 605","n":3,"tram":0,"op":"MPK Kraków — buses"},"geometry":{"type":"LineString","coordinates":[[20.027822,50.033144],[20.027822,50.03667]]}},{"type":"Feature","properties":{"id":"c382","lines":"125","n":1,"tram":0,"op":"MPK Kraków — buses"},"geometry":{"type":"LineString","coordinates":[[20.027822,50.033144],[20.027822,50.03667]]}},{"type":"Feature","properties":{"id":"c383","lines":"125 163 605","n":3,"tram":0,"op":"MPK Kraków — buses"},"geometry":{"type":"LineString","coordinates":[[20.027822,50.03667],[20.025076,50.038432]]}},{"type":"Feature","properties":{"id":"c384","lines":"195","n":1,"tram":0,"op":"MPK Kraków — buses"},"geometry":{"type":"LineString","coordinates":[[20.025076,50.038432],[20.025076,50.029619]]}},{"type":"Feature","properties":{"id":"c385","lines":"125","n":1,"tram":1,"op":"mix"},"geometry":{"type":"LineString","coordinates":[[20.000358,50.038432],[19.997611,50.03667],[19.992119,50.03667]]}},{"type":"Feature","properties":{"id":"c386","lines":"127 148","n":2,"tram":0,"op":"MPK Kraków — buses"},"geometry":{"type":"LineString","coordinates":[[20.000358,50.038432],[20.000358,50.041958]]}},{"type":"Feature","properties":{"id":"c387","lines":"127","n":1,"tram":0,"op":"MPK Kraków — buses"},"geometry":{"type":"LineString","coordinates":[[20.000358,50.038432],[20.003104,50.03667]]}},{"type":"Feature","properties":{"id":"c388","lines":"127","n":1,"tram":0,"op":"MPK Kraków — buses"},"geometry":{"type":"LineString","coordinates":[[20.000358,50.038432],[20.003104,50.03667]]}},{"type":"Feature","properties":{"id":"c389","lines":"128 158 605","n":3,"tram":0,"op":"MPK Kraków — buses"},"geometry":{"type":"LineString","coordinates":[[20.000358,50.038432],[19.997611,50.040195]]}},{"type":"Feature","properties":{"id":"c390","lines":"125 605","n":2,"tram":0,"op":"MPK Kraków — buses"},"geometry":{"type":"LineString","coordinates":[[19.992119,50.03667],[19.992119,50.040195],[19.994865,50.041958]]}},{"type":"Feature","properties":{"id":"c391","lines":"605","n":1,"tram":1,"op":"mix"},"geometry":{"type":"LineString","coordinates":[[19.992119,50.03667],[19.983879,50.041958]]}},{"type":"Feature","properties":{"id":"c393","lines":"125 128 158","n":3,"tram":0,"op":"MPK Kraków — buses"},"geometry":{"type":"LineString","coordinates":[[19.994865,50.041958],[19.994865,50.047246]]}},{"type":"Feature","properties":{"id":"c394","lines":"127","n":1,"tram":0,"op":"MPK Kraków — buses"},"geometry":{"type":"LineString","coordinates":[[19.994865,50.041958],[19.989372,50.041958]]}},{"type":"Feature","properties":{"id":"c395","lines":"127","n":1,"tram":0,"op":"MPK Kraków — buses"},"geometry":{"type":"LineString","coordinates":[[19.994865,50.041958],[20.000358,50.041958]]}},{"type":"Feature","properties":{"id":"c396","lines":"128 158 605","n":3,"tram":0,"op":"MPK Kraków — buses"},"geometry":{"type":"LineString","coordinates":[[19.994865,50.041958],[19.997611,50.040195]]}},{"type":"Feature","properties":{"id":"c397","lines":"125 128","n":2,"tram":0,"op":"MPK Kraków — buses"},"geometry":{"type":"LineString","coordinates":[[19.994865,50.047246],[19.989372,50.050771],[19.989372,50.061347]]}},{"type":"Feature","properties":{"id":"c398","lines":"158 174","n":2,"tram":0,"op":"MPK Kraków — buses"},"geometry":{"type":"LineString","coordinates":[[19.994865,50.047246],[19.992119,50.047246],[19.983879,50.041958]]}},{"type":"Feature","properties":{"id":"c399","lines":"174","n":1,"tram":0,"op":"MPK Kraków — buses"},"geometry":{"type":"LineString","coordinates":[[19.994865,50.047246],[20.000358,50.050771]]}},{"type":"Feature","properties":{"id":"c400","lines":"125","n":1,"tram":1,"op":"mix"},"geometry":{"type":"LineString","coordinates":[[19.989372,50.061347],[19.986626,50.06311],[19.978386,50.06311]]}},{"type":"Feature","properties":{"id":"c401","lines":"128 662","n":2,"tram":1,"op":"mix"},"geometry":{"type":"LineString","coordinates":[[19.989372,50.061347],[19.997611,50.066635]]}},{"type":"Feature","properties":{"id":"c402","lines":"662","n":1,"tram":0,"op":"MPK Kraków — buses"},"geometry":{"type":"LineString","coordinates":[[19.989372,50.061347],[19.972893,50.061347]]}},{"type":"Feature","properties":{"id":"c403","lines":"125","n":1,"tram":0,"op":"MPK Kraków — buses"},"geometry":{"type":"LineString","coordinates":[[19.978386,50.06311],[19.978386,50.07016]]}},{"type":"Feature","properties":{"id":"c405","lines":"125 182 189 482","n":4,"tram":0,"op":"MPK Kraków — buses"},"geometry":{"type":"LineString","coordinates":[[19.956415,50.073686],[19.950922,50.073686]]}},{"type":"Feature","properties":{"id":"c406","lines":"194 494 662","n":3,"tram":1,"op":"mix"},"geometry":{"type":"LineString","coordinates":[[19.912472,50.040195],[19.917964,50.03667],[19.917964,50.029619]]}},{"type":"Feature","properties":{"id":"c407","lines":"126 146 209 219 229 239 249 259 269 279 609","n":11,"tram":0,"op":"MPK Kraków — buses"},"geometry":{"type":"LineString","coordinates":[[19.893246,50.047246],[19.882261,50.047246]]}},{"type":"Feature","properties":{"id":"c408","lines":"209 229 239 249 259 269 279 609","n":8,"tram":0,"op":"MPK Kraków — buses"},"geometry":{"type":"LineString","coordinates":[[19.893246,50.047246],[19.901486,50.052534],[19.904232,50.052534]]}},{"type":"Feature","properties":{"id":"c409","lines":"126","n":1,"tram":0,"op":"MPK Kraków — buses"},"geometry":{"type":"LineString","coordinates":[[19.882261,50.047246],[19.879514,50.049008],[19.874021,50.049008]]}},{"type":"Feature","properties":{"id":"c410","lines":"126 146 209 219 229 239 249 259 269 279 609","n":11,"tram":0,"op":"MPK Kraków — buses"},"geometry":{"type":"LineString","coordinates":[[19.882261,50.047246],[19.874021,50.047246]]}},{"type":"Feature","properties":{"id":"c411","lines":"126","n":1,"tram":0,"op":"MPK Kraków — buses"},"geometry":{"type":"LineString","coordinates":[[19.874021,50.049008],[19.874021,50.059584]]}},{"type":"Feature","properties":{"id":"c412","lines":"126","n":1,"tram":0,"op":"MPK Kraków — buses"},"geometry":{"type":"LineString","coordinates":[[19.874021,50.049008],[19.874021,50.047246]]}},{"type":"Feature","properties":{"id":"c413","lines":"134","n":1,"tram":0,"op":"MPK Kraków — buses"},"geometry":{"type":"LineString","coordinates":[[19.874021,50.059584],[19.871275,50.057822]]}},{"type":"Feature","properties":{"id":"c414","lines":"146 209 219 229 239 249 259 269 279 609","n":10,"tram":0,"op":"MPK Kraków — buses"},"geometry":{"type":"LineString","coordinates":[[19.874021,50.047246],[19.871275,50.045483],[19.863035,50.045483]]}},{"type":"Feature","properties":{"id":"c415","lines":"127 158 174","n":3,"tram":0,"op":"MPK Kraków — buses"},"geometry":{"type":"LineString","coordinates":[[19.967401,50.03667],[19.97564,50.041958],[19.983879,50.041958]]}},{"type":"Feature","properties":{"id":"c416","lines":"155 174","n":2,"tram":0,"op":"MPK Kraków — buses"},"geometry":{"type":"LineString","coordinates":[[19.967401,50.03667],[19.950922,50.026094],[19.950922,50.024331]]}},{"type":"Feature","properties":{"id":"c417","lines":"669","n":1,"tram":1,"op":"mix"},"geometry":{"type":"LineString","coordinates":[[19.967401,50.03667],[19.97564,50.031382],[19.97564,50.029619]]}},{"type":"Feature","properties":{"id":"c418","lines":"669","n":1,"tram":1,"op":"mix"},"geometry":{"type":"LineString","coordinates":[[19.967401,50.03667],[19.959161,50.041958],[19.959161,50.04372]]}},{"type":"Feature","properties":{"id":"c420","lines":"127","n":1,"tram":0,"op":"MPK Kraków — buses"},"geometry":{"type":"LineString","coordinates":[[19.983879,50.041958],[19.989372,50.041958]]}},{"type":"Feature","properties":{"id":"c421","lines":"127","n":1,"tram":0,"op":"MPK Kraków — buses"},"geometry":{"type":"LineString","coordinates":[[19.983879,50.041958],[19.989372,50.041958]]}},{"type":"Feature","properties":{"id":"c422","lines":"605","n":1,"tram":1,"op":"mix"},"geometry":{"type":"LineString","coordinates":[[19.983879,50.041958],[19.97564,50.047246],[19.97564,50.049008]]}},{"type":"Feature","properties":{"id":"c423","lines":"148","n":1,"tram":0,"op":"MPK Kraków — buses"},"geometry":{"type":"LineString","coordinates":[[20.000358,50.041958],[20.000358,50.050771]]}},{"type":"Feature","properties":{"id":"c424","lines":"127","n":1,"tram":0,"op":"MPK Kraków — buses"},"geometry":{"type":"LineString","coordinates":[[20.003104,50.03667],[20.003104,50.031382]]}},{"type":"Feature","properties":{"id":"c425","lines":"662","n":1,"tram":1,"op":"mix"},"geometry":{"type":"LineString","coordinates":[[19.997611,50.066635],[20.003104,50.07016],[20.005851,50.07016]]}},{"type":"Feature","properties":{"id":"c426","lines":"128 182 189 482 601 611","n":6,"tram":0,"op":"MPK Kraków — buses"},"geometry":{"type":"LineString","coordinates":[[19.972893,50.087787],[19.972893,50.08955],[19.97564,50.091312]]}},{"type":"Feature","properties":{"id":"c427","lines":"502 608","n":2,"tram":0,"op":"MPK Kraków — buses"},"geometry":{"type":"LineString","coordinates":[[19.972893,50.087787],[19.981133,50.087787],[19.983879,50.086024]]}},{"type":"Feature","properties":{"id":"c428","lines":"608","n":1,"tram":0,"op":"MPK Kraków — buses"},"geometry":{"type":"LineString","coordinates":[[19.972893,50.087787],[19.967401,50.087787],[19.964654,50.086024]]}},{"type":"Feature","properties":{"id":"c429","lines":"132 138 139 182 189 482 601 611","n":8,"tram":0,"op":"MPK Kraków — buses"},"geometry":{"type":"LineString","coordinates":[[19.97564,50.091312],[19.981133,50.091312]]}},{"type":"Feature","properties":{"id":"c430","lines":"132 139 572","n":3,"tram":0,"op":"MPK Kraków — buses"},"geometry":{"type":"LineString","coordinates":[[19.97564,50.091312],[19.970147,50.091312],[19.967401,50.093075]]}},{"type":"Feature","properties":{"id":"c431","lines":"132 139","n":2,"tram":0,"op":"MPK Kraków — buses"},"geometry":{"type":"LineString","coordinates":[[19.97564,50.091312],[19.970147,50.091312],[19.967401,50.093075]]}},{"type":"Feature","properties":{"id":"c432","lines":"132 138 139 182 189 482 572 601 611","n":9,"tram":0,"op":"MPK Kraków — buses"},"geometry":{"type":"LineString","coordinates":[[19.97564,50.091312],[19.981133,50.091312]]}},{"type":"Feature","properties":{"id":"c433","lines":"128 137 169 307 503 669","n":6,"tram":0,"op":"MPK Kraków — buses"},"geometry":{"type":"LineString","coordinates":[[19.961908,50.0966],[19.961908,50.100126]]}},{"type":"Feature","properties":{"id":"c434","lines":"137 169 469 503","n":4,"tram":0,"op":"MPK Kraków — buses"},"geometry":{"type":"LineString","coordinates":[[19.961908,50.0966],[19.964654,50.098363]]}},{"type":"Feature","properties":{"id":"c435","lines":"169","n":1,"tram":0,"op":"MPK Kraków — buses"},"geometry":{"type":"LineString","coordinates":[[19.961908,50.0966],[19.956415,50.093075]]}},{"type":"Feature","properties":{"id":"c436","lines":"169 469","n":2,"tram":0,"op":"MPK Kraków — buses"},"geometry":{"type":"LineString","coordinates":[[19.961908,50.0966],[19.956415,50.093075]]}},{"type":"Feature","properties":{"id":"c437","lines":"317 669","n":2,"tram":0,"op":"MPK Kraków — buses"},"geometry":{"type":"LineString","coordinates":[[19.961908,50.0966],[19.959161,50.0966],[19.956415,50.098363]]}},{"type":"Feature","properties":{"id":"c438","lines":"128 669","n":2,"tram":0,"op":"MPK Kraków — buses"},"geometry":{"type":"LineString","coordinates":[[19.961908,50.100126],[19.956415,50.100126]]}},{"type":"Feature","properties":{"id":"c439","lines":"137 169 469 503","n":4,"tram":0,"op":"MPK Kraków — buses"},"geometry":{"type":"LineString","coordinates":[[19.961908,50.100126],[19.964654,50.098363]]}},{"type":"Feature","properties":{"id":"c440","lines":"169 307 469 503","n":4,"tram":0,"op":"MPK Kraków — buses"},"geometry":{"type":"LineString","coordinates":[[19.961908,50.100126],[19.961908,50.103651]]}},{"type":"Feature","properties":{"id":"c441","lines":"128 669","n":2,"tram":1,"op":"mix"},"geometry":{"type":"LineString","coordinates":[[19.956415,50.100126],[19.961908,50.103651]]}},{"type":"Feature","properties":{"id":"c443","lines":"217 247 257 277 280 297 307 917","n":8,"tram":0,"op":"MPK Kraków — buses"},"geometry":{"type":"LineString","coordinates":[[19.961908,50.103651],[19.961908,50.107176]]}},{"type":"Feature","properties":{"id":"c444","lines":"130 138 168 494 904","n":5,"tram":0,"op":"MPK Kraków — buses"},"geometry":{"type":"LineString","coordinates":[[19.912472,50.087787],[19.906979,50.087787]]}},{"type":"Feature","properties":{"id":"c445","lines":"138 168 194","n":3,"tram":0,"op":"MPK Kraków — buses"},"geometry":{"type":"LineString","coordinates":[[19.912472,50.087787],[19.915218,50.087787],[19.923457,50.093075]]}},{"type":"Feature","properties":{"id":"c446","lines":"140 168 173","n":3,"tram":0,"op":"MPK Kraków — buses"},"geometry":{"type":"LineString","coordinates":[[19.906979,50.087787],[19.904232,50.08955],[19.901486,50.08955]]}},{"type":"Feature","properties":{"id":"c447","lines":"140 904","n":2,"tram":0,"op":"MPK Kraków — buses"},"geometry":{"type":"LineString","coordinates":[[19.906979,50.087787],[19.906979,50.086024]]}},{"type":"Feature","properties":{"id":"c448","lines":"168","n":1,"tram":0,"op":"MPK Kraków — buses"},"geometry":{"type":"LineString","coordinates":[[19.906979,50.087787],[19.906979,50.08955],[19.904232,50.091312]]}},{"type":"Feature","properties":{"id":"c449","lines":"132 139 149 174 601","n":5,"tram":0,"op":"MPK Kraków — buses"},"geometry":{"type":"LineString","coordinates":[[20.038808,50.071923],[20.033315,50.071923]]}},{"type":"Feature","properties":{"id":"c450","lines":"138 601","n":2,"tram":1,"op":"mix"},"geometry":{"type":"LineString","coordinates":[[20.038808,50.071923],[20.036062,50.073686],[20.036062,50.075448]]}},{"type":"Feature","properties":{"id":"c451","lines":"149","n":1,"tram":1,"op":"mix"},"geometry":{"type":"LineString","coordinates":[[20.038808,50.071923],[20.036062,50.07016],[20.030569,50.07016]]}},{"type":"Feature","properties":{"id":"c452","lines":"242 272","n":2,"tram":0,"op":"MPK Kraków — buses"},"geometry":{"type":"LineString","coordinates":[[20.038808,50.071923],[20.038808,50.080736]]}},{"type":"Feature","properties":{"id":"c454","lines":"149","n":1,"tram":0,"op":"MPK Kraków — buses"},"geometry":{"type":"LineString","coordinates":[[20.033315,50.071923],[20.030569,50.073686]]}},{"type":"Feature","properties":{"id":"c455","lines":"174","n":1,"tram":0,"op":"MPK Kraków — buses"},"geometry":{"type":"LineString","coordinates":[[20.033315,50.071923],[20.030569,50.07016]]}},{"type":"Feature","properties":{"id":"c456","lines":"139 160 163 601","n":4,"tram":0,"op":"MPK Kraków — buses"},"geometry":{"type":"LineString","coordinates":[[20.022329,50.075448],[20.025076,50.073686],[20.025076,50.071923]]}},{"type":"Feature","properties":{"id":"c457","lines":"182","n":1,"tram":0,"op":"MPK Kraków — buses"},"geometry":{"type":"LineString","coordinates":[[20.003104,50.08955],[20.005851,50.091312]]}},{"type":"Feature","properties":{"id":"c458","lines":"132 138 139 182 189 482 572 601 611","n":9,"tram":0,"op":"MPK Kraków — buses"},"geometry":{"type":"LineString","coordinates":[[19.986626,50.087787],[19.981133,50.091312]]}},{"type":"Feature","properties":{"id":"c459","lines":"138 183 189 572 611","n":5,"tram":0,"op":"MPK Kraków — buses"},"geometry":{"type":"LineString","coordinates":[[19.986626,50.087787],[19.989372,50.087787],[19.992119,50.086024]]}},{"type":"Feature","properties":{"id":"c460","lines":"134 434","n":2,"tram":0,"op":"MPK Kraków — buses"},"geometry":{"type":"LineString","coordinates":[[19.871275,50.057822],[19.865782,50.054296]]}},{"type":"Feature","properties":{"id":"c461","lines":"134","n":1,"tram":0,"op":"MPK Kraków — buses"},"geometry":{"type":"LineString","coordinates":[[19.912472,50.059584],[19.917964,50.059584]]}},{"type":"Feature","properties":{"id":"c462","lines":"137 138 207","n":3,"tram":0,"op":"MPK Kraków — buses"},"geometry":{"type":"LineString","coordinates":[[19.945429,50.093075],[19.93719,50.093075]]}},{"type":"Feature","properties":{"id":"c463","lines":"169 207 469","n":3,"tram":0,"op":"MPK Kraków — buses"},"geometry":{"type":"LineString","coordinates":[[19.945429,50.093075],[19.948175,50.094838],[19.948175,50.0966]]}},{"type":"Feature","properties":{"id":"c464","lines":"572","n":1,"tram":0,"op":"MPK Kraków — buses"},"geometry":{"type":"LineString","coordinates":[[19.945429,50.093075],[19.942682,50.094838],[19.931697,50.094838]]}},{"type":"Feature","properties":{"id":"c465","lines":"513","n":1,"tram":0,"op":"MPK Kraków — buses"},"geometry":{"type":"LineString","coordinates":[[19.93719,50.093075],[19.93719,50.091312]]}},{"type":"Feature","properties":{"id":"c466","lines":"138 601","n":2,"tram":1,"op":"mix"},"geometry":{"type":"LineString","coordinates":[[20.036062,50.075448],[20.036062,50.077211]]}},{"type":"Feature","properties":{"id":"c467","lines":"138","n":1,"tram":0,"op":"MPK Kraków — buses"},"geometry":{"type":"LineString","coordinates":[[20.036062,50.077211],[20.033315,50.078974],[20.033315,50.080736]]}},{"type":"Feature","properties":{"id":"c469","lines":"138 160","n":2,"tram":0,"op":"MPK Kraków — buses"},"geometry":{"type":"LineString","coordinates":[[20.033315,50.080736],[20.027822,50.080736]]}},{"type":"Feature","properties":{"id":"c470","lines":"160","n":1,"tram":0,"op":"MPK Kraków — buses"},"geometry":{"type":"LineString","coordinates":[[20.033315,50.080736],[20.038808,50.080736]]}},{"type":"Feature","properties":{"id":"c471","lines":"138 182","n":2,"tram":0,"op":"MPK Kraków — buses"},"geometry":{"type":"LineString","coordinates":[[20.016837,50.086024],[20.01409,50.087787]]}},{"type":"Feature","properties":{"id":"c472","lines":"138 182","n":2,"tram":0,"op":"MPK Kraków — buses"},"geometry":{"type":"LineString","coordinates":[[20.01409,50.087787],[20.011344,50.08955]]}},{"type":"Feature","properties":{"id":"c473","lines":"182","n":1,"tram":0,"op":"MPK Kraków — buses"},"geometry":{"type":"LineString","coordinates":[[20.011344,50.08955],[20.008597,50.091312],[20.005851,50.091312]]}},{"type":"Feature","properties":{"id":"c474","lines":"608","n":1,"tram":0,"op":"MPK Kraków — buses"},"geometry":{"type":"LineString","coordinates":[[19.992119,50.086024],[19.983879,50.086024]]}},{"type":"Feature","properties":{"id":"c475","lines":"164 173 199 310 601 611","n":6,"tram":0,"op":"MPK Kraków — buses"},"geometry":{"type":"LineString","coordinates":[[19.893246,50.073686],[19.8905,50.075448]]}},{"type":"Feature","properties":{"id":"c476","lines":"139 144 164 173 194 199 310 494 601 611 LR0","n":11,"tram":0,"op":"MPK Kraków — buses"},"geometry":{"type":"LineString","coordinates":[[19.906979,50.071923],[19.912472,50.071923]]}},{"type":"Feature","properties":{"id":"c477","lines":"144 194 494","n":3,"tram":0,"op":"MPK Kraków — buses"},"geometry":{"type":"LineString","coordinates":[[19.906979,50.071923],[19.904232,50.073686]]}},{"type":"Feature","properties":{"id":"c478","lines":"139 144 164 173 194 199 494 601 611","n":9,"tram":0,"op":"MPK Kraków — buses"},"geometry":{"type":"LineString","coordinates":[[19.912472,50.071923],[19.909725,50.073686],[19.904232,50.073686]]}},{"type":"Feature","properties":{"id":"c479","lines":"140","n":1,"tram":0,"op":"MPK Kraków — buses"},"geometry":{"type":"LineString","coordinates":[[19.901486,50.08955],[19.895993,50.086024]]}},{"type":"Feature","properties":{"id":"c480","lines":"572","n":1,"tram":0,"op":"MPK Kraków — buses"},"geometry":{"type":"LineString","coordinates":[[19.901486,50.08955],[19.909725,50.094838],[19.926204,50.094838]]}},{"type":"Feature","properties":{"id":"c481","lines":"140","n":1,"tram":0,"op":"MPK Kraków — buses"},"geometry":{"type":"LineString","coordinates":[[19.895993,50.086024],[19.906979,50.086024]]}},{"type":"Feature","properties":{"id":"c482","lines":"144 195","n":2,"tram":0,"op":"MPK Kraków — buses"},"geometry":{"type":"LineString","coordinates":[[20.000358,50.01728],[20.000358,50.015518]]}},{"type":"Feature","properties":{"id":"c483","lines":"144 195 224 244 274 301 304 503","n":8,"tram":0,"op":"MPK Kraków — buses"},"geometry":{"type":"LineString","coordinates":[[20.000358,50.01728],[19.997611,50.019043],[19.994865,50.019043]]}},{"type":"Feature","properties":{"id":"c484","lines":"144 195","n":2,"tram":0,"op":"MPK Kraków — buses"},"geometry":{"type":"LineString","coordinates":[[20.000358,50.01728],[20.000358,50.015518]]}},{"type":"Feature","properties":{"id":"c485","lines":"204 224 244 274 301 304 503","n":7,"tram":0,"op":"MPK Kraków — buses"},"geometry":{"type":"LineString","coordinates":[[20.000358,50.01728],[20.003104,50.015518],[20.005851,50.015518]]}},{"type":"Feature","properties":{"id":"c486","lines":"204","n":1,"tram":0,"op":"MPK Kraków — buses"},"geometry":{"type":"LineString","coordinates":[[20.000358,50.01728],[19.994865,50.01728]]}},{"type":"Feature","properties":{"id":"c487","lines":"144 173 204 224 301 304 503 513 669","n":9,"tram":0,"op":"MPK Kraków — buses"},"geometry":{"type":"LineString","coordinates":[[19.994865,50.019043],[19.986626,50.019043]]}},{"type":"Feature","properties":{"id":"c488","lines":"153","n":1,"tram":0,"op":"MPK Kraków — buses"},"geometry":{"type":"LineString","coordinates":[[19.994865,50.019043],[19.994865,50.01728]]}},{"type":"Feature","properties":{"id":"c489","lines":"153 163 173 195 244 274 669","n":7,"tram":1,"op":"mix"},"geometry":{"type":"LineString","coordinates":[[19.994865,50.019043],[19.997611,50.020806],[20.003104,50.020806]]}},{"type":"Feature","properties":{"id":"c490","lines":"153 163 204 513","n":4,"tram":0,"op":"MPK Kraków — buses"},"geometry":{"type":"LineString","coordinates":[[19.994865,50.019043],[19.994865,50.01728]]}},{"type":"Feature","properties":{"id":"c492","lines":"144 173 204 224 301 304 503 513 669","n":9,"tram":1,"op":"mix"},"geometry":{"type":"LineString","coordinates":[[19.986626,50.019043],[19.983879,50.020806]]}},{"type":"Feature","properties":{"id":"c493","lines":"144 173 301 304 503 513 904","n":7,"tram":0,"op":"MPK Kraków — buses"},"geometry":{"type":"LineString","coordinates":[[19.983879,50.020806],[19.97564,50.020806],[19.972893,50.022568]]}},{"type":"Feature","properties":{"id":"c494","lines":"204 224 904","n":3,"tram":1,"op":"mix"},"geometry":{"type":"LineString","coordinates":[[19.983879,50.020806],[19.97564,50.015518]]}},{"type":"Feature","properties":{"id":"c495","lines":"669","n":1,"tram":1,"op":"mix"},"geometry":{"type":"LineString","coordinates":[[19.983879,50.020806],[19.983879,50.024331]]}},{"type":"Feature","properties":{"id":"c496","lines":"144 155 169 173 301 304 469 503 513 904","n":10,"tram":0,"op":"MPK Kraków — buses"},"geometry":{"type":"LineString","coordinates":[[19.972893,50.022568],[19.961908,50.022568]]}},{"type":"Feature","properties":{"id":"c497","lines":"144 155 169 173 174 179 469","n":7,"tram":0,"op":"MPK Kraków — buses"},"geometry":{"type":"LineString","coordinates":[[19.961908,50.022568],[19.959161,50.024331],[19.950922,50.024331]]}},{"type":"Feature","properties":{"id":"c498","lines":"301 304 503 513 904","n":5,"tram":0,"op":"MPK Kraków — buses"},"geometry":{"type":"LineString","coordinates":[[19.961908,50.022568],[19.953668,50.022568],[19.950922,50.024331]]}},{"type":"Feature","properties":{"id":"c499","lines":"144 164 169 173 179 301 304 469 503 513 610 904","n":12,"tram":0,"op":"MPK Kraków — buses"},"geometry":{"type":"LineString","coordinates":[[19.950922,50.024331],[19.939936,50.031382],[19.93719,50.031382]]}},{"type":"Feature","properties":{"id":"c500","lines":"608","n":1,"tram":1,"op":"mix"},"geometry":{"type":"LineString","coordinates":[[19.93719,50.031382],[19.934443,50.029619],[19.934443,50.024331]]}},{"type":"Feature","properties":{"id":"c501","lines":"904","n":1,"tram":1,"op":"mix"},"geometry":{"type":"LineString","coordinates":[[19.93719,50.031382],[19.945429,50.03667],[19.945429,50.038432]]}},{"type":"Feature","properties":{"id":"c502","lines":"144 904","n":2,"tram":0,"op":"MPK Kraków — buses"},"geometry":{"type":"LineString","coordinates":[[19.92895,50.0966],[19.934443,50.100126]]}},{"type":"Feature","properties":{"id":"c503","lines":"227 267 337 513 937","n":5,"tram":0,"op":"MPK Kraków — buses"},"geometry":{"type":"LineString","coordinates":[[19.92895,50.0966],[19.923457,50.100126]]}},{"type":"Feature","properties":{"id":"c504","lines":"669","n":1,"tram":1,"op":"mix"},"geometry":{"type":"LineString","coordinates":[[19.92895,50.0966],[19.948175,50.0966]]}},{"type":"Feature","properties":{"id":"c505","lines":"249 259","n":2,"tram":0,"op":"MPK Kraków — buses"},"geometry":{"type":"LineString","coordinates":[[19.863035,50.045483],[19.846557,50.034907]]}},{"type":"Feature","properties":{"id":"c506","lines":"209 219 229 239 269 279","n":6,"tram":0,"op":"MPK Kraków — buses"},"geometry":{"type":"LineString","coordinates":[[19.849303,50.045483],[19.846557,50.045483]]}},{"type":"Feature","properties":{"id":"c507","lines":"148 174","n":2,"tram":0,"op":"MPK Kraków — buses"},"geometry":{"type":"LineString","coordinates":[[20.000358,50.050771],[20.000358,50.052534],[20.005851,50.056059]]}},{"type":"Feature","properties":{"id":"c508","lines":"174","n":1,"tram":0,"op":"MPK Kraków — buses"},"geometry":{"type":"LineString","coordinates":[[20.005851,50.056059],[20.005851,50.06311]]}},{"type":"Feature","properties":{"id":"c509","lines":"183","n":1,"tram":0,"op":"MPK Kraków — buses"},"geometry":{"type":"LineString","coordinates":[[20.008597,50.06311],[20.008597,50.068398],[20.005851,50.07016]]}},{"type":"Feature","properties":{"id":"c510","lines":"183","n":1,"tram":0,"op":"MPK Kraków — buses"},"geometry":{"type":"LineString","coordinates":[[20.008597,50.06311],[20.005851,50.06311]]}},{"type":"Feature","properties":{"id":"c511","lines":"149","n":1,"tram":1,"op":"mix"},"geometry":{"type":"LineString","coordinates":[[20.036062,50.064872],[20.041555,50.061347]]}},{"type":"Feature","properties":{"id":"c513","lines":"150 572","n":2,"tram":0,"op":"MPK Kraków — buses"},"geometry":{"type":"LineString","coordinates":[[19.926204,50.094838],[19.931697,50.094838]]}},{"type":"Feature","properties":{"id":"c514","lines":"151","n":1,"tram":0,"op":"MPK Kraków — buses"},"geometry":{"type":"LineString","coordinates":[[19.915218,50.013755],[19.917964,50.015518]]}},{"type":"Feature","properties":{"id":"c515","lines":"151","n":1,"tram":0,"op":"MPK Kraków — buses"},"geometry":{"type":"LineString","coordinates":[[19.915218,50.013755],[19.917964,50.015518]]}},{"type":"Feature","properties":{"id":"c516","lines":"151","n":1,"tram":0,"op":"MPK Kraków — buses"},"geometry":{"type":"LineString","coordinates":[[19.917964,50.015518],[19.920711,50.01728],[19.923457,50.01728]]}},{"type":"Feature","properties":{"id":"c517","lines":"151","n":1,"tram":0,"op":"MPK Kraków — buses"},"geometry":{"type":"LineString","coordinates":[[19.923457,50.01728],[19.926204,50.015518]]}},{"type":"Feature","properties":{"id":"c518","lines":"151","n":1,"tram":0,"op":"MPK Kraków — buses"},"geometry":{"type":"LineString","coordinates":[[19.923457,50.01728],[19.926204,50.015518]]}},{"type":"Feature","properties":{"id":"c519","lines":"915","n":1,"tram":1,"op":"mix"},"geometry":{"type":"LineString","coordinates":[[19.926204,50.015518],[19.931697,50.019043]]}},{"type":"Feature","properties":{"id":"c520","lines":"153 163 513","n":3,"tram":0,"op":"MPK Kraków — buses"},"geometry":{"type":"LineString","coordinates":[[19.994865,50.01728],[19.997611,50.015518]]}},{"type":"Feature","properties":{"id":"c521","lines":"153 163 195 669","n":4,"tram":1,"op":"mix"},"geometry":{"type":"LineString","coordinates":[[20.003104,50.020806],[20.008597,50.020806]]}},{"type":"Feature","properties":{"id":"c522","lines":"173 244 274","n":3,"tram":0,"op":"MPK Kraków — buses"},"geometry":{"type":"LineString","coordinates":[[20.003104,50.020806],[20.005851,50.019043]]}},{"type":"Feature","properties":{"id":"c523","lines":"153 163 195 234 284 669","n":6,"tram":1,"op":"mix"},"geometry":{"type":"LineString","coordinates":[[20.008597,50.020806],[20.011344,50.022568]]}},{"type":"Feature","properties":{"id":"c524","lines":"234 284","n":2,"tram":0,"op":"MPK Kraków — buses"},"geometry":{"type":"LineString","coordinates":[[20.008597,50.020806],[20.005851,50.019043]]}},{"type":"Feature","properties":{"id":"c525","lines":"153","n":1,"tram":0,"op":"MPK Kraków — buses"},"geometry":{"type":"LineString","coordinates":[[20.011344,50.022568],[20.01409,50.020806]]}},{"type":"Feature","properties":{"id":"c526","lines":"163 195","n":2,"tram":0,"op":"MPK Kraków — buses"},"geometry":{"type":"LineString","coordinates":[[20.011344,50.022568],[20.01409,50.024331]]}},{"type":"Feature","properties":{"id":"c527","lines":"163 195 234 284","n":4,"tram":0,"op":"MPK Kraków — buses"},"geometry":{"type":"LineString","coordinates":[[20.011344,50.022568],[20.01409,50.022568]]}},{"type":"Feature","properties":{"id":"c528","lines":"153","n":1,"tram":0,"op":"MPK Kraków — buses"},"geometry":{"type":"LineString","coordinates":[[20.01409,50.020806],[20.016837,50.020806]]}},{"type":"Feature","properties":{"id":"c529","lines":"153","n":1,"tram":0,"op":"MPK Kraków — buses"},"geometry":{"type":"LineString","coordinates":[[20.01409,50.020806],[20.016837,50.020806]]}},{"type":"Feature","properties":{"id":"c530","lines":"153","n":1,"tram":0,"op":"MPK Kraków — buses"},"geometry":{"type":"LineString","coordinates":[[20.016837,50.020806],[20.025076,50.020806]]}},{"type":"Feature","properties":{"id":"c531","lines":"153","n":1,"tram":0,"op":"MPK Kraków — buses"},"geometry":{"type":"LineString","coordinates":[[20.016837,50.020806],[20.019583,50.022568]]}},{"type":"Feature","properties":{"id":"c532","lines":"153 284","n":2,"tram":0,"op":"MPK Kraków — buses"},"geometry":{"type":"LineString","coordinates":[[20.025076,50.020806],[20.025076,50.022568]]}},{"type":"Feature","properties":{"id":"c533","lines":"284","n":1,"tram":0,"op":"MPK Kraków — buses"},"geometry":{"type":"LineString","coordinates":[[20.025076,50.020806],[20.025076,50.01728]]}},{"type":"Feature","properties":{"id":"c534","lines":"153 284","n":2,"tram":0,"op":"MPK Kraków — buses"},"geometry":{"type":"LineString","coordinates":[[20.025076,50.022568],[20.022329,50.022568]]}},{"type":"Feature","properties":{"id":"c535","lines":"284","n":1,"tram":0,"op":"MPK Kraków — buses"},"geometry":{"type":"LineString","coordinates":[[20.025076,50.022568],[20.022329,50.022568]]}},{"type":"Feature","properties":{"id":"c536","lines":"153 284","n":2,"tram":0,"op":"MPK Kraków — buses"},"geometry":{"type":"LineString","coordinates":[[20.022329,50.022568],[20.019583,50.022568]]}},{"type":"Feature","properties":{"id":"c537","lines":"284","n":1,"tram":0,"op":"MPK Kraków — buses"},"geometry":{"type":"LineString","coordinates":[[20.022329,50.022568],[20.019583,50.024331],[20.016837,50.024331]]}},{"type":"Feature","properties":{"id":"c538","lines":"284","n":1,"tram":0,"op":"MPK Kraków — buses"},"geometry":{"type":"LineString","coordinates":[[20.019583,50.022568],[20.016837,50.024331]]}},{"type":"Feature","properties":{"id":"c539","lines":"155 214 215 225 254 265 915","n":7,"tram":0,"op":"MPK Kraków — buses"},"geometry":{"type":"LineString","coordinates":[[19.931697,50.003179],[19.939936,50.003179]]}},{"type":"Feature","properties":{"id":"c540","lines":"155 214 215 225 254 265 915","n":7,"tram":0,"op":"MPK Kraków — buses"},"geometry":{"type":"LineString","coordinates":[[19.939936,50.003179],[19.942682,50.001416]]}},{"type":"Feature","properties":{"id":"c541","lines":"155 214 215 225 254 265 915","n":7,"tram":0,"op":"MPK Kraków — buses"},"geometry":{"type":"LineString","coordinates":[[19.939936,50.003179],[19.945429,50.003179]]}},{"type":"Feature","properties":{"id":"c542","lines":"155 214 215 225 254 265 915","n":7,"tram":0,"op":"MPK Kraków — buses"},"geometry":{"type":"LineString","coordinates":[[19.942682,50.001416],[19.945429,50.001416]]}},{"type":"Feature","properties":{"id":"c543","lines":"265","n":1,"tram":0,"op":"MPK Kraków — buses"},"geometry":{"type":"LineString","coordinates":[[19.942682,50.001416],[19.942682,49.996128],[19.92895,49.987315]]}},{"type":"Feature","properties":{"id":"c544","lines":"155 214 215 225 254 265 915","n":7,"tram":0,"op":"MPK Kraków — buses"},"geometry":{"type":"LineString","coordinates":[[19.945429,50.001416],[19.945429,50.003179]]}},{"type":"Feature","properties":{"id":"c545","lines":"214 254","n":2,"tram":0,"op":"MPK Kraków — buses"},"geometry":{"type":"LineString","coordinates":[[19.945429,50.001416],[19.956415,50.001416]]}},{"type":"Feature","properties":{"id":"c546","lines":"215 225 915","n":3,"tram":0,"op":"MPK Kraków — buses"},"geometry":{"type":"LineString","coordinates":[[19.945429,50.001416],[19.945429,49.996128]]}},{"type":"Feature","properties":{"id":"c547","lines":"155","n":1,"tram":0,"op":"MPK Kraków — buses"},"geometry":{"type":"LineString","coordinates":[[19.945429,50.003179],[19.945429,50.008467]]}},{"type":"Feature","properties":{"id":"c548","lines":"155 204 610","n":3,"tram":0,"op":"MPK Kraków — buses"},"geometry":{"type":"LineString","coordinates":[[19.945429,50.008467],[19.948175,50.01023]]}},{"type":"Feature","properties":{"id":"c549","lines":"155 204 610","n":3,"tram":0,"op":"MPK Kraków — buses"},"geometry":{"type":"LineString","coordinates":[[19.945429,50.008467],[19.948175,50.008467]]}},{"type":"Feature","properties":{"id":"c550","lines":"155 174 179 204 610","n":5,"tram":0,"op":"MPK Kraków — buses"},"geometry":{"type":"LineString","coordinates":[[19.948175,50.01023],[19.953668,50.013755]]}},{"type":"Feature","properties":{"id":"c551","lines":"155 174 179 204 610","n":5,"tram":0,"op":"MPK Kraków — buses"},"geometry":{"type":"LineString","coordinates":[[19.948175,50.01023],[19.948175,50.008467]]}},{"type":"Feature","properties":{"id":"c552","lines":"174 179","n":2,"tram":0,"op":"MPK Kraków — buses"},"geometry":{"type":"LineString","coordinates":[[19.953668,50.013755],[19.956415,50.015518]]}},{"type":"Feature","properties":{"id":"c553","lines":"224","n":1,"tram":1,"op":"mix"},"geometry":{"type":"LineString","coordinates":[[19.953668,50.013755],[19.942682,50.013755]]}},{"type":"Feature","properties":{"id":"c554","lines":"174 179","n":2,"tram":0,"op":"MPK Kraków — buses"},"geometry":{"type":"LineString","coordinates":[[19.948175,50.008467],[19.959161,50.008467]]}},{"type":"Feature","properties":{"id":"c555","lines":"156 233","n":2,"tram":0,"op":"MPK Kraków — buses"},"geometry":{"type":"LineString","coordinates":[[19.8905,50.004942],[19.882261,50.01023],[19.879514,50.01023]]}},{"type":"Feature","properties":{"id":"c556","lines":"175 233 475 610","n":4,"tram":0,"op":"MPK Kraków — buses"},"geometry":{"type":"LineString","coordinates":[[19.8905,50.004942],[19.893246,50.003179],[19.893246,49.999654]]}},{"type":"Feature","properties":{"id":"c557","lines":"156 223 233 253 283 293 903","n":7,"tram":0,"op":"MPK Kraków — buses"},"geometry":{"type":"LineString","coordinates":[[19.879514,50.01023],[19.882261,50.011992]]}},{"type":"Feature","properties":{"id":"c558","lines":"223 253 283 293 903","n":5,"tram":0,"op":"MPK Kraków — buses"},"geometry":{"type":"LineString","coordinates":[[19.879514,50.01023],[19.876768,50.008467]]}},{"type":"Feature","properties":{"id":"c559","lines":"158","n":1,"tram":0,"op":"MPK Kraków — buses"},"geometry":{"type":"LineString","coordinates":[[20.033315,50.050771],[20.033315,50.045483]]}},{"type":"Feature","properties":{"id":"c560","lines":"221","n":1,"tram":0,"op":"MPK Kraków — buses"},"geometry":{"type":"LineString","coordinates":[[20.033315,50.045483],[20.036062,50.04372],[20.049794,50.04372]]}},{"type":"Feature","properties":{"id":"c561","lines":"160 242 272","n":3,"tram":0,"op":"MPK Kraków — buses"},"geometry":{"type":"LineString","coordinates":[[20.05254,50.082499],[20.047048,50.086024]]}},{"type":"Feature","properties":{"id":"c562","lines":"242 272","n":2,"tram":0,"op":"MPK Kraków — buses"},"geometry":{"type":"LineString","coordinates":[[20.05254,50.082499],[20.041555,50.082499]]}},{"type":"Feature","properties":{"id":"c563","lines":"160","n":1,"tram":0,"op":"MPK Kraków — buses"},"geometry":{"type":"LineString","coordinates":[[20.047048,50.086024],[20.041555,50.082499]]}},{"type":"Feature","properties":{"id":"c564","lines":"242","n":1,"tram":0,"op":"MPK Kraków — buses"},"geometry":{"type":"LineString","coordinates":[[20.047048,50.086024],[20.05254,50.08955],[20.055287,50.08955]]}},{"type":"Feature","properties":{"id":"c565","lines":"272","n":1,"tram":0,"op":"MPK Kraków — buses"},"geometry":{"type":"LineString","coordinates":[[20.047048,50.086024],[20.047048,50.08955],[20.036062,50.0966]]}},{"type":"Feature","properties":{"id":"c566","lines":"160 242 272","n":3,"tram":0,"op":"MPK Kraków — buses"},"geometry":{"type":"LineString","coordinates":[[20.041555,50.082499],[20.038808,50.080736]]}},{"type":"Feature","properties":{"id":"c567","lines":"163 195","n":2,"tram":0,"op":"MPK Kraków — buses"},"geometry":{"type":"LineString","coordinates":[[20.025076,50.029619],[20.016837,50.024331]]}},{"type":"Feature","properties":{"id":"c568","lines":"163 195 234 284","n":4,"tram":0,"op":"MPK Kraków — buses"},"geometry":{"type":"LineString","coordinates":[[20.016837,50.024331],[20.01409,50.024331]]}},{"type":"Feature","properties":{"id":"c569","lines":"234","n":1,"tram":0,"op":"MPK Kraków — buses"},"geometry":{"type":"LineString","coordinates":[[20.016837,50.024331],[20.027822,50.024331],[20.030569,50.026094],[20.038808,50.026094]]}},{"type":"Feature","properties":{"id":"c570","lines":"234 284","n":2,"tram":0,"op":"MPK Kraków — buses"},"geometry":{"type":"LineString","coordinates":[[20.016837,50.024331],[20.01409,50.022568]]}},{"type":"Feature","properties":{"id":"c571","lines":"163 195 234 284","n":4,"tram":0,"op":"MPK Kraków — buses"},"geometry":{"type":"LineString","coordinates":[[20.01409,50.024331],[20.01409,50.022568]]}},{"type":"Feature","properties":{"id":"c572","lines":"164 199 601","n":3,"tram":0,"op":"MPK Kraków — buses"},"geometry":{"type":"LineString","coordinates":[[19.865782,50.077211],[19.865782,50.082499]]}},{"type":"Feature","properties":{"id":"c573","lines":"218 228 298 918","n":4,"tram":0,"op":"MPK Kraków — buses"},"geometry":{"type":"LineString","coordinates":[[19.865782,50.077211],[19.860289,50.080736]]}},{"type":"Feature","properties":{"id":"c574","lines":"168 611","n":2,"tram":0,"op":"MPK Kraków — buses"},"geometry":{"type":"LineString","coordinates":[[19.904232,50.091312],[19.895993,50.091312]]}},{"type":"Feature","properties":{"id":"c575","lines":"200 210 230 310 910","n":5,"tram":0,"op":"MPK Kraków — buses"},"geometry":{"type":"LineString","coordinates":[[19.895993,50.091312],[19.895993,50.094838]]}},{"type":"Feature","properties":{"id":"c576","lines":"169 469","n":2,"tram":0,"op":"MPK Kraków — buses"},"geometry":{"type":"LineString","coordinates":[[19.948175,50.0966],[19.950922,50.0966],[19.956415,50.093075]]}},{"type":"Feature","properties":{"id":"c577","lines":"207 669","n":2,"tram":0,"op":"MPK Kraków — buses"},"geometry":{"type":"LineString","coordinates":[[19.948175,50.0966],[19.948175,50.098363]]}},{"type":"Feature","properties":{"id":"c579","lines":"271","n":1,"tram":0,"op":"MPK Kraków — buses"},"geometry":{"type":"LineString","coordinates":[[20.069019,50.084262],[20.069019,50.093075]]}},{"type":"Feature","properties":{"id":"c580","lines":"212","n":1,"tram":0,"op":"MPK Kraków — buses"},"geometry":{"type":"LineString","coordinates":[[20.069019,50.093075],[20.047048,50.093075],[20.038808,50.098363]]}},{"type":"Feature","properties":{"id":"c581","lines":"503","n":1,"tram":0,"op":"MPK Kraków — buses"},"geometry":{"type":"LineString","coordinates":[[20.005851,50.019043],[20.005851,50.015518]]}},{"type":"Feature","properties":{"id":"c582","lines":"174 183","n":2,"tram":0,"op":"MPK Kraków — buses"},"geometry":{"type":"LineString","coordinates":[[20.005851,50.06311],[20.005851,50.07016]]}},{"type":"Feature","properties":{"id":"c583","lines":"183","n":1,"tram":0,"op":"MPK Kraków — buses"},"geometry":{"type":"LineString","coordinates":[[20.005851,50.07016],[20.005851,50.075448]]}},{"type":"Feature","properties":{"id":"c584","lines":"183","n":1,"tram":0,"op":"MPK Kraków — buses"},"geometry":{"type":"LineString","coordinates":[[20.005851,50.07016],[20.000358,50.073686],[20.000358,50.075448]]}},{"type":"Feature","properties":{"id":"c585","lines":"175 243 475 610","n":4,"tram":0,"op":"MPK Kraków — buses"},"geometry":{"type":"LineString","coordinates":[[19.893246,49.999654],[19.915218,49.999654]]}},{"type":"Feature","properties":{"id":"c586","lines":"233 243","n":2,"tram":0,"op":"MPK Kraków — buses"},"geometry":{"type":"LineString","coordinates":[[19.893246,49.999654],[19.8905,49.997891]]}},{"type":"Feature","properties":{"id":"c587","lines":"175","n":1,"tram":0,"op":"MPK Kraków — buses"},"geometry":{"type":"LineString","coordinates":[[19.915218,49.999654],[19.923457,49.999654]]}},{"type":"Feature","properties":{"id":"c588","lines":"243 475 610","n":3,"tram":0,"op":"MPK Kraków — buses"},"geometry":{"type":"LineString","coordinates":[[19.915218,49.999654],[19.917964,49.999654],[19.920711,50.001416]]}},{"type":"Feature","properties":{"id":"c589","lines":"243 475 610","n":3,"tram":0,"op":"MPK Kraków — buses"},"geometry":{"type":"LineString","coordinates":[[19.915218,49.999654],[19.917964,49.999654],[19.923457,50.003179]]}},{"type":"Feature","properties":{"id":"c590","lines":"175","n":1,"tram":0,"op":"MPK Kraków — buses"},"geometry":{"type":"LineString","coordinates":[[19.923457,49.999654],[19.920711,50.001416]]}},{"type":"Feature","properties":{"id":"c591","lines":"175","n":1,"tram":0,"op":"MPK Kraków — buses"},"geometry":{"type":"LineString","coordinates":[[19.923457,49.999654],[19.923457,50.003179]]}},{"type":"Feature","properties":{"id":"c592","lines":"175 235 243 245 255 275 285 475 610","n":9,"tram":0,"op":"MPK Kraków — buses"},"geometry":{"type":"LineString","coordinates":[[19.920711,50.001416],[19.923457,50.003179]]}},{"type":"Feature","properties":{"id":"c593","lines":"235 245 255 275 285","n":5,"tram":0,"op":"MPK Kraków — buses"},"geometry":{"type":"LineString","coordinates":[[19.920711,50.001416],[19.920711,49.997891]]}},{"type":"Feature","properties":{"id":"c594","lines":"180 182 608","n":3,"tram":0,"op":"MPK Kraków — buses"},"geometry":{"type":"LineString","coordinates":[[20.022329,50.08955],[20.025076,50.087787]]}},{"type":"Feature","properties":{"id":"c595","lines":"183 664","n":2,"tram":1,"op":"mix"},"geometry":{"type":"LineString","coordinates":[[20.000358,50.075448],[20.005851,50.075448]]}},{"type":"Feature","properties":{"id":"c596","lines":"192 300 902","n":3,"tram":0,"op":"MPK Kraków — buses"},"geometry":{"type":"LineString","coordinates":[[19.849303,50.059584],[19.857543,50.064872]]}},{"type":"Feature","properties":{"id":"c597","lines":"300","n":1,"tram":0,"op":"MPK Kraków — buses"},"geometry":{"type":"LineString","coordinates":[[19.849303,50.059584],[19.849303,50.061347],[19.841064,50.066635]]}},{"type":"Feature","properties":{"id":"c598","lines":"902","n":1,"tram":0,"op":"MPK Kraków — buses"},"geometry":{"type":"LineString","coordinates":[[19.849303,50.059584],[19.84381,50.06311]]}},{"type":"Feature","properties":{"id":"c599","lines":"194 494","n":2,"tram":0,"op":"MPK Kraków — buses"},"geometry":{"type":"LineString","coordinates":[[19.909725,50.020806],[19.915218,50.024331]]}},{"type":"Feature","properties":{"id":"c600","lines":"608","n":1,"tram":0,"op":"MPK Kraków — buses"},"geometry":{"type":"LineString","coordinates":[[19.909725,50.020806],[19.92895,50.020806],[19.931697,50.019043]]}},{"type":"Feature","properties":{"id":"c601","lines":"194 494 662","n":3,"tram":1,"op":"mix"},"geometry":{"type":"LineString","coordinates":[[19.915218,50.024331],[19.917964,50.024331]]}},{"type":"Feature","properties":{"id":"c602","lines":"194 494 662","n":3,"tram":1,"op":"mix"},"geometry":{"type":"LineString","coordinates":[[19.917964,50.024331],[19.917964,50.029619]]}},{"type":"Feature","properties":{"id":"c605","lines":"200","n":1,"tram":0,"op":"MPK Kraków — buses"},"geometry":{"type":"LineString","coordinates":[[19.838317,50.131854],[19.895993,50.094838]]}},{"type":"Feature","properties":{"id":"c606","lines":"210 230 310 910","n":4,"tram":0,"op":"MPK Kraków — buses"},"geometry":{"type":"LineString","coordinates":[[19.895993,50.094838],[19.8905,50.098363],[19.8905,50.100126]]}},{"type":"Feature","properties":{"id":"c607","lines":"202","n":1,"tram":0,"op":"MPK Kraków — buses"},"geometry":{"type":"LineString","coordinates":[[20.049794,50.117752],[20.038808,50.110702],[20.038808,50.105414]]}},{"type":"Feature","properties":{"id":"c608","lines":"202 222 232","n":3,"tram":0,"op":"MPK Kraków — buses"},"geometry":{"type":"LineString","coordinates":[[20.038808,50.105414],[20.041555,50.103651],[20.041555,50.100126]]}},{"type":"Feature","properties":{"id":"c609","lines":"222 232","n":2,"tram":0,"op":"MPK Kraków — buses"},"geometry":{"type":"LineString","coordinates":[[20.038808,50.105414],[20.033315,50.108939]]}},{"type":"Feature","properties":{"id":"c610","lines":"202 222 232 262 272","n":5,"tram":0,"op":"MPK Kraków — buses"},"geometry":{"type":"LineString","coordinates":[[20.041555,50.100126],[20.038808,50.098363]]}},{"type":"Feature","properties":{"id":"c611","lines":"262","n":1,"tram":0,"op":"MPK Kraków — buses"},"geometry":{"type":"LineString","coordinates":[[20.041555,50.100126],[20.05254,50.107176],[20.05254,50.108939]]}},{"type":"Feature","properties":{"id":"c612","lines":"202 212 222 232 262 272","n":6,"tram":0,"op":"MPK Kraków — buses"},"geometry":{"type":"LineString","coordinates":[[20.038808,50.098363],[20.036062,50.0966]]}},{"type":"Feature","properties":{"id":"c613","lines":"202 212 222 232 262","n":5,"tram":0,"op":"MPK Kraków — buses"},"geometry":{"type":"LineString","coordinates":[[20.036062,50.0966],[20.036062,50.094838],[20.033315,50.093075]]}},{"type":"Feature","properties":{"id":"c614","lines":"203 223 243 283 293 903","n":6,"tram":0,"op":"MPK Kraków — buses"},"geometry":{"type":"LineString","coordinates":[[19.871275,50.001416],[19.871275,49.997891]]}},{"type":"Feature","properties":{"id":"c615","lines":"203 223 253 283 293 903","n":6,"tram":0,"op":"MPK Kraków — buses"},"geometry":{"type":"LineString","coordinates":[[19.871275,50.001416],[19.871275,50.003179],[19.874021,50.004942]]}},{"type":"Feature","properties":{"id":"c616","lines":"203 223 243 253 283 293 903","n":7,"tram":0,"op":"MPK Kraków — buses"},"geometry":{"type":"LineString","coordinates":[[19.871275,50.001416],[19.874021,50.003179]]}},{"type":"Feature","properties":{"id":"c617","lines":"253","n":1,"tram":0,"op":"MPK Kraków — buses"},"geometry":{"type":"LineString","coordinates":[[19.871275,50.001416],[19.868528,49.999654]]}},{"type":"Feature","properties":{"id":"c618","lines":"245","n":1,"tram":0,"op":"MPK Kraków — buses"},"geometry":{"type":"LineString","coordinates":[[19.871275,49.997891],[19.876768,49.994366],[19.876768,49.992603]]}},{"type":"Feature","properties":{"id":"c619","lines":"203 223 233 235","n":4,"tram":0,"op":"MPK Kraków — buses"},"geometry":{"type":"LineString","coordinates":[[19.874021,50.004942],[19.871275,50.004942]]}},{"type":"Feature","properties":{"id":"c620","lines":"203 233 235 253 283 293 903","n":7,"tram":0,"op":"MPK Kraków — buses"},"geometry":{"type":"LineString","coordinates":[[19.874021,50.004942],[19.874021,50.003179]]}},{"type":"Feature","properties":{"id":"c621","lines":"223 253 283 293 903","n":5,"tram":0,"op":"MPK Kraków — buses"},"geometry":{"type":"LineString","coordinates":[[19.874021,50.004942],[19.876768,50.006704],[19.876768,50.008467]]}},{"type":"Feature","properties":{"id":"c622","lines":"233","n":1,"tram":0,"op":"MPK Kraków — buses"},"geometry":{"type":"LineString","coordinates":[[19.874021,50.004942],[19.876768,50.003179],[19.876768,49.999654]]}},{"type":"Feature","properties":{"id":"c623","lines":"235","n":1,"tram":0,"op":"MPK Kraków — buses"},"geometry":{"type":"LineString","coordinates":[[19.874021,50.004942],[19.876768,50.004942],[19.879514,50.003179]]}},{"type":"Feature","properties":{"id":"c624","lines":"203 223 233 235","n":4,"tram":0,"op":"MPK Kraków — buses"},"geometry":{"type":"LineString","coordinates":[[19.871275,50.004942],[19.865782,50.004942]]}},{"type":"Feature","properties":{"id":"c625","lines":"223","n":1,"tram":0,"op":"MPK Kraków — buses"},"geometry":{"type":"LineString","coordinates":[[19.871275,50.004942],[19.876768,50.008467]]}},{"type":"Feature","properties":{"id":"c626","lines":"223","n":1,"tram":0,"op":"MPK Kraków — buses"},"geometry":{"type":"LineString","coordinates":[[19.871275,50.004942],[19.874021,50.003179]]}},{"type":"Feature","properties":{"id":"c627","lines":"203 223 235","n":3,"tram":0,"op":"MPK Kraków — buses"},"geometry":{"type":"LineString","coordinates":[[19.865782,50.004942],[19.860289,50.004942]]}},{"type":"Feature","properties":{"id":"c628","lines":"233","n":1,"tram":0,"op":"MPK Kraków — buses"},"geometry":{"type":"LineString","coordinates":[[19.865782,50.004942],[19.863035,50.006704]]}},{"type":"Feature","properties":{"id":"c629","lines":"203","n":1,"tram":0,"op":"MPK Kraków — buses"},"geometry":{"type":"LineString","coordinates":[[19.860289,50.004942],[19.854796,50.008467],[19.854796,50.01023]]}},{"type":"Feature","properties":{"id":"c630","lines":"223 235","n":2,"tram":0,"op":"MPK Kraków — buses"},"geometry":{"type":"LineString","coordinates":[[19.860289,50.004942],[19.854796,50.004942]]}},{"type":"Feature","properties":{"id":"c631","lines":"203","n":1,"tram":0,"op":"MPK Kraków — buses"},"geometry":{"type":"LineString","coordinates":[[19.854796,50.01023],[19.860289,50.01023]]}},{"type":"Feature","properties":{"id":"c632","lines":"203","n":1,"tram":0,"op":"MPK Kraków — buses"},"geometry":{"type":"LineString","coordinates":[[19.854796,50.01023],[19.857543,50.011992]]}},{"type":"Feature","properties":{"id":"c633","lines":"203","n":1,"tram":0,"op":"MPK Kraków — buses"},"geometry":{"type":"LineString","coordinates":[[19.860289,50.01023],[19.857543,50.011992]]}},{"type":"Feature","properties":{"id":"c634","lines":"203","n":1,"tram":0,"op":"MPK Kraków — buses"},"geometry":{"type":"LineString","coordinates":[[19.860289,50.01023],[19.860289,50.015518]]}},{"type":"Feature","properties":{"id":"c635","lines":"203","n":1,"tram":0,"op":"MPK Kraków — buses"},"geometry":{"type":"LineString","coordinates":[[19.857543,50.011992],[19.857543,50.013755],[19.860289,50.015518]]}},{"type":"Feature","properties":{"id":"c636","lines":"203","n":1,"tram":0,"op":"MPK Kraków — buses"},"geometry":{"type":"LineString","coordinates":[[19.860289,50.015518],[19.863035,50.01728]]}},{"type":"Feature","properties":{"id":"c637","lines":"233","n":1,"tram":0,"op":"MPK Kraków — buses"},"geometry":{"type":"LineString","coordinates":[[19.874021,50.003179],[19.876768,50.001416],[19.876768,49.999654]]}},{"type":"Feature","properties":{"id":"c638","lines":"235 243","n":2,"tram":0,"op":"MPK Kraków — buses"},"geometry":{"type":"LineString","coordinates":[[19.874021,50.003179],[19.879514,50.003179],[19.882261,50.001416]]}},{"type":"Feature","properties":{"id":"c639","lines":"243","n":1,"tram":0,"op":"MPK Kraków — buses"},"geometry":{"type":"LineString","coordinates":[[19.874021,50.003179],[19.879514,50.003179]]}},{"type":"Feature","properties":{"id":"c640","lines":"204 224","n":2,"tram":0,"op":"MPK Kraków — buses"},"geometry":{"type":"LineString","coordinates":[[20.025076,50.013755],[20.033315,50.013755]]}},{"type":"Feature","properties":{"id":"c641","lines":"204 301 904 B2 D2 W2","n":6,"tram":0,"op":"mix"},"geometry":{"type":"LineString","coordinates":[[20.025076,50.013755],[20.016837,50.013755]]}},{"type":"Feature","properties":{"id":"c642","lines":"224","n":1,"tram":0,"op":"MPK Kraków — buses"},"geometry":{"type":"LineString","coordinates":[[20.025076,50.013755],[20.022329,50.013755],[20.019583,50.011992]]}},{"type":"Feature","properties":{"id":"c643","lines":"224","n":1,"tram":0,"op":"MPK Kraków — buses"},"geometry":{"type":"LineString","coordinates":[[20.025076,50.013755],[20.022329,50.011992]]}},{"type":"Feature","properties":{"id":"c644","lines":"301 904 W2","n":3,"tram":0,"op":"mix"},"geometry":{"type":"LineString","coordinates":[[20.025076,50.013755],[20.030569,50.01728],[20.033315,50.01728]]}},{"type":"Feature","properties":{"id":"c645","lines":"B2 D2 W2","n":3,"tram":0,"op":"Wielicka Spółka Transportowa"},"geometry":{"type":"LineString","coordinates":[[20.025076,50.013755],[20.025076,50.011992],[20.022329,50.01023]]}},{"type":"Feature","properties":{"id":"c646","lines":"D2","n":1,"tram":0,"op":"Wielicka Spółka Transportowa"},"geometry":{"type":"LineString","coordinates":[[20.025076,50.013755],[20.025076,50.01023]]}},{"type":"Feature","properties":{"id":"c647","lines":"B2","n":1,"tram":0,"op":"Wielicka Spółka Transportowa"},"geometry":{"type":"LineString","coordinates":[[20.025076,50.013755],[20.033315,50.013755],[20.041555,50.019043]]}},{"type":"Feature","properties":{"id":"c648","lines":"B2","n":1,"tram":0,"op":"Wielicka Spółka Transportowa"},"geometry":{"type":"LineString","coordinates":[[20.025076,50.013755],[20.036062,50.020806],[20.036062,50.024331]]}},{"type":"Feature","properties":{"id":"c649","lines":"244 304","n":2,"tram":0,"op":"MPK Kraków — buses"},"geometry":{"type":"LineString","coordinates":[[20.033315,50.013755],[20.030569,50.013755],[20.025076,50.01023]]}},{"type":"Feature","properties":{"id":"c650","lines":"204 301 904","n":3,"tram":0,"op":"MPK Kraków — buses"},"geometry":{"type":"LineString","coordinates":[[20.016837,50.013755],[20.011344,50.013755],[20.008597,50.011992]]}},{"type":"Feature","properties":{"id":"c651","lines":"B2 D2 G4 W2","n":4,"tram":0,"op":"Wielicka Spółka Transportowa"},"geometry":{"type":"LineString","coordinates":[[20.016837,50.013755],[20.016837,50.01023]]}},{"type":"Feature","properties":{"id":"c652","lines":"G4","n":1,"tram":0,"op":"Wielicka Spółka Transportowa"},"geometry":{"type":"LineString","coordinates":[[20.016837,50.013755],[20.033315,50.024331],[20.036062,50.024331]]}},{"type":"Feature","properties":{"id":"c653","lines":"204 274 301 904","n":4,"tram":0,"op":"MPK Kraków — buses"},"geometry":{"type":"LineString","coordinates":[[20.008597,50.011992],[20.005851,50.013755]]}},{"type":"Feature","properties":{"id":"c654","lines":"274 304 G3 P2","n":4,"tram":0,"op":"mix"},"geometry":{"type":"LineString","coordinates":[[20.008597,50.011992],[20.011344,50.01023]]}},{"type":"Feature","properties":{"id":"c655","lines":"304 P2","n":2,"tram":0,"op":"mix"},"geometry":{"type":"LineString","coordinates":[[20.008597,50.011992],[20.005851,50.01023]]}},{"type":"Feature","properties":{"id":"c656","lines":"G3","n":1,"tram":0,"op":"Wielicka Spółka Transportowa"},"geometry":{"type":"LineString","coordinates":[[20.008597,50.011992],[20.011344,50.01023],[20.011344,50.006704]]}},{"type":"Feature","properties":{"id":"c657","lines":"204 224 244 274 301 304 904","n":7,"tram":0,"op":"MPK Kraków — buses"},"geometry":{"type":"LineString","coordinates":[[20.005851,50.013755],[20.005851,50.015518]]}},{"type":"Feature","properties":{"id":"c658","lines":"224 244","n":2,"tram":0,"op":"MPK Kraków — buses"},"geometry":{"type":"LineString","coordinates":[[20.005851,50.013755],[20.003104,50.013755],[19.997611,50.01023]]}},{"type":"Feature","properties":{"id":"c659","lines":"224 244 304","n":3,"tram":0,"op":"MPK Kraków — buses"},"geometry":{"type":"LineString","coordinates":[[20.005851,50.013755],[20.003104,50.013755],[19.997611,50.01023]]}},{"type":"Feature","properties":{"id":"c660","lines":"207","n":1,"tram":0,"op":"MPK Kraków — buses"},"geometry":{"type":"LineString","coordinates":[[19.923457,50.11599],[19.923457,50.110702]]}},{"type":"Feature","properties":{"id":"c661","lines":"207 227 267 337 937","n":5,"tram":0,"op":"MPK Kraków — buses"},"geometry":{"type":"LineString","coordinates":[[19.923457,50.110702],[19.923457,50.107176]]}},{"type":"Feature","properties":{"id":"c662","lines":"227","n":1,"tram":0,"op":"MPK Kraków — buses"},"geometry":{"type":"LineString","coordinates":[[19.923457,50.110702],[19.92895,50.114227],[19.92895,50.119515]]}},{"type":"Feature","properties":{"id":"c663","lines":"267 337 937","n":3,"tram":0,"op":"MPK Kraków — buses"},"geometry":{"type":"LineString","coordinates":[[19.923457,50.110702],[19.912472,50.117752]]}},{"type":"Feature","properties":{"id":"c664","lines":"207","n":1,"tram":0,"op":"MPK Kraków — buses"},"geometry":{"type":"LineString","coordinates":[[19.923457,50.107176],[19.939936,50.107176],[19.942682,50.108939]]}},{"type":"Feature","properties":{"id":"c665","lines":"227 267 337 937","n":4,"tram":0,"op":"MPK Kraków — buses"},"geometry":{"type":"LineString","coordinates":[[19.923457,50.107176],[19.923457,50.103651]]}},{"type":"Feature","properties":{"id":"c666","lines":"207 317","n":2,"tram":0,"op":"MPK Kraków — buses"},"geometry":{"type":"LineString","coordinates":[[19.942682,50.108939],[19.942682,50.103651]]}},{"type":"Feature","properties":{"id":"c667","lines":"247","n":1,"tram":0,"op":"MPK Kraków — buses"},"geometry":{"type":"LineString","coordinates":[[19.942682,50.108939],[19.953668,50.108939]]}},{"type":"Feature","properties":{"id":"c668","lines":"207 317","n":2,"tram":0,"op":"MPK Kraków — buses"},"geometry":{"type":"LineString","coordinates":[[19.942682,50.103651],[19.942682,50.101888],[19.948175,50.098363]]}},{"type":"Feature","properties":{"id":"c669","lines":"317 669","n":2,"tram":0,"op":"MPK Kraków — buses"},"geometry":{"type":"LineString","coordinates":[[19.948175,50.098363],[19.956415,50.098363]]}},{"type":"Feature","properties":{"id":"c670","lines":"209","n":1,"tram":0,"op":"MPK Kraków — buses"},"geometry":{"type":"LineString","coordinates":[[19.84381,50.047246],[19.84381,50.050771],[19.846557,50.052534]]}},{"type":"Feature","properties":{"id":"c671","lines":"219 229 239 279","n":4,"tram":0,"op":"MPK Kraków — buses"},"geometry":{"type":"LineString","coordinates":[[19.84381,50.047246],[19.841064,50.047246],[19.838317,50.045483]]}},{"type":"Feature","properties":{"id":"c672","lines":"269","n":1,"tram":0,"op":"MPK Kraków — buses"},"geometry":{"type":"LineString","coordinates":[[19.84381,50.047246],[19.838317,50.050771],[19.835571,50.050771]]}},{"type":"Feature","properties":{"id":"c673","lines":"209","n":1,"tram":0,"op":"MPK Kraków — buses"},"geometry":{"type":"LineString","coordinates":[[19.846557,50.052534],[19.84381,50.054296],[19.84381,50.059584]]}},{"type":"Feature","properties":{"id":"c674","lines":"209","n":1,"tram":0,"op":"MPK Kraków — buses"},"geometry":{"type":"LineString","coordinates":[[19.846557,50.052534],[19.846557,50.045483]]}},{"type":"Feature","properties":{"id":"c675","lines":"209","n":1,"tram":0,"op":"MPK Kraków — buses"},"geometry":{"type":"LineString","coordinates":[[19.84381,50.059584],[19.84381,50.064872],[19.841064,50.066635]]}},{"type":"Feature","properties":{"id":"c676","lines":"209","n":1,"tram":0,"op":"MPK Kraków — buses"},"geometry":{"type":"LineString","coordinates":[[19.84381,50.059584],[19.84381,50.06311]]}},{"type":"Feature","properties":{"id":"c677","lines":"209","n":1,"tram":0,"op":"MPK Kraków — buses"},"geometry":{"type":"LineString","coordinates":[[19.841064,50.066635],[19.841064,50.068398],[19.849303,50.073686]]}},{"type":"Feature","properties":{"id":"c678","lines":"209 902","n":2,"tram":0,"op":"MPK Kraków — buses"},"geometry":{"type":"LineString","coordinates":[[19.841064,50.066635],[19.841064,50.064872],[19.84381,50.06311]]}},{"type":"Feature","properties":{"id":"c679","lines":"209 218 228 258 298 918","n":6,"tram":0,"op":"MPK Kraków — buses"},"geometry":{"type":"LineString","coordinates":[[19.849303,50.073686],[19.846557,50.073686]]}},{"type":"Feature","properties":{"id":"c680","lines":"218 228 258 298 918","n":5,"tram":0,"op":"MPK Kraków — buses"},"geometry":{"type":"LineString","coordinates":[[19.849303,50.073686],[19.85205,50.075448]]}},{"type":"Feature","properties":{"id":"c681","lines":"209 228 258 298","n":4,"tram":0,"op":"MPK Kraków — buses"},"geometry":{"type":"LineString","coordinates":[[19.846557,50.073686],[19.841064,50.073686]]}},{"type":"Feature","properties":{"id":"c682","lines":"209 228 258 298","n":4,"tram":0,"op":"MPK Kraków — buses"},"geometry":{"type":"LineString","coordinates":[[19.846557,50.073686],[19.841064,50.073686]]}},{"type":"Feature","properties":{"id":"c683","lines":"218 918","n":2,"tram":0,"op":"MPK Kraków — buses"},"geometry":{"type":"LineString","coordinates":[[19.846557,50.073686],[19.832825,50.082499],[19.832825,50.086024]]}},{"type":"Feature","properties":{"id":"c684","lines":"209 228 258 298","n":4,"tram":0,"op":"MPK Kraków — buses"},"geometry":{"type":"LineString","coordinates":[[19.841064,50.073686],[19.838317,50.073686],[19.832825,50.07016]]}},{"type":"Feature","properties":{"id":"c685","lines":"209 228","n":2,"tram":0,"op":"MPK Kraków — buses"},"geometry":{"type":"LineString","coordinates":[[19.832825,50.07016],[19.830078,50.07016]]}},{"type":"Feature","properties":{"id":"c686","lines":"258 298","n":2,"tram":0,"op":"MPK Kraków — buses"},"geometry":{"type":"LineString","coordinates":[[19.832825,50.07016],[19.819092,50.078974],[19.819092,50.080736]]}},{"type":"Feature","properties":{"id":"c687","lines":"209 228","n":2,"tram":0,"op":"MPK Kraków — buses"},"geometry":{"type":"LineString","coordinates":[[19.830078,50.07016],[19.830078,50.064872],[19.832825,50.06311]]}},{"type":"Feature","properties":{"id":"c688","lines":"228","n":1,"tram":0,"op":"MPK Kraków — buses"},"geometry":{"type":"LineString","coordinates":[[19.830078,50.07016],[19.819092,50.07016]]}},{"type":"Feature","properties":{"id":"c689","lines":"209","n":1,"tram":0,"op":"MPK Kraków — buses"},"geometry":{"type":"LineString","coordinates":[[19.832825,50.06311],[19.824585,50.057822]]}},{"type":"Feature","properties":{"id":"c690","lines":"209 269","n":2,"tram":0,"op":"MPK Kraków — buses"},"geometry":{"type":"LineString","coordinates":[[19.824585,50.057822],[19.821839,50.057822]]}},{"type":"Feature","properties":{"id":"c691","lines":"269","n":1,"tram":0,"op":"MPK Kraków — buses"},"geometry":{"type":"LineString","coordinates":[[19.824585,50.057822],[19.835571,50.050771]]}},{"type":"Feature","properties":{"id":"c692","lines":"209","n":1,"tram":0,"op":"MPK Kraków — buses"},"geometry":{"type":"LineString","coordinates":[[19.821839,50.057822],[19.813599,50.06311]]}},{"type":"Feature","properties":{"id":"c693","lines":"269","n":1,"tram":0,"op":"MPK Kraków — buses"},"geometry":{"type":"LineString","coordinates":[[19.821839,50.057822],[19.813599,50.057822]]}},{"type":"Feature","properties":{"id":"c694","lines":"219 229 239 279","n":4,"tram":0,"op":"MPK Kraków — buses"},"geometry":{"type":"LineString","coordinates":[[19.846557,50.045483],[19.838317,50.045483]]}},{"type":"Feature","properties":{"id":"c695","lines":"269","n":1,"tram":0,"op":"MPK Kraków — buses"},"geometry":{"type":"LineString","coordinates":[[19.846557,50.045483],[19.838317,50.050771],[19.835571,50.050771]]}},{"type":"Feature","properties":{"id":"c696","lines":"210","n":1,"tram":0,"op":"MPK Kraków — buses"},"geometry":{"type":"LineString","coordinates":[[19.879514,50.100126],[19.874021,50.0966]]}},{"type":"Feature","properties":{"id":"c697","lines":"210 230 910","n":3,"tram":0,"op":"MPK Kraków — buses"},"geometry":{"type":"LineString","coordinates":[[19.879514,50.100126],[19.8905,50.100126]]}},{"type":"Feature","properties":{"id":"c698","lines":"230 910","n":2,"tram":0,"op":"MPK Kraków — buses"},"geometry":{"type":"LineString","coordinates":[[19.879514,50.100126],[19.871275,50.105414]]}},{"type":"Feature","properties":{"id":"c699","lines":"310","n":1,"tram":0,"op":"MPK Kraków — buses"},"geometry":{"type":"LineString","coordinates":[[19.8905,50.100126],[19.8905,50.105414]]}},{"type":"Feature","properties":{"id":"c700","lines":"211 221 301","n":3,"tram":0,"op":"MPK Kraków — buses"},"geometry":{"type":"LineString","coordinates":[[20.082751,50.047246],[20.082751,50.04372]]}},{"type":"Feature","properties":{"id":"c701","lines":"211","n":1,"tram":0,"op":"MPK Kraków — buses"},"geometry":{"type":"LineString","coordinates":[[20.082751,50.04372],[20.112962,50.06311],[20.112962,50.064872]]}},{"type":"Feature","properties":{"id":"c702","lines":"221 301","n":2,"tram":0,"op":"MPK Kraków — buses"},"geometry":{"type":"LineString","coordinates":[[20.082751,50.04372],[20.077258,50.040195]]}},{"type":"Feature","properties":{"id":"c703","lines":"214 P2","n":2,"tram":0,"op":"mix"},"geometry":{"type":"LineString","coordinates":[[19.981133,49.989078],[19.983879,49.99084],[19.983879,49.996128]]}},{"type":"Feature","properties":{"id":"c704","lines":"214","n":1,"tram":0,"op":"MPK Kraków — buses"},"geometry":{"type":"LineString","coordinates":[[19.983879,49.996128],[19.97564,49.996128]]}},{"type":"Feature","properties":{"id":"c705","lines":"214 G3","n":2,"tram":0,"op":"mix"},"geometry":{"type":"LineString","coordinates":[[19.983879,49.996128],[19.97564,49.996128]]}},{"type":"Feature","properties":{"id":"c706","lines":"G3","n":1,"tram":0,"op":"Wielicka Spółka Transportowa"},"geometry":{"type":"LineString","coordinates":[[19.983879,49.996128],[19.992119,50.001416],[20.008597,50.001416]]}},{"type":"Feature","properties":{"id":"c707","lines":"G3","n":1,"tram":0,"op":"Wielicka Spółka Transportowa"},"geometry":{"type":"LineString","coordinates":[[19.983879,49.996128],[19.97564,49.996128]]}},{"type":"Feature","properties":{"id":"c708","lines":"G3","n":1,"tram":0,"op":"Wielicka Spółka Transportowa"},"geometry":{"type":"LineString","coordinates":[[19.983879,49.996128],[20.000358,49.996128],[20.011344,50.003179]]}},{"type":"Feature","properties":{"id":"c709","lines":"P2","n":1,"tram":0,"op":"Wielicka Spółka Transportowa"},"geometry":{"type":"LineString","coordinates":[[19.983879,49.996128],[19.986626,49.997891],[20.01409,49.997891]]}},{"type":"Feature","properties":{"id":"c710","lines":"P2","n":1,"tram":0,"op":"Wielicka Spółka Transportowa"},"geometry":{"type":"LineString","coordinates":[[19.983879,49.996128],[19.992119,49.996128],[20.003104,50.003179]]}},{"type":"Feature","properties":{"id":"c711","lines":"G3","n":1,"tram":0,"op":"Wielicka Spółka Transportowa"},"geometry":{"type":"LineString","coordinates":[[19.97564,49.996128],[19.961908,49.996128]]}},{"type":"Feature","properties":{"id":"c712","lines":"254","n":1,"tram":0,"op":"MPK Kraków — buses"},"geometry":{"type":"LineString","coordinates":[[19.956415,50.001416],[19.948175,49.996128],[19.945429,49.996128]]}},{"type":"Feature","properties":{"id":"c713","lines":"215","n":1,"tram":0,"op":"MPK Kraków — buses"},"geometry":{"type":"LineString","coordinates":[[19.978386,49.982027],[19.959161,49.982027]]}},{"type":"Feature","properties":{"id":"c714","lines":"J1","n":1,"tram":0,"op":"Wielicka Spółka Transportowa"},"geometry":{"type":"LineString","coordinates":[[19.978386,49.982027],[19.978386,49.98379],[19.989372,49.99084],[19.989372,49.992603]]}},{"type":"Feature","properties":{"id":"c715","lines":"J1","n":1,"tram":0,"op":"Wielicka Spółka Transportowa"},"geometry":{"type":"LineString","coordinates":[[19.978386,49.982027],[19.989372,49.982027],[20.003104,49.99084]]}},{"type":"Feature","properties":{"id":"c716","lines":"215 225 285 915","n":4,"tram":0,"op":"MPK Kraków — buses"},"geometry":{"type":"LineString","coordinates":[[19.959161,49.982027],[19.945429,49.982027]]}},{"type":"Feature","properties":{"id":"c717","lines":"225 285 915","n":3,"tram":0,"op":"MPK Kraków — buses"},"geometry":{"type":"LineString","coordinates":[[19.959161,49.982027],[19.964654,49.985552]]}},{"type":"Feature","properties":{"id":"c718","lines":"215 915","n":2,"tram":0,"op":"MPK Kraków — buses"},"geometry":{"type":"LineString","coordinates":[[19.945429,49.982027],[19.945429,49.994366]]}},{"type":"Feature","properties":{"id":"c719","lines":"285","n":1,"tram":0,"op":"MPK Kraków — buses"},"geometry":{"type":"LineString","coordinates":[[19.945429,49.982027],[19.92895,49.982027]]}},{"type":"Feature","properties":{"id":"c720","lines":"215 225 254 915","n":4,"tram":0,"op":"MPK Kraków — buses"},"geometry":{"type":"LineString","coordinates":[[19.945429,49.994366],[19.945429,49.996128]]}},{"type":"Feature","properties":{"id":"c721","lines":"225 915","n":2,"tram":0,"op":"MPK Kraków — buses"},"geometry":{"type":"LineString","coordinates":[[19.945429,49.994366],[19.959161,49.985552],[19.964654,49.985552]]}},{"type":"Feature","properties":{"id":"c722","lines":"254","n":1,"tram":0,"op":"MPK Kraków — buses"},"geometry":{"type":"LineString","coordinates":[[19.945429,49.994366],[19.959161,49.994366],[19.961908,49.996128]]}},{"type":"Feature","properties":{"id":"c723","lines":"217 247","n":2,"tram":0,"op":"MPK Kraków — buses"},"geometry":{"type":"LineString","coordinates":[[19.970147,50.107176],[19.970147,50.105414]]}},{"type":"Feature","properties":{"id":"c724","lines":"217 247 297","n":3,"tram":0,"op":"MPK Kraków — buses"},"geometry":{"type":"LineString","coordinates":[[19.970147,50.105414],[19.967401,50.107176],[19.961908,50.107176]]}},{"type":"Feature","properties":{"id":"c725","lines":"297","n":1,"tram":0,"op":"MPK Kraków — buses"},"geometry":{"type":"LineString","coordinates":[[19.970147,50.105414],[19.97564,50.108939]]}},{"type":"Feature","properties":{"id":"c726","lines":"297","n":1,"tram":0,"op":"MPK Kraków — buses"},"geometry":{"type":"LineString","coordinates":[[19.970147,50.105414],[19.970147,50.101888]]}},{"type":"Feature","properties":{"id":"c727","lines":"247 280","n":2,"tram":0,"op":"MPK Kraków — buses"},"geometry":{"type":"LineString","coordinates":[[19.961908,50.107176],[19.959161,50.108939],[19.953668,50.108939]]}},{"type":"Feature","properties":{"id":"c728","lines":"257 277 307 917","n":4,"tram":0,"op":"MPK Kraków — buses"},"geometry":{"type":"LineString","coordinates":[[19.961908,50.107176],[19.961908,50.112464]]}},{"type":"Feature","properties":{"id":"c729","lines":"297","n":1,"tram":0,"op":"MPK Kraków — buses"},"geometry":{"type":"LineString","coordinates":[[19.961908,50.107176],[19.964654,50.108939],[19.97564,50.108939]]}},{"type":"Feature","properties":{"id":"c730","lines":"297","n":1,"tram":0,"op":"MPK Kraków — buses"},"geometry":{"type":"LineString","coordinates":[[19.961908,50.107176],[19.970147,50.101888]]}},{"type":"Feature","properties":{"id":"c731","lines":"280","n":1,"tram":0,"op":"MPK Kraków — buses"},"geometry":{"type":"LineString","coordinates":[[19.953668,50.108939],[19.959161,50.112464],[19.961908,50.112464]]}},{"type":"Feature","properties":{"id":"c732","lines":"218","n":1,"tram":0,"op":"MPK Kraków — buses"},"geometry":{"type":"LineString","coordinates":[[19.85205,50.094838],[19.854796,50.094838],[19.857543,50.0966]]}},{"type":"Feature","properties":{"id":"c733","lines":"218 248 948","n":3,"tram":0,"op":"MPK Kraków — buses"},"geometry":{"type":"LineString","coordinates":[[19.85205,50.094838],[19.849303,50.093075]]}},{"type":"Feature","properties":{"id":"c734","lines":"248 948","n":2,"tram":0,"op":"MPK Kraków — buses"},"geometry":{"type":"LineString","coordinates":[[19.85205,50.094838],[19.857543,50.098363]]}},{"type":"Feature","properties":{"id":"c735","lines":"268 278 288","n":3,"tram":0,"op":"MPK Kraków — buses"},"geometry":{"type":"LineString","coordinates":[[19.857543,50.0966],[19.857543,50.098363]]}},{"type":"Feature","properties":{"id":"c736","lines":"218","n":1,"tram":0,"op":"MPK Kraków — buses"},"geometry":{"type":"LineString","coordinates":[[19.849303,50.093075],[19.846557,50.093075],[19.84381,50.091312]]}},{"type":"Feature","properties":{"id":"c737","lines":"248 948","n":2,"tram":0,"op":"MPK Kraków — buses"},"geometry":{"type":"LineString","coordinates":[[19.849303,50.093075],[19.85205,50.091312]]}},{"type":"Feature","properties":{"id":"c738","lines":"218 238","n":2,"tram":0,"op":"MPK Kraków — buses"},"geometry":{"type":"LineString","coordinates":[[19.84381,50.091312],[19.835571,50.086024],[19.832825,50.086024]]}},{"type":"Feature","properties":{"id":"c739","lines":"238","n":1,"tram":0,"op":"MPK Kraków — buses"},"geometry":{"type":"LineString","coordinates":[[19.84381,50.091312],[19.85205,50.091312]]}},{"type":"Feature","properties":{"id":"c740","lines":"238 918","n":2,"tram":0,"op":"MPK Kraków — buses"},"geometry":{"type":"LineString","coordinates":[[19.832825,50.086024],[19.824585,50.086024]]}},{"type":"Feature","properties":{"id":"c741","lines":"218 228 258 918","n":4,"tram":0,"op":"MPK Kraków — buses"},"geometry":{"type":"LineString","coordinates":[[19.85205,50.075448],[19.85205,50.080736]]}},{"type":"Feature","properties":{"id":"c742","lines":"228 298","n":2,"tram":0,"op":"MPK Kraków — buses"},"geometry":{"type":"LineString","coordinates":[[19.85205,50.075448],[19.860289,50.080736]]}},{"type":"Feature","properties":{"id":"c743","lines":"218 228 918","n":3,"tram":0,"op":"MPK Kraków — buses"},"geometry":{"type":"LineString","coordinates":[[19.85205,50.080736],[19.860289,50.080736]]}},{"type":"Feature","properties":{"id":"c744","lines":"258","n":1,"tram":0,"op":"MPK Kraków — buses"},"geometry":{"type":"LineString","coordinates":[[19.85205,50.080736],[19.85205,50.087787],[19.854796,50.08955]]}},{"type":"Feature","properties":{"id":"c745","lines":"219 229 239 279","n":4,"tram":0,"op":"MPK Kraków — buses"},"geometry":{"type":"LineString","coordinates":[[19.838317,50.045483],[19.835571,50.04372]]}},{"type":"Feature","properties":{"id":"c746","lines":"229 239 249","n":3,"tram":0,"op":"MPK Kraków — buses"},"geometry":{"type":"LineString","coordinates":[[19.835571,50.04372],[19.832825,50.041958]]}},{"type":"Feature","properties":{"id":"c747","lines":"219 249","n":2,"tram":0,"op":"MPK Kraków — buses"},"geometry":{"type":"LineString","coordinates":[[19.835571,50.04372],[19.846557,50.03667],[19.846557,50.034907]]}},{"type":"Feature","properties":{"id":"c748","lines":"279","n":1,"tram":0,"op":"MPK Kraków — buses"},"geometry":{"type":"LineString","coordinates":[[19.835571,50.04372],[19.835571,50.033144],[19.838317,50.031382]]}},{"type":"Feature","properties":{"id":"c749","lines":"229 239","n":2,"tram":0,"op":"MPK Kraków — buses"},"geometry":{"type":"LineString","coordinates":[[19.832825,50.041958],[19.827332,50.038432]]}},{"type":"Feature","properties":{"id":"c750","lines":"249","n":1,"tram":0,"op":"MPK Kraków — buses"},"geometry":{"type":"LineString","coordinates":[[19.832825,50.041958],[19.830078,50.041958],[19.824585,50.045483]]}},{"type":"Feature","properties":{"id":"c751","lines":"229","n":1,"tram":0,"op":"MPK Kraków — buses"},"geometry":{"type":"LineString","coordinates":[[19.827332,50.038432],[19.816346,50.031382],[19.816346,50.022568]]}},{"type":"Feature","properties":{"id":"c752","lines":"239","n":1,"tram":0,"op":"MPK Kraków — buses"},"geometry":{"type":"LineString","coordinates":[[19.827332,50.038432],[19.827332,50.034907],[19.838317,50.027856]]}},{"type":"Feature","properties":{"id":"c753","lines":"229 259","n":2,"tram":0,"op":"MPK Kraków — buses"},"geometry":{"type":"LineString","coordinates":[[19.816346,50.022568],[19.813599,50.020806]]}},{"type":"Feature","properties":{"id":"c754","lines":"259","n":1,"tram":0,"op":"MPK Kraków — buses"},"geometry":{"type":"LineString","coordinates":[[19.816346,50.022568],[19.827332,50.022568]]}},{"type":"Feature","properties":{"id":"c755","lines":"229 249","n":2,"tram":0,"op":"MPK Kraków — buses"},"geometry":{"type":"LineString","coordinates":[[19.813599,50.020806],[19.808106,50.024331]]}},{"type":"Feature","properties":{"id":"c756","lines":"229","n":1,"tram":0,"op":"MPK Kraków — buses"},"geometry":{"type":"LineString","coordinates":[[19.808106,50.024331],[19.788881,50.03667]]}},{"type":"Feature","properties":{"id":"c757","lines":"249","n":1,"tram":0,"op":"MPK Kraków — buses"},"geometry":{"type":"LineString","coordinates":[[19.808106,50.024331],[19.808106,50.027856],[19.819092,50.034907],[19.819092,50.045483]]}},{"type":"Feature","properties":{"id":"c758","lines":"219 259","n":2,"tram":0,"op":"MPK Kraków — buses"},"geometry":{"type":"LineString","coordinates":[[19.846557,50.034907],[19.841064,50.031382]]}},{"type":"Feature","properties":{"id":"c759","lines":"219 259 279","n":3,"tram":0,"op":"MPK Kraków — buses"},"geometry":{"type":"LineString","coordinates":[[19.841064,50.031382],[19.846557,50.027856],[19.846557,50.019043]]}},{"type":"Feature","properties":{"id":"c760","lines":"259 279","n":2,"tram":0,"op":"MPK Kraków — buses"},"geometry":{"type":"LineString","coordinates":[[19.841064,50.031382],[19.838317,50.031382]]}},{"type":"Feature","properties":{"id":"c761","lines":"219 239 279","n":3,"tram":0,"op":"MPK Kraków — buses"},"geometry":{"type":"LineString","coordinates":[[19.846557,50.019043],[19.846557,50.015518]]}},{"type":"Feature","properties":{"id":"c762","lines":"239 259","n":2,"tram":0,"op":"MPK Kraków — buses"},"geometry":{"type":"LineString","coordinates":[[19.846557,50.019043],[19.838317,50.024331]]}},{"type":"Feature","properties":{"id":"c763","lines":"239 279","n":2,"tram":0,"op":"MPK Kraków — buses"},"geometry":{"type":"LineString","coordinates":[[19.846557,50.015518],[19.830078,50.015518],[19.827332,50.01728]]}},{"type":"Feature","properties":{"id":"c764","lines":"220","n":1,"tram":0,"op":"MPK Kraków — buses"},"geometry":{"type":"LineString","coordinates":[[19.895993,50.110702],[19.895993,50.117752]]}},{"type":"Feature","properties":{"id":"c765","lines":"LR0","n":1,"tram":0,"op":"MPK Kraków — buses"},"geometry":{"type":"LineString","coordinates":[[19.895993,50.110702],[19.8905,50.110702]]}},{"type":"Feature","properties":{"id":"c766","lines":"221","n":1,"tram":0,"op":"MPK Kraków — buses"},"geometry":{"type":"LineString","coordinates":[[20.077258,50.040195],[20.074512,50.040195],[20.066273,50.045483]]}},{"type":"Feature","properties":{"id":"c767","lines":"301","n":1,"tram":0,"op":"MPK Kraków — buses"},"geometry":{"type":"LineString","coordinates":[[20.077258,50.040195],[20.069019,50.034907],[20.069019,50.033144]]}},{"type":"Feature","properties":{"id":"c768","lines":"221 264 B2","n":3,"tram":0,"op":"mix"},"geometry":{"type":"LineString","coordinates":[[20.066273,50.045483],[20.06078,50.045483]]}},{"type":"Feature","properties":{"id":"c769","lines":"221 264 B2","n":3,"tram":0,"op":"mix"},"geometry":{"type":"LineString","coordinates":[[20.06078,50.045483],[20.05254,50.045483]]}},{"type":"Feature","properties":{"id":"c770","lines":"B2","n":1,"tram":0,"op":"Wielicka Spółka Transportowa"},"geometry":{"type":"LineString","coordinates":[[20.06078,50.045483],[20.06078,50.041958],[20.047048,50.033144],[20.047048,50.027856]]}},{"type":"Feature","properties":{"id":"c771","lines":"B2","n":1,"tram":0,"op":"Wielicka Spółka Transportowa"},"geometry":{"type":"LineString","coordinates":[[20.06078,50.045483],[20.05254,50.045483]]}},{"type":"Feature","properties":{"id":"c772","lines":"B2","n":1,"tram":0,"op":"Wielicka Spółka Transportowa"},"geometry":{"type":"LineString","coordinates":[[20.06078,50.045483],[20.06078,50.041958],[20.047048,50.033144],[20.047048,50.027856]]}},{"type":"Feature","properties":{"id":"c773","lines":"221 264 B2","n":3,"tram":0,"op":"mix"},"geometry":{"type":"LineString","coordinates":[[20.05254,50.045483],[20.049794,50.04372]]}},{"type":"Feature","properties":{"id":"c774","lines":"264 B2","n":2,"tram":0,"op":"mix"},"geometry":{"type":"LineString","coordinates":[[20.049794,50.04372],[20.044301,50.040195]]}},{"type":"Feature","properties":{"id":"c775","lines":"222","n":1,"tram":0,"op":"MPK Kraków — buses"},"geometry":{"type":"LineString","coordinates":[[20.011344,50.14243],[20.022329,50.135379],[20.022329,50.119515]]}},{"type":"Feature","properties":{"id":"c776","lines":"222","n":1,"tram":0,"op":"MPK Kraków — buses"},"geometry":{"type":"LineString","coordinates":[[20.022329,50.119515],[20.033315,50.112464],[20.033315,50.108939]]}},{"type":"Feature","properties":{"id":"c777","lines":"232","n":1,"tram":0,"op":"MPK Kraków — buses"},"geometry":{"type":"LineString","coordinates":[[20.022329,50.119515],[20.030569,50.119515]]}},{"type":"Feature","properties":{"id":"c778","lines":"232","n":1,"tram":0,"op":"MPK Kraków — buses"},"geometry":{"type":"LineString","coordinates":[[20.022329,50.119515],[20.022329,50.11599],[20.033315,50.108939]]}},{"type":"Feature","properties":{"id":"c779","lines":"223 235","n":2,"tram":0,"op":"MPK Kraków — buses"},"geometry":{"type":"LineString","coordinates":[[19.854796,50.004942],[19.841064,50.004942],[19.838317,50.003179]]}},{"type":"Feature","properties":{"id":"c780","lines":"235","n":1,"tram":0,"op":"MPK Kraków — buses"},"geometry":{"type":"LineString","coordinates":[[19.854796,50.004942],[19.85205,50.003179]]}},{"type":"Feature","properties":{"id":"c781","lines":"223","n":1,"tram":0,"op":"MPK Kraków — buses"},"geometry":{"type":"LineString","coordinates":[[19.838317,50.003179],[19.824585,50.003179],[19.80536,50.015518]]}},{"type":"Feature","properties":{"id":"c782","lines":"235","n":1,"tram":0,"op":"MPK Kraków — buses"},"geometry":{"type":"LineString","coordinates":[[19.838317,50.003179],[19.838317,50.008467]]}},{"type":"Feature","properties":{"id":"c783","lines":"224","n":1,"tram":0,"op":"MPK Kraków — buses"},"geometry":{"type":"LineString","coordinates":[[20.019583,50.011992],[20.01409,50.011992]]}},{"type":"Feature","properties":{"id":"c784","lines":"284","n":1,"tram":0,"op":"MPK Kraków — buses"},"geometry":{"type":"LineString","coordinates":[[20.019583,50.011992],[20.019583,50.013755],[20.025076,50.01728]]}},{"type":"Feature","properties":{"id":"c785","lines":"284 L1 Z1","n":3,"tram":0,"op":"mix"},"geometry":{"type":"LineString","coordinates":[[20.019583,50.011992],[20.016837,50.01023]]}},{"type":"Feature","properties":{"id":"c786","lines":"L1 Z1","n":2,"tram":0,"op":"Wielicka Spółka Transportowa"},"geometry":{"type":"LineString","coordinates":[[20.019583,50.011992],[20.019583,50.01023],[20.022329,50.008467]]}},{"type":"Feature","properties":{"id":"c787","lines":"224 J1","n":2,"tram":0,"op":"mix"},"geometry":{"type":"LineString","coordinates":[[20.01409,50.011992],[20.01409,50.004942],[20.016837,50.003179]]}},{"type":"Feature","properties":{"id":"c788","lines":"J1","n":1,"tram":0,"op":"Wielicka Spółka Transportowa"},"geometry":{"type":"LineString","coordinates":[[20.01409,50.011992],[20.016837,50.01023]]}},{"type":"Feature","properties":{"id":"c789","lines":"224 J1","n":2,"tram":0,"op":"mix"},"geometry":{"type":"LineString","coordinates":[[20.016837,50.003179],[20.011344,50.003179]]}},{"type":"Feature","properties":{"id":"c790","lines":"224","n":1,"tram":0,"op":"MPK Kraków — buses"},"geometry":{"type":"LineString","coordinates":[[20.016837,50.003179],[20.016837,50.004942],[20.019583,50.006704]]}},{"type":"Feature","properties":{"id":"c791","lines":"J1","n":1,"tram":0,"op":"Wielicka Spółka Transportowa"},"geometry":{"type":"LineString","coordinates":[[20.016837,50.003179],[20.016837,50.01023]]}},{"type":"Feature","properties":{"id":"c792","lines":"224 G3 J1","n":3,"tram":0,"op":"mix"},"geometry":{"type":"LineString","coordinates":[[20.011344,50.003179],[20.011344,50.006704]]}},{"type":"Feature","properties":{"id":"c793","lines":"G3","n":1,"tram":0,"op":"Wielicka Spółka Transportowa"},"geometry":{"type":"LineString","coordinates":[[20.011344,50.003179],[20.008597,50.001416]]}},{"type":"Feature","properties":{"id":"c794","lines":"224 244","n":2,"tram":0,"op":"MPK Kraków — buses"},"geometry":{"type":"LineString","coordinates":[[20.011344,50.006704],[20.008597,50.006704]]}},{"type":"Feature","properties":{"id":"c795","lines":"244","n":1,"tram":0,"op":"MPK Kraków — buses"},"geometry":{"type":"LineString","coordinates":[[20.011344,50.006704],[20.019583,50.006704]]}},{"type":"Feature","properties":{"id":"c796","lines":"G3 P2","n":2,"tram":0,"op":"Wielicka Spółka Transportowa"},"geometry":{"type":"LineString","coordinates":[[20.011344,50.006704],[20.016837,50.01023]]}},{"type":"Feature","properties":{"id":"c797","lines":"J1 P2","n":2,"tram":0,"op":"Wielicka Spółka Transportowa"},"geometry":{"type":"LineString","coordinates":[[20.011344,50.006704],[20.011344,49.999654],[20.01409,49.997891]]}},{"type":"Feature","properties":{"id":"c798","lines":"P2","n":1,"tram":0,"op":"Wielicka Spółka Transportowa"},"geometry":{"type":"LineString","coordinates":[[20.011344,50.006704],[20.008597,50.008467],[20.005851,50.008467]]}},{"type":"Feature","properties":{"id":"c799","lines":"P2","n":1,"tram":0,"op":"Wielicka Spółka Transportowa"},"geometry":{"type":"LineString","coordinates":[[20.011344,50.006704],[20.005851,50.01023]]}},{"type":"Feature","properties":{"id":"c800","lines":"J1 P2","n":2,"tram":0,"op":"Wielicka Spółka Transportowa"},"geometry":{"type":"LineString","coordinates":[[20.011344,50.006704],[20.005851,50.003179],[20.003104,50.003179]]}},{"type":"Feature","properties":{"id":"c801","lines":"224","n":1,"tram":0,"op":"MPK Kraków — buses"},"geometry":{"type":"LineString","coordinates":[[20.008597,50.006704],[20.003104,50.006704],[20.000358,50.008467]]}},{"type":"Feature","properties":{"id":"c802","lines":"244","n":1,"tram":0,"op":"MPK Kraków — buses"},"geometry":{"type":"LineString","coordinates":[[20.008597,50.006704],[20.003104,50.006704]]}},{"type":"Feature","properties":{"id":"c803","lines":"224 304","n":2,"tram":0,"op":"MPK Kraków — buses"},"geometry":{"type":"LineString","coordinates":[[20.000358,50.008467],[19.997611,50.01023]]}},{"type":"Feature","properties":{"id":"c804","lines":"304 P2","n":2,"tram":0,"op":"mix"},"geometry":{"type":"LineString","coordinates":[[20.000358,50.008467],[20.003104,50.01023],[20.005851,50.01023]]}},{"type":"Feature","properties":{"id":"c805","lines":"P2","n":1,"tram":0,"op":"Wielicka Spółka Transportowa"},"geometry":{"type":"LineString","coordinates":[[20.000358,50.008467],[19.997611,50.008467]]}},{"type":"Feature","properties":{"id":"c806","lines":"P2","n":1,"tram":0,"op":"Wielicka Spółka Transportowa"},"geometry":{"type":"LineString","coordinates":[[20.000358,50.008467],[20.005851,50.008467]]}},{"type":"Feature","properties":{"id":"c807","lines":"244","n":1,"tram":0,"op":"MPK Kraków — buses"},"geometry":{"type":"LineString","coordinates":[[19.997611,50.01023],[19.997611,50.008467]]}},{"type":"Feature","properties":{"id":"c808","lines":"224","n":1,"tram":0,"op":"MPK Kraków — buses"},"geometry":{"type":"LineString","coordinates":[[19.942682,50.013755],[19.93719,50.01023]]}},{"type":"Feature","properties":{"id":"c810","lines":"224","n":1,"tram":0,"op":"MPK Kraków — buses"},"geometry":{"type":"LineString","coordinates":[[20.019583,50.006704],[20.019583,50.01023],[20.022329,50.011992]]}},{"type":"Feature","properties":{"id":"c811","lines":"244 274 304","n":3,"tram":0,"op":"MPK Kraków — buses"},"geometry":{"type":"LineString","coordinates":[[20.019583,50.006704],[20.022329,50.008467]]}},{"type":"Feature","properties":{"id":"c812","lines":"274 304","n":2,"tram":0,"op":"MPK Kraków — buses"},"geometry":{"type":"LineString","coordinates":[[20.019583,50.006704],[20.016837,50.006704],[20.011344,50.01023]]}},{"type":"Feature","properties":{"id":"c813","lines":"284 L1","n":2,"tram":0,"op":"mix"},"geometry":{"type":"LineString","coordinates":[[20.022329,50.011992],[20.019583,50.011992],[20.016837,50.01023]]}},{"type":"Feature","properties":{"id":"c814","lines":"284","n":1,"tram":0,"op":"MPK Kraków — buses"},"geometry":{"type":"LineString","coordinates":[[20.022329,50.011992],[20.022329,50.015518],[20.025076,50.01728]]}},{"type":"Feature","properties":{"id":"c815","lines":"L1","n":1,"tram":0,"op":"Wielicka Spółka Transportowa"},"geometry":{"type":"LineString","coordinates":[[20.022329,50.011992],[20.025076,50.01023]]}},{"type":"Feature","properties":{"id":"c816","lines":"285","n":1,"tram":0,"op":"MPK Kraków — buses"},"geometry":{"type":"LineString","coordinates":[[19.964654,49.985552],[19.964654,49.989078]]}},{"type":"Feature","properties":{"id":"c817","lines":"275","n":1,"tram":0,"op":"MPK Kraków — buses"},"geometry":{"type":"LineString","coordinates":[[19.920711,49.974976],[19.92895,49.980264],[19.92895,49.982027]]}},{"type":"Feature","properties":{"id":"c818","lines":"275 285","n":2,"tram":0,"op":"MPK Kraków — buses"},"geometry":{"type":"LineString","coordinates":[[19.92895,49.982027],[19.926204,49.98379],[19.912472,49.98379]]}},{"type":"Feature","properties":{"id":"c819","lines":"245 255 275 285","n":4,"tram":0,"op":"MPK Kraków — buses"},"geometry":{"type":"LineString","coordinates":[[19.912472,49.98379],[19.906979,49.987315]]}},{"type":"Feature","properties":{"id":"c820","lines":"245 255 275 285","n":4,"tram":0,"op":"MPK Kraków — buses"},"geometry":{"type":"LineString","coordinates":[[19.912472,49.98379],[19.912472,49.985552]]}},{"type":"Feature","properties":{"id":"c821","lines":"245 255 275 285","n":4,"tram":0,"op":"MPK Kraków — buses"},"geometry":{"type":"LineString","coordinates":[[19.906979,49.987315],[19.898739,49.987315]]}},{"type":"Feature","properties":{"id":"c822","lines":"275 285","n":2,"tram":0,"op":"MPK Kraków — buses"},"geometry":{"type":"LineString","coordinates":[[19.906979,49.987315],[19.906979,49.99084]]}},{"type":"Feature","properties":{"id":"c823","lines":"245","n":1,"tram":0,"op":"MPK Kraków — buses"},"geometry":{"type":"LineString","coordinates":[[19.898739,49.987315],[19.8905,49.992603],[19.876768,49.992603]]}},{"type":"Feature","properties":{"id":"c824","lines":"245 255 275 285","n":4,"tram":0,"op":"MPK Kraków — buses"},"geometry":{"type":"LineString","coordinates":[[19.912472,49.985552],[19.912472,49.987315],[19.906979,49.99084]]}},{"type":"Feature","properties":{"id":"c825","lines":"255","n":1,"tram":0,"op":"MPK Kraków — buses"},"geometry":{"type":"LineString","coordinates":[[19.912472,49.985552],[19.912472,49.99084]]}},{"type":"Feature","properties":{"id":"c826","lines":"245 275 285","n":3,"tram":0,"op":"MPK Kraków — buses"},"geometry":{"type":"LineString","coordinates":[[19.906979,49.99084],[19.909725,49.99084],[19.920711,49.997891]]}},{"type":"Feature","properties":{"id":"c827","lines":"255","n":1,"tram":0,"op":"MPK Kraków — buses"},"geometry":{"type":"LineString","coordinates":[[19.906979,49.99084],[19.912472,49.99084]]}},{"type":"Feature","properties":{"id":"c828","lines":"235","n":1,"tram":0,"op":"MPK Kraków — buses"},"geometry":{"type":"LineString","coordinates":[[19.920711,49.997891],[19.8905,49.997891]]}},{"type":"Feature","properties":{"id":"c829","lines":"255","n":1,"tram":0,"op":"MPK Kraków — buses"},"geometry":{"type":"LineString","coordinates":[[19.920711,49.997891],[19.912472,49.992603],[19.912472,49.99084]]}},{"type":"Feature","properties":{"id":"c830","lines":"227 267 937","n":3,"tram":0,"op":"MPK Kraków — buses"},"geometry":{"type":"LineString","coordinates":[[19.923457,50.100126],[19.923457,50.103651]]}},{"type":"Feature","properties":{"id":"c831","lines":"337","n":1,"tram":0,"op":"MPK Kraków — buses"},"geometry":{"type":"LineString","coordinates":[[19.923457,50.100126],[19.923457,50.103651]]}},{"type":"Feature","properties":{"id":"c832","lines":"227 280","n":2,"tram":0,"op":"MPK Kraków — buses"},"geometry":{"type":"LineString","coordinates":[[19.92895,50.119515],[19.93719,50.124803],[19.939936,50.124803]]}},{"type":"Feature","properties":{"id":"c833","lines":"280","n":1,"tram":0,"op":"MPK Kraków — buses"},"geometry":{"type":"LineString","coordinates":[[19.92895,50.119515],[19.92895,50.126566],[19.926204,50.128328]]}},{"type":"Feature","properties":{"id":"c834","lines":"280 917","n":2,"tram":0,"op":"MPK Kraków — buses"},"geometry":{"type":"LineString","coordinates":[[19.939936,50.124803],[19.945429,50.121278],[19.948175,50.121278]]}},{"type":"Feature","properties":{"id":"c835","lines":"910","n":1,"tram":0,"op":"MPK Kraków — buses"},"geometry":{"type":"LineString","coordinates":[[19.871275,50.105414],[19.8905,50.105414]]}},{"type":"Feature","properties":{"id":"c836","lines":"288","n":1,"tram":0,"op":"MPK Kraków — buses"},"geometry":{"type":"LineString","coordinates":[[19.871275,50.105414],[19.865782,50.101888],[19.865782,50.098363]]}},{"type":"Feature","properties":{"id":"c837","lines":"233","n":1,"tram":0,"op":"MPK Kraków — buses"},"geometry":{"type":"LineString","coordinates":[[19.876768,49.999654],[19.879514,49.997891],[19.8905,49.997891]]}},{"type":"Feature","properties":{"id":"c838","lines":"235 243","n":2,"tram":0,"op":"MPK Kraków — buses"},"geometry":{"type":"LineString","coordinates":[[19.8905,49.997891],[19.885007,50.001416],[19.882261,50.001416]]}},{"type":"Feature","properties":{"id":"c839","lines":"234 Z1","n":2,"tram":0,"op":"mix"},"geometry":{"type":"LineString","coordinates":[[20.047048,50.027856],[20.05254,50.027856]]}},{"type":"Feature","properties":{"id":"c840","lines":"234 B2 Z1","n":3,"tram":0,"op":"mix"},"geometry":{"type":"LineString","coordinates":[[20.047048,50.027856],[20.044301,50.026094]]}},{"type":"Feature","properties":{"id":"c841","lines":"W2","n":1,"tram":0,"op":"Wielicka Spółka Transportowa"},"geometry":{"type":"LineString","coordinates":[[20.05254,50.027856],[20.05254,50.026094],[20.044301,50.020806]]}},{"type":"Feature","properties":{"id":"c842","lines":"W2","n":1,"tram":0,"op":"Wielicka Spółka Transportowa"},"geometry":{"type":"LineString","coordinates":[[20.05254,50.027856],[20.05254,50.026094],[20.044301,50.020806]]}},{"type":"Feature","properties":{"id":"c843","lines":"234 B2","n":2,"tram":0,"op":"mix"},"geometry":{"type":"LineString","coordinates":[[20.044301,50.026094],[20.038808,50.026094]]}},{"type":"Feature","properties":{"id":"c844","lines":"Z1","n":1,"tram":0,"op":"Wielicka Spółka Transportowa"},"geometry":{"type":"LineString","coordinates":[[20.044301,50.026094],[20.044301,50.020806]]}},{"type":"Feature","properties":{"id":"c845","lines":"Z1","n":1,"tram":0,"op":"Wielicka Spółka Transportowa"},"geometry":{"type":"LineString","coordinates":[[20.044301,50.026094],[20.044301,50.020806]]}},{"type":"Feature","properties":{"id":"c846","lines":"B2 G4","n":2,"tram":0,"op":"Wielicka Spółka Transportowa"},"geometry":{"type":"LineString","coordinates":[[20.038808,50.026094],[20.041555,50.024331],[20.041555,50.019043]]}},{"type":"Feature","properties":{"id":"c847","lines":"B2 G4","n":2,"tram":0,"op":"Wielicka Spółka Transportowa"},"geometry":{"type":"LineString","coordinates":[[20.038808,50.026094],[20.036062,50.024331]]}},{"type":"Feature","properties":{"id":"c848","lines":"G4","n":1,"tram":0,"op":"Wielicka Spółka Transportowa"},"geometry":{"type":"LineString","coordinates":[[20.038808,50.026094],[20.036062,50.027856],[20.036062,50.033144]]}},{"type":"Feature","properties":{"id":"c849","lines":"G4","n":1,"tram":0,"op":"Wielicka Spółka Transportowa"},"geometry":{"type":"LineString","coordinates":[[20.038808,50.026094],[20.038808,50.031382]]}},{"type":"Feature","properties":{"id":"c850","lines":"235 243","n":2,"tram":0,"op":"MPK Kraków — buses"},"geometry":{"type":"LineString","coordinates":[[19.882261,50.001416],[19.879514,50.003179]]}},{"type":"Feature","properties":{"id":"c851","lines":"235","n":1,"tram":0,"op":"MPK Kraków — buses"},"geometry":{"type":"LineString","coordinates":[[19.838317,50.008467],[19.838317,50.013755]]}},{"type":"Feature","properties":{"id":"c852","lines":"238","n":1,"tram":0,"op":"MPK Kraków — buses"},"geometry":{"type":"LineString","coordinates":[[19.813599,50.084262],[19.816346,50.086024],[19.824585,50.086024]]}},{"type":"Feature","properties":{"id":"c853","lines":"238","n":1,"tram":0,"op":"MPK Kraków — buses"},"geometry":{"type":"LineString","coordinates":[[19.824585,50.086024],[19.824585,50.091312]]}},{"type":"Feature","properties":{"id":"c854","lines":"238 918","n":2,"tram":0,"op":"MPK Kraków — buses"},"geometry":{"type":"LineString","coordinates":[[19.824585,50.086024],[19.824585,50.091312]]}},{"type":"Feature","properties":{"id":"c855","lines":"278","n":1,"tram":0,"op":"MPK Kraków — buses"},"geometry":{"type":"LineString","coordinates":[[19.824585,50.091312],[19.824585,50.101888]]}},{"type":"Feature","properties":{"id":"c856","lines":"278","n":1,"tram":0,"op":"MPK Kraków — buses"},"geometry":{"type":"LineString","coordinates":[[19.824585,50.091312],[19.835571,50.098363],[19.857543,50.098363]]}},{"type":"Feature","properties":{"id":"c857","lines":"238 248 948","n":3,"tram":0,"op":"MPK Kraków — buses"},"geometry":{"type":"LineString","coordinates":[[19.85205,50.091312],[19.854796,50.08955]]}},{"type":"Feature","properties":{"id":"c858","lines":"238 248 948","n":3,"tram":0,"op":"MPK Kraków — buses"},"geometry":{"type":"LineString","coordinates":[[19.85205,50.091312],[19.863035,50.091312]]}},{"type":"Feature","properties":{"id":"c859","lines":"238 248 258 948","n":4,"tram":0,"op":"MPK Kraków — buses"},"geometry":{"type":"LineString","coordinates":[[19.854796,50.08955],[19.857543,50.091312],[19.863035,50.091312]]}},{"type":"Feature","properties":{"id":"c860","lines":"238 258","n":2,"tram":0,"op":"MPK Kraków — buses"},"geometry":{"type":"LineString","coordinates":[[19.854796,50.08955],[19.857543,50.08955],[19.860289,50.091312],[19.863035,50.091312]]}},{"type":"Feature","properties":{"id":"c861","lines":"238 248 258 948","n":4,"tram":0,"op":"MPK Kraków — buses"},"geometry":{"type":"LineString","coordinates":[[19.863035,50.091312],[19.868528,50.091312]]}},{"type":"Feature","properties":{"id":"c862","lines":"238 258 288 948","n":4,"tram":0,"op":"MPK Kraków — buses"},"geometry":{"type":"LineString","coordinates":[[19.868528,50.091312],[19.868528,50.086024]]}},{"type":"Feature","properties":{"id":"c863","lines":"238 248","n":2,"tram":0,"op":"MPK Kraków — buses"},"geometry":{"type":"LineString","coordinates":[[19.868528,50.091312],[19.876768,50.091312]]}},{"type":"Feature","properties":{"id":"c864","lines":"238 258 948","n":3,"tram":0,"op":"MPK Kraków — buses"},"geometry":{"type":"LineString","coordinates":[[19.868528,50.091312],[19.865782,50.08955]]}},{"type":"Feature","properties":{"id":"c865","lines":"288","n":1,"tram":0,"op":"MPK Kraków — buses"},"geometry":{"type":"LineString","coordinates":[[19.868528,50.091312],[19.868528,50.093075],[19.871275,50.094838]]}},{"type":"Feature","properties":{"id":"c866","lines":"238 258 288 948","n":4,"tram":0,"op":"MPK Kraków — buses"},"geometry":{"type":"LineString","coordinates":[[19.868528,50.086024],[19.879514,50.086024],[19.882261,50.087787]]}},{"type":"Feature","properties":{"id":"c867","lines":"238 258 288 948","n":4,"tram":0,"op":"MPK Kraków — buses"},"geometry":{"type":"LineString","coordinates":[[19.868528,50.086024],[19.865782,50.087787],[19.865782,50.08955]]}},{"type":"Feature","properties":{"id":"c868","lines":"238 248 268 278","n":4,"tram":0,"op":"MPK Kraków — buses"},"geometry":{"type":"LineString","coordinates":[[19.882261,50.087787],[19.876768,50.091312]]}},{"type":"Feature","properties":{"id":"c869","lines":"268 278","n":2,"tram":0,"op":"MPK Kraków — buses"},"geometry":{"type":"LineString","coordinates":[[19.876768,50.091312],[19.871275,50.094838]]}},{"type":"Feature","properties":{"id":"c870","lines":"288","n":1,"tram":0,"op":"MPK Kraków — buses"},"geometry":{"type":"LineString","coordinates":[[19.865782,50.08955],[19.871275,50.093075],[19.871275,50.094838]]}},{"type":"Feature","properties":{"id":"c871","lines":"239 259","n":2,"tram":0,"op":"MPK Kraków — buses"},"geometry":{"type":"LineString","coordinates":[[19.838317,50.024331],[19.838317,50.027856]]}},{"type":"Feature","properties":{"id":"c872","lines":"259","n":1,"tram":0,"op":"MPK Kraków — buses"},"geometry":{"type":"LineString","coordinates":[[19.838317,50.024331],[19.830078,50.024331]]}},{"type":"Feature","properties":{"id":"c873","lines":"259","n":1,"tram":0,"op":"MPK Kraków — buses"},"geometry":{"type":"LineString","coordinates":[[19.838317,50.027856],[19.838317,50.031382]]}},{"type":"Feature","properties":{"id":"c874","lines":"259 279","n":2,"tram":0,"op":"MPK Kraków — buses"},"geometry":{"type":"LineString","coordinates":[[19.827332,50.01728],[19.827332,50.022568]]}},{"type":"Feature","properties":{"id":"c875","lines":"259 279","n":2,"tram":0,"op":"MPK Kraków — buses"},"geometry":{"type":"LineString","coordinates":[[19.827332,50.022568],[19.830078,50.024331]]}},{"type":"Feature","properties":{"id":"c876","lines":"240 290","n":2,"tram":0,"op":"MPK Kraków — buses"},"geometry":{"type":"LineString","coordinates":[[19.909725,50.108939],[19.909725,50.103651]]}},{"type":"Feature","properties":{"id":"c877","lines":"244 304","n":2,"tram":0,"op":"MPK Kraków — buses"},"geometry":{"type":"LineString","coordinates":[[20.025076,50.01023],[20.022329,50.008467]]}},{"type":"Feature","properties":{"id":"c878","lines":"D2","n":1,"tram":0,"op":"Wielicka Spółka Transportowa"},"geometry":{"type":"LineString","coordinates":[[20.025076,50.01023],[20.025076,50.006704]]}},{"type":"Feature","properties":{"id":"c879","lines":"L1","n":1,"tram":0,"op":"Wielicka Spółka Transportowa"},"geometry":{"type":"LineString","coordinates":[[20.025076,50.01023],[20.027822,50.01023],[20.030569,50.008467]]}},{"type":"Feature","properties":{"id":"c880","lines":"274 Z1","n":2,"tram":0,"op":"mix"},"geometry":{"type":"LineString","coordinates":[[20.022329,50.008467],[20.030569,50.008467],[20.033315,50.006704]]}},{"type":"Feature","properties":{"id":"c881","lines":"274","n":1,"tram":0,"op":"MPK Kraków — buses"},"geometry":{"type":"LineString","coordinates":[[20.022329,50.008467],[20.030569,50.008467],[20.033315,50.006704]]}},{"type":"Feature","properties":{"id":"c882","lines":"R2 Z1","n":2,"tram":0,"op":"Wielicka Spółka Transportowa"},"geometry":{"type":"LineString","coordinates":[[20.022329,50.008467],[20.019583,50.008467],[20.016837,50.01023]]}},{"type":"Feature","properties":{"id":"c883","lines":"Z1","n":1,"tram":0,"op":"Wielicka Spółka Transportowa"},"geometry":{"type":"LineString","coordinates":[[20.022329,50.008467],[20.030569,50.008467]]}},{"type":"Feature","properties":{"id":"c884","lines":"L1 R2 Z1","n":3,"tram":0,"op":"Wielicka Spółka Transportowa"},"geometry":{"type":"LineString","coordinates":[[20.022329,50.008467],[20.025076,50.006704],[20.027822,50.006704]]}},{"type":"Feature","properties":{"id":"c885","lines":"R2","n":1,"tram":0,"op":"Wielicka Spółka Transportowa"},"geometry":{"type":"LineString","coordinates":[[20.022329,50.008467],[20.025076,50.006704]]}},{"type":"Feature","properties":{"id":"c886","lines":"244 P2","n":2,"tram":0,"op":"mix"},"geometry":{"type":"LineString","coordinates":[[20.003104,50.006704],[20.000358,50.004942],[19.997611,50.004942]]}},{"type":"Feature","properties":{"id":"c887","lines":"P2","n":1,"tram":0,"op":"Wielicka Spółka Transportowa"},"geometry":{"type":"LineString","coordinates":[[20.003104,50.006704],[20.005851,50.008467]]}},{"type":"Feature","properties":{"id":"c888","lines":"P2","n":1,"tram":0,"op":"Wielicka Spółka Transportowa"},"geometry":{"type":"LineString","coordinates":[[20.003104,50.006704],[20.000358,50.004942],[19.997611,50.004942]]}},{"type":"Feature","properties":{"id":"c889","lines":"P2","n":1,"tram":0,"op":"Wielicka Spółka Transportowa"},"geometry":{"type":"LineString","coordinates":[[20.003104,50.006704],[20.003104,50.008467],[20.005851,50.01023]]}},{"type":"Feature","properties":{"id":"c890","lines":"244 P2","n":2,"tram":0,"op":"mix"},"geometry":{"type":"LineString","coordinates":[[19.997611,50.004942],[19.997611,50.008467]]}},{"type":"Feature","properties":{"id":"c891","lines":"248 948","n":2,"tram":0,"op":"MPK Kraków — buses"},"geometry":{"type":"LineString","coordinates":[[19.865782,50.112464],[19.857543,50.107176]]}},{"type":"Feature","properties":{"id":"c892","lines":"248 268 948","n":3,"tram":0,"op":"MPK Kraków — buses"},"geometry":{"type":"LineString","coordinates":[[19.857543,50.107176],[19.857543,50.098363]]}},{"type":"Feature","properties":{"id":"c893","lines":"268","n":1,"tram":0,"op":"MPK Kraków — buses"},"geometry":{"type":"LineString","coordinates":[[19.857543,50.107176],[19.85205,50.110702]]}},{"type":"Feature","properties":{"id":"c894","lines":"268 278 288","n":3,"tram":0,"op":"MPK Kraków — buses"},"geometry":{"type":"LineString","coordinates":[[19.857543,50.098363],[19.865782,50.098363]]}},{"type":"Feature","properties":{"id":"c895","lines":"310 910","n":2,"tram":0,"op":"MPK Kraków — buses"},"geometry":{"type":"LineString","coordinates":[[19.8905,50.105414],[19.8905,50.110702]]}},{"type":"Feature","properties":{"id":"c896","lines":"310 910 LR0","n":3,"tram":0,"op":"MPK Kraków — buses"},"geometry":{"type":"LineString","coordinates":[[19.8905,50.110702],[19.885007,50.114227]]}},{"type":"Feature","properties":{"id":"c897","lines":"310 910","n":2,"tram":0,"op":"MPK Kraków — buses"},"geometry":{"type":"LineString","coordinates":[[19.885007,50.114227],[19.879514,50.117752]]}},{"type":"Feature","properties":{"id":"c898","lines":"LR0","n":1,"tram":0,"op":"MPK Kraków — buses"},"geometry":{"type":"LineString","coordinates":[[19.885007,50.114227],[19.879514,50.117752]]}},{"type":"Feature","properties":{"id":"c899","lines":"310 910 LR0","n":3,"tram":0,"op":"MPK Kraków — buses"},"geometry":{"type":"LineString","coordinates":[[19.879514,50.117752],[19.876768,50.119515]]}},{"type":"Feature","properties":{"id":"c900","lines":"310 910 LR0","n":3,"tram":0,"op":"MPK Kraków — buses"},"geometry":{"type":"LineString","coordinates":[[19.876768,50.119515],[19.863035,50.119515],[19.860289,50.121278]]}},{"type":"Feature","properties":{"id":"c901","lines":"310","n":1,"tram":0,"op":"MPK Kraków — buses"},"geometry":{"type":"LineString","coordinates":[[19.876768,50.119515],[19.871275,50.12304]]}},{"type":"Feature","properties":{"id":"c902","lines":"310 910","n":2,"tram":0,"op":"MPK Kraków — buses"},"geometry":{"type":"LineString","coordinates":[[19.860289,50.121278],[19.854796,50.117752]]}},{"type":"Feature","properties":{"id":"c903","lines":"LR0","n":1,"tram":0,"op":"MPK Kraków — buses"},"geometry":{"type":"LineString","coordinates":[[19.860289,50.121278],[19.879514,50.133616],[19.885007,50.133616]]}},{"type":"Feature","properties":{"id":"c904","lines":"249 269","n":2,"tram":0,"op":"MPK Kraków — buses"},"geometry":{"type":"LineString","coordinates":[[19.824585,50.045483],[19.819092,50.045483]]}},{"type":"Feature","properties":{"id":"c905","lines":"269","n":1,"tram":0,"op":"MPK Kraków — buses"},"geometry":{"type":"LineString","coordinates":[[19.819092,50.045483],[19.816346,50.047246],[19.810853,50.047246]]}},{"type":"Feature","properties":{"id":"c906","lines":"250 270","n":2,"tram":0,"op":"MPK Kraków — buses"},"geometry":{"type":"LineString","coordinates":[[20.01409,50.100126],[20.003104,50.100126]]}},{"type":"Feature","properties":{"id":"c907","lines":"270","n":1,"tram":0,"op":"MPK Kraków — buses"},"geometry":{"type":"LineString","coordinates":[[20.01409,50.100126],[20.019583,50.103651]]}},{"type":"Feature","properties":{"id":"c908","lines":"250 260 270","n":3,"tram":0,"op":"MPK Kraków — buses"},"geometry":{"type":"LineString","coordinates":[[20.003104,50.100126],[20.000358,50.098363]]}},{"type":"Feature","properties":{"id":"c909","lines":"260","n":1,"tram":0,"op":"MPK Kraków — buses"},"geometry":{"type":"LineString","coordinates":[[20.003104,50.100126],[19.981133,50.114227],[19.978386,50.114227]]}},{"type":"Feature","properties":{"id":"c910","lines":"250 260 270 297","n":4,"tram":0,"op":"MPK Kraków — buses"},"geometry":{"type":"LineString","coordinates":[[20.000358,50.098363],[19.997611,50.098363]]}},{"type":"Feature","properties":{"id":"c911","lines":"297","n":1,"tram":0,"op":"MPK Kraków — buses"},"geometry":{"type":"LineString","coordinates":[[20.000358,50.098363],[19.992119,50.103651]]}},{"type":"Feature","properties":{"id":"c912","lines":"250 297","n":2,"tram":0,"op":"MPK Kraków — buses"},"geometry":{"type":"LineString","coordinates":[[19.997611,50.098363],[19.986626,50.098363]]}},{"type":"Feature","properties":{"id":"c913","lines":"250 297","n":2,"tram":0,"op":"MPK Kraków — buses"},"geometry":{"type":"LineString","coordinates":[[19.986626,50.098363],[19.978386,50.098363]]}},{"type":"Feature","properties":{"id":"c914","lines":"297","n":1,"tram":0,"op":"MPK Kraków — buses"},"geometry":{"type":"LineString","coordinates":[[19.986626,50.098363],[19.986626,50.101888],[19.97564,50.108939]]}},{"type":"Feature","properties":{"id":"c915","lines":"297","n":1,"tram":0,"op":"MPK Kraków — buses"},"geometry":{"type":"LineString","coordinates":[[19.978386,50.098363],[19.97564,50.098363],[19.970147,50.101888]]}},{"type":"Feature","properties":{"id":"c916","lines":"270","n":1,"tram":0,"op":"MPK Kraków — buses"},"geometry":{"type":"LineString","coordinates":[[20.019583,50.103651],[20.025076,50.107176]]}},{"type":"Feature","properties":{"id":"c917","lines":"270","n":1,"tram":0,"op":"MPK Kraków — buses"},"geometry":{"type":"LineString","coordinates":[[20.019583,50.103651],[20.011344,50.108939],[20.011344,50.110702]]}},{"type":"Feature","properties":{"id":"c918","lines":"260","n":1,"tram":0,"op":"MPK Kraków — buses"},"geometry":{"type":"LineString","coordinates":[[20.011344,50.110702],[20.003104,50.11599],[20.000358,50.11599]]}},{"type":"Feature","properties":{"id":"c919","lines":"253","n":1,"tram":0,"op":"MPK Kraków — buses"},"geometry":{"type":"LineString","coordinates":[[19.860289,49.980264],[19.863035,49.982027],[19.863035,49.996128]]}},{"type":"Feature","properties":{"id":"c920","lines":"253","n":1,"tram":0,"op":"MPK Kraków — buses"},"geometry":{"type":"LineString","coordinates":[[19.863035,49.996128],[19.868528,49.999654]]}},{"type":"Feature","properties":{"id":"c921","lines":"253","n":1,"tram":0,"op":"MPK Kraków — buses"},"geometry":{"type":"LineString","coordinates":[[19.863035,49.996128],[19.868528,49.999654]]}},{"type":"Feature","properties":{"id":"c922","lines":"257","n":1,"tram":0,"op":"MPK Kraków — buses"},"geometry":{"type":"LineString","coordinates":[[19.945429,50.128328],[19.93719,50.128328]]}},{"type":"Feature","properties":{"id":"c923","lines":"257 277","n":2,"tram":0,"op":"MPK Kraków — buses"},"geometry":{"type":"LineString","coordinates":[[19.945429,50.128328],[19.945429,50.126566]]}},{"type":"Feature","properties":{"id":"c924","lines":"277","n":1,"tram":0,"op":"MPK Kraków — buses"},"geometry":{"type":"LineString","coordinates":[[19.945429,50.128328],[19.948175,50.130091],[19.948175,50.137142]]}},{"type":"Feature","properties":{"id":"c925","lines":"257","n":1,"tram":0,"op":"MPK Kraków — buses"},"geometry":{"type":"LineString","coordinates":[[19.945429,50.126566],[19.950922,50.126566],[19.953668,50.128328],[19.964654,50.128328]]}},{"type":"Feature","properties":{"id":"c926","lines":"277","n":1,"tram":0,"op":"MPK Kraków — buses"},"geometry":{"type":"LineString","coordinates":[[19.945429,50.126566],[19.948175,50.124803],[19.956415,50.124803]]}},{"type":"Feature","properties":{"id":"c927","lines":"257","n":1,"tram":0,"op":"MPK Kraków — buses"},"geometry":{"type":"LineString","coordinates":[[19.964654,50.128328],[19.964654,50.124803]]}},{"type":"Feature","properties":{"id":"c928","lines":"257","n":1,"tram":0,"op":"MPK Kraków — buses"},"geometry":{"type":"LineString","coordinates":[[19.964654,50.128328],[19.967401,50.126566],[19.967401,50.12304]]}},{"type":"Feature","properties":{"id":"c929","lines":"257 277","n":2,"tram":0,"op":"MPK Kraków — buses"},"geometry":{"type":"LineString","coordinates":[[19.964654,50.124803],[19.967401,50.12304]]}},{"type":"Feature","properties":{"id":"c930","lines":"277","n":1,"tram":0,"op":"MPK Kraków — buses"},"geometry":{"type":"LineString","coordinates":[[19.964654,50.124803],[19.956415,50.124803]]}},{"type":"Feature","properties":{"id":"c931","lines":"257 277","n":2,"tram":0,"op":"MPK Kraków — buses"},"geometry":{"type":"LineString","coordinates":[[19.967401,50.12304],[19.970147,50.121278]]}},{"type":"Feature","properties":{"id":"c932","lines":"277","n":1,"tram":0,"op":"MPK Kraków — buses"},"geometry":{"type":"LineString","coordinates":[[19.967401,50.12304],[19.959161,50.12304],[19.956415,50.124803]]}},{"type":"Feature","properties":{"id":"c933","lines":"257 260 277","n":3,"tram":0,"op":"MPK Kraków — buses"},"geometry":{"type":"LineString","coordinates":[[19.970147,50.121278],[19.970147,50.119515]]}},{"type":"Feature","properties":{"id":"c934","lines":"260","n":1,"tram":0,"op":"MPK Kraków — buses"},"geometry":{"type":"LineString","coordinates":[[19.970147,50.121278],[19.983879,50.121278],[19.992119,50.11599],[19.994865,50.11599]]}},{"type":"Feature","properties":{"id":"c935","lines":"257 277","n":2,"tram":0,"op":"MPK Kraków — buses"},"geometry":{"type":"LineString","coordinates":[[19.970147,50.119515],[19.961908,50.114227]]}},{"type":"Feature","properties":{"id":"c936","lines":"260","n":1,"tram":0,"op":"MPK Kraków — buses"},"geometry":{"type":"LineString","coordinates":[[19.970147,50.119515],[19.978386,50.114227]]}},{"type":"Feature","properties":{"id":"c937","lines":"260","n":1,"tram":0,"op":"MPK Kraków — buses"},"geometry":{"type":"LineString","coordinates":[[19.970147,50.119515],[19.978386,50.114227]]}},{"type":"Feature","properties":{"id":"c938","lines":"257 277 280 307 917","n":5,"tram":0,"op":"MPK Kraków — buses"},"geometry":{"type":"LineString","coordinates":[[19.961908,50.114227],[19.961908,50.112464]]}},{"type":"Feature","properties":{"id":"c939","lines":"280 307 917","n":3,"tram":0,"op":"MPK Kraków — buses"},"geometry":{"type":"LineString","coordinates":[[19.961908,50.114227],[19.959161,50.114227],[19.948175,50.121278]]}},{"type":"Feature","properties":{"id":"c940","lines":"337 937","n":2,"tram":0,"op":"MPK Kraków — buses"},"geometry":{"type":"LineString","coordinates":[[19.926204,50.128328],[19.926204,50.126566],[19.912472,50.117752]]}},{"type":"Feature","properties":{"id":"c941","lines":"307","n":1,"tram":0,"op":"MPK Kraków — buses"},"geometry":{"type":"LineString","coordinates":[[19.948175,50.121278],[19.961908,50.121278]]}},{"type":"Feature","properties":{"id":"c942","lines":"269","n":1,"tram":0,"op":"MPK Kraków — buses"},"geometry":{"type":"LineString","coordinates":[[19.813599,50.057822],[19.810853,50.057822],[19.799867,50.050771]]}},{"type":"Feature","properties":{"id":"c943","lines":"269","n":1,"tram":0,"op":"MPK Kraków — buses"},"geometry":{"type":"LineString","coordinates":[[19.799867,50.050771],[19.802614,50.049008],[19.802614,50.047246]]}},{"type":"Feature","properties":{"id":"c944","lines":"269","n":1,"tram":0,"op":"MPK Kraków — buses"},"geometry":{"type":"LineString","coordinates":[[19.799867,50.050771],[19.794374,50.047246]]}},{"type":"Feature","properties":{"id":"c945","lines":"269","n":1,"tram":0,"op":"MPK Kraków — buses"},"geometry":{"type":"LineString","coordinates":[[19.802614,50.047246],[19.794374,50.047246]]}},{"type":"Feature","properties":{"id":"c946","lines":"269","n":1,"tram":0,"op":"MPK Kraków — buses"},"geometry":{"type":"LineString","coordinates":[[19.802614,50.047246],[19.810853,50.047246]]}},{"type":"Feature","properties":{"id":"c947","lines":"269","n":1,"tram":0,"op":"MPK Kraków — buses"},"geometry":{"type":"LineString","coordinates":[[19.810853,50.047246],[19.810853,50.050771]]}},{"type":"Feature","properties":{"id":"c948","lines":"260","n":1,"tram":0,"op":"MPK Kraków — buses"},"geometry":{"type":"LineString","coordinates":[[19.994865,50.11599],[20.000358,50.119515]]}},{"type":"Feature","properties":{"id":"c949","lines":"260","n":1,"tram":0,"op":"MPK Kraków — buses"},"geometry":{"type":"LineString","coordinates":[[19.994865,50.11599],[20.000358,50.11599]]}},{"type":"Feature","properties":{"id":"c950","lines":"260","n":1,"tram":0,"op":"MPK Kraków — buses"},"geometry":{"type":"LineString","coordinates":[[20.000358,50.119515],[20.000358,50.124803]]}},{"type":"Feature","properties":{"id":"c951","lines":"260","n":1,"tram":0,"op":"MPK Kraków — buses"},"geometry":{"type":"LineString","coordinates":[[20.000358,50.119515],[20.000358,50.11599]]}},{"type":"Feature","properties":{"id":"c952","lines":"G4","n":1,"tram":0,"op":"Wielicka Spółka Transportowa"},"geometry":{"type":"LineString","coordinates":[[20.044301,50.040195],[20.036062,50.034907],[20.036062,50.033144]]}},{"type":"Feature","properties":{"id":"c953","lines":"G4","n":1,"tram":0,"op":"Wielicka Spółka Transportowa"},"geometry":{"type":"LineString","coordinates":[[20.044301,50.040195],[20.044301,50.034907],[20.038808,50.031382]]}},{"type":"Feature","properties":{"id":"c954","lines":"267","n":1,"tram":0,"op":"MPK Kraków — buses"},"geometry":{"type":"LineString","coordinates":[[19.901486,50.138904],[19.898739,50.140667]]}},{"type":"Feature","properties":{"id":"c955","lines":"267","n":1,"tram":0,"op":"MPK Kraków — buses"},"geometry":{"type":"LineString","coordinates":[[19.901486,50.138904],[19.906979,50.135379]]}},{"type":"Feature","properties":{"id":"c956","lines":"267","n":1,"tram":0,"op":"MPK Kraków — buses"},"geometry":{"type":"LineString","coordinates":[[19.901486,50.138904],[19.906979,50.135379]]}},{"type":"Feature","properties":{"id":"c957","lines":"267","n":1,"tram":0,"op":"MPK Kraków — buses"},"geometry":{"type":"LineString","coordinates":[[19.906979,50.135379],[19.912472,50.131854],[19.912472,50.117752]]}},{"type":"Feature","properties":{"id":"c958","lines":"268 278 288","n":3,"tram":0,"op":"MPK Kraków — buses"},"geometry":{"type":"LineString","coordinates":[[19.865782,50.098363],[19.871275,50.094838]]}},{"type":"Feature","properties":{"id":"c959","lines":"274","n":1,"tram":0,"op":"MPK Kraków — buses"},"geometry":{"type":"LineString","coordinates":[[20.049794,50.001416],[20.044301,50.004942],[20.041555,50.004942]]}},{"type":"Feature","properties":{"id":"c960","lines":"274 Z1","n":2,"tram":0,"op":"mix"},"geometry":{"type":"LineString","coordinates":[[20.041555,50.004942],[20.036062,50.004942]]}},{"type":"Feature","properties":{"id":"c961","lines":"Z1","n":1,"tram":0,"op":"Wielicka Spółka Transportowa"},"geometry":{"type":"LineString","coordinates":[[20.041555,50.004942],[20.041555,50.006704],[20.044301,50.008467],[20.044301,50.020806]]}},{"type":"Feature","properties":{"id":"c962","lines":"Z1","n":1,"tram":0,"op":"Wielicka Spółka Transportowa"},"geometry":{"type":"LineString","coordinates":[[20.041555,50.004942],[20.044301,50.006704],[20.044301,50.020806]]}},{"type":"Feature","properties":{"id":"c963","lines":"274 L1 Z1","n":3,"tram":0,"op":"mix"},"geometry":{"type":"LineString","coordinates":[[20.036062,50.004942],[20.033315,50.006704]]}},{"type":"Feature","properties":{"id":"c964","lines":"L1","n":1,"tram":0,"op":"Wielicka Spółka Transportowa"},"geometry":{"type":"LineString","coordinates":[[20.036062,50.004942],[20.030569,50.004942],[20.027822,50.006704]]}},{"type":"Feature","properties":{"id":"c965","lines":"L1 Z1","n":2,"tram":0,"op":"Wielicka Spółka Transportowa"},"geometry":{"type":"LineString","coordinates":[[20.033315,50.006704],[20.030569,50.008467]]}},{"type":"Feature","properties":{"id":"c966","lines":"Z1","n":1,"tram":0,"op":"Wielicka Spółka Transportowa"},"geometry":{"type":"LineString","coordinates":[[20.033315,50.006704],[20.027822,50.006704]]}},{"type":"Feature","properties":{"id":"c967","lines":"G3 P2","n":2,"tram":0,"op":"Wielicka Spółka Transportowa"},"geometry":{"type":"LineString","coordinates":[[20.011344,50.01023],[20.016837,50.01023]]}},{"type":"Feature","properties":{"id":"c968","lines":"277","n":1,"tram":0,"op":"MPK Kraków — buses"},"geometry":{"type":"LineString","coordinates":[[19.961908,50.138904],[19.959161,50.137142],[19.948175,50.137142]]}},{"type":"Feature","properties":{"id":"c969","lines":"277","n":1,"tram":0,"op":"MPK Kraków — buses"},"geometry":{"type":"LineString","coordinates":[[19.961908,50.138904],[19.950922,50.138904],[19.948175,50.137142]]}},{"type":"Feature","properties":{"id":"c970","lines":"B2 D2 G4 W2","n":4,"tram":0,"op":"Wielicka Spółka Transportowa"},"geometry":{"type":"LineString","coordinates":[[20.016837,50.01023],[20.022329,50.01023]]}},{"type":"Feature","properties":{"id":"c971","lines":"301 W2","n":2,"tram":0,"op":"mix"},"geometry":{"type":"LineString","coordinates":[[20.033315,50.01728],[20.036062,50.019043]]}},{"type":"Feature","properties":{"id":"c972","lines":"301","n":1,"tram":0,"op":"MPK Kraków — buses"},"geometry":{"type":"LineString","coordinates":[[20.033315,50.01728],[20.036062,50.019043]]}},{"type":"Feature","properties":{"id":"c973","lines":"301 W2","n":2,"tram":0,"op":"mix"},"geometry":{"type":"LineString","coordinates":[[20.036062,50.019043],[20.038808,50.020806],[20.044301,50.020806]]}},{"type":"Feature","properties":{"id":"c974","lines":"301","n":1,"tram":0,"op":"MPK Kraków — buses"},"geometry":{"type":"LineString","coordinates":[[20.044301,50.020806],[20.047048,50.020806],[20.06078,50.029619]]}},{"type":"Feature","properties":{"id":"c975","lines":"301","n":1,"tram":0,"op":"MPK Kraków — buses"},"geometry":{"type":"LineString","coordinates":[[20.06078,50.029619],[20.066273,50.033144],[20.069019,50.033144]]}},{"type":"Feature","properties":{"id":"c976","lines":"301","n":1,"tram":0,"op":"MPK Kraków — buses"},"geometry":{"type":"LineString","coordinates":[[20.06078,50.029619],[20.063526,50.029619],[20.069019,50.033144]]}},{"type":"Feature","properties":{"id":"c977","lines":"605","n":1,"tram":0,"op":"MPK Kraków — buses"},"geometry":{"type":"LineString","coordinates":[[19.97564,50.049008],[19.964654,50.056059],[19.964654,50.057822]]}},{"type":"Feature","properties":{"id":"c978","lines":"605","n":1,"tram":0,"op":"MPK Kraków — buses"},"geometry":{"type":"LineString","coordinates":[[19.97564,50.049008],[19.97564,50.050771],[19.964654,50.057822]]}},{"type":"Feature","properties":{"id":"c980","lines":"662","n":1,"tram":0,"op":"MPK Kraków — buses"},"geometry":{"type":"LineString","coordinates":[[19.964654,50.057822],[19.970147,50.061347],[19.972893,50.061347]]}},{"type":"Feature","properties":{"id":"c982","lines":"608 915","n":2,"tram":1,"op":"mix"},"geometry":{"type":"LineString","coordinates":[[19.934443,50.024331],[19.931697,50.022568],[19.931697,50.019043]]}},{"type":"Feature","properties":{"id":"c985","lines":"610 662 904","n":3,"tram":1,"op":"mix"},"geometry":{"type":"LineString","coordinates":[[19.939936,50.050771],[19.948175,50.056059],[19.948175,50.057822]]}},{"type":"Feature","properties":{"id":"c986","lines":"904","n":1,"tram":1,"op":"mix"},"geometry":{"type":"LineString","coordinates":[[19.939936,50.050771],[19.945429,50.047246],[19.945429,50.038432]]}},{"type":"Feature","properties":{"id":"c988","lines":"610 662 669 904","n":4,"tram":1,"op":"mix"},"geometry":{"type":"LineString","coordinates":[[19.948175,50.057822],[19.948175,50.059584],[19.942682,50.06311]]}},{"type":"Feature","properties":{"id":"c989","lines":"669","n":1,"tram":1,"op":"mix"},"geometry":{"type":"LineString","coordinates":[[19.948175,50.057822],[19.959161,50.050771],[19.959161,50.04372]]}},{"type":"Feature","properties":{"id":"c990","lines":"609","n":1,"tram":1,"op":"mix"},"geometry":{"type":"LineString","coordinates":[[19.942682,50.06311],[19.93719,50.06311],[19.934443,50.061347]]}},{"type":"Feature","properties":{"id":"c993","lines":"669","n":1,"tram":1,"op":"mix"},"geometry":{"type":"LineString","coordinates":[[19.983879,50.024331],[19.97564,50.029619]]}},{"type":"Feature","properties":{"id":"c997","lines":"609","n":1,"tram":1,"op":"mix"},"geometry":{"type":"LineString","coordinates":[[19.934443,50.061347],[19.92895,50.061347]]}},{"type":"Feature","properties":{"id":"c1000","lines":"G4","n":1,"tram":0,"op":"Wielicka Spółka Transportowa"},"geometry":{"type":"LineString","coordinates":[[20.022329,50.01023],[20.027822,50.01023],[20.041555,50.019043]]}},{"type":"Feature","properties":{"id":"c1001","lines":"D2 R2","n":2,"tram":0,"op":"Wielicka Spółka Transportowa"},"geometry":{"type":"LineString","coordinates":[[20.025076,50.006704],[20.025076,50.004942],[20.022329,50.003179]]}},{"type":"Feature","properties":{"id":"c1002","lines":"D2","n":1,"tram":0,"op":"Wielicka Spółka Transportowa"},"geometry":{"type":"LineString","coordinates":[[20.022329,50.003179],[20.033315,49.996128],[20.036062,49.996128]]}},{"type":"Feature","properties":{"id":"c1003","lines":"D2","n":1,"tram":0,"op":"Wielicka Spółka Transportowa"},"geometry":{"type":"LineString","coordinates":[[20.022329,50.003179],[20.022329,50.001416]]}},{"type":"Feature","properties":{"id":"c1004","lines":"R2","n":1,"tram":0,"op":"Wielicka Spółka Transportowa"},"geometry":{"type":"LineString","coordinates":[[20.022329,50.003179],[20.016837,49.999654],[20.008597,49.999654]]}},{"type":"Feature","properties":{"id":"c1005","lines":"D2","n":1,"tram":0,"op":"Wielicka Spółka Transportowa"},"geometry":{"type":"LineString","coordinates":[[20.036062,49.992603],[20.022329,50.001416]]}},{"type":"Feature","properties":{"id":"c1006","lines":"R2","n":1,"tram":0,"op":"Wielicka Spółka Transportowa"},"geometry":{"type":"LineString","coordinates":[[20.022329,50.001416],[20.022329,49.999654],[20.016837,49.996128]]}},{"type":"Feature","properties":{"id":"c1007","lines":"R2","n":1,"tram":0,"op":"Wielicka Spółka Transportowa"},"geometry":{"type":"LineString","coordinates":[[20.022329,50.001416],[20.027822,50.004942],[20.027822,50.006704]]}},{"type":"Feature","properties":{"id":"c1008","lines":"J1","n":1,"tram":0,"op":"Wielicka Spółka Transportowa"},"geometry":{"type":"LineString","coordinates":[[20.008597,50.001416],[20.005851,50.003179],[20.003104,50.003179]]}},{"type":"Feature","properties":{"id":"c1009","lines":"J1","n":1,"tram":0,"op":"Wielicka Spółka Transportowa"},"geometry":{"type":"LineString","coordinates":[[20.008597,50.001416],[20.008597,49.999654]]}},{"type":"Feature","properties":{"id":"c1010","lines":"G4","n":1,"tram":0,"op":"Wielicka Spółka Transportowa"},"geometry":{"type":"LineString","coordinates":[[20.036062,50.033144],[20.038808,50.031382]]}},{"type":"Feature","properties":{"id":"c1011","lines":"J1","n":1,"tram":0,"op":"Wielicka Spółka Transportowa"},"geometry":{"type":"LineString","coordinates":[[20.01409,49.997891],[20.016837,49.996128]]}},{"type":"Feature","properties":{"id":"c1012","lines":"J1 R2","n":2,"tram":0,"op":"Wielicka Spółka Transportowa"},"geometry":{"type":"LineString","coordinates":[[20.008597,49.999654],[20.005851,49.997891],[20.005851,49.994366]]}},{"type":"Feature","properties":{"id":"c1013","lines":"J1","n":1,"tram":0,"op":"Wielicka Spółka Transportowa"},"geometry":{"type":"LineString","coordinates":[[20.005851,49.994366],[19.997611,49.989078],[19.992119,49.989078]]}},{"type":"Feature","properties":{"id":"c1014","lines":"R2","n":1,"tram":0,"op":"Wielicka Spółka Transportowa"},"geometry":{"type":"LineString","coordinates":[[20.005851,49.994366],[20.005851,49.989078],[20.008597,49.987315],[20.008597,49.982027]]}},{"type":"Feature","properties":{"id":"c1015","lines":"J1 R2","n":2,"tram":0,"op":"Wielicka Spółka Transportowa"},"geometry":{"type":"LineString","coordinates":[[20.003104,49.99084],[20.008597,49.99084],[20.016837,49.996128]]}},{"type":"Feature","properties":{"id":"c1016","lines":"R2","n":1,"tram":0,"op":"Wielicka Spółka Transportowa"},"geometry":{"type":"LineString","coordinates":[[20.003104,49.99084],[20.005851,49.989078],[20.005851,49.98379]]}}]}