{"type":"FeatureCollection","features":[{"type":"Feature","properties":{"text":"200","n":1,"mode":"bus","angle":45,"op":"MPK Kraków — buses"},"geometry":{"type":"Point","coordinates":[19.867155,50.113346]}},{"type":"Feature","properties":{"text":"211","n":1,"mode":"bus","angle":-45,"op":"MPK Kraków — buses"},"geometry":{"type":"Point","coordinates":[20.097857,50.053415]}},{"type":"Feature","properties":{"text":"260","n":1,"mode":"bus","angle":45,"op":"MPK Kraków — buses"},"geometry":{"type":"Point","coordinates":[19.992119,50.107176]}},{"type":"Feature","properties":{"text":"235","n":1,"mode":"bus","angle":0,"op":"MPK Kraków — buses"},"geometry":{"type":"Point","coordinates":[19.905605,49.997891]}},{"type":"Feature","properties":{"text":"P2","n":1,"mode":"bus","angle":0,"op":"Wielicka Spółka Transportowa"},"geometry":{"type":"Point","coordinates":[20.000358,49.997891]}},{"type":"Feature","properties":{"text":"LR0","n":1,"mode":"bus","angle":-45,"op":"MPK Kraków — buses"},"geometry":{"type":"Point","coordinates":[19.869902,50.127447]}},{"type":"Feature","properties":{"text":"229","n":1,"mode":"bus","angle":45,"op":"MPK Kraków — buses"},"geometry":{"type":"Point","coordinates":[19.798494,50.0305]}},{"type":"Feature","properties":{"text":"223","n":1,"mode":"bus","angle":45,"op":"MPK Kraków — buses"},"geometry":{"type":"Point","coordinates":[19.814973,50.009348]}},{"type":"Feature","properties":{"text":"222","n":1,"mode":"bus","angle":90,"op":"MPK Kraków — buses"},"geometry":{"type":"Point","coordinates":[20.022329,50.127447]}},{"type":"Feature","properties":{"text":"8 77","n":2,"mode":"tram","angle":0,"op":"MPK Kraków — trams"},"geometry":{"type":"Point","coordinates":[19.908352,50.061347]}},{"type":"Feature","properties":{"text":"134 192 300 902","n":4,"mode":"bus","angle":0,"op":"MPK Kraków — buses"},"geometry":{"type":"Point","coordinates":[19.900113,50.059584]}},{"type":"Feature","properties":{"text":"111 161 211","n":3,"mode":"bus","angle":45,"op":"MPK Kraków — buses"},"geometry":{"type":"Point","coordinates":[20.071766,50.061347]}},{"type":"Feature","properties":{"text":"111 161","n":2,"mode":"bus","angle":45,"op":"MPK Kraków — buses"},"geometry":{"type":"Point","coordinates":[20.071766,50.059584]}},{"type":"Feature","properties":{"text":"124 128 424","n":3,"mode":"bus","angle":45,"op":"MPK Kraków — buses"},"geometry":{"type":"Point","coordinates":[19.983879,50.080736]}},{"type":"Feature","properties":{"text":"155 174","n":2,"mode":"bus","angle":-45,"op":"MPK Kraków — buses"},"geometry":{"type":"Point","coordinates":[19.959161,50.031382]}},{"type":"Feature","properties":{"text":"249 259","n":2,"mode":"bus","angle":-45,"op":"MPK Kraków — buses"},"geometry":{"type":"Point","coordinates":[19.854796,50.040195]}},{"type":"Feature","properties":{"text":"G4","n":1,"mode":"bus","angle":-45,"op":"Wielicka Spółka Transportowa"},"geometry":{"type":"Point","coordinates":[20.025076,50.019043]}},{"type":"Feature","properties":{"text":"212","n":1,"mode":"bus","angle":0,"op":"MPK Kraków — buses"},"geometry":{"type":"Point","coordinates":[20.058033,50.093075]}},{"type":"Feature","properties":{"text":"102","n":1,"mode":"bus","angle":90,"op":"MPK Kraków — buses"},"geometry":{"type":"Point","coordinates":[19.857543,50.052534]}},{"type":"Feature","properties":{"text":"171 271","n":2,"mode":"bus","angle":-90,"op":"MPK Kraków — buses"},"geometry":{"type":"Point","coordinates":[20.069019,50.077211]}},{"type":"Feature","properties":{"text":"162","n":1,"mode":"bus","angle":-90,"op":"MPK Kraków — buses"},"geometry":{"type":"Point","coordinates":[19.871275,50.022568]}},{"type":"Feature","properties":{"text":"267","n":1,"mode":"bus","angle":90,"op":"MPK Kraków — buses"},"geometry":{"type":"Point","coordinates":[19.912472,50.124803]}},{"type":"Feature","properties":{"text":"Z1","n":1,"mode":"bus","angle":-90,"op":"Wielicka Spółka Transportowa"},"geometry":{"type":"Point","coordinates":[20.044301,50.013755]}},{"type":"Feature","properties":{"text":"105 260 270","n":3,"mode":"bus","angle":0,"op":"MPK Kraków — buses"},"geometry":{"type":"Point","coordinates":[19.986626,50.094838]}},{"type":"Feature","properties":{"text":"175 243 475 610","n":4,"mode":"bus","angle":0,"op":"MPK Kraków — buses"},"geometry":{"type":"Point","coordinates":[19.904232,49.999654]}},{"type":"Feature","properties":{"text":"278","n":1,"mode":"bus","angle":0,"op":"MPK Kraków — buses"},"geometry":{"type":"Point","coordinates":[19.846557,50.098363]}},{"type":"Feature","properties":{"text":"253","n":1,"mode":"bus","angle":-90,"op":"MPK Kraków — buses"},"geometry":{"type":"Point","coordinates":[19.863035,49.989078]}},{"type":"Feature","properties":{"text":"258 298","n":2,"mode":"bus","angle":45,"op":"MPK Kraków — buses"},"geometry":{"type":"Point","coordinates":[19.825958,50.074567]}},{"type":"Feature","properties":{"text":"B2","n":1,"mode":"bus","angle":-45,"op":"Wielicka Spółka Transportowa"},"geometry":{"type":"Point","coordinates":[20.053914,50.037551]}},{"type":"Feature","properties":{"text":"301","n":1,"mode":"bus","angle":-45,"op":"MPK Kraków — buses"},"geometry":{"type":"Point","coordinates":[20.053914,50.025212]}},{"type":"Feature","properties":{"text":"203 476","n":2,"mode":"bus","angle":45,"op":"MPK Kraków — buses"},"geometry":{"type":"Point","coordinates":[19.878141,50.026975]}},{"type":"Feature","properties":{"text":"112 162","n":2,"mode":"bus","angle":-45,"op":"MPK Kraków — buses"},"geometry":{"type":"Point","coordinates":[19.89462,50.039314]}},{"type":"Feature","properties":{"text":"G4","n":1,"mode":"bus","angle":-45,"op":"Wielicka Spółka Transportowa"},"geometry":{"type":"Point","coordinates":[20.034688,50.014636]}},{"type":"Feature","properties":{"text":"D2","n":1,"mode":"bus","angle":45,"op":"Wielicka Spółka Transportowa"},"geometry":{"type":"Point","coordinates":[20.029196,49.99701]}},{"type":"Feature","properties":{"text":"337 937","n":2,"mode":"bus","angle":-45,"op":"MPK Kraków — buses"},"geometry":{"type":"Point","coordinates":[19.919338,50.122159]}},{"type":"Feature","properties":{"text":"265","n":1,"mode":"bus","angle":-45,"op":"MPK Kraków — buses"},"geometry":{"type":"Point","coordinates":[19.935816,49.991722]}},{"type":"Feature","properties":{"text":"218 918","n":2,"mode":"bus","angle":45,"op":"MPK Kraków — buses"},"geometry":{"type":"Point","coordinates":[19.839691,50.078092]}},{"type":"Feature","properties":{"text":"225 915","n":2,"mode":"bus","angle":45,"op":"MPK Kraków — buses"},"geometry":{"type":"Point","coordinates":[19.952295,49.989959]}},{"type":"Feature","properties":{"text":"J1","n":1,"mode":"bus","angle":-45,"op":"Wielicka Spółka Transportowa"},"geometry":{"type":"Point","coordinates":[19.996238,49.986434]}},{"type":"Feature","properties":{"text":"910","n":1,"mode":"bus","angle":0,"op":"MPK Kraków — buses"},"geometry":{"type":"Point","coordinates":[19.880887,50.105414]}},{"type":"Feature","properties":{"text":"669","n":1,"mode":"bus","angle":0,"op":"mix"},"geometry":{"type":"Point","coordinates":[19.938563,50.0966]}},{"type":"Feature","properties":{"text":"18 50 69 75","n":4,"mode":"tram","angle":0,"op":"mix"},"geometry":{"type":"Point","coordinates":[19.938563,50.0966]}},{"type":"Feature","properties":{"text":"138","n":1,"mode":"bus","angle":0,"op":"MPK Kraków — buses"},"geometry":{"type":"Point","coordinates":[19.966027,50.091312]}},{"type":"Feature","properties":{"text":"317","n":1,"mode":"bus","angle":90,"op":"MPK Kraków — buses"},"geometry":{"type":"Point","coordinates":[19.950922,50.079855]}},{"type":"Feature","properties":{"text":"214","n":1,"mode":"bus","angle":0,"op":"MPK Kraków — buses"},"geometry":{"type":"Point","coordinates":[19.966027,50.001416]}},{"type":"Feature","properties":{"text":"502","n":1,"mode":"bus","angle":0,"op":"MPK Kraków — buses"},"geometry":{"type":"Point","coordinates":[19.952295,50.068398]}},{"type":"Feature","properties":{"text":"605 662","n":2,"mode":"bus","angle":90,"op":"mix"},"geometry":{"type":"Point","coordinates":[19.964654,50.063991]}},{"type":"Feature","properties":{"text":"1 9 14 20 22 49 50 62","n":8,"mode":"tram","angle":90,"op":"mix"},"geometry":{"type":"Point","coordinates":[19.964654,50.063991]}},{"type":"Feature","properties":{"text":"13 76","n":2,"mode":"tram","angle":0,"op":"MPK Kraków — trams"},"geometry":{"type":"Point","coordinates":[19.957788,50.03667]}},{"type":"Feature","properties":{"text":"608","n":1,"mode":"bus","angle":0,"op":"MPK Kraków — buses"},"geometry":{"type":"Point","coordinates":[19.919338,50.020806]}},{"type":"Feature","properties":{"text":"215","n":1,"mode":"bus","angle":0,"op":"MPK Kraków — buses"},"geometry":{"type":"Point","coordinates":[19.968774,49.982027]}},{"type":"Feature","properties":{"text":"215 915","n":2,"mode":"bus","angle":-90,"op":"MPK Kraków — buses"},"geometry":{"type":"Point","coordinates":[19.945429,49.988196]}},{"type":"Feature","properties":{"text":"502","n":1,"mode":"bus","angle":90,"op":"MPK Kraków — buses"},"geometry":{"type":"Point","coordinates":[19.934443,50.077211]}},{"type":"Feature","properties":{"text":"608","n":1,"mode":"bus","angle":90,"op":"mix"},"geometry":{"type":"Point","coordinates":[19.934443,50.077211]}},{"type":"Feature","properties":{"text":"18 20 75","n":3,"mode":"tram","angle":90,"op":"mix"},"geometry":{"type":"Point","coordinates":[19.934443,50.077211]}},{"type":"Feature","properties":{"text":"662","n":1,"mode":"bus","angle":0,"op":"MPK Kraków — buses"},"geometry":{"type":"Point","coordinates":[19.981133,50.061347]}},{"type":"Feature","properties":{"text":"207","n":1,"mode":"bus","angle":0,"op":"MPK Kraków — buses"},"geometry":{"type":"Point","coordinates":[19.931697,50.107176]}},{"type":"Feature","properties":{"text":"285","n":1,"mode":"bus","angle":0,"op":"MPK Kraków — buses"},"geometry":{"type":"Point","coordinates":[19.93719,49.982027]}},{"type":"Feature","properties":{"text":"662","n":1,"mode":"bus","angle":0,"op":"mix"},"geometry":{"type":"Point","coordinates":[19.906979,50.024331]}},{"type":"Feature","properties":{"text":"11 18 52 62 77","n":5,"mode":"tram","angle":0,"op":"mix"},"geometry":{"type":"Point","coordinates":[19.906979,50.024331]}},{"type":"Feature","properties":{"text":"610 904","n":2,"mode":"bus","angle":90,"op":"MPK Kraków — buses"},"geometry":{"type":"Point","coordinates":[19.942682,50.073686]}},{"type":"Feature","properties":{"text":"123 163","n":2,"mode":"bus","angle":90,"op":"MPK Kraków — buses"},"geometry":{"type":"Point","coordinates":[20.027822,50.059584]}},{"type":"Feature","properties":{"text":"264","n":1,"mode":"bus","angle":0,"op":"MPK Kraków — buses"},"geometry":{"type":"Point","coordinates":[20.033315,50.041958]}},{"type":"Feature","properties":{"text":"125 128","n":2,"mode":"bus","angle":-90,"op":"MPK Kraków — buses"},"geometry":{"type":"Point","coordinates":[19.989372,50.056059]}},{"type":"Feature","properties":{"text":"126","n":1,"mode":"bus","angle":-90,"op":"MPK Kraków — buses"},"geometry":{"type":"Point","coordinates":[19.874021,50.054296]}},{"type":"Feature","properties":{"text":"572","n":1,"mode":"bus","angle":0,"op":"MPK Kraków — buses"},"geometry":{"type":"Point","coordinates":[19.917964,50.094838]}},{"type":"Feature","properties":{"text":"279","n":1,"mode":"bus","angle":90,"op":"MPK Kraków — buses"},"geometry":{"type":"Point","coordinates":[19.835571,50.038432]}},{"type":"Feature","properties":{"text":"249","n":1,"mode":"bus","angle":-90,"op":"MPK Kraków — buses"},"geometry":{"type":"Point","coordinates":[19.819092,50.040195]}},{"type":"Feature","properties":{"text":"239 279","n":2,"mode":"bus","angle":0,"op":"MPK Kraków — buses"},"geometry":{"type":"Point","coordinates":[19.838317,50.015518]}},{"type":"Feature","properties":{"text":"278","n":1,"mode":"bus","angle":-90,"op":"MPK Kraków — buses"},"geometry":{"type":"Point","coordinates":[19.824585,50.0966]}},{"type":"Feature","properties":{"text":"904","n":1,"mode":"bus","angle":0,"op":"MPK Kraków — buses"},"geometry":{"type":"Point","coordinates":[19.997611,50.015518]}},{"type":"Feature","properties":{"text":"G3","n":1,"mode":"bus","angle":0,"op":"Wielicka Spółka Transportowa"},"geometry":{"type":"Point","coordinates":[20.000358,50.001416]}},{"type":"Feature","properties":{"text":"G3","n":1,"mode":"bus","angle":0,"op":"Wielicka Spółka Transportowa"},"geometry":{"type":"Point","coordinates":[19.992119,49.996128]}},{"type":"Feature","properties":{"text":"130 904","n":2,"mode":"bus","angle":0,"op":"MPK Kraków — buses"},"geometry":{"type":"Point","coordinates":[19.926204,50.082499]}},{"type":"Feature","properties":{"text":"269","n":1,"mode":"bus","angle":45,"op":"MPK Kraków — buses"},"geometry":{"type":"Point","coordinates":[19.830078,50.054296]}},{"type":"Feature","properties":{"text":"239","n":1,"mode":"bus","angle":45,"op":"MPK Kraków — buses"},"geometry":{"type":"Point","coordinates":[19.832825,50.031382]}},{"type":"Feature","properties":{"text":"608 669","n":2,"mode":"bus","angle":45,"op":"MPK Kraków — buses"},"geometry":{"type":"Point","coordinates":[19.948175,50.073686]}},{"type":"Feature","properties":{"text":"112 162","n":2,"mode":"bus","angle":-45,"op":"MPK Kraków — buses"},"geometry":{"type":"Point","coordinates":[19.906979,50.047246]}},{"type":"Feature","properties":{"text":"144 164 169 173 179 301 304 469 503 513 608 610","n":12,"mode":"bus","angle":45,"op":"MPK Kraków — buses"},"geometry":{"type":"Point","coordinates":[19.931697,50.034907]}},{"type":"Feature","properties":{"text":"174 662","n":2,"mode":"bus","angle":45,"op":"mix"},"geometry":{"type":"Point","coordinates":[20.016837,50.071923]}},{"type":"Feature","properties":{"text":"10 22 62 74 75","n":5,"mode":"tram","angle":45,"op":"mix"},"geometry":{"type":"Point","coordinates":[20.016837,50.071923]}},{"type":"Feature","properties":{"text":"220 LR0","n":2,"mode":"bus","angle":45,"op":"MPK Kraków — buses"},"geometry":{"type":"Point","coordinates":[19.901486,50.105414]}},{"type":"Feature","properties":{"text":"149","n":1,"mode":"bus","angle":-45,"op":"MPK Kraków — buses"},"geometry":{"type":"Point","coordinates":[20.033315,50.057822]}},{"type":"Feature","properties":{"text":"125","n":1,"mode":"bus","angle":45,"op":"MPK Kraków — buses"},"geometry":{"type":"Point","coordinates":[19.972893,50.066635]}},{"type":"Feature","properties":{"text":"144 164 169 173 179 301 304 469 503 513 610 904","n":12,"mode":"bus","angle":45,"op":"MPK Kraków — buses"},"geometry":{"type":"Point","coordinates":[19.945429,50.027856]}},{"type":"Feature","properties":{"text":"B2","n":1,"mode":"bus","angle":-45,"op":"Wielicka Spółka Transportowa"},"geometry":{"type":"Point","coordinates":[20.030569,50.01728]}},{"type":"Feature","properties":{"text":"267 337 937","n":3,"mode":"bus","angle":45,"op":"MPK Kraków — buses"},"geometry":{"type":"Point","coordinates":[19.917964,50.114227]}},{"type":"Feature","properties":{"text":"229","n":1,"mode":"bus","angle":-45,"op":"MPK Kraków — buses"},"geometry":{"type":"Point","coordinates":[19.821839,50.034907]}},{"type":"Feature","properties":{"text":"232","n":1,"mode":"bus","angle":45,"op":"MPK Kraków — buses"},"geometry":{"type":"Point","coordinates":[20.027822,50.112464]}},{"type":"Feature","properties":{"text":"245 275 285","n":3,"mode":"bus","angle":-45,"op":"MPK Kraków — buses"},"geometry":{"type":"Point","coordinates":[19.915218,49.994366]}},{"type":"Feature","properties":{"text":"297","n":1,"mode":"bus","angle":45,"op":"MPK Kraków — buses"},"geometry":{"type":"Point","coordinates":[19.981133,50.105414]}},{"type":"Feature","properties":{"text":"269","n":1,"mode":"bus","angle":-45,"op":"MPK Kraków — buses"},"geometry":{"type":"Point","coordinates":[19.80536,50.054296]}},{"type":"Feature","properties":{"text":"605","n":1,"mode":"bus","angle":45,"op":"MPK Kraków — buses"},"geometry":{"type":"Point","coordinates":[19.970147,50.052534]}},{"type":"Feature","properties":{"text":"9 20 49 50","n":4,"mode":"tram","angle":45,"op":"MPK Kraków — trams"},"geometry":{"type":"Point","coordinates":[19.970147,50.052534]}},{"type":"Feature","properties":{"text":"669","n":1,"mode":"bus","angle":45,"op":"mix"},"geometry":{"type":"Point","coordinates":[19.953668,50.054296]}},{"type":"Feature","properties":{"text":"3 69 74 77","n":4,"mode":"tram","angle":45,"op":"mix"},"geometry":{"type":"Point","coordinates":[19.953668,50.054296]}},{"type":"Feature","properties":{"text":"301 304 307 503 513","n":5,"mode":"bus","angle":-45,"op":"MPK Kraków — buses"},"geometry":{"type":"Point","coordinates":[19.923457,50.078974]}},{"type":"Feature","properties":{"text":"272","n":1,"mode":"bus","angle":45,"op":"MPK Kraków — buses"},"geometry":{"type":"Point","coordinates":[20.041555,50.093075]}},{"type":"Feature","properties":{"text":"120 LR0","n":2,"mode":"bus","angle":-45,"op":"MPK Kraków — buses"},"geometry":{"type":"Point","coordinates":[19.895993,50.094838]}},{"type":"Feature","properties":{"text":"202","n":1,"mode":"bus","angle":-45,"op":"MPK Kraków — buses"},"geometry":{"type":"Point","coordinates":[20.044301,50.114227]}},{"type":"Feature","properties":{"text":"262","n":1,"mode":"bus","angle":-45,"op":"MPK Kraków — buses"},"geometry":{"type":"Point","coordinates":[20.047048,50.103651]}},{"type":"Feature","properties":{"text":"222","n":1,"mode":"bus","angle":45,"op":"MPK Kraków — buses"},"geometry":{"type":"Point","coordinates":[20.027822,50.11599]}},{"type":"Feature","properties":{"text":"280 307 917","n":3,"mode":"bus","angle":45,"op":"MPK Kraków — buses"},"geometry":{"type":"Point","coordinates":[19.953668,50.117752]}},{"type":"Feature","properties":{"text":"J1","n":1,"mode":"bus","angle":-45,"op":"Wielicka Spółka Transportowa"},"geometry":{"type":"Point","coordinates":[19.983879,49.987315]}},{"type":"Feature","properties":{"text":"219 249","n":2,"mode":"bus","angle":45,"op":"MPK Kraków — buses"},"geometry":{"type":"Point","coordinates":[19.841064,50.040195]}},{"type":"Feature","properties":{"text":"245","n":1,"mode":"bus","angle":0,"op":"MPK Kraków — buses"},"geometry":{"type":"Point","coordinates":[19.883634,49.992603]}},{"type":"Feature","properties":{"text":"242 272","n":2,"mode":"bus","angle":-90,"op":"MPK Kraków — buses"},"geometry":{"type":"Point","coordinates":[20.038808,50.07633]}},{"type":"Feature","properties":{"text":"102","n":1,"mode":"bus","angle":90,"op":"MPK Kraków — buses"},"geometry":{"type":"Point","coordinates":[19.895993,50.069279]}},{"type":"Feature","properties":{"text":"123 163","n":2,"mode":"bus","angle":90,"op":"MPK Kraków — buses"},"geometry":{"type":"Point","coordinates":[20.027822,50.04989]}},{"type":"Feature","properties":{"text":"124 424","n":2,"mode":"bus","angle":90,"op":"MPK Kraków — buses"},"geometry":{"type":"Point","coordinates":[19.964654,50.074567]}},{"type":"Feature","properties":{"text":"125 664","n":2,"mode":"bus","angle":0,"op":"mix"},"geometry":{"type":"Point","coordinates":[19.97152,50.07016]}},{"type":"Feature","properties":{"text":"5 9 10 49 52 74 75","n":7,"mode":"tram","angle":0,"op":"mix"},"geometry":{"type":"Point","coordinates":[19.97152,50.07016]}},{"type":"Feature","properties":{"text":"195","n":1,"mode":"bus","angle":90,"op":"MPK Kraków — buses"},"geometry":{"type":"Point","coordinates":[20.025076,50.034026]}},{"type":"Feature","properties":{"text":"148","n":1,"mode":"bus","angle":-90,"op":"MPK Kraków — buses"},"geometry":{"type":"Point","coordinates":[20.000358,50.046364]}},{"type":"Feature","properties":{"text":"271","n":1,"mode":"bus","angle":-90,"op":"MPK Kraków — buses"},"geometry":{"type":"Point","coordinates":[20.069019,50.088668]}},{"type":"Feature","properties":{"text":"G3","n":1,"mode":"bus","angle":0,"op":"Wielicka Spółka Transportowa"},"geometry":{"type":"Point","coordinates":[19.968774,49.996128]}},{"type":"Feature","properties":{"text":"219 259 279","n":3,"mode":"bus","angle":90,"op":"MPK Kraków — buses"},"geometry":{"type":"Point","coordinates":[19.846557,50.02345]}},{"type":"Feature","properties":{"text":"275 285","n":2,"mode":"bus","angle":0,"op":"MPK Kraków — buses"},"geometry":{"type":"Point","coordinates":[19.919338,49.98379]}},{"type":"Feature","properties":{"text":"248 268 948","n":3,"mode":"bus","angle":90,"op":"MPK Kraków — buses"},"geometry":{"type":"Point","coordinates":[19.857543,50.10277]}},{"type":"Feature","properties":{"text":"310 910 LR0","n":3,"mode":"bus","angle":0,"op":"MPK Kraków — buses"},"geometry":{"type":"Point","coordinates":[19.869902,50.119515]}},{"type":"Feature","properties":{"text":"260","n":1,"mode":"bus","angle":0,"op":"MPK Kraków — buses"},"geometry":{"type":"Point","coordinates":[19.977013,50.121278]}},{"type":"Feature","properties":{"text":"307","n":1,"mode":"bus","angle":0,"op":"MPK Kraków — buses"},"geometry":{"type":"Point","coordinates":[19.955041,50.121278]}},{"type":"Feature","properties":{"text":"904","n":1,"mode":"bus","angle":90,"op":"mix"},"geometry":{"type":"Point","coordinates":[19.945429,50.042839]}},{"type":"Feature","properties":{"text":"8 10 13 76","n":4,"mode":"tram","angle":90,"op":"mix"},"geometry":{"type":"Point","coordinates":[19.945429,50.042839]}},{"type":"Feature","properties":{"text":"215 225 285 915","n":4,"mode":"bus","angle":0,"op":"MPK Kraków — buses"},"geometry":{"type":"Point","coordinates":[19.952295,49.982027]}},{"type":"Feature","properties":{"text":"254","n":1,"mode":"bus","angle":0,"op":"MPK Kraków — buses"},"geometry":{"type":"Point","coordinates":[19.952295,49.994366]}},{"type":"Feature","properties":{"text":"204 610","n":2,"mode":"bus","angle":0,"op":"MPK Kraków — buses"},"geometry":{"type":"Point","coordinates":[19.938563,50.008467]}},{"type":"Feature","properties":{"text":"221","n":1,"mode":"bus","angle":0,"op":"MPK Kraków — buses"},"geometry":{"type":"Point","coordinates":[20.042928,50.04372]}},{"type":"Feature","properties":{"text":"223 235","n":2,"mode":"bus","angle":0,"op":"MPK Kraków — buses"},"geometry":{"type":"Point","coordinates":[19.84793,50.004942]}},{"type":"Feature","properties":{"text":"209","n":1,"mode":"bus","angle":-45,"op":"MPK Kraków — buses"},"geometry":{"type":"Point","coordinates":[19.828705,50.060466]}},{"type":"Feature","properties":{"text":"102","n":1,"mode":"bus","angle":-45,"op":"MPK Kraków — buses"},"geometry":{"type":"Point","coordinates":[19.927577,50.090431]}},{"type":"Feature","properties":{"text":"160","n":1,"mode":"bus","angle":45,"op":"MPK Kraków — buses"},"geometry":{"type":"Point","coordinates":[20.05666,50.07633]}},{"type":"Feature","properties":{"text":"156 233","n":2,"mode":"bus","angle":45,"op":"MPK Kraków — buses"},"geometry":{"type":"Point","coordinates":[19.88638,50.007586]}},{"type":"Feature","properties":{"text":"138 168 194","n":3,"mode":"bus","angle":-45,"op":"MPK Kraków — buses"},"geometry":{"type":"Point","coordinates":[19.919338,50.090431]}},{"type":"Feature","properties":{"text":"124 424 601 611 664 902","n":6,"mode":"bus","angle":45,"op":"MPK Kraków — buses"},"geometry":{"type":"Point","coordinates":[19.930323,50.074567]}},{"type":"Feature","properties":{"text":"904","n":1,"mode":"bus","angle":-45,"op":"mix"},"geometry":{"type":"Point","coordinates":[19.941309,50.034026]}},{"type":"Feature","properties":{"text":"8 10 77","n":3,"mode":"tram","angle":-45,"op":"mix"},"geometry":{"type":"Point","coordinates":[19.941309,50.034026]}},{"type":"Feature","properties":{"text":"10 11 50","n":3,"mode":"tram","angle":45,"op":"MPK Kraków — trams"},"geometry":{"type":"Point","coordinates":[19.938563,50.016399]}},{"type":"Feature","properties":{"text":"669","n":1,"mode":"bus","angle":45,"op":"mix"},"geometry":{"type":"Point","coordinates":[19.963281,50.039314]}},{"type":"Feature","properties":{"text":"3 69 74","n":3,"mode":"tram","angle":45,"op":"mix"},"geometry":{"type":"Point","coordinates":[19.963281,50.039314]}},{"type":"Feature","properties":{"text":"102","n":1,"mode":"bus","angle":-45,"op":"MPK Kraków — buses"},"geometry":{"type":"Point","coordinates":[19.900113,50.07633]}},{"type":"Feature","properties":{"text":"194 494 608","n":3,"mode":"bus","angle":-45,"op":"MPK Kraków — buses"},"geometry":{"type":"Point","coordinates":[19.905605,50.018162]}},{"type":"Feature","properties":{"text":"189 192","n":2,"mode":"bus","angle":45,"op":"mix"},"geometry":{"type":"Point","coordinates":[19.946802,50.07633]}},{"type":"Feature","properties":{"text":"5 14 50","n":3,"mode":"tram","angle":45,"op":"mix"},"geometry":{"type":"Point","coordinates":[19.946802,50.07633]}},{"type":"Feature","properties":{"text":"155 169 469","n":3,"mode":"bus","angle":-45,"op":"MPK Kraków — buses"},"geometry":{"type":"Point","coordinates":[19.966027,50.019924]}},{"type":"Feature","properties":{"text":"176","n":1,"mode":"bus","angle":45,"op":"MPK Kraków — buses"},"geometry":{"type":"Point","coordinates":[19.880887,50.037551]}},{"type":"Feature","properties":{"text":"610 662","n":2,"mode":"bus","angle":-45,"op":"MPK Kraków — buses"},"geometry":{"type":"Point","coordinates":[19.930323,50.048127]}},{"type":"Feature","properties":{"text":"183","n":1,"mode":"bus","angle":45,"op":"MPK Kraków — buses"},"geometry":{"type":"Point","coordinates":[20.012717,50.060466]}},{"type":"Feature","properties":{"text":"113","n":1,"mode":"bus","angle":45,"op":"MPK Kraków — buses"},"geometry":{"type":"Point","coordinates":[20.015463,50.062228]}},{"type":"Feature","properties":{"text":"139 169 179 192 199 469 608 704","n":8,"mode":"bus","angle":-45,"op":"MPK Kraków — buses"},"geometry":{"type":"Point","coordinates":[19.930323,50.079855]}},{"type":"Feature","properties":{"text":"601","n":1,"mode":"bus","angle":45,"op":"MPK Kraków — buses"},"geometry":{"type":"Point","coordinates":[20.031942,50.079855]}},{"type":"Feature","properties":{"text":"149","n":1,"mode":"bus","angle":45,"op":"MPK Kraków — buses"},"geometry":{"type":"Point","coordinates":[20.026449,50.078092]}},{"type":"Feature","properties":{"text":"502","n":1,"mode":"bus","angle":45,"op":"MPK Kraków — buses"},"geometry":{"type":"Point","coordinates":[20.015463,50.078092]}},{"type":"Feature","properties":{"text":"124 424","n":2,"mode":"bus","angle":45,"op":"MPK Kraków — buses"},"geometry":{"type":"Point","coordinates":[19.97976,50.08338]}},{"type":"Feature","properties":{"text":"76","n":1,"mode":"tram","angle":-45,"op":"MPK Kraków — trams"},"geometry":{"type":"Point","coordinates":[19.960534,50.07633]}},{"type":"Feature","properties":{"text":"144 164 173 194 310 494 LR0","n":7,"mode":"bus","angle":45,"op":"MPK Kraków — buses"},"geometry":{"type":"Point","coordinates":[19.916591,50.067516]}},{"type":"Feature","properties":{"text":"609","n":1,"mode":"bus","angle":-45,"op":"mix"},"geometry":{"type":"Point","coordinates":[19.924831,50.058703]}},{"type":"Feature","properties":{"text":"1 13","n":2,"mode":"tram","angle":-45,"op":"mix"},"geometry":{"type":"Point","coordinates":[19.924831,50.058703]}},{"type":"Feature","properties":{"text":"664","n":1,"mode":"bus","angle":-45,"op":"mix"},"geometry":{"type":"Point","coordinates":[19.987999,50.072804]}},{"type":"Feature","properties":{"text":"5 9 10 49 52 74 75","n":7,"mode":"tram","angle":-45,"op":"mix"},"geometry":{"type":"Point","coordinates":[19.987999,50.072804]}},{"type":"Feature","properties":{"text":"605","n":1,"mode":"bus","angle":45,"op":"mix"},"geometry":{"type":"Point","coordinates":[19.987999,50.039314]}},{"type":"Feature","properties":{"text":"9 20 49 50","n":4,"mode":"tram","angle":45,"op":"mix"},"geometry":{"type":"Point","coordinates":[19.987999,50.039314]}},{"type":"Feature","properties":{"text":"9 11 49 50 76","n":5,"mode":"tram","angle":-45,"op":"MPK Kraków — trams"},"geometry":{"type":"Point","coordinates":[19.987999,50.034026]}},{"type":"Feature","properties":{"text":"158 174","n":2,"mode":"bus","angle":-45,"op":"MPK Kraków — buses"},"geometry":{"type":"Point","coordinates":[19.987999,50.044602]}},{"type":"Feature","properties":{"text":"127 158 174","n":3,"mode":"bus","angle":-45,"op":"MPK Kraków — buses"},"geometry":{"type":"Point","coordinates":[19.97152,50.039314]}},{"type":"Feature","properties":{"text":"669","n":1,"mode":"bus","angle":45,"op":"mix"},"geometry":{"type":"Point","coordinates":[19.97152,50.034026]}},{"type":"Feature","properties":{"text":"3 13 69 74 76","n":5,"mode":"tram","angle":45,"op":"mix"},"geometry":{"type":"Point","coordinates":[19.97152,50.034026]}},{"type":"Feature","properties":{"text":"605","n":1,"mode":"bus","angle":45,"op":"mix"},"geometry":{"type":"Point","coordinates":[19.97976,50.044602]}},{"type":"Feature","properties":{"text":"9 20 49 50","n":4,"mode":"tram","angle":45,"op":"mix"},"geometry":{"type":"Point","coordinates":[19.97976,50.044602]}},{"type":"Feature","properties":{"text":"204 224 904","n":3,"mode":"bus","angle":-45,"op":"mix"},"geometry":{"type":"Point","coordinates":[19.97976,50.018162]}},{"type":"Feature","properties":{"text":"11 50 74","n":3,"mode":"tram","angle":-45,"op":"mix"},"geometry":{"type":"Point","coordinates":[19.97976,50.018162]}},{"type":"Feature","properties":{"text":"163 195","n":2,"mode":"bus","angle":-45,"op":"MPK Kraków — buses"},"geometry":{"type":"Point","coordinates":[20.020956,50.026975]}},{"type":"Feature","properties":{"text":"192 300 902","n":3,"mode":"bus","angle":-45,"op":"MPK Kraków — buses"},"geometry":{"type":"Point","coordinates":[19.853423,50.062228]}},{"type":"Feature","properties":{"text":"B2","n":1,"mode":"bus","angle":-45,"op":"Wielicka Spółka Transportowa"},"geometry":{"type":"Point","coordinates":[20.037435,50.016399]}},{"type":"Feature","properties":{"text":"209","n":1,"mode":"bus","angle":45,"op":"MPK Kraków — buses"},"geometry":{"type":"Point","coordinates":[19.817719,50.060466]}},{"type":"Feature","properties":{"text":"230 910","n":2,"mode":"bus","angle":45,"op":"MPK Kraków — buses"},"geometry":{"type":"Point","coordinates":[19.875394,50.10277]}},{"type":"Feature","properties":{"text":"254","n":1,"mode":"bus","angle":-45,"op":"MPK Kraków — buses"},"geometry":{"type":"Point","coordinates":[19.952295,49.998772]}},{"type":"Feature","properties":{"text":"297","n":1,"mode":"bus","angle":45,"op":"MPK Kraków — buses"},"geometry":{"type":"Point","coordinates":[19.966027,50.104532]}},{"type":"Feature","properties":{"text":"218 238","n":2,"mode":"bus","angle":-45,"op":"MPK Kraków — buses"},"geometry":{"type":"Point","coordinates":[19.839691,50.088668]}},{"type":"Feature","properties":{"text":"228 298","n":2,"mode":"bus","angle":-45,"op":"MPK Kraków — buses"},"geometry":{"type":"Point","coordinates":[19.856169,50.078092]}},{"type":"Feature","properties":{"text":"221","n":1,"mode":"bus","angle":45,"op":"MPK Kraków — buses"},"geometry":{"type":"Point","coordinates":[20.070392,50.042839]}},{"type":"Feature","properties":{"text":"301","n":1,"mode":"bus","angle":-45,"op":"MPK Kraków — buses"},"geometry":{"type":"Point","coordinates":[20.073139,50.037551]}},{"type":"Feature","properties":{"text":"275","n":1,"mode":"bus","angle":-45,"op":"MPK Kraków — buses"},"geometry":{"type":"Point","coordinates":[19.924831,49.97762]}},{"type":"Feature","properties":{"text":"255","n":1,"mode":"bus","angle":-45,"op":"MPK Kraków — buses"},"geometry":{"type":"Point","coordinates":[19.916591,49.995247]}},{"type":"Feature","properties":{"text":"227 280","n":2,"mode":"bus","angle":-45,"op":"MPK Kraków — buses"},"geometry":{"type":"Point","coordinates":[19.93307,50.122159]}},{"type":"Feature","properties":{"text":"248 948","n":2,"mode":"bus","angle":-45,"op":"MPK Kraków — buses"},"geometry":{"type":"Point","coordinates":[19.861662,50.10982]}},{"type":"Feature","properties":{"text":"270","n":1,"mode":"bus","angle":45,"op":"MPK Kraków — buses"},"geometry":{"type":"Point","coordinates":[20.015463,50.106295]}},{"type":"Feature","properties":{"text":"260","n":1,"mode":"bus","angle":45,"op":"MPK Kraków — buses"},"geometry":{"type":"Point","coordinates":[20.007224,50.113346]}},{"type":"Feature","properties":{"text":"G4","n":1,"mode":"bus","angle":-45,"op":"Wielicka Spółka Transportowa"},"geometry":{"type":"Point","coordinates":[20.040181,50.037551]}},{"type":"Feature","properties":{"text":"610 662 904","n":3,"mode":"bus","angle":-45,"op":"mix"},"geometry":{"type":"Point","coordinates":[19.944056,50.053415]}},{"type":"Feature","properties":{"text":"22 52 62","n":3,"mode":"tram","angle":-45,"op":"mix"},"geometry":{"type":"Point","coordinates":[19.944056,50.053415]}},{"type":"Feature","properties":{"text":"669","n":1,"mode":"bus","angle":45,"op":"mix"},"geometry":{"type":"Point","coordinates":[19.97976,50.026975]}},{"type":"Feature","properties":{"text":"3 13 69 74","n":4,"mode":"tram","angle":45,"op":"mix"},"geometry":{"type":"Point","coordinates":[19.97976,50.026975]}},{"type":"Feature","properties":{"text":"J1 R2","n":2,"mode":"bus","angle":-45,"op":"Wielicka Spółka Transportowa"},"geometry":{"type":"Point","coordinates":[20.012717,49.993484]}},{"type":"Feature","properties":{"text":"164 610","n":2,"mode":"bus","angle":45,"op":"MPK Kraków — buses"},"geometry":{"type":"Point","coordinates":[19.955041,50.021687]}},{"type":"Feature","properties":{"text":"18 22 52 62","n":4,"mode":"tram","angle":-45,"op":"MPK Kraków — trams"},"geometry":{"type":"Point","coordinates":[19.935816,50.048127]}},{"type":"Feature","properties":{"text":"124 424","n":2,"mode":"bus","angle":-45,"op":"MPK Kraków — buses"},"geometry":{"type":"Point","coordinates":[19.968774,50.081618]}},{"type":"Feature","properties":{"text":"182 189 482 601 611","n":5,"mode":"bus","angle":-45,"op":"MPK Kraków — buses"},"geometry":{"type":"Point","coordinates":[19.968774,50.072804]}},{"type":"Feature","properties":{"text":"502","n":1,"mode":"bus","angle":-45,"op":"MPK Kraków — buses"},"geometry":{"type":"Point","coordinates":[19.968774,50.072804]}},{"type":"Feature","properties":{"text":"128 662","n":2,"mode":"bus","angle":-45,"op":"mix"},"geometry":{"type":"Point","coordinates":[19.993492,50.063991]}},{"type":"Feature","properties":{"text":"1 14 22 62","n":4,"mode":"tram","angle":-45,"op":"mix"},"geometry":{"type":"Point","coordinates":[19.993492,50.063991]}},{"type":"Feature","properties":{"text":"297","n":1,"mode":"bus","angle":45,"op":"MPK Kraków — buses"},"geometry":{"type":"Point","coordinates":[19.996238,50.101007]}},{"type":"Feature","properties":{"text":"77","n":1,"mode":"tram","angle":-45,"op":"MPK Kraków — trams"},"geometry":{"type":"Point","coordinates":[19.955041,50.041076]}},{"type":"Feature","properties":{"text":"112 162","n":2,"mode":"bus","angle":45,"op":"MPK Kraków — buses"},"geometry":{"type":"Point","coordinates":[19.922084,50.048127]}},{"type":"Feature","properties":{"text":"126 146 219","n":3,"mode":"bus","angle":-45,"op":"MPK Kraków — buses"},"geometry":{"type":"Point","coordinates":[19.922084,50.042839]}},{"type":"Feature","properties":{"text":"138","n":1,"mode":"bus","angle":-45,"op":"MPK Kraków — buses"},"geometry":{"type":"Point","coordinates":[20.004478,50.086906]}},{"type":"Feature","properties":{"text":"22","n":1,"mode":"tram","angle":45,"op":"MPK Kraków — trams"},"geometry":{"type":"Point","coordinates":[19.922084,50.026975]}},{"type":"Feature","properties":{"text":"209 229 239 249 259 269 279 609","n":8,"mode":"bus","angle":-45,"op":"MPK Kraków — buses"},"geometry":{"type":"Point","coordinates":[19.897366,50.04989]}},{"type":"Feature","properties":{"text":"W2","n":1,"mode":"bus","angle":-45,"op":"Wielicka Spółka Transportowa"},"geometry":{"type":"Point","coordinates":[20.048421,50.02345]}},{"type":"Feature","properties":{"text":"257 277","n":2,"mode":"bus","angle":-45,"op":"MPK Kraków — buses"},"geometry":{"type":"Point","coordinates":[19.966027,50.116871]}},{"type":"Feature","properties":{"text":"260","n":1,"mode":"bus","angle":45,"op":"MPK Kraków — buses"},"geometry":{"type":"Point","coordinates":[19.974267,50.116871]}},{"type":"Feature","properties":{"text":"300","n":1,"mode":"bus","angle":45,"op":"MPK Kraków — buses"},"geometry":{"type":"Point","coordinates":[19.845184,50.063991]}},{"type":"Feature","properties":{"text":"209","n":1,"mode":"bus","angle":-45,"op":"MPK Kraków — buses"},"geometry":{"type":"Point","coordinates":[19.845184,50.071042]}},{"type":"Feature","properties":{"text":"269","n":1,"mode":"bus","angle":45,"op":"MPK Kraków — buses"},"geometry":{"type":"Point","coordinates":[19.842437,50.048127]}},{"type":"Feature","properties":{"text":"239 259","n":2,"mode":"bus","angle":45,"op":"MPK Kraków — buses"},"geometry":{"type":"Point","coordinates":[19.842437,50.021687]}},{"type":"Feature","properties":{"text":"J1","n":1,"mode":"bus","angle":-45,"op":"Wielicka Spółka Transportowa"},"geometry":{"type":"Point","coordinates":[20.001731,49.991722]}},{"type":"Feature","properties":{"text":"126 146 209 219 229 239 249 259 269 279 609","n":11,"mode":"bus","angle":0,"op":"MPK Kraków — buses"},"geometry":{"type":"Point","coordinates":[19.887753,50.047246]}},{"type":"Feature","properties":{"text":"210 230 910","n":3,"mode":"bus","angle":0,"op":"MPK Kraków — buses"},"geometry":{"type":"Point","coordinates":[19.885007,50.100126]}},{"type":"Feature","properties":{"text":"233","n":1,"mode":"bus","angle":0,"op":"MPK Kraków — buses"},"geometry":{"type":"Point","coordinates":[19.885007,49.997891]}},{"type":"Feature","properties":{"text":"139 169 199 469","n":4,"mode":"bus","angle":0,"op":"MPK Kraków — buses"},"geometry":{"type":"Point","coordinates":[19.939936,50.082499]}},{"type":"Feature","properties":{"text":"102 126 192","n":3,"mode":"bus","angle":0,"op":"MPK Kraków — buses"},"geometry":{"type":"Point","coordinates":[19.868528,50.064872]}},{"type":"Feature","properties":{"text":"300 902","n":2,"mode":"bus","angle":0,"op":"MPK Kraków — buses"},"geometry":{"type":"Point","coordinates":[19.871275,50.066635]}},{"type":"Feature","properties":{"text":"116 156 203 476","n":4,"mode":"bus","angle":0,"op":"MPK Kraków — buses"},"geometry":{"type":"Point","coordinates":[19.8905,50.022568]}},{"type":"Feature","properties":{"text":"307 503","n":2,"mode":"bus","angle":0,"op":"MPK Kraków — buses"},"geometry":{"type":"Point","coordinates":[19.945429,50.086024]}},{"type":"Feature","properties":{"text":"107","n":1,"mode":"bus","angle":90,"op":"MPK Kraków — buses"},"geometry":{"type":"Point","coordinates":[19.97564,50.004942]}},{"type":"Feature","properties":{"text":"155 204 224 610","n":4,"mode":"bus","angle":0,"op":"mix"},"geometry":{"type":"Point","coordinates":[19.959161,50.013755]}},{"type":"Feature","properties":{"text":"11 50 74","n":3,"mode":"tram","angle":0,"op":"mix"},"geometry":{"type":"Point","coordinates":[19.959161,50.013755]}},{"type":"Feature","properties":{"text":"112 203","n":2,"mode":"bus","angle":0,"op":"MPK Kraków — buses"},"geometry":{"type":"Point","coordinates":[19.865782,50.033144]}},{"type":"Feature","properties":{"text":"112 162 176","n":3,"mode":"bus","angle":0,"op":"MPK Kraków — buses"},"geometry":{"type":"Point","coordinates":[19.879514,50.034907]}},{"type":"Feature","properties":{"text":"124 144 164 169 173 179 194 300 304 424 469 494 608 708","n":14,"mode":"bus","angle":-90,"op":"MPK Kraków — buses"},"geometry":{"type":"Point","coordinates":[19.926204,50.049008]}},{"type":"Feature","properties":{"text":"301 503 513 LR0","n":4,"mode":"bus","angle":-90,"op":"MPK Kraków — buses"},"geometry":{"type":"Point","coordinates":[19.920711,50.052534]}},{"type":"Feature","properties":{"text":"116","n":1,"mode":"bus","angle":0,"op":"MPK Kraków — buses"},"geometry":{"type":"Point","coordinates":[19.876768,50.015518]}},{"type":"Feature","properties":{"text":"150","n":1,"mode":"bus","angle":0,"op":"MPK Kraków — buses"},"geometry":{"type":"Point","coordinates":[19.909725,50.094838]}},{"type":"Feature","properties":{"text":"164 199 218 228 298 601 918","n":7,"mode":"bus","angle":0,"op":"MPK Kraków — buses"},"geometry":{"type":"Point","coordinates":[19.871275,50.077211]}},{"type":"Feature","properties":{"text":"122","n":1,"mode":"bus","angle":0,"op":"MPK Kraków — buses"},"geometry":{"type":"Point","coordinates":[20.025076,50.091312]}},{"type":"Feature","properties":{"text":"122 180 202 212 222 232 262","n":7,"mode":"bus","angle":90,"op":"MPK Kraków — buses"},"geometry":{"type":"Point","coordinates":[20.030569,50.087787]}},{"type":"Feature","properties":{"text":"183","n":1,"mode":"bus","angle":90,"op":"MPK Kraków — buses"},"geometry":{"type":"Point","coordinates":[20.000358,50.078974]}},{"type":"Feature","properties":{"text":"124 125 424 601 605 611 662 664","n":8,"mode":"bus","angle":0,"op":"mix"},"geometry":{"type":"Point","coordinates":[19.959161,50.07016]}},{"type":"Feature","properties":{"text":"1 10 20 22 52 62 74 75","n":8,"mode":"tram","angle":0,"op":"mix"},"geometry":{"type":"Point","coordinates":[19.959161,50.07016]}},{"type":"Feature","properties":{"text":"124 424 601 611 664 704 902","n":7,"mode":"bus","angle":0,"op":"MPK Kraków — buses"},"geometry":{"type":"Point","coordinates":[19.92895,50.071923]}},{"type":"Feature","properties":{"text":"124 169 179 192 301 304 307 424 469 503 513 608 708 902","n":14,"mode":"bus","angle":90,"op":"MPK Kraków — buses"},"geometry":{"type":"Point","coordinates":[19.917964,50.071923]}},{"type":"Feature","properties":{"text":"310 609","n":2,"mode":"bus","angle":0,"op":"mix"},"geometry":{"type":"Point","coordinates":[19.915218,50.056059]}},{"type":"Feature","properties":{"text":"1 13","n":2,"mode":"tram","angle":0,"op":"mix"},"geometry":{"type":"Point","coordinates":[19.915218,50.056059]}},{"type":"Feature","properties":{"text":"601 611","n":2,"mode":"bus","angle":0,"op":"MPK Kraków — buses"},"geometry":{"type":"Point","coordinates":[19.917964,50.071923]}},{"type":"Feature","properties":{"text":"194 494 662","n":3,"mode":"bus","angle":90,"op":"mix"},"geometry":{"type":"Point","coordinates":[19.917964,50.033144]}},{"type":"Feature","properties":{"text":"18 22 52 62","n":4,"mode":"tram","angle":90,"op":"mix"},"geometry":{"type":"Point","coordinates":[19.917964,50.033144]}},{"type":"Feature","properties":{"text":"140","n":1,"mode":"bus","angle":0,"op":"MPK Kraków — buses"},"geometry":{"type":"Point","coordinates":[19.901486,50.086024]}},{"type":"Feature","properties":{"text":"174","n":1,"mode":"bus","angle":-90,"op":"MPK Kraków — buses"},"geometry":{"type":"Point","coordinates":[20.005851,50.059584]}},{"type":"Feature","properties":{"text":"214 254","n":2,"mode":"bus","angle":0,"op":"MPK Kraków — buses"},"geometry":{"type":"Point","coordinates":[19.950922,50.001416]}},{"type":"Feature","properties":{"text":"224","n":1,"mode":"bus","angle":0,"op":"mix"},"geometry":{"type":"Point","coordinates":[19.948175,50.013755]}},{"type":"Feature","properties":{"text":"10 11 50","n":3,"mode":"tram","angle":0,"op":"mix"},"geometry":{"type":"Point","coordinates":[19.948175,50.013755]}},{"type":"Feature","properties":{"text":"234","n":1,"mode":"bus","angle":0,"op":"MPK Kraków — buses"},"geometry":{"type":"Point","coordinates":[20.022329,50.024331]}},{"type":"Feature","properties":{"text":"174 183","n":2,"mode":"bus","angle":-90,"op":"MPK Kraków — buses"},"geometry":{"type":"Point","coordinates":[20.005851,50.066635]}},{"type":"Feature","properties":{"text":"247","n":1,"mode":"bus","angle":0,"op":"MPK Kraków — buses"},"geometry":{"type":"Point","coordinates":[19.948175,50.108939]}},{"type":"Feature","properties":{"text":"209","n":1,"mode":"bus","angle":90,"op":"MPK Kraków — buses"},"geometry":{"type":"Point","coordinates":[19.846557,50.049008]}},{"type":"Feature","properties":{"text":"228","n":1,"mode":"bus","angle":0,"op":"MPK Kraków — buses"},"geometry":{"type":"Point","coordinates":[19.824585,50.07016]}},{"type":"Feature","properties":{"text":"297","n":1,"mode":"bus","angle":0,"op":"MPK Kraków — buses"},"geometry":{"type":"Point","coordinates":[19.970147,50.108939]}},{"type":"Feature","properties":{"text":"259","n":1,"mode":"bus","angle":0,"op":"MPK Kraków — buses"},"geometry":{"type":"Point","coordinates":[19.821839,50.022568]}},{"type":"Feature","properties":{"text":"220","n":1,"mode":"bus","angle":-90,"op":"MPK Kraków — buses"},"geometry":{"type":"Point","coordinates":[19.895993,50.114227]}},{"type":"Feature","properties":{"text":"224 J1","n":2,"mode":"bus","angle":90,"op":"mix"},"geometry":{"type":"Point","coordinates":[20.01409,50.008467]}},{"type":"Feature","properties":{"text":"J1","n":1,"mode":"bus","angle":-90,"op":"Wielicka Spółka Transportowa"},"geometry":{"type":"Point","coordinates":[20.016837,50.006704]}},{"type":"Feature","properties":{"text":"J1 P2","n":2,"mode":"bus","angle":90,"op":"Wielicka Spółka Transportowa"},"geometry":{"type":"Point","coordinates":[20.011344,50.003179]}},{"type":"Feature","properties":{"text":"280","n":1,"mode":"bus","angle":-90,"op":"MPK Kraków — buses"},"geometry":{"type":"Point","coordinates":[19.92895,50.12304]}},{"type":"Feature","properties":{"text":"238 248 948","n":3,"mode":"bus","angle":0,"op":"MPK Kraków — buses"},"geometry":{"type":"Point","coordinates":[19.857543,50.091312]}},{"type":"Feature","properties":{"text":"238 258 288 948","n":4,"mode":"bus","angle":0,"op":"MPK Kraków — buses"},"geometry":{"type":"Point","coordinates":[19.874021,50.086024]}},{"type":"Feature","properties":{"text":"250 270","n":2,"mode":"bus","angle":0,"op":"MPK Kraków — buses"},"geometry":{"type":"Point","coordinates":[20.008597,50.100126]}},{"type":"Feature","properties":{"text":"277","n":1,"mode":"bus","angle":-90,"op":"MPK Kraków — buses"},"geometry":{"type":"Point","coordinates":[19.948175,50.133616]}},{"type":"Feature","properties":{"text":"257","n":1,"mode":"bus","angle":0,"op":"MPK Kraków — buses"},"geometry":{"type":"Point","coordinates":[19.959161,50.128328]}},{"type":"Feature","properties":{"text":"277","n":1,"mode":"bus","angle":0,"op":"MPK Kraków — buses"},"geometry":{"type":"Point","coordinates":[19.956415,50.138904]}},{"type":"Feature","properties":{"text":"174 179","n":2,"mode":"bus","angle":0,"op":"MPK Kraków — buses"},"geometry":{"type":"Point","coordinates":[19.953668,50.008467]}},{"type":"Feature","properties":{"text":"502 608","n":2,"mode":"bus","angle":0,"op":"MPK Kraków — buses"},"geometry":{"type":"Point","coordinates":[19.992119,50.084262]}},{"type":"Feature","properties":{"text":"572","n":1,"mode":"bus","angle":0,"op":"MPK Kraków — buses"},"geometry":{"type":"Point","coordinates":[19.93719,50.094838]}},{"type":"Feature","properties":{"text":"144 155 169 173 301 304 469 503 513 904","n":10,"mode":"bus","angle":0,"op":"MPK Kraków — buses"},"geometry":{"type":"Point","coordinates":[19.967401,50.022568]}},{"type":"Feature","properties":{"text":"250 297","n":2,"mode":"bus","angle":0,"op":"MPK Kraków — buses"},"geometry":{"type":"Point","coordinates":[19.992119,50.098363]}},{"type":"Feature","properties":{"text":"258","n":1,"mode":"bus","angle":-90,"op":"MPK Kraków — buses"},"geometry":{"type":"Point","coordinates":[19.85205,50.084262]}},{"type":"Feature","properties":{"text":"10 21","n":2,"mode":"tram","angle":0,"op":"MPK Kraków — trams"},"geometry":{"type":"Point","coordinates":[20.047048,50.061347]}},{"type":"Feature","properties":{"text":"242 272","n":2,"mode":"bus","angle":0,"op":"MPK Kraków — buses"},"geometry":{"type":"Point","coordinates":[20.047048,50.082499]}},{"type":"Feature","properties":{"text":"238 918","n":2,"mode":"bus","angle":0,"op":"MPK Kraków — buses"},"geometry":{"type":"Point","coordinates":[19.828705,50.086024]}},{"type":"Feature","properties":{"text":"259","n":1,"mode":"bus","angle":0,"op":"MPK Kraków — buses"},"geometry":{"type":"Point","coordinates":[19.834198,50.024331]}},{"type":"Feature","properties":{"text":"238 248 258 268 278 288 948","n":7,"mode":"bus","angle":0,"op":"MPK Kraków — buses"},"geometry":{"type":"Point","coordinates":[19.88638,50.087787]}},{"type":"Feature","properties":{"text":"221 264 B2","n":3,"mode":"bus","angle":0,"op":"mix"},"geometry":{"type":"Point","coordinates":[20.05666,50.045483]}},{"type":"Feature","properties":{"text":"B2","n":1,"mode":"bus","angle":0,"op":"Wielicka Spółka Transportowa"},"geometry":{"type":"Point","coordinates":[20.05666,50.045483]}},{"type":"Feature","properties":{"text":"138 168 194 220 240 290","n":6,"mode":"bus","angle":0,"op":"MPK Kraków — buses"},"geometry":{"type":"Point","coordinates":[19.927577,50.093075]}},{"type":"Feature","properties":{"text":"502 608","n":2,"mode":"bus","angle":0,"op":"MPK Kraków — buses"},"geometry":{"type":"Point","coordinates":[19.977013,50.087787]}},{"type":"Feature","properties":{"text":"137 138 207","n":3,"mode":"bus","angle":0,"op":"MPK Kraków — buses"},"geometry":{"type":"Point","coordinates":[19.941309,50.093075]}},{"type":"Feature","properties":{"text":"257","n":1,"mode":"bus","angle":0,"op":"MPK Kraków — buses"},"geometry":{"type":"Point","coordinates":[19.941309,50.128328]}},{"type":"Feature","properties":{"text":"132 139 572","n":3,"mode":"bus","angle":0,"op":"MPK Kraków — buses"},"geometry":{"type":"Point","coordinates":[19.963281,50.093075]}},{"type":"Feature","properties":{"text":"277","n":1,"mode":"bus","angle":0,"op":"MPK Kraków — buses"},"geometry":{"type":"Point","coordinates":[19.963281,50.12304]}},{"type":"Feature","properties":{"text":"102 140","n":2,"mode":"bus","angle":0,"op":"MPK Kraków — buses"},"geometry":{"type":"Point","coordinates":[19.916591,50.086024]}},{"type":"Feature","properties":{"text":"102 664 704 708","n":4,"mode":"bus","angle":0,"op":"MPK Kraków — buses"},"geometry":{"type":"Point","coordinates":[19.900113,50.078974]}},{"type":"Feature","properties":{"text":"102 LR0","n":2,"mode":"bus","angle":90,"op":"MPK Kraków — buses"},"geometry":{"type":"Point","coordinates":[19.895993,50.07633]}},{"type":"Feature","properties":{"text":"139 164 173 199 310 601 611 LR0","n":8,"mode":"bus","angle":0,"op":"MPK Kraków — buses"},"geometry":{"type":"Point","coordinates":[19.902859,50.071923]}},{"type":"Feature","properties":{"text":"139 164 173 199 601 611","n":6,"mode":"bus","angle":0,"op":"MPK Kraków — buses"},"geometry":{"type":"Point","coordinates":[19.900113,50.073686]}},{"type":"Feature","properties":{"text":"104 204 223 233 253 283 903","n":7,"mode":"bus","angle":-90,"op":"MPK Kraków — buses"},"geometry":{"type":"Point","coordinates":[19.893246,50.018162]}},{"type":"Feature","properties":{"text":"105 128 199 405 610","n":5,"mode":"bus","angle":0,"op":"MPK Kraków — buses"},"geometry":{"type":"Point","coordinates":[19.966027,50.094838]}},{"type":"Feature","properties":{"text":"137 138 169 469 572","n":5,"mode":"bus","angle":0,"op":"MPK Kraków — buses"},"geometry":{"type":"Point","coordinates":[19.952295,50.091312]}},{"type":"Feature","properties":{"text":"111 160 161","n":3,"mode":"bus","angle":-90,"op":"MPK Kraków — buses"},"geometry":{"type":"Point","coordinates":[20.06078,50.071042]}},{"type":"Feature","properties":{"text":"211","n":1,"mode":"bus","angle":90,"op":"MPK Kraków — buses"},"geometry":{"type":"Point","coordinates":[20.082751,50.04989]}},{"type":"Feature","properties":{"text":"112 203","n":2,"mode":"bus","angle":-90,"op":"MPK Kraków — buses"},"geometry":{"type":"Point","coordinates":[19.854796,50.026975]}},{"type":"Feature","properties":{"text":"203","n":1,"mode":"bus","angle":-90,"op":"MPK Kraków — buses"},"geometry":{"type":"Point","coordinates":[19.860289,50.035788]}},{"type":"Feature","properties":{"text":"113","n":1,"mode":"bus","angle":0,"op":"MPK Kraków — buses"},"geometry":{"type":"Point","coordinates":[20.012717,50.057822]}},{"type":"Feature","properties":{"text":"148","n":1,"mode":"bus","angle":-90,"op":"MPK Kraków — buses"},"geometry":{"type":"Point","coordinates":[20.008597,50.060466]}},{"type":"Feature","properties":{"text":"113 148","n":2,"mode":"bus","angle":-90,"op":"MPK Kraków — buses"},"geometry":{"type":"Point","coordinates":[20.011344,50.067516]}},{"type":"Feature","properties":{"text":"113 148 174 662","n":4,"mode":"bus","angle":-90,"op":"mix"},"geometry":{"type":"Point","coordinates":[20.011344,50.072804]}},{"type":"Feature","properties":{"text":"1 14 22 62","n":4,"mode":"tram","angle":-90,"op":"mix"},"geometry":{"type":"Point","coordinates":[20.011344,50.072804]}},{"type":"Feature","properties":{"text":"290","n":1,"mode":"bus","angle":-90,"op":"MPK Kraków — buses"},"geometry":{"type":"Point","coordinates":[19.912472,50.099244]}},{"type":"Feature","properties":{"text":"164 173 199 310 601 611","n":6,"mode":"bus","angle":90,"op":"MPK Kraków — buses"},"geometry":{"type":"Point","coordinates":[19.8905,50.078092]}},{"type":"Feature","properties":{"text":"121 204 293","n":3,"mode":"bus","angle":0,"op":"MPK Kraków — buses"},"geometry":{"type":"Point","coordinates":[19.916591,50.011992]}},{"type":"Feature","properties":{"text":"123","n":1,"mode":"bus","angle":-90,"op":"MPK Kraków — buses"},"geometry":{"type":"Point","coordinates":[20.005851,50.08338]}},{"type":"Feature","properties":{"text":"664","n":1,"mode":"bus","angle":-90,"op":"mix"},"geometry":{"type":"Point","coordinates":[20.005851,50.088668]}},{"type":"Feature","properties":{"text":"21 52","n":2,"mode":"tram","angle":-90,"op":"mix"},"geometry":{"type":"Point","coordinates":[20.005851,50.088668]}},{"type":"Feature","properties":{"text":"124 424","n":2,"mode":"bus","angle":90,"op":"MPK Kraków — buses"},"geometry":{"type":"Point","coordinates":[19.992119,50.078092]}},{"type":"Feature","properties":{"text":"502","n":1,"mode":"bus","angle":90,"op":"MPK Kraków — buses"},"geometry":{"type":"Point","coordinates":[19.97564,50.08338]}},{"type":"Feature","properties":{"text":"124 182 189 424 482 502 601 611","n":8,"mode":"bus","angle":90,"op":"MPK Kraków — buses"},"geometry":{"type":"Point","coordinates":[19.972893,50.081618]}},{"type":"Feature","properties":{"text":"124 424 601 605 608 609 611 662 664 669 902","n":11,"mode":"bus","angle":0,"op":"mix"},"geometry":{"type":"Point","coordinates":[19.946802,50.068398]}},{"type":"Feature","properties":{"text":"1 10 20 22 52 62 74 75 76","n":9,"mode":"tram","angle":0,"op":"mix"},"geometry":{"type":"Point","coordinates":[19.946802,50.068398]}},{"type":"Feature","properties":{"text":"609 610 662 669 904","n":5,"mode":"bus","angle":90,"op":"mix"},"geometry":{"type":"Point","coordinates":[19.942682,50.065754]}},{"type":"Feature","properties":{"text":"1 3 10 18 22 52 62 69 74 76","n":10,"mode":"tram","angle":90,"op":"mix"},"geometry":{"type":"Point","coordinates":[19.942682,50.065754]}},{"type":"Feature","properties":{"text":"124 144 164 169 173 179 192 194 301 304 307 310 424 469 494 503 513 608 708 902","n":20,"mode":"bus","angle":90,"op":"MPK Kraków — buses"},"geometry":{"type":"Point","coordinates":[19.920711,50.063991]}},{"type":"Feature","properties":{"text":"192 902","n":2,"mode":"bus","angle":90,"op":"MPK Kraków — buses"},"geometry":{"type":"Point","coordinates":[19.912472,50.062228]}},{"type":"Feature","properties":{"text":"124 144 164 169 173 179 194 300 301 304 310 424 469 494 503 513 608 708 LR0","n":19,"mode":"bus","angle":90,"op":"MPK Kraków — buses"},"geometry":{"type":"Point","coordinates":[19.920711,50.058703]}},{"type":"Feature","properties":{"text":"8 77","n":2,"mode":"tram","angle":0,"op":"MPK Kraków — trams"},"geometry":{"type":"Point","coordinates":[19.924831,50.061347]}},{"type":"Feature","properties":{"text":"128","n":1,"mode":"bus","angle":90,"op":"MPK Kraków — buses"},"geometry":{"type":"Point","coordinates":[19.992119,50.072804]}},{"type":"Feature","properties":{"text":"125 128 158","n":3,"mode":"bus","angle":-90,"op":"MPK Kraków — buses"},"geometry":{"type":"Point","coordinates":[19.994865,50.044602]}},{"type":"Feature","properties":{"text":"125","n":1,"mode":"bus","angle":0,"op":"mix"},"geometry":{"type":"Point","coordinates":[19.982506,50.06311]}},{"type":"Feature","properties":{"text":"1 14 22 62","n":4,"mode":"tram","angle":0,"op":"mix"},"geometry":{"type":"Point","coordinates":[19.982506,50.06311]}},{"type":"Feature","properties":{"text":"126 146 209 219 229 239 249 259 269 279 609","n":11,"mode":"bus","angle":0,"op":"MPK Kraków — buses"},"geometry":{"type":"Point","coordinates":[19.878141,50.047246]}},{"type":"Feature","properties":{"text":"146 209 219 229 239 249 259 269 279 609","n":10,"mode":"bus","angle":0,"op":"MPK Kraków — buses"},"geometry":{"type":"Point","coordinates":[19.867155,50.045483]}},{"type":"Feature","properties":{"text":"127","n":1,"mode":"bus","angle":90,"op":"MPK Kraków — buses"},"geometry":{"type":"Point","coordinates":[20.003104,50.034026]}},{"type":"Feature","properties":{"text":"608","n":1,"mode":"bus","angle":0,"op":"MPK Kraków — buses"},"geometry":{"type":"Point","coordinates":[19.987999,50.086024]}},{"type":"Feature","properties":{"text":"144 173 204 224 301 304 503 513 669","n":9,"mode":"bus","angle":0,"op":"MPK Kraków — buses"},"geometry":{"type":"Point","coordinates":[19.990745,50.019043]}},{"type":"Feature","properties":{"text":"3 9 13 49 69","n":5,"mode":"tram","angle":0,"op":"MPK Kraków — trams"},"geometry":{"type":"Point","coordinates":[19.990745,50.019043]}},{"type":"Feature","properties":{"text":"144 173 301 304 503 513 904","n":7,"mode":"bus","angle":0,"op":"MPK Kraków — buses"},"geometry":{"type":"Point","coordinates":[19.97976,50.020806]}},{"type":"Feature","properties":{"text":"301 304 503 513 904","n":5,"mode":"bus","angle":0,"op":"MPK Kraków — buses"},"geometry":{"type":"Point","coordinates":[19.957788,50.022568]}},{"type":"Feature","properties":{"text":"608","n":1,"mode":"bus","angle":90,"op":"mix"},"geometry":{"type":"Point","coordinates":[19.934443,50.026975]}},{"type":"Feature","properties":{"text":"8 10 77","n":3,"mode":"tram","angle":90,"op":"mix"},"geometry":{"type":"Point","coordinates":[19.934443,50.026975]}},{"type":"Feature","properties":{"text":"183","n":1,"mode":"bus","angle":-90,"op":"MPK Kraków — buses"},"geometry":{"type":"Point","coordinates":[20.008597,50.065754]}},{"type":"Feature","properties":{"text":"153","n":1,"mode":"bus","angle":0,"op":"MPK Kraków — buses"},"geometry":{"type":"Point","coordinates":[20.020956,50.020806]}},{"type":"Feature","properties":{"text":"215 225 915","n":3,"mode":"bus","angle":90,"op":"MPK Kraków — buses"},"geometry":{"type":"Point","coordinates":[19.945429,49.998772]}},{"type":"Feature","properties":{"text":"155","n":1,"mode":"bus","angle":-90,"op":"MPK Kraków — buses"},"geometry":{"type":"Point","coordinates":[19.945429,50.005823]}},{"type":"Feature","properties":{"text":"158","n":1,"mode":"bus","angle":90,"op":"MPK Kraków — buses"},"geometry":{"type":"Point","coordinates":[20.033315,50.048127]}},{"type":"Feature","properties":{"text":"164 199 601","n":3,"mode":"bus","angle":-90,"op":"MPK Kraków — buses"},"geometry":{"type":"Point","coordinates":[19.865782,50.079855]}},{"type":"Feature","properties":{"text":"168 611","n":2,"mode":"bus","angle":0,"op":"MPK Kraków — buses"},"geometry":{"type":"Point","coordinates":[19.900113,50.091312]}},{"type":"Feature","properties":{"text":"183","n":1,"mode":"bus","angle":-90,"op":"MPK Kraków — buses"},"geometry":{"type":"Point","coordinates":[20.005851,50.072804]}},{"type":"Feature","properties":{"text":"175","n":1,"mode":"bus","angle":0,"op":"MPK Kraków — buses"},"geometry":{"type":"Point","coordinates":[19.919338,49.999654]}},{"type":"Feature","properties":{"text":"194 494 662","n":3,"mode":"bus","angle":-90,"op":"mix"},"geometry":{"type":"Point","coordinates":[19.917964,50.026975]}},{"type":"Feature","properties":{"text":"18 52 62","n":3,"mode":"tram","angle":-90,"op":"mix"},"geometry":{"type":"Point","coordinates":[19.917964,50.026975]}},{"type":"Feature","properties":{"text":"203","n":1,"mode":"bus","angle":-90,"op":"MPK Kraków — buses"},"geometry":{"type":"Point","coordinates":[19.860289,50.012874]}},{"type":"Feature","properties":{"text":"204 224","n":2,"mode":"bus","angle":0,"op":"MPK Kraków — buses"},"geometry":{"type":"Point","coordinates":[20.029196,50.013755]}},{"type":"Feature","properties":{"text":"204 301 904 B2 D2 W2","n":6,"mode":"bus","angle":0,"op":"mix"},"geometry":{"type":"Point","coordinates":[20.020956,50.013755]}},{"type":"Feature","properties":{"text":"207","n":1,"mode":"bus","angle":90,"op":"MPK Kraków — buses"},"geometry":{"type":"Point","coordinates":[19.923457,50.113346]}},{"type":"Feature","properties":{"text":"207 317","n":2,"mode":"bus","angle":90,"op":"MPK Kraków — buses"},"geometry":{"type":"Point","coordinates":[19.942682,50.106295]}},{"type":"Feature","properties":{"text":"317 669","n":2,"mode":"bus","angle":0,"op":"MPK Kraków — buses"},"geometry":{"type":"Point","coordinates":[19.952295,50.098363]}},{"type":"Feature","properties":{"text":"209","n":1,"mode":"bus","angle":-90,"op":"MPK Kraków — buses"},"geometry":{"type":"Point","coordinates":[19.84381,50.05694]}},{"type":"Feature","properties":{"text":"209","n":1,"mode":"bus","angle":-90,"op":"MPK Kraków — buses"},"geometry":{"type":"Point","coordinates":[19.84381,50.062228]}},{"type":"Feature","properties":{"text":"209 228","n":2,"mode":"bus","angle":90,"op":"MPK Kraków — buses"},"geometry":{"type":"Point","coordinates":[19.830078,50.067516]}},{"type":"Feature","properties":{"text":"269","n":1,"mode":"bus","angle":0,"op":"MPK Kraków — buses"},"geometry":{"type":"Point","coordinates":[19.817719,50.057822]}},{"type":"Feature","properties":{"text":"310","n":1,"mode":"bus","angle":-90,"op":"MPK Kraków — buses"},"geometry":{"type":"Point","coordinates":[19.8905,50.10277]}},{"type":"Feature","properties":{"text":"214 P2","n":2,"mode":"bus","angle":-90,"op":"mix"},"geometry":{"type":"Point","coordinates":[19.983879,49.993484]}},{"type":"Feature","properties":{"text":"214","n":1,"mode":"bus","angle":0,"op":"MPK Kraków — buses"},"geometry":{"type":"Point","coordinates":[19.97976,49.996128]}},{"type":"Feature","properties":{"text":"214 G3","n":2,"mode":"bus","angle":0,"op":"mix"},"geometry":{"type":"Point","coordinates":[19.97976,49.996128]}},{"type":"Feature","properties":{"text":"G3","n":1,"mode":"bus","angle":0,"op":"Wielicka Spółka Transportowa"},"geometry":{"type":"Point","coordinates":[19.97976,49.996128]}},{"type":"Feature","properties":{"text":"257 277 307 917","n":4,"mode":"bus","angle":-90,"op":"MPK Kraków — buses"},"geometry":{"type":"Point","coordinates":[19.961908,50.10982]}},{"type":"Feature","properties":{"text":"218 228 258 918","n":4,"mode":"bus","angle":-90,"op":"MPK Kraków — buses"},"geometry":{"type":"Point","coordinates":[19.85205,50.078092]}},{"type":"Feature","properties":{"text":"218 228 918","n":3,"mode":"bus","angle":0,"op":"MPK Kraków — buses"},"geometry":{"type":"Point","coordinates":[19.856169,50.080736]}},{"type":"Feature","properties":{"text":"232","n":1,"mode":"bus","angle":0,"op":"MPK Kraków — buses"},"geometry":{"type":"Point","coordinates":[20.026449,50.119515]}},{"type":"Feature","properties":{"text":"235","n":1,"mode":"bus","angle":-90,"op":"MPK Kraków — buses"},"geometry":{"type":"Point","coordinates":[19.838317,50.005823]}},{"type":"Feature","properties":{"text":"244","n":1,"mode":"bus","angle":0,"op":"MPK Kraków — buses"},"geometry":{"type":"Point","coordinates":[20.015463,50.006704]}},{"type":"Feature","properties":{"text":"245 255 275 285","n":4,"mode":"bus","angle":0,"op":"MPK Kraków — buses"},"geometry":{"type":"Point","coordinates":[19.902859,49.987315]}},{"type":"Feature","properties":{"text":"Z1","n":1,"mode":"bus","angle":90,"op":"Wielicka Spółka Transportowa"},"geometry":{"type":"Point","coordinates":[20.044301,50.02345]}},{"type":"Feature","properties":{"text":"B2 G4","n":2,"mode":"bus","angle":90,"op":"Wielicka Spółka Transportowa"},"geometry":{"type":"Point","coordinates":[20.041555,50.021687]}},{"type":"Feature","properties":{"text":"G4","n":1,"mode":"bus","angle":-90,"op":"Wielicka Spółka Transportowa"},"geometry":{"type":"Point","coordinates":[20.036062,50.0305]}},{"type":"Feature","properties":{"text":"235","n":1,"mode":"bus","angle":-90,"op":"MPK Kraków — buses"},"geometry":{"type":"Point","coordinates":[19.838317,50.011111]}},{"type":"Feature","properties":{"text":"238","n":1,"mode":"bus","angle":0,"op":"MPK Kraków — buses"},"geometry":{"type":"Point","coordinates":[19.820466,50.086024]}},{"type":"Feature","properties":{"text":"238 258 288 948","n":4,"mode":"bus","angle":90,"op":"MPK Kraków — buses"},"geometry":{"type":"Point","coordinates":[19.868528,50.088668]}},{"type":"Feature","properties":{"text":"238 248","n":2,"mode":"bus","angle":0,"op":"MPK Kraków — buses"},"geometry":{"type":"Point","coordinates":[19.872648,50.091312]}},{"type":"Feature","properties":{"text":"259 279","n":2,"mode":"bus","angle":-90,"op":"MPK Kraków — buses"},"geometry":{"type":"Point","coordinates":[19.827332,50.019924]}},{"type":"Feature","properties":{"text":"240 290","n":2,"mode":"bus","angle":90,"op":"MPK Kraków — buses"},"geometry":{"type":"Point","coordinates":[19.909725,50.106295]}},{"type":"Feature","properties":{"text":"274 Z1","n":2,"mode":"bus","angle":0,"op":"mix"},"geometry":{"type":"Point","coordinates":[20.026449,50.008467]}},{"type":"Feature","properties":{"text":"274","n":1,"mode":"bus","angle":0,"op":"MPK Kraków — buses"},"geometry":{"type":"Point","coordinates":[20.026449,50.008467]}},{"type":"Feature","properties":{"text":"Z1","n":1,"mode":"bus","angle":0,"op":"Wielicka Spółka Transportowa"},"geometry":{"type":"Point","coordinates":[20.026449,50.008467]}},{"type":"Feature","properties":{"text":"268 278 288","n":3,"mode":"bus","angle":0,"op":"MPK Kraków — buses"},"geometry":{"type":"Point","coordinates":[19.861662,50.098363]}},{"type":"Feature","properties":{"text":"310 910","n":2,"mode":"bus","angle":-90,"op":"MPK Kraków — buses"},"geometry":{"type":"Point","coordinates":[19.8905,50.108058]}},{"type":"Feature","properties":{"text":"250 297","n":2,"mode":"bus","angle":0,"op":"MPK Kraków — buses"},"geometry":{"type":"Point","coordinates":[19.982506,50.098363]}},{"type":"Feature","properties":{"text":"277","n":1,"mode":"bus","angle":0,"op":"MPK Kraków — buses"},"geometry":{"type":"Point","coordinates":[19.952295,50.124803]}},{"type":"Feature","properties":{"text":"269","n":1,"mode":"bus","angle":0,"op":"MPK Kraków — buses"},"geometry":{"type":"Point","coordinates":[19.798494,50.047246]}},{"type":"Feature","properties":{"text":"269","n":1,"mode":"bus","angle":0,"op":"MPK Kraków — buses"},"geometry":{"type":"Point","coordinates":[19.806733,50.047246]}},{"type":"Feature","properties":{"text":"260","n":1,"mode":"bus","angle":-90,"op":"MPK Kraków — buses"},"geometry":{"type":"Point","coordinates":[20.000358,50.122159]}},{"type":"Feature","properties":{"text":"11 22 77","n":3,"mode":"tram","angle":0,"op":"MPK Kraków — trams"},"geometry":{"type":"Point","coordinates":[19.930323,50.024331]}},{"type":"Feature","properties":{"text":"10 18 76","n":3,"mode":"tram","angle":90,"op":"MPK Kraków — trams"},"geometry":{"type":"Point","coordinates":[19.942682,50.060466]}},{"type":"Feature","properties":{"text":"9 11 49 50","n":4,"mode":"tram","angle":-90,"op":"MPK Kraków — trams"},"geometry":{"type":"Point","coordinates":[19.983879,50.026975]}},{"type":"Feature","properties":{"text":"76","n":1,"mode":"tram","angle":0,"op":"MPK Kraków — trams"},"geometry":{"type":"Point","coordinates":[19.97976,50.029619]}},{"type":"Feature","properties":{"text":"8 10 13 18 76","n":5,"mode":"tram","angle":-90,"op":"MPK Kraków — trams"},"geometry":{"type":"Point","coordinates":[19.93719,50.05694]}},{"type":"Feature","properties":{"text":"R2","n":1,"mode":"bus","angle":0,"op":"Wielicka Spółka Transportowa"},"geometry":{"type":"Point","coordinates":[20.012717,49.999654]}},{"type":"Feature","properties":{"text":"R2","n":1,"mode":"bus","angle":90,"op":"Wielicka Spółka Transportowa"},"geometry":{"type":"Point","coordinates":[20.008597,49.984671]}},{"type":"Feature","properties":{"text":"5 14 50","n":3,"mode":"tram","angle":0,"op":"MPK Kraków — trams"},"geometry":{"type":"Point","coordinates":[19.955041,50.073686]}},{"type":"Feature","properties":{"text":"144 155 169 173 174 179 469","n":7,"mode":"bus","angle":0,"op":"MPK Kraków — buses"},"geometry":{"type":"Point","coordinates":[19.955041,50.024331]}},{"type":"Feature","properties":{"text":"164 204 224 904","n":4,"mode":"bus","angle":0,"op":"mix"},"geometry":{"type":"Point","coordinates":[19.968774,50.013755]}},{"type":"Feature","properties":{"text":"11 50 74","n":3,"mode":"tram","angle":0,"op":"mix"},"geometry":{"type":"Point","coordinates":[19.968774,50.013755]}},{"type":"Feature","properties":{"text":"664","n":1,"mode":"bus","angle":0,"op":"MPK Kraków — buses"},"geometry":{"type":"Point","coordinates":[19.996238,50.075448]}},{"type":"Feature","properties":{"text":"5 9 10 52 74 75","n":6,"mode":"tram","angle":0,"op":"MPK Kraków — trams"},"geometry":{"type":"Point","coordinates":[19.996238,50.075448]}},{"type":"Feature","properties":{"text":"21 22 75","n":3,"mode":"tram","angle":90,"op":"MPK Kraków — trams"},"geometry":{"type":"Point","coordinates":[20.038808,50.069279]}},{"type":"Feature","properties":{"text":"155 214 215 225 254 265 915","n":7,"mode":"bus","angle":0,"op":"MPK Kraków — buses"},"geometry":{"type":"Point","coordinates":[19.935816,50.003179]}},{"type":"Feature","properties":{"text":"120 140 337 420 513 669","n":6,"mode":"bus","angle":90,"op":"MPK Kraków — buses"},"geometry":{"type":"Point","coordinates":[19.934443,50.085143]}},{"type":"Feature","properties":{"text":"11 77","n":2,"mode":"tram","angle":0,"op":"MPK Kraków — trams"},"geometry":{"type":"Point","coordinates":[19.922084,50.024331]}},{"type":"Feature","properties":{"text":"104 204 293","n":3,"mode":"bus","angle":0,"op":"MPK Kraków — buses"},"geometry":{"type":"Point","coordinates":[19.897366,50.015518]}},{"type":"Feature","properties":{"text":"227","n":1,"mode":"bus","angle":-90,"op":"MPK Kraków — buses"},"geometry":{"type":"Point","coordinates":[19.92895,50.116871]}},{"type":"Feature","properties":{"text":"209 219 229 239 269 279","n":6,"mode":"bus","angle":0,"op":"MPK Kraków — buses"},"geometry":{"type":"Point","coordinates":[19.84793,50.047246]}},{"type":"Feature","properties":{"text":"219 229 239 279","n":4,"mode":"bus","angle":0,"op":"MPK Kraków — buses"},"geometry":{"type":"Point","coordinates":[19.842437,50.045483]}},{"type":"Feature","properties":{"text":"238","n":1,"mode":"bus","angle":0,"op":"MPK Kraków — buses"},"geometry":{"type":"Point","coordinates":[19.84793,50.091312]}},{"type":"Feature","properties":{"text":"255","n":1,"mode":"bus","angle":-90,"op":"MPK Kraków — buses"},"geometry":{"type":"Point","coordinates":[19.912472,49.988196]}},{"type":"Feature","properties":{"text":"229 239","n":2,"mode":"bus","angle":-45,"op":"MPK Kraków — buses"},"geometry":{"type":"Point","coordinates":[19.830078,50.040195]}},{"type":"Feature","properties":{"text":"138 144 168 194 904","n":5,"mode":"bus","angle":-45,"op":"MPK Kraków — buses"},"geometry":{"type":"Point","coordinates":[19.915218,50.08955]}},{"type":"Feature","properties":{"text":"102","n":1,"mode":"bus","angle":-45,"op":"MPK Kraków — buses"},"geometry":{"type":"Point","coordinates":[19.8905,50.061347]}},{"type":"Feature","properties":{"text":"111 160 161 171 211 271","n":6,"mode":"bus","angle":-45,"op":"MPK Kraków — buses"},"geometry":{"type":"Point","coordinates":[20.058033,50.064872]}},{"type":"Feature","properties":{"text":"164 199 601","n":3,"mode":"bus","angle":45,"op":"MPK Kraków — buses"},"geometry":{"type":"Point","coordinates":[19.887753,50.077211]}},{"type":"Feature","properties":{"text":"235 243","n":2,"mode":"bus","angle":45,"op":"MPK Kraków — buses"},"geometry":{"type":"Point","coordinates":[19.887753,49.999654]}},{"type":"Feature","properties":{"text":"310 910 LR0","n":3,"mode":"bus","angle":45,"op":"MPK Kraków — buses"},"geometry":{"type":"Point","coordinates":[19.887753,50.112464]}},{"type":"Feature","properties":{"text":"139 199 601 611","n":4,"mode":"bus","angle":-45,"op":"MPK Kraków — buses"},"geometry":{"type":"Point","coordinates":[19.915218,50.073686]}},{"type":"Feature","properties":{"text":"307 317","n":2,"mode":"bus","angle":-45,"op":"MPK Kraków — buses"},"geometry":{"type":"Point","coordinates":[19.953668,50.08955]}},{"type":"Feature","properties":{"text":"126 146 194 219 494 662","n":6,"mode":"bus","angle":-45,"op":"mix"},"geometry":{"type":"Point","coordinates":[19.915218,50.041958]}},{"type":"Feature","properties":{"text":"18 22 52 62","n":4,"mode":"tram","angle":-45,"op":"mix"},"geometry":{"type":"Point","coordinates":[19.915218,50.041958]}},{"type":"Feature","properties":{"text":"112 124 126 146 162 219 300 424 708 LR0","n":10,"mode":"bus","angle":45,"op":"MPK Kraków — buses"},"geometry":{"type":"Point","coordinates":[19.92895,50.04372]}},{"type":"Feature","properties":{"text":"915","n":1,"mode":"bus","angle":-45,"op":"MPK Kraków — buses"},"geometry":{"type":"Point","coordinates":[19.92895,50.013755]}},{"type":"Feature","properties":{"text":"180","n":1,"mode":"bus","angle":45,"op":"MPK Kraków — buses"},"geometry":{"type":"Point","coordinates":[20.033315,50.08955]}},{"type":"Feature","properties":{"text":"132 139 182 183 482 601","n":6,"mode":"bus","angle":-45,"op":"MPK Kraków — buses"},"geometry":{"type":"Point","coordinates":[19.989372,50.08955]}},{"type":"Feature","properties":{"text":"300","n":1,"mode":"bus","angle":45,"op":"MPK Kraków — buses"},"geometry":{"type":"Point","coordinates":[19.915218,50.057822]}},{"type":"Feature","properties":{"text":"132 138 139 182 189 482 572 601 611","n":9,"mode":"bus","angle":45,"op":"MPK Kraków — buses"},"geometry":{"type":"Point","coordinates":[19.983879,50.08955]}},{"type":"Feature","properties":{"text":"8 22 50","n":3,"mode":"tram","angle":-45,"op":"mix"},"geometry":{"type":"Point","coordinates":[19.92895,50.01728]}},{"type":"Feature","properties":{"text":"238 248 268 278","n":4,"mode":"bus","angle":45,"op":"MPK Kraków — buses"},"geometry":{"type":"Point","coordinates":[19.879514,50.08955]}},{"type":"Feature","properties":{"text":"288","n":1,"mode":"bus","angle":-45,"op":"MPK Kraków — buses"},"geometry":{"type":"Point","coordinates":[19.868528,50.091312]}},{"type":"Feature","properties":{"text":"130 179 189 192 304 669 704 904","n":8,"mode":"bus","angle":45,"op":"MPK Kraków — buses"},"geometry":{"type":"Point","coordinates":[19.93719,50.080736]}},{"type":"Feature","properties":{"text":"3 5 14 50 69","n":5,"mode":"tram","angle":45,"op":"MPK Kraków — trams"},"geometry":{"type":"Point","coordinates":[19.939936,50.080736]}},{"type":"Feature","properties":{"text":"144 164 173 194 310 494","n":6,"mode":"bus","angle":45,"op":"MPK Kraków — buses"},"geometry":{"type":"Point","coordinates":[19.915218,50.07016]}},{"type":"Feature","properties":{"text":"225 285 915","n":3,"mode":"bus","angle":-45,"op":"MPK Kraków — buses"},"geometry":{"type":"Point","coordinates":[19.961908,49.98379]}},{"type":"Feature","properties":{"text":"224","n":1,"mode":"bus","angle":-45,"op":"MPK Kraków — buses"},"geometry":{"type":"Point","coordinates":[19.939936,50.011992]}},{"type":"Feature","properties":{"text":"144 194 494","n":3,"mode":"bus","angle":-45,"op":"MPK Kraków — buses"},"geometry":{"type":"Point","coordinates":[19.906979,50.075448]}},{"type":"Feature","properties":{"text":"664 704 708","n":3,"mode":"bus","angle":45,"op":"MPK Kraków — buses"},"geometry":{"type":"Point","coordinates":[19.912472,50.077211]}},{"type":"Feature","properties":{"text":"102 134 192 300 902","n":5,"mode":"bus","angle":45,"op":"MPK Kraków — buses"},"geometry":{"type":"Point","coordinates":[19.882261,50.06311]}},{"type":"Feature","properties":{"text":"126 134","n":2,"mode":"bus","angle":-45,"op":"MPK Kraków — buses"},"geometry":{"type":"Point","coordinates":[19.876768,50.06311]}},{"type":"Feature","properties":{"text":"104 151 191 194 494 608","n":6,"mode":"bus","angle":-45,"op":"MPK Kraków — buses"},"geometry":{"type":"Point","coordinates":[19.904232,50.006704]}},{"type":"Feature","properties":{"text":"104 194 204 293 494 608","n":6,"mode":"bus","angle":45,"op":"MPK Kraków — buses"},"geometry":{"type":"Point","coordinates":[19.904232,50.013755]}},{"type":"Feature","properties":{"text":"664","n":1,"mode":"bus","angle":45,"op":"mix"},"geometry":{"type":"Point","coordinates":[20.003104,50.093075]}},{"type":"Feature","properties":{"text":"21 52","n":2,"mode":"tram","angle":45,"op":"mix"},"geometry":{"type":"Point","coordinates":[20.003104,50.093075]}},{"type":"Feature","properties":{"text":"105 132 405 608 610","n":5,"mode":"bus","angle":-45,"op":"MPK Kraków — buses"},"geometry":{"type":"Point","coordinates":[19.945429,50.080736]}},{"type":"Feature","properties":{"text":"174 179","n":2,"mode":"bus","angle":-45,"op":"MPK Kraków — buses"},"geometry":{"type":"Point","coordinates":[19.959161,50.01728]}},{"type":"Feature","properties":{"text":"904","n":1,"mode":"bus","angle":45,"op":"MPK Kraków — buses"},"geometry":{"type":"Point","coordinates":[19.967401,50.011992]}},{"type":"Feature","properties":{"text":"203","n":1,"mode":"bus","angle":45,"op":"MPK Kraków — buses"},"geometry":{"type":"Point","coordinates":[19.860289,50.020806]}},{"type":"Feature","properties":{"text":"112 203","n":2,"mode":"bus","angle":-45,"op":"MPK Kraków — buses"},"geometry":{"type":"Point","coordinates":[19.857543,50.031382]}},{"type":"Feature","properties":{"text":"126 146 219","n":3,"mode":"bus","angle":45,"op":"MPK Kraków — buses"},"geometry":{"type":"Point","coordinates":[19.904232,50.041958]}},{"type":"Feature","properties":{"text":"126 146 219","n":3,"mode":"bus","angle":45,"op":"MPK Kraków — buses"},"geometry":{"type":"Point","coordinates":[19.898739,50.045483]}},{"type":"Feature","properties":{"text":"156 223 233 253 283 293 903","n":7,"mode":"bus","angle":-45,"op":"MPK Kraków — buses"},"geometry":{"type":"Point","coordinates":[19.885007,50.013755]}},{"type":"Feature","properties":{"text":"120 220 240 420","n":4,"mode":"bus","angle":45,"op":"MPK Kraków — buses"},"geometry":{"type":"Point","coordinates":[19.909725,50.098363]}},{"type":"Feature","properties":{"text":"120 420 LR0","n":3,"mode":"bus","angle":-45,"op":"MPK Kraków — buses"},"geometry":{"type":"Point","coordinates":[19.904232,50.100126]}},{"type":"Feature","properties":{"text":"120 164 199 218 228 298 601 918","n":8,"mode":"bus","angle":-45,"op":"MPK Kraków — buses"},"geometry":{"type":"Point","coordinates":[19.882261,50.078974]}},{"type":"Feature","properties":{"text":"120 572","n":2,"mode":"bus","angle":-45,"op":"MPK Kraków — buses"},"geometry":{"type":"Point","coordinates":[19.879514,50.078974]}},{"type":"Feature","properties":{"text":"122 601 608","n":3,"mode":"bus","angle":45,"op":"MPK Kraków — buses"},"geometry":{"type":"Point","coordinates":[20.025076,50.084262]}},{"type":"Feature","properties":{"text":"122 138 608","n":3,"mode":"bus","angle":45,"op":"MPK Kraków — buses"},"geometry":{"type":"Point","coordinates":[20.019583,50.082499]}},{"type":"Feature","properties":{"text":"123 132 139 163 601","n":5,"mode":"bus","angle":45,"op":"MPK Kraków — buses"},"geometry":{"type":"Point","coordinates":[20.01409,50.080736]}},{"type":"Feature","properties":{"text":"123 132","n":2,"mode":"bus","angle":45,"op":"MPK Kraków — buses"},"geometry":{"type":"Point","coordinates":[20.022329,50.077211]}},{"type":"Feature","properties":{"text":"132 139 160 163 601","n":5,"mode":"bus","angle":45,"op":"MPK Kraków — buses"},"geometry":{"type":"Point","coordinates":[20.019583,50.077211]}},{"type":"Feature","properties":{"text":"122 189 572","n":3,"mode":"bus","angle":45,"op":"mix"},"geometry":{"type":"Point","coordinates":[20.016837,50.075448]}},{"type":"Feature","properties":{"text":"16 21","n":2,"mode":"tram","angle":45,"op":"mix"},"geometry":{"type":"Point","coordinates":[20.016837,50.075448]}},{"type":"Feature","properties":{"text":"572","n":1,"mode":"bus","angle":45,"op":"MPK Kraków — buses"},"geometry":{"type":"Point","coordinates":[20.003104,50.082499]}},{"type":"Feature","properties":{"text":"123 132 139 601 664","n":5,"mode":"bus","angle":45,"op":"mix"},"geometry":{"type":"Point","coordinates":[20.008597,50.084262]}},{"type":"Feature","properties":{"text":"14 16 21 52","n":4,"mode":"tram","angle":45,"op":"mix"},"geometry":{"type":"Point","coordinates":[20.008597,50.084262]}},{"type":"Feature","properties":{"text":"149 174 601","n":3,"mode":"bus","angle":45,"op":"mix"},"geometry":{"type":"Point","coordinates":[20.025076,50.066635]}},{"type":"Feature","properties":{"text":"10 16","n":2,"mode":"tram","angle":45,"op":"mix"},"geometry":{"type":"Point","coordinates":[20.025076,50.066635]}},{"type":"Feature","properties":{"text":"183","n":1,"mode":"bus","angle":45,"op":"MPK Kraków — buses"},"geometry":{"type":"Point","coordinates":[20.025076,50.056059]}},{"type":"Feature","properties":{"text":"158 221","n":2,"mode":"bus","angle":-45,"op":"MPK Kraków — buses"},"geometry":{"type":"Point","coordinates":[20.022329,50.04372]}},{"type":"Feature","properties":{"text":"123 125 158 195 221 264 605","n":7,"mode":"bus","angle":-45,"op":"MPK Kraków — buses"},"geometry":{"type":"Point","coordinates":[20.016837,50.040195]}},{"type":"Feature","properties":{"text":"182 189 482","n":3,"mode":"bus","angle":45,"op":"MPK Kraków — buses"},"geometry":{"type":"Point","coordinates":[19.959161,50.071923]}},{"type":"Feature","properties":{"text":"124 424 502 601 608 611 664 704 902","n":9,"mode":"bus","angle":45,"op":"mix"},"geometry":{"type":"Point","coordinates":[19.939936,50.07016]}},{"type":"Feature","properties":{"text":"18 20 75","n":3,"mode":"tram","angle":45,"op":"mix"},"geometry":{"type":"Point","coordinates":[19.939936,50.07016]}},{"type":"Feature","properties":{"text":"662","n":1,"mode":"bus","angle":-45,"op":"mix"},"geometry":{"type":"Point","coordinates":[20.000358,50.068398]}},{"type":"Feature","properties":{"text":"1 14 22 62","n":4,"mode":"tram","angle":-45,"op":"mix"},"geometry":{"type":"Point","coordinates":[20.000358,50.068398]}},{"type":"Feature","properties":{"text":"169","n":1,"mode":"bus","angle":-45,"op":"MPK Kraków — buses"},"geometry":{"type":"Point","coordinates":[19.959161,50.094838]}},{"type":"Feature","properties":{"text":"169 469","n":2,"mode":"bus","angle":-45,"op":"MPK Kraków — buses"},"geometry":{"type":"Point","coordinates":[19.959161,50.094838]}},{"type":"Feature","properties":{"text":"128 669","n":2,"mode":"bus","angle":-45,"op":"mix"},"geometry":{"type":"Point","coordinates":[19.959161,50.101888]}},{"type":"Feature","properties":{"text":"18 50 69 75","n":4,"mode":"tram","angle":-45,"op":"mix"},"geometry":{"type":"Point","coordinates":[19.959161,50.101888]}},{"type":"Feature","properties":{"text":"134 434","n":2,"mode":"bus","angle":-45,"op":"MPK Kraków — buses"},"geometry":{"type":"Point","coordinates":[19.868528,50.056059]}},{"type":"Feature","properties":{"text":"74","n":1,"mode":"tram","angle":45,"op":"MPK Kraków — trams"},"geometry":{"type":"Point","coordinates":[20.030569,50.078974]}},{"type":"Feature","properties":{"text":"144 904","n":2,"mode":"bus","angle":-45,"op":"MPK Kraków — buses"},"geometry":{"type":"Point","coordinates":[19.931697,50.098363]}},{"type":"Feature","properties":{"text":"227 267 337 513 937","n":5,"mode":"bus","angle":45,"op":"MPK Kraków — buses"},"geometry":{"type":"Point","coordinates":[19.926204,50.098363]}},{"type":"Feature","properties":{"text":"148 174","n":2,"mode":"bus","angle":-45,"op":"MPK Kraków — buses"},"geometry":{"type":"Point","coordinates":[20.003104,50.054296]}},{"type":"Feature","properties":{"text":"149","n":1,"mode":"bus","angle":45,"op":"mix"},"geometry":{"type":"Point","coordinates":[20.038808,50.06311]}},{"type":"Feature","properties":{"text":"10","n":1,"mode":"tram","angle":45,"op":"mix"},"geometry":{"type":"Point","coordinates":[20.038808,50.06311]}},{"type":"Feature","properties":{"text":"155 174 179 204 610","n":5,"mode":"bus","angle":-45,"op":"MPK Kraków — buses"},"geometry":{"type":"Point","coordinates":[19.950922,50.011992]}},{"type":"Feature","properties":{"text":"160 242 272","n":3,"mode":"bus","angle":45,"op":"MPK Kraków — buses"},"geometry":{"type":"Point","coordinates":[20.049794,50.084262]}},{"type":"Feature","properties":{"text":"218 228 298 918","n":4,"mode":"bus","angle":45,"op":"MPK Kraków — buses"},"geometry":{"type":"Point","coordinates":[19.863035,50.078974]}},{"type":"Feature","properties":{"text":"194 494","n":2,"mode":"bus","angle":-45,"op":"MPK Kraków — buses"},"geometry":{"type":"Point","coordinates":[19.912472,50.022568]}},{"type":"Feature","properties":{"text":"222 232","n":2,"mode":"bus","angle":45,"op":"MPK Kraków — buses"},"geometry":{"type":"Point","coordinates":[20.036062,50.107176]}},{"type":"Feature","properties":{"text":"245","n":1,"mode":"bus","angle":45,"op":"MPK Kraków — buses"},"geometry":{"type":"Point","coordinates":[19.874021,49.996128]}},{"type":"Feature","properties":{"text":"223","n":1,"mode":"bus","angle":-45,"op":"MPK Kraków — buses"},"geometry":{"type":"Point","coordinates":[19.874021,50.006704]}},{"type":"Feature","properties":{"text":"203","n":1,"mode":"bus","angle":45,"op":"MPK Kraków — buses"},"geometry":{"type":"Point","coordinates":[19.857543,50.006704]}},{"type":"Feature","properties":{"text":"301 904 W2","n":3,"mode":"bus","angle":-45,"op":"mix"},"geometry":{"type":"Point","coordinates":[20.027822,50.015518]}},{"type":"Feature","properties":{"text":"244 304","n":2,"mode":"bus","angle":-45,"op":"MPK Kraków — buses"},"geometry":{"type":"Point","coordinates":[20.027822,50.011992]}},{"type":"Feature","properties":{"text":"224 244","n":2,"mode":"bus","angle":-45,"op":"MPK Kraków — buses"},"geometry":{"type":"Point","coordinates":[20.000358,50.011992]}},{"type":"Feature","properties":{"text":"224 244 304","n":3,"mode":"bus","angle":-45,"op":"MPK Kraków — buses"},"geometry":{"type":"Point","coordinates":[20.000358,50.011992]}},{"type":"Feature","properties":{"text":"207 317","n":2,"mode":"bus","angle":45,"op":"MPK Kraków — buses"},"geometry":{"type":"Point","coordinates":[19.945429,50.100126]}},{"type":"Feature","properties":{"text":"209 228 258 298","n":4,"mode":"bus","angle":-45,"op":"MPK Kraków — buses"},"geometry":{"type":"Point","coordinates":[19.835571,50.071923]}},{"type":"Feature","properties":{"text":"210","n":1,"mode":"bus","angle":-45,"op":"MPK Kraków — buses"},"geometry":{"type":"Point","coordinates":[19.876768,50.098363]}},{"type":"Feature","properties":{"text":"221 301","n":2,"mode":"bus","angle":-45,"op":"MPK Kraków — buses"},"geometry":{"type":"Point","coordinates":[20.080005,50.041958]}},{"type":"Feature","properties":{"text":"248 948","n":2,"mode":"bus","angle":-45,"op":"MPK Kraków — buses"},"geometry":{"type":"Point","coordinates":[19.854796,50.0966]}},{"type":"Feature","properties":{"text":"249","n":1,"mode":"bus","angle":45,"op":"MPK Kraków — buses"},"geometry":{"type":"Point","coordinates":[19.827332,50.04372]}},{"type":"Feature","properties":{"text":"229 249","n":2,"mode":"bus","angle":45,"op":"MPK Kraków — buses"},"geometry":{"type":"Point","coordinates":[19.810853,50.022568]}},{"type":"Feature","properties":{"text":"284","n":1,"mode":"bus","angle":-45,"op":"MPK Kraków — buses"},"geometry":{"type":"Point","coordinates":[20.022329,50.015518]}},{"type":"Feature","properties":{"text":"G3 P2","n":2,"mode":"bus","angle":-45,"op":"Wielicka Spółka Transportowa"},"geometry":{"type":"Point","coordinates":[20.01409,50.008467]}},{"type":"Feature","properties":{"text":"P2","n":1,"mode":"bus","angle":45,"op":"Wielicka Spółka Transportowa"},"geometry":{"type":"Point","coordinates":[20.008597,50.008467]}},{"type":"Feature","properties":{"text":"274 304","n":2,"mode":"bus","angle":45,"op":"MPK Kraków — buses"},"geometry":{"type":"Point","coordinates":[20.01409,50.008467]}},{"type":"Feature","properties":{"text":"245 255 275 285","n":4,"mode":"bus","angle":45,"op":"MPK Kraków — buses"},"geometry":{"type":"Point","coordinates":[19.909725,49.985552]}},{"type":"Feature","properties":{"text":"280 917","n":2,"mode":"bus","angle":45,"op":"MPK Kraków — buses"},"geometry":{"type":"Point","coordinates":[19.942682,50.12304]}},{"type":"Feature","properties":{"text":"288","n":1,"mode":"bus","angle":-45,"op":"MPK Kraków — buses"},"geometry":{"type":"Point","coordinates":[19.868528,50.103651]}},{"type":"Feature","properties":{"text":"268 278","n":2,"mode":"bus","angle":45,"op":"MPK Kraków — buses"},"geometry":{"type":"Point","coordinates":[19.874021,50.093075]}},{"type":"Feature","properties":{"text":"268","n":1,"mode":"bus","angle":45,"op":"MPK Kraków — buses"},"geometry":{"type":"Point","coordinates":[19.854796,50.108939]}},{"type":"Feature","properties":{"text":"310 910","n":2,"mode":"bus","angle":45,"op":"MPK Kraków — buses"},"geometry":{"type":"Point","coordinates":[19.882261,50.11599]}},{"type":"Feature","properties":{"text":"LR0","n":1,"mode":"bus","angle":45,"op":"MPK Kraków — buses"},"geometry":{"type":"Point","coordinates":[19.882261,50.11599]}},{"type":"Feature","properties":{"text":"310","n":1,"mode":"bus","angle":45,"op":"MPK Kraków — buses"},"geometry":{"type":"Point","coordinates":[19.874021,50.121278]}},{"type":"Feature","properties":{"text":"270","n":1,"mode":"bus","angle":-45,"op":"MPK Kraków — buses"},"geometry":{"type":"Point","coordinates":[20.016837,50.101888]}},{"type":"Feature","properties":{"text":"297","n":1,"mode":"bus","angle":45,"op":"MPK Kraków — buses"},"geometry":{"type":"Point","coordinates":[19.972893,50.100126]}},{"type":"Feature","properties":{"text":"270","n":1,"mode":"bus","angle":-45,"op":"MPK Kraków — buses"},"geometry":{"type":"Point","coordinates":[20.022329,50.105414]}},{"type":"Feature","properties":{"text":"253","n":1,"mode":"bus","angle":-45,"op":"MPK Kraków — buses"},"geometry":{"type":"Point","coordinates":[19.865782,49.997891]}},{"type":"Feature","properties":{"text":"267","n":1,"mode":"bus","angle":45,"op":"MPK Kraków — buses"},"geometry":{"type":"Point","coordinates":[19.904232,50.137142]}},{"type":"Feature","properties":{"text":"268 278 288","n":3,"mode":"bus","angle":45,"op":"MPK Kraków — buses"},"geometry":{"type":"Point","coordinates":[19.868528,50.0966]}},{"type":"Feature","properties":{"text":"301","n":1,"mode":"bus","angle":-45,"op":"MPK Kraków — buses"},"geometry":{"type":"Point","coordinates":[20.063526,50.031382]}},{"type":"Feature","properties":{"text":"662","n":1,"mode":"bus","angle":-45,"op":"MPK Kraków — buses"},"geometry":{"type":"Point","coordinates":[19.967401,50.059584]}},{"type":"Feature","properties":{"text":"610 662 669 904","n":4,"mode":"bus","angle":45,"op":"mix"},"geometry":{"type":"Point","coordinates":[19.945429,50.061347]}},{"type":"Feature","properties":{"text":"3 22 52 62 69 74 77","n":7,"mode":"tram","angle":45,"op":"mix"},"geometry":{"type":"Point","coordinates":[19.945429,50.061347]}},{"type":"Feature","properties":{"text":"R2","n":1,"mode":"bus","angle":-45,"op":"Wielicka Spółka Transportowa"},"geometry":{"type":"Point","coordinates":[20.019583,49.997891]}},{"type":"Feature","properties":{"text":"R2","n":1,"mode":"bus","angle":-45,"op":"Wielicka Spółka Transportowa"},"geometry":{"type":"Point","coordinates":[20.025076,50.003179]}},{"type":"Feature","properties":{"text":"280","n":1,"mode":"bus","angle":-45,"op":"MPK Kraków — buses"},"geometry":{"type":"Point","coordinates":[19.956415,50.110702]}},{"type":"Feature","properties":{"text":"608","n":1,"mode":"bus","angle":45,"op":"MPK Kraków — buses"},"geometry":{"type":"Point","coordinates":[19.961908,50.087787]}},{"type":"Feature","properties":{"text":"107 169 469 904","n":4,"mode":"bus","angle":45,"op":"MPK Kraków — buses"},"geometry":{"type":"Point","coordinates":[19.970147,50.011992]}},{"type":"Feature","properties":{"text":"664 704","n":2,"mode":"bus","angle":45,"op":"MPK Kraków — buses"},"geometry":{"type":"Point","coordinates":[19.920711,50.073686]}},{"type":"Feature","properties":{"text":"174","n":1,"mode":"bus","angle":-45,"op":"MPK Kraków — buses"},"geometry":{"type":"Point","coordinates":[19.997611,50.049008]}},{"type":"Feature","properties":{"text":"1 14 22 62","n":4,"mode":"tram","angle":-45,"op":"MPK Kraków — trams"},"geometry":{"type":"Point","coordinates":[19.970147,50.059584]}},{"type":"Feature","properties":{"text":"105 132 139 169 199 405 469 503 608 610","n":10,"mode":"bus","angle":-45,"op":"MPK Kraków — buses"},"geometry":{"type":"Point","coordinates":[19.953668,50.087787]}},{"type":"Feature","properties":{"text":"608","n":1,"mode":"bus","angle":45,"op":"MPK Kraków — buses"},"geometry":{"type":"Point","coordinates":[20.027822,50.086024]}},{"type":"Feature","properties":{"text":"242","n":1,"mode":"bus","angle":-45,"op":"MPK Kraków — buses"},"geometry":{"type":"Point","coordinates":[20.049794,50.087787]}},{"type":"Feature","properties":{"text":"243 475 610","n":3,"mode":"bus","angle":-45,"op":"MPK Kraków — buses"},"geometry":{"type":"Point","coordinates":[19.920711,50.001416]}},{"type":"Feature","properties":{"text":"124 424 902","n":3,"mode":"bus","angle":-45,"op":"MPK Kraków — buses"},"geometry":{"type":"Point","coordinates":[19.920711,50.07016]}},{"type":"Feature","properties":{"text":"160","n":1,"mode":"bus","angle":-45,"op":"MPK Kraków — buses"},"geometry":{"type":"Point","coordinates":[20.044301,50.084262]}},{"type":"Feature","properties":{"text":"210 230 310 910","n":4,"mode":"bus","angle":45,"op":"MPK Kraków — buses"},"geometry":{"type":"Point","coordinates":[19.893246,50.0966]}},{"type":"Feature","properties":{"text":"264 B2","n":2,"mode":"bus","angle":-45,"op":"mix"},"geometry":{"type":"Point","coordinates":[20.047048,50.041958]}},{"type":"Feature","properties":{"text":"310 910","n":2,"mode":"bus","angle":-45,"op":"MPK Kraków — buses"},"geometry":{"type":"Point","coordinates":[19.857543,50.119515]}},{"type":"Feature","properties":{"text":"274","n":1,"mode":"bus","angle":45,"op":"MPK Kraków — buses"},"geometry":{"type":"Point","coordinates":[20.047048,50.003179]}},{"type":"Feature","properties":{"text":"260","n":1,"mode":"bus","angle":-45,"op":"MPK Kraków — buses"},"geometry":{"type":"Point","coordinates":[19.997611,50.117752]}},{"type":"Feature","properties":{"text":"168 173 572","n":3,"mode":"bus","angle":-45,"op":"MPK Kraków — buses"},"geometry":{"type":"Point","coordinates":[19.895993,50.087787]}},{"type":"Feature","properties":{"text":"902","n":1,"mode":"bus","angle":45,"op":"MPK Kraków — buses"},"geometry":{"type":"Point","coordinates":[19.846557,50.061347]}},{"type":"Feature","properties":{"text":"219 259","n":2,"mode":"bus","angle":-45,"op":"MPK Kraków — buses"},"geometry":{"type":"Point","coordinates":[19.84381,50.033144]}},{"type":"Feature","properties":{"text":"223 233 253 283 293 903","n":6,"mode":"bus","angle":0,"op":"MPK Kraków — buses"},"geometry":{"type":"Point","coordinates":[19.8905,50.015518]}},{"type":"Feature","properties":{"text":"120 164 199 200 210 230 238 248 258 268 278 288 572 601 664 704 708 910 948","n":19,"mode":"bus","angle":0,"op":"MPK Kraków — buses"},"geometry":{"type":"Point","coordinates":[19.887753,50.080736]}},{"type":"Feature","properties":{"text":"257","n":1,"mode":"bus","angle":90,"op":"MPK Kraków — buses"},"geometry":{"type":"Point","coordinates":[19.964654,50.126566]}},{"type":"Feature","properties":{"text":"337 669","n":2,"mode":"bus","angle":90,"op":"mix"},"geometry":{"type":"Point","coordinates":[19.931697,50.091312]}},{"type":"Feature","properties":{"text":"3 5 18 50 69 75","n":6,"mode":"tram","angle":90,"op":"mix"},"geometry":{"type":"Point","coordinates":[19.931697,50.091312]}},{"type":"Feature","properties":{"text":"120 140 420","n":3,"mode":"bus","angle":0,"op":"MPK Kraków — buses"},"geometry":{"type":"Point","coordinates":[19.92895,50.08955]}},{"type":"Feature","properties":{"text":"214 215 225 265 915","n":5,"mode":"bus","angle":0,"op":"MPK Kraków — buses"},"geometry":{"type":"Point","coordinates":[19.92895,50.003179]}},{"type":"Feature","properties":{"text":"134","n":1,"mode":"bus","angle":0,"op":"MPK Kraków — buses"},"geometry":{"type":"Point","coordinates":[19.915218,50.059584]}},{"type":"Feature","properties":{"text":"150 572","n":2,"mode":"bus","angle":0,"op":"MPK Kraków — buses"},"geometry":{"type":"Point","coordinates":[19.92895,50.094838]}},{"type":"Feature","properties":{"text":"609","n":1,"mode":"bus","angle":0,"op":"mix"},"geometry":{"type":"Point","coordinates":[19.939936,50.06311]}},{"type":"Feature","properties":{"text":"1 77","n":2,"mode":"tram","angle":0,"op":"mix"},"geometry":{"type":"Point","coordinates":[19.939936,50.06311]}},{"type":"Feature","properties":{"text":"102 144 194 494","n":4,"mode":"bus","angle":90,"op":"MPK Kraków — buses"},"geometry":{"type":"Point","coordinates":[19.909725,50.080736]}},{"type":"Feature","properties":{"text":"140 904","n":2,"mode":"bus","angle":0,"op":"MPK Kraków — buses"},"geometry":{"type":"Point","coordinates":[19.909725,50.086024]}},{"type":"Feature","properties":{"text":"102 664 704 708","n":4,"mode":"bus","angle":0,"op":"MPK Kraków — buses"},"geometry":{"type":"Point","coordinates":[19.906979,50.078974]}},{"type":"Feature","properties":{"text":"192 902","n":2,"mode":"bus","angle":0,"op":"MPK Kraków — buses"},"geometry":{"type":"Point","coordinates":[19.860289,50.064872]}},{"type":"Feature","properties":{"text":"300","n":1,"mode":"bus","angle":0,"op":"MPK Kraków — buses"},"geometry":{"type":"Point","coordinates":[19.860289,50.064872]}},{"type":"Feature","properties":{"text":"146 209 219 229 239 269 279 609","n":8,"mode":"bus","angle":0,"op":"MPK Kraków — buses"},"geometry":{"type":"Point","coordinates":[19.860289,50.045483]}},{"type":"Feature","properties":{"text":"146 209 219 229 239 269 279","n":7,"mode":"bus","angle":0,"op":"MPK Kraków — buses"},"geometry":{"type":"Point","coordinates":[19.85205,50.045483]}},{"type":"Feature","properties":{"text":"104 254","n":2,"mode":"bus","angle":0,"op":"MPK Kraków — buses"},"geometry":{"type":"Point","coordinates":[19.926204,50.004942]}},{"type":"Feature","properties":{"text":"104 121 191","n":3,"mode":"bus","angle":0,"op":"MPK Kraków — buses"},"geometry":{"type":"Point","coordinates":[19.912472,50.008467]}},{"type":"Feature","properties":{"text":"204 293","n":2,"mode":"bus","angle":0,"op":"MPK Kraków — buses"},"geometry":{"type":"Point","coordinates":[19.909725,50.011992]}},{"type":"Feature","properties":{"text":"105 128 199 405 610","n":5,"mode":"bus","angle":0,"op":"MPK Kraków — buses"},"geometry":{"type":"Point","coordinates":[19.972893,50.094838]}},{"type":"Feature","properties":{"text":"128 250 260 270","n":4,"mode":"bus","angle":90,"op":"MPK Kraków — buses"},"geometry":{"type":"Point","coordinates":[19.97564,50.093075]}},{"type":"Feature","properties":{"text":"128","n":1,"mode":"bus","angle":0,"op":"MPK Kraków — buses"},"geometry":{"type":"Point","coordinates":[19.964654,50.0966]}},{"type":"Feature","properties":{"text":"132 139","n":2,"mode":"bus","angle":0,"op":"MPK Kraków — buses"},"geometry":{"type":"Point","coordinates":[19.964654,50.093075]}},{"type":"Feature","properties":{"text":"105 130 132 179 304 405 608 610 669 704 904","n":11,"mode":"bus","angle":90,"op":"mix"},"geometry":{"type":"Point","coordinates":[19.945429,50.075448]}},{"type":"Feature","properties":{"text":"3 69","n":2,"mode":"tram","angle":90,"op":"mix"},"geometry":{"type":"Point","coordinates":[19.945429,50.075448]}},{"type":"Feature","properties":{"text":"609 902","n":2,"mode":"bus","angle":0,"op":"MPK Kraków — buses"},"geometry":{"type":"Point","coordinates":[19.948175,50.073686]}},{"type":"Feature","properties":{"text":"174 179","n":2,"mode":"bus","angle":-90,"op":"MPK Kraków — buses"},"geometry":{"type":"Point","coordinates":[19.961908,50.020806]}},{"type":"Feature","properties":{"text":"904","n":1,"mode":"bus","angle":0,"op":"MPK Kraków — buses"},"geometry":{"type":"Point","coordinates":[19.972893,50.015518]}},{"type":"Feature","properties":{"text":"112 126 146 162 194 219 494 662","n":8,"mode":"bus","angle":0,"op":"mix"},"geometry":{"type":"Point","coordinates":[19.923457,50.045483]}},{"type":"Feature","properties":{"text":"18 22 52 62","n":4,"mode":"tram","angle":0,"op":"mix"},"geometry":{"type":"Point","coordinates":[19.923457,50.045483]}},{"type":"Feature","properties":{"text":"183","n":1,"mode":"bus","angle":0,"op":"MPK Kraków — buses"},"geometry":{"type":"Point","coordinates":[20.019583,50.057822]}},{"type":"Feature","properties":{"text":"174 662","n":2,"mode":"bus","angle":0,"op":"mix"},"geometry":{"type":"Point","coordinates":[20.008597,50.07016]}},{"type":"Feature","properties":{"text":"664","n":1,"mode":"bus","angle":0,"op":"mix"},"geometry":{"type":"Point","coordinates":[20.008597,50.075448]}},{"type":"Feature","properties":{"text":"5 9 10 52 74 75","n":6,"mode":"tram","angle":0,"op":"mix"},"geometry":{"type":"Point","coordinates":[20.008597,50.075448]}},{"type":"Feature","properties":{"text":"611","n":1,"mode":"bus","angle":-90,"op":"MPK Kraków — buses"},"geometry":{"type":"Point","coordinates":[20.005851,50.078974]}},{"type":"Feature","properties":{"text":"116","n":1,"mode":"bus","angle":0,"op":"MPK Kraków — buses"},"geometry":{"type":"Point","coordinates":[19.885007,50.015518]}},{"type":"Feature","properties":{"text":"116 156","n":2,"mode":"bus","angle":-90,"op":"MPK Kraków — buses"},"geometry":{"type":"Point","coordinates":[19.885007,50.019043]}},{"type":"Feature","properties":{"text":"156","n":1,"mode":"bus","angle":90,"op":"MPK Kraków — buses"},"geometry":{"type":"Point","coordinates":[19.885007,50.015518]}},{"type":"Feature","properties":{"text":"120 144 220 240 290 420 904","n":7,"mode":"bus","angle":-90,"op":"MPK Kraków — buses"},"geometry":{"type":"Point","coordinates":[19.920711,50.093075]}},{"type":"Feature","properties":{"text":"120 150 220 240 290 420","n":6,"mode":"bus","angle":0,"op":"MPK Kraków — buses"},"geometry":{"type":"Point","coordinates":[19.917964,50.094838]}},{"type":"Feature","properties":{"text":"144 904","n":2,"mode":"bus","angle":0,"op":"MPK Kraków — buses"},"geometry":{"type":"Point","coordinates":[19.926204,50.0966]}},{"type":"Feature","properties":{"text":"150","n":1,"mode":"bus","angle":0,"op":"MPK Kraków — buses"},"geometry":{"type":"Point","coordinates":[19.923457,50.094838]}},{"type":"Feature","properties":{"text":"120 173 200 210 230 238 248 258 268 278 288 310 572 611 910 948 LR0","n":17,"mode":"bus","angle":90,"op":"MPK Kraków — buses"},"geometry":{"type":"Point","coordinates":[19.8905,50.082499]}},{"type":"Feature","properties":{"text":"121","n":1,"mode":"bus","angle":-90,"op":"MPK Kraków — buses"},"geometry":{"type":"Point","coordinates":[19.915218,50.004942]}},{"type":"Feature","properties":{"text":"175 191 214 215 225 235 243 245 254 255 265 275 285 475 610 915","n":16,"mode":"bus","angle":90,"op":"MPK Kraków — buses"},"geometry":{"type":"Point","coordinates":[19.923457,50.008467]}},{"type":"Feature","properties":{"text":"151 915","n":2,"mode":"bus","angle":-90,"op":"MPK Kraków — buses"},"geometry":{"type":"Point","coordinates":[19.926204,50.013755]}},{"type":"Feature","properties":{"text":"610","n":1,"mode":"bus","angle":90,"op":"MPK Kraków — buses"},"geometry":{"type":"Point","coordinates":[19.926204,50.01023]}},{"type":"Feature","properties":{"text":"8 22 50","n":3,"mode":"tram","angle":-90,"op":"MPK Kraków — trams"},"geometry":{"type":"Point","coordinates":[19.926204,50.013755]}},{"type":"Feature","properties":{"text":"149 202 212 222 232 262","n":6,"mode":"bus","angle":0,"op":"MPK Kraków — buses"},"geometry":{"type":"Point","coordinates":[20.027822,50.082499]}},{"type":"Feature","properties":{"text":"138 160","n":2,"mode":"bus","angle":0,"op":"mix"},"geometry":{"type":"Point","coordinates":[20.025076,50.080736]}},{"type":"Feature","properties":{"text":"1 5","n":2,"mode":"tram","angle":0,"op":"mix"},"geometry":{"type":"Point","coordinates":[20.025076,50.080736]}},{"type":"Feature","properties":{"text":"189","n":1,"mode":"bus","angle":90,"op":"mix"},"geometry":{"type":"Point","coordinates":[20.019583,50.071923]}},{"type":"Feature","properties":{"text":"16 21","n":2,"mode":"tram","angle":90,"op":"mix"},"geometry":{"type":"Point","coordinates":[20.019583,50.071923]}},{"type":"Feature","properties":{"text":"502","n":1,"mode":"bus","angle":0,"op":"MPK Kraków — buses"},"geometry":{"type":"Point","coordinates":[20.005851,50.082499]}},{"type":"Feature","properties":{"text":"189 572 608","n":3,"mode":"bus","angle":0,"op":"MPK Kraków — buses"},"geometry":{"type":"Point","coordinates":[20.008597,50.080736]}},{"type":"Feature","properties":{"text":"163","n":1,"mode":"bus","angle":-90,"op":"MPK Kraków — buses"},"geometry":{"type":"Point","coordinates":[20.011344,50.084262]}},{"type":"Feature","properties":{"text":"123 132","n":2,"mode":"bus","angle":90,"op":"MPK Kraków — buses"},"geometry":{"type":"Point","coordinates":[20.027822,50.071923]}},{"type":"Feature","properties":{"text":"123 163 174 601","n":4,"mode":"bus","angle":90,"op":"MPK Kraków — buses"},"geometry":{"type":"Point","coordinates":[20.030569,50.066635]}},{"type":"Feature","properties":{"text":"149","n":1,"mode":"bus","angle":0,"op":"mix"},"geometry":{"type":"Point","coordinates":[20.033315,50.064872]}},{"type":"Feature","properties":{"text":"10 16","n":2,"mode":"tram","angle":0,"op":"mix"},"geometry":{"type":"Point","coordinates":[20.033315,50.064872]}},{"type":"Feature","properties":{"text":"158 221","n":2,"mode":"bus","angle":0,"op":"MPK Kraków — buses"},"geometry":{"type":"Point","coordinates":[20.030569,50.045483]}},{"type":"Feature","properties":{"text":"123 125 195 264 605","n":5,"mode":"bus","angle":0,"op":"MPK Kraków — buses"},"geometry":{"type":"Point","coordinates":[20.022329,50.041958]}},{"type":"Feature","properties":{"text":"125 163 195 605","n":4,"mode":"bus","angle":90,"op":"MPK Kraków — buses"},"geometry":{"type":"Point","coordinates":[20.025076,50.040195]}},{"type":"Feature","properties":{"text":"123 125 195 221 264","n":5,"mode":"bus","angle":0,"op":"MPK Kraków — buses"},"geometry":{"type":"Point","coordinates":[20.011344,50.03667]}},{"type":"Feature","properties":{"text":"125 128 148 158 605","n":5,"mode":"bus","angle":0,"op":"mix"},"geometry":{"type":"Point","coordinates":[20.003104,50.038432]}},{"type":"Feature","properties":{"text":"11 20 76","n":3,"mode":"tram","angle":0,"op":"mix"},"geometry":{"type":"Point","coordinates":[20.003104,50.038432]}},{"type":"Feature","properties":{"text":"128 158 605","n":3,"mode":"bus","angle":0,"op":"MPK Kraków — buses"},"geometry":{"type":"Point","coordinates":[20.000358,50.040195]}},{"type":"Feature","properties":{"text":"132 139 182 601","n":4,"mode":"bus","angle":0,"op":"mix"},"geometry":{"type":"Point","coordinates":[20.000358,50.08955]}},{"type":"Feature","properties":{"text":"14 16","n":2,"mode":"tram","angle":0,"op":"mix"},"geometry":{"type":"Point","coordinates":[20.000358,50.08955]}},{"type":"Feature","properties":{"text":"134 192 300 902","n":4,"mode":"bus","angle":0,"op":"MPK Kraków — buses"},"geometry":{"type":"Point","coordinates":[19.917964,50.061347]}},{"type":"Feature","properties":{"text":"125 163 605","n":3,"mode":"bus","angle":-90,"op":"MPK Kraków — buses"},"geometry":{"type":"Point","coordinates":[20.027822,50.031382]}},{"type":"Feature","properties":{"text":"125","n":1,"mode":"bus","angle":-90,"op":"MPK Kraków — buses"},"geometry":{"type":"Point","coordinates":[20.027822,50.034907]}},{"type":"Feature","properties":{"text":"127 148","n":2,"mode":"bus","angle":-90,"op":"MPK Kraków — buses"},"geometry":{"type":"Point","coordinates":[20.000358,50.040195]}},{"type":"Feature","properties":{"text":"125 605","n":2,"mode":"bus","angle":-90,"op":"MPK Kraków — buses"},"geometry":{"type":"Point","coordinates":[19.992119,50.038432]}},{"type":"Feature","properties":{"text":"127","n":1,"mode":"bus","angle":0,"op":"MPK Kraków — buses"},"geometry":{"type":"Point","coordinates":[19.992119,50.041958]}},{"type":"Feature","properties":{"text":"125 182 189 482","n":4,"mode":"bus","angle":0,"op":"MPK Kraków — buses"},"geometry":{"type":"Point","coordinates":[19.953668,50.073686]}},{"type":"Feature","properties":{"text":"126","n":1,"mode":"bus","angle":0,"op":"MPK Kraków — buses"},"geometry":{"type":"Point","coordinates":[19.876768,50.049008]}},{"type":"Feature","properties":{"text":"132 138 139 182 189 482 601 611","n":8,"mode":"bus","angle":0,"op":"MPK Kraków — buses"},"geometry":{"type":"Point","coordinates":[19.978386,50.091312]}},{"type":"Feature","properties":{"text":"132 139 572","n":3,"mode":"bus","angle":0,"op":"MPK Kraków — buses"},"geometry":{"type":"Point","coordinates":[19.972893,50.091312]}},{"type":"Feature","properties":{"text":"132 139","n":2,"mode":"bus","angle":0,"op":"MPK Kraków — buses"},"geometry":{"type":"Point","coordinates":[19.972893,50.091312]}},{"type":"Feature","properties":{"text":"132 138 139 182 189 482 572 601 611","n":9,"mode":"bus","angle":0,"op":"MPK Kraków — buses"},"geometry":{"type":"Point","coordinates":[19.978386,50.091312]}},{"type":"Feature","properties":{"text":"128 137 169 307 503 669","n":6,"mode":"bus","angle":-90,"op":"MPK Kraków — buses"},"geometry":{"type":"Point","coordinates":[19.961908,50.098363]}},{"type":"Feature","properties":{"text":"169 307 469 503","n":4,"mode":"bus","angle":-90,"op":"MPK Kraków — buses"},"geometry":{"type":"Point","coordinates":[19.961908,50.101888]}},{"type":"Feature","properties":{"text":"217 247 257 277 280 297 307 917","n":8,"mode":"bus","angle":-90,"op":"MPK Kraków — buses"},"geometry":{"type":"Point","coordinates":[19.961908,50.105414]}},{"type":"Feature","properties":{"text":"130 138 168 494 904","n":5,"mode":"bus","angle":0,"op":"MPK Kraków — buses"},"geometry":{"type":"Point","coordinates":[19.909725,50.087787]}},{"type":"Feature","properties":{"text":"132 139 149 174 601","n":5,"mode":"bus","angle":0,"op":"MPK Kraków — buses"},"geometry":{"type":"Point","coordinates":[20.036062,50.071923]}},{"type":"Feature","properties":{"text":"149","n":1,"mode":"bus","angle":0,"op":"mix"},"geometry":{"type":"Point","coordinates":[20.033315,50.07016]}},{"type":"Feature","properties":{"text":"21 22 74 75","n":4,"mode":"tram","angle":0,"op":"mix"},"geometry":{"type":"Point","coordinates":[20.033315,50.07016]}},{"type":"Feature","properties":{"text":"160","n":1,"mode":"bus","angle":0,"op":"MPK Kraków — buses"},"geometry":{"type":"Point","coordinates":[20.036062,50.080736]}},{"type":"Feature","properties":{"text":"139 144 164 173 194 199 310 494 601 611 LR0","n":11,"mode":"bus","angle":0,"op":"MPK Kraków — buses"},"geometry":{"type":"Point","coordinates":[19.909725,50.071923]}},{"type":"Feature","properties":{"text":"139 144 164 173 194 199 494 601 611","n":9,"mode":"bus","angle":0,"op":"MPK Kraków — buses"},"geometry":{"type":"Point","coordinates":[19.906979,50.073686]}},{"type":"Feature","properties":{"text":"153 163 173 195 244 274 669","n":7,"mode":"bus","angle":0,"op":"mix"},"geometry":{"type":"Point","coordinates":[20.000358,50.020806]}},{"type":"Feature","properties":{"text":"3 9 13 49 69","n":5,"mode":"tram","angle":0,"op":"mix"},"geometry":{"type":"Point","coordinates":[20.000358,50.020806]}},{"type":"Feature","properties":{"text":"669","n":1,"mode":"bus","angle":-90,"op":"mix"},"geometry":{"type":"Point","coordinates":[19.983879,50.022568]}},{"type":"Feature","properties":{"text":"3 9 11 13 49 50 69 74","n":8,"mode":"tram","angle":-90,"op":"mix"},"geometry":{"type":"Point","coordinates":[19.983879,50.022568]}},{"type":"Feature","properties":{"text":"21","n":1,"mode":"tram","angle":-90,"op":"MPK Kraków — trams"},"geometry":{"type":"Point","coordinates":[20.038808,50.064872]}},{"type":"Feature","properties":{"text":"153 163 195 669","n":4,"mode":"bus","angle":0,"op":"mix"},"geometry":{"type":"Point","coordinates":[20.005851,50.020806]}},{"type":"Feature","properties":{"text":"284","n":1,"mode":"bus","angle":90,"op":"MPK Kraków — buses"},"geometry":{"type":"Point","coordinates":[20.025076,50.019043]}},{"type":"Feature","properties":{"text":"155 214 215 225 254 265 915","n":7,"mode":"bus","angle":0,"op":"MPK Kraków — buses"},"geometry":{"type":"Point","coordinates":[19.942682,50.003179]}},{"type":"Feature","properties":{"text":"175 233 475 610","n":4,"mode":"bus","angle":90,"op":"MPK Kraków — buses"},"geometry":{"type":"Point","coordinates":[19.893246,50.001416]}},{"type":"Feature","properties":{"text":"200 210 230 310 910","n":5,"mode":"bus","angle":-90,"op":"MPK Kraków — buses"},"geometry":{"type":"Point","coordinates":[19.895993,50.093075]}},{"type":"Feature","properties":{"text":"18 50 69 75","n":4,"mode":"tram","angle":0,"op":"MPK Kraków — trams"},"geometry":{"type":"Point","coordinates":[19.950922,50.0966]}},{"type":"Feature","properties":{"text":"503","n":1,"mode":"bus","angle":90,"op":"MPK Kraków — buses"},"geometry":{"type":"Point","coordinates":[20.005851,50.01728]}},{"type":"Feature","properties":{"text":"235 245 255 275 285","n":5,"mode":"bus","angle":90,"op":"MPK Kraków — buses"},"geometry":{"type":"Point","coordinates":[19.920711,49.999654]}},{"type":"Feature","properties":{"text":"183 664","n":2,"mode":"bus","angle":0,"op":"mix"},"geometry":{"type":"Point","coordinates":[20.003104,50.075448]}},{"type":"Feature","properties":{"text":"202 222 232","n":3,"mode":"bus","angle":90,"op":"MPK Kraków — buses"},"geometry":{"type":"Point","coordinates":[20.041555,50.101888]}},{"type":"Feature","properties":{"text":"203 223 243 283 293 903","n":6,"mode":"bus","angle":90,"op":"MPK Kraków — buses"},"geometry":{"type":"Point","coordinates":[19.871275,49.999654]}},{"type":"Feature","properties":{"text":"233","n":1,"mode":"bus","angle":90,"op":"MPK Kraków — buses"},"geometry":{"type":"Point","coordinates":[19.876768,50.001416]}},{"type":"Feature","properties":{"text":"203 223 233 235","n":4,"mode":"bus","angle":0,"op":"MPK Kraków — buses"},"geometry":{"type":"Point","coordinates":[19.868528,50.004942]}},{"type":"Feature","properties":{"text":"203 223 235","n":3,"mode":"bus","angle":0,"op":"MPK Kraków — buses"},"geometry":{"type":"Point","coordinates":[19.863035,50.004942]}},{"type":"Feature","properties":{"text":"223 235","n":2,"mode":"bus","angle":0,"op":"MPK Kraków — buses"},"geometry":{"type":"Point","coordinates":[19.857543,50.004942]}},{"type":"Feature","properties":{"text":"235 243","n":2,"mode":"bus","angle":0,"op":"MPK Kraków — buses"},"geometry":{"type":"Point","coordinates":[19.876768,50.003179]}},{"type":"Feature","properties":{"text":"243","n":1,"mode":"bus","angle":0,"op":"MPK Kraków — buses"},"geometry":{"type":"Point","coordinates":[19.876768,50.003179]}},{"type":"Feature","properties":{"text":"D2","n":1,"mode":"bus","angle":90,"op":"Wielicka Spółka Transportowa"},"geometry":{"type":"Point","coordinates":[20.025076,50.011992]}},{"type":"Feature","properties":{"text":"204 301 904","n":3,"mode":"bus","angle":0,"op":"MPK Kraków — buses"},"geometry":{"type":"Point","coordinates":[20.01409,50.013755]}},{"type":"Feature","properties":{"text":"B2 D2 G4 W2","n":4,"mode":"bus","angle":90,"op":"Wielicka Spółka Transportowa"},"geometry":{"type":"Point","coordinates":[20.016837,50.011992]}},{"type":"Feature","properties":{"text":"G3","n":1,"mode":"bus","angle":90,"op":"Wielicka Spółka Transportowa"},"geometry":{"type":"Point","coordinates":[20.011344,50.008467]}},{"type":"Feature","properties":{"text":"207 227 267 337 937","n":5,"mode":"bus","angle":90,"op":"MPK Kraków — buses"},"geometry":{"type":"Point","coordinates":[19.923457,50.108939]}},{"type":"Feature","properties":{"text":"227 267 337 937","n":4,"mode":"bus","angle":90,"op":"MPK Kraków — buses"},"geometry":{"type":"Point","coordinates":[19.923457,50.105414]}},{"type":"Feature","properties":{"text":"211 221 301","n":3,"mode":"bus","angle":90,"op":"MPK Kraków — buses"},"geometry":{"type":"Point","coordinates":[20.082751,50.045483]}},{"type":"Feature","properties":{"text":"217 247 297","n":3,"mode":"bus","angle":0,"op":"MPK Kraków — buses"},"geometry":{"type":"Point","coordinates":[19.964654,50.107176]}},{"type":"Feature","properties":{"text":"219 239 279","n":3,"mode":"bus","angle":90,"op":"MPK Kraków — buses"},"geometry":{"type":"Point","coordinates":[19.846557,50.01728]}},{"type":"Feature","properties":{"text":"221 264 B2","n":3,"mode":"bus","angle":0,"op":"mix"},"geometry":{"type":"Point","coordinates":[20.063526,50.045483]}},{"type":"Feature","properties":{"text":"224","n":1,"mode":"bus","angle":0,"op":"MPK Kraków — buses"},"geometry":{"type":"Point","coordinates":[20.016837,50.011992]}},{"type":"Feature","properties":{"text":"224 J1","n":2,"mode":"bus","angle":0,"op":"mix"},"geometry":{"type":"Point","coordinates":[20.01409,50.003179]}},{"type":"Feature","properties":{"text":"224 G3 J1","n":3,"mode":"bus","angle":-90,"op":"mix"},"geometry":{"type":"Point","coordinates":[20.011344,50.004942]}},{"type":"Feature","properties":{"text":"224","n":1,"mode":"bus","angle":0,"op":"MPK Kraków — buses"},"geometry":{"type":"Point","coordinates":[20.005851,50.006704]}},{"type":"Feature","properties":{"text":"244","n":1,"mode":"bus","angle":0,"op":"MPK Kraków — buses"},"geometry":{"type":"Point","coordinates":[20.005851,50.006704]}},{"type":"Feature","properties":{"text":"224","n":1,"mode":"bus","angle":-90,"op":"MPK Kraków — buses"},"geometry":{"type":"Point","coordinates":[20.019583,50.008467]}},{"type":"Feature","properties":{"text":"285","n":1,"mode":"bus","angle":-90,"op":"MPK Kraków — buses"},"geometry":{"type":"Point","coordinates":[19.964654,49.987315]}},{"type":"Feature","properties":{"text":"227 267 937","n":3,"mode":"bus","angle":-90,"op":"MPK Kraków — buses"},"geometry":{"type":"Point","coordinates":[19.923457,50.101888]}},{"type":"Feature","properties":{"text":"337","n":1,"mode":"bus","angle":-90,"op":"MPK Kraków — buses"},"geometry":{"type":"Point","coordinates":[19.923457,50.101888]}},{"type":"Feature","properties":{"text":"234 Z1","n":2,"mode":"bus","angle":0,"op":"mix"},"geometry":{"type":"Point","coordinates":[20.049794,50.027856]}},{"type":"Feature","properties":{"text":"234 B2","n":2,"mode":"bus","angle":0,"op":"mix"},"geometry":{"type":"Point","coordinates":[20.041555,50.026094]}},{"type":"Feature","properties":{"text":"238 248 258 948","n":4,"mode":"bus","angle":0,"op":"MPK Kraków — buses"},"geometry":{"type":"Point","coordinates":[19.860289,50.091312]}},{"type":"Feature","properties":{"text":"239 259","n":2,"mode":"bus","angle":-90,"op":"MPK Kraków — buses"},"geometry":{"type":"Point","coordinates":[19.838317,50.026094]}},{"type":"Feature","properties":{"text":"259","n":1,"mode":"bus","angle":-90,"op":"MPK Kraków — buses"},"geometry":{"type":"Point","coordinates":[19.838317,50.029619]}},{"type":"Feature","properties":{"text":"244 P2","n":2,"mode":"bus","angle":-90,"op":"mix"},"geometry":{"type":"Point","coordinates":[19.997611,50.006704]}},{"type":"Feature","properties":{"text":"249 269","n":2,"mode":"bus","angle":0,"op":"MPK Kraków — buses"},"geometry":{"type":"Point","coordinates":[19.821839,50.045483]}},{"type":"Feature","properties":{"text":"269","n":1,"mode":"bus","angle":0,"op":"MPK Kraków — buses"},"geometry":{"type":"Point","coordinates":[19.813599,50.047246]}},{"type":"Feature","properties":{"text":"274 Z1","n":2,"mode":"bus","angle":0,"op":"mix"},"geometry":{"type":"Point","coordinates":[20.038808,50.004942]}},{"type":"Feature","properties":{"text":"L1","n":1,"mode":"bus","angle":0,"op":"Wielicka Spółka Transportowa"},"geometry":{"type":"Point","coordinates":[20.033315,50.004942]}},{"type":"Feature","properties":{"text":"301 W2","n":2,"mode":"bus","angle":0,"op":"mix"},"geometry":{"type":"Point","coordinates":[20.041555,50.020806]}},{"type":"Feature","properties":{"text":"608 915","n":2,"mode":"bus","angle":90,"op":"mix"},"geometry":{"type":"Point","coordinates":[19.931697,50.020806]}},{"type":"Feature","properties":{"text":"8 10 11 22","n":4,"mode":"tram","angle":90,"op":"mix"},"geometry":{"type":"Point","coordinates":[19.931697,50.020806]}},{"type":"Feature","properties":{"text":"609","n":1,"mode":"bus","angle":0,"op":"mix"},"geometry":{"type":"Point","coordinates":[19.931697,50.061347]}},{"type":"Feature","properties":{"text":"1 8 13 77","n":4,"mode":"tram","angle":0,"op":"mix"},"geometry":{"type":"Point","coordinates":[19.931697,50.061347]}},{"type":"Feature","properties":{"text":"J1 R2","n":2,"mode":"bus","angle":90,"op":"Wielicka Spółka Transportowa"},"geometry":{"type":"Point","coordinates":[20.005851,49.996128]}},{"type":"Feature","properties":{"text":"247 280","n":2,"mode":"bus","angle":0,"op":"MPK Kraków — buses"},"geometry":{"type":"Point","coordinates":[19.956415,50.108939]}},{"type":"Feature","properties":{"text":"608 609 610 669 704 902 904","n":7,"mode":"bus","angle":90,"op":"mix"},"geometry":{"type":"Point","coordinates":[19.942682,50.07016]}},{"type":"Feature","properties":{"text":"3 69","n":2,"mode":"tram","angle":90,"op":"mix"},"geometry":{"type":"Point","coordinates":[19.942682,50.07016]}},{"type":"Feature","properties":{"text":"601","n":1,"mode":"bus","angle":90,"op":"MPK Kraków — buses"},"geometry":{"type":"Point","coordinates":[20.022329,50.07016]}},{"type":"Feature","properties":{"text":"125","n":1,"mode":"bus","angle":0,"op":"mix"},"geometry":{"type":"Point","coordinates":[19.994865,50.03667]}},{"type":"Feature","properties":{"text":"11 20 76","n":3,"mode":"tram","angle":0,"op":"mix"},"geometry":{"type":"Point","coordinates":[19.994865,50.03667]}},{"type":"Feature","properties":{"text":"608","n":1,"mode":"bus","angle":0,"op":"MPK Kraków — buses"},"geometry":{"type":"Point","coordinates":[19.970147,50.087787]}},{"type":"Feature","properties":{"text":"204","n":1,"mode":"bus","angle":0,"op":"MPK Kraków — buses"},"geometry":{"type":"Point","coordinates":[19.997611,50.01728]}},{"type":"Feature","properties":{"text":"137 138 207 513","n":4,"mode":"bus","angle":0,"op":"MPK Kraków — buses"},"geometry":{"type":"Point","coordinates":[19.934443,50.093075]}},{"type":"Feature","properties":{"text":"191","n":1,"mode":"bus","angle":0,"op":"MPK Kraków — buses"},"geometry":{"type":"Point","coordinates":[19.920711,50.006704]}},{"type":"Feature","properties":{"text":"168 200 210 230 310 611 910","n":7,"mode":"bus","angle":-90,"op":"MPK Kraków — buses"},"geometry":{"type":"Point","coordinates":[19.893246,50.087787]}},{"type":"Feature","properties":{"text":"149","n":1,"mode":"bus","angle":-90,"op":"MPK Kraków — buses"},"geometry":{"type":"Point","coordinates":[20.027822,50.087787]}},{"type":"Feature","properties":{"text":"180","n":1,"mode":"bus","angle":-90,"op":"MPK Kraków — buses"},"geometry":{"type":"Point","coordinates":[20.025076,50.086024]}},{"type":"Feature","properties":{"text":"124 139 169 179 192 199 424 469 601 608 611 664 704 902","n":14,"mode":"bus","angle":0,"op":"MPK Kraków — buses"},"geometry":{"type":"Point","coordinates":[19.920711,50.075448]}},{"type":"Feature","properties":{"text":"LR0","n":1,"mode":"bus","angle":0,"op":"MPK Kraków — buses"},"geometry":{"type":"Point","coordinates":[19.893246,50.110702]}},{"type":"Feature","properties":{"text":"209 228 258 298","n":4,"mode":"bus","angle":0,"op":"MPK Kraków — buses"},"geometry":{"type":"Point","coordinates":[19.84381,50.073686]}},{"type":"Feature","properties":{"text":"275 285","n":2,"mode":"bus","angle":-90,"op":"MPK Kraków — buses"},"geometry":{"type":"Point","coordinates":[19.906979,49.989078]}},{"type":"Feature","properties":{"text":"128 182 189 482 601 611","n":6,"mode":"bus","angle":-45,"op":"MPK Kraków — buses"},"geometry":{"type":"Point","coordinates":[19.974267,50.090431]}},{"type":"Feature","properties":{"text":"227 267 337 513 669 937","n":6,"mode":"bus","angle":45,"op":"mix"},"geometry":{"type":"Point","coordinates":[19.930323,50.093956]}},{"type":"Feature","properties":{"text":"18 50 69 75","n":4,"mode":"tram","angle":45,"op":"mix"},"geometry":{"type":"Point","coordinates":[19.930323,50.093956]}},{"type":"Feature","properties":{"text":"155 254","n":2,"mode":"bus","angle":45,"op":"MPK Kraków — buses"},"geometry":{"type":"Point","coordinates":[19.930323,50.00406]}},{"type":"Feature","properties":{"text":"513","n":1,"mode":"bus","angle":-45,"op":"MPK Kraków — buses"},"geometry":{"type":"Point","coordinates":[19.935816,50.090431]}},{"type":"Feature","properties":{"text":"123 132 139 182 601","n":5,"mode":"bus","angle":45,"op":"mix"},"geometry":{"type":"Point","coordinates":[19.993492,50.090431]}},{"type":"Feature","properties":{"text":"14 16","n":2,"mode":"tram","angle":45,"op":"mix"},"geometry":{"type":"Point","coordinates":[19.993492,50.090431]}},{"type":"Feature","properties":{"text":"168","n":1,"mode":"bus","angle":45,"op":"MPK Kraków — buses"},"geometry":{"type":"Point","coordinates":[19.905605,50.090431]}},{"type":"Feature","properties":{"text":"182","n":1,"mode":"bus","angle":-45,"op":"MPK Kraków — buses"},"geometry":{"type":"Point","coordinates":[20.004478,50.090431]}},{"type":"Feature","properties":{"text":"151","n":1,"mode":"bus","angle":-45,"op":"MPK Kraków — buses"},"geometry":{"type":"Point","coordinates":[19.916591,50.014636]}},{"type":"Feature","properties":{"text":"238 258","n":2,"mode":"bus","angle":-45,"op":"MPK Kraków — buses"},"geometry":{"type":"Point","coordinates":[19.858916,50.090431]}},{"type":"Feature","properties":{"text":"238 258 948","n":3,"mode":"bus","angle":-45,"op":"MPK Kraków — buses"},"geometry":{"type":"Point","coordinates":[19.867155,50.090431]}},{"type":"Feature","properties":{"text":"122 502 572","n":3,"mode":"bus","angle":45,"op":"MPK Kraków — buses"},"geometry":{"type":"Point","coordinates":[20.020956,50.072804]}},{"type":"Feature","properties":{"text":"124 182 189 424 482 601 611","n":7,"mode":"bus","angle":-45,"op":"MPK Kraków — buses"},"geometry":{"type":"Point","coordinates":[19.974267,50.085143]}},{"type":"Feature","properties":{"text":"138 601","n":2,"mode":"bus","angle":45,"op":"mix"},"geometry":{"type":"Point","coordinates":[20.037435,50.072804]}},{"type":"Feature","properties":{"text":"74","n":1,"mode":"tram","angle":45,"op":"mix"},"geometry":{"type":"Point","coordinates":[20.037435,50.072804]}},{"type":"Feature","properties":{"text":"8 10 13 18 76","n":5,"mode":"tram","angle":45,"op":"MPK Kraków — trams"},"geometry":{"type":"Point","coordinates":[19.938563,50.051652]}},{"type":"Feature","properties":{"text":"137 307 317 503","n":4,"mode":"bus","angle":-45,"op":"MPK Kraków — buses"},"geometry":{"type":"Point","coordinates":[19.960534,50.095719]}},{"type":"Feature","properties":{"text":"120 420","n":2,"mode":"bus","angle":45,"op":"MPK Kraków — buses"},"geometry":{"type":"Point","coordinates":[19.922084,50.088668]}},{"type":"Feature","properties":{"text":"102 134 192 902","n":4,"mode":"bus","angle":45,"op":"MPK Kraków — buses"},"geometry":{"type":"Point","coordinates":[19.88638,50.060466]}},{"type":"Feature","properties":{"text":"102 126 192 300 902","n":5,"mode":"bus","angle":45,"op":"MPK Kraków — buses"},"geometry":{"type":"Point","coordinates":[19.878141,50.065754]}},{"type":"Feature","properties":{"text":"121 191","n":2,"mode":"bus","angle":45,"op":"MPK Kraków — buses"},"geometry":{"type":"Point","coordinates":[19.911098,50.007586]}},{"type":"Feature","properties":{"text":"104 151 194 494 608","n":5,"mode":"bus","angle":-45,"op":"MPK Kraków — buses"},"geometry":{"type":"Point","coordinates":[19.908352,50.009348]}},{"type":"Feature","properties":{"text":"104 194 494 608","n":4,"mode":"bus","angle":45,"op":"MPK Kraków — buses"},"geometry":{"type":"Point","coordinates":[19.908352,50.011111]}},{"type":"Feature","properties":{"text":"121 151","n":2,"mode":"bus","angle":-45,"op":"MPK Kraków — buses"},"geometry":{"type":"Point","coordinates":[19.911098,50.011111]}},{"type":"Feature","properties":{"text":"260 270","n":2,"mode":"bus","angle":45,"op":"MPK Kraków — buses"},"geometry":{"type":"Point","coordinates":[19.998985,50.097482]}},{"type":"Feature","properties":{"text":"250","n":1,"mode":"bus","angle":-45,"op":"MPK Kraków — buses"},"geometry":{"type":"Point","coordinates":[19.977013,50.097482]}},{"type":"Feature","properties":{"text":"105 132 139 169 199 405 469 608 610","n":9,"mode":"bus","angle":-45,"op":"MPK Kraków — buses"},"geometry":{"type":"Point","coordinates":[19.949549,50.085143]}},{"type":"Feature","properties":{"text":"107 155 164 469 610","n":5,"mode":"bus","angle":45,"op":"MPK Kraków — buses"},"geometry":{"type":"Point","coordinates":[19.963281,50.016399]}},{"type":"Feature","properties":{"text":"107 155 164 169 610","n":5,"mode":"bus","angle":45,"op":"MPK Kraków — buses"},"geometry":{"type":"Point","coordinates":[19.963281,50.014636]}},{"type":"Feature","properties":{"text":"107 469","n":2,"mode":"bus","angle":45,"op":"MPK Kraków — buses"},"geometry":{"type":"Point","coordinates":[19.966027,50.014636]}},{"type":"Feature","properties":{"text":"162 176 476","n":3,"mode":"bus","angle":-45,"op":"MPK Kraków — buses"},"geometry":{"type":"Point","coordinates":[19.869902,50.032263]}},{"type":"Feature","properties":{"text":"113 183","n":2,"mode":"bus","angle":-45,"op":"MPK Kraków — buses"},"geometry":{"type":"Point","coordinates":[20.01821,50.058703]}},{"type":"Feature","properties":{"text":"113 148 202 212 222 232 262","n":7,"mode":"bus","angle":45,"op":"MPK Kraków — buses"},"geometry":{"type":"Point","coordinates":[20.00997,50.07633]}},{"type":"Feature","properties":{"text":"202 212 222 232 262","n":5,"mode":"bus","angle":-45,"op":"MPK Kraków — buses"},"geometry":{"type":"Point","coordinates":[20.012717,50.07633]}},{"type":"Feature","properties":{"text":"1 5 9 14 52","n":5,"mode":"tram","angle":-45,"op":"mix"},"geometry":{"type":"Point","coordinates":[20.012717,50.07633]}},{"type":"Feature","properties":{"text":"18 20 75","n":3,"mode":"tram","angle":-45,"op":"MPK Kraków — trams"},"geometry":{"type":"Point","coordinates":[19.935816,50.08338]}},{"type":"Feature","properties":{"text":"220 240 290","n":3,"mode":"bus","angle":45,"op":"MPK Kraków — buses"},"geometry":{"type":"Point","coordinates":[19.922084,50.093956]}},{"type":"Feature","properties":{"text":"120 220 240 290 420","n":5,"mode":"bus","angle":45,"op":"MPK Kraków — buses"},"geometry":{"type":"Point","coordinates":[19.913845,50.095719]}},{"type":"Feature","properties":{"text":"240","n":1,"mode":"bus","angle":-45,"op":"MPK Kraków — buses"},"geometry":{"type":"Point","coordinates":[19.908352,50.10277]}},{"type":"Feature","properties":{"text":"121 175 191 204 214 215 225 235 243 245 254 255 265 275 285 293 475 610 915","n":19,"mode":"bus","angle":-45,"op":"MPK Kraków — buses"},"geometry":{"type":"Point","coordinates":[19.924831,50.011111]}},{"type":"Feature","properties":{"text":"202 212 222 232 262","n":5,"mode":"bus","angle":-45,"op":"MPK Kraków — buses"},"geometry":{"type":"Point","coordinates":[20.031942,50.092194]}},{"type":"Feature","properties":{"text":"180","n":1,"mode":"bus","angle":-45,"op":"MPK Kraków — buses"},"geometry":{"type":"Point","coordinates":[20.031942,50.085143]}},{"type":"Feature","properties":{"text":"1 5 74","n":3,"mode":"tram","angle":-45,"op":"MPK Kraków — trams"},"geometry":{"type":"Point","coordinates":[20.029196,50.081618]}},{"type":"Feature","properties":{"text":"122 601 608","n":3,"mode":"bus","angle":-45,"op":"MPK Kraków — buses"},"geometry":{"type":"Point","coordinates":[20.01821,50.085143]}},{"type":"Feature","properties":{"text":"122 160 202 212 222 232 262 608","n":8,"mode":"bus","angle":-45,"op":"mix"},"geometry":{"type":"Point","coordinates":[20.01821,50.079855]}},{"type":"Feature","properties":{"text":"1 5","n":2,"mode":"tram","angle":-45,"op":"mix"},"geometry":{"type":"Point","coordinates":[20.01821,50.079855]}},{"type":"Feature","properties":{"text":"122 202 212 222 232 262 608","n":7,"mode":"bus","angle":-45,"op":"mix"},"geometry":{"type":"Point","coordinates":[20.015463,50.078092]}},{"type":"Feature","properties":{"text":"189 572 608 664","n":4,"mode":"bus","angle":45,"op":"mix"},"geometry":{"type":"Point","coordinates":[20.012717,50.078092]}},{"type":"Feature","properties":{"text":"9 14 16 21 52","n":5,"mode":"tram","angle":45,"op":"mix"},"geometry":{"type":"Point","coordinates":[20.012717,50.078092]}},{"type":"Feature","properties":{"text":"123","n":1,"mode":"bus","angle":-45,"op":"MPK Kraków — buses"},"geometry":{"type":"Point","coordinates":[19.998985,50.085143]}},{"type":"Feature","properties":{"text":"123 189 502 608 611","n":5,"mode":"bus","angle":45,"op":"MPK Kraków — buses"},"geometry":{"type":"Point","coordinates":[19.998985,50.08338]}},{"type":"Feature","properties":{"text":"138 183 189 572 608 611","n":6,"mode":"bus","angle":45,"op":"MPK Kraków — buses"},"geometry":{"type":"Point","coordinates":[19.993492,50.085143]}},{"type":"Feature","properties":{"text":"123 189 608 611","n":4,"mode":"bus","angle":45,"op":"MPK Kraków — buses"},"geometry":{"type":"Point","coordinates":[20.004478,50.081618]}},{"type":"Feature","properties":{"text":"123 601","n":2,"mode":"bus","angle":45,"op":"MPK Kraków — buses"},"geometry":{"type":"Point","coordinates":[20.029196,50.069279]}},{"type":"Feature","properties":{"text":"123 163 601","n":3,"mode":"bus","angle":45,"op":"MPK Kraków — buses"},"geometry":{"type":"Point","coordinates":[20.029196,50.069279]}},{"type":"Feature","properties":{"text":"149","n":1,"mode":"bus","angle":-45,"op":"mix"},"geometry":{"type":"Point","coordinates":[20.026449,50.069279]}},{"type":"Feature","properties":{"text":"21 22 74 75","n":4,"mode":"tram","angle":-45,"op":"mix"},"geometry":{"type":"Point","coordinates":[20.026449,50.069279]}},{"type":"Feature","properties":{"text":"123 163","n":2,"mode":"bus","angle":45,"op":"MPK Kraków — buses"},"geometry":{"type":"Point","coordinates":[20.031942,50.067516]}},{"type":"Feature","properties":{"text":"123 163 174","n":3,"mode":"bus","angle":-45,"op":"MPK Kraków — buses"},"geometry":{"type":"Point","coordinates":[20.031942,50.065754]}},{"type":"Feature","properties":{"text":"123 163","n":2,"mode":"bus","angle":-45,"op":"MPK Kraków — buses"},"geometry":{"type":"Point","coordinates":[20.026449,50.044602]}},{"type":"Feature","properties":{"text":"123 158 605","n":3,"mode":"bus","angle":-45,"op":"MPK Kraków — buses"},"geometry":{"type":"Point","coordinates":[20.012717,50.035788]}},{"type":"Feature","properties":{"text":"123 125 128 148 158 195 221 264 605","n":9,"mode":"bus","angle":45,"op":"MPK Kraków — buses"},"geometry":{"type":"Point","coordinates":[20.007224,50.037551]}},{"type":"Feature","properties":{"text":"123 128 148 158 605","n":5,"mode":"bus","angle":45,"op":"MPK Kraków — buses"},"geometry":{"type":"Point","coordinates":[20.00997,50.035788]}},{"type":"Feature","properties":{"text":"174","n":1,"mode":"bus","angle":45,"op":"MPK Kraków — buses"},"geometry":{"type":"Point","coordinates":[20.031942,50.069279]}},{"type":"Feature","properties":{"text":"125 163 605","n":3,"mode":"bus","angle":45,"op":"MPK Kraków — buses"},"geometry":{"type":"Point","coordinates":[20.026449,50.037551]}},{"type":"Feature","properties":{"text":"134","n":1,"mode":"bus","angle":-45,"op":"MPK Kraków — buses"},"geometry":{"type":"Point","coordinates":[19.872648,50.058703]}},{"type":"Feature","properties":{"text":"137 169 469 503","n":4,"mode":"bus","angle":-45,"op":"MPK Kraków — buses"},"geometry":{"type":"Point","coordinates":[19.963281,50.097482]}},{"type":"Feature","properties":{"text":"140 168 173","n":3,"mode":"bus","angle":45,"op":"MPK Kraków — buses"},"geometry":{"type":"Point","coordinates":[19.905605,50.088668]}},{"type":"Feature","properties":{"text":"139 160 163 601","n":4,"mode":"bus","angle":45,"op":"MPK Kraków — buses"},"geometry":{"type":"Point","coordinates":[20.023703,50.074567]}},{"type":"Feature","properties":{"text":"169 207 469","n":3,"mode":"bus","angle":-45,"op":"MPK Kraków — buses"},"geometry":{"type":"Point","coordinates":[19.946802,50.093956]}},{"type":"Feature","properties":{"text":"138","n":1,"mode":"bus","angle":45,"op":"MPK Kraków — buses"},"geometry":{"type":"Point","coordinates":[20.034688,50.078092]}},{"type":"Feature","properties":{"text":"138 182","n":2,"mode":"bus","angle":45,"op":"MPK Kraków — buses"},"geometry":{"type":"Point","coordinates":[20.012717,50.088668]}},{"type":"Feature","properties":{"text":"144 195 224 244 274 301 304 503","n":8,"mode":"bus","angle":45,"op":"MPK Kraków — buses"},"geometry":{"type":"Point","coordinates":[19.998985,50.018162]}},{"type":"Feature","properties":{"text":"204 224 244 274 301 304 503","n":7,"mode":"bus","angle":45,"op":"MPK Kraków — buses"},"geometry":{"type":"Point","coordinates":[20.001731,50.016399]}},{"type":"Feature","properties":{"text":"151","n":1,"mode":"bus","angle":45,"op":"MPK Kraków — buses"},"geometry":{"type":"Point","coordinates":[19.924831,50.016399]}},{"type":"Feature","properties":{"text":"173 244 274","n":3,"mode":"bus","angle":45,"op":"MPK Kraków — buses"},"geometry":{"type":"Point","coordinates":[20.004478,50.019924]}},{"type":"Feature","properties":{"text":"153 163 195 234 284 669","n":6,"mode":"bus","angle":-45,"op":"mix"},"geometry":{"type":"Point","coordinates":[20.00997,50.021687]}},{"type":"Feature","properties":{"text":"3 9 13 49 69","n":5,"mode":"tram","angle":-45,"op":"mix"},"geometry":{"type":"Point","coordinates":[20.00997,50.021687]}},{"type":"Feature","properties":{"text":"234 284","n":2,"mode":"bus","angle":-45,"op":"MPK Kraków — buses"},"geometry":{"type":"Point","coordinates":[20.007224,50.019924]}},{"type":"Feature","properties":{"text":"153","n":1,"mode":"bus","angle":45,"op":"MPK Kraków — buses"},"geometry":{"type":"Point","coordinates":[20.012717,50.021687]}},{"type":"Feature","properties":{"text":"163 195","n":2,"mode":"bus","angle":-45,"op":"MPK Kraków — buses"},"geometry":{"type":"Point","coordinates":[20.012717,50.02345]}},{"type":"Feature","properties":{"text":"284","n":1,"mode":"bus","angle":45,"op":"MPK Kraków — buses"},"geometry":{"type":"Point","coordinates":[20.020956,50.02345]}},{"type":"Feature","properties":{"text":"155 204 610","n":3,"mode":"bus","angle":-45,"op":"MPK Kraków — buses"},"geometry":{"type":"Point","coordinates":[19.946802,50.009348]}},{"type":"Feature","properties":{"text":"223 253 283 293 903","n":5,"mode":"bus","angle":-45,"op":"MPK Kraków — buses"},"geometry":{"type":"Point","coordinates":[19.878141,50.009348]}},{"type":"Feature","properties":{"text":"160 242 272","n":3,"mode":"bus","angle":-45,"op":"MPK Kraków — buses"},"geometry":{"type":"Point","coordinates":[20.040181,50.081618]}},{"type":"Feature","properties":{"text":"234 284","n":2,"mode":"bus","angle":-45,"op":"MPK Kraków — buses"},"geometry":{"type":"Point","coordinates":[20.015463,50.02345]}},{"type":"Feature","properties":{"text":"233 243","n":2,"mode":"bus","angle":-45,"op":"MPK Kraków — buses"},"geometry":{"type":"Point","coordinates":[19.891873,49.998772]}},{"type":"Feature","properties":{"text":"175 235 243 245 255 275 285 475 610","n":9,"mode":"bus","angle":-45,"op":"MPK Kraków — buses"},"geometry":{"type":"Point","coordinates":[19.922084,50.002298]}},{"type":"Feature","properties":{"text":"180 182 608","n":3,"mode":"bus","angle":45,"op":"MPK Kraków — buses"},"geometry":{"type":"Point","coordinates":[20.023703,50.088668]}},{"type":"Feature","properties":{"text":"202 222 232 262 272","n":5,"mode":"bus","angle":-45,"op":"MPK Kraków — buses"},"geometry":{"type":"Point","coordinates":[20.040181,50.099244]}},{"type":"Feature","properties":{"text":"202 212 222 232 262 272","n":6,"mode":"bus","angle":-45,"op":"MPK Kraków — buses"},"geometry":{"type":"Point","coordinates":[20.037435,50.097482]}},{"type":"Feature","properties":{"text":"203 223 253 283 293 903","n":6,"mode":"bus","angle":-45,"op":"MPK Kraków — buses"},"geometry":{"type":"Point","coordinates":[19.872648,50.00406]}},{"type":"Feature","properties":{"text":"203 223 243 253 283 293 903","n":7,"mode":"bus","angle":-45,"op":"MPK Kraków — buses"},"geometry":{"type":"Point","coordinates":[19.872648,50.002298]}},{"type":"Feature","properties":{"text":"223 253 283 293 903","n":5,"mode":"bus","angle":-45,"op":"MPK Kraków — buses"},"geometry":{"type":"Point","coordinates":[19.875394,50.005823]}},{"type":"Feature","properties":{"text":"235","n":1,"mode":"bus","angle":45,"op":"MPK Kraków — buses"},"geometry":{"type":"Point","coordinates":[19.878141,50.00406]}},{"type":"Feature","properties":{"text":"233","n":1,"mode":"bus","angle":45,"op":"MPK Kraków — buses"},"geometry":{"type":"Point","coordinates":[19.864409,50.005823]}},{"type":"Feature","properties":{"text":"224","n":1,"mode":"bus","angle":-45,"op":"MPK Kraków — buses"},"geometry":{"type":"Point","coordinates":[20.023703,50.012874]}},{"type":"Feature","properties":{"text":"B2 D2 W2","n":3,"mode":"bus","angle":-45,"op":"Wielicka Spółka Transportowa"},"geometry":{"type":"Point","coordinates":[20.023703,50.011111]}},{"type":"Feature","properties":{"text":"204 274 301 904","n":4,"mode":"bus","angle":45,"op":"MPK Kraków — buses"},"geometry":{"type":"Point","coordinates":[20.007224,50.012874]}},{"type":"Feature","properties":{"text":"274 304 G3 P2","n":4,"mode":"bus","angle":45,"op":"mix"},"geometry":{"type":"Point","coordinates":[20.00997,50.011111]}},{"type":"Feature","properties":{"text":"304 P2","n":2,"mode":"bus","angle":-45,"op":"mix"},"geometry":{"type":"Point","coordinates":[20.007224,50.011111]}},{"type":"Feature","properties":{"text":"209 902","n":2,"mode":"bus","angle":45,"op":"MPK Kraków — buses"},"geometry":{"type":"Point","coordinates":[19.842437,50.063991]}},{"type":"Feature","properties":{"text":"218 228 258 298 918","n":5,"mode":"bus","angle":-45,"op":"MPK Kraków — buses"},"geometry":{"type":"Point","coordinates":[19.850676,50.074567]}},{"type":"Feature","properties":{"text":"218","n":1,"mode":"bus","angle":-45,"op":"MPK Kraków — buses"},"geometry":{"type":"Point","coordinates":[19.856169,50.095719]}},{"type":"Feature","properties":{"text":"218 248 948","n":3,"mode":"bus","angle":-45,"op":"MPK Kraków — buses"},"geometry":{"type":"Point","coordinates":[19.850676,50.093956]}},{"type":"Feature","properties":{"text":"248 948","n":2,"mode":"bus","angle":45,"op":"MPK Kraków — buses"},"geometry":{"type":"Point","coordinates":[19.850676,50.092194]}},{"type":"Feature","properties":{"text":"229 239 249","n":3,"mode":"bus","angle":-45,"op":"MPK Kraków — buses"},"geometry":{"type":"Point","coordinates":[19.834198,50.042839]}},{"type":"Feature","properties":{"text":"229 259","n":2,"mode":"bus","angle":-45,"op":"MPK Kraków — buses"},"geometry":{"type":"Point","coordinates":[19.814973,50.021687]}},{"type":"Feature","properties":{"text":"235","n":1,"mode":"bus","angle":-45,"op":"MPK Kraków — buses"},"geometry":{"type":"Point","coordinates":[19.853423,50.00406]}},{"type":"Feature","properties":{"text":"284 L1 Z1","n":3,"mode":"bus","angle":-45,"op":"mix"},"geometry":{"type":"Point","coordinates":[20.01821,50.011111]}},{"type":"Feature","properties":{"text":"L1 Z1","n":2,"mode":"bus","angle":45,"op":"Wielicka Spółka Transportowa"},"geometry":{"type":"Point","coordinates":[20.020956,50.009348]}},{"type":"Feature","properties":{"text":"J1","n":1,"mode":"bus","angle":45,"op":"Wielicka Spółka Transportowa"},"geometry":{"type":"Point","coordinates":[20.015463,50.011111]}},{"type":"Feature","properties":{"text":"G3","n":1,"mode":"bus","angle":-45,"op":"Wielicka Spółka Transportowa"},"geometry":{"type":"Point","coordinates":[20.00997,50.002298]}},{"type":"Feature","properties":{"text":"224 304","n":2,"mode":"bus","angle":45,"op":"MPK Kraków — buses"},"geometry":{"type":"Point","coordinates":[19.998985,50.009348]}},{"type":"Feature","properties":{"text":"304 P2","n":2,"mode":"bus","angle":-45,"op":"mix"},"geometry":{"type":"Point","coordinates":[20.001731,50.009348]}},{"type":"Feature","properties":{"text":"244 274 304","n":3,"mode":"bus","angle":-45,"op":"MPK Kraków — buses"},"geometry":{"type":"Point","coordinates":[20.020956,50.007586]}},{"type":"Feature","properties":{"text":"284 L1","n":2,"mode":"bus","angle":-45,"op":"mix"},"geometry":{"type":"Point","coordinates":[20.01821,50.011111]}},{"type":"Feature","properties":{"text":"L1","n":1,"mode":"bus","angle":45,"op":"Wielicka Spółka Transportowa"},"geometry":{"type":"Point","coordinates":[20.023703,50.011111]}},{"type":"Feature","properties":{"text":"B2 G4","n":2,"mode":"bus","angle":-45,"op":"Wielicka Spółka Transportowa"},"geometry":{"type":"Point","coordinates":[20.037435,50.025212]}},{"type":"Feature","properties":{"text":"L1","n":1,"mode":"bus","angle":45,"op":"Wielicka Spółka Transportowa"},"geometry":{"type":"Point","coordinates":[20.029196,50.009348]}},{"type":"Feature","properties":{"text":"R2 Z1","n":2,"mode":"bus","angle":45,"op":"Wielicka Spółka Transportowa"},"geometry":{"type":"Point","coordinates":[20.01821,50.009348]}},{"type":"Feature","properties":{"text":"L1 R2 Z1","n":3,"mode":"bus","angle":45,"op":"Wielicka Spółka Transportowa"},"geometry":{"type":"Point","coordinates":[20.023703,50.007586]}},{"type":"Feature","properties":{"text":"R2","n":1,"mode":"bus","angle":45,"op":"Wielicka Spółka Transportowa"},"geometry":{"type":"Point","coordinates":[20.023703,50.007586]}},{"type":"Feature","properties":{"text":"P2","n":1,"mode":"bus","angle":-45,"op":"Wielicka Spółka Transportowa"},"geometry":{"type":"Point","coordinates":[20.001731,50.005823]}},{"type":"Feature","properties":{"text":"250 260 270","n":3,"mode":"bus","angle":-45,"op":"MPK Kraków — buses"},"geometry":{"type":"Point","coordinates":[20.001731,50.099244]}},{"type":"Feature","properties":{"text":"257 277","n":2,"mode":"bus","angle":45,"op":"MPK Kraków — buses"},"geometry":{"type":"Point","coordinates":[19.966027,50.123922]}},{"type":"Feature","properties":{"text":"274 L1 Z1","n":3,"mode":"bus","angle":45,"op":"mix"},"geometry":{"type":"Point","coordinates":[20.034688,50.005823]}},{"type":"Feature","properties":{"text":"L1 Z1","n":2,"mode":"bus","angle":45,"op":"Wielicka Spółka Transportowa"},"geometry":{"type":"Point","coordinates":[20.031942,50.007586]}},{"type":"Feature","properties":{"text":"301 W2","n":2,"mode":"bus","angle":-45,"op":"mix"},"geometry":{"type":"Point","coordinates":[20.034688,50.018162]}},{"type":"Feature","properties":{"text":"301","n":1,"mode":"bus","angle":-45,"op":"MPK Kraków — buses"},"geometry":{"type":"Point","coordinates":[20.034688,50.018162]}},{"type":"Feature","properties":{"text":"8 13","n":2,"mode":"tram","angle":45,"op":"MPK Kraków — trams"},"geometry":{"type":"Point","coordinates":[19.935816,50.060466]}},{"type":"Feature","properties":{"text":"D2 R2","n":2,"mode":"bus","angle":-45,"op":"Wielicka Spółka Transportowa"},"geometry":{"type":"Point","coordinates":[20.023703,50.00406]}},{"type":"Feature","properties":{"text":"J1","n":1,"mode":"bus","angle":45,"op":"Wielicka Spółka Transportowa"},"geometry":{"type":"Point","coordinates":[20.007224,50.002298]}},{"type":"Feature","properties":{"text":"J1","n":1,"mode":"bus","angle":45,"op":"Wielicka Spółka Transportowa"},"geometry":{"type":"Point","coordinates":[20.015463,49.99701]}},{"type":"Feature","properties":{"text":"105 132 137 139 199 307 317 405 503 572 610","n":11,"mode":"bus","angle":-45,"op":"MPK Kraków — buses"},"geometry":{"type":"Point","coordinates":[19.957788,50.092194]}},{"type":"Feature","properties":{"text":"123","n":1,"mode":"bus","angle":45,"op":"MPK Kraków — buses"},"geometry":{"type":"Point","coordinates":[19.996238,50.088668]}},{"type":"Feature","properties":{"text":"132 139 601","n":3,"mode":"bus","angle":-45,"op":"MPK Kraków — buses"},"geometry":{"type":"Point","coordinates":[20.029196,50.071042]}},{"type":"Feature","properties":{"text":"139 163","n":2,"mode":"bus","angle":45,"op":"MPK Kraków — buses"},"geometry":{"type":"Point","coordinates":[20.026449,50.071042]}},{"type":"Feature","properties":{"text":"128 182 189 482 502 601 611","n":7,"mode":"bus","angle":45,"op":"MPK Kraków — buses"},"geometry":{"type":"Point","coordinates":[19.974267,50.086906]}},{"type":"Feature","properties":{"text":"125","n":1,"mode":"bus","angle":-45,"op":"mix"},"geometry":{"type":"Point","coordinates":[19.955041,50.071042]}},{"type":"Feature","properties":{"text":"76","n":1,"mode":"tram","angle":-45,"op":"mix"},"geometry":{"type":"Point","coordinates":[19.955041,50.071042]}},{"type":"Feature","properties":{"text":"125 609 902","n":3,"mode":"bus","angle":45,"op":"MPK Kraków — buses"},"geometry":{"type":"Point","coordinates":[19.952295,50.071042]}},{"type":"Feature","properties":{"text":"153 163 513","n":3,"mode":"bus","angle":45,"op":"MPK Kraków — buses"},"geometry":{"type":"Point","coordinates":[19.996238,50.016399]}},{"type":"Feature","properties":{"text":"104","n":1,"mode":"bus","angle":45,"op":"MPK Kraków — buses"},"geometry":{"type":"Point","coordinates":[19.919338,50.005823]}},{"type":"Feature","properties":{"text":"3 5 18 50 69 75","n":6,"mode":"tram","angle":45,"op":"MPK Kraków — trams"},"geometry":{"type":"Point","coordinates":[19.935816,50.086906]}},{"type":"Feature","properties":{"text":"120 238 248 258 268 278 288 948 LR0","n":9,"mode":"bus","angle":45,"op":"MPK Kraków — buses"},"geometry":{"type":"Point","coordinates":[19.891873,50.086906]}},{"type":"Feature","properties":{"text":"182","n":1,"mode":"bus","angle":-45,"op":"MPK Kraków — buses"},"geometry":{"type":"Point","coordinates":[20.023703,50.086906]}},{"type":"Feature","properties":{"text":"132 139 601","n":3,"mode":"bus","angle":45,"op":"mix"},"geometry":{"type":"Point","coordinates":[20.004478,50.086906]}},{"type":"Feature","properties":{"text":"134 307","n":2,"mode":"bus","angle":-45,"op":"MPK Kraków — buses"},"geometry":{"type":"Point","coordinates":[19.919338,50.060466]}},{"type":"Feature","properties":{"text":"138 183 189 572 611","n":5,"mode":"bus","angle":45,"op":"MPK Kraków — buses"},"geometry":{"type":"Point","coordinates":[19.990745,50.086906]}},{"type":"Feature","properties":{"text":"664 704 708 LR0","n":4,"mode":"bus","angle":45,"op":"MPK Kraków — buses"},"geometry":{"type":"Point","coordinates":[19.89462,50.079855]}},{"type":"Feature","properties":{"text":"234 B2 Z1","n":3,"mode":"bus","angle":-45,"op":"mix"},"geometry":{"type":"Point","coordinates":[20.045674,50.026975]}},{"type":"Feature","properties":{"text":"310 910 LR0","n":3,"mode":"bus","angle":45,"op":"MPK Kraków — buses"},"geometry":{"type":"Point","coordinates":[19.878141,50.118634]}},{"type":"Feature","properties":{"text":"218","n":1,"mode":"bus","angle":-45,"op":"MPK Kraków — buses"},"geometry":{"type":"Point","coordinates":[19.845184,50.092194]}},{"type":"Feature","properties":{"text":"257 277","n":2,"mode":"bus","angle":90,"op":"MPK Kraków — buses"},"geometry":{"type":"Point","coordinates":[19.945429,50.127447]}},{"type":"Feature","properties":{"text":"105 132 139 169 199 405 469 503 610","n":9,"mode":"bus","angle":90,"op":"MPK Kraków — buses"},"geometry":{"type":"Point","coordinates":[19.956415,50.090431]}},{"type":"Feature","properties":{"text":"11 18 52 62 77","n":5,"mode":"tram","angle":0,"op":"mix"},"geometry":{"type":"Point","coordinates":[19.916591,50.024331]}},{"type":"Feature","properties":{"text":"105 132 139 199 405 610","n":6,"mode":"bus","angle":0,"op":"MPK Kraków — buses"},"geometry":{"type":"Point","coordinates":[19.960534,50.093075]}},{"type":"Feature","properties":{"text":"150","n":1,"mode":"bus","angle":-90,"op":"MPK Kraków — buses"},"geometry":{"type":"Point","coordinates":[19.931697,50.093956]}},{"type":"Feature","properties":{"text":"102 146 209 219 229 239 269 279 609","n":9,"mode":"bus","angle":0,"op":"MPK Kraków — buses"},"geometry":{"type":"Point","coordinates":[19.856169,50.045483]}},{"type":"Feature","properties":{"text":"175 214 215 225 235 243 245 254 255 265 275 285 475 610 915","n":15,"mode":"bus","angle":-90,"op":"MPK Kraków — buses"},"geometry":{"type":"Point","coordinates":[19.923457,50.005823]}},{"type":"Feature","properties":{"text":"104 191","n":2,"mode":"bus","angle":0,"op":"MPK Kraków — buses"},"geometry":{"type":"Point","coordinates":[19.908352,50.008467]}},{"type":"Feature","properties":{"text":"121","n":1,"mode":"bus","angle":-90,"op":"MPK Kraków — buses"},"geometry":{"type":"Point","coordinates":[19.909725,50.009348]}},{"type":"Feature","properties":{"text":"105","n":1,"mode":"bus","angle":-90,"op":"MPK Kraków — buses"},"geometry":{"type":"Point","coordinates":[20.000358,50.095719]}},{"type":"Feature","properties":{"text":"105 199 405 610","n":4,"mode":"bus","angle":90,"op":"MPK Kraków — buses"},"geometry":{"type":"Point","coordinates":[19.961908,50.093956]}},{"type":"Feature","properties":{"text":"107 164 169 174 179 610","n":6,"mode":"bus","angle":90,"op":"MPK Kraków — buses"},"geometry":{"type":"Point","coordinates":[19.961908,50.018162]}},{"type":"Feature","properties":{"text":"155 164 610","n":3,"mode":"bus","angle":90,"op":"MPK Kraków — buses"},"geometry":{"type":"Point","coordinates":[19.964654,50.014636]}},{"type":"Feature","properties":{"text":"107 169","n":2,"mode":"bus","angle":0,"op":"MPK Kraków — buses"},"geometry":{"type":"Point","coordinates":[19.966027,50.013755]}},{"type":"Feature","properties":{"text":"107 214","n":2,"mode":"bus","angle":90,"op":"MPK Kraków — buses"},"geometry":{"type":"Point","coordinates":[19.97564,50.000535]}},{"type":"Feature","properties":{"text":"122 149 180 202 212 222 232 262 608","n":9,"mode":"bus","angle":90,"op":"mix"},"geometry":{"type":"Point","coordinates":[20.030569,50.08338]}},{"type":"Feature","properties":{"text":"122 180 608","n":3,"mode":"bus","angle":0,"op":"MPK Kraków — buses"},"geometry":{"type":"Point","coordinates":[20.029196,50.082499]}},{"type":"Feature","properties":{"text":"122 182 601 608","n":4,"mode":"bus","angle":0,"op":"MPK Kraków — buses"},"geometry":{"type":"Point","coordinates":[20.020956,50.086024]}},{"type":"Feature","properties":{"text":"138","n":1,"mode":"bus","angle":-90,"op":"MPK Kraków — buses"},"geometry":{"type":"Point","coordinates":[20.016837,50.085143]}},{"type":"Feature","properties":{"text":"160 601","n":2,"mode":"bus","angle":0,"op":"MPK Kraków — buses"},"geometry":{"type":"Point","coordinates":[20.023703,50.071923]}},{"type":"Feature","properties":{"text":"664","n":1,"mode":"bus","angle":90,"op":"mix"},"geometry":{"type":"Point","coordinates":[20.011344,50.081618]}},{"type":"Feature","properties":{"text":"132","n":1,"mode":"bus","angle":0,"op":"MPK Kraków — buses"},"geometry":{"type":"Point","coordinates":[20.023703,50.075448]}},{"type":"Feature","properties":{"text":"149 163","n":2,"mode":"bus","angle":0,"op":"mix"},"geometry":{"type":"Point","coordinates":[20.029196,50.07016]}},{"type":"Feature","properties":{"text":"163 174","n":2,"mode":"bus","angle":-90,"op":"MPK Kraków — buses"},"geometry":{"type":"Point","coordinates":[20.030569,50.069279]}},{"type":"Feature","properties":{"text":"123 149 163 174 601","n":5,"mode":"bus","angle":0,"op":"mix"},"geometry":{"type":"Point","coordinates":[20.029196,50.064872]}},{"type":"Feature","properties":{"text":"163 195","n":2,"mode":"bus","angle":0,"op":"MPK Kraków — buses"},"geometry":{"type":"Point","coordinates":[20.026449,50.029619]}},{"type":"Feature","properties":{"text":"144 195","n":2,"mode":"bus","angle":90,"op":"MPK Kraków — buses"},"geometry":{"type":"Point","coordinates":[20.000358,50.016399]}},{"type":"Feature","properties":{"text":"153","n":1,"mode":"bus","angle":90,"op":"MPK Kraków — buses"},"geometry":{"type":"Point","coordinates":[19.994865,50.018162]}},{"type":"Feature","properties":{"text":"153 163 204 513","n":4,"mode":"bus","angle":90,"op":"MPK Kraków — buses"},"geometry":{"type":"Point","coordinates":[19.994865,50.018162]}},{"type":"Feature","properties":{"text":"163 195 234 284","n":4,"mode":"bus","angle":0,"op":"MPK Kraków — buses"},"geometry":{"type":"Point","coordinates":[20.012717,50.022568]}},{"type":"Feature","properties":{"text":"153 284","n":2,"mode":"bus","angle":-90,"op":"MPK Kraków — buses"},"geometry":{"type":"Point","coordinates":[20.025076,50.021687]}},{"type":"Feature","properties":{"text":"207 669","n":2,"mode":"bus","angle":-90,"op":"MPK Kraków — buses"},"geometry":{"type":"Point","coordinates":[19.948175,50.097482]}},{"type":"Feature","properties":{"text":"203 233 235 253 283 293 903","n":7,"mode":"bus","angle":90,"op":"MPK Kraków — buses"},"geometry":{"type":"Point","coordinates":[19.874021,50.00406]}},{"type":"Feature","properties":{"text":"204 224 244 274 301 304 904","n":7,"mode":"bus","angle":-90,"op":"MPK Kraków — buses"},"geometry":{"type":"Point","coordinates":[20.005851,50.014636]}},{"type":"Feature","properties":{"text":"209 218 228 258 298 918","n":6,"mode":"bus","angle":0,"op":"MPK Kraków — buses"},"geometry":{"type":"Point","coordinates":[19.84793,50.073686]}},{"type":"Feature","properties":{"text":"209 269","n":2,"mode":"bus","angle":0,"op":"MPK Kraków — buses"},"geometry":{"type":"Point","coordinates":[19.823212,50.057822]}},{"type":"Feature","properties":{"text":"215 225 254 915","n":4,"mode":"bus","angle":-90,"op":"MPK Kraków — buses"},"geometry":{"type":"Point","coordinates":[19.945429,49.995247]}},{"type":"Feature","properties":{"text":"217 247","n":2,"mode":"bus","angle":90,"op":"MPK Kraków — buses"},"geometry":{"type":"Point","coordinates":[19.970147,50.106295]}},{"type":"Feature","properties":{"text":"259 279","n":2,"mode":"bus","angle":0,"op":"MPK Kraków — buses"},"geometry":{"type":"Point","coordinates":[19.839691,50.031382]}},{"type":"Feature","properties":{"text":"224 244","n":2,"mode":"bus","angle":0,"op":"MPK Kraków — buses"},"geometry":{"type":"Point","coordinates":[20.00997,50.006704]}},{"type":"Feature","properties":{"text":"244","n":1,"mode":"bus","angle":90,"op":"MPK Kraków — buses"},"geometry":{"type":"Point","coordinates":[19.997611,50.009348]}},{"type":"Feature","properties":{"text":"250 260 270 297","n":4,"mode":"bus","angle":0,"op":"MPK Kraków — buses"},"geometry":{"type":"Point","coordinates":[19.998985,50.098363]}},{"type":"Feature","properties":{"text":"257 260 277","n":3,"mode":"bus","angle":90,"op":"MPK Kraków — buses"},"geometry":{"type":"Point","coordinates":[19.970147,50.120396]}},{"type":"Feature","properties":{"text":"257 277 280 307 917","n":5,"mode":"bus","angle":90,"op":"MPK Kraków — buses"},"geometry":{"type":"Point","coordinates":[19.961908,50.113346]}},{"type":"Feature","properties":{"text":"D2","n":1,"mode":"bus","angle":90,"op":"Wielicka Spółka Transportowa"},"geometry":{"type":"Point","coordinates":[20.022329,50.002298]}},{"type":"Feature","properties":{"text":"130 144 194 494","n":4,"mode":"bus","angle":-90,"op":"MPK Kraków — buses"},"geometry":{"type":"Point","coordinates":[19.912472,50.086906]}},{"type":"Feature","properties":{"text":"139 164 173 199 310 601 611","n":7,"mode":"bus","angle":0,"op":"MPK Kraków — buses"},"geometry":{"type":"Point","coordinates":[19.89462,50.073686]}}]}