{"type":"FeatureCollection","features":[{"type":"Feature","properties":{"id":"s0","name":"AKF / PK","bus":1,"tram":1,"n":8,"imp":0.256,"node":1,"deg":5,"term":0,"major":1},"geometry":{"type":"Point","coordinates":[20.000358,50.075448]}},{"type":"Feature","properties":{"id":"s1","name":"Stella-Sawickiego","bus":1,"tram":1,"n":8,"imp":0.218,"node":1,"deg":3,"term":0,"major":1},"geometry":{"type":"Point","coordinates":[20.005851,50.075448]}},{"type":"Feature","properties":{"id":"s2","name":"Czyżyny","bus":1,"tram":1,"n":7,"imp":0.182,"node":0,"deg":2,"term":0,"major":1},"geometry":{"type":"Point","coordinates":[20.008597,50.075448]}},{"type":"Feature","properties":{"id":"s3","name":"Rondo Czyżyńskie","bus":1,"tram":1,"n":20,"imp":0.467,"node":1,"deg":6,"term":0,"major":1},"geometry":{"type":"Point","coordinates":[20.011344,50.075448]}},{"type":"Feature","properties":{"id":"s4","name":"Os. Kolorowe","bus":1,"tram":1,"n":7,"imp":0.182,"node":0,"deg":2,"term":0,"major":1},"geometry":{"type":"Point","coordinates":[20.016837,50.071923]}},{"type":"Feature","properties":{"id":"s5","name":"Plac Centralny im. R. Reagana","bus":1,"tram":1,"n":12,"imp":0.392,"node":1,"deg":5,"term":1,"major":1},"geometry":{"type":"Point","coordinates":[20.022329,50.068398]}},{"type":"Feature","properties":{"id":"s6","name":"Struga","bus":1,"tram":1,"n":10,"imp":0.346,"node":1,"deg":8,"term":0,"major":1},"geometry":{"type":"Point","coordinates":[20.027822,50.07016]}},{"type":"Feature","properties":{"id":"s7","name":"Kombinat","bus":1,"tram":1,"n":12,"imp":0.488,"node":1,"deg":5,"term":1,"major":1},"geometry":{"type":"Point","coordinates":[20.038808,50.071923]}},{"type":"Feature","properties":{"id":"s8","name":"Mrozowa","bus":1,"tram":0,"n":2,"imp":0.07,"node":0,"deg":2,"term":0,"major":0},"geometry":{"type":"Point","coordinates":[20.038808,50.074126]}},{"type":"Feature","properties":{"id":"s9","name":"Blokowa","bus":1,"tram":0,"n":2,"imp":0.07,"node":0,"deg":2,"term":0,"major":0},"geometry":{"type":"Point","coordinates":[20.038808,50.07633]}},{"type":"Feature","properties":{"id":"s10","name":"TAURON Arena Kraków Al. Pokoju","bus":1,"tram":1,"n":6,"imp":0.186,"node":1,"deg":3,"term":0,"major":1},"geometry":{"type":"Point","coordinates":[19.997611,50.066635]}},{"type":"Feature","properties":{"id":"s11","name":"Arctowskiego","bus":1,"tram":0,"n":2,"imp":0.09,"node":1,"deg":3,"term":0,"major":0},"geometry":{"type":"Point","coordinates":[20.005851,50.056059]}},{"type":"Feature","properties":{"id":"s12","name":"Centralna","bus":1,"tram":0,"n":2,"imp":0.09,"node":1,"deg":3,"term":0,"major":0},"geometry":{"type":"Point","coordinates":[20.005851,50.06311]}},{"type":"Feature","properties":{"id":"s13","name":"Rondo 308. Dywizjonu","bus":1,"tram":1,"n":7,"imp":0.259,"node":1,"deg":6,"term":0,"major":1},"geometry":{"type":"Point","coordinates":[20.005851,50.07016]}},{"type":"Feature","properties":{"id":"s14","name":"Gałczyńskiego","bus":1,"tram":1,"n":8,"imp":0.218,"node":1,"deg":3,"term":0,"major":1},"geometry":{"type":"Point","coordinates":[20.011344,50.07016]}},{"type":"Feature","properties":{"id":"s15","name":"Bieńczycka","bus":1,"tram":1,"n":6,"imp":0.166,"node":0,"deg":2,"term":0,"major":0},"geometry":{"type":"Point","coordinates":[20.012717,50.07633]}},{"type":"Feature","properties":{"id":"s16","name":"Rondo Kocmyrzowskie im. ks. Gorzelanego","bus":1,"tram":1,"n":17,"imp":0.4,"node":1,"deg":5,"term":0,"major":1},"geometry":{"type":"Point","coordinates":[20.01409,50.077211]}},{"type":"Feature","properties":{"id":"s17","name":"Teatr Ludowy","bus":1,"tram":1,"n":15,"imp":0.368,"node":1,"deg":5,"term":0,"major":1},"geometry":{"type":"Point","coordinates":[20.016837,50.078974]}},{"type":"Feature","properties":{"id":"s18","name":"Cienista","bus":1,"tram":1,"n":10,"imp":0.23,"node":0,"deg":2,"term":0,"major":1},"geometry":{"type":"Point","coordinates":[20.019181,50.080478]}},{"type":"Feature","properties":{"id":"s19","name":"Wańkowicza","bus":1,"tram":1,"n":12,"imp":0.32,"node":1,"deg":5,"term":0,"major":1},"geometry":{"type":"Point","coordinates":[20.022329,50.080736]}},{"type":"Feature","properties":{"id":"s20","name":"Darwina","bus":1,"tram":1,"n":5,"imp":0.189,"node":1,"deg":4,"term":0,"major":1},"geometry":{"type":"Point","coordinates":[20.027822,50.080736]}},{"type":"Feature","properties":{"id":"s21","name":"Jarzębiny","bus":1,"tram":1,"n":12,"imp":0.301,"node":1,"deg":4,"term":0,"major":1},"geometry":{"type":"Point","coordinates":[20.030569,50.082499]}},{"type":"Feature","properties":{"id":"s22","name":"Wzgórza Krzesławickie","bus":1,"tram":1,"n":12,"imp":0.411,"node":1,"deg":6,"term":1,"major":1},"geometry":{"type":"Point","coordinates":[20.030569,50.084262]}},{"type":"Feature","properties":{"id":"s23","name":"Jubileuszowa","bus":1,"tram":0,"n":7,"imp":0.15,"node":0,"deg":2,"term":0,"major":0},"geometry":{"type":"Point","coordinates":[20.030569,50.087787]}},{"type":"Feature","properties":{"id":"s24","name":"Morcinka","bus":1,"tram":0,"n":7,"imp":0.208,"node":1,"deg":5,"term":0,"major":1},"geometry":{"type":"Point","coordinates":[20.030569,50.091312]}},{"type":"Feature","properties":{"id":"s25","name":"Kantorowice","bus":1,"tram":0,"n":1,"imp":0.054,"node":0,"deg":2,"term":0,"major":0},"geometry":{"type":"Point","coordinates":[20.025612,50.091312]}},{"type":"Feature","properties":{"id":"s26","name":"Zesławice Ogródki Działkowe","bus":1,"tram":0,"n":1,"imp":0.054,"node":0,"deg":2,"term":0,"major":0},"geometry":{"type":"Point","coordinates":[20.020656,50.091312]}},{"type":"Feature","properties":{"id":"s27","name":"Zesławice","bus":1,"tram":0,"n":1,"imp":0.059,"node":1,"deg":1,"term":1,"major":0},"geometry":{"type":"Point","coordinates":[20.016837,50.093075]}},{"type":"Feature","properties":{"id":"s28","name":"Os. Oświecenia","bus":1,"tram":0,"n":10,"imp":0.218,"node":1,"deg":3,"term":0,"major":1},"geometry":{"type":"Point","coordinates":[19.986626,50.087787]}},{"type":"Feature","properties":{"id":"s29","name":"Wiślicka","bus":1,"tram":0,"n":8,"imp":0.282,"node":1,"deg":8,"term":0,"major":1},"geometry":{"type":"Point","coordinates":[19.997611,50.084262]}},{"type":"Feature","properties":{"id":"s30","name":"Os. Strusia","bus":1,"tram":0,"n":5,"imp":0.138,"node":1,"deg":3,"term":0,"major":0},"geometry":{"type":"Point","coordinates":[20.003104,50.082499]}},{"type":"Feature","properties":{"id":"s31","name":"Os. Na Lotnisku","bus":1,"tram":0,"n":5,"imp":0.176,"node":1,"deg":5,"term":0,"major":1},"geometry":{"type":"Point","coordinates":[20.005851,50.080736]}},{"type":"Feature","properties":{"id":"s32","name":"DH Wanda","bus":1,"tram":1,"n":10,"imp":0.288,"node":1,"deg":5,"term":0,"major":1},"geometry":{"type":"Point","coordinates":[20.011344,50.080736]}},{"type":"Feature","properties":{"id":"s33","name":"Os. Zgody","bus":1,"tram":1,"n":6,"imp":0.205,"node":1,"deg":4,"term":0,"major":1},"geometry":{"type":"Point","coordinates":[20.019583,50.073686]}},{"type":"Feature","properties":{"id":"s34","name":"Aleja Przyjaźni","bus":1,"tram":0,"n":5,"imp":0.234,"node":1,"deg":3,"term":1,"major":1},"geometry":{"type":"Point","coordinates":[20.022329,50.071923]}},{"type":"Feature","properties":{"id":"s35","name":"Aleja Róż","bus":1,"tram":0,"n":4,"imp":0.122,"node":1,"deg":3,"term":0,"major":0},"geometry":{"type":"Point","coordinates":[20.025076,50.071923]}},{"type":"Feature","properties":{"id":"s36","name":"Mistrzejowice","bus":1,"tram":1,"n":9,"imp":0.334,"node":1,"deg":2,"term":1,"major":1},"geometry":{"type":"Point","coordinates":[19.992119,50.091312]}},{"type":"Feature","properties":{"id":"s37","name":"Miśnieńska","bus":1,"tram":1,"n":7,"imp":0.202,"node":1,"deg":3,"term":0,"major":1},"geometry":{"type":"Point","coordinates":[19.994865,50.08955]}},{"type":"Feature","properties":{"id":"s38","name":"Os. Złotego Wieku","bus":1,"tram":1,"n":7,"imp":0.202,"node":1,"deg":3,"term":0,"major":1},"geometry":{"type":"Point","coordinates":[19.997611,50.08955]}},{"type":"Feature","properties":{"id":"s39","name":"Łęczycka","bus":1,"tram":0,"n":1,"imp":0.093,"node":1,"deg":4,"term":0,"major":0},"geometry":{"type":"Point","coordinates":[20.000358,50.087787]}},{"type":"Feature","properties":{"id":"s40","name":"Rondo Piastowskie","bus":1,"tram":1,"n":6,"imp":0.186,"node":1,"deg":3,"term":0,"major":1},"geometry":{"type":"Point","coordinates":[20.003104,50.08955]}},{"type":"Feature","properties":{"id":"s41","name":"Kleeberga","bus":1,"tram":1,"n":4,"imp":0.173,"node":1,"deg":4,"term":0,"major":1},"geometry":{"type":"Point","coordinates":[20.005851,50.091312]}},{"type":"Feature","properties":{"id":"s42","name":"Piasta Kołodzieja","bus":1,"tram":1,"n":3,"imp":0.118,"node":0,"deg":2,"term":0,"major":0},"geometry":{"type":"Point","coordinates":[20.003104,50.093075]}},{"type":"Feature","properties":{"id":"s43","name":"Os. Piastów","bus":1,"tram":1,"n":4,"imp":0.25,"node":1,"deg":3,"term":1,"major":1},"geometry":{"type":"Point","coordinates":[20.000358,50.094838]}},{"type":"Feature","properties":{"id":"s44","name":"Os. Kalinowe","bus":1,"tram":0,"n":1,"imp":0.054,"node":0,"deg":2,"term":0,"major":0},"geometry":{"type":"Point","coordinates":[20.002457,50.085609]}},{"type":"Feature","properties":{"id":"s45","name":"Kupały","bus":1,"tram":0,"n":1,"imp":0.054,"node":0,"deg":2,"term":0,"major":0},"geometry":{"type":"Point","coordinates":[20.006498,50.088203]}},{"type":"Feature","properties":{"id":"s46","name":"Os. Mistrzejowice Nowe","bus":1,"tram":0,"n":2,"imp":0.09,"node":1,"deg":3,"term":0,"major":0},"geometry":{"type":"Point","coordinates":[20.011344,50.08955]}},{"type":"Feature","properties":{"id":"s47","name":"Fatimska","bus":1,"tram":0,"n":2,"imp":0.09,"node":1,"deg":3,"term":0,"major":0},"geometry":{"type":"Point","coordinates":[20.01409,50.087787]}},{"type":"Feature","properties":{"id":"s48","name":"Petőfiego","bus":1,"tram":0,"n":4,"imp":0.141,"node":1,"deg":4,"term":0,"major":0},"geometry":{"type":"Point","coordinates":[20.019583,50.086024]}},{"type":"Feature","properties":{"id":"s49","name":"Władysława Jagiełły","bus":1,"tram":0,"n":4,"imp":0.102,"node":0,"deg":2,"term":0,"major":0},"geometry":{"type":"Point","coordinates":[20.020499,50.086024]}},{"type":"Feature","properties":{"id":"s50","name":"Jana Kazimierza","bus":1,"tram":0,"n":4,"imp":0.102,"node":0,"deg":2,"term":0,"major":0},"geometry":{"type":"Point","coordinates":[20.021414,50.086024]}},{"type":"Feature","properties":{"id":"s51","name":"Os. Na Stoku","bus":1,"tram":0,"n":3,"imp":0.139,"node":1,"deg":1,"term":1,"major":0},"geometry":{"type":"Point","coordinates":[20.022329,50.08955]}},{"type":"Feature","properties":{"id":"s52","name":"Os. Na Stoku Szkoła","bus":1,"tram":0,"n":4,"imp":0.141,"node":1,"deg":4,"term":0,"major":0},"geometry":{"type":"Point","coordinates":[20.027822,50.082499]}},{"type":"Feature","properties":{"id":"s53","name":"Zajezdnia Bieńczyce","bus":1,"tram":0,"n":4,"imp":0.146,"node":1,"deg":3,"term":1,"major":0},"geometry":{"type":"Point","coordinates":[20.016837,50.084262]}},{"type":"Feature","properties":{"id":"s54","name":"Nad Dłubnią","bus":1,"tram":0,"n":3,"imp":0.086,"node":0,"deg":2,"term":0,"major":0},"geometry":{"type":"Point","coordinates":[20.018668,50.083087]}},{"type":"Feature","properties":{"id":"s55","name":"Makuszyńskiego","bus":1,"tram":0,"n":3,"imp":0.086,"node":0,"deg":2,"term":0,"major":0},"geometry":{"type":"Point","coordinates":[20.020499,50.081912]}},{"type":"Feature","properties":{"id":"s56","name":"Dunikowskiego","bus":1,"tram":1,"n":9,"imp":0.253,"node":1,"deg":4,"term":0,"major":1},"geometry":{"type":"Point","coordinates":[20.005851,50.086024]}},{"type":"Feature","properties":{"id":"s57","name":"Rondo Hipokratesa","bus":1,"tram":1,"n":11,"imp":0.309,"node":1,"deg":4,"term":1,"major":1},"geometry":{"type":"Point","coordinates":[20.011344,50.082499]}},{"type":"Feature","properties":{"id":"s58","name":"Os. Jagiellońskie","bus":1,"tram":0,"n":5,"imp":0.118,"node":0,"deg":2,"term":0,"major":0},"geometry":{"type":"Point","coordinates":[20.013175,50.081324]}},{"type":"Feature","properties":{"id":"s59","name":"Arka Pana","bus":1,"tram":0,"n":5,"imp":0.118,"node":0,"deg":2,"term":0,"major":0},"geometry":{"type":"Point","coordinates":[20.015006,50.080149]}},{"type":"Feature","properties":{"id":"s60","name":"Os. Górali","bus":1,"tram":0,"n":2,"imp":0.09,"node":1,"deg":3,"term":0,"major":0},"geometry":{"type":"Point","coordinates":[20.025076,50.075448]}},{"type":"Feature","properties":{"id":"s61","name":"Os. Zielone","bus":1,"tram":0,"n":2,"imp":0.07,"node":0,"deg":2,"term":0,"major":0},"geometry":{"type":"Point","coordinates":[20.027822,50.073169]}},{"type":"Feature","properties":{"id":"s62","name":"Żeromskiego","bus":1,"tram":0,"n":5,"imp":0.138,"node":1,"deg":3,"term":0,"major":0},"geometry":{"type":"Point","coordinates":[20.022329,50.075448]}},{"type":"Feature","properties":{"id":"s63","name":"Os. Dywizjonu 303","bus":1,"tram":0,"n":1,"imp":0.054,"node":0,"deg":2,"term":0,"major":0},"geometry":{"type":"Point","coordinates":[19.999714,50.082912]}},{"type":"Feature","properties":{"id":"s64","name":"Głowackiego","bus":1,"tram":0,"n":5,"imp":0.138,"node":1,"deg":3,"term":0,"major":0},"geometry":{"type":"Point","coordinates":[19.895993,50.078974]}},{"type":"Feature","properties":{"id":"s65","name":"Dąbrowskiej","bus":1,"tram":0,"n":1,"imp":0.054,"node":0,"deg":2,"term":0,"major":0},"geometry":{"type":"Point","coordinates":[20.005851,50.078386]}},{"type":"Feature","properties":{"id":"s66","name":"Os. Kościuszkowskie","bus":1,"tram":0,"n":1,"imp":0.054,"node":0,"deg":2,"term":0,"major":0},"geometry":{"type":"Point","coordinates":[20.005851,50.079561]}},{"type":"Feature","properties":{"id":"s67","name":"Sołtysowska","bus":1,"tram":0,"n":2,"imp":0.09,"node":1,"deg":3,"term":0,"major":0},"geometry":{"type":"Point","coordinates":[20.011344,50.064872]}},{"type":"Feature","properties":{"id":"s68","name":"Sołtysowska Zakłady","bus":1,"tram":0,"n":1,"imp":0.054,"node":0,"deg":2,"term":0,"major":0},"geometry":{"type":"Point","coordinates":[20.013404,50.06355]}},{"type":"Feature","properties":{"id":"s69","name":"Sołtysowska Osiedle","bus":1,"tram":0,"n":1,"imp":0.054,"node":0,"deg":2,"term":0,"major":0},"geometry":{"type":"Point","coordinates":[20.015463,50.062228]}},{"type":"Feature","properties":{"id":"s70","name":"Sochy","bus":1,"tram":0,"n":1,"imp":0.074,"node":1,"deg":3,"term":0,"major":0},"geometry":{"type":"Point","coordinates":[20.022329,50.057822]}},{"type":"Feature","properties":{"id":"s71","name":"Siwka","bus":1,"tram":0,"n":1,"imp":0.054,"node":0,"deg":2,"term":0,"major":0},"geometry":{"type":"Point","coordinates":[20.01566,50.057822]}},{"type":"Feature","properties":{"id":"s72","name":"Ogłęczyzna","bus":1,"tram":0,"n":2,"imp":0.109,"node":1,"deg":4,"term":0,"major":0},"geometry":{"type":"Point","coordinates":[20.016837,50.057822]}},{"type":"Feature","properties":{"id":"s73","name":"Na Załęczu","bus":1,"tram":0,"n":2,"imp":0.09,"node":1,"deg":3,"term":0,"major":0},"geometry":{"type":"Point","coordinates":[20.019583,50.059584]}},{"type":"Feature","properties":{"id":"s74","name":"Podbipięty","bus":1,"tram":0,"n":1,"imp":0.054,"node":0,"deg":2,"term":0,"major":0},"geometry":{"type":"Point","coordinates":[20.025076,50.056059]}},{"type":"Feature","properties":{"id":"s75","name":"Lesisko","bus":1,"tram":0,"n":4,"imp":0.189,"node":1,"deg":4,"term":1,"major":1},"geometry":{"type":"Point","coordinates":[20.027822,50.054296]}},{"type":"Feature","properties":{"id":"s76","name":"Lasek Mogilski","bus":1,"tram":0,"n":2,"imp":0.07,"node":0,"deg":2,"term":0,"major":0},"geometry":{"type":"Point","coordinates":[20.027822,50.056059]}},{"type":"Feature","properties":{"id":"s77","name":"Stare Wiślisko","bus":1,"tram":0,"n":2,"imp":0.07,"node":0,"deg":2,"term":0,"major":0},"geometry":{"type":"Point","coordinates":[20.027822,50.057822]}},{"type":"Feature","properties":{"id":"s78","name":"Klasztor Cystersów","bus":1,"tram":0,"n":2,"imp":0.07,"node":0,"deg":2,"term":0,"major":0},"geometry":{"type":"Point","coordinates":[20.027822,50.059584]}},{"type":"Feature","properties":{"id":"s79","name":"Sieroszewskiego","bus":1,"tram":0,"n":2,"imp":0.07,"node":0,"deg":2,"term":0,"major":0},"geometry":{"type":"Point","coordinates":[20.027822,50.061347]}},{"type":"Feature","properties":{"id":"s80","name":"Szpital Żeromskiego","bus":1,"tram":0,"n":2,"imp":0.07,"node":0,"deg":2,"term":0,"major":0},"geometry":{"type":"Point","coordinates":[20.027822,50.06311]}},{"type":"Feature","properties":{"id":"s81","name":"Os. Na Skarpie","bus":1,"tram":1,"n":7,"imp":0.221,"node":1,"deg":4,"term":0,"major":1},"geometry":{"type":"Point","coordinates":[20.027822,50.064872]}},{"type":"Feature","properties":{"id":"s82","name":"Klasztorna","bus":1,"tram":1,"n":7,"imp":0.24,"node":1,"deg":5,"term":0,"major":1},"geometry":{"type":"Point","coordinates":[20.030569,50.064872]}},{"type":"Feature","properties":{"id":"s83","name":"Os. Wandy","bus":1,"tram":0,"n":2,"imp":0.07,"node":0,"deg":2,"term":0,"major":0},"geometry":{"type":"Point","coordinates":[20.029196,50.064872]}},{"type":"Feature","properties":{"id":"s84","name":"Os. Willowe","bus":1,"tram":0,"n":4,"imp":0.16,"node":1,"deg":5,"term":0,"major":0},"geometry":{"type":"Point","coordinates":[20.030569,50.068398]}},{"type":"Feature","properties":{"id":"s85","name":"Zalew Nowohucki","bus":1,"tram":1,"n":7,"imp":0.264,"node":1,"deg":5,"term":1,"major":1},"geometry":{"type":"Point","coordinates":[20.030569,50.07016]}},{"type":"Feature","properties":{"id":"s86","name":"Zajezdnia Nowa Huta","bus":1,"tram":1,"n":3,"imp":0.142,"node":1,"deg":2,"term":1,"major":0},"geometry":{"type":"Point","coordinates":[20.036062,50.075448]}},{"type":"Feature","properties":{"id":"s87","name":"Elektromontaż","bus":1,"tram":1,"n":3,"imp":0.157,"node":1,"deg":4,"term":0,"major":0},"geometry":{"type":"Point","coordinates":[20.036062,50.077211]}},{"type":"Feature","properties":{"id":"s88","name":"Lubocza SKA","bus":1,"tram":0,"n":2,"imp":0.07,"node":0,"deg":2,"term":0,"major":0},"geometry":{"type":"Point","coordinates":[20.038808,50.078533]}},{"type":"Feature","properties":{"id":"s89","name":"Lubocza Bugaj","bus":1,"tram":0,"n":3,"imp":0.106,"node":1,"deg":3,"term":0,"major":0},"geometry":{"type":"Point","coordinates":[20.038808,50.080736]}},{"type":"Feature","properties":{"id":"s90","name":"Lubocza Przychodnia","bus":1,"tram":0,"n":3,"imp":0.086,"node":0,"deg":2,"term":0,"major":0},"geometry":{"type":"Point","coordinates":[20.040181,50.081618]}},{"type":"Feature","properties":{"id":"s91","name":"Lubocza Szkoła","bus":1,"tram":0,"n":3,"imp":0.106,"node":1,"deg":3,"term":0,"major":0},"geometry":{"type":"Point","coordinates":[20.041555,50.082499]}},{"type":"Feature","properties":{"id":"s92","name":"Lubocza Trafo","bus":1,"tram":0,"n":2,"imp":0.07,"node":0,"deg":2,"term":0,"major":0},"geometry":{"type":"Point","coordinates":[20.044301,50.082499]}},{"type":"Feature","properties":{"id":"s93","name":"Wadowska","bus":1,"tram":0,"n":2,"imp":0.07,"node":0,"deg":2,"term":0,"major":0},"geometry":{"type":"Point","coordinates":[20.047048,50.082499]}},{"type":"Feature","properties":{"id":"s94","name":"Wadów","bus":1,"tram":0,"n":2,"imp":0.07,"node":0,"deg":2,"term":0,"major":0},"geometry":{"type":"Point","coordinates":[20.049794,50.082499]}},{"type":"Feature","properties":{"id":"s95","name":"Wadów Szkoła","bus":1,"tram":0,"n":3,"imp":0.106,"node":1,"deg":3,"term":0,"major":0},"geometry":{"type":"Point","coordinates":[20.05254,50.082499]}},{"type":"Feature","properties":{"id":"s96","name":"Wadów Osiedle","bus":1,"tram":0,"n":3,"imp":0.086,"node":0,"deg":2,"term":0,"major":0},"geometry":{"type":"Point","coordinates":[20.051167,50.08338]}},{"type":"Feature","properties":{"id":"s97","name":"Łuczanowice Skrzyżowanie","bus":1,"tram":0,"n":3,"imp":0.086,"node":0,"deg":2,"term":0,"major":0},"geometry":{"type":"Point","coordinates":[20.049794,50.084262]}},{"type":"Feature","properties":{"id":"s98","name":"Bystronia","bus":1,"tram":0,"n":3,"imp":0.086,"node":0,"deg":2,"term":0,"major":0},"geometry":{"type":"Point","coordinates":[20.048421,50.085143]}},{"type":"Feature","properties":{"id":"s99","name":"Łuczanowice","bus":1,"tram":0,"n":3,"imp":0.125,"node":1,"deg":4,"term":0,"major":0},"geometry":{"type":"Point","coordinates":[20.047048,50.086024]}},{"type":"Feature","properties":{"id":"s100","name":"Wadów Os. Kolejowe","bus":1,"tram":0,"n":1,"imp":0.054,"node":0,"deg":2,"term":0,"major":0},"geometry":{"type":"Point","coordinates":[20.052697,50.078873]}},{"type":"Feature","properties":{"id":"s101","name":"Wadów Glinik","bus":1,"tram":0,"n":1,"imp":0.054,"node":0,"deg":2,"term":0,"major":0},"geometry":{"type":"Point","coordinates":[20.056739,50.076279]}},{"type":"Feature","properties":{"id":"s102","name":"Giedroycia","bus":1,"tram":0,"n":1,"imp":0.054,"node":0,"deg":2,"term":0,"major":0},"geometry":{"type":"Point","coordinates":[20.038165,50.060934]}},{"type":"Feature","properties":{"id":"s103","name":"Pleszów","bus":1,"tram":1,"n":8,"imp":0.39,"node":1,"deg":2,"term":1,"major":1},"geometry":{"type":"Point","coordinates":[20.055287,50.06311]}},{"type":"Feature","properties":{"id":"s104","name":"Brama nr 8","bus":1,"tram":0,"n":6,"imp":0.134,"node":0,"deg":2,"term":0,"major":0},"geometry":{"type":"Point","coordinates":[20.056774,50.064064]}},{"type":"Feature","properties":{"id":"s105","name":"Szymańskiego","bus":1,"tram":0,"n":6,"imp":0.134,"node":0,"deg":2,"term":0,"major":0},"geometry":{"type":"Point","coordinates":[20.059748,50.065973]}},{"type":"Feature","properties":{"id":"s106","name":"Wyciąska","bus":1,"tram":0,"n":6,"imp":0.192,"node":1,"deg":5,"term":0,"major":1},"geometry":{"type":"Point","coordinates":[20.063526,50.066635]}},{"type":"Feature","properties":{"id":"s107","name":"Cmentarz Ruszcza","bus":1,"tram":0,"n":3,"imp":0.086,"node":0,"deg":2,"term":0,"major":0},"geometry":{"type":"Point","coordinates":[20.06078,50.069795]}},{"type":"Feature","properties":{"id":"s108","name":"Ruszcza","bus":1,"tram":0,"n":3,"imp":0.11,"node":1,"deg":2,"term":1,"major":0},"geometry":{"type":"Point","coordinates":[20.06078,50.073686]}},{"type":"Feature","properties":{"id":"s109","name":"Janówka","bus":1,"tram":0,"n":2,"imp":0.07,"node":0,"deg":2,"term":0,"major":0},"geometry":{"type":"Point","coordinates":[20.065629,50.067985]}},{"type":"Feature","properties":{"id":"s110","name":"Błonia Kościelnickie","bus":1,"tram":0,"n":2,"imp":0.07,"node":0,"deg":2,"term":0,"major":0},"geometry":{"type":"Point","coordinates":[20.067732,50.069334]}},{"type":"Feature","properties":{"id":"s111","name":"Kościelniki","bus":1,"tram":0,"n":2,"imp":0.07,"node":0,"deg":2,"term":0,"major":0},"geometry":{"type":"Point","coordinates":[20.069019,50.070901]}},{"type":"Feature","properties":{"id":"s112","name":"Zabłocie Kościelnickie","bus":1,"tram":0,"n":2,"imp":0.07,"node":0,"deg":2,"term":0,"major":0},"geometry":{"type":"Point","coordinates":[20.069019,50.074718]}},{"type":"Feature","properties":{"id":"s113","name":"Resztówka","bus":1,"tram":0,"n":2,"imp":0.07,"node":0,"deg":2,"term":0,"major":0},"geometry":{"type":"Point","coordinates":[20.069019,50.076627]}},{"type":"Feature","properties":{"id":"s114","name":"Ostafina","bus":1,"tram":0,"n":2,"imp":0.07,"node":0,"deg":2,"term":0,"major":0},"geometry":{"type":"Point","coordinates":[20.069019,50.078536]}},{"type":"Feature","properties":{"id":"s115","name":"Hektary","bus":1,"tram":0,"n":2,"imp":0.07,"node":0,"deg":2,"term":0,"major":0},"geometry":{"type":"Point","coordinates":[20.069019,50.080444]}},{"type":"Feature","properties":{"id":"s116","name":"Wróżenice Górka","bus":1,"tram":0,"n":2,"imp":0.07,"node":0,"deg":2,"term":0,"major":0},"geometry":{"type":"Point","coordinates":[20.069019,50.082353]}},{"type":"Feature","properties":{"id":"s117","name":"Wróżenice","bus":1,"tram":0,"n":2,"imp":0.094,"node":1,"deg":2,"term":1,"major":0},"geometry":{"type":"Point","coordinates":[20.069019,50.084262]}},{"type":"Feature","properties":{"id":"s118","name":"Wróżenicka","bus":1,"tram":0,"n":1,"imp":0.054,"node":0,"deg":2,"term":0,"major":0},"geometry":{"type":"Point","coordinates":[20.069019,50.0872]}},{"type":"Feature","properties":{"id":"s119","name":"Wyciąże Północ","bus":1,"tram":0,"n":2,"imp":0.07,"node":0,"deg":2,"term":0,"major":0},"geometry":{"type":"Point","coordinates":[20.063887,50.064641]}},{"type":"Feature","properties":{"id":"s120","name":"Czeczeńska","bus":1,"tram":0,"n":2,"imp":0.07,"node":0,"deg":2,"term":0,"major":0},"geometry":{"type":"Point","coordinates":[20.066189,50.063163]}},{"type":"Feature","properties":{"id":"s121","name":"Cło","bus":1,"tram":0,"n":2,"imp":0.07,"node":0,"deg":2,"term":0,"major":0},"geometry":{"type":"Point","coordinates":[20.068492,50.061685]}},{"type":"Feature","properties":{"id":"s122","name":"Zakępie","bus":1,"tram":0,"n":2,"imp":0.07,"node":0,"deg":2,"term":0,"major":0},"geometry":{"type":"Point","coordinates":[20.073097,50.05873]}},{"type":"Feature","properties":{"id":"s123","name":"ks. Luzara","bus":1,"tram":0,"n":2,"imp":0.07,"node":0,"deg":2,"term":0,"major":0},"geometry":{"type":"Point","coordinates":[20.0754,50.057252]}},{"type":"Feature","properties":{"id":"s124","name":"Betonowa","bus":1,"tram":0,"n":2,"imp":0.07,"node":0,"deg":2,"term":0,"major":0},"geometry":{"type":"Point","coordinates":[20.077702,50.055774]}},{"type":"Feature","properties":{"id":"s125","name":"Wolica Most","bus":1,"tram":0,"n":3,"imp":0.106,"node":1,"deg":3,"term":0,"major":0},"geometry":{"type":"Point","coordinates":[20.080005,50.054296]}},{"type":"Feature","properties":{"id":"s126","name":"Wyciąże Sklep","bus":1,"tram":0,"n":3,"imp":0.086,"node":0,"deg":2,"term":0,"major":0},"geometry":{"type":"Point","coordinates":[20.065368,50.065453]}},{"type":"Feature","properties":{"id":"s127","name":"Tymiankowa","bus":1,"tram":0,"n":3,"imp":0.086,"node":0,"deg":2,"term":0,"major":0},"geometry":{"type":"Point","coordinates":[20.06721,50.064271]}},{"type":"Feature","properties":{"id":"s128","name":"Podstawie","bus":1,"tram":0,"n":3,"imp":0.086,"node":0,"deg":2,"term":0,"major":0},"geometry":{"type":"Point","coordinates":[20.069052,50.063088]}},{"type":"Feature","properties":{"id":"s129","name":"Drożyska","bus":1,"tram":0,"n":3,"imp":0.086,"node":0,"deg":2,"term":0,"major":0},"geometry":{"type":"Point","coordinates":[20.070894,50.061906]}},{"type":"Feature","properties":{"id":"s130","name":"Przylasek Wyciąski","bus":1,"tram":0,"n":3,"imp":0.086,"node":0,"deg":2,"term":0,"major":0},"geometry":{"type":"Point","coordinates":[20.072737,50.060724]}},{"type":"Feature","properties":{"id":"s131","name":"Siejówka","bus":1,"tram":0,"n":3,"imp":0.086,"node":0,"deg":2,"term":0,"major":0},"geometry":{"type":"Point","coordinates":[20.074579,50.059542]}},{"type":"Feature","properties":{"id":"s132","name":"Bartnicza","bus":1,"tram":0,"n":3,"imp":0.086,"node":0,"deg":2,"term":0,"major":0},"geometry":{"type":"Point","coordinates":[20.076421,50.058359]}},{"type":"Feature","properties":{"id":"s133","name":"Wolica Szkoła","bus":1,"tram":0,"n":3,"imp":0.086,"node":0,"deg":2,"term":0,"major":0},"geometry":{"type":"Point","coordinates":[20.078263,50.057177]}},{"type":"Feature","properties":{"id":"s134","name":"Wolica Kościół","bus":1,"tram":0,"n":3,"imp":0.086,"node":0,"deg":2,"term":0,"major":0},"geometry":{"type":"Point","coordinates":[20.080005,50.055968]}},{"type":"Feature","properties":{"id":"s135","name":"Czyżyny Dworzec","bus":1,"tram":0,"n":8,"imp":0.358,"node":1,"deg":2,"term":1,"major":1},"geometry":{"type":"Point","coordinates":[20.005851,50.077211]}},{"type":"Feature","properties":{"id":"s136","name":"Cedyńska","bus":1,"tram":0,"n":1,"imp":0.054,"node":0,"deg":2,"term":0,"major":0},"geometry":{"type":"Point","coordinates":[19.999956,50.085766]}},{"type":"Feature","properties":{"id":"s137","name":"Os. Akademickie","bus":1,"tram":0,"n":6,"imp":0.154,"node":1,"deg":3,"term":0,"major":0},"geometry":{"type":"Point","coordinates":[19.992119,50.086024]}},{"type":"Feature","properties":{"id":"s138","name":"Szlifierska","bus":1,"tram":0,"n":2,"imp":0.07,"node":0,"deg":2,"term":0,"major":0},"geometry":{"type":"Point","coordinates":[20.070795,50.060208]}},{"type":"Feature","properties":{"id":"s139","name":"Leszka Białego","bus":1,"tram":0,"n":4,"imp":0.122,"node":1,"deg":3,"term":0,"major":0},"geometry":{"type":"Point","coordinates":[20.022329,50.086024]}},{"type":"Feature","properties":{"id":"s140","name":"Nowolipki","bus":1,"tram":0,"n":2,"imp":0.09,"node":1,"deg":3,"term":0,"major":0},"geometry":{"type":"Point","coordinates":[20.016837,50.086024]}},{"type":"Feature","properties":{"id":"s141","name":"Orkana","bus":1,"tram":0,"n":2,"imp":0.07,"node":0,"deg":2,"term":0,"major":0},"geometry":{"type":"Point","coordinates":[20.029196,50.069279]}},{"type":"Feature","properties":{"id":"s142","name":"Elektrociepłownia","bus":1,"tram":0,"n":1,"imp":0.054,"node":0,"deg":2,"term":0,"major":0},"geometry":{"type":"Point","coordinates":[20.009774,50.057822]}},{"type":"Feature","properties":{"id":"s143","name":"Isep","bus":1,"tram":0,"n":1,"imp":0.054,"node":0,"deg":2,"term":0,"major":0},"geometry":{"type":"Point","coordinates":[20.013305,50.057822]}},{"type":"Feature","properties":{"id":"s144","name":"Stręcka","bus":1,"tram":0,"n":1,"imp":0.054,"node":0,"deg":2,"term":0,"major":0},"geometry":{"type":"Point","coordinates":[20.012128,50.057822]}},{"type":"Feature","properties":{"id":"s145","name":"Bulwarowa","bus":1,"tram":0,"n":3,"imp":0.106,"node":1,"deg":3,"term":0,"major":0},"geometry":{"type":"Point","coordinates":[20.033315,50.066635]}},{"type":"Feature","properties":{"id":"s146","name":"Wiklinowa","bus":1,"tram":0,"n":1,"imp":0.054,"node":0,"deg":2,"term":0,"major":0},"geometry":{"type":"Point","coordinates":[20.014482,50.057822]}},{"type":"Feature","properties":{"id":"s147","name":"Kampus UJ","bus":1,"tram":1,"n":6,"imp":0.166,"node":0,"deg":2,"term":0,"major":0},"geometry":{"type":"Point","coordinates":[19.903,50.024331]}},{"type":"Feature","properties":{"id":"s148","name":"Kampus UP JP II","bus":1,"tram":1,"n":6,"imp":0.166,"node":0,"deg":2,"term":0,"major":0},"geometry":{"type":"Point","coordinates":[19.898928,50.024331]}},{"type":"Feature","properties":{"id":"s149","name":"Czerwone Maki P+R","bus":1,"tram":1,"n":17,"imp":0.77,"node":1,"deg":3,"term":1,"major":1},"geometry":{"type":"Point","coordinates":[19.895993,50.022568]}},{"type":"Feature","properties":{"id":"s150","name":"Klimeckiego","bus":1,"tram":1,"n":5,"imp":0.189,"node":1,"deg":4,"term":0,"major":1},"geometry":{"type":"Point","coordinates":[19.97564,50.049008]}},{"type":"Feature","properties":{"id":"s151","name":"Kliny Zacisze","bus":1,"tram":0,"n":6,"imp":0.154,"node":1,"deg":3,"term":0,"major":0},"geometry":{"type":"Point","coordinates":[19.906979,50.008467]}},{"type":"Feature","properties":{"id":"s152","name":"Kliny","bus":1,"tram":0,"n":6,"imp":0.235,"node":1,"deg":1,"term":1,"major":1},"geometry":{"type":"Point","coordinates":[19.901486,50.004942]}},{"type":"Feature","properties":{"id":"s153","name":"Komorowskiego","bus":1,"tram":1,"n":4,"imp":0.134,"node":0,"deg":2,"term":0,"major":0},"geometry":{"type":"Point","coordinates":[19.911334,50.056059]}},{"type":"Feature","properties":{"id":"s154","name":"Salwator","bus":1,"tram":1,"n":11,"imp":0.486,"node":1,"deg":2,"term":1,"major":1},"geometry":{"type":"Point","coordinates":[19.904232,50.052534]}},{"type":"Feature","properties":{"id":"s155","name":"Malczewskiego","bus":1,"tram":0,"n":11,"imp":0.234,"node":1,"deg":3,"term":0,"major":1},"geometry":{"type":"Point","coordinates":[19.893246,50.047246]}},{"type":"Feature","properties":{"id":"s156","name":"Wodociągowa","bus":1,"tram":0,"n":11,"imp":0.214,"node":0,"deg":2,"term":0,"major":1},"geometry":{"type":"Point","coordinates":[19.889584,50.047246]}},{"type":"Feature","properties":{"id":"s157","name":"Benedyktowicza","bus":1,"tram":0,"n":11,"imp":0.214,"node":0,"deg":2,"term":0,"major":1},"geometry":{"type":"Point","coordinates":[19.885923,50.047246]}},{"type":"Feature","properties":{"id":"s158","name":"Glinnik","bus":1,"tram":0,"n":11,"imp":0.234,"node":1,"deg":3,"term":0,"major":1},"geometry":{"type":"Point","coordinates":[19.882261,50.047246]}},{"type":"Feature","properties":{"id":"s159","name":"Przegorzały","bus":1,"tram":0,"n":1,"imp":0.074,"node":1,"deg":3,"term":0,"major":0},"geometry":{"type":"Point","coordinates":[19.874021,50.049008]}},{"type":"Feature","properties":{"id":"s160","name":"Na Krępaku","bus":1,"tram":0,"n":10,"imp":0.198,"node":0,"deg":2,"term":0,"major":1},"geometry":{"type":"Point","coordinates":[19.871118,50.045483]}},{"type":"Feature","properties":{"id":"s161","name":"Bielańskie Skały","bus":1,"tram":0,"n":10,"imp":0.198,"node":0,"deg":2,"term":0,"major":1},"geometry":{"type":"Point","coordinates":[19.867077,50.045483]}},{"type":"Feature","properties":{"id":"s162","name":"Wodociągi","bus":1,"tram":0,"n":10,"imp":0.218,"node":1,"deg":3,"term":0,"major":1},"geometry":{"type":"Point","coordinates":[19.863035,50.045483]}},{"type":"Feature","properties":{"id":"s163","name":"Bielany Klasztor","bus":1,"tram":0,"n":8,"imp":0.166,"node":0,"deg":2,"term":0,"major":0},"geometry":{"type":"Point","coordinates":[19.860289,50.045483]}},{"type":"Feature","properties":{"id":"s164","name":"Bielany Szkoła","bus":1,"tram":0,"n":9,"imp":0.202,"node":1,"deg":3,"term":0,"major":1},"geometry":{"type":"Point","coordinates":[19.857543,50.045483]}},{"type":"Feature","properties":{"id":"s165","name":"Bielany","bus":1,"tram":0,"n":9,"imp":0.25,"node":1,"deg":3,"term":1,"major":1},"geometry":{"type":"Point","coordinates":[19.854796,50.045483]}},{"type":"Feature","properties":{"id":"s166","name":"Bielany Obwodnica","bus":1,"tram":0,"n":6,"imp":0.134,"node":0,"deg":2,"term":0,"major":0},"geometry":{"type":"Point","coordinates":[19.849872,50.047246]}},{"type":"Feature","properties":{"id":"s167","name":"Bielany Obwodnica","bus":1,"tram":0,"n":7,"imp":0.174,"node":1,"deg":2,"term":1,"major":1},"geometry":{"type":"Point","coordinates":[19.849303,50.045483]}},{"type":"Feature","properties":{"id":"s168","name":"Skalna","bus":1,"tram":0,"n":2,"imp":0.07,"node":0,"deg":2,"term":0,"major":0},"geometry":{"type":"Point","coordinates":[19.860681,50.043972]}},{"type":"Feature","properties":{"id":"s169","name":"Bielańska","bus":1,"tram":0,"n":2,"imp":0.07,"node":0,"deg":2,"term":0,"major":0},"geometry":{"type":"Point","coordinates":[19.858327,50.042461]}},{"type":"Feature","properties":{"id":"s170","name":"Białe Wzgórze","bus":1,"tram":0,"n":8,"imp":0.166,"node":0,"deg":2,"term":0,"major":0},"geometry":{"type":"Point","coordinates":[19.898337,50.050513]}},{"type":"Feature","properties":{"id":"s171","name":"Instytut Reumatologii","bus":1,"tram":0,"n":4,"imp":0.102,"node":0,"deg":2,"term":0,"major":0},"geometry":{"type":"Point","coordinates":[19.904232,50.059584]}},{"type":"Feature","properties":{"id":"s172","name":"Przegon","bus":1,"tram":0,"n":4,"imp":0.102,"node":0,"deg":2,"term":0,"major":0},"geometry":{"type":"Point","coordinates":[19.895993,50.059584]}},{"type":"Feature","properties":{"id":"s173","name":"Owcy-Orwicza","bus":1,"tram":0,"n":4,"imp":0.102,"node":0,"deg":2,"term":0,"major":0},"geometry":{"type":"Point","coordinates":[19.88638,50.060466]}},{"type":"Feature","properties":{"id":"s174","name":"Tondosa","bus":1,"tram":0,"n":5,"imp":0.138,"node":1,"deg":3,"term":0,"major":0},"geometry":{"type":"Point","coordinates":[19.885007,50.061347]}},{"type":"Feature","properties":{"id":"s175","name":"Lajkonika","bus":1,"tram":0,"n":5,"imp":0.118,"node":0,"deg":2,"term":0,"major":0},"geometry":{"type":"Point","coordinates":[19.883176,50.062522]}},{"type":"Feature","properties":{"id":"s176","name":"Strzelnica","bus":1,"tram":0,"n":5,"imp":0.118,"node":0,"deg":2,"term":0,"major":0},"geometry":{"type":"Point","coordinates":[19.881345,50.063697]}},{"type":"Feature","properties":{"id":"s177","name":"Sielanka","bus":1,"tram":0,"n":6,"imp":0.154,"node":1,"deg":3,"term":0,"major":0},"geometry":{"type":"Point","coordinates":[19.879514,50.064872]}},{"type":"Feature","properties":{"id":"s178","name":"Stara Wola","bus":1,"tram":0,"n":2,"imp":0.09,"node":1,"deg":3,"term":0,"major":0},"geometry":{"type":"Point","coordinates":[19.874021,50.059584]}},{"type":"Feature","properties":{"id":"s179","name":"Baba Jaga","bus":1,"tram":0,"n":2,"imp":0.094,"node":1,"deg":2,"term":1,"major":0},"geometry":{"type":"Point","coordinates":[19.871275,50.057822]}},{"type":"Feature","properties":{"id":"s180","name":"ZOO","bus":1,"tram":0,"n":2,"imp":0.099,"node":1,"deg":1,"term":1,"major":0},"geometry":{"type":"Point","coordinates":[19.865782,50.054296]}},{"type":"Feature","properties":{"id":"s181","name":"Park Decjusza","bus":1,"tram":0,"n":5,"imp":0.138,"node":1,"deg":3,"term":0,"major":0},"geometry":{"type":"Point","coordinates":[19.876768,50.066635]}},{"type":"Feature","properties":{"id":"s182","name":"Kasztanowa","bus":1,"tram":0,"n":3,"imp":0.086,"node":0,"deg":2,"term":0,"major":0},"geometry":{"type":"Point","coordinates":[19.874139,50.064948]}},{"type":"Feature","properties":{"id":"s183","name":"Kopalina","bus":1,"tram":0,"n":3,"imp":0.086,"node":0,"deg":2,"term":0,"major":0},"geometry":{"type":"Point","coordinates":[19.87047,50.064872]}},{"type":"Feature","properties":{"id":"s184","name":"Zielony Dół","bus":1,"tram":0,"n":3,"imp":0.086,"node":0,"deg":2,"term":0,"major":0},"geometry":{"type":"Point","coordinates":[19.866753,50.064872]}},{"type":"Feature","properties":{"id":"s185","name":"Chełm","bus":1,"tram":0,"n":5,"imp":0.224,"node":1,"deg":5,"term":1,"major":1},"geometry":{"type":"Point","coordinates":[19.863035,50.064872]}},{"type":"Feature","properties":{"id":"s186","name":"Chełmska","bus":1,"tram":0,"n":1,"imp":0.054,"node":0,"deg":2,"term":0,"major":0},"geometry":{"type":"Point","coordinates":[19.861696,50.06225]}},{"type":"Feature","properties":{"id":"s187","name":"Rzepichy","bus":1,"tram":0,"n":1,"imp":0.054,"node":0,"deg":2,"term":0,"major":0},"geometry":{"type":"Point","coordinates":[19.858414,50.060144]}},{"type":"Feature","properties":{"id":"s188","name":"Kosmowskiej","bus":1,"tram":0,"n":1,"imp":0.054,"node":0,"deg":2,"term":0,"major":0},"geometry":{"type":"Point","coordinates":[19.857543,50.057397]}},{"type":"Feature","properties":{"id":"s189","name":"Zakamycze","bus":1,"tram":0,"n":1,"imp":0.054,"node":0,"deg":2,"term":0,"major":0},"geometry":{"type":"Point","coordinates":[19.857543,50.054419]}},{"type":"Feature","properties":{"id":"s190","name":"Raczkiewicza","bus":1,"tram":0,"n":2,"imp":0.07,"node":0,"deg":2,"term":0,"major":0},"geometry":{"type":"Point","coordinates":[19.860289,50.064872]}},{"type":"Feature","properties":{"id":"s191","name":"Leśmiana","bus":1,"tram":0,"n":3,"imp":0.106,"node":1,"deg":3,"term":0,"major":0},"geometry":{"type":"Point","coordinates":[19.857543,50.064872]}},{"type":"Feature","properties":{"id":"s192","name":"Olszanica Kapliczka","bus":1,"tram":0,"n":3,"imp":0.086,"node":0,"deg":2,"term":0,"major":0},"geometry":{"type":"Point","coordinates":[19.855483,50.06355]}},{"type":"Feature","properties":{"id":"s193","name":"Cmentarz Olszanica","bus":1,"tram":0,"n":3,"imp":0.086,"node":0,"deg":2,"term":0,"major":0},"geometry":{"type":"Point","coordinates":[19.853423,50.062228]}},{"type":"Feature","properties":{"id":"s194","name":"Olszanica Ogródki Działkowe","bus":1,"tram":0,"n":3,"imp":0.086,"node":0,"deg":2,"term":0,"major":0},"geometry":{"type":"Point","coordinates":[19.851363,50.060906]}},{"type":"Feature","properties":{"id":"s195","name":"Olszanica Bory","bus":1,"tram":0,"n":3,"imp":0.13,"node":1,"deg":3,"term":1,"major":0},"geometry":{"type":"Point","coordinates":[19.849303,50.059584]}},{"type":"Feature","properties":{"id":"s196","name":"Cichy Kącik","bus":1,"tram":1,"n":3,"imp":0.186,"node":1,"deg":3,"term":1,"major":1},"geometry":{"type":"Point","coordinates":[19.893246,50.06311]}},{"type":"Feature","properties":{"id":"s197","name":"Czarnowiejska","bus":1,"tram":0,"n":11,"imp":0.291,"node":1,"deg":6,"term":0,"major":1},"geometry":{"type":"Point","coordinates":[19.912472,50.071923]}},{"type":"Feature","properties":{"id":"s198","name":"Kawiory","bus":1,"tram":0,"n":9,"imp":0.221,"node":1,"deg":4,"term":0,"major":1},"geometry":{"type":"Point","coordinates":[19.904232,50.073686]}},{"type":"Feature","properties":{"id":"s199","name":"Miasteczko Studenckie AGH","bus":1,"tram":0,"n":9,"imp":0.259,"node":1,"deg":6,"term":0,"major":1},"geometry":{"type":"Point","coordinates":[19.895993,50.073686]}},{"type":"Feature","properties":{"id":"s200","name":"Przybyszewskiego","bus":1,"tram":0,"n":7,"imp":0.174,"node":1,"deg":2,"term":1,"major":1},"geometry":{"type":"Point","coordinates":[19.893246,50.073686]}},{"type":"Feature","properties":{"id":"s201","name":"Armii Krajowej","bus":1,"tram":0,"n":6,"imp":0.134,"node":0,"deg":2,"term":0,"major":0},"geometry":{"type":"Point","coordinates":[19.891873,50.074567]}},{"type":"Feature","properties":{"id":"s202","name":"Zarzecze","bus":1,"tram":0,"n":6,"imp":0.154,"node":1,"deg":3,"term":0,"major":0},"geometry":{"type":"Point","coordinates":[19.8905,50.075448]}},{"type":"Feature","properties":{"id":"s203","name":"Urzędnicza","bus":1,"tram":0,"n":3,"imp":0.086,"node":0,"deg":2,"term":0,"major":0},"geometry":{"type":"Point","coordinates":[19.913443,50.076588]}},{"type":"Feature","properties":{"id":"s204","name":"Biprostal","bus":1,"tram":0,"n":7,"imp":0.189,"node":1,"deg":4,"term":0,"major":1},"geometry":{"type":"Point","coordinates":[19.909725,50.078974]}},{"type":"Feature","properties":{"id":"s205","name":"UKEN","bus":1,"tram":0,"n":4,"imp":0.122,"node":1,"deg":3,"term":0,"major":0},"geometry":{"type":"Point","coordinates":[19.904232,50.078974]}},{"type":"Feature","properties":{"id":"s206","name":"Bronowice","bus":1,"tram":0,"n":4,"imp":0.102,"node":0,"deg":2,"term":0,"major":0},"geometry":{"type":"Point","coordinates":[19.89443,50.079977]}},{"type":"Feature","properties":{"id":"s207","name":"Wesele","bus":1,"tram":0,"n":4,"imp":0.102,"node":0,"deg":2,"term":0,"major":0},"geometry":{"type":"Point","coordinates":[19.89271,50.080736]}},{"type":"Feature","properties":{"id":"s208","name":"Friedleina","bus":1,"tram":0,"n":2,"imp":0.07,"node":0,"deg":2,"term":0,"major":0},"geometry":{"type":"Point","coordinates":[19.928381,50.082499]}},{"type":"Feature","properties":{"id":"s209","name":"Bronowice Małe","bus":1,"tram":0,"n":23,"imp":0.877,"node":1,"deg":4,"term":1,"major":1},"geometry":{"type":"Point","coordinates":[19.885007,50.080736]}},{"type":"Feature","properties":{"id":"s210","name":"Giełda Balicka","bus":1,"tram":0,"n":8,"imp":0.166,"node":0,"deg":2,"term":0,"major":0},"geometry":{"type":"Point","coordinates":[19.88129,50.078351]}},{"type":"Feature","properties":{"id":"s211","name":"Lindego","bus":1,"tram":0,"n":9,"imp":0.25,"node":1,"deg":3,"term":1,"major":1},"geometry":{"type":"Point","coordinates":[19.876768,50.077211]}},{"type":"Feature","properties":{"id":"s212","name":"UR Balicka","bus":1,"tram":0,"n":7,"imp":0.15,"node":0,"deg":2,"term":0,"major":0},"geometry":{"type":"Point","coordinates":[19.874937,50.077211]}},{"type":"Feature","properties":{"id":"s213","name":"Godlewskiego","bus":1,"tram":0,"n":7,"imp":0.15,"node":0,"deg":2,"term":0,"major":0},"geometry":{"type":"Point","coordinates":[19.871275,50.077211]}},{"type":"Feature","properties":{"id":"s214","name":"Wierzyńskiego","bus":1,"tram":0,"n":7,"imp":0.15,"node":0,"deg":2,"term":0,"major":0},"geometry":{"type":"Point","coordinates":[19.867613,50.077211]}},{"type":"Feature","properties":{"id":"s215","name":"Cmentarz Mydlniki","bus":1,"tram":0,"n":7,"imp":0.17,"node":1,"deg":3,"term":0,"major":0},"geometry":{"type":"Point","coordinates":[19.865782,50.077211]}},{"type":"Feature","properties":{"id":"s216","name":"Mydlniki Granica Miasta","bus":1,"tram":0,"n":4,"imp":0.102,"node":0,"deg":2,"term":0,"major":0},"geometry":{"type":"Point","coordinates":[19.863035,50.078974]}},{"type":"Feature","properties":{"id":"s217","name":"Mazowiecka","bus":1,"tram":0,"n":4,"imp":0.102,"node":0,"deg":2,"term":0,"major":0},"geometry":{"type":"Point","coordinates":[19.910127,50.082757]}},{"type":"Feature","properties":{"id":"s218","name":"Wrocławska","bus":1,"tram":0,"n":2,"imp":0.07,"node":0,"deg":2,"term":0,"major":0},"geometry":{"type":"Point","coordinates":[19.92232,50.082499]}},{"type":"Feature","properties":{"id":"s219","name":"Urząd Marszałkowski","bus":1,"tram":0,"n":2,"imp":0.07,"node":0,"deg":2,"term":0,"major":0},"geometry":{"type":"Point","coordinates":[19.916758,50.083273]}},{"type":"Feature","properties":{"id":"s220","name":"Łobzów SKA","bus":1,"tram":0,"n":7,"imp":0.227,"node":1,"deg":6,"term":0,"major":1},"geometry":{"type":"Point","coordinates":[19.912472,50.086024]}},{"type":"Feature","properties":{"id":"s221","name":"Radzikowskiego","bus":1,"tram":0,"n":2,"imp":0.09,"node":1,"deg":3,"term":0,"major":0},"geometry":{"type":"Point","coordinates":[19.906979,50.086024]}},{"type":"Feature","properties":{"id":"s222","name":"Glogera","bus":1,"tram":0,"n":3,"imp":0.086,"node":0,"deg":2,"term":0,"major":0},"geometry":{"type":"Point","coordinates":[19.923457,50.101301]}},{"type":"Feature","properties":{"id":"s223","name":"Glogera Granica Miasta","bus":1,"tram":0,"n":3,"imp":0.086,"node":0,"deg":2,"term":0,"major":0},"geometry":{"type":"Point","coordinates":[19.923457,50.102476]}},{"type":"Feature","properties":{"id":"s224","name":"Azory","bus":1,"tram":0,"n":7,"imp":0.285,"node":1,"deg":4,"term":1,"major":1},"geometry":{"type":"Point","coordinates":[19.906979,50.087787]}},{"type":"Feature","properties":{"id":"s225","name":"Różyckiego","bus":1,"tram":0,"n":5,"imp":0.118,"node":0,"deg":2,"term":0,"major":0},"geometry":{"type":"Point","coordinates":[19.909725,50.087787]}},{"type":"Feature","properties":{"id":"s226","name":"Makowskiego","bus":1,"tram":0,"n":7,"imp":0.208,"node":1,"deg":5,"term":0,"major":1},"geometry":{"type":"Point","coordinates":[19.912472,50.087787]}},{"type":"Feature","properties":{"id":"s227","name":"Stachiewicza","bus":1,"tram":0,"n":4,"imp":0.102,"node":0,"deg":2,"term":0,"major":0},"geometry":{"type":"Point","coordinates":[19.912472,50.086906]}},{"type":"Feature","properties":{"id":"s228","name":"Szpital Narutowicza","bus":1,"tram":1,"n":12,"imp":0.282,"node":1,"deg":3,"term":0,"major":1},"geometry":{"type":"Point","coordinates":[19.934443,50.087787]}},{"type":"Feature","properties":{"id":"s229","name":"Bratysławska","bus":1,"tram":1,"n":12,"imp":0.32,"node":1,"deg":5,"term":0,"major":1},"geometry":{"type":"Point","coordinates":[19.931697,50.08955]}},{"type":"Feature","properties":{"id":"s230","name":"Wybickiego","bus":1,"tram":0,"n":4,"imp":0.141,"node":1,"deg":4,"term":0,"major":0},"geometry":{"type":"Point","coordinates":[19.923457,50.087787]}},{"type":"Feature","properties":{"id":"s231","name":"Władysława Łokietka","bus":1,"tram":0,"n":2,"imp":0.07,"node":0,"deg":2,"term":0,"major":0},"geometry":{"type":"Point","coordinates":[19.921113,50.089292]}},{"type":"Feature","properties":{"id":"s232","name":"Batalionu Skała AK","bus":1,"tram":0,"n":10,"imp":0.237,"node":1,"deg":4,"term":0,"major":1},"geometry":{"type":"Point","coordinates":[19.920711,50.091312]}},{"type":"Feature","properties":{"id":"s233","name":"Mehoffera","bus":1,"tram":0,"n":1,"imp":0.054,"node":0,"deg":2,"term":0,"major":0},"geometry":{"type":"Point","coordinates":[19.912138,50.094838]}},{"type":"Feature","properties":{"id":"s234","name":"Bronowice SKA","bus":1,"tram":0,"n":23,"imp":0.445,"node":1,"deg":4,"term":0,"major":1},"geometry":{"type":"Point","coordinates":[19.8905,50.080736]}},{"type":"Feature","properties":{"id":"s235","name":"Rondo Ofiar Katynia","bus":1,"tram":0,"n":18,"imp":0.413,"node":1,"deg":4,"term":1,"major":1},"geometry":{"type":"Point","coordinates":[19.893246,50.086024]}},{"type":"Feature","properties":{"id":"s236","name":"Katowicka","bus":1,"tram":0,"n":9,"imp":0.202,"node":1,"deg":3,"term":0,"major":1},"geometry":{"type":"Point","coordinates":[19.8905,50.087787]}},{"type":"Feature","properties":{"id":"s237","name":"Cmentarz Bronowice","bus":1,"tram":0,"n":7,"imp":0.15,"node":0,"deg":2,"term":0,"major":0},"geometry":{"type":"Point","coordinates":[19.887753,50.087787]}},{"type":"Feature","properties":{"id":"s238","name":"Pasternik","bus":1,"tram":0,"n":7,"imp":0.15,"node":0,"deg":2,"term":0,"major":0},"geometry":{"type":"Point","coordinates":[19.885007,50.087787]}},{"type":"Feature","properties":{"id":"s239","name":"Ojcowska Dworek","bus":1,"tram":0,"n":2,"imp":0.07,"node":0,"deg":2,"term":0,"major":0},"geometry":{"type":"Point","coordinates":[19.8905,50.090036]}},{"type":"Feature","properties":{"id":"s240","name":"Ojcowska Wągroda","bus":1,"tram":0,"n":2,"imp":0.07,"node":0,"deg":2,"term":0,"major":0},"geometry":{"type":"Point","coordinates":[19.891572,50.092001]}},{"type":"Feature","properties":{"id":"s241","name":"Ojcowska","bus":1,"tram":0,"n":2,"imp":0.07,"node":0,"deg":2,"term":0,"major":0},"geometry":{"type":"Point","coordinates":[19.894051,50.093591]}},{"type":"Feature","properties":{"id":"s242","name":"Bronowice Wielkie","bus":1,"tram":0,"n":2,"imp":0.07,"node":0,"deg":2,"term":0,"major":0},"geometry":{"type":"Point","coordinates":[19.896529,50.095182]}},{"type":"Feature","properties":{"id":"s243","name":"Wyki","bus":1,"tram":0,"n":8,"imp":0.224,"node":1,"deg":5,"term":0,"major":1},"geometry":{"type":"Point","coordinates":[19.920711,50.094838]}},{"type":"Feature","properties":{"id":"s244","name":"Skrajna","bus":1,"tram":0,"n":6,"imp":0.134,"node":0,"deg":2,"term":0,"major":0},"geometry":{"type":"Point","coordinates":[19.917964,50.094838]}},{"type":"Feature","properties":{"id":"s245","name":"Jordanowska","bus":1,"tram":0,"n":6,"imp":0.154,"node":1,"deg":3,"term":0,"major":0},"geometry":{"type":"Point","coordinates":[19.915218,50.094838]}},{"type":"Feature","properties":{"id":"s246","name":"Chabrowa","bus":1,"tram":0,"n":5,"imp":0.118,"node":0,"deg":2,"term":0,"major":0},"geometry":{"type":"Point","coordinates":[19.913845,50.095719]}},{"type":"Feature","properties":{"id":"s247","name":"Poziomkowa","bus":1,"tram":0,"n":4,"imp":0.102,"node":0,"deg":2,"term":0,"major":0},"geometry":{"type":"Point","coordinates":[19.909993,50.098191]}},{"type":"Feature","properties":{"id":"s248","name":"Gospodarska","bus":1,"tram":0,"n":4,"imp":0.102,"node":0,"deg":2,"term":0,"major":0},"geometry":{"type":"Point","coordinates":[19.907515,50.099782]}},{"type":"Feature","properties":{"id":"s249","name":"Jęczmienna","bus":1,"tram":0,"n":5,"imp":0.157,"node":1,"deg":4,"term":0,"major":0},"geometry":{"type":"Point","coordinates":[19.906979,50.101888]}},{"type":"Feature","properties":{"id":"s250","name":"Na Budzyniu","bus":1,"tram":0,"n":3,"imp":0.086,"node":0,"deg":2,"term":0,"major":0},"geometry":{"type":"Point","coordinates":[19.904232,50.100126]}},{"type":"Feature","properties":{"id":"s251","name":"Tonie","bus":1,"tram":0,"n":3,"imp":0.11,"node":1,"deg":2,"term":1,"major":0},"geometry":{"type":"Point","coordinates":[19.901486,50.098363]}},{"type":"Feature","properties":{"id":"s252","name":"Tonie Gliniki","bus":1,"tram":0,"n":2,"imp":0.07,"node":0,"deg":2,"term":0,"major":0},"geometry":{"type":"Point","coordinates":[19.904824,50.103271]}},{"type":"Feature","properties":{"id":"s253","name":"Na Zielonki","bus":1,"tram":0,"n":2,"imp":0.09,"node":1,"deg":3,"term":0,"major":0},"geometry":{"type":"Point","coordinates":[19.909725,50.103651]}},{"type":"Feature","properties":{"id":"s254","name":"Orszy-Broniewskiego","bus":1,"tram":0,"n":1,"imp":0.054,"node":0,"deg":2,"term":0,"major":0},"geometry":{"type":"Point","coordinates":[19.878599,50.015518]}},{"type":"Feature","properties":{"id":"s255","name":"Kozienicka","bus":1,"tram":0,"n":1,"imp":0.054,"node":0,"deg":2,"term":0,"major":0},"geometry":{"type":"Point","coordinates":[19.874937,50.015518]}},{"type":"Feature","properties":{"id":"s256","name":"Pachońskiego P+R","bus":1,"tram":1,"n":12,"imp":0.32,"node":1,"deg":5,"term":0,"major":1},"geometry":{"type":"Point","coordinates":[19.92895,50.0966]}},{"type":"Feature","properties":{"id":"s257","name":"Prądnik Biały","bus":1,"tram":0,"n":2,"imp":0.099,"node":1,"deg":1,"term":1,"major":0},"geometry":{"type":"Point","coordinates":[19.934443,50.100126]}},{"type":"Feature","properties":{"id":"s258","name":"Pielęgniarek","bus":1,"tram":0,"n":1,"imp":0.054,"node":0,"deg":2,"term":0,"major":0},"geometry":{"type":"Point","coordinates":[19.934845,50.089808]}},{"type":"Feature","properties":{"id":"s259","name":"Lekarska","bus":1,"tram":0,"n":1,"imp":0.074,"node":1,"deg":3,"term":0,"major":0},"geometry":{"type":"Point","coordinates":[19.93719,50.091312]}},{"type":"Feature","properties":{"id":"s260","name":"Szpital Jana Pawła II","bus":1,"tram":0,"n":4,"imp":0.122,"node":1,"deg":3,"term":0,"major":0},"geometry":{"type":"Point","coordinates":[19.93719,50.093075]}},{"type":"Feature","properties":{"id":"s261","name":"Szpital Okulistyczny","bus":1,"tram":0,"n":1,"imp":0.078,"node":1,"deg":2,"term":1,"major":0},"geometry":{"type":"Point","coordinates":[20.027822,50.08955]}},{"type":"Feature","properties":{"id":"s262","name":"Krowodrza Górka P+R","bus":1,"tram":1,"n":22,"imp":0.854,"node":1,"deg":7,"term":1,"major":1},"geometry":{"type":"Point","coordinates":[19.931697,50.093075]}},{"type":"Feature","properties":{"id":"s263","name":"Krowoderskich Zuchów","bus":1,"tram":0,"n":6,"imp":0.173,"node":1,"deg":4,"term":0,"major":1},"geometry":{"type":"Point","coordinates":[19.923457,50.093075]}},{"type":"Feature","properties":{"id":"s264","name":"Opolska Kładka","bus":1,"tram":0,"n":2,"imp":0.109,"node":1,"deg":4,"term":0,"major":0},"geometry":{"type":"Point","coordinates":[19.926204,50.094838]}},{"type":"Feature","properties":{"id":"s265","name":"Imbramowska","bus":1,"tram":0,"n":5,"imp":0.118,"node":0,"deg":2,"term":0,"major":0},"geometry":{"type":"Point","coordinates":[19.950353,50.091312]}},{"type":"Feature","properties":{"id":"s266","name":"Mackiewicza","bus":1,"tram":0,"n":6,"imp":0.173,"node":1,"deg":4,"term":0,"major":1},"geometry":{"type":"Point","coordinates":[19.945429,50.093075]}},{"type":"Feature","properties":{"id":"s267","name":"Siewna Wiadukt","bus":1,"tram":1,"n":8,"imp":0.256,"node":1,"deg":5,"term":0,"major":1},"geometry":{"type":"Point","coordinates":[19.948175,50.0966]}},{"type":"Feature","properties":{"id":"s268","name":"Siewna","bus":1,"tram":0,"n":3,"imp":0.106,"node":1,"deg":3,"term":0,"major":0},"geometry":{"type":"Point","coordinates":[19.948175,50.098363]}},{"type":"Feature","properties":{"id":"s269","name":"Dożynkowa","bus":1,"tram":0,"n":2,"imp":0.07,"node":0,"deg":2,"term":0,"major":0},"geometry":{"type":"Point","coordinates":[19.945697,50.099954]}},{"type":"Feature","properties":{"id":"s270","name":"Os. Witkowice Nowe","bus":1,"tram":0,"n":2,"imp":0.07,"node":0,"deg":2,"term":0,"major":0},"geometry":{"type":"Point","coordinates":[19.943219,50.101544]}},{"type":"Feature","properties":{"id":"s271","name":"Witkowice","bus":1,"tram":0,"n":2,"imp":0.094,"node":1,"deg":2,"term":1,"major":0},"geometry":{"type":"Point","coordinates":[19.942682,50.103651]}},{"type":"Feature","properties":{"id":"s272","name":"Os. Marszowiec","bus":1,"tram":0,"n":2,"imp":0.07,"node":0,"deg":2,"term":0,"major":0},"geometry":{"type":"Point","coordinates":[19.942682,50.106295]}},{"type":"Feature","properties":{"id":"s273","name":"Łuczanowicka","bus":1,"tram":0,"n":1,"imp":0.054,"node":0,"deg":2,"term":0,"major":0},"geometry":{"type":"Point","coordinates":[20.044301,50.084262]}},{"type":"Feature","properties":{"id":"s274","name":"Zawodzie","bus":1,"tram":0,"n":2,"imp":0.07,"node":0,"deg":2,"term":0,"major":0},"geometry":{"type":"Point","coordinates":[19.952697,50.095461]}},{"type":"Feature","properties":{"id":"s275","name":"ks. Meiera","bus":1,"tram":0,"n":8,"imp":0.282,"node":1,"deg":8,"term":0,"major":1},"geometry":{"type":"Point","coordinates":[19.961908,50.0966]}},{"type":"Feature","properties":{"id":"s276","name":"Górka Narodowa P+R","bus":1,"tram":1,"n":17,"imp":0.746,"node":1,"deg":3,"term":1,"major":1},"geometry":{"type":"Point","coordinates":[19.961908,50.103651]}},{"type":"Feature","properties":{"id":"s277","name":"Chełmońskiego","bus":1,"tram":0,"n":1,"imp":0.054,"node":0,"deg":2,"term":0,"major":0},"geometry":{"type":"Point","coordinates":[19.906576,50.089808]}},{"type":"Feature","properties":{"id":"s278","name":"Zakliki","bus":1,"tram":0,"n":7,"imp":0.15,"node":0,"deg":2,"term":0,"major":0},"geometry":{"type":"Point","coordinates":[19.869444,50.077211]}},{"type":"Feature","properties":{"id":"s279","name":"Piastowska","bus":1,"tram":0,"n":5,"imp":0.157,"node":1,"deg":4,"term":0,"major":0},"geometry":{"type":"Point","coordinates":[19.887753,50.059584]}},{"type":"Feature","properties":{"id":"s280","name":"Aleja 29 Listopada Wiadukt","bus":1,"tram":0,"n":2,"imp":0.07,"node":0,"deg":2,"term":0,"major":0},"geometry":{"type":"Point","coordinates":[19.959161,50.094838]}},{"type":"Feature","properties":{"id":"s281","name":"Grabowa","bus":1,"tram":0,"n":2,"imp":0.07,"node":0,"deg":2,"term":0,"major":0},"geometry":{"type":"Point","coordinates":[19.869333,50.066635]}},{"type":"Feature","properties":{"id":"s282","name":"Clepardia","bus":1,"tram":0,"n":3,"imp":0.086,"node":0,"deg":2,"term":0,"major":0},"geometry":{"type":"Point","coordinates":[19.947773,50.09458]}},{"type":"Feature","properties":{"id":"s283","name":"Gaik","bus":1,"tram":0,"n":2,"imp":0.07,"node":0,"deg":2,"term":0,"major":0},"geometry":{"type":"Point","coordinates":[19.899007,50.096772]}},{"type":"Feature","properties":{"id":"s284","name":"Krowodrza Urzędy Skarbowe","bus":1,"tram":0,"n":1,"imp":0.054,"node":0,"deg":2,"term":0,"major":0},"geometry":{"type":"Point","coordinates":[19.927577,50.090431]}},{"type":"Feature","properties":{"id":"s285","name":"Conrada","bus":1,"tram":0,"n":4,"imp":0.141,"node":1,"deg":4,"term":0,"major":0},"geometry":{"type":"Point","coordinates":[19.901486,50.08955]}},{"type":"Feature","properties":{"id":"s286","name":"Sudolska","bus":1,"tram":0,"n":4,"imp":0.102,"node":0,"deg":2,"term":0,"major":0},"geometry":{"type":"Point","coordinates":[19.961908,50.093956]}},{"type":"Feature","properties":{"id":"s287","name":"Jasnogórska","bus":1,"tram":0,"n":5,"imp":0.138,"node":1,"deg":3,"term":0,"major":0},"geometry":{"type":"Point","coordinates":[19.895993,50.094838]}},{"type":"Feature","properties":{"id":"s288","name":"Mydlniki Wapiennik SKA P+R","bus":1,"tram":0,"n":3,"imp":0.139,"node":1,"deg":1,"term":1,"major":0},"geometry":{"type":"Point","coordinates":[19.865782,50.082499]}},{"type":"Feature","properties":{"id":"s289","name":"Kuźnicy Kołłątajowskiej","bus":1,"tram":1,"n":6,"imp":0.205,"node":1,"deg":4,"term":0,"major":1},"geometry":{"type":"Point","coordinates":[19.956415,50.098363]}},{"type":"Feature","properties":{"id":"s290","name":"Natansona","bus":1,"tram":0,"n":2,"imp":0.07,"node":0,"deg":2,"term":0,"major":0},"geometry":{"type":"Point","coordinates":[19.952295,50.098363]}},{"type":"Feature","properties":{"id":"s291","name":"Torfowa","bus":1,"tram":0,"n":3,"imp":0.086,"node":0,"deg":2,"term":0,"major":0},"geometry":{"type":"Point","coordinates":[19.906429,50.01869]}},{"type":"Feature","properties":{"id":"s292","name":"Architektów","bus":1,"tram":0,"n":3,"imp":0.125,"node":1,"deg":4,"term":0,"major":0},"geometry":{"type":"Point","coordinates":[20.025076,50.087787]}},{"type":"Feature","properties":{"id":"s293","name":"Panieńskich Skał","bus":1,"tram":0,"n":2,"imp":0.07,"node":0,"deg":2,"term":0,"major":0},"geometry":{"type":"Point","coordinates":[19.87305,50.066635]}},{"type":"Feature","properties":{"id":"s294","name":"Os. Gotyk","bus":1,"tram":0,"n":4,"imp":0.126,"node":1,"deg":2,"term":1,"major":0},"geometry":{"type":"Point","coordinates":[19.964654,50.098363]}},{"type":"Feature","properties":{"id":"s295","name":"Banacha","bus":1,"tram":0,"n":7,"imp":0.189,"node":1,"deg":4,"term":0,"major":1},"geometry":{"type":"Point","coordinates":[19.961908,50.100126]}},{"type":"Feature","properties":{"id":"s296","name":"Gerlaha","bus":1,"tram":0,"n":5,"imp":0.118,"node":0,"deg":2,"term":0,"major":0},"geometry":{"type":"Point","coordinates":[20.031942,50.092194]}},{"type":"Feature","properties":{"id":"s297","name":"Muzeum Armii Krajowej","bus":1,"tram":0,"n":1,"imp":0.054,"node":0,"deg":2,"term":0,"major":0},"geometry":{"type":"Point","coordinates":[19.950922,50.079855]}},{"type":"Feature","properties":{"id":"s298","name":"Dworzec Główny Wschód","bus":1,"tram":1,"n":11,"imp":0.491,"node":1,"deg":6,"term":1,"major":1},"geometry":{"type":"Point","coordinates":[19.950922,50.073686]}},{"type":"Feature","properties":{"id":"s299","name":"Stawowa","bus":1,"tram":0,"n":7,"imp":0.17,"node":1,"deg":3,"term":0,"major":0},"geometry":{"type":"Point","coordinates":[19.895993,50.091312]}},{"type":"Feature","properties":{"id":"s300","name":"Bronowice Wielkie Wschód","bus":1,"tram":0,"n":2,"imp":0.118,"node":1,"deg":2,"term":1,"major":0},"geometry":{"type":"Point","coordinates":[19.904232,50.091312]}},{"type":"Feature","properties":{"id":"s301","name":"Skarżyńskiego","bus":1,"tram":0,"n":1,"imp":0.054,"node":0,"deg":2,"term":0,"major":0},"geometry":{"type":"Point","coordinates":[20.000358,50.081174]}},{"type":"Feature","properties":{"id":"s302","name":"Chopina","bus":1,"tram":0,"n":11,"imp":0.234,"node":1,"deg":3,"term":0,"major":1},"geometry":{"type":"Point","coordinates":[19.906979,50.071923]}},{"type":"Feature","properties":{"id":"s303","name":"Młynówka SKA","bus":1,"tram":0,"n":7,"imp":0.15,"node":0,"deg":2,"term":0,"major":0},"geometry":{"type":"Point","coordinates":[19.873106,50.077211]}},{"type":"Feature","properties":{"id":"s304","name":"Hala Sportowa Piaski Wielkie","bus":1,"tram":0,"n":1,"imp":0.054,"node":0,"deg":2,"term":0,"major":0},"geometry":{"type":"Point","coordinates":[19.97564,50.007586]}},{"type":"Feature","properties":{"id":"s305","name":"Strycharska","bus":1,"tram":0,"n":1,"imp":0.054,"node":0,"deg":2,"term":0,"major":0},"geometry":{"type":"Point","coordinates":[19.986626,50.041958]}},{"type":"Feature","properties":{"id":"s306","name":"Płaszowska","bus":1,"tram":0,"n":1,"imp":0.074,"node":1,"deg":3,"term":0,"major":0},"geometry":{"type":"Point","coordinates":[19.989372,50.041958]}},{"type":"Feature","properties":{"id":"s307","name":"Gnieźnieńska","bus":1,"tram":0,"n":1,"imp":0.054,"node":0,"deg":2,"term":0,"major":0},"geometry":{"type":"Point","coordinates":[19.904232,50.086024]}},{"type":"Feature","properties":{"id":"s308","name":"Cmentarz Bielany","bus":1,"tram":0,"n":1,"imp":0.054,"node":0,"deg":2,"term":0,"major":0},"geometry":{"type":"Point","coordinates":[19.857543,50.048462]}},{"type":"Feature","properties":{"id":"s309","name":"Obserwatorium","bus":1,"tram":0,"n":1,"imp":0.054,"node":0,"deg":2,"term":0,"major":0},"geometry":{"type":"Point","coordinates":[19.857543,50.05144]}},{"type":"Feature","properties":{"id":"s310","name":"Grzegorza z Sanoka","bus":1,"tram":0,"n":1,"imp":0.054,"node":0,"deg":2,"term":0,"major":0},"geometry":{"type":"Point","coordinates":[20.042928,50.08338]}},{"type":"Feature","properties":{"id":"s311","name":"Orłowskiego","bus":1,"tram":0,"n":1,"imp":0.054,"node":0,"deg":2,"term":0,"major":0},"geometry":{"type":"Point","coordinates":[20.045674,50.085143]}},{"type":"Feature","properties":{"id":"s312","name":"Osieckiego","bus":1,"tram":0,"n":1,"imp":0.054,"node":0,"deg":2,"term":0,"major":0},"geometry":{"type":"Point","coordinates":[20.030569,50.087271]}},{"type":"Feature","properties":{"id":"s313","name":"Architektów Szkoła","bus":1,"tram":0,"n":1,"imp":0.054,"node":0,"deg":2,"term":0,"major":0},"geometry":{"type":"Point","coordinates":[20.027822,50.086024]}},{"type":"Feature","properties":{"id":"s314","name":"Pękowicka","bus":1,"tram":0,"n":1,"imp":0.054,"node":0,"deg":2,"term":0,"major":0},"geometry":{"type":"Point","coordinates":[19.912472,50.098157]}},{"type":"Feature","properties":{"id":"s315","name":"Krokusowa","bus":1,"tram":0,"n":1,"imp":0.054,"node":0,"deg":2,"term":0,"major":0},"geometry":{"type":"Point","coordinates":[19.92128,50.020806]}},{"type":"Feature","properties":{"id":"s316","name":"Widłakowa","bus":1,"tram":0,"n":1,"imp":0.054,"node":0,"deg":2,"term":0,"major":0},"geometry":{"type":"Point","coordinates":[19.881613,50.037085]}},{"type":"Feature","properties":{"id":"s317","name":"Bodzowska","bus":1,"tram":0,"n":1,"imp":0.054,"node":0,"deg":2,"term":0,"major":0},"geometry":{"type":"Point","coordinates":[19.878219,50.039263]}},{"type":"Feature","properties":{"id":"s318","name":"Kliny Poranne","bus":1,"tram":0,"n":1,"imp":0.078,"node":1,"deg":2,"term":1,"major":0},"geometry":{"type":"Point","coordinates":[19.915218,50.003179]}},{"type":"Feature","properties":{"id":"s319","name":"Chorzowska","bus":1,"tram":0,"n":1,"imp":0.054,"node":0,"deg":2,"term":0,"major":0},"geometry":{"type":"Point","coordinates":[19.916781,50.004182]}},{"type":"Feature","properties":{"id":"s320","name":"Zagaje","bus":1,"tram":0,"n":1,"imp":0.054,"node":0,"deg":2,"term":0,"major":0},"geometry":{"type":"Point","coordinates":[19.917964,50.005286]}},{"type":"Feature","properties":{"id":"s321","name":"Swoszowice SKA P+R","bus":1,"tram":0,"n":3,"imp":0.134,"node":1,"deg":2,"term":1,"major":0},"geometry":{"type":"Point","coordinates":[19.92895,50.004942]}},{"type":"Feature","properties":{"id":"s322","name":"Piastów SKA","bus":1,"tram":0,"n":3,"imp":0.125,"node":1,"deg":4,"term":0,"major":0},"geometry":{"type":"Point","coordinates":[20.000358,50.0966]}},{"type":"Feature","properties":{"id":"s323","name":"Skotniki Kościół","bus":1,"tram":0,"n":2,"imp":0.09,"node":1,"deg":3,"term":0,"major":0},"geometry":{"type":"Point","coordinates":[19.885007,50.01728]}},{"type":"Feature","properties":{"id":"s324","name":"Os. Podwawelskie","bus":1,"tram":0,"n":10,"imp":0.419,"node":1,"deg":1,"term":1,"major":1},"geometry":{"type":"Point","coordinates":[19.931697,50.041958]}},{"type":"Feature","properties":{"id":"s325","name":"Konopnickiej","bus":1,"tram":0,"n":14,"imp":0.262,"node":0,"deg":2,"term":0,"major":1},"geometry":{"type":"Point","coordinates":[19.926204,50.051501]}},{"type":"Feature","properties":{"id":"s326","name":"Rondo Grunwaldzkie","bus":1,"tram":1,"n":29,"imp":0.669,"node":1,"deg":9,"term":0,"major":1},"geometry":{"type":"Point","coordinates":[19.926204,50.045483]}},{"type":"Feature","properties":{"id":"s327","name":"Bałuckiego","bus":1,"tram":0,"n":2,"imp":0.07,"node":0,"deg":2,"term":0,"major":0},"geometry":{"type":"Point","coordinates":[19.917964,50.047246]}},{"type":"Feature","properties":{"id":"s328","name":"Rynek Dębnicki","bus":1,"tram":0,"n":2,"imp":0.09,"node":1,"deg":3,"term":0,"major":0},"geometry":{"type":"Point","coordinates":[19.917964,50.050771]}},{"type":"Feature","properties":{"id":"s329","name":"Praska","bus":1,"tram":0,"n":2,"imp":0.07,"node":0,"deg":2,"term":0,"major":0},"geometry":{"type":"Point","coordinates":[19.908921,50.048492]}},{"type":"Feature","properties":{"id":"s330","name":"Zielińskiego","bus":1,"tram":0,"n":5,"imp":0.157,"node":1,"deg":4,"term":0,"major":0},"geometry":{"type":"Point","coordinates":[19.901486,50.04372]}},{"type":"Feature","properties":{"id":"s331","name":"Os. Robotnicze","bus":1,"tram":0,"n":2,"imp":0.07,"node":0,"deg":2,"term":0,"major":0},"geometry":{"type":"Point","coordinates":[19.897567,50.041205]}},{"type":"Feature","properties":{"id":"s332","name":"Park Skały Twardowskiego","bus":1,"tram":0,"n":2,"imp":0.07,"node":0,"deg":2,"term":0,"major":0},"geometry":{"type":"Point","coordinates":[19.893649,50.03869]}},{"type":"Feature","properties":{"id":"s333","name":"Pychowice","bus":1,"tram":0,"n":2,"imp":0.07,"node":0,"deg":2,"term":0,"major":0},"geometry":{"type":"Point","coordinates":[19.88973,50.036176]}},{"type":"Feature","properties":{"id":"s334","name":"Rodzinna","bus":1,"tram":0,"n":3,"imp":0.106,"node":1,"deg":3,"term":0,"major":0},"geometry":{"type":"Point","coordinates":[19.885007,50.034907]}},{"type":"Feature","properties":{"id":"s335","name":"Górka Pychowicka","bus":1,"tram":0,"n":3,"imp":0.086,"node":0,"deg":2,"term":0,"major":0},"geometry":{"type":"Point","coordinates":[19.88005,50.034907]}},{"type":"Feature","properties":{"id":"s336","name":"Fort Bodzów","bus":1,"tram":0,"n":3,"imp":0.086,"node":0,"deg":2,"term":0,"major":0},"geometry":{"type":"Point","coordinates":[19.875094,50.034907]}},{"type":"Feature","properties":{"id":"s337","name":"Kostrze Szkoła","bus":1,"tram":0,"n":5,"imp":0.157,"node":1,"deg":4,"term":0,"major":0},"geometry":{"type":"Point","coordinates":[19.871275,50.033144]}},{"type":"Feature","properties":{"id":"s338","name":"Kostrze OSP","bus":1,"tram":0,"n":3,"imp":0.134,"node":1,"deg":2,"term":1,"major":0},"geometry":{"type":"Point","coordinates":[19.868528,50.031382]}},{"type":"Feature","properties":{"id":"s339","name":"Wały Wiślane","bus":1,"tram":0,"n":2,"imp":0.07,"node":0,"deg":2,"term":0,"major":0},"geometry":{"type":"Point","coordinates":[19.867613,50.033144]}},{"type":"Feature","properties":{"id":"s340","name":"Kolna","bus":1,"tram":0,"n":2,"imp":0.109,"node":1,"deg":4,"term":0,"major":0},"geometry":{"type":"Point","coordinates":[19.860289,50.033144]}},{"type":"Feature","properties":{"id":"s341","name":"Bolesława Śmiałego","bus":1,"tram":0,"n":2,"imp":0.07,"node":0,"deg":2,"term":0,"major":0},"geometry":{"type":"Point","coordinates":[19.856627,50.030794]}},{"type":"Feature","properties":{"id":"s342","name":"Tyniec","bus":1,"tram":0,"n":2,"imp":0.09,"node":1,"deg":3,"term":0,"major":0},"geometry":{"type":"Point","coordinates":[19.854796,50.029619]}},{"type":"Feature","properties":{"id":"s343","name":"Bogucianka","bus":1,"tram":0,"n":2,"imp":0.09,"node":1,"deg":3,"term":0,"major":0},"geometry":{"type":"Point","coordinates":[19.854796,50.024331]}},{"type":"Feature","properties":{"id":"s344","name":"Tyniec Kamieniołom","bus":1,"tram":0,"n":2,"imp":0.094,"node":1,"deg":2,"term":1,"major":0},"geometry":{"type":"Point","coordinates":[19.857543,50.022568]}},{"type":"Feature","properties":{"id":"s345","name":"Dąbrowa","bus":1,"tram":0,"n":1,"imp":0.054,"node":0,"deg":2,"term":0,"major":0},"geometry":{"type":"Point","coordinates":[19.871275,50.025474]}},{"type":"Feature","properties":{"id":"s346","name":"Kostrze","bus":1,"tram":0,"n":1,"imp":0.054,"node":0,"deg":2,"term":0,"major":0},"geometry":{"type":"Point","coordinates":[19.871275,50.022155]}},{"type":"Feature","properties":{"id":"s347","name":"Szwedzka","bus":1,"tram":1,"n":12,"imp":0.282,"node":1,"deg":3,"term":0,"major":1},"geometry":{"type":"Point","coordinates":[19.917964,50.04372]}},{"type":"Feature","properties":{"id":"s348","name":"Kapelanka","bus":1,"tram":1,"n":10,"imp":0.269,"node":1,"deg":4,"term":0,"major":1},"geometry":{"type":"Point","coordinates":[19.912472,50.040195]}},{"type":"Feature","properties":{"id":"s349","name":"Słomiana","bus":1,"tram":1,"n":7,"imp":0.182,"node":0,"deg":2,"term":0,"major":1},"geometry":{"type":"Point","coordinates":[19.917964,50.035637]}},{"type":"Feature","properties":{"id":"s350","name":"Kobierzyńska","bus":1,"tram":1,"n":7,"imp":0.202,"node":1,"deg":3,"term":0,"major":1},"geometry":{"type":"Point","coordinates":[19.917964,50.029619]}},{"type":"Feature","properties":{"id":"s351","name":"Grota-Roweckiego","bus":1,"tram":1,"n":8,"imp":0.218,"node":1,"deg":3,"term":0,"major":1},"geometry":{"type":"Point","coordinates":[19.915218,50.024331]}},{"type":"Feature","properties":{"id":"s352","name":"Norymberska","bus":1,"tram":1,"n":6,"imp":0.166,"node":0,"deg":2,"term":0,"major":0},"geometry":{"type":"Point","coordinates":[19.911145,50.024331]}},{"type":"Feature","properties":{"id":"s353","name":"Lipińskiego","bus":1,"tram":1,"n":8,"imp":0.218,"node":1,"deg":3,"term":0,"major":1},"geometry":{"type":"Point","coordinates":[19.917964,50.024331]}},{"type":"Feature","properties":{"id":"s354","name":"Rostworowskiego","bus":1,"tram":0,"n":3,"imp":0.106,"node":1,"deg":3,"term":0,"major":0},"geometry":{"type":"Point","coordinates":[19.909725,50.020806]}},{"type":"Feature","properties":{"id":"s355","name":"Zachodnia","bus":1,"tram":0,"n":3,"imp":0.086,"node":0,"deg":2,"term":0,"major":0},"geometry":{"type":"Point","coordinates":[19.908077,50.019748]}},{"type":"Feature","properties":{"id":"s356","name":"Lubostroń","bus":1,"tram":0,"n":3,"imp":0.086,"node":0,"deg":2,"term":0,"major":0},"geometry":{"type":"Point","coordinates":[19.904781,50.017633]}},{"type":"Feature","properties":{"id":"s357","name":"Malinowskiego","bus":1,"tram":0,"n":1,"imp":0.054,"node":0,"deg":2,"term":0,"major":0},"geometry":{"type":"Point","coordinates":[19.970834,50.001416]}},{"type":"Feature","properties":{"id":"s358","name":"Skośna","bus":1,"tram":0,"n":3,"imp":0.086,"node":0,"deg":2,"term":0,"major":0},"geometry":{"type":"Point","coordinates":[19.903134,50.016575]}},{"type":"Feature","properties":{"id":"s359","name":"Zawiła","bus":1,"tram":0,"n":6,"imp":0.154,"node":1,"deg":3,"term":0,"major":0},"geometry":{"type":"Point","coordinates":[19.906979,50.011992]}},{"type":"Feature","properties":{"id":"s360","name":"Kobierzyn","bus":1,"tram":0,"n":3,"imp":0.086,"node":0,"deg":2,"term":0,"major":0},"geometry":{"type":"Point","coordinates":[19.897366,50.015518]}},{"type":"Feature","properties":{"id":"s361","name":"Babińskiego","bus":1,"tram":0,"n":8,"imp":0.186,"node":1,"deg":3,"term":0,"major":1},"geometry":{"type":"Point","coordinates":[19.893246,50.015518]}},{"type":"Feature","properties":{"id":"s362","name":"Skotniki","bus":1,"tram":0,"n":8,"imp":0.205,"node":1,"deg":4,"term":0,"major":1},"geometry":{"type":"Point","coordinates":[19.887753,50.015518]}},{"type":"Feature","properties":{"id":"s363","name":"Brücknera","bus":1,"tram":0,"n":2,"imp":0.09,"node":1,"deg":3,"term":0,"major":0},"geometry":{"type":"Point","coordinates":[19.885007,50.020806]}},{"type":"Feature","properties":{"id":"s364","name":"Skotniki Szkoła","bus":1,"tram":0,"n":4,"imp":0.122,"node":1,"deg":3,"term":0,"major":0},"geometry":{"type":"Point","coordinates":[19.885007,50.022568]}},{"type":"Feature","properties":{"id":"s365","name":"Wrony","bus":1,"tram":0,"n":7,"imp":0.17,"node":1,"deg":3,"term":0,"major":0},"geometry":{"type":"Point","coordinates":[19.879514,50.01023]}},{"type":"Feature","properties":{"id":"s366","name":"Mochnaniec","bus":1,"tram":0,"n":4,"imp":0.102,"node":0,"deg":2,"term":0,"major":0},"geometry":{"type":"Point","coordinates":[19.8905,50.022568]}},{"type":"Feature","properties":{"id":"s367","name":"Warchałowskiego","bus":1,"tram":0,"n":2,"imp":0.07,"node":0,"deg":2,"term":0,"major":0},"geometry":{"type":"Point","coordinates":[19.883712,50.009298]}},{"type":"Feature","properties":{"id":"s368","name":"Sapalskiego","bus":1,"tram":0,"n":2,"imp":0.07,"node":0,"deg":2,"term":0,"major":0},"geometry":{"type":"Point","coordinates":[19.887106,50.00712]}},{"type":"Feature","properties":{"id":"s369","name":"Sidzina","bus":1,"tram":0,"n":5,"imp":0.214,"node":1,"deg":2,"term":1,"major":1},"geometry":{"type":"Point","coordinates":[19.8905,50.004942]}},{"type":"Feature","properties":{"id":"s370","name":"Las Borkowski","bus":1,"tram":0,"n":4,"imp":0.141,"node":1,"deg":4,"term":0,"major":0},"geometry":{"type":"Point","coordinates":[19.912472,50.011992]}},{"type":"Feature","properties":{"id":"s371","name":"Borkowska","bus":1,"tram":0,"n":6,"imp":0.173,"node":1,"deg":4,"term":0,"major":1},"geometry":{"type":"Point","coordinates":[19.909725,50.01023]}},{"type":"Feature","properties":{"id":"s372","name":"Forteczna","bus":1,"tram":0,"n":3,"imp":0.125,"node":1,"deg":4,"term":0,"major":0},"geometry":{"type":"Point","coordinates":[19.909725,50.008467]}},{"type":"Feature","properties":{"id":"s373","name":"Zawiszy","bus":1,"tram":0,"n":3,"imp":0.144,"node":1,"deg":5,"term":0,"major":0},"geometry":{"type":"Point","coordinates":[19.917964,50.006704]}},{"type":"Feature","properties":{"id":"s374","name":"Os. Kliny","bus":1,"tram":0,"n":2,"imp":0.09,"node":1,"deg":3,"term":0,"major":0},"geometry":{"type":"Point","coordinates":[19.915218,50.006704]}},{"type":"Feature","properties":{"id":"s375","name":"Judyma Szkoła","bus":1,"tram":0,"n":2,"imp":0.07,"node":0,"deg":2,"term":0,"major":0},"geometry":{"type":"Point","coordinates":[19.916591,50.006704]}},{"type":"Feature","properties":{"id":"s376","name":"Łagiewniki","bus":1,"tram":1,"n":7,"imp":0.245,"node":1,"deg":4,"term":1,"major":1},"geometry":{"type":"Point","coordinates":[19.934443,50.024331]}},{"type":"Feature","properties":{"id":"s377","name":"Ludwinów","bus":1,"tram":0,"n":12,"imp":0.23,"node":0,"deg":2,"term":0,"major":1},"geometry":{"type":"Point","coordinates":[19.927813,50.0374]}},{"type":"Feature","properties":{"id":"s378","name":"Korona","bus":1,"tram":1,"n":6,"imp":0.205,"node":1,"deg":4,"term":0,"major":1},"geometry":{"type":"Point","coordinates":[19.945429,50.038432]}},{"type":"Feature","properties":{"id":"s379","name":"Smolki","bus":1,"tram":1,"n":4,"imp":0.134,"node":0,"deg":2,"term":0,"major":0},"geometry":{"type":"Point","coordinates":[19.94228,50.034649]}},{"type":"Feature","properties":{"id":"s380","name":"Rondo Matecznego","bus":1,"tram":1,"n":16,"imp":0.365,"node":1,"deg":4,"term":0,"major":1},"geometry":{"type":"Point","coordinates":[19.93719,50.031382]}},{"type":"Feature","properties":{"id":"s381","name":"Rzemieślnicza","bus":1,"tram":1,"n":4,"imp":0.134,"node":0,"deg":2,"term":0,"major":0},"geometry":{"type":"Point","coordinates":[19.934443,50.028221]}},{"type":"Feature","properties":{"id":"s382","name":"Łagiewniki SKA","bus":1,"tram":1,"n":7,"imp":0.259,"node":1,"deg":6,"term":0,"major":1},"geometry":{"type":"Point","coordinates":[19.931697,50.019043]}},{"type":"Feature","properties":{"id":"s383","name":"Kościuszkowców","bus":1,"tram":1,"n":5,"imp":0.208,"node":1,"deg":5,"term":0,"major":1},"geometry":{"type":"Point","coordinates":[19.926204,50.015518]}},{"type":"Feature","properties":{"id":"s384","name":"Borek Fałęcki","bus":1,"tram":1,"n":23,"imp":1,"node":1,"deg":5,"term":1,"major":1},"geometry":{"type":"Point","coordinates":[19.926204,50.011992]}},{"type":"Feature","properties":{"id":"s385","name":"Góra Borkowska","bus":1,"tram":0,"n":19,"imp":0.381,"node":1,"deg":4,"term":0,"major":1},"geometry":{"type":"Point","coordinates":[19.923457,50.01023]}},{"type":"Feature","properties":{"id":"s386","name":"Judyma","bus":1,"tram":0,"n":16,"imp":0.333,"node":1,"deg":4,"term":0,"major":1},"geometry":{"type":"Point","coordinates":[19.923457,50.006704]}},{"type":"Feature","properties":{"id":"s387","name":"Kąpielowa","bus":1,"tram":0,"n":16,"imp":0.352,"node":1,"deg":5,"term":0,"major":1},"geometry":{"type":"Point","coordinates":[19.923457,50.004942]}},{"type":"Feature","properties":{"id":"s388","name":"Opatkowice","bus":1,"tram":0,"n":9,"imp":0.221,"node":1,"deg":4,"term":0,"major":1},"geometry":{"type":"Point","coordinates":[19.920711,50.001416]}},{"type":"Feature","properties":{"id":"s389","name":"Ważewskiego","bus":1,"tram":0,"n":5,"imp":0.157,"node":1,"deg":4,"term":0,"major":0},"geometry":{"type":"Point","coordinates":[19.920711,49.997891]}},{"type":"Feature","properties":{"id":"s390","name":"Ekospalarnia","bus":1,"tram":0,"n":1,"imp":0.054,"node":0,"deg":2,"term":0,"major":0},"geometry":{"type":"Point","coordinates":[20.035579,50.059275]}},{"type":"Feature","properties":{"id":"s391","name":"Kępa","bus":1,"tram":0,"n":1,"imp":0.054,"node":0,"deg":2,"term":0,"major":0},"geometry":{"type":"Point","coordinates":[20.032994,50.057615]}},{"type":"Feature","properties":{"id":"s392","name":"Piaskowa","bus":1,"tram":0,"n":1,"imp":0.059,"node":1,"deg":1,"term":1,"major":0},"geometry":{"type":"Point","coordinates":[19.904232,50.094838]}},{"type":"Feature","properties":{"id":"s393","name":"Zakarnie","bus":1,"tram":0,"n":1,"imp":0.054,"node":0,"deg":2,"term":0,"major":0},"geometry":{"type":"Point","coordinates":[20.030408,50.055956]}},{"type":"Feature","properties":{"id":"s394","name":"Turowicza","bus":1,"tram":1,"n":4,"imp":0.154,"node":1,"deg":3,"term":0,"major":0},"geometry":{"type":"Point","coordinates":[19.942682,50.013755]}},{"type":"Feature","properties":{"id":"s395","name":"Jugowicka","bus":1,"tram":0,"n":2,"imp":0.07,"node":0,"deg":2,"term":0,"major":0},"geometry":{"type":"Point","coordinates":[19.933874,50.008467]}},{"type":"Feature","properties":{"id":"s396","name":"Myślenicka","bus":1,"tram":0,"n":3,"imp":0.125,"node":1,"deg":4,"term":0,"major":0},"geometry":{"type":"Point","coordinates":[19.945429,50.008467]}},{"type":"Feature","properties":{"id":"s397","name":"Witosa","bus":1,"tram":1,"n":7,"imp":0.182,"node":0,"deg":2,"term":0,"major":1},"geometry":{"type":"Point","coordinates":[19.959161,50.013755]}},{"type":"Feature","properties":{"id":"s398","name":"Kurdwanów P+R","bus":1,"tram":1,"n":10,"imp":0.341,"node":1,"deg":4,"term":1,"major":1},"geometry":{"type":"Point","coordinates":[19.953668,50.013755]}},{"type":"Feature","properties":{"id":"s399","name":"Bujaka","bus":1,"tram":0,"n":5,"imp":0.138,"node":1,"deg":3,"term":0,"major":0},"geometry":{"type":"Point","coordinates":[19.948175,50.01023]}},{"type":"Feature","properties":{"id":"s400","name":"Halszki","bus":1,"tram":0,"n":5,"imp":0.138,"node":1,"deg":3,"term":0,"major":0},"geometry":{"type":"Point","coordinates":[19.948175,50.008467]}},{"type":"Feature","properties":{"id":"s401","name":"Stojałowskiego","bus":1,"tram":0,"n":2,"imp":0.07,"node":0,"deg":2,"term":0,"major":0},"geometry":{"type":"Point","coordinates":[19.953668,50.008467]}},{"type":"Feature","properties":{"id":"s402","name":"Kurdwanów Południe","bus":1,"tram":0,"n":2,"imp":0.099,"node":1,"deg":1,"term":1,"major":0},"geometry":{"type":"Point","coordinates":[19.959161,50.008467]}},{"type":"Feature","properties":{"id":"s403","name":"Tor Kajakowy","bus":1,"tram":0,"n":1,"imp":0.078,"node":1,"deg":2,"term":1,"major":0},"geometry":{"type":"Point","coordinates":[19.860289,50.038432]}},{"type":"Feature","properties":{"id":"s404","name":"Meissnera","bus":1,"tram":0,"n":3,"imp":0.086,"node":0,"deg":2,"term":0,"major":0},"geometry":{"type":"Point","coordinates":[19.986626,50.078974]}},{"type":"Feature","properties":{"id":"s405","name":"Swoszowice Autostrada","bus":1,"tram":0,"n":1,"imp":0.054,"node":0,"deg":2,"term":0,"major":0},"geometry":{"type":"Point","coordinates":[19.945429,50.006704]}},{"type":"Feature","properties":{"id":"s406","name":"Warszewicza","bus":1,"tram":0,"n":1,"imp":0.054,"node":0,"deg":2,"term":0,"major":0},"geometry":{"type":"Point","coordinates":[19.945429,50.004942]}},{"type":"Feature","properties":{"id":"s407","name":"Swoszowice Szkoła","bus":1,"tram":0,"n":7,"imp":0.17,"node":1,"deg":3,"term":0,"major":0},"geometry":{"type":"Point","coordinates":[19.945429,50.003179]}},{"type":"Feature","properties":{"id":"s408","name":"Wilga","bus":1,"tram":0,"n":7,"imp":0.17,"node":1,"deg":3,"term":0,"major":0},"geometry":{"type":"Point","coordinates":[19.931697,50.003179]}},{"type":"Feature","properties":{"id":"s409","name":"Park Zdrojowy","bus":1,"tram":0,"n":7,"imp":0.15,"node":0,"deg":2,"term":0,"major":0},"geometry":{"type":"Point","coordinates":[19.935816,50.003179]}},{"type":"Feature","properties":{"id":"s410","name":"Merkuriusza Polskiego","bus":1,"tram":0,"n":7,"imp":0.17,"node":1,"deg":3,"term":0,"major":0},"geometry":{"type":"Point","coordinates":[19.939936,50.003179]}},{"type":"Feature","properties":{"id":"s411","name":"Swoszowice Poczta","bus":1,"tram":0,"n":7,"imp":0.17,"node":1,"deg":3,"term":0,"major":0},"geometry":{"type":"Point","coordinates":[19.942682,50.001416]}},{"type":"Feature","properties":{"id":"s412","name":"Pytlasińskiego","bus":1,"tram":0,"n":1,"imp":0.054,"node":0,"deg":2,"term":0,"major":0},"geometry":{"type":"Point","coordinates":[19.942682,49.999641]}},{"type":"Feature","properties":{"id":"s413","name":"Chałubińskiego","bus":1,"tram":0,"n":1,"imp":0.054,"node":0,"deg":2,"term":0,"major":0},"geometry":{"type":"Point","coordinates":[19.942682,49.997866]}},{"type":"Feature","properties":{"id":"s414","name":"Myśliwska Szkoła","bus":1,"tram":0,"n":1,"imp":0.054,"node":0,"deg":2,"term":0,"major":0},"geometry":{"type":"Point","coordinates":[19.997611,50.041958]}},{"type":"Feature","properties":{"id":"s415","name":"Sawiczewskich","bus":1,"tram":0,"n":7,"imp":0.189,"node":1,"deg":4,"term":0,"major":1},"geometry":{"type":"Point","coordinates":[19.945429,50.001416]}},{"type":"Feature","properties":{"id":"s416","name":"Wróblowice Szkoła","bus":1,"tram":0,"n":3,"imp":0.086,"node":0,"deg":2,"term":0,"major":0},"geometry":{"type":"Point","coordinates":[19.945429,49.998772]}},{"type":"Feature","properties":{"id":"s417","name":"Wróblowice","bus":1,"tram":0,"n":4,"imp":0.122,"node":1,"deg":3,"term":0,"major":0},"geometry":{"type":"Point","coordinates":[19.945429,49.996128]}},{"type":"Feature","properties":{"id":"s418","name":"Ukraina","bus":1,"tram":0,"n":4,"imp":0.102,"node":0,"deg":2,"term":0,"major":0},"geometry":{"type":"Point","coordinates":[19.945429,49.995247]}},{"type":"Feature","properties":{"id":"s419","name":"Zbydniowice","bus":1,"tram":0,"n":4,"imp":0.141,"node":1,"deg":4,"term":0,"major":0},"geometry":{"type":"Point","coordinates":[19.945429,49.994366]}},{"type":"Feature","properties":{"id":"s420","name":"Zbydniowicka","bus":1,"tram":0,"n":1,"imp":0.054,"node":0,"deg":2,"term":0,"major":0},"geometry":{"type":"Point","coordinates":[19.954237,49.994366]}},{"type":"Feature","properties":{"id":"s421","name":"Golkowice Pętla","bus":1,"tram":0,"n":2,"imp":0.118,"node":1,"deg":2,"term":1,"major":0},"geometry":{"type":"Point","coordinates":[19.961908,49.996128]}},{"type":"Feature","properties":{"id":"s422","name":"Fort Swoszowice","bus":1,"tram":0,"n":2,"imp":0.07,"node":0,"deg":2,"term":0,"major":0},"geometry":{"type":"Point","coordinates":[19.950922,50.001416]}},{"type":"Feature","properties":{"id":"s423","name":"Landaua","bus":1,"tram":0,"n":2,"imp":0.09,"node":1,"deg":3,"term":0,"major":0},"geometry":{"type":"Point","coordinates":[19.956415,50.001416]}},{"type":"Feature","properties":{"id":"s424","name":"Rajsko","bus":1,"tram":0,"n":1,"imp":0.054,"node":0,"deg":2,"term":0,"major":0},"geometry":{"type":"Point","coordinates":[19.961221,50.001416]}},{"type":"Feature","properties":{"id":"s425","name":"Geologów","bus":1,"tram":0,"n":1,"imp":0.054,"node":0,"deg":2,"term":0,"major":0},"geometry":{"type":"Point","coordinates":[19.966027,50.001416]}},{"type":"Feature","properties":{"id":"s426","name":"Drużbackiej","bus":1,"tram":0,"n":2,"imp":0.09,"node":1,"deg":3,"term":0,"major":0},"geometry":{"type":"Point","coordinates":[19.97564,50.001416]}},{"type":"Feature","properties":{"id":"s427","name":"Soboniowice","bus":1,"tram":0,"n":2,"imp":0.094,"node":1,"deg":2,"term":1,"major":0},"geometry":{"type":"Point","coordinates":[19.97564,49.999654]}},{"type":"Feature","properties":{"id":"s428","name":"Pod Lipą","bus":1,"tram":0,"n":1,"imp":0.054,"node":0,"deg":2,"term":0,"major":0},"geometry":{"type":"Point","coordinates":[19.97564,49.997891]}},{"type":"Feature","properties":{"id":"s429","name":"Węglarska","bus":1,"tram":0,"n":1,"imp":0.054,"node":0,"deg":2,"term":0,"major":0},"geometry":{"type":"Point","coordinates":[20.001731,50.037551]}},{"type":"Feature","properties":{"id":"s430","name":"Kamieńskiego Wiadukt","bus":1,"tram":0,"n":14,"imp":0.32,"node":1,"deg":5,"term":0,"major":1},"geometry":{"type":"Point","coordinates":[19.950922,50.024331]}},{"type":"Feature","properties":{"id":"s431","name":"Kamieńskiego","bus":1,"tram":0,"n":12,"imp":0.269,"node":1,"deg":4,"term":0,"major":1},"geometry":{"type":"Point","coordinates":[19.961908,50.022568]}},{"type":"Feature","properties":{"id":"s432","name":"Makowa","bus":1,"tram":0,"n":10,"imp":0.198,"node":0,"deg":2,"term":0,"major":1},"geometry":{"type":"Point","coordinates":[19.967401,50.022568]}},{"type":"Feature","properties":{"id":"s433","name":"Malborska","bus":1,"tram":0,"n":10,"imp":0.218,"node":1,"deg":3,"term":0,"major":1},"geometry":{"type":"Point","coordinates":[19.972893,50.022568]}},{"type":"Feature","properties":{"id":"s434","name":"Sławka","bus":1,"tram":0,"n":2,"imp":0.07,"node":0,"deg":2,"term":0,"major":0},"geometry":{"type":"Point","coordinates":[19.961908,50.020806]}},{"type":"Feature","properties":{"id":"s435","name":"Zajezdnia Wola Duchacka","bus":1,"tram":0,"n":6,"imp":0.221,"node":1,"deg":4,"term":1,"major":1},"geometry":{"type":"Point","coordinates":[19.961908,50.019043]}},{"type":"Feature","properties":{"id":"s436","name":"Sułkowskiego","bus":1,"tram":0,"n":3,"imp":0.086,"node":0,"deg":2,"term":0,"major":0},"geometry":{"type":"Point","coordinates":[19.968695,50.021637]}},{"type":"Feature","properties":{"id":"s437","name":"Wola Duchacka","bus":1,"tram":0,"n":8,"imp":0.224,"node":1,"deg":5,"term":0,"major":1},"geometry":{"type":"Point","coordinates":[19.961908,50.01728]}},{"type":"Feature","properties":{"id":"s438","name":"Karpińskiego","bus":1,"tram":0,"n":5,"imp":0.138,"node":1,"deg":3,"term":0,"major":0},"geometry":{"type":"Point","coordinates":[19.964654,50.015518]}},{"type":"Feature","properties":{"id":"s439","name":"Nowosądecka","bus":1,"tram":1,"n":11,"imp":0.347,"node":1,"deg":6,"term":1,"major":1},"geometry":{"type":"Point","coordinates":[19.964654,50.013755]}},{"type":"Feature","properties":{"id":"s440","name":"Tuchowska","bus":1,"tram":0,"n":4,"imp":0.141,"node":1,"deg":4,"term":0,"major":0},"geometry":{"type":"Point","coordinates":[19.967401,50.013755]}},{"type":"Feature","properties":{"id":"s441","name":"Bochenka","bus":1,"tram":0,"n":4,"imp":0.122,"node":1,"deg":3,"term":0,"major":0},"geometry":{"type":"Point","coordinates":[19.972893,50.01023]}},{"type":"Feature","properties":{"id":"s442","name":"Łużycka","bus":1,"tram":0,"n":4,"imp":0.102,"node":0,"deg":2,"term":0,"major":0},"geometry":{"type":"Point","coordinates":[19.974267,50.009348]}},{"type":"Feature","properties":{"id":"s443","name":"Piaski Wielkie","bus":1,"tram":0,"n":4,"imp":0.17,"node":1,"deg":3,"term":1,"major":0},"geometry":{"type":"Point","coordinates":[19.97564,50.008467]}},{"type":"Feature","properties":{"id":"s444","name":"Niebieska Autostrada","bus":1,"tram":0,"n":1,"imp":0.054,"node":0,"deg":2,"term":0,"major":0},"geometry":{"type":"Point","coordinates":[19.97564,50.006704]}},{"type":"Feature","properties":{"id":"s445","name":"Kosocice","bus":1,"tram":0,"n":1,"imp":0.054,"node":0,"deg":2,"term":0,"major":0},"geometry":{"type":"Point","coordinates":[19.97564,50.005823]}},{"type":"Feature","properties":{"id":"s446","name":"Piaski Nowe","bus":1,"tram":1,"n":7,"imp":0.226,"node":1,"deg":3,"term":1,"major":1},"geometry":{"type":"Point","coordinates":[19.97564,50.015518]}},{"type":"Feature","properties":{"id":"s447","name":"Dauna","bus":1,"tram":1,"n":6,"imp":0.166,"node":0,"deg":2,"term":0,"major":0},"geometry":{"type":"Point","coordinates":[19.97976,50.018162]}},{"type":"Feature","properties":{"id":"s448","name":"Hallera","bus":1,"tram":0,"n":1,"imp":0.054,"node":0,"deg":2,"term":0,"major":0},"geometry":{"type":"Point","coordinates":[19.986276,50.013531]}},{"type":"Feature","properties":{"id":"s449","name":"Słona Woda","bus":1,"tram":0,"n":1,"imp":0.054,"node":0,"deg":2,"term":0,"major":0},"geometry":{"type":"Point","coordinates":[19.991946,50.015518]}},{"type":"Feature","properties":{"id":"s450","name":"Kosocicka","bus":1,"tram":0,"n":1,"imp":0.054,"node":0,"deg":2,"term":0,"major":0},"geometry":{"type":"Point","coordinates":[19.998899,50.015518]}},{"type":"Feature","properties":{"id":"s451","name":"Plac Bohaterów Getta","bus":1,"tram":1,"n":5,"imp":0.17,"node":1,"deg":3,"term":0,"major":0},"geometry":{"type":"Point","coordinates":[19.959161,50.04372]}},{"type":"Feature","properties":{"id":"s452","name":"Podgórze SKA","bus":1,"tram":1,"n":10,"imp":0.384,"node":1,"deg":5,"term":1,"major":1},"geometry":{"type":"Point","coordinates":[19.967401,50.03667]}},{"type":"Feature","properties":{"id":"s453","name":"Cmentarz Podgórski","bus":1,"tram":1,"n":6,"imp":0.166,"node":0,"deg":2,"term":0,"major":0},"geometry":{"type":"Point","coordinates":[19.972491,50.033402]}},{"type":"Feature","properties":{"id":"s454","name":"Dworcowa","bus":1,"tram":1,"n":6,"imp":0.186,"node":1,"deg":3,"term":0,"major":1},"geometry":{"type":"Point","coordinates":[19.97564,50.029619]}},{"type":"Feature","properties":{"id":"s455","name":"Kabel","bus":1,"tram":1,"n":9,"imp":0.234,"node":1,"deg":3,"term":0,"major":1},"geometry":{"type":"Point","coordinates":[19.983879,50.024331]}},{"type":"Feature","properties":{"id":"s456","name":"Bieżanowska","bus":1,"tram":1,"n":18,"imp":0.397,"node":1,"deg":4,"term":0,"major":1},"geometry":{"type":"Point","coordinates":[19.983879,50.020806]}},{"type":"Feature","properties":{"id":"s457","name":"Wlotowa","bus":1,"tram":1,"n":14,"imp":0.314,"node":1,"deg":3,"term":0,"major":1},"geometry":{"type":"Point","coordinates":[19.986626,50.019043]}},{"type":"Feature","properties":{"id":"s458","name":"Prokocim Szpital","bus":1,"tram":1,"n":19,"imp":0.451,"node":1,"deg":6,"term":0,"major":1},"geometry":{"type":"Point","coordinates":[19.994865,50.019043]}},{"type":"Feature","properties":{"id":"s459","name":"Szpital Uniwersytecki / Instytut Pediatrii","bus":1,"tram":0,"n":4,"imp":0.141,"node":1,"deg":4,"term":0,"major":0},"geometry":{"type":"Point","coordinates":[19.994865,50.01728]}},{"type":"Feature","properties":{"id":"s460","name":"Miejskie Centrum Opieki","bus":1,"tram":0,"n":3,"imp":0.139,"node":1,"deg":1,"term":1,"major":0},"geometry":{"type":"Point","coordinates":[19.997611,50.015518]}},{"type":"Feature","properties":{"id":"s461","name":"Prokocim UJ","bus":1,"tram":0,"n":1,"imp":0.054,"node":0,"deg":2,"term":0,"major":0},"geometry":{"type":"Point","coordinates":[19.994865,50.018455]}},{"type":"Feature","properties":{"id":"s462","name":"Jerzmanowskiego","bus":1,"tram":0,"n":9,"imp":0.24,"node":1,"deg":5,"term":0,"major":1},"geometry":{"type":"Point","coordinates":[20.000358,50.01728]}},{"type":"Feature","properties":{"id":"s463","name":"Węzeł Wielicki","bus":1,"tram":0,"n":8,"imp":0.205,"node":1,"deg":4,"term":0,"major":1},"geometry":{"type":"Point","coordinates":[20.005851,50.015518]}},{"type":"Feature","properties":{"id":"s464","name":"Teligi","bus":1,"tram":1,"n":12,"imp":0.262,"node":0,"deg":2,"term":0,"major":1},"geometry":{"type":"Point","coordinates":[19.998416,50.020806]}},{"type":"Feature","properties":{"id":"s465","name":"Nowy Prokocim","bus":1,"tram":1,"n":12,"imp":0.282,"node":1,"deg":3,"term":0,"major":1},"geometry":{"type":"Point","coordinates":[20.003104,50.020806]}},{"type":"Feature","properties":{"id":"s466","name":"Ćwiklińskiej","bus":1,"tram":1,"n":11,"imp":0.266,"node":1,"deg":3,"term":0,"major":1},"geometry":{"type":"Point","coordinates":[20.008597,50.020806]}},{"type":"Feature","properties":{"id":"s467","name":"Nowy Bieżanów Południe","bus":1,"tram":0,"n":6,"imp":0.298,"node":1,"deg":3,"term":1,"major":1},"geometry":{"type":"Point","coordinates":[20.005851,50.019043]}},{"type":"Feature","properties":{"id":"s468","name":"Bieżanów Szkoła","bus":1,"tram":0,"n":2,"imp":0.07,"node":0,"deg":2,"term":0,"major":0},"geometry":{"type":"Point","coordinates":[20.012717,50.02345]}},{"type":"Feature","properties":{"id":"s469","name":"Duża Góra","bus":1,"tram":0,"n":4,"imp":0.122,"node":1,"deg":3,"term":0,"major":0},"geometry":{"type":"Point","coordinates":[20.01409,50.024331]}},{"type":"Feature","properties":{"id":"s470","name":"Bieżanów Pomnik","bus":1,"tram":0,"n":4,"imp":0.179,"node":1,"deg":6,"term":0,"major":1},"geometry":{"type":"Point","coordinates":[20.016837,50.024331]}},{"type":"Feature","properties":{"id":"s471","name":"Koszykarska","bus":1,"tram":0,"n":2,"imp":0.09,"node":1,"deg":3,"term":0,"major":0},"geometry":{"type":"Point","coordinates":[20.000358,50.050771]}},{"type":"Feature","properties":{"id":"s472","name":"Stoczniowców","bus":1,"tram":0,"n":4,"imp":0.141,"node":1,"deg":4,"term":0,"major":0},"geometry":{"type":"Point","coordinates":[19.994865,50.047246]}},{"type":"Feature","properties":{"id":"s473","name":"Kuklińskiego","bus":1,"tram":1,"n":8,"imp":0.275,"node":1,"deg":6,"term":0,"major":1},"geometry":{"type":"Point","coordinates":[19.983879,50.041958]}},{"type":"Feature","properties":{"id":"s474","name":"Gromadzka","bus":1,"tram":1,"n":5,"imp":0.15,"node":0,"deg":2,"term":0,"major":0},"geometry":{"type":"Point","coordinates":[19.987999,50.039314]}},{"type":"Feature","properties":{"id":"s475","name":"Saska","bus":1,"tram":0,"n":5,"imp":0.176,"node":1,"deg":5,"term":0,"major":1},"geometry":{"type":"Point","coordinates":[19.994865,50.041958]}},{"type":"Feature","properties":{"id":"s476","name":"Szczecińska","bus":1,"tram":0,"n":3,"imp":0.106,"node":1,"deg":3,"term":0,"major":0},"geometry":{"type":"Point","coordinates":[19.997611,50.040195]}},{"type":"Feature","properties":{"id":"s477","name":"Lipska","bus":1,"tram":1,"n":8,"imp":0.237,"node":1,"deg":4,"term":0,"major":1},"geometry":{"type":"Point","coordinates":[19.992119,50.03667]}},{"type":"Feature","properties":{"id":"s478","name":"Motyla","bus":1,"tram":0,"n":1,"imp":0.074,"node":1,"deg":3,"term":0,"major":0},"geometry":{"type":"Point","coordinates":[20.003104,50.03667]}},{"type":"Feature","properties":{"id":"s479","name":"Płaszów Szkoła","bus":1,"tram":0,"n":1,"imp":0.054,"node":0,"deg":2,"term":0,"major":0},"geometry":{"type":"Point","coordinates":[20.001731,50.037551]}},{"type":"Feature","properties":{"id":"s480","name":"Rzebika","bus":1,"tram":1,"n":9,"imp":0.291,"node":1,"deg":6,"term":0,"major":1},"geometry":{"type":"Point","coordinates":[20.000358,50.038432]}},{"type":"Feature","properties":{"id":"s481","name":"Surzyckiego","bus":1,"tram":0,"n":9,"imp":0.202,"node":1,"deg":3,"term":0,"major":1},"geometry":{"type":"Point","coordinates":[20.008597,50.03667]}},{"type":"Feature","properties":{"id":"s482","name":"Dąbka","bus":1,"tram":0,"n":5,"imp":0.118,"node":0,"deg":2,"term":0,"major":0},"geometry":{"type":"Point","coordinates":[20.00997,50.035788]}},{"type":"Feature","properties":{"id":"s483","name":"Wydział Farmaceutyczny UJ","bus":1,"tram":0,"n":1,"imp":0.054,"node":0,"deg":2,"term":0,"major":0},"geometry":{"type":"Point","coordinates":[19.994865,50.017868]}},{"type":"Feature","properties":{"id":"s484","name":"Husarska","bus":1,"tram":0,"n":1,"imp":0.054,"node":0,"deg":2,"term":0,"major":0},"geometry":{"type":"Point","coordinates":[20.033315,50.047246]}},{"type":"Feature","properties":{"id":"s485","name":"Zajezdnia Płaszów","bus":1,"tram":0,"n":5,"imp":0.166,"node":1,"deg":2,"term":1,"major":0},"geometry":{"type":"Point","coordinates":[20.011344,50.034907]}},{"type":"Feature","properties":{"id":"s486","name":"Albatrosów","bus":1,"tram":0,"n":7,"imp":0.17,"node":1,"deg":3,"term":0,"major":0},"geometry":{"type":"Point","coordinates":[20.01409,50.03667]}},{"type":"Feature","properties":{"id":"s487","name":"Botewa","bus":1,"tram":0,"n":7,"imp":0.17,"node":1,"deg":3,"term":0,"major":0},"geometry":{"type":"Point","coordinates":[20.019583,50.041958]}},{"type":"Feature","properties":{"id":"s488","name":"Rybitwy Sklep","bus":1,"tram":0,"n":2,"imp":0.07,"node":0,"deg":2,"term":0,"major":0},"geometry":{"type":"Point","coordinates":[20.021442,50.043151]}},{"type":"Feature","properties":{"id":"s489","name":"Rybitwy Dom Kultury","bus":1,"tram":0,"n":2,"imp":0.07,"node":0,"deg":2,"term":0,"major":0},"geometry":{"type":"Point","coordinates":[20.0233,50.044344]}},{"type":"Feature","properties":{"id":"s490","name":"Rybitwy Rozjazd","bus":1,"tram":0,"n":2,"imp":0.07,"node":0,"deg":2,"term":0,"major":0},"geometry":{"type":"Point","coordinates":[20.025194,50.045483]}},{"type":"Feature","properties":{"id":"s491","name":"Szparagowa","bus":1,"tram":0,"n":4,"imp":0.141,"node":1,"deg":4,"term":0,"major":0},"geometry":{"type":"Point","coordinates":[20.027822,50.045483]}},{"type":"Feature","properties":{"id":"s492","name":"Półłanki","bus":1,"tram":0,"n":6,"imp":0.173,"node":1,"deg":4,"term":0,"major":1},"geometry":{"type":"Point","coordinates":[20.025076,50.041958]}},{"type":"Feature","properties":{"id":"s493","name":"Bazarowa","bus":1,"tram":0,"n":4,"imp":0.122,"node":1,"deg":3,"term":0,"major":0},"geometry":{"type":"Point","coordinates":[20.025076,50.038432]}},{"type":"Feature","properties":{"id":"s494","name":"Danalówka","bus":1,"tram":0,"n":1,"imp":0.054,"node":0,"deg":2,"term":0,"major":0},"geometry":{"type":"Point","coordinates":[20.025076,50.035495]}},{"type":"Feature","properties":{"id":"s495","name":"Magazynowa","bus":1,"tram":0,"n":1,"imp":0.054,"node":0,"deg":2,"term":0,"major":0},"geometry":{"type":"Point","coordinates":[20.025076,50.032557]}},{"type":"Feature","properties":{"id":"s496","name":"Domagały","bus":1,"tram":0,"n":3,"imp":0.106,"node":1,"deg":3,"term":0,"major":0},"geometry":{"type":"Point","coordinates":[20.027822,50.03667]}},{"type":"Feature","properties":{"id":"s497","name":"ks. Targosza","bus":1,"tram":0,"n":2,"imp":0.07,"node":0,"deg":2,"term":0,"major":0},"geometry":{"type":"Point","coordinates":[20.030569,50.045483]}},{"type":"Feature","properties":{"id":"s498","name":"Przewóz","bus":1,"tram":0,"n":2,"imp":0.09,"node":1,"deg":3,"term":0,"major":0},"geometry":{"type":"Point","coordinates":[20.033315,50.045483]}},{"type":"Feature","properties":{"id":"s499","name":"Wrobela","bus":1,"tram":0,"n":1,"imp":0.054,"node":0,"deg":2,"term":0,"major":0},"geometry":{"type":"Point","coordinates":[20.033315,50.049008]}},{"type":"Feature","properties":{"id":"s500","name":"Podwierzbie","bus":1,"tram":0,"n":1,"imp":0.059,"node":1,"deg":1,"term":1,"major":0},"geometry":{"type":"Point","coordinates":[20.033315,50.050771]}},{"type":"Feature","properties":{"id":"s501","name":"Łutnia","bus":1,"tram":0,"n":1,"imp":0.054,"node":0,"deg":2,"term":0,"major":0},"geometry":{"type":"Point","coordinates":[20.03805,50.04372]}},{"type":"Feature","properties":{"id":"s502","name":"Nowy Bieżanów P+R","bus":1,"tram":1,"n":11,"imp":0.429,"node":1,"deg":4,"term":1,"major":1},"geometry":{"type":"Point","coordinates":[20.011344,50.022568]}},{"type":"Feature","properties":{"id":"s503","name":"Opatkowice Wiadukt","bus":1,"tram":0,"n":9,"imp":0.221,"node":1,"deg":4,"term":0,"major":1},"geometry":{"type":"Point","coordinates":[19.923457,50.003179]}},{"type":"Feature","properties":{"id":"s504","name":"Ruczaj","bus":1,"tram":1,"n":6,"imp":0.166,"node":0,"deg":2,"term":0,"major":0},"geometry":{"type":"Point","coordinates":[19.907073,50.024331]}},{"type":"Feature","properties":{"id":"s505","name":"Szczegów","bus":1,"tram":0,"n":1,"imp":0.054,"node":0,"deg":2,"term":0,"major":0},"geometry":{"type":"Point","coordinates":[19.97564,50.004942]}},{"type":"Feature","properties":{"id":"s506","name":"Żelazowskiego","bus":1,"tram":0,"n":1,"imp":0.054,"node":0,"deg":2,"term":0,"major":0},"geometry":{"type":"Point","coordinates":[19.97564,50.00406]}},{"type":"Feature","properties":{"id":"s507","name":"Barycz","bus":1,"tram":0,"n":1,"imp":0.054,"node":0,"deg":2,"term":0,"major":0},"geometry":{"type":"Point","coordinates":[19.97564,50.003179]}},{"type":"Feature","properties":{"id":"s508","name":"Bieżanów Granica Miasta","bus":1,"tram":0,"n":1,"imp":0.054,"node":0,"deg":2,"term":0,"major":0},"geometry":{"type":"Point","coordinates":[20.029859,50.025638]}},{"type":"Feature","properties":{"id":"s509","name":"Mały Płaszów P+R","bus":1,"tram":1,"n":12,"imp":0.45,"node":1,"deg":3,"term":1,"major":1},"geometry":{"type":"Point","coordinates":[20.005851,50.038432]}},{"type":"Feature","properties":{"id":"s510","name":"Sucharskiego","bus":1,"tram":0,"n":1,"imp":0.054,"node":0,"deg":2,"term":0,"major":0},"geometry":{"type":"Point","coordinates":[20.021458,50.024331]}},{"type":"Feature","properties":{"id":"s511","name":"Złocieniowa","bus":1,"tram":0,"n":1,"imp":0.054,"node":0,"deg":2,"term":0,"major":0},"geometry":{"type":"Point","coordinates":[20.02608,50.024331]}},{"type":"Feature","properties":{"id":"s512","name":"Cmentarz Bieżanów","bus":1,"tram":0,"n":1,"imp":0.054,"node":0,"deg":2,"term":0,"major":0},"geometry":{"type":"Point","coordinates":[20.013175,50.021393]}},{"type":"Feature","properties":{"id":"s513","name":"ks. Łaczka","bus":1,"tram":0,"n":1,"imp":0.074,"node":1,"deg":3,"term":0,"major":0},"geometry":{"type":"Point","coordinates":[20.01409,50.020806]}},{"type":"Feature","properties":{"id":"s514","name":"Bieżanów Drożdżownia SKA","bus":1,"tram":0,"n":1,"imp":0.093,"node":1,"deg":4,"term":0,"major":0},"geometry":{"type":"Point","coordinates":[20.016837,50.020806]}},{"type":"Feature","properties":{"id":"s515","name":"Drożdżowa","bus":1,"tram":0,"n":1,"imp":0.054,"node":0,"deg":2,"term":0,"major":0},"geometry":{"type":"Point","coordinates":[20.018896,50.020806]}},{"type":"Feature","properties":{"id":"s516","name":"Bieżanów Kaim","bus":1,"tram":0,"n":1,"imp":0.054,"node":0,"deg":2,"term":0,"major":0},"geometry":{"type":"Point","coordinates":[20.023016,50.020806]}},{"type":"Feature","properties":{"id":"s517","name":"Bieżanów Potrzask","bus":1,"tram":0,"n":2,"imp":0.114,"node":1,"deg":3,"term":1,"major":0},"geometry":{"type":"Point","coordinates":[20.025076,50.020806]}},{"type":"Feature","properties":{"id":"s518","name":"Pruszyńskiego","bus":1,"tram":0,"n":2,"imp":0.09,"node":1,"deg":3,"term":0,"major":0},"geometry":{"type":"Point","coordinates":[20.025076,50.022568]}},{"type":"Feature","properties":{"id":"s519","name":"Nad Drwiną","bus":1,"tram":0,"n":1,"imp":0.054,"node":0,"deg":2,"term":0,"major":0},"geometry":{"type":"Point","coordinates":[20.027822,50.034907]}},{"type":"Feature","properties":{"id":"s520","name":"Kostrze Kapliczka","bus":1,"tram":0,"n":2,"imp":0.07,"node":0,"deg":2,"term":0,"major":0},"geometry":{"type":"Point","coordinates":[19.863951,50.033144]}},{"type":"Feature","properties":{"id":"s521","name":"Tyniecka Autostrada","bus":1,"tram":0,"n":2,"imp":0.07,"node":0,"deg":2,"term":0,"major":0},"geometry":{"type":"Point","coordinates":[19.858458,50.031969]}},{"type":"Feature","properties":{"id":"s522","name":"Żywiecka","bus":1,"tram":0,"n":1,"imp":0.074,"node":1,"deg":3,"term":0,"major":0},"geometry":{"type":"Point","coordinates":[19.917964,50.015518]}},{"type":"Feature","properties":{"id":"s523","name":"Rynek Fałęcki","bus":1,"tram":0,"n":1,"imp":0.074,"node":1,"deg":3,"term":0,"major":0},"geometry":{"type":"Point","coordinates":[19.923457,50.01728]}},{"type":"Feature","properties":{"id":"s524","name":"Kenara","bus":1,"tram":0,"n":1,"imp":0.054,"node":0,"deg":2,"term":0,"major":0},"geometry":{"type":"Point","coordinates":[19.953869,49.999783]}},{"type":"Feature","properties":{"id":"s525","name":"Krzemieniecka","bus":1,"tram":0,"n":1,"imp":0.054,"node":0,"deg":2,"term":0,"major":0},"geometry":{"type":"Point","coordinates":[19.97564,50.002298]}},{"type":"Feature","properties":{"id":"s526","name":"Bagienna","bus":1,"tram":0,"n":1,"imp":0.054,"node":0,"deg":2,"term":0,"major":0},"geometry":{"type":"Point","coordinates":[19.871275,50.018837]}},{"type":"Feature","properties":{"id":"s527","name":"Podgórki Tynieckie","bus":1,"tram":0,"n":2,"imp":0.118,"node":1,"deg":2,"term":1,"major":0},"geometry":{"type":"Point","coordinates":[19.871275,50.015518]}},{"type":"Feature","properties":{"id":"s528","name":"Kłuszyńska","bus":1,"tram":0,"n":4,"imp":0.141,"node":1,"deg":4,"term":0,"major":0},"geometry":{"type":"Point","coordinates":[19.915218,49.999654]}},{"type":"Feature","properties":{"id":"s529","name":"Złocień","bus":1,"tram":0,"n":4,"imp":0.15,"node":1,"deg":2,"term":1,"major":0},"geometry":{"type":"Point","coordinates":[20.027822,50.029619]}},{"type":"Feature","properties":{"id":"s530","name":"Nałkowskiej","bus":1,"tram":0,"n":5,"imp":0.138,"node":1,"deg":3,"term":0,"major":0},"geometry":{"type":"Point","coordinates":[19.893246,49.999654]}},{"type":"Feature","properties":{"id":"s531","name":"Libertowska","bus":1,"tram":0,"n":4,"imp":0.102,"node":0,"deg":2,"term":0,"major":0},"geometry":{"type":"Point","coordinates":[19.902663,49.999654]}},{"type":"Feature","properties":{"id":"s532","name":"Petrażyckiego Osiedle","bus":1,"tram":0,"n":4,"imp":0.102,"node":0,"deg":2,"term":0,"major":0},"geometry":{"type":"Point","coordinates":[19.905802,49.999654]}},{"type":"Feature","properties":{"id":"s533","name":"Podgaje","bus":1,"tram":0,"n":4,"imp":0.102,"node":0,"deg":2,"term":0,"major":0},"geometry":{"type":"Point","coordinates":[19.90894,49.999654]}},{"type":"Feature","properties":{"id":"s534","name":"Smoleńskiego","bus":1,"tram":0,"n":1,"imp":0.054,"node":0,"deg":2,"term":0,"major":0},"geometry":{"type":"Point","coordinates":[19.917964,49.999654]}},{"type":"Feature","properties":{"id":"s535","name":"Kępna","bus":1,"tram":0,"n":1,"imp":0.054,"node":0,"deg":2,"term":0,"major":0},"geometry":{"type":"Point","coordinates":[19.916591,50.014636]}},{"type":"Feature","properties":{"id":"s536","name":"Poronińska","bus":1,"tram":0,"n":1,"imp":0.074,"node":1,"deg":3,"term":0,"major":0},"geometry":{"type":"Point","coordinates":[19.923457,49.999654]}},{"type":"Feature","properties":{"id":"s537","name":"Żyzna","bus":1,"tram":0,"n":4,"imp":0.102,"node":0,"deg":2,"term":0,"major":0},"geometry":{"type":"Point","coordinates":[19.899524,49.999654]}},{"type":"Feature","properties":{"id":"s538","name":"Komuny Paryskiej","bus":1,"tram":0,"n":6,"imp":0.154,"node":1,"deg":3,"term":0,"major":0},"geometry":{"type":"Point","coordinates":[19.901486,50.015518]}},{"type":"Feature","properties":{"id":"s539","name":"Zbrojarzy","bus":1,"tram":0,"n":1,"imp":0.054,"node":0,"deg":2,"term":0,"major":0},"geometry":{"type":"Point","coordinates":[19.924831,50.016399]}},{"type":"Feature","properties":{"id":"s540","name":"Wielicka Granica Miasta","bus":1,"tram":0,"n":7,"imp":0.189,"node":1,"deg":4,"term":0,"major":1},"geometry":{"type":"Point","coordinates":[20.005851,50.013755]}},{"type":"Feature","properties":{"id":"s541","name":"Łuczyńskiego","bus":1,"tram":0,"n":1,"imp":0.074,"node":1,"deg":3,"term":0,"major":0},"geometry":{"type":"Point","coordinates":[19.915218,50.013755]}},{"type":"Feature","properties":{"id":"s542","name":"Dwór Czeczów","bus":1,"tram":0,"n":2,"imp":0.09,"node":1,"deg":3,"term":0,"major":0},"geometry":{"type":"Point","coordinates":[20.019583,50.022568]}},{"type":"Feature","properties":{"id":"s543","name":"Lipowskiego","bus":1,"tram":0,"n":1,"imp":0.054,"node":0,"deg":2,"term":0,"major":0},"geometry":{"type":"Point","coordinates":[20.01821,50.021687]}},{"type":"Feature","properties":{"id":"s544","name":"Świdzińskiego","bus":1,"tram":0,"n":1,"imp":0.054,"node":0,"deg":2,"term":0,"major":0},"geometry":{"type":"Point","coordinates":[20.015463,50.020806]}},{"type":"Feature","properties":{"id":"s545","name":"Opatkowice Zadworze","bus":1,"tram":0,"n":1,"imp":0.054,"node":0,"deg":2,"term":0,"major":0},"geometry":{"type":"Point","coordinates":[19.920711,49.999654]}},{"type":"Feature","properties":{"id":"s546","name":"Malborska Szkoła","bus":1,"tram":0,"n":3,"imp":0.086,"node":0,"deg":2,"term":0,"major":0},"geometry":{"type":"Point","coordinates":[19.965301,50.019458]}},{"type":"Feature","properties":{"id":"s547","name":"Ślósarczyka","bus":1,"tram":0,"n":1,"imp":0.054,"node":0,"deg":2,"term":0,"major":0},"geometry":{"type":"Point","coordinates":[20.020956,50.020806]}},{"type":"Feature","properties":{"id":"s548","name":"Cmentarz Borek Fałęcki","bus":1,"tram":0,"n":3,"imp":0.086,"node":0,"deg":2,"term":0,"major":0},"geometry":{"type":"Point","coordinates":[19.918533,50.011992]}},{"type":"Feature","properties":{"id":"s549","name":"Przy Kuźni","bus":1,"tram":0,"n":1,"imp":0.054,"node":0,"deg":2,"term":0,"major":0},"geometry":{"type":"Point","coordinates":[19.98136,50.010376]}},{"type":"Feature","properties":{"id":"s550","name":"Taklińskiego","bus":1,"tram":0,"n":4,"imp":0.102,"node":0,"deg":2,"term":0,"major":0},"geometry":{"type":"Point","coordinates":[19.912079,49.999654]}},{"type":"Feature","properties":{"id":"s551","name":"Vetulaniego","bus":1,"tram":0,"n":2,"imp":0.07,"node":0,"deg":2,"term":0,"major":0},"geometry":{"type":"Point","coordinates":[19.924262,50.0966]}},{"type":"Feature","properties":{"id":"s552","name":"Weigla","bus":1,"tram":0,"n":2,"imp":0.07,"node":0,"deg":2,"term":0,"major":0},"geometry":{"type":"Point","coordinates":[20.023703,50.022568]}},{"type":"Feature","properties":{"id":"s553","name":"Śliwiaka","bus":1,"tram":0,"n":1,"imp":0.054,"node":0,"deg":2,"term":0,"major":0},"geometry":{"type":"Point","coordinates":[20.035257,50.041958]}},{"type":"Feature","properties":{"id":"s554","name":"Śliwiaka Zakłady","bus":1,"tram":0,"n":1,"imp":0.054,"node":0,"deg":2,"term":0,"major":0},"geometry":{"type":"Point","coordinates":[20.030167,50.041958]}},{"type":"Feature","properties":{"id":"s555","name":"Dworzec Główny Zachód","bus":1,"tram":1,"n":15,"imp":0.474,"node":1,"deg":3,"term":1,"major":1},"geometry":{"type":"Point","coordinates":[19.945429,50.073686]}},{"type":"Feature","properties":{"id":"s556","name":"Janasówka","bus":1,"tram":0,"n":1,"imp":0.054,"node":0,"deg":2,"term":0,"major":0},"geometry":{"type":"Point","coordinates":[19.86126,50.020182]}},{"type":"Feature","properties":{"id":"s557","name":"Czerwieńskiego","bus":1,"tram":0,"n":1,"imp":0.054,"node":0,"deg":2,"term":0,"major":0},"geometry":{"type":"Point","coordinates":[19.901486,50.086024]}},{"type":"Feature","properties":{"id":"s558","name":"Baczyńskiego","bus":1,"tram":0,"n":7,"imp":0.17,"node":1,"deg":3,"term":0,"major":0},"geometry":{"type":"Point","coordinates":[19.882261,50.011992]}},{"type":"Feature","properties":{"id":"s559","name":"Aleksandry","bus":1,"tram":0,"n":1,"imp":0.054,"node":0,"deg":2,"term":0,"major":0},"geometry":{"type":"Point","coordinates":[20.005851,50.01728]}},{"type":"Feature","properties":{"id":"s560","name":"Korepty","bus":1,"tram":0,"n":4,"imp":0.122,"node":1,"deg":3,"term":0,"major":0},"geometry":{"type":"Point","coordinates":[20.01409,50.022568]}},{"type":"Feature","properties":{"id":"s561","name":"Powstańców Garaże","bus":1,"tram":0,"n":5,"imp":0.138,"node":1,"deg":3,"term":0,"major":0},"geometry":{"type":"Point","coordinates":[19.970147,50.094838]}},{"type":"Feature","properties":{"id":"s562","name":"Marchołta","bus":1,"tram":0,"n":6,"imp":0.134,"node":0,"deg":2,"term":0,"major":0},"geometry":{"type":"Point","coordinates":[19.988457,50.088962]}},{"type":"Feature","properties":{"id":"s563","name":"Kurzei","bus":1,"tram":0,"n":6,"imp":0.134,"node":0,"deg":2,"term":0,"major":0},"geometry":{"type":"Point","coordinates":[19.990288,50.090137]}},{"type":"Feature","properties":{"id":"s564","name":"Reduta","bus":1,"tram":0,"n":1,"imp":0.054,"node":0,"deg":2,"term":0,"major":0},"geometry":{"type":"Point","coordinates":[19.976042,50.096859]}},{"type":"Feature","properties":{"id":"s565","name":"Pszona","bus":1,"tram":0,"n":3,"imp":0.086,"node":0,"deg":2,"term":0,"major":0},"geometry":{"type":"Point","coordinates":[19.981133,50.082499]}},{"type":"Feature","properties":{"id":"s566","name":"Brodowicza","bus":1,"tram":0,"n":5,"imp":0.118,"node":0,"deg":2,"term":0,"major":0},"geometry":{"type":"Point","coordinates":[19.970716,50.074051]}},{"type":"Feature","properties":{"id":"s567","name":"Jędrzejczyka","bus":1,"tram":0,"n":2,"imp":0.109,"node":1,"deg":4,"term":0,"major":0},"geometry":{"type":"Point","coordinates":[20.022329,50.022568]}},{"type":"Feature","properties":{"id":"s568","name":"Sikorki","bus":1,"tram":0,"n":1,"imp":0.054,"node":0,"deg":2,"term":0,"major":0},"geometry":{"type":"Point","coordinates":[20.017523,50.060906]}},{"type":"Feature","properties":{"id":"s569","name":"Ślaskiego","bus":1,"tram":0,"n":1,"imp":0.054,"node":0,"deg":2,"term":0,"major":0},"geometry":{"type":"Point","coordinates":[19.871275,50.028793]}},{"type":"Feature","properties":{"id":"s570","name":"Starego Wiarusa","bus":1,"tram":0,"n":5,"imp":0.138,"node":1,"deg":3,"term":0,"major":0},"geometry":{"type":"Point","coordinates":[19.912472,50.0966]}},{"type":"Feature","properties":{"id":"s571","name":"Walgierza Wdałego","bus":1,"tram":0,"n":2,"imp":0.07,"node":0,"deg":2,"term":0,"major":0},"geometry":{"type":"Point","coordinates":[19.854796,50.026975]}},{"type":"Feature","properties":{"id":"s572","name":"Puszkarska","bus":1,"tram":0,"n":2,"imp":0.07,"node":0,"deg":2,"term":0,"major":0},"geometry":{"type":"Point","coordinates":[19.956013,50.021064]}},{"type":"Feature","properties":{"id":"s573","name":"Bonarka","bus":1,"tram":0,"n":7,"imp":0.15,"node":0,"deg":2,"term":0,"major":0},"geometry":{"type":"Point","coordinates":[19.956984,50.024331]}},{"type":"Feature","properties":{"id":"s574","name":"Białoprądnicka","bus":1,"tram":1,"n":5,"imp":0.15,"node":0,"deg":2,"term":0,"major":0},"geometry":{"type":"Point","coordinates":[19.935359,50.0966]}},{"type":"Feature","properties":{"id":"s575","name":"Agatowa","bus":1,"tram":0,"n":2,"imp":0.09,"node":1,"deg":3,"term":0,"major":0},"geometry":{"type":"Point","coordinates":[20.025076,50.029619]}},{"type":"Feature","properties":{"id":"s576","name":"Bunscha","bus":1,"tram":0,"n":7,"imp":0.15,"node":0,"deg":2,"term":0,"major":0},"geometry":{"type":"Point","coordinates":[19.893246,50.019408]}},{"type":"Feature","properties":{"id":"s577","name":"Fort Winnica","bus":1,"tram":0,"n":2,"imp":0.07,"node":0,"deg":2,"term":0,"major":0},"geometry":{"type":"Point","coordinates":[19.874558,50.029275]}},{"type":"Feature","properties":{"id":"s578","name":"Winnicka","bus":1,"tram":0,"n":2,"imp":0.07,"node":0,"deg":2,"term":0,"major":0},"geometry":{"type":"Point","coordinates":[19.879782,50.025922]}},{"type":"Feature","properties":{"id":"s579","name":"Fiszera","bus":1,"tram":0,"n":1,"imp":0.054,"node":0,"deg":2,"term":0,"major":0},"geometry":{"type":"Point","coordinates":[19.898739,50.086024]}},{"type":"Feature","properties":{"id":"s580","name":"Radzikowskiego Osiedle","bus":1,"tram":0,"n":1,"imp":0.078,"node":1,"deg":2,"term":1,"major":0},"geometry":{"type":"Point","coordinates":[19.895993,50.086024]}},{"type":"Feature","properties":{"id":"s581","name":"Centrum JP II","bus":1,"tram":0,"n":1,"imp":0.059,"node":1,"deg":1,"term":1,"major":0},"geometry":{"type":"Point","coordinates":[19.93719,50.01023]}},{"type":"Feature","properties":{"id":"s582","name":"Petrażyckiego","bus":1,"tram":0,"n":4,"imp":0.102,"node":0,"deg":2,"term":0,"major":0},"geometry":{"type":"Point","coordinates":[19.896385,49.999654]}},{"type":"Feature","properties":{"id":"s583","name":"Domagały Magazyny","bus":1,"tram":0,"n":3,"imp":0.106,"node":1,"deg":3,"term":0,"major":0},"geometry":{"type":"Point","coordinates":[20.027822,50.033144]}},{"type":"Feature","properties":{"id":"s584","name":"Madejówka","bus":1,"tram":0,"n":1,"imp":0.054,"node":0,"deg":2,"term":0,"major":0},"geometry":{"type":"Point","coordinates":[20.012259,50.021981]}},{"type":"Feature","properties":{"id":"s585","name":"Pszenna","bus":1,"tram":0,"n":2,"imp":0.09,"node":1,"deg":3,"term":0,"major":0},"geometry":{"type":"Point","coordinates":[19.956415,50.015518]}},{"type":"Feature","properties":{"id":"s586","name":"Steca","bus":1,"tram":0,"n":1,"imp":0.054,"node":0,"deg":2,"term":0,"major":0},"geometry":{"type":"Point","coordinates":[20.000358,50.079266]}},{"type":"Feature","properties":{"id":"s587","name":"Życzkowskiego","bus":1,"tram":0,"n":1,"imp":0.054,"node":0,"deg":2,"term":0,"major":0},"geometry":{"type":"Point","coordinates":[20.000358,50.077357]}},{"type":"Feature","properties":{"id":"s588","name":"TAURON Arena Kraków","bus":1,"tram":0,"n":1,"imp":0.054,"node":0,"deg":2,"term":0,"major":0},"geometry":{"type":"Point","coordinates":[19.992119,50.070312]}},{"type":"Feature","properties":{"id":"s589","name":"Teatr Słowackiego","bus":1,"tram":1,"n":27,"imp":0.627,"node":1,"deg":6,"term":1,"major":1},"geometry":{"type":"Point","coordinates":[19.942682,50.068398]}},{"type":"Feature","properties":{"id":"s590","name":"Rondo Mogilskie","bus":1,"tram":1,"n":25,"imp":0.624,"node":1,"deg":10,"term":0,"major":1},"geometry":{"type":"Point","coordinates":[19.964654,50.07016]}},{"type":"Feature","properties":{"id":"s591","name":"Cystersów","bus":1,"tram":1,"n":9,"imp":0.234,"node":1,"deg":3,"term":0,"major":1},"geometry":{"type":"Point","coordinates":[19.978386,50.07016]}},{"type":"Feature","properties":{"id":"s592","name":"Białucha","bus":1,"tram":1,"n":8,"imp":0.198,"node":0,"deg":2,"term":0,"major":1},"geometry":{"type":"Point","coordinates":[19.986057,50.071558]}},{"type":"Feature","properties":{"id":"s593","name":"TAURON Arena Kraków Wieczysta","bus":1,"tram":1,"n":11,"imp":0.371,"node":1,"deg":6,"term":1,"major":1},"geometry":{"type":"Point","coordinates":[19.992119,50.075448]}},{"type":"Feature","properties":{"id":"s594","name":"Poczta Główna","bus":1,"tram":1,"n":16,"imp":0.384,"node":1,"deg":5,"term":0,"major":1},"geometry":{"type":"Point","coordinates":[19.942682,50.06311]}},{"type":"Feature","properties":{"id":"s595","name":"Starowiślna","bus":1,"tram":1,"n":11,"imp":0.266,"node":1,"deg":3,"term":0,"major":1},"geometry":{"type":"Point","coordinates":[19.948175,50.057822]}},{"type":"Feature","properties":{"id":"s596","name":"Rondo Grzegórzeckie","bus":1,"tram":1,"n":10,"imp":0.307,"node":1,"deg":6,"term":0,"major":1},"geometry":{"type":"Point","coordinates":[19.964654,50.057822]}},{"type":"Feature","properties":{"id":"s597","name":"Nullo","bus":1,"tram":1,"n":5,"imp":0.189,"node":1,"deg":4,"term":0,"major":1},"geometry":{"type":"Point","coordinates":[19.972893,50.061347]}},{"type":"Feature","properties":{"id":"s598","name":"Fabryczna","bus":1,"tram":1,"n":5,"imp":0.189,"node":1,"deg":4,"term":0,"major":1},"geometry":{"type":"Point","coordinates":[19.978386,50.06311]}},{"type":"Feature","properties":{"id":"s599","name":"Ofiar Dąbia","bus":1,"tram":1,"n":7,"imp":0.221,"node":1,"deg":4,"term":0,"major":1},"geometry":{"type":"Point","coordinates":[19.989372,50.061347]}},{"type":"Feature","properties":{"id":"s600","name":"Dąbie","bus":1,"tram":1,"n":6,"imp":0.166,"node":0,"deg":2,"term":0,"major":0},"geometry":{"type":"Point","coordinates":[19.993492,50.063991]}},{"type":"Feature","properties":{"id":"s601","name":"Miodowa","bus":1,"tram":1,"n":5,"imp":0.15,"node":0,"deg":2,"term":0,"major":0},"geometry":{"type":"Point","coordinates":[19.954427,50.05381]}},{"type":"Feature","properties":{"id":"s602","name":"św. Wawrzyńca","bus":1,"tram":1,"n":5,"imp":0.15,"node":0,"deg":2,"term":0,"major":0},"geometry":{"type":"Point","coordinates":[19.959161,50.049394]}},{"type":"Feature","properties":{"id":"s603","name":"Stradom","bus":1,"tram":1,"n":11,"imp":0.304,"node":1,"deg":5,"term":0,"major":1},"geometry":{"type":"Point","coordinates":[19.939936,50.050771]}},{"type":"Feature","properties":{"id":"s604","name":"Plac Wolnica","bus":1,"tram":1,"n":5,"imp":0.15,"node":0,"deg":2,"term":0,"major":0},"geometry":{"type":"Point","coordinates":[19.945429,50.045332]}},{"type":"Feature","properties":{"id":"s605","name":"Plac Wszystkich Świętych","bus":1,"tram":1,"n":5,"imp":0.17,"node":1,"deg":3,"term":0,"major":0},"geometry":{"type":"Point","coordinates":[19.934443,50.061347]}},{"type":"Feature","properties":{"id":"s606","name":"Filharmonia","bus":1,"tram":1,"n":5,"imp":0.17,"node":1,"deg":3,"term":0,"major":0},"geometry":{"type":"Point","coordinates":[19.92895,50.061347]}},{"type":"Feature","properties":{"id":"s607","name":"Jubilat","bus":1,"tram":1,"n":22,"imp":0.499,"node":1,"deg":6,"term":0,"major":1},"geometry":{"type":"Point","coordinates":[19.920711,50.056059]}},{"type":"Feature","properties":{"id":"s608","name":"Muzeum Narodowe","bus":1,"tram":1,"n":25,"imp":0.566,"node":1,"deg":7,"term":0,"major":1},"geometry":{"type":"Point","coordinates":[19.920711,50.061347]}},{"type":"Feature","properties":{"id":"s609","name":"AGH / UR","bus":1,"tram":0,"n":20,"imp":0.416,"node":1,"deg":5,"term":0,"major":1},"geometry":{"type":"Point","coordinates":[19.917964,50.068398]}},{"type":"Feature","properties":{"id":"s610","name":"Stefana Batorego","bus":1,"tram":0,"n":7,"imp":0.189,"node":1,"deg":4,"term":0,"major":1},"geometry":{"type":"Point","coordinates":[19.923457,50.071923]}},{"type":"Feature","properties":{"id":"s611","name":"Plac Inwalidów","bus":1,"tram":0,"n":20,"imp":0.435,"node":1,"deg":6,"term":0,"major":1},"geometry":{"type":"Point","coordinates":[19.917964,50.075448]}},{"type":"Feature","properties":{"id":"s612","name":"Radio Kraków","bus":1,"tram":0,"n":14,"imp":0.282,"node":1,"deg":3,"term":0,"major":1},"geometry":{"type":"Point","coordinates":[19.926204,50.077211]}},{"type":"Feature","properties":{"id":"s613","name":"Urząd Skarbowy Nowa Huta","bus":1,"tram":0,"n":1,"imp":0.054,"node":0,"deg":2,"term":0,"major":0},"geometry":{"type":"Point","coordinates":[20.000358,50.095719]}},{"type":"Feature","properties":{"id":"s614","name":"Beskidzka","bus":1,"tram":0,"n":2,"imp":0.07,"node":0,"deg":2,"term":0,"major":0},"geometry":{"type":"Point","coordinates":[19.955041,50.014636]}},{"type":"Feature","properties":{"id":"s615","name":"Stary Kleparz","bus":1,"tram":1,"n":12,"imp":0.32,"node":1,"deg":5,"term":0,"major":1},"geometry":{"type":"Point","coordinates":[19.934443,50.071923]}},{"type":"Feature","properties":{"id":"s616","name":"Pędzichów","bus":1,"tram":1,"n":4,"imp":0.134,"node":0,"deg":2,"term":0,"major":0},"geometry":{"type":"Point","coordinates":[19.934443,50.077211]}},{"type":"Feature","properties":{"id":"s617","name":"Nowy Kleparz","bus":1,"tram":1,"n":25,"imp":0.792,"node":1,"deg":10,"term":1,"major":1},"geometry":{"type":"Point","coordinates":[19.934443,50.082499]}},{"type":"Feature","properties":{"id":"s618","name":"Polana Żywiecka","bus":1,"tram":0,"n":1,"imp":0.054,"node":0,"deg":2,"term":0,"major":0},"geometry":{"type":"Point","coordinates":[19.913845,50.012874]}},{"type":"Feature","properties":{"id":"s619","name":"Wileńska","bus":1,"tram":0,"n":1,"imp":0.054,"node":0,"deg":2,"term":0,"major":0},"geometry":{"type":"Point","coordinates":[19.960132,50.087164]}},{"type":"Feature","properties":{"id":"s620","name":"Politechnika","bus":1,"tram":1,"n":18,"imp":0.454,"node":1,"deg":7,"term":0,"major":1},"geometry":{"type":"Point","coordinates":[19.942682,50.078974]}},{"type":"Feature","properties":{"id":"s621","name":"Cmentarz Rakowicki Zachód","bus":1,"tram":0,"n":9,"imp":0.202,"node":1,"deg":3,"term":0,"major":1},"geometry":{"type":"Point","coordinates":[19.948175,50.084262]}},{"type":"Feature","properties":{"id":"s622","name":"bp. Prandoty","bus":1,"tram":0,"n":12,"imp":0.288,"node":1,"deg":5,"term":0,"major":1},"geometry":{"type":"Point","coordinates":[19.950922,50.086024]}},{"type":"Feature","properties":{"id":"s623","name":"UR Al. 29 Listopada","bus":1,"tram":0,"n":10,"imp":0.237,"node":1,"deg":4,"term":0,"major":1},"geometry":{"type":"Point","coordinates":[19.956415,50.08955]}},{"type":"Feature","properties":{"id":"s624","name":"Opolska Estakada","bus":1,"tram":0,"n":14,"imp":0.32,"node":1,"deg":5,"term":0,"major":1},"geometry":{"type":"Point","coordinates":[19.956415,50.091312]}},{"type":"Feature","properties":{"id":"s625","name":"Dobrego Pasterza","bus":1,"tram":0,"n":11,"imp":0.253,"node":1,"deg":4,"term":0,"major":1},"geometry":{"type":"Point","coordinates":[19.959161,50.093075]}},{"type":"Feature","properties":{"id":"s626","name":"Powstańców","bus":1,"tram":0,"n":5,"imp":0.157,"node":1,"deg":4,"term":0,"major":0},"geometry":{"type":"Point","coordinates":[19.961908,50.094838]}},{"type":"Feature","properties":{"id":"s627","name":"Prądnik Czerwony P+R","bus":1,"tram":0,"n":8,"imp":0.349,"node":1,"deg":4,"term":1,"major":1},"geometry":{"type":"Point","coordinates":[19.97564,50.094838]}},{"type":"Feature","properties":{"id":"s628","name":"Cmentarz Prądnik Czerwony Wschód","bus":1,"tram":0,"n":3,"imp":0.086,"node":0,"deg":2,"term":0,"major":0},"geometry":{"type":"Point","coordinates":[19.985982,50.094838]}},{"type":"Feature","properties":{"id":"s629","name":"Cmentarz Prądnik Czerwony","bus":1,"tram":0,"n":3,"imp":0.086,"node":0,"deg":2,"term":0,"major":0},"geometry":{"type":"Point","coordinates":[19.980811,50.094838]}},{"type":"Feature","properties":{"id":"s630","name":"Dziekanowicka","bus":1,"tram":0,"n":3,"imp":0.086,"node":0,"deg":2,"term":0,"major":0},"geometry":{"type":"Point","coordinates":[19.991153,50.094838]}},{"type":"Feature","properties":{"id":"s631","name":"Powstańców Magazyny","bus":1,"tram":0,"n":3,"imp":0.086,"node":0,"deg":2,"term":0,"major":0},"geometry":{"type":"Point","coordinates":[19.996324,50.094838]}},{"type":"Feature","properties":{"id":"s632","name":"Lubicz","bus":1,"tram":1,"n":21,"imp":0.464,"node":1,"deg":5,"term":0,"major":1},"geometry":{"type":"Point","coordinates":[19.953668,50.07016]}},{"type":"Feature","properties":{"id":"s633","name":"Uniwersytet Ekonomiczny","bus":1,"tram":1,"n":5,"imp":0.189,"node":1,"deg":4,"term":0,"major":1},"geometry":{"type":"Point","coordinates":[19.956415,50.073686]}},{"type":"Feature","properties":{"id":"s634","name":"Cmentarz Rakowicki","bus":1,"tram":1,"n":3,"imp":0.181,"node":1,"deg":4,"term":1,"major":1},"geometry":{"type":"Point","coordinates":[19.964654,50.078974]}},{"type":"Feature","properties":{"id":"s635","name":"Łukasiewicza","bus":1,"tram":0,"n":2,"imp":0.07,"node":0,"deg":2,"term":0,"major":0},"geometry":{"type":"Point","coordinates":[19.968774,50.081618]}},{"type":"Feature","properties":{"id":"s636","name":"Narzymskiego","bus":1,"tram":0,"n":8,"imp":0.224,"node":1,"deg":5,"term":0,"major":1},"geometry":{"type":"Point","coordinates":[19.972893,50.078974]}},{"type":"Feature","properties":{"id":"s637","name":"Pilotów","bus":1,"tram":0,"n":8,"imp":0.205,"node":1,"deg":4,"term":0,"major":1},"geometry":{"type":"Point","coordinates":[19.972893,50.084262]}},{"type":"Feature","properties":{"id":"s638","name":"Rondo Młyńskie","bus":1,"tram":0,"n":9,"imp":0.24,"node":1,"deg":5,"term":0,"major":1},"geometry":{"type":"Point","coordinates":[19.97564,50.086024]}},{"type":"Feature","properties":{"id":"s639","name":"Brogi","bus":1,"tram":0,"n":1,"imp":0.074,"node":1,"deg":3,"term":0,"major":0},"geometry":{"type":"Point","coordinates":[19.964654,50.086024]}},{"type":"Feature","properties":{"id":"s640","name":"Bosaków","bus":1,"tram":0,"n":1,"imp":0.054,"node":0,"deg":2,"term":0,"major":0},"geometry":{"type":"Point","coordinates":[19.968205,50.087787]}},{"type":"Feature","properties":{"id":"s641","name":"Miechowity","bus":1,"tram":0,"n":8,"imp":0.224,"node":1,"deg":5,"term":0,"major":1},"geometry":{"type":"Point","coordinates":[19.972893,50.087787]}},{"type":"Feature","properties":{"id":"s642","name":"Lublańska","bus":1,"tram":0,"n":1,"imp":0.054,"node":0,"deg":2,"term":0,"major":0},"geometry":{"type":"Point","coordinates":[19.962823,50.091312]}},{"type":"Feature","properties":{"id":"s643","name":"Olsza II","bus":1,"tram":0,"n":1,"imp":0.054,"node":0,"deg":2,"term":0,"major":0},"geometry":{"type":"Point","coordinates":[19.969231,50.091312]}},{"type":"Feature","properties":{"id":"s644","name":"Majora","bus":1,"tram":0,"n":6,"imp":0.173,"node":1,"deg":4,"term":0,"major":1},"geometry":{"type":"Point","coordinates":[19.961908,50.093075]}},{"type":"Feature","properties":{"id":"s645","name":"Bitschana","bus":1,"tram":0,"n":2,"imp":0.07,"node":0,"deg":2,"term":0,"major":0},"geometry":{"type":"Point","coordinates":[19.970951,50.091312]}},{"type":"Feature","properties":{"id":"s646","name":"Rondo Barei","bus":1,"tram":0,"n":13,"imp":0.342,"node":1,"deg":7,"term":0,"major":1},"geometry":{"type":"Point","coordinates":[19.97564,50.091312]}},{"type":"Feature","properties":{"id":"s647","name":"Akacjowa","bus":1,"tram":0,"n":2,"imp":0.07,"node":0,"deg":2,"term":0,"major":0},"geometry":{"type":"Point","coordinates":[19.980328,50.083015]}},{"type":"Feature","properties":{"id":"s648","name":"Spadochroniarzy","bus":1,"tram":0,"n":2,"imp":0.07,"node":0,"deg":2,"term":0,"major":0},"geometry":{"type":"Point","coordinates":[19.985488,50.080736]}},{"type":"Feature","properties":{"id":"s649","name":"Ugorek","bus":1,"tram":0,"n":2,"imp":0.094,"node":1,"deg":2,"term":1,"major":0},"geometry":{"type":"Point","coordinates":[19.992119,50.080736]}},{"type":"Feature","properties":{"id":"s650","name":"Strzelców","bus":1,"tram":0,"n":4,"imp":0.102,"node":0,"deg":2,"term":0,"major":0},"geometry":{"type":"Point","coordinates":[19.97564,50.093075]}},{"type":"Feature","properties":{"id":"s651","name":"Park Wodny","bus":1,"tram":0,"n":9,"imp":0.202,"node":1,"deg":3,"term":0,"major":1},"geometry":{"type":"Point","coordinates":[19.981133,50.091312]}},{"type":"Feature","properties":{"id":"s652","name":"Szpital Rydygiera","bus":1,"tram":0,"n":1,"imp":0.059,"node":1,"deg":1,"term":1,"major":0},"geometry":{"type":"Point","coordinates":[20.011344,50.086024]}},{"type":"Feature","properties":{"id":"s653","name":"Bora-Komorowskiego","bus":1,"tram":0,"n":2,"imp":0.07,"node":0,"deg":2,"term":0,"major":0},"geometry":{"type":"Point","coordinates":[19.978955,50.087787]}},{"type":"Feature","properties":{"id":"s654","name":"Krasnowolskiego","bus":1,"tram":0,"n":1,"imp":0.054,"node":0,"deg":2,"term":0,"major":0},"geometry":{"type":"Point","coordinates":[20.025723,50.078558]}},{"type":"Feature","properties":{"id":"s655","name":"PCK","bus":1,"tram":0,"n":1,"imp":0.054,"node":0,"deg":2,"term":0,"major":0},"geometry":{"type":"Point","coordinates":[20.029117,50.07638]}},{"type":"Feature","properties":{"id":"s656","name":"Krzesławice Młyn","bus":1,"tram":0,"n":1,"imp":0.074,"node":1,"deg":3,"term":0,"major":0},"geometry":{"type":"Point","coordinates":[20.030569,50.073686]}},{"type":"Feature","properties":{"id":"s657","name":"Szafrańska","bus":1,"tram":0,"n":1,"imp":0.054,"node":0,"deg":2,"term":0,"major":0},"geometry":{"type":"Point","coordinates":[20.010951,50.057822]}},{"type":"Feature","properties":{"id":"s658","name":"Cmentarz Grębałów Południe","bus":1,"tram":0,"n":2,"imp":0.09,"node":1,"deg":3,"term":0,"major":0},"geometry":{"type":"Point","coordinates":[20.033315,50.080736]}},{"type":"Feature","properties":{"id":"s659","name":"Rżąka","bus":1,"tram":0,"n":2,"imp":0.118,"node":1,"deg":2,"term":1,"major":0},"geometry":{"type":"Point","coordinates":[20.000358,50.015518]}},{"type":"Feature","properties":{"id":"s660","name":"Czerwiakowskiego","bus":1,"tram":0,"n":2,"imp":0.07,"node":0,"deg":2,"term":0,"major":0},"geometry":{"type":"Point","coordinates":[20.000358,50.016399]}},{"type":"Feature","properties":{"id":"s661","name":"Ogród Doświadczeń","bus":1,"tram":1,"n":5,"imp":0.15,"node":0,"deg":2,"term":0,"major":0},"geometry":{"type":"Point","coordinates":[20.001329,50.069021]}},{"type":"Feature","properties":{"id":"s662","name":"Przegorzały Obwodnica","bus":1,"tram":0,"n":11,"imp":0.234,"node":1,"deg":3,"term":0,"major":1},"geometry":{"type":"Point","coordinates":[19.874021,50.047246]}},{"type":"Feature","properties":{"id":"s663","name":"Cmentarz Grębałów","bus":1,"tram":0,"n":1,"imp":0.054,"node":0,"deg":2,"term":0,"major":0},"geometry":{"type":"Point","coordinates":[20.036062,50.080736]}},{"type":"Feature","properties":{"id":"s664","name":"Bagry","bus":1,"tram":0,"n":1,"imp":0.059,"node":1,"deg":1,"term":1,"major":0},"geometry":{"type":"Point","coordinates":[20.003104,50.031382]}},{"type":"Feature","properties":{"id":"s665","name":"Fort Mogiła","bus":1,"tram":1,"n":3,"imp":0.157,"node":1,"deg":4,"term":0,"major":0},"geometry":{"type":"Point","coordinates":[20.041555,50.061347]}},{"type":"Feature","properties":{"id":"s666","name":"Cmentarz Wróblowice","bus":1,"tram":0,"n":1,"imp":0.054,"node":0,"deg":2,"term":0,"major":0},"geometry":{"type":"Point","coordinates":[19.951324,49.998149]}},{"type":"Feature","properties":{"id":"s667","name":"Aleksandrowicza","bus":1,"tram":0,"n":1,"imp":0.054,"node":0,"deg":2,"term":0,"major":0},"geometry":{"type":"Point","coordinates":[19.948779,49.996516]}},{"type":"Feature","properties":{"id":"s668","name":"Most Kotlarski","bus":1,"tram":0,"n":1,"imp":0.054,"node":0,"deg":2,"term":0,"major":0},"geometry":{"type":"Point","coordinates":[19.969176,50.053157]}},{"type":"Feature","properties":{"id":"s669","name":"Cracovia Błonia","bus":1,"tram":0,"n":4,"imp":0.16,"node":1,"deg":5,"term":0,"major":0},"geometry":{"type":"Point","coordinates":[19.912472,50.059584]}},{"type":"Feature","properties":{"id":"s670","name":"Cracovia Stadion","bus":1,"tram":0,"n":2,"imp":0.118,"node":1,"deg":2,"term":1,"major":0},"geometry":{"type":"Point","coordinates":[19.917964,50.059584]}},{"type":"Feature","properties":{"id":"s671","name":"Cogiteon","bus":1,"tram":0,"n":2,"imp":0.09,"node":1,"deg":3,"term":0,"major":0},"geometry":{"type":"Point","coordinates":[19.983879,50.086024]}},{"type":"Feature","properties":{"id":"s672","name":"Słoneckiego","bus":1,"tram":0,"n":8,"imp":0.166,"node":0,"deg":2,"term":0,"major":0},"geometry":{"type":"Point","coordinates":[19.978386,50.091312]}},{"type":"Feature","properties":{"id":"s673","name":"Igołomska Zakłady","bus":1,"tram":0,"n":6,"imp":0.134,"node":0,"deg":2,"term":0,"major":0},"geometry":{"type":"Point","coordinates":[20.058261,50.065018]}},{"type":"Feature","properties":{"id":"s674","name":"Rzepakowa","bus":1,"tram":0,"n":6,"imp":0.134,"node":0,"deg":2,"term":0,"major":0},"geometry":{"type":"Point","coordinates":[20.061423,50.066635]}},{"type":"Feature","properties":{"id":"s675","name":"Promienistych","bus":1,"tram":0,"n":3,"imp":0.125,"node":1,"deg":4,"term":0,"major":0},"geometry":{"type":"Point","coordinates":[19.967401,50.093075]}},{"type":"Feature","properties":{"id":"s676","name":"Sosabowskiego","bus":1,"tram":0,"n":2,"imp":0.09,"node":1,"deg":3,"term":0,"major":0},"geometry":{"type":"Point","coordinates":[19.931697,50.094838]}},{"type":"Feature","properties":{"id":"s677","name":"Papierni Prądnickich","bus":1,"tram":1,"n":6,"imp":0.186,"node":1,"deg":3,"term":0,"major":1},"geometry":{"type":"Point","coordinates":[19.956415,50.100126]}},{"type":"Feature","properties":{"id":"s678","name":"Bodzów","bus":1,"tram":0,"n":1,"imp":0.059,"node":1,"deg":1,"term":1,"major":0},"geometry":{"type":"Point","coordinates":[19.874021,50.040195]}},{"type":"Feature","properties":{"id":"s679","name":"Fort Skotniki","bus":1,"tram":0,"n":1,"imp":0.074,"node":1,"deg":3,"term":0,"major":0},"geometry":{"type":"Point","coordinates":[19.882261,50.015518]}},{"type":"Feature","properties":{"id":"s680","name":"Kantorowicka","bus":1,"tram":0,"n":1,"imp":0.054,"node":0,"deg":2,"term":0,"major":0},"geometry":{"type":"Point","coordinates":[20.032913,50.085766]}},{"type":"Feature","properties":{"id":"s681","name":"Grębałów","bus":1,"tram":0,"n":1,"imp":0.078,"node":1,"deg":2,"term":1,"major":0},"geometry":{"type":"Point","coordinates":[20.036062,50.086024]}},{"type":"Feature","properties":{"id":"s682","name":"Folwarczna","bus":1,"tram":0,"n":1,"imp":0.054,"node":0,"deg":2,"term":0,"major":0},"geometry":{"type":"Point","coordinates":[20.034286,50.088927]}},{"type":"Feature","properties":{"id":"s683","name":"Witkowicka","bus":1,"tram":0,"n":8,"imp":0.166,"node":0,"deg":2,"term":0,"major":0},"geometry":{"type":"Point","coordinates":[19.961908,50.104826]}},{"type":"Feature","properties":{"id":"s684","name":"Prądnik Biały Zachód","bus":1,"tram":0,"n":5,"imp":0.162,"node":1,"deg":3,"term":1,"major":0},"geometry":{"type":"Point","coordinates":[19.923457,50.100126]}},{"type":"Feature","properties":{"id":"s685","name":"ZDMK","bus":1,"tram":0,"n":2,"imp":0.128,"node":1,"deg":5,"term":0,"major":0},"geometry":{"type":"Point","coordinates":[20.008597,50.06311]}},{"type":"Feature","properties":{"id":"s686","name":"Galicyjska","bus":1,"tram":0,"n":2,"imp":0.114,"node":1,"deg":3,"term":1,"major":0},"geometry":{"type":"Point","coordinates":[20.008597,50.057822]}},{"type":"Feature","properties":{"id":"s687","name":"Ciesielskiego","bus":1,"tram":0,"n":1,"imp":0.054,"node":0,"deg":2,"term":0,"major":0},"geometry":{"type":"Point","coordinates":[20.012717,50.060466]}},{"type":"Feature","properties":{"id":"s688","name":"Lasówka","bus":1,"tram":0,"n":1,"imp":0.054,"node":0,"deg":2,"term":0,"major":0},"geometry":{"type":"Point","coordinates":[20.000358,50.047833]}},{"type":"Feature","properties":{"id":"s689","name":"Myśliwska","bus":1,"tram":0,"n":1,"imp":0.054,"node":0,"deg":2,"term":0,"major":0},"geometry":{"type":"Point","coordinates":[20.000358,50.044895]}},{"type":"Feature","properties":{"id":"s690","name":"Os. Przewóz","bus":1,"tram":0,"n":2,"imp":0.09,"node":1,"deg":3,"term":0,"major":0},"geometry":{"type":"Point","coordinates":[20.000358,50.041958]}},{"type":"Feature","properties":{"id":"s691","name":"Jabłonna","bus":1,"tram":0,"n":2,"imp":0.09,"node":1,"deg":3,"term":0,"major":0},"geometry":{"type":"Point","coordinates":[19.956415,50.093075]}},{"type":"Feature","properties":{"id":"s692","name":"Poniedziałkowy Dół","bus":1,"tram":0,"n":1,"imp":0.054,"node":0,"deg":2,"term":0,"major":0},"geometry":{"type":"Point","coordinates":[19.874021,50.056059]}},{"type":"Feature","properties":{"id":"s693","name":"Żywiczna","bus":1,"tram":0,"n":1,"imp":0.054,"node":0,"deg":2,"term":0,"major":0},"geometry":{"type":"Point","coordinates":[19.874021,50.052534]}},{"type":"Feature","properties":{"id":"s694","name":"Wilczy Stok","bus":1,"tram":0,"n":2,"imp":0.07,"node":0,"deg":2,"term":0,"major":0},"geometry":{"type":"Point","coordinates":[19.865664,50.066559]}},{"type":"Feature","properties":{"id":"s695","name":"Kolna Kapliczka","bus":1,"tram":0,"n":1,"imp":0.054,"node":0,"deg":2,"term":0,"major":0},"geometry":{"type":"Point","coordinates":[19.860289,50.035788]}},{"type":"Feature","properties":{"id":"s696","name":"Pełczyńskiego","bus":1,"tram":0,"n":1,"imp":0.054,"node":0,"deg":2,"term":0,"major":0},"geometry":{"type":"Point","coordinates":[19.911556,50.094838]}},{"type":"Feature","properties":{"id":"s697","name":"Stelmachów","bus":1,"tram":0,"n":1,"imp":0.054,"node":0,"deg":2,"term":0,"major":0},"geometry":{"type":"Point","coordinates":[19.907894,50.094838]}},{"type":"Feature","properties":{"id":"s698","name":"Górnickiego","bus":1,"tram":1,"n":5,"imp":0.15,"node":0,"deg":2,"term":0,"major":0},"geometry":{"type":"Point","coordinates":[19.941767,50.0966]}},{"type":"Feature","properties":{"id":"s699","name":"Skawina Rzepnik","bus":1,"tram":0,"n":5,"imp":0.138,"node":1,"deg":3,"term":0,"major":0},"geometry":{"type":"Point","coordinates":[19.876768,50.008467]}},{"type":"Feature","properties":{"id":"s700","name":"Skawina Cmentarz","bus":1,"tram":0,"n":8,"imp":0.243,"node":1,"deg":6,"term":0,"major":1},"geometry":{"type":"Point","coordinates":[19.874021,50.004942]}},{"type":"Feature","properties":{"id":"s701","name":"Skawina Popiełuszki","bus":1,"tram":0,"n":9,"imp":0.259,"node":1,"deg":6,"term":0,"major":1},"geometry":{"type":"Point","coordinates":[19.874021,50.003179]}},{"type":"Feature","properties":{"id":"s702","name":"Zagórzyce Dworskie Remiza","bus":1,"tram":0,"n":1,"imp":0.035,"node":1,"deg":1,"term":0,"major":0},"geometry":{"type":"Point","coordinates":[20.000358,50.124803]}},{"type":"Feature","properties":{"id":"s703","name":"Zagórzyce Stare Owocowa","bus":1,"tram":0,"n":1,"imp":0.054,"node":0,"deg":2,"term":0,"major":0},"geometry":{"type":"Point","coordinates":[20.000358,50.122159]}},{"type":"Feature","properties":{"id":"s704","name":"Balice Leśna","bus":1,"tram":0,"n":2,"imp":0.07,"node":0,"deg":2,"term":0,"major":0},"geometry":{"type":"Point","coordinates":[19.842153,50.076512]}},{"type":"Feature","properties":{"id":"s705","name":"Zabierzów Rynek","bus":1,"tram":0,"n":3,"imp":0.106,"node":1,"deg":3,"term":0,"major":0},"geometry":{"type":"Point","coordinates":[19.849303,50.093075]}},{"type":"Feature","properties":{"id":"s706","name":"Skawina Ajka","bus":1,"tram":0,"n":7,"imp":0.189,"node":1,"deg":4,"term":0,"major":1},"geometry":{"type":"Point","coordinates":[19.871275,50.001416]}},{"type":"Feature","properties":{"id":"s707","name":"Skawina","bus":1,"tram":0,"n":7,"imp":0.318,"node":1,"deg":2,"term":1,"major":1},"geometry":{"type":"Point","coordinates":[19.871275,49.997891]}},{"type":"Feature","properties":{"id":"s708","name":"Skawina Rynek","bus":1,"tram":0,"n":4,"imp":0.141,"node":1,"deg":4,"term":0,"major":0},"geometry":{"type":"Point","coordinates":[19.871275,50.004942]}},{"type":"Feature","properties":{"id":"s709","name":"Krasieniec Zakupny Kapliczka","bus":1,"tram":0,"n":1,"imp":0.074,"node":1,"deg":3,"term":0,"major":0},"geometry":{"type":"Point","coordinates":[19.948175,50.137142]}},{"type":"Feature","properties":{"id":"s710","name":"Iwanowice Dworskie Pętla","bus":1,"tram":0,"n":1,"imp":0.078,"node":1,"deg":2,"term":1,"major":0},"geometry":{"type":"Point","coordinates":[19.961908,50.138904]}},{"type":"Feature","properties":{"id":"s711","name":"Modlniczka Willowa","bus":1,"tram":0,"n":3,"imp":0.086,"node":0,"deg":2,"term":0,"major":0},"geometry":{"type":"Point","coordinates":[19.883176,50.100126]}},{"type":"Feature","properties":{"id":"s712","name":"Modlniczka Dworska","bus":1,"tram":0,"n":3,"imp":0.106,"node":1,"deg":3,"term":0,"major":0},"geometry":{"type":"Point","coordinates":[19.879514,50.100126]}},{"type":"Feature","properties":{"id":"s713","name":"Modlnica Skrzyżowanie","bus":1,"tram":0,"n":2,"imp":0.07,"node":0,"deg":2,"term":0,"major":0},"geometry":{"type":"Point","coordinates":[19.878484,50.100787]}},{"type":"Feature","properties":{"id":"s714","name":"Modlnica Szkoła","bus":1,"tram":0,"n":2,"imp":0.07,"node":0,"deg":2,"term":0,"major":0},"geometry":{"type":"Point","coordinates":[19.877454,50.101448]}},{"type":"Feature","properties":{"id":"s715","name":"Modlnica Kościelna","bus":1,"tram":0,"n":2,"imp":0.07,"node":0,"deg":2,"term":0,"major":0},"geometry":{"type":"Point","coordinates":[19.876424,50.102109]}},{"type":"Feature","properties":{"id":"s716","name":"Tomaszowice Zacisze","bus":1,"tram":0,"n":2,"imp":0.07,"node":0,"deg":2,"term":0,"major":0},"geometry":{"type":"Point","coordinates":[19.875394,50.10277]}},{"type":"Feature","properties":{"id":"s717","name":"Tomaszowice Dwór","bus":1,"tram":0,"n":2,"imp":0.07,"node":0,"deg":2,"term":0,"major":0},"geometry":{"type":"Point","coordinates":[19.874365,50.103431]}},{"type":"Feature","properties":{"id":"s718","name":"Piekary Na Brzegu","bus":1,"tram":0,"n":2,"imp":0.07,"node":0,"deg":2,"term":0,"major":0},"geometry":{"type":"Point","coordinates":[19.853619,50.03944]}},{"type":"Feature","properties":{"id":"s719","name":"Piekary Korea","bus":1,"tram":0,"n":2,"imp":0.07,"node":0,"deg":2,"term":0,"major":0},"geometry":{"type":"Point","coordinates":[19.851265,50.037929]}},{"type":"Feature","properties":{"id":"s720","name":"Piekary Centrum","bus":1,"tram":0,"n":3,"imp":0.106,"node":1,"deg":3,"term":0,"major":0},"geometry":{"type":"Point","coordinates":[19.846557,50.034907]}},{"type":"Feature","properties":{"id":"s721","name":"Piekary Borki","bus":1,"tram":0,"n":2,"imp":0.07,"node":0,"deg":2,"term":0,"major":0},"geometry":{"type":"Point","coordinates":[19.845267,50.037498]}},{"type":"Feature","properties":{"id":"s722","name":"Liszki Tyniecka","bus":1,"tram":0,"n":2,"imp":0.07,"node":0,"deg":2,"term":0,"major":0},"geometry":{"type":"Point","coordinates":[19.838803,50.041646]}},{"type":"Feature","properties":{"id":"s723","name":"Liszki Urząd Gminy","bus":1,"tram":0,"n":5,"imp":0.157,"node":1,"deg":4,"term":0,"major":0},"geometry":{"type":"Point","coordinates":[19.835571,50.04372]}},{"type":"Feature","properties":{"id":"s724","name":"Mogilany Cicha","bus":1,"tram":0,"n":4,"imp":0.122,"node":1,"deg":3,"term":0,"major":0},"geometry":{"type":"Point","coordinates":[19.912472,49.98379]}},{"type":"Feature","properties":{"id":"s725","name":"Rączna Kapliczka","bus":1,"tram":0,"n":2,"imp":0.09,"node":1,"deg":3,"term":0,"major":0},"geometry":{"type":"Point","coordinates":[19.838317,50.031382]}},{"type":"Feature","properties":{"id":"s726","name":"Rączna Gołębiec","bus":1,"tram":0,"n":3,"imp":0.106,"node":1,"deg":3,"term":0,"major":0},"geometry":{"type":"Point","coordinates":[19.841064,50.031382]}},{"type":"Feature","properties":{"id":"s727","name":"Rączna Bażanty","bus":1,"tram":0,"n":3,"imp":0.086,"node":0,"deg":2,"term":0,"major":0},"geometry":{"type":"Point","coordinates":[19.844104,50.02943]}},{"type":"Feature","properties":{"id":"s728","name":"Ściejowice Remiza","bus":1,"tram":0,"n":3,"imp":0.086,"node":0,"deg":2,"term":0,"major":0},"geometry":{"type":"Point","coordinates":[19.846557,50.027322]}},{"type":"Feature","properties":{"id":"s729","name":"Ściejowice Kościel","bus":1,"tram":0,"n":3,"imp":0.086,"node":0,"deg":2,"term":0,"major":0},"geometry":{"type":"Point","coordinates":[19.846557,50.021803]}},{"type":"Feature","properties":{"id":"s730","name":"Rączna Remiza","bus":1,"tram":0,"n":2,"imp":0.09,"node":1,"deg":3,"term":0,"major":0},"geometry":{"type":"Point","coordinates":[19.838317,50.027856]}},{"type":"Feature","properties":{"id":"s731","name":"Rączna Cracovia Centrum Treningowe","bus":1,"tram":0,"n":2,"imp":0.09,"node":1,"deg":3,"term":0,"major":0},"geometry":{"type":"Point","coordinates":[19.838317,50.024331]}},{"type":"Feature","properties":{"id":"s732","name":"Jeziorzany Rondo","bus":1,"tram":0,"n":4,"imp":0.122,"node":1,"deg":3,"term":0,"major":0},"geometry":{"type":"Point","coordinates":[19.846557,50.019043]}},{"type":"Feature","properties":{"id":"s733","name":"Jeziorzany Pętla","bus":1,"tram":0,"n":3,"imp":0.158,"node":1,"deg":2,"term":1,"major":0},"geometry":{"type":"Point","coordinates":[19.846557,50.015518]}},{"type":"Feature","properties":{"id":"s734","name":"Kryspinów Rondo","bus":1,"tram":0,"n":6,"imp":0.173,"node":1,"deg":4,"term":0,"major":1},"geometry":{"type":"Point","coordinates":[19.84381,50.047246]}},{"type":"Feature","properties":{"id":"s735","name":"Kryspinów Rondo","bus":1,"tram":0,"n":6,"imp":0.173,"node":1,"deg":4,"term":0,"major":1},"geometry":{"type":"Point","coordinates":[19.846557,50.045483]}},{"type":"Feature","properties":{"id":"s736","name":"Kryspinów Sanka","bus":1,"tram":0,"n":4,"imp":0.122,"node":1,"deg":3,"term":0,"major":0},"geometry":{"type":"Point","coordinates":[19.838317,50.045483]}},{"type":"Feature","properties":{"id":"s737","name":"Liszki Mazurowa","bus":1,"tram":0,"n":4,"imp":0.102,"node":0,"deg":2,"term":0,"major":0},"geometry":{"type":"Point","coordinates":[19.836944,50.044602]}},{"type":"Feature","properties":{"id":"s738","name":"Liszki Rondo","bus":1,"tram":0,"n":3,"imp":0.106,"node":1,"deg":3,"term":0,"major":0},"geometry":{"type":"Point","coordinates":[19.832825,50.041958]}},{"type":"Feature","properties":{"id":"s739","name":"Liszki Wołowska Droga","bus":1,"tram":0,"n":2,"imp":0.09,"node":1,"deg":3,"term":0,"major":0},"geometry":{"type":"Point","coordinates":[19.827332,50.038432]}},{"type":"Feature","properties":{"id":"s740","name":"Kaszów Wielka Droga","bus":1,"tram":0,"n":1,"imp":0.054,"node":0,"deg":2,"term":0,"major":0},"geometry":{"type":"Point","coordinates":[19.823882,50.036219]}},{"type":"Feature","properties":{"id":"s741","name":"Kaszów Szkoła nr 2","bus":1,"tram":0,"n":1,"imp":0.054,"node":0,"deg":2,"term":0,"major":0},"geometry":{"type":"Point","coordinates":[19.820433,50.034005]}},{"type":"Feature","properties":{"id":"s742","name":"Kaszów Wyźrał","bus":1,"tram":0,"n":1,"imp":0.054,"node":0,"deg":2,"term":0,"major":0},"geometry":{"type":"Point","coordinates":[19.816984,50.031791]}},{"type":"Feature","properties":{"id":"s743","name":"Zagacie Witkówki","bus":1,"tram":0,"n":1,"imp":0.054,"node":0,"deg":2,"term":0,"major":0},"geometry":{"type":"Point","coordinates":[19.816346,50.02883]}},{"type":"Feature","properties":{"id":"s744","name":"Zagacie Górka","bus":1,"tram":0,"n":1,"imp":0.054,"node":0,"deg":2,"term":0,"major":0},"geometry":{"type":"Point","coordinates":[19.816346,50.025699]}},{"type":"Feature","properties":{"id":"s745","name":"Czernichów Rynek","bus":1,"tram":0,"n":3,"imp":0.134,"node":1,"deg":2,"term":1,"major":0},"geometry":{"type":"Point","coordinates":[19.813599,50.020806]}},{"type":"Feature","properties":{"id":"s746","name":"Kaszów Łysa Góra","bus":1,"tram":0,"n":1,"imp":0.054,"node":0,"deg":2,"term":0,"major":0},"geometry":{"type":"Point","coordinates":[19.829542,50.042302]}},{"type":"Feature","properties":{"id":"s747","name":"Kaszów Tyrałówka","bus":1,"tram":0,"n":1,"imp":0.054,"node":0,"deg":2,"term":0,"major":0},"geometry":{"type":"Point","coordinates":[19.827063,50.043892]}},{"type":"Feature","properties":{"id":"s748","name":"Kaszów Remiza","bus":1,"tram":0,"n":2,"imp":0.094,"node":1,"deg":2,"term":1,"major":0},"geometry":{"type":"Point","coordinates":[19.824585,50.045483]}},{"type":"Feature","properties":{"id":"s749","name":"Kaszów Krzyżówka do Nowej Wsi Szlacheckiej","bus":1,"tram":0,"n":2,"imp":0.09,"node":1,"deg":3,"term":0,"major":0},"geometry":{"type":"Point","coordinates":[19.819092,50.045483]}},{"type":"Feature","properties":{"id":"s750","name":"Nowa Wieś Szlachecka Kapliczka","bus":1,"tram":0,"n":1,"imp":0.054,"node":0,"deg":2,"term":0,"major":0},"geometry":{"type":"Point","coordinates":[19.819092,50.04178]}},{"type":"Feature","properties":{"id":"s751","name":"Nowa Wieś Szlachecka Sklep","bus":1,"tram":0,"n":1,"imp":0.054,"node":0,"deg":2,"term":0,"major":0},"geometry":{"type":"Point","coordinates":[19.819092,50.039928]}},{"type":"Feature","properties":{"id":"s752","name":"Nowa Wieś Szlachecka Kościół","bus":1,"tram":0,"n":1,"imp":0.054,"node":0,"deg":2,"term":0,"major":0},"geometry":{"type":"Point","coordinates":[19.819092,50.038076]}},{"type":"Feature","properties":{"id":"s753","name":"Nowa Wieś Szlachecka Pętla","bus":1,"tram":0,"n":1,"imp":0.054,"node":0,"deg":2,"term":0,"major":0},"geometry":{"type":"Point","coordinates":[19.819092,50.036224]}},{"type":"Feature","properties":{"id":"s754","name":"Budzyń Plaża Główna","bus":1,"tram":0,"n":1,"imp":0.074,"node":1,"deg":3,"term":0,"major":0},"geometry":{"type":"Point","coordinates":[19.835571,50.050771]}},{"type":"Feature","properties":{"id":"s755","name":"Cholerzyn Chałupki","bus":1,"tram":0,"n":1,"imp":0.054,"node":0,"deg":2,"term":0,"major":0},"geometry":{"type":"Point","coordinates":[19.834002,50.051778]}},{"type":"Feature","properties":{"id":"s756","name":"Cholerzyn Skwer","bus":1,"tram":0,"n":1,"imp":0.054,"node":0,"deg":2,"term":0,"major":0},"geometry":{"type":"Point","coordinates":[19.832432,50.052786]}},{"type":"Feature","properties":{"id":"s757","name":"Cholerzyn Sklep","bus":1,"tram":0,"n":1,"imp":0.054,"node":0,"deg":2,"term":0,"major":0},"geometry":{"type":"Point","coordinates":[19.830863,50.053793]}},{"type":"Feature","properties":{"id":"s758","name":"Cholerzyn Skrzyżowanie","bus":1,"tram":0,"n":1,"imp":0.054,"node":0,"deg":2,"term":0,"major":0},"geometry":{"type":"Point","coordinates":[19.829293,50.0548]}},{"type":"Feature","properties":{"id":"s759","name":"Cholerzyn Zagórze","bus":1,"tram":0,"n":1,"imp":0.054,"node":0,"deg":2,"term":0,"major":0},"geometry":{"type":"Point","coordinates":[19.827724,50.055807]}},{"type":"Feature","properties":{"id":"s760","name":"Cholerzyn Granica","bus":1,"tram":0,"n":1,"imp":0.054,"node":0,"deg":2,"term":0,"major":0},"geometry":{"type":"Point","coordinates":[19.826155,50.056814]}},{"type":"Feature","properties":{"id":"s761","name":"Mników Sklep","bus":1,"tram":0,"n":2,"imp":0.09,"node":1,"deg":3,"term":0,"major":0},"geometry":{"type":"Point","coordinates":[19.824585,50.057822]}},{"type":"Feature","properties":{"id":"s762","name":"Mników Remiza","bus":1,"tram":0,"n":2,"imp":0.09,"node":1,"deg":3,"term":0,"major":0},"geometry":{"type":"Point","coordinates":[19.821839,50.057822]}},{"type":"Feature","properties":{"id":"s763","name":"Czułów Granica","bus":1,"tram":0,"n":1,"imp":0.054,"node":0,"deg":2,"term":0,"major":0},"geometry":{"type":"Point","coordinates":[19.819092,50.057822]}},{"type":"Feature","properties":{"id":"s764","name":"Czułów Sklep","bus":1,"tram":0,"n":1,"imp":0.054,"node":0,"deg":2,"term":0,"major":0},"geometry":{"type":"Point","coordinates":[19.816346,50.057822]}},{"type":"Feature","properties":{"id":"s765","name":"Czułów Szkoła","bus":1,"tram":0,"n":1,"imp":0.078,"node":1,"deg":2,"term":1,"major":0},"geometry":{"type":"Point","coordinates":[19.813599,50.057822]}},{"type":"Feature","properties":{"id":"s766","name":"Budzyń Zalew na Piaskach","bus":1,"tram":0,"n":1,"imp":0.074,"node":1,"deg":3,"term":0,"major":0},"geometry":{"type":"Point","coordinates":[19.846557,50.052534]}},{"type":"Feature","properties":{"id":"s767","name":"Narama Księża","bus":1,"tram":0,"n":1,"imp":0.054,"node":0,"deg":2,"term":0,"major":0},"geometry":{"type":"Point","coordinates":[19.947181,50.129453]}},{"type":"Feature","properties":{"id":"s768","name":"Balice Medweckiego","bus":1,"tram":0,"n":2,"imp":0.09,"node":1,"deg":3,"term":0,"major":0},"geometry":{"type":"Point","coordinates":[19.84381,50.06311]}},{"type":"Feature","properties":{"id":"s769","name":"Kraków Airport","bus":1,"tram":0,"n":3,"imp":0.173,"node":1,"deg":4,"term":1,"major":1},"geometry":{"type":"Point","coordinates":[19.841064,50.066635]}},{"type":"Feature","properties":{"id":"s770","name":"Balice Na Lotnisko","bus":1,"tram":0,"n":1,"imp":0.054,"node":0,"deg":2,"term":0,"major":0},"geometry":{"type":"Point","coordinates":[19.844213,50.070419]}},{"type":"Feature","properties":{"id":"s771","name":"Balice Autostrada","bus":1,"tram":0,"n":6,"imp":0.154,"node":1,"deg":3,"term":0,"major":0},"geometry":{"type":"Point","coordinates":[19.849303,50.073686]}},{"type":"Feature","properties":{"id":"s772","name":"Balice Szkoła","bus":1,"tram":0,"n":6,"imp":0.173,"node":1,"deg":4,"term":0,"major":0},"geometry":{"type":"Point","coordinates":[19.846557,50.073686]}},{"type":"Feature","properties":{"id":"s773","name":"Balice Instytut Zootechniki","bus":1,"tram":0,"n":4,"imp":0.102,"node":0,"deg":2,"term":0,"major":0},"geometry":{"type":"Point","coordinates":[19.84381,50.073686]}},{"type":"Feature","properties":{"id":"s774","name":"Balice Winna Góra","bus":1,"tram":0,"n":4,"imp":0.102,"node":0,"deg":2,"term":0,"major":0},"geometry":{"type":"Point","coordinates":[19.838435,50.073686]}},{"type":"Feature","properties":{"id":"s775","name":"Aleksandrowice Osiedle","bus":1,"tram":0,"n":4,"imp":0.102,"node":0,"deg":2,"term":0,"major":0},"geometry":{"type":"Point","coordinates":[19.836542,50.072546]}},{"type":"Feature","properties":{"id":"s776","name":"Aleksandrowice Centrum","bus":1,"tram":0,"n":4,"imp":0.102,"node":0,"deg":2,"term":0,"major":0},"geometry":{"type":"Point","coordinates":[19.834683,50.071353]}},{"type":"Feature","properties":{"id":"s777","name":"Morawica Szkoła","bus":1,"tram":0,"n":4,"imp":0.122,"node":1,"deg":3,"term":0,"major":0},"geometry":{"type":"Point","coordinates":[19.832825,50.07016]}},{"type":"Feature","properties":{"id":"s778","name":"Morawica Krzyżówka","bus":1,"tram":0,"n":2,"imp":0.09,"node":1,"deg":3,"term":0,"major":0},"geometry":{"type":"Point","coordinates":[19.830078,50.07016]}},{"type":"Feature","properties":{"id":"s779","name":"Morawica Centrum","bus":1,"tram":0,"n":2,"imp":0.094,"node":1,"deg":2,"term":1,"major":0},"geometry":{"type":"Point","coordinates":[19.832825,50.06311]}},{"type":"Feature","properties":{"id":"s780","name":"Morawica Mostek","bus":1,"tram":0,"n":1,"imp":0.054,"node":0,"deg":2,"term":0,"major":0},"geometry":{"type":"Point","coordinates":[19.827881,50.07016]}},{"type":"Feature","properties":{"id":"s781","name":"Chrosna Kapliczka","bus":1,"tram":0,"n":1,"imp":0.054,"node":0,"deg":2,"term":0,"major":0},"geometry":{"type":"Point","coordinates":[19.825684,50.07016]}},{"type":"Feature","properties":{"id":"s782","name":"Chrosna Sklep","bus":1,"tram":0,"n":1,"imp":0.054,"node":0,"deg":2,"term":0,"major":0},"geometry":{"type":"Point","coordinates":[19.823487,50.07016]}},{"type":"Feature","properties":{"id":"s783","name":"Chrosna Studnia","bus":1,"tram":0,"n":1,"imp":0.054,"node":0,"deg":2,"term":0,"major":0},"geometry":{"type":"Point","coordinates":[19.821289,50.07016]}},{"type":"Feature","properties":{"id":"s784","name":"Chrosna Pętla","bus":1,"tram":0,"n":1,"imp":0.059,"node":1,"deg":1,"term":1,"major":0},"geometry":{"type":"Point","coordinates":[19.819092,50.07016]}},{"type":"Feature","properties":{"id":"s785","name":"Brzoskwinia Koziary","bus":1,"tram":0,"n":2,"imp":0.07,"node":0,"deg":2,"term":0,"major":0},"geometry":{"type":"Point","coordinates":[19.830585,50.071597]}},{"type":"Feature","properties":{"id":"s786","name":"Brzoskwinia Remiza","bus":1,"tram":0,"n":2,"imp":0.07,"node":0,"deg":2,"term":0,"major":0},"geometry":{"type":"Point","coordinates":[19.826107,50.074472]}},{"type":"Feature","properties":{"id":"s787","name":"Brzoskwinia Kamyk","bus":1,"tram":0,"n":2,"imp":0.07,"node":0,"deg":2,"term":0,"major":0},"geometry":{"type":"Point","coordinates":[19.823868,50.075909]}},{"type":"Feature","properties":{"id":"s788","name":"Brzoskwinia Pętla","bus":1,"tram":0,"n":2,"imp":0.07,"node":0,"deg":2,"term":0,"major":0},"geometry":{"type":"Point","coordinates":[19.821629,50.077346]}},{"type":"Feature","properties":{"id":"s789","name":"Szczyglice Most","bus":1,"tram":0,"n":2,"imp":0.07,"node":0,"deg":2,"term":0,"major":0},"geometry":{"type":"Point","coordinates":[19.856169,50.078092]}},{"type":"Feature","properties":{"id":"s790","name":"Szczyglice Autostrada","bus":1,"tram":0,"n":3,"imp":0.086,"node":0,"deg":2,"term":0,"major":0},"geometry":{"type":"Point","coordinates":[19.857543,50.080736]}},{"type":"Feature","properties":{"id":"s791","name":"Szczyglice Skrzyżowanie","bus":1,"tram":0,"n":4,"imp":0.122,"node":1,"deg":3,"term":0,"major":0},"geometry":{"type":"Point","coordinates":[19.85205,50.080736]}},{"type":"Feature","properties":{"id":"s792","name":"Szczyglice Błonie","bus":1,"tram":0,"n":5,"imp":0.138,"node":1,"deg":3,"term":0,"major":0},"geometry":{"type":"Point","coordinates":[19.85205,50.075448]}},{"type":"Feature","properties":{"id":"s793","name":"Rząska Jednostka Wojskowa","bus":1,"tram":0,"n":4,"imp":0.102,"node":0,"deg":2,"term":0,"major":0},"geometry":{"type":"Point","coordinates":[19.878442,50.086024]}},{"type":"Feature","properties":{"id":"s794","name":"Rząska UR","bus":1,"tram":0,"n":4,"imp":0.102,"node":0,"deg":2,"term":0,"major":0},"geometry":{"type":"Point","coordinates":[19.873485,50.086024]}},{"type":"Feature","properties":{"id":"s795","name":"Rząska Szkoła","bus":1,"tram":0,"n":4,"imp":0.122,"node":1,"deg":3,"term":0,"major":0},"geometry":{"type":"Point","coordinates":[19.868528,50.086024]}},{"type":"Feature","properties":{"id":"s796","name":"Rząska Autostrada","bus":1,"tram":0,"n":4,"imp":0.122,"node":1,"deg":3,"term":0,"major":0},"geometry":{"type":"Point","coordinates":[19.865782,50.08955]}},{"type":"Feature","properties":{"id":"s797","name":"Modlniczka Mała","bus":1,"tram":0,"n":5,"imp":0.176,"node":1,"deg":5,"term":0,"major":1},"geometry":{"type":"Point","coordinates":[19.868528,50.091312]}},{"type":"Feature","properties":{"id":"s798","name":"Zabierzów Rzemieślnicza","bus":1,"tram":0,"n":4,"imp":0.141,"node":1,"deg":4,"term":0,"major":0},"geometry":{"type":"Point","coordinates":[19.863035,50.091312]}},{"type":"Feature","properties":{"id":"s799","name":"Zabierzów Kmity","bus":1,"tram":0,"n":4,"imp":0.141,"node":1,"deg":4,"term":0,"major":0},"geometry":{"type":"Point","coordinates":[19.854796,50.08955]}},{"type":"Feature","properties":{"id":"s800","name":"Szczyglice Skała Kmity","bus":1,"tram":0,"n":1,"imp":0.054,"node":0,"deg":2,"term":0,"major":0},"geometry":{"type":"Point","coordinates":[19.85205,50.085508]}},{"type":"Feature","properties":{"id":"s801","name":"Zabierzów Willowa","bus":1,"tram":0,"n":3,"imp":0.086,"node":0,"deg":2,"term":0,"major":0},"geometry":{"type":"Point","coordinates":[19.857543,50.091312]}},{"type":"Feature","properties":{"id":"s802","name":"Zabierzów Centrum","bus":1,"tram":0,"n":3,"imp":0.125,"node":1,"deg":4,"term":0,"major":0},"geometry":{"type":"Point","coordinates":[19.85205,50.091312]}},{"type":"Feature","properties":{"id":"s803","name":"Zabierzów Kamieniołom","bus":1,"tram":0,"n":2,"imp":0.09,"node":1,"deg":3,"term":0,"major":0},"geometry":{"type":"Point","coordinates":[19.84381,50.091312]}},{"type":"Feature","properties":{"id":"s804","name":"Zabierzów Piaski","bus":1,"tram":0,"n":2,"imp":0.07,"node":0,"deg":2,"term":0,"major":0},"geometry":{"type":"Point","coordinates":[19.841265,50.089679]}},{"type":"Feature","properties":{"id":"s805","name":"Zabierzów Ośrodek Zdrowia","bus":1,"tram":0,"n":2,"imp":0.07,"node":0,"deg":2,"term":0,"major":0},"geometry":{"type":"Point","coordinates":[19.83872,50.088045]}},{"type":"Feature","properties":{"id":"s806","name":"Zabierzów Wrzosowa","bus":1,"tram":0,"n":2,"imp":0.07,"node":0,"deg":2,"term":0,"major":0},"geometry":{"type":"Point","coordinates":[19.836174,50.086412]}},{"type":"Feature","properties":{"id":"s807","name":"Kochanów Centrum","bus":1,"tram":0,"n":3,"imp":0.106,"node":1,"deg":3,"term":0,"major":0},"geometry":{"type":"Point","coordinates":[19.832825,50.086024]}},{"type":"Feature","properties":{"id":"s808","name":"Zabierzów PKP","bus":1,"tram":0,"n":3,"imp":0.106,"node":1,"deg":3,"term":0,"major":0},"geometry":{"type":"Point","coordinates":[19.85205,50.094838]}},{"type":"Feature","properties":{"id":"s809","name":"Bolechowice Zielona","bus":1,"tram":0,"n":5,"imp":0.176,"node":1,"deg":5,"term":0,"major":1},"geometry":{"type":"Point","coordinates":[19.857543,50.098363]}},{"type":"Feature","properties":{"id":"s810","name":"Bolechowice Krzewiny","bus":1,"tram":0,"n":3,"imp":0.086,"node":0,"deg":2,"term":0,"major":0},"geometry":{"type":"Point","coordinates":[19.857543,50.101301]}},{"type":"Feature","properties":{"id":"s811","name":"Bolechowice Drogi","bus":1,"tram":0,"n":3,"imp":0.086,"node":0,"deg":2,"term":0,"major":0},"geometry":{"type":"Point","coordinates":[19.857543,50.104239]}},{"type":"Feature","properties":{"id":"s812","name":"Bolechowice Centrum","bus":1,"tram":0,"n":3,"imp":0.106,"node":1,"deg":3,"term":0,"major":0},"geometry":{"type":"Point","coordinates":[19.857543,50.107176]}},{"type":"Feature","properties":{"id":"s813","name":"Zelków Wola","bus":1,"tram":0,"n":2,"imp":0.07,"node":0,"deg":2,"term":0,"major":0},"geometry":{"type":"Point","coordinates":[19.85919,50.108234]}},{"type":"Feature","properties":{"id":"s814","name":"Zelków Staw","bus":1,"tram":0,"n":2,"imp":0.07,"node":0,"deg":2,"term":0,"major":0},"geometry":{"type":"Point","coordinates":[19.860838,50.109292]}},{"type":"Feature","properties":{"id":"s815","name":"Zelków Spławy","bus":1,"tram":0,"n":2,"imp":0.07,"node":0,"deg":2,"term":0,"major":0},"geometry":{"type":"Point","coordinates":[19.862486,50.110349]}},{"type":"Feature","properties":{"id":"s816","name":"Zelków Kościuszki","bus":1,"tram":0,"n":2,"imp":0.07,"node":0,"deg":2,"term":0,"major":0},"geometry":{"type":"Point","coordinates":[19.864134,50.111407]}},{"type":"Feature","properties":{"id":"s817","name":"Zelków Pętla","bus":1,"tram":0,"n":2,"imp":0.099,"node":1,"deg":1,"term":1,"major":0},"geometry":{"type":"Point","coordinates":[19.865782,50.112464]}},{"type":"Feature","properties":{"id":"s818","name":"Modlnica Cicha","bus":1,"tram":0,"n":2,"imp":0.07,"node":0,"deg":2,"term":0,"major":0},"geometry":{"type":"Point","coordinates":[19.900515,50.106037]}},{"type":"Feature","properties":{"id":"s819","name":"Giebułtów Osiedle Polana","bus":1,"tram":0,"n":2,"imp":0.07,"node":0,"deg":2,"term":0,"major":0},"geometry":{"type":"Point","coordinates":[19.89836,50.10742]}},{"type":"Feature","properties":{"id":"s820","name":"Giebułtów Zielone Wzgórze","bus":1,"tram":0,"n":2,"imp":0.07,"node":0,"deg":2,"term":0,"major":0},"geometry":{"type":"Point","coordinates":[19.896205,50.108803]}},{"type":"Feature","properties":{"id":"s821","name":"Giebułtów Świętego Idziego","bus":1,"tram":0,"n":2,"imp":0.09,"node":1,"deg":3,"term":0,"major":0},"geometry":{"type":"Point","coordinates":[19.895993,50.110702]}},{"type":"Feature","properties":{"id":"s822","name":"Giebułtów Kościół","bus":1,"tram":0,"n":1,"imp":0.054,"node":0,"deg":2,"term":0,"major":0},"geometry":{"type":"Point","coordinates":[19.895993,50.112464]}},{"type":"Feature","properties":{"id":"s823","name":"Zielonki Skrzyżowanie","bus":1,"tram":0,"n":4,"imp":0.122,"node":1,"deg":3,"term":0,"major":0},"geometry":{"type":"Point","coordinates":[19.923457,50.103651]}},{"type":"Feature","properties":{"id":"s824","name":"Zielonki Urząd Gminy","bus":1,"tram":0,"n":5,"imp":0.138,"node":1,"deg":3,"term":0,"major":0},"geometry":{"type":"Point","coordinates":[19.923457,50.107176]}},{"type":"Feature","properties":{"id":"s825","name":"Zielonki Transformator","bus":1,"tram":0,"n":5,"imp":0.118,"node":0,"deg":2,"term":0,"major":0},"geometry":{"type":"Point","coordinates":[19.923457,50.108939]}},{"type":"Feature","properties":{"id":"s826","name":"Zielonki Rozjazd","bus":1,"tram":0,"n":5,"imp":0.157,"node":1,"deg":4,"term":0,"major":0},"geometry":{"type":"Point","coordinates":[19.923457,50.110702]}},{"type":"Feature","properties":{"id":"s827","name":"Trojanowice Strugi","bus":1,"tram":0,"n":3,"imp":0.086,"node":0,"deg":2,"term":0,"major":0},"geometry":{"type":"Point","coordinates":[19.919795,50.113052]}},{"type":"Feature","properties":{"id":"s828","name":"Trojanowice Słoneczna","bus":1,"tram":0,"n":3,"imp":0.086,"node":0,"deg":2,"term":0,"major":0},"geometry":{"type":"Point","coordinates":[19.916133,50.115402]}},{"type":"Feature","properties":{"id":"s829","name":"Januszowice Młyńska","bus":1,"tram":0,"n":3,"imp":0.106,"node":1,"deg":3,"term":0,"major":0},"geometry":{"type":"Point","coordinates":[19.912472,50.117752]}},{"type":"Feature","properties":{"id":"s830","name":"Przybysławice Centrum","bus":1,"tram":0,"n":2,"imp":0.07,"node":0,"deg":2,"term":0,"major":0},"geometry":{"type":"Point","coordinates":[19.914711,50.11919]}},{"type":"Feature","properties":{"id":"s831","name":"Przybysławice Na Stoczki","bus":1,"tram":0,"n":2,"imp":0.07,"node":0,"deg":2,"term":0,"major":0},"geometry":{"type":"Point","coordinates":[19.919189,50.122064]}},{"type":"Feature","properties":{"id":"s832","name":"Brzozówka Ośrodek","bus":1,"tram":0,"n":2,"imp":0.07,"node":0,"deg":2,"term":0,"major":0},"geometry":{"type":"Point","coordinates":[19.921428,50.123501]}},{"type":"Feature","properties":{"id":"s833","name":"Brzozówka Oskarówka","bus":1,"tram":0,"n":2,"imp":0.07,"node":0,"deg":2,"term":0,"major":0},"geometry":{"type":"Point","coordinates":[19.923667,50.124938]}},{"type":"Feature","properties":{"id":"s834","name":"Owczary Długa","bus":1,"tram":0,"n":2,"imp":0.07,"node":0,"deg":2,"term":0,"major":0},"geometry":{"type":"Point","coordinates":[19.925907,50.126375]}},{"type":"Feature","properties":{"id":"s835","name":"Owczary Pętla","bus":1,"tram":0,"n":3,"imp":0.158,"node":1,"deg":2,"term":1,"major":0},"geometry":{"type":"Point","coordinates":[19.926204,50.128328]}},{"type":"Feature","properties":{"id":"s836","name":"Trojanowice Krakowska","bus":1,"tram":0,"n":1,"imp":0.054,"node":0,"deg":2,"term":0,"major":0},"geometry":{"type":"Point","coordinates":[19.923457,50.113346]}},{"type":"Feature","properties":{"id":"s837","name":"Trojanowice Pętla","bus":1,"tram":0,"n":1,"imp":0.059,"node":1,"deg":1,"term":1,"major":0},"geometry":{"type":"Point","coordinates":[19.923457,50.11599]}},{"type":"Feature","properties":{"id":"s838","name":"Zielonki Jaskinia Zielonkowska","bus":1,"tram":0,"n":1,"imp":0.054,"node":0,"deg":2,"term":0,"major":0},"geometry":{"type":"Point","coordinates":[19.925721,50.112155]}},{"type":"Feature","properties":{"id":"s839","name":"Garlica Murowana Plac Zabaw","bus":1,"tram":0,"n":1,"imp":0.054,"node":0,"deg":2,"term":0,"major":0},"geometry":{"type":"Point","coordinates":[19.92895,50.115406]}},{"type":"Feature","properties":{"id":"s840","name":"Garlica Duchowna Kapliczka","bus":1,"tram":0,"n":1,"imp":0.054,"node":0,"deg":2,"term":0,"major":0},"geometry":{"type":"Point","coordinates":[19.92895,50.11746]}},{"type":"Feature","properties":{"id":"s841","name":"Kaszów Na Górce","bus":1,"tram":0,"n":1,"imp":0.054,"node":0,"deg":2,"term":0,"major":0},"geometry":{"type":"Point","coordinates":[19.819092,50.043631]}},{"type":"Feature","properties":{"id":"s842","name":"Wola Zachariaszowska Szkoła","bus":1,"tram":0,"n":2,"imp":0.07,"node":0,"deg":2,"term":0,"major":0},"geometry":{"type":"Point","coordinates":[19.932344,50.121693]}},{"type":"Feature","properties":{"id":"s843","name":"Wola Zachariaszowska Słoneczna","bus":1,"tram":0,"n":2,"imp":0.07,"node":0,"deg":2,"term":0,"major":0},"geometry":{"type":"Point","coordinates":[19.935738,50.123871]}},{"type":"Feature","properties":{"id":"s844","name":"Górna Wieś Pętla","bus":1,"tram":0,"n":3,"imp":0.134,"node":1,"deg":2,"term":1,"major":0},"geometry":{"type":"Point","coordinates":[19.939936,50.124803]}},{"type":"Feature","properties":{"id":"s845","name":"Węgrzce Starostwo Powiatowe","bus":1,"tram":0,"n":8,"imp":0.166,"node":0,"deg":2,"term":0,"major":0},"geometry":{"type":"Point","coordinates":[19.961908,50.106001]}},{"type":"Feature","properties":{"id":"s846","name":"Węgrzce A1","bus":1,"tram":0,"n":8,"imp":0.243,"node":1,"deg":6,"term":0,"major":1},"geometry":{"type":"Point","coordinates":[19.961908,50.107176]}},{"type":"Feature","properties":{"id":"s847","name":"Bibice Na Czekaj","bus":1,"tram":0,"n":5,"imp":0.138,"node":1,"deg":3,"term":0,"major":0},"geometry":{"type":"Point","coordinates":[19.961908,50.112464]}},{"type":"Feature","properties":{"id":"s848","name":"Michałowice Komora","bus":1,"tram":0,"n":5,"imp":0.138,"node":1,"deg":3,"term":0,"major":0},"geometry":{"type":"Point","coordinates":[19.961908,50.114227]}},{"type":"Feature","properties":{"id":"s849","name":"Michałowice Dąbrowskich","bus":1,"tram":0,"n":3,"imp":0.125,"node":1,"deg":4,"term":0,"major":0},"geometry":{"type":"Point","coordinates":[19.970147,50.119515]}},{"type":"Feature","properties":{"id":"s850","name":"Michałowice Centrum","bus":1,"tram":0,"n":3,"imp":0.106,"node":1,"deg":3,"term":0,"major":0},"geometry":{"type":"Point","coordinates":[19.970147,50.121278]}},{"type":"Feature","properties":{"id":"s851","name":"Michałowice Lecznica","bus":1,"tram":0,"n":1,"imp":0.074,"node":1,"deg":3,"term":0,"major":0},"geometry":{"type":"Point","coordinates":[19.956415,50.124803]}},{"type":"Feature","properties":{"id":"s852","name":"Michałowice Na Stoku","bus":1,"tram":0,"n":1,"imp":0.054,"node":0,"deg":2,"term":0,"major":0},"geometry":{"type":"Point","coordinates":[19.952374,50.124803]}},{"type":"Feature","properties":{"id":"s853","name":"Michałowice Michałówka","bus":1,"tram":0,"n":1,"imp":0.054,"node":0,"deg":2,"term":0,"major":0},"geometry":{"type":"Point","coordinates":[19.948332,50.124803]}},{"type":"Feature","properties":{"id":"s854","name":"Michałowice Gościniec","bus":1,"tram":0,"n":2,"imp":0.09,"node":1,"deg":3,"term":0,"major":0},"geometry":{"type":"Point","coordinates":[19.945429,50.126566]}},{"type":"Feature","properties":{"id":"s855","name":"Narama Graniczna Sklep","bus":1,"tram":0,"n":2,"imp":0.09,"node":1,"deg":3,"term":0,"major":0},"geometry":{"type":"Point","coordinates":[19.945429,50.128328]}},{"type":"Feature","properties":{"id":"s856","name":"Krasieniec Stary Skrzyżowanie","bus":1,"tram":0,"n":1,"imp":0.054,"node":0,"deg":2,"term":0,"major":0},"geometry":{"type":"Point","coordinates":[19.948175,50.130779]}},{"type":"Feature","properties":{"id":"s857","name":"Krasieniec Zakupny Remiza","bus":1,"tram":0,"n":1,"imp":0.054,"node":0,"deg":2,"term":0,"major":0},"geometry":{"type":"Point","coordinates":[19.948175,50.133961]}},{"type":"Feature","properties":{"id":"s858","name":"Krasieniec Zakupny Pod Lipą","bus":1,"tram":0,"n":1,"imp":0.054,"node":0,"deg":2,"term":0,"major":0},"geometry":{"type":"Point","coordinates":[19.948175,50.135551]}},{"type":"Feature","properties":{"id":"s859","name":"Narama Remiza","bus":1,"tram":0,"n":1,"imp":0.059,"node":1,"deg":1,"term":1,"major":0},"geometry":{"type":"Point","coordinates":[19.93719,50.128328]}},{"type":"Feature","properties":{"id":"s860","name":"Michałowice Górna","bus":1,"tram":0,"n":1,"imp":0.054,"node":0,"deg":2,"term":0,"major":0},"geometry":{"type":"Point","coordinates":[19.967401,50.126049]}},{"type":"Feature","properties":{"id":"s861","name":"Michałowice Górna","bus":1,"tram":0,"n":2,"imp":0.09,"node":1,"deg":3,"term":0,"major":0},"geometry":{"type":"Point","coordinates":[19.964654,50.124803]}},{"type":"Feature","properties":{"id":"s862","name":"Michałowice Warszawka","bus":1,"tram":0,"n":1,"imp":0.074,"node":1,"deg":3,"term":0,"major":0},"geometry":{"type":"Point","coordinates":[19.964654,50.128328]}},{"type":"Feature","properties":{"id":"s863","name":"Michałowice Laskowiec","bus":1,"tram":0,"n":1,"imp":0.054,"node":0,"deg":2,"term":0,"major":0},"geometry":{"type":"Point","coordinates":[19.954473,50.128328]}},{"type":"Feature","properties":{"id":"s864","name":"Piekary Sklep","bus":1,"tram":0,"n":2,"imp":0.07,"node":0,"deg":2,"term":0,"major":0},"geometry":{"type":"Point","coordinates":[19.848911,50.036418]}},{"type":"Feature","properties":{"id":"s865","name":"Młynka Kalwaryjska","bus":1,"tram":0,"n":1,"imp":0.054,"node":0,"deg":2,"term":0,"major":0},"geometry":{"type":"Point","coordinates":[19.816503,50.086024]}},{"type":"Feature","properties":{"id":"s866","name":"Młynka Pętla","bus":1,"tram":0,"n":1,"imp":0.059,"node":1,"deg":1,"term":1,"major":0},"geometry":{"type":"Point","coordinates":[19.813599,50.084262]}},{"type":"Feature","properties":{"id":"s867","name":"Kleszczów Centrum","bus":1,"tram":0,"n":2,"imp":0.07,"node":0,"deg":2,"term":0,"major":0},"geometry":{"type":"Point","coordinates":[19.832825,50.084026]}},{"type":"Feature","properties":{"id":"s868","name":"Sieborowice","bus":1,"tram":0,"n":1,"imp":0.074,"node":1,"deg":3,"term":0,"major":0},"geometry":{"type":"Point","coordinates":[20.000358,50.119515]}},{"type":"Feature","properties":{"id":"s869","name":"Pielgrzymowice Granica","bus":1,"tram":0,"n":1,"imp":0.054,"node":0,"deg":2,"term":0,"major":0},"geometry":{"type":"Point","coordinates":[20.004556,50.115058]}},{"type":"Feature","properties":{"id":"s870","name":"Masłomiąca Staw","bus":1,"tram":0,"n":1,"imp":0.054,"node":0,"deg":2,"term":0,"major":0},"geometry":{"type":"Point","coordinates":[19.984115,50.121127]}},{"type":"Feature","properties":{"id":"s871","name":"Masłomiąca Długa","bus":1,"tram":0,"n":1,"imp":0.054,"node":0,"deg":2,"term":0,"major":0},"geometry":{"type":"Point","coordinates":[19.989088,50.117935]}},{"type":"Feature","properties":{"id":"s872","name":"Więcławice Stare Centrum","bus":1,"tram":0,"n":1,"imp":0.074,"node":1,"deg":3,"term":0,"major":0},"geometry":{"type":"Point","coordinates":[19.994865,50.11599]}},{"type":"Feature","properties":{"id":"s873","name":"Pielgrzymowice Wierzbowa","bus":1,"tram":0,"n":1,"imp":0.054,"node":0,"deg":2,"term":0,"major":0},"geometry":{"type":"Point","coordinates":[20.00795,50.11288]}},{"type":"Feature","properties":{"id":"s874","name":"Pielgrzymowice Pętla","bus":1,"tram":0,"n":2,"imp":0.118,"node":1,"deg":2,"term":1,"major":0},"geometry":{"type":"Point","coordinates":[20.011344,50.110702]}},{"type":"Feature","properties":{"id":"s875","name":"Bibice Kościuszki","bus":1,"tram":0,"n":2,"imp":0.07,"node":0,"deg":2,"term":0,"major":0},"geometry":{"type":"Point","coordinates":[19.958357,50.108939]}},{"type":"Feature","properties":{"id":"s876","name":"Bibice Rynek","bus":1,"tram":0,"n":2,"imp":0.09,"node":1,"deg":3,"term":0,"major":0},"geometry":{"type":"Point","coordinates":[19.953668,50.108939]}},{"type":"Feature","properties":{"id":"s877","name":"Węgrzce Centrum","bus":1,"tram":0,"n":3,"imp":0.125,"node":1,"deg":4,"term":0,"major":0},"geometry":{"type":"Point","coordinates":[19.970147,50.105414]}},{"type":"Feature","properties":{"id":"s878","name":"Batowice Spławy","bus":1,"tram":0,"n":4,"imp":0.122,"node":1,"deg":3,"term":0,"major":0},"geometry":{"type":"Point","coordinates":[19.997611,50.098363]}},{"type":"Feature","properties":{"id":"s879","name":"Batowice Kapliczka","bus":1,"tram":0,"n":4,"imp":0.122,"node":1,"deg":3,"term":0,"major":0},"geometry":{"type":"Point","coordinates":[20.000358,50.098363]}},{"type":"Feature","properties":{"id":"s880","name":"Batowice Dłubnia","bus":1,"tram":0,"n":3,"imp":0.106,"node":1,"deg":3,"term":0,"major":0},"geometry":{"type":"Point","coordinates":[20.003104,50.100126]}},{"type":"Feature","properties":{"id":"s881","name":"Raciborowice Wawelska","bus":1,"tram":0,"n":2,"imp":0.07,"node":0,"deg":2,"term":0,"major":0},"geometry":{"type":"Point","coordinates":[20.006766,50.100126]}},{"type":"Feature","properties":{"id":"s882","name":"Zastów Pętla","bus":1,"tram":0,"n":2,"imp":0.118,"node":1,"deg":2,"term":1,"major":0},"geometry":{"type":"Point","coordinates":[20.01409,50.100126]}},{"type":"Feature","properties":{"id":"s883","name":"Prusy Szkoła","bus":1,"tram":0,"n":5,"imp":0.118,"node":0,"deg":2,"term":0,"major":0},"geometry":{"type":"Point","coordinates":[20.034487,50.093827]}},{"type":"Feature","properties":{"id":"s884","name":"Prusy Kościół","bus":1,"tram":0,"n":5,"imp":0.118,"node":0,"deg":2,"term":0,"major":0},"geometry":{"type":"Point","coordinates":[20.03566,50.09458]}},{"type":"Feature","properties":{"id":"s885","name":"Sulechów","bus":1,"tram":0,"n":5,"imp":0.118,"node":0,"deg":2,"term":0,"major":0},"geometry":{"type":"Point","coordinates":[20.036062,50.095537]}},{"type":"Feature","properties":{"id":"s886","name":"Dojazdów PKS","bus":1,"tram":0,"n":6,"imp":0.154,"node":1,"deg":3,"term":0,"major":0},"geometry":{"type":"Point","coordinates":[20.036062,50.0966]}},{"type":"Feature","properties":{"id":"s887","name":"Zabierzów Młyn","bus":1,"tram":0,"n":4,"imp":0.15,"node":1,"deg":2,"term":1,"major":0},"geometry":{"type":"Point","coordinates":[19.857543,50.0966]}},{"type":"Feature","properties":{"id":"s888","name":"Czulice Przymiarki","bus":1,"tram":0,"n":1,"imp":0.054,"node":0,"deg":2,"term":0,"major":0},"geometry":{"type":"Point","coordinates":[20.069019,50.090137]}},{"type":"Feature","properties":{"id":"s889","name":"Pękowice Fort","bus":1,"tram":0,"n":2,"imp":0.07,"node":0,"deg":2,"term":0,"major":0},"geometry":{"type":"Point","coordinates":[19.909725,50.106295]}},{"type":"Feature","properties":{"id":"s890","name":"Czulice Kościół","bus":1,"tram":0,"n":2,"imp":0.118,"node":1,"deg":2,"term":1,"major":0},"geometry":{"type":"Point","coordinates":[20.069019,50.093075]}},{"type":"Feature","properties":{"id":"s891","name":"Wola Luborzycka Skrzyżowanie","bus":1,"tram":0,"n":1,"imp":0.054,"node":0,"deg":2,"term":0,"major":0},"geometry":{"type":"Point","coordinates":[20.038808,50.109229]}},{"type":"Feature","properties":{"id":"s892","name":"Wola Luborzycka Las","bus":1,"tram":0,"n":1,"imp":0.054,"node":0,"deg":2,"term":0,"major":0},"geometry":{"type":"Point","coordinates":[20.039287,50.111009]}},{"type":"Feature","properties":{"id":"s893","name":"Goszyce Pod Lasem","bus":1,"tram":0,"n":1,"imp":0.054,"node":0,"deg":2,"term":0,"major":0},"geometry":{"type":"Point","coordinates":[20.041388,50.112357]}},{"type":"Feature","properties":{"id":"s894","name":"Goszyce Remiza","bus":1,"tram":0,"n":1,"imp":0.054,"node":0,"deg":2,"term":0,"major":0},"geometry":{"type":"Point","coordinates":[20.04349,50.113706]}},{"type":"Feature","properties":{"id":"s895","name":"Skrzeszowice OSP Boisko","bus":1,"tram":0,"n":1,"imp":0.054,"node":0,"deg":2,"term":0,"major":0},"geometry":{"type":"Point","coordinates":[20.045591,50.115055]}},{"type":"Feature","properties":{"id":"s896","name":"Łososkowice Szkoła","bus":1,"tram":0,"n":1,"imp":0.054,"node":0,"deg":2,"term":0,"major":0},"geometry":{"type":"Point","coordinates":[20.047692,50.116404]}},{"type":"Feature","properties":{"id":"s897","name":"Łososkowice Remiza","bus":1,"tram":0,"n":1,"imp":0.059,"node":1,"deg":1,"term":1,"major":0},"geometry":{"type":"Point","coordinates":[20.049794,50.117752]}},{"type":"Feature","properties":{"id":"s898","name":"Nielepice Pętla","bus":1,"tram":0,"n":2,"imp":0.099,"node":1,"deg":1,"term":1,"major":0},"geometry":{"type":"Point","coordinates":[19.819092,50.080736]}},{"type":"Feature","properties":{"id":"s899","name":"Wrząsowice Kowaleca","bus":1,"tram":0,"n":2,"imp":0.07,"node":0,"deg":2,"term":0,"major":0},"geometry":{"type":"Point","coordinates":[19.945429,49.987511]}},{"type":"Feature","properties":{"id":"s900","name":"Brzegi Grobla","bus":1,"tram":0,"n":1,"imp":0.054,"node":0,"deg":2,"term":0,"major":0},"geometry":{"type":"Point","coordinates":[20.043922,50.04372]}},{"type":"Feature","properties":{"id":"s901","name":"Brzegi Pętla","bus":1,"tram":0,"n":3,"imp":0.173,"node":1,"deg":4,"term":1,"major":0},"geometry":{"type":"Point","coordinates":[20.044301,50.040195]}},{"type":"Feature","properties":{"id":"s902","name":"Wrząsowice Wrzosowa","bus":1,"tram":0,"n":2,"imp":0.07,"node":0,"deg":2,"term":0,"major":0},"geometry":{"type":"Point","coordinates":[19.945429,49.991624]}},{"type":"Feature","properties":{"id":"s903","name":"Wrząsowice Centrum","bus":1,"tram":0,"n":2,"imp":0.07,"node":0,"deg":2,"term":0,"major":0},"geometry":{"type":"Point","coordinates":[19.945429,49.990253]}},{"type":"Feature","properties":{"id":"s904","name":"Wrząsowice Bonifraterska","bus":1,"tram":0,"n":2,"imp":0.07,"node":0,"deg":2,"term":0,"major":0},"geometry":{"type":"Point","coordinates":[19.945429,49.98614]}},{"type":"Feature","properties":{"id":"s905","name":"Wrząsowice Zielona","bus":1,"tram":0,"n":2,"imp":0.07,"node":0,"deg":2,"term":0,"major":0},"geometry":{"type":"Point","coordinates":[19.945429,49.984769]}},{"type":"Feature","properties":{"id":"s906","name":"Świątniki Górne Urząd Miasta i Gminy","bus":1,"tram":0,"n":4,"imp":0.17,"node":1,"deg":3,"term":1,"major":0},"geometry":{"type":"Point","coordinates":[19.945429,49.982027]}},{"type":"Feature","properties":{"id":"s907","name":"Świątniki Górne Centrum","bus":1,"tram":0,"n":4,"imp":0.102,"node":0,"deg":2,"term":0,"major":0},"geometry":{"type":"Point","coordinates":[19.950006,49.982027]}},{"type":"Feature","properties":{"id":"s908","name":"Świątniki Górne Bielowicza Szkoła","bus":1,"tram":0,"n":4,"imp":0.102,"node":0,"deg":2,"term":0,"major":0},"geometry":{"type":"Point","coordinates":[19.954584,49.982027]}},{"type":"Feature","properties":{"id":"s909","name":"Wrząsowice Nad Wilgą","bus":1,"tram":0,"n":2,"imp":0.07,"node":0,"deg":2,"term":0,"major":0},"geometry":{"type":"Point","coordinates":[19.948952,49.992104]}},{"type":"Feature","properties":{"id":"s910","name":"Wrząsowice Pod Skałą","bus":1,"tram":0,"n":2,"imp":0.07,"node":0,"deg":2,"term":0,"major":0},"geometry":{"type":"Point","coordinates":[19.952475,49.989843]}},{"type":"Feature","properties":{"id":"s911","name":"Ochojno Dąbrówki","bus":1,"tram":0,"n":2,"imp":0.07,"node":0,"deg":2,"term":0,"major":0},"geometry":{"type":"Point","coordinates":[19.955999,49.987582]}},{"type":"Feature","properties":{"id":"s912","name":"Ochojno Kamieniec","bus":1,"tram":0,"n":2,"imp":0.07,"node":0,"deg":2,"term":0,"major":0},"geometry":{"type":"Point","coordinates":[19.959671,49.985552]}},{"type":"Feature","properties":{"id":"s913","name":"Ochojno Skrzyżowanie","bus":1,"tram":0,"n":3,"imp":0.106,"node":1,"deg":3,"term":0,"major":0},"geometry":{"type":"Point","coordinates":[19.964654,49.985552]}},{"type":"Feature","properties":{"id":"s914","name":"Rzeszotary Remiza","bus":1,"tram":0,"n":3,"imp":0.086,"node":0,"deg":2,"term":0,"major":0},"geometry":{"type":"Point","coordinates":[19.963967,49.985112]}},{"type":"Feature","properties":{"id":"s915","name":"Rzeszotary Polanki","bus":1,"tram":0,"n":3,"imp":0.086,"node":0,"deg":2,"term":0,"major":0},"geometry":{"type":"Point","coordinates":[19.963281,49.984671]}},{"type":"Feature","properties":{"id":"s916","name":"Rzeszotary Dworska","bus":1,"tram":0,"n":3,"imp":0.086,"node":0,"deg":2,"term":0,"major":0},"geometry":{"type":"Point","coordinates":[19.962594,49.98423]}},{"type":"Feature","properties":{"id":"s917","name":"Rzeszotary Trafo","bus":1,"tram":0,"n":3,"imp":0.086,"node":0,"deg":2,"term":0,"major":0},"geometry":{"type":"Point","coordinates":[19.961221,49.983349]}},{"type":"Feature","properties":{"id":"s918","name":"Rzeszotary Szkoła","bus":1,"tram":0,"n":3,"imp":0.086,"node":0,"deg":2,"term":0,"major":0},"geometry":{"type":"Point","coordinates":[19.960534,49.982908]}},{"type":"Feature","properties":{"id":"s919","name":"Świątniki Górne Skrzyżowanie","bus":1,"tram":0,"n":4,"imp":0.122,"node":1,"deg":3,"term":0,"major":0},"geometry":{"type":"Point","coordinates":[19.959161,49.982027]}},{"type":"Feature","properties":{"id":"s920","name":"Brzezie Kościół","bus":1,"tram":0,"n":1,"imp":0.054,"node":0,"deg":2,"term":0,"major":0},"geometry":{"type":"Point","coordinates":[19.868149,50.103408]}},{"type":"Feature","properties":{"id":"s921","name":"Wieliczka Klasztor","bus":1,"tram":0,"n":7,"imp":0.189,"node":1,"deg":4,"term":0,"major":1},"geometry":{"type":"Point","coordinates":[20.016837,50.013755]}},{"type":"Feature","properties":{"id":"s922","name":"Lusina Dolna","bus":1,"tram":0,"n":1,"imp":0.054,"node":0,"deg":2,"term":0,"major":0},"geometry":{"type":"Point","coordinates":[19.940685,49.994847]}},{"type":"Feature","properties":{"id":"s923","name":"Lusina Zagrody","bus":1,"tram":0,"n":1,"imp":0.054,"node":0,"deg":2,"term":0,"major":0},"geometry":{"type":"Point","coordinates":[19.938729,49.993591]}},{"type":"Feature","properties":{"id":"s924","name":"Lusina Kraśnik","bus":1,"tram":0,"n":1,"imp":0.054,"node":0,"deg":2,"term":0,"major":0},"geometry":{"type":"Point","coordinates":[19.936774,49.992336]}},{"type":"Feature","properties":{"id":"s925","name":"Lusina Dobrzyczany","bus":1,"tram":0,"n":1,"imp":0.054,"node":0,"deg":2,"term":0,"major":0},"geometry":{"type":"Point","coordinates":[19.934818,49.991081]}},{"type":"Feature","properties":{"id":"s926","name":"Lusina Górka","bus":1,"tram":0,"n":1,"imp":0.054,"node":0,"deg":2,"term":0,"major":0},"geometry":{"type":"Point","coordinates":[19.932862,49.989825]}},{"type":"Feature","properties":{"id":"s927","name":"Lusina Zielona","bus":1,"tram":0,"n":1,"imp":0.054,"node":0,"deg":2,"term":0,"major":0},"geometry":{"type":"Point","coordinates":[19.930906,49.98857]}},{"type":"Feature","properties":{"id":"s928","name":"Konary Pętla","bus":1,"tram":0,"n":1,"imp":0.059,"node":1,"deg":1,"term":1,"major":0},"geometry":{"type":"Point","coordinates":[19.92895,49.987315]}},{"type":"Feature","properties":{"id":"s929","name":"Lusina Krakowska","bus":1,"tram":0,"n":1,"imp":0.054,"node":0,"deg":2,"term":0,"major":0},"geometry":{"type":"Point","coordinates":[19.918166,49.996257]}},{"type":"Feature","properties":{"id":"s930","name":"Lusina Dwór","bus":1,"tram":0,"n":1,"imp":0.054,"node":0,"deg":2,"term":0,"major":0},"geometry":{"type":"Point","coordinates":[19.917317,49.995713]}},{"type":"Feature","properties":{"id":"s931","name":"Gaj Szkoła","bus":1,"tram":0,"n":3,"imp":0.086,"node":0,"deg":2,"term":0,"major":0},"geometry":{"type":"Point","coordinates":[19.912092,49.99236]}},{"type":"Feature","properties":{"id":"s932","name":"Gaj Zadziele","bus":1,"tram":0,"n":4,"imp":0.141,"node":1,"deg":4,"term":0,"major":0},"geometry":{"type":"Point","coordinates":[19.906979,49.99084]}},{"type":"Feature","properties":{"id":"s933","name":"Mogilany Rynek","bus":1,"tram":0,"n":4,"imp":0.122,"node":1,"deg":3,"term":0,"major":0},"geometry":{"type":"Point","coordinates":[19.906979,49.987315]}},{"type":"Feature","properties":{"id":"s934","name":"Rączna Osiedle","bus":1,"tram":0,"n":1,"imp":0.054,"node":0,"deg":2,"term":0,"major":0},"geometry":{"type":"Point","coordinates":[19.83667,50.024331]}},{"type":"Feature","properties":{"id":"s935","name":"Krasieniec Stary Kopalina","bus":1,"tram":0,"n":1,"imp":0.054,"node":0,"deg":2,"term":0,"major":0},"geometry":{"type":"Point","coordinates":[19.948175,50.13237]}},{"type":"Feature","properties":{"id":"s936","name":"Świątniki Górne Piasna Górka","bus":1,"tram":0,"n":1,"imp":0.054,"node":0,"deg":2,"term":0,"major":0},"geometry":{"type":"Point","coordinates":[19.963967,49.982027]}},{"type":"Feature","properties":{"id":"s937","name":"Rzeszotary Zalesie","bus":1,"tram":0,"n":1,"imp":0.054,"node":0,"deg":2,"term":0,"major":0},"geometry":{"type":"Point","coordinates":[19.968774,49.982027]}},{"type":"Feature","properties":{"id":"s938","name":"Rzeszotary Panciawa","bus":1,"tram":0,"n":1,"imp":0.054,"node":0,"deg":2,"term":0,"major":0},"geometry":{"type":"Point","coordinates":[19.97358,49.982027]}},{"type":"Feature","properties":{"id":"s939","name":"Rzeszotary Panciawa Pętla","bus":1,"tram":0,"n":2,"imp":0.114,"node":1,"deg":3,"term":1,"major":0},"geometry":{"type":"Point","coordinates":[19.978386,49.982027]}},{"type":"Feature","properties":{"id":"s940","name":"Mogilany Wiadukt","bus":1,"tram":0,"n":2,"imp":0.07,"node":0,"deg":2,"term":0,"major":0},"geometry":{"type":"Point","coordinates":[19.918344,49.98379]}},{"type":"Feature","properties":{"id":"s941","name":"Mogilany Krótka","bus":1,"tram":0,"n":2,"imp":0.07,"node":0,"deg":2,"term":0,"major":0},"geometry":{"type":"Point","coordinates":[19.924216,49.98379]}},{"type":"Feature","properties":{"id":"s942","name":"Konary Królowej Polski","bus":1,"tram":0,"n":2,"imp":0.09,"node":1,"deg":3,"term":0,"major":0},"geometry":{"type":"Point","coordinates":[19.92895,49.982027]}},{"type":"Feature","properties":{"id":"s943","name":"Włosań Kopań","bus":1,"tram":0,"n":1,"imp":0.054,"node":0,"deg":2,"term":0,"major":0},"geometry":{"type":"Point","coordinates":[19.92682,49.978897]}},{"type":"Feature","properties":{"id":"s944","name":"Włosań Krzyżówka","bus":1,"tram":0,"n":1,"imp":0.054,"node":0,"deg":2,"term":0,"major":0},"geometry":{"type":"Point","coordinates":[19.924783,49.97759]}},{"type":"Feature","properties":{"id":"s945","name":"Włosań Centrum","bus":1,"tram":0,"n":1,"imp":0.059,"node":1,"deg":1,"term":1,"major":0},"geometry":{"type":"Point","coordinates":[19.920711,49.974976]}},{"type":"Feature","properties":{"id":"s946","name":"Skawina Korabniki","bus":1,"tram":0,"n":3,"imp":0.125,"node":1,"deg":4,"term":0,"major":0},"geometry":{"type":"Point","coordinates":[19.8905,49.997891]}},{"type":"Feature","properties":{"id":"s947","name":"Skawina Radziszowska","bus":1,"tram":0,"n":1,"imp":0.074,"node":1,"deg":3,"term":0,"major":0},"geometry":{"type":"Point","coordinates":[19.868528,49.999654]}},{"type":"Feature","properties":{"id":"s948","name":"Skawina Os. Radziszowskie","bus":1,"tram":0,"n":1,"imp":0.074,"node":1,"deg":3,"term":0,"major":0},"geometry":{"type":"Point","coordinates":[19.863035,49.996128]}},{"type":"Feature","properties":{"id":"s949","name":"Radziszów Kamionna","bus":1,"tram":0,"n":1,"imp":0.054,"node":0,"deg":2,"term":0,"major":0},"geometry":{"type":"Point","coordinates":[19.863035,49.993758]}},{"type":"Feature","properties":{"id":"s950","name":"Radziszów Centrum","bus":1,"tram":0,"n":1,"imp":0.054,"node":0,"deg":2,"term":0,"major":0},"geometry":{"type":"Point","coordinates":[19.863035,49.992572]}},{"type":"Feature","properties":{"id":"s951","name":"Lusina Spacerowa","bus":1,"tram":0,"n":1,"imp":0.054,"node":0,"deg":2,"term":0,"major":0},"geometry":{"type":"Point","coordinates":[19.916469,49.995168]}},{"type":"Feature","properties":{"id":"s952","name":"Lusina Szkoła","bus":1,"tram":0,"n":1,"imp":0.054,"node":0,"deg":2,"term":0,"major":0},"geometry":{"type":"Point","coordinates":[19.91562,49.994624]}},{"type":"Feature","properties":{"id":"s953","name":"Modlniczka Trzcie","bus":1,"tram":0,"n":3,"imp":0.125,"node":1,"deg":4,"term":0,"major":0},"geometry":{"type":"Point","coordinates":[19.871275,50.094838]}},{"type":"Feature","properties":{"id":"s954","name":"Ujazd Pętla","bus":1,"tram":0,"n":3,"imp":0.13,"node":1,"deg":3,"term":1,"major":0},"geometry":{"type":"Point","coordinates":[19.871275,50.105414]}},{"type":"Feature","properties":{"id":"s955","name":"Brzezie Kulka","bus":1,"tram":0,"n":3,"imp":0.086,"node":0,"deg":2,"term":0,"major":0},"geometry":{"type":"Point","coordinates":[19.861662,50.098363]}},{"type":"Feature","properties":{"id":"s956","name":"Brzezie Kluczwody","bus":1,"tram":0,"n":1,"imp":0.054,"node":0,"deg":2,"term":0,"major":0},"geometry":{"type":"Point","coordinates":[19.865782,50.1012]}},{"type":"Feature","properties":{"id":"s957","name":"Karniowice Górki","bus":1,"tram":0,"n":1,"imp":0.054,"node":0,"deg":2,"term":0,"major":0},"geometry":{"type":"Point","coordinates":[19.854796,50.108939]}},{"type":"Feature","properties":{"id":"s958","name":"Karniowice Pętla","bus":1,"tram":0,"n":1,"imp":0.059,"node":1,"deg":1,"term":1,"major":0},"geometry":{"type":"Point","coordinates":[19.85205,50.110702]}},{"type":"Feature","properties":{"id":"s959","name":"Brzezie Działki","bus":1,"tram":0,"n":3,"imp":0.086,"node":0,"deg":2,"term":0,"major":0},"geometry":{"type":"Point","coordinates":[19.868528,50.0966]}},{"type":"Feature","properties":{"id":"s960","name":"Brzezie Narodowe","bus":1,"tram":0,"n":3,"imp":0.106,"node":1,"deg":3,"term":0,"major":0},"geometry":{"type":"Point","coordinates":[19.865782,50.098363]}},{"type":"Feature","properties":{"id":"s961","name":"Kochanów Sowiarka","bus":1,"tram":0,"n":2,"imp":0.07,"node":0,"deg":2,"term":0,"major":0},"geometry":{"type":"Point","coordinates":[19.828705,50.086024]}},{"type":"Feature","properties":{"id":"s962","name":"Mogilany Ośrodek Zdrowia","bus":1,"tram":0,"n":4,"imp":0.122,"node":1,"deg":3,"term":0,"major":0},"geometry":{"type":"Point","coordinates":[19.912472,49.985552]}},{"type":"Feature","properties":{"id":"s963","name":"Raciborowice Granica","bus":1,"tram":0,"n":2,"imp":0.07,"node":0,"deg":2,"term":0,"major":0},"geometry":{"type":"Point","coordinates":[20.010428,50.100126]}},{"type":"Feature","properties":{"id":"s964","name":"Świątniki Górne Buk","bus":1,"tram":0,"n":1,"imp":0.054,"node":0,"deg":2,"term":0,"major":0},"geometry":{"type":"Point","coordinates":[19.939936,49.982027]}},{"type":"Feature","properties":{"id":"s965","name":"Modlniczka Leroy Merlin","bus":1,"tram":0,"n":4,"imp":0.122,"node":1,"deg":3,"term":0,"major":0},"geometry":{"type":"Point","coordinates":[19.876768,50.091312]}},{"type":"Feature","properties":{"id":"s966","name":"Luborzyca Szkoła","bus":1,"tram":0,"n":3,"imp":0.086,"node":0,"deg":2,"term":0,"major":0},"geometry":{"type":"Point","coordinates":[20.041555,50.103135]}},{"type":"Feature","properties":{"id":"s967","name":"Luborzyca","bus":1,"tram":0,"n":3,"imp":0.106,"node":1,"deg":3,"term":0,"major":0},"geometry":{"type":"Point","coordinates":[20.038808,50.105414]}},{"type":"Feature","properties":{"id":"s968","name":"Dojazdów Działki","bus":1,"tram":0,"n":6,"imp":0.154,"node":1,"deg":3,"term":0,"major":0},"geometry":{"type":"Point","coordinates":[20.038808,50.098363]}},{"type":"Feature","properties":{"id":"s969","name":"Bibice Mokra","bus":1,"tram":0,"n":1,"imp":0.054,"node":0,"deg":2,"term":0,"major":0},"geometry":{"type":"Point","coordinates":[19.957386,50.111325]}},{"type":"Feature","properties":{"id":"s970","name":"Piekary Dół","bus":1,"tram":0,"n":2,"imp":0.07,"node":0,"deg":2,"term":0,"major":0},"geometry":{"type":"Point","coordinates":[19.842035,50.039572]}},{"type":"Feature","properties":{"id":"s971","name":"Piekary Górne","bus":1,"tram":0,"n":2,"imp":0.07,"node":0,"deg":2,"term":0,"major":0},"geometry":{"type":"Point","coordinates":[19.842895,50.032557]}},{"type":"Feature","properties":{"id":"s972","name":"Wrząsowice Pileckiego","bus":1,"tram":0,"n":2,"imp":0.07,"node":0,"deg":2,"term":0,"major":0},"geometry":{"type":"Point","coordinates":[19.945429,49.988882]}},{"type":"Feature","properties":{"id":"s973","name":"Szczyglice Dom Kultury","bus":1,"tram":0,"n":3,"imp":0.086,"node":0,"deg":2,"term":0,"major":0},"geometry":{"type":"Point","coordinates":[19.854796,50.080736]}},{"type":"Feature","properties":{"id":"s974","name":"Mogilany Cmentarz","bus":1,"tram":0,"n":4,"imp":0.102,"node":0,"deg":2,"term":0,"major":0},"geometry":{"type":"Point","coordinates":[19.902859,49.987315]}},{"type":"Feature","properties":{"id":"s975","name":"Chorowice Pętla","bus":1,"tram":0,"n":1,"imp":0.054,"node":0,"deg":2,"term":0,"major":0},"geometry":{"type":"Point","coordinates":[19.895748,49.989235]}},{"type":"Feature","properties":{"id":"s976","name":"Kulerzów Wąwóz","bus":1,"tram":0,"n":1,"imp":0.054,"node":0,"deg":2,"term":0,"major":0},"geometry":{"type":"Point","coordinates":[19.892756,49.991155]}},{"type":"Feature","properties":{"id":"s977","name":"Kulerzów","bus":1,"tram":0,"n":1,"imp":0.054,"node":0,"deg":2,"term":0,"major":0},"geometry":{"type":"Point","coordinates":[19.88946,49.992603]}},{"type":"Feature","properties":{"id":"s978","name":"Buków Szkoła","bus":1,"tram":0,"n":1,"imp":0.054,"node":0,"deg":2,"term":0,"major":0},"geometry":{"type":"Point","coordinates":[19.885229,49.992603]}},{"type":"Feature","properties":{"id":"s979","name":"Buków Klin","bus":1,"tram":0,"n":1,"imp":0.054,"node":0,"deg":2,"term":0,"major":0},"geometry":{"type":"Point","coordinates":[19.880998,49.992603]}},{"type":"Feature","properties":{"id":"s980","name":"Buków Pętla","bus":1,"tram":0,"n":1,"imp":0.078,"node":1,"deg":2,"term":1,"major":0},"geometry":{"type":"Point","coordinates":[19.876768,49.992603]}},{"type":"Feature","properties":{"id":"s981","name":"Balice Remiza","bus":1,"tram":0,"n":2,"imp":0.07,"node":0,"deg":2,"term":0,"major":0},"geometry":{"type":"Point","coordinates":[19.844355,50.075099]}},{"type":"Feature","properties":{"id":"s982","name":"Balice Grzybów","bus":1,"tram":0,"n":2,"imp":0.07,"node":0,"deg":2,"term":0,"major":0},"geometry":{"type":"Point","coordinates":[19.839951,50.077926]}},{"type":"Feature","properties":{"id":"s983","name":"Burów Balica","bus":1,"tram":0,"n":2,"imp":0.07,"node":0,"deg":2,"term":0,"major":0},"geometry":{"type":"Point","coordinates":[19.837749,50.079339]}},{"type":"Feature","properties":{"id":"s984","name":"Burów Centrum","bus":1,"tram":0,"n":2,"imp":0.07,"node":0,"deg":2,"term":0,"major":0},"geometry":{"type":"Point","coordinates":[19.835547,50.080752]}},{"type":"Feature","properties":{"id":"s985","name":"Jeziorzany Górskie Domy","bus":1,"tram":0,"n":2,"imp":0.07,"node":0,"deg":2,"term":0,"major":0},"geometry":{"type":"Point","coordinates":[19.842484,50.015518]}},{"type":"Feature","properties":{"id":"s986","name":"Ochojno Remiza","bus":1,"tram":0,"n":1,"imp":0.059,"node":1,"deg":1,"term":1,"major":0},"geometry":{"type":"Point","coordinates":[19.964654,49.989078]}},{"type":"Feature","properties":{"id":"s987","name":"Wołowice Grotowa Skrzyżowanie","bus":1,"tram":0,"n":2,"imp":0.07,"node":0,"deg":2,"term":0,"major":0},"geometry":{"type":"Point","coordinates":[19.834339,50.015518]}},{"type":"Feature","properties":{"id":"s988","name":"Wołowice Remiza","bus":1,"tram":0,"n":2,"imp":0.09,"node":1,"deg":3,"term":0,"major":0},"geometry":{"type":"Point","coordinates":[19.827332,50.022568]}},{"type":"Feature","properties":{"id":"s989","name":"Wołowice Szkoła","bus":1,"tram":0,"n":2,"imp":0.07,"node":0,"deg":2,"term":0,"major":0},"geometry":{"type":"Point","coordinates":[19.828705,50.02345]}},{"type":"Feature","properties":{"id":"s990","name":"Wieliczka Os. Kościuszki","bus":1,"tram":0,"n":7,"imp":0.208,"node":1,"deg":5,"term":0,"major":1},"geometry":{"type":"Point","coordinates":[20.008597,50.011992]}},{"type":"Feature","properties":{"id":"s991","name":"Wieliczka Cmentarz","bus":1,"tram":0,"n":7,"imp":0.309,"node":1,"deg":9,"term":1,"major":1},"geometry":{"type":"Point","coordinates":[20.025076,50.013755]}},{"type":"Feature","properties":{"id":"s992","name":"Wieliczka Kampus","bus":1,"tram":0,"n":4,"imp":0.198,"node":1,"deg":2,"term":1,"major":1},"geometry":{"type":"Point","coordinates":[20.033315,50.013755]}},{"type":"Feature","properties":{"id":"s993","name":"Masłomiąca Koźlica","bus":1,"tram":0,"n":1,"imp":0.054,"node":0,"deg":2,"term":0,"major":0},"geometry":{"type":"Point","coordinates":[19.97718,50.121278]}},{"type":"Feature","properties":{"id":"s994","name":"Więcławice Stare Wysyłek","bus":1,"tram":0,"n":1,"imp":0.074,"node":1,"deg":3,"term":0,"major":0},"geometry":{"type":"Point","coordinates":[20.000358,50.11599]}},{"type":"Feature","properties":{"id":"s995","name":"Wołowice Zawierzbie","bus":1,"tram":0,"n":2,"imp":0.07,"node":0,"deg":2,"term":0,"major":0},"geometry":{"type":"Point","coordinates":[19.830267,50.015518]}},{"type":"Feature","properties":{"id":"s996","name":"Wołowice Kapliczka","bus":1,"tram":0,"n":3,"imp":0.134,"node":1,"deg":2,"term":1,"major":0},"geometry":{"type":"Point","coordinates":[19.827332,50.01728]}},{"type":"Feature","properties":{"id":"s997","name":"Dąbrowa Szlachecka Figurka","bus":1,"tram":0,"n":1,"imp":0.054,"node":0,"deg":2,"term":0,"major":0},"geometry":{"type":"Point","coordinates":[19.833374,50.024331]}},{"type":"Feature","properties":{"id":"s998","name":"Dąbrowa Szlachecka Krzyż","bus":1,"tram":0,"n":1,"imp":0.054,"node":0,"deg":2,"term":0,"major":0},"geometry":{"type":"Point","coordinates":[19.835022,50.024331]}},{"type":"Feature","properties":{"id":"s999","name":"Kocmyrzów Rondo","bus":1,"tram":0,"n":1,"imp":0.054,"node":0,"deg":2,"term":0,"major":0},"geometry":{"type":"Point","coordinates":[20.041186,50.096837]}},{"type":"Feature","properties":{"id":"s1000","name":"Kocmyrzów Biblioteka","bus":1,"tram":0,"n":1,"imp":0.054,"node":0,"deg":2,"term":0,"major":0},"geometry":{"type":"Point","coordinates":[20.045941,50.093785]}},{"type":"Feature","properties":{"id":"s1001","name":"Kocmyrzów Sodfiny","bus":1,"tram":0,"n":1,"imp":0.054,"node":0,"deg":2,"term":0,"major":0},"geometry":{"type":"Point","coordinates":[20.048845,50.093075]}},{"type":"Feature","properties":{"id":"s1002","name":"Głęboka Kolonia","bus":1,"tram":0,"n":1,"imp":0.054,"node":0,"deg":2,"term":0,"major":0},"geometry":{"type":"Point","coordinates":[20.052207,50.093075]}},{"type":"Feature","properties":{"id":"s1003","name":"Głęboka Staw","bus":1,"tram":0,"n":1,"imp":0.054,"node":0,"deg":2,"term":0,"major":0},"geometry":{"type":"Point","coordinates":[20.05557,50.093075]}},{"type":"Feature","properties":{"id":"s1004","name":"Karniów Szkoła","bus":1,"tram":0,"n":1,"imp":0.054,"node":0,"deg":2,"term":0,"major":0},"geometry":{"type":"Point","coordinates":[20.065657,50.093075]}},{"type":"Feature","properties":{"id":"s1005","name":"Modlnica Podchruście","bus":1,"tram":0,"n":4,"imp":0.122,"node":1,"deg":3,"term":0,"major":0},"geometry":{"type":"Point","coordinates":[19.8905,50.100126]}},{"type":"Feature","properties":{"id":"s1006","name":"Modlnica Kolonia","bus":1,"tram":0,"n":2,"imp":0.09,"node":1,"deg":3,"term":0,"major":0},"geometry":{"type":"Point","coordinates":[19.8905,50.105414]}},{"type":"Feature","properties":{"id":"s1007","name":"Modlnica Komora","bus":1,"tram":0,"n":3,"imp":0.106,"node":1,"deg":3,"term":0,"major":0},"geometry":{"type":"Point","coordinates":[19.8905,50.110702]}},{"type":"Feature","properties":{"id":"s1008","name":"Szyce Spacerowa","bus":1,"tram":0,"n":3,"imp":0.086,"node":0,"deg":2,"term":0,"major":0},"geometry":{"type":"Point","coordinates":[19.887753,50.112464]}},{"type":"Feature","properties":{"id":"s1009","name":"Szyce Wesoła","bus":1,"tram":0,"n":3,"imp":0.106,"node":1,"deg":3,"term":0,"major":0},"geometry":{"type":"Point","coordinates":[19.885007,50.114227]}},{"type":"Feature","properties":{"id":"s1010","name":"Wielka Wieś Szkoła","bus":1,"tram":0,"n":2,"imp":0.07,"node":0,"deg":2,"term":0,"major":0},"geometry":{"type":"Point","coordinates":[19.882261,50.11599]}},{"type":"Feature","properties":{"id":"s1011","name":"Biały Kościół Dolina Kluczwody","bus":1,"tram":0,"n":3,"imp":0.106,"node":1,"deg":3,"term":0,"major":0},"geometry":{"type":"Point","coordinates":[19.879514,50.117752]}},{"type":"Feature","properties":{"id":"s1012","name":"Biały Kościół Murownia","bus":1,"tram":0,"n":3,"imp":0.106,"node":1,"deg":3,"term":0,"major":0},"geometry":{"type":"Point","coordinates":[19.876768,50.119515]}},{"type":"Feature","properties":{"id":"s1013","name":"Czajowice Władysława Łokietka","bus":1,"tram":0,"n":3,"imp":0.106,"node":1,"deg":3,"term":0,"major":0},"geometry":{"type":"Point","coordinates":[19.860289,50.121278]}},{"type":"Feature","properties":{"id":"s1014","name":"Bębło Stara Wieś","bus":1,"tram":0,"n":2,"imp":0.07,"node":0,"deg":2,"term":0,"major":0},"geometry":{"type":"Point","coordinates":[19.85974,50.120925]}},{"type":"Feature","properties":{"id":"s1015","name":"Bębło Łabajowa","bus":1,"tram":0,"n":2,"imp":0.07,"node":0,"deg":2,"term":0,"major":0},"geometry":{"type":"Point","coordinates":[19.85919,50.120573]}},{"type":"Feature","properties":{"id":"s1016","name":"Bębło Lasek","bus":1,"tram":0,"n":2,"imp":0.07,"node":0,"deg":2,"term":0,"major":0},"geometry":{"type":"Point","coordinates":[19.858641,50.12022]}},{"type":"Feature","properties":{"id":"s1017","name":"Będkowice Mosurowa","bus":1,"tram":0,"n":2,"imp":0.07,"node":0,"deg":2,"term":0,"major":0},"geometry":{"type":"Point","coordinates":[19.858092,50.119868]}},{"type":"Feature","properties":{"id":"s1018","name":"Będkowice Kawiory","bus":1,"tram":0,"n":2,"imp":0.07,"node":0,"deg":2,"term":0,"major":0},"geometry":{"type":"Point","coordinates":[19.857543,50.119515]}},{"type":"Feature","properties":{"id":"s1019","name":"Będkowice Borynia","bus":1,"tram":0,"n":2,"imp":0.07,"node":0,"deg":2,"term":0,"major":0},"geometry":{"type":"Point","coordinates":[19.856993,50.119163]}},{"type":"Feature","properties":{"id":"s1020","name":"Będkowice Rynek","bus":1,"tram":0,"n":2,"imp":0.07,"node":0,"deg":2,"term":0,"major":0},"geometry":{"type":"Point","coordinates":[19.855895,50.118457]}},{"type":"Feature","properties":{"id":"s1021","name":"Skawina Podgórki","bus":1,"tram":0,"n":1,"imp":0.078,"node":1,"deg":2,"term":1,"major":0},"geometry":{"type":"Point","coordinates":[19.863035,50.01728]}},{"type":"Feature","properties":{"id":"s1022","name":"Skawina Samborek Most","bus":1,"tram":0,"n":1,"imp":0.074,"node":1,"deg":3,"term":0,"major":0},"geometry":{"type":"Point","coordinates":[19.857543,50.011992]}},{"type":"Feature","properties":{"id":"s1023","name":"Skawina Wojska Polskiego","bus":1,"tram":0,"n":1,"imp":0.074,"node":1,"deg":3,"term":0,"major":0},"geometry":{"type":"Point","coordinates":[19.860289,50.01023]}},{"type":"Feature","properties":{"id":"s1024","name":"Skawina Tyniecka","bus":1,"tram":0,"n":1,"imp":0.054,"node":0,"deg":2,"term":0,"major":0},"geometry":{"type":"Point","coordinates":[19.857315,50.00685]}},{"type":"Feature","properties":{"id":"s1025","name":"Skawina Tyniecka Osiedle","bus":1,"tram":0,"n":1,"imp":0.054,"node":0,"deg":2,"term":0,"major":0},"geometry":{"type":"Point","coordinates":[19.858802,50.005896]}},{"type":"Feature","properties":{"id":"s1026","name":"Skawina Sąd","bus":1,"tram":0,"n":3,"imp":0.106,"node":1,"deg":3,"term":0,"major":0},"geometry":{"type":"Point","coordinates":[19.860289,50.004942]}},{"type":"Feature","properties":{"id":"s1027","name":"Skawina Mickiewicza Szkoła","bus":1,"tram":0,"n":4,"imp":0.122,"node":1,"deg":3,"term":0,"major":0},"geometry":{"type":"Point","coordinates":[19.865782,50.004942]}},{"type":"Feature","properties":{"id":"s1028","name":"Będkowice Pętla","bus":1,"tram":0,"n":2,"imp":0.099,"node":1,"deg":1,"term":1,"major":0},"geometry":{"type":"Point","coordinates":[19.854796,50.117752]}},{"type":"Feature","properties":{"id":"s1029","name":"Bolechowice Zielona Mała","bus":1,"tram":0,"n":1,"imp":0.054,"node":0,"deg":2,"term":0,"major":0},"geometry":{"type":"Point","coordinates":[19.854417,50.098363]}},{"type":"Feature","properties":{"id":"s1030","name":"Więckowice Lipka","bus":1,"tram":0,"n":1,"imp":0.054,"node":0,"deg":2,"term":0,"major":0},"geometry":{"type":"Point","coordinates":[19.851291,50.098363]}},{"type":"Feature","properties":{"id":"s1031","name":"Więckowice Ogrodowa","bus":1,"tram":0,"n":1,"imp":0.054,"node":0,"deg":2,"term":0,"major":0},"geometry":{"type":"Point","coordinates":[19.848166,50.098363]}},{"type":"Feature","properties":{"id":"s1032","name":"Kobylany Kwiatowa","bus":1,"tram":0,"n":1,"imp":0.054,"node":0,"deg":2,"term":0,"major":0},"geometry":{"type":"Point","coordinates":[19.84504,50.098363]}},{"type":"Feature","properties":{"id":"s1033","name":"Kobylany Dworska","bus":1,"tram":0,"n":1,"imp":0.054,"node":0,"deg":2,"term":0,"major":0},"geometry":{"type":"Point","coordinates":[19.838789,50.098363]}},{"type":"Feature","properties":{"id":"s1034","name":"Brzezinka Zarzecze","bus":1,"tram":0,"n":1,"imp":0.054,"node":0,"deg":2,"term":0,"major":0},"geometry":{"type":"Point","coordinates":[19.835663,50.098363]}},{"type":"Feature","properties":{"id":"s1035","name":"Brzezinka Kościół","bus":1,"tram":0,"n":1,"imp":0.054,"node":0,"deg":2,"term":0,"major":0},"geometry":{"type":"Point","coordinates":[19.833426,50.096986]}},{"type":"Feature","properties":{"id":"s1036","name":"Brzezinka Skrzyżowanie","bus":1,"tram":0,"n":1,"imp":0.054,"node":0,"deg":2,"term":0,"major":0},"geometry":{"type":"Point","coordinates":[19.831216,50.095568]}},{"type":"Feature","properties":{"id":"s1037","name":"Rudawa Osiedle","bus":1,"tram":0,"n":1,"imp":0.054,"node":0,"deg":2,"term":0,"major":0},"geometry":{"type":"Point","coordinates":[19.826795,50.092731]}},{"type":"Feature","properties":{"id":"s1038","name":"Rudawa Rynek","bus":1,"tram":0,"n":3,"imp":0.149,"node":1,"deg":4,"term":1,"major":0},"geometry":{"type":"Point","coordinates":[19.824585,50.091312]}},{"type":"Feature","properties":{"id":"s1040","name":"Radwanowice Pętla","bus":1,"tram":0,"n":1,"imp":0.059,"node":1,"deg":1,"term":1,"major":0},"geometry":{"type":"Point","coordinates":[19.824585,50.101888]}},{"type":"Feature","properties":{"id":"s1041","name":"Radwanowice Krzeszowicka","bus":1,"tram":0,"n":1,"imp":0.054,"node":0,"deg":2,"term":0,"major":0},"geometry":{"type":"Point","coordinates":[19.824585,50.100713]}},{"type":"Feature","properties":{"id":"s1042","name":"Pisary Dąbrówki","bus":1,"tram":0,"n":1,"imp":0.054,"node":0,"deg":2,"term":0,"major":0},"geometry":{"type":"Point","coordinates":[19.824585,50.099538]}},{"type":"Feature","properties":{"id":"s1043","name":"Pisary Spacerowa","bus":1,"tram":0,"n":1,"imp":0.054,"node":0,"deg":2,"term":0,"major":0},"geometry":{"type":"Point","coordinates":[19.824585,50.097188]}},{"type":"Feature","properties":{"id":"s1044","name":"Pisary Akacjowa","bus":1,"tram":0,"n":1,"imp":0.054,"node":0,"deg":2,"term":0,"major":0},"geometry":{"type":"Point","coordinates":[19.824585,50.094838]}},{"type":"Feature","properties":{"id":"s1045","name":"Pisary Mleczna","bus":1,"tram":0,"n":1,"imp":0.054,"node":0,"deg":2,"term":0,"major":0},"geometry":{"type":"Point","coordinates":[19.824585,50.093663]}},{"type":"Feature","properties":{"id":"s1046","name":"Rudawa Szkoła","bus":1,"tram":0,"n":1,"imp":0.054,"node":0,"deg":2,"term":0,"major":0},"geometry":{"type":"Point","coordinates":[19.824585,50.092488]}},{"type":"Feature","properties":{"id":"s1047","name":"Michałowice Banasiówka","bus":1,"tram":0,"n":3,"imp":0.086,"node":0,"deg":2,"term":0,"major":0},"geometry":{"type":"Point","coordinates":[19.957871,50.115055]}},{"type":"Feature","properties":{"id":"s1048","name":"Michałowice Brzozowa","bus":1,"tram":0,"n":3,"imp":0.086,"node":0,"deg":2,"term":0,"major":0},"geometry":{"type":"Point","coordinates":[19.951407,50.119203]}},{"type":"Feature","properties":{"id":"s1049","name":"Michałowice Jana Pawła II","bus":1,"tram":0,"n":3,"imp":0.106,"node":1,"deg":3,"term":0,"major":0},"geometry":{"type":"Point","coordinates":[19.948175,50.121278]}},{"type":"Feature","properties":{"id":"s1050","name":"Michałowice Ujęcie Wody","bus":1,"tram":0,"n":1,"imp":0.054,"node":0,"deg":2,"term":0,"major":0},"geometry":{"type":"Point","coordinates":[19.955041,50.121278]}},{"type":"Feature","properties":{"id":"s1051","name":"Michałowice Kwiaty Polne","bus":1,"tram":0,"n":3,"imp":0.086,"node":0,"deg":2,"term":0,"major":0},"geometry":{"type":"Point","coordinates":[19.954639,50.117129]}},{"type":"Feature","properties":{"id":"s1052","name":"Rudawa Młyn","bus":1,"tram":0,"n":1,"imp":0.054,"node":0,"deg":2,"term":0,"major":0},"geometry":{"type":"Point","coordinates":[19.820544,50.086024]}},{"type":"Feature","properties":{"id":"s1053","name":"Rudawa PKP","bus":1,"tram":0,"n":2,"imp":0.07,"node":0,"deg":2,"term":0,"major":0},"geometry":{"type":"Point","coordinates":[19.824585,50.088668]}},{"type":"Feature","properties":{"id":"s1054","name":"Kobylany Remiza","bus":1,"tram":0,"n":1,"imp":0.054,"node":0,"deg":2,"term":0,"major":0},"geometry":{"type":"Point","coordinates":[19.841914,50.098363]}},{"type":"Feature","properties":{"id":"s1055","name":"Węgrzce Centrum Medyczne","bus":1,"tram":0,"n":1,"imp":0.054,"node":0,"deg":2,"term":0,"major":0},"geometry":{"type":"Point","coordinates":[19.966027,50.104532]}},{"type":"Feature","properties":{"id":"s1056","name":"Węgrzce Magiczne Wzgórze","bus":1,"tram":0,"n":1,"imp":0.074,"node":1,"deg":3,"term":0,"major":0},"geometry":{"type":"Point","coordinates":[19.970147,50.101888]}},{"type":"Feature","properties":{"id":"s1057","name":"Węgrzce B4","bus":1,"tram":0,"n":1,"imp":0.054,"node":0,"deg":2,"term":0,"major":0},"geometry":{"type":"Point","coordinates":[19.973864,50.099503]}},{"type":"Feature","properties":{"id":"s1058","name":"Węgrzce B1","bus":1,"tram":0,"n":2,"imp":0.09,"node":1,"deg":3,"term":0,"major":0},"geometry":{"type":"Point","coordinates":[19.986626,50.098363]}},{"type":"Feature","properties":{"id":"s1059","name":"Biały Kościół Murownia Pętla","bus":1,"tram":0,"n":1,"imp":0.059,"node":1,"deg":1,"term":1,"major":0},"geometry":{"type":"Point","coordinates":[19.871275,50.12304]}},{"type":"Feature","properties":{"id":"s1060","name":"Bosutów Kościuszki","bus":1,"tram":0,"n":1,"imp":0.054,"node":0,"deg":2,"term":0,"major":0},"geometry":{"type":"Point","coordinates":[19.984562,50.103213]}},{"type":"Feature","properties":{"id":"s1061","name":"Skawina Tyniecka Rzepnik","bus":1,"tram":0,"n":1,"imp":0.074,"node":1,"deg":3,"term":0,"major":0},"geometry":{"type":"Point","coordinates":[19.860289,50.015518]}},{"type":"Feature","properties":{"id":"s1062","name":"Boleń Pętla","bus":1,"tram":0,"n":1,"imp":0.054,"node":0,"deg":2,"term":0,"major":0},"geometry":{"type":"Point","coordinates":[19.981588,50.105122]}},{"type":"Feature","properties":{"id":"s1063","name":"Wrząsowice Spacerowa","bus":1,"tram":0,"n":2,"imp":0.07,"node":0,"deg":2,"term":0,"major":0},"geometry":{"type":"Point","coordinates":[19.945429,49.992995]}},{"type":"Feature","properties":{"id":"s1064","name":"Węgrzce Pętla","bus":1,"tram":0,"n":2,"imp":0.075,"node":1,"deg":1,"term":1,"major":0},"geometry":{"type":"Point","coordinates":[19.970147,50.107176]}},{"type":"Feature","properties":{"id":"s1065","name":"Węgrzce Błonie","bus":1,"tram":0,"n":2,"imp":0.07,"node":0,"deg":2,"term":0,"major":0},"geometry":{"type":"Point","coordinates":[19.970147,50.106295]}},{"type":"Feature","properties":{"id":"s1066","name":"Wysiołek Luborzycki Skrzyżowanie","bus":1,"tram":0,"n":2,"imp":0.09,"node":1,"deg":3,"term":0,"major":0},"geometry":{"type":"Point","coordinates":[20.033315,50.108939]}},{"type":"Feature","properties":{"id":"s1067","name":"Wysiołek Luborzycki Kapkazy","bus":1,"tram":0,"n":1,"imp":0.054,"node":0,"deg":2,"term":0,"major":0},"geometry":{"type":"Point","coordinates":[20.031828,50.109893]}},{"type":"Feature","properties":{"id":"s1068","name":"Łuczyce Las","bus":1,"tram":0,"n":1,"imp":0.054,"node":0,"deg":2,"term":0,"major":0},"geometry":{"type":"Point","coordinates":[20.030341,50.110848]}},{"type":"Feature","properties":{"id":"s1069","name":"Przybysławice Na Lipowiec","bus":1,"tram":0,"n":2,"imp":0.07,"node":0,"deg":2,"term":0,"major":0},"geometry":{"type":"Point","coordinates":[19.91695,50.120627]}},{"type":"Feature","properties":{"id":"s1070","name":"Łuczyce Kosynierów","bus":1,"tram":0,"n":1,"imp":0.054,"node":0,"deg":2,"term":0,"major":0},"geometry":{"type":"Point","coordinates":[20.028854,50.111802]}},{"type":"Feature","properties":{"id":"s1071","name":"Łuczyce Zjawienie","bus":1,"tram":0,"n":1,"imp":0.054,"node":0,"deg":2,"term":0,"major":0},"geometry":{"type":"Point","coordinates":[20.027367,50.112756]}},{"type":"Feature","properties":{"id":"s1072","name":"Wieliczka Mediateka","bus":1,"tram":0,"n":6,"imp":0.269,"node":1,"deg":9,"term":0,"major":1},"geometry":{"type":"Point","coordinates":[20.022329,50.008467]}},{"type":"Feature","properties":{"id":"s1073","name":"Wieliczka Kopalnia Soli","bus":1,"tram":0,"n":4,"imp":0.16,"node":1,"deg":5,"term":0,"major":0},"geometry":{"type":"Point","coordinates":[20.019583,50.006704]}},{"type":"Feature","properties":{"id":"s1074","name":"Skawina Koncentraty","bus":1,"tram":0,"n":2,"imp":0.07,"node":0,"deg":2,"term":0,"major":0},"geometry":{"type":"Point","coordinates":[19.858916,50.004942]}},{"type":"Feature","properties":{"id":"s1075","name":"Skawina Zachodnia","bus":1,"tram":0,"n":2,"imp":0.07,"node":0,"deg":2,"term":0,"major":0},"geometry":{"type":"Point","coordinates":[19.857543,50.004942]}},{"type":"Feature","properties":{"id":"s1076","name":"Skawina Elektrownia","bus":1,"tram":0,"n":2,"imp":0.07,"node":0,"deg":2,"term":0,"major":0},"geometry":{"type":"Point","coordinates":[19.856169,50.004942]}},{"type":"Feature","properties":{"id":"s1077","name":"Skawina Piłsudskiego","bus":1,"tram":0,"n":2,"imp":0.09,"node":1,"deg":3,"term":0,"major":0},"geometry":{"type":"Point","coordinates":[19.854796,50.004942]}},{"type":"Feature","properties":{"id":"s1078","name":"Grabówki Pętla","bus":1,"tram":0,"n":3,"imp":0.226,"node":1,"deg":8,"term":1,"major":1},"geometry":{"type":"Point","coordinates":[19.983879,49.996128]}},{"type":"Feature","properties":{"id":"s1079","name":"Skawina Wyspiańskiego","bus":1,"tram":0,"n":2,"imp":0.07,"node":0,"deg":2,"term":0,"major":0},"geometry":{"type":"Point","coordinates":[19.886782,50.000277]}},{"type":"Feature","properties":{"id":"s1080","name":"Skawina Korabnicka","bus":1,"tram":0,"n":2,"imp":0.09,"node":1,"deg":3,"term":0,"major":0},"geometry":{"type":"Point","coordinates":[19.882261,50.001416]}},{"type":"Feature","properties":{"id":"s1081","name":"Skawina Korabnicka Szkoła","bus":1,"tram":0,"n":2,"imp":0.09,"node":1,"deg":3,"term":0,"major":0},"geometry":{"type":"Point","coordinates":[19.879514,50.003179]}},{"type":"Feature","properties":{"id":"s1082","name":"Skawina Sąsiedzka Pętla","bus":1,"tram":0,"n":1,"imp":0.059,"node":1,"deg":1,"term":1,"major":0},"geometry":{"type":"Point","coordinates":[19.85205,50.003179]}},{"type":"Feature","properties":{"id":"s1083","name":"Borek Szlachecki Dworska","bus":1,"tram":0,"n":2,"imp":0.07,"node":0,"deg":2,"term":0,"major":0},"geometry":{"type":"Point","coordinates":[19.848924,50.004942]}},{"type":"Feature","properties":{"id":"s1084","name":"Borek Szlachecki Kościół","bus":1,"tram":0,"n":2,"imp":0.07,"node":0,"deg":2,"term":0,"major":0},"geometry":{"type":"Point","coordinates":[19.845988,50.004942]}},{"type":"Feature","properties":{"id":"s1085","name":"Zelczyna Lawendowa","bus":1,"tram":0,"n":2,"imp":0.07,"node":0,"deg":2,"term":0,"major":0},"geometry":{"type":"Point","coordinates":[19.843052,50.004942]}},{"type":"Feature","properties":{"id":"s1086","name":"Zelczyna PKP","bus":1,"tram":0,"n":2,"imp":0.07,"node":0,"deg":2,"term":0,"major":0},"geometry":{"type":"Point","coordinates":[19.840394,50.004511]}},{"type":"Feature","properties":{"id":"s1087","name":"Facimiech Pod Kolebą","bus":1,"tram":0,"n":1,"imp":0.054,"node":0,"deg":2,"term":0,"major":0},"geometry":{"type":"Point","coordinates":[19.834225,50.003179]}},{"type":"Feature","properties":{"id":"s1088","name":"Wielkie Drogi PKP","bus":1,"tram":0,"n":1,"imp":0.054,"node":0,"deg":2,"term":0,"major":0},"geometry":{"type":"Point","coordinates":[19.830133,50.003179]}},{"type":"Feature","properties":{"id":"s1089","name":"Wielkie Drogi Trzebol","bus":1,"tram":0,"n":1,"imp":0.054,"node":0,"deg":2,"term":0,"major":0},"geometry":{"type":"Point","coordinates":[19.819828,50.006232]}},{"type":"Feature","properties":{"id":"s1090","name":"Jaśkowice PKP","bus":1,"tram":0,"n":1,"imp":0.054,"node":0,"deg":2,"term":0,"major":0},"geometry":{"type":"Point","coordinates":[19.816934,50.008089]}},{"type":"Feature","properties":{"id":"s1091","name":"Jaśkowice Remiza","bus":1,"tram":0,"n":1,"imp":0.054,"node":0,"deg":2,"term":0,"major":0},"geometry":{"type":"Point","coordinates":[19.814041,50.009946]}},{"type":"Feature","properties":{"id":"s1092","name":"Brzezinka Kuźnia","bus":1,"tram":0,"n":1,"imp":0.054,"node":0,"deg":2,"term":0,"major":0},"geometry":{"type":"Point","coordinates":[19.811147,50.011804]}},{"type":"Feature","properties":{"id":"s1093","name":"Brzeźnica Pasieka","bus":1,"tram":0,"n":1,"imp":0.054,"node":0,"deg":2,"term":0,"major":0},"geometry":{"type":"Point","coordinates":[19.808254,50.013661]}},{"type":"Feature","properties":{"id":"s1094","name":"Brzeźnica Dworzec","bus":1,"tram":0,"n":1,"imp":0.059,"node":1,"deg":1,"term":1,"major":0},"geometry":{"type":"Point","coordinates":[19.80536,50.015518]}},{"type":"Feature","properties":{"id":"s1095","name":"Zelczyna Szkoła","bus":1,"tram":0,"n":2,"imp":0.09,"node":1,"deg":3,"term":0,"major":0},"geometry":{"type":"Point","coordinates":[19.838317,50.003179]}},{"type":"Feature","properties":{"id":"s1096","name":"Ochodza Dwór","bus":1,"tram":0,"n":1,"imp":0.078,"node":1,"deg":2,"term":1,"major":0},"geometry":{"type":"Point","coordinates":[19.838317,50.008467]}},{"type":"Feature","properties":{"id":"s1097","name":"Wielkie Drogi Ośrodek Zdrowia","bus":1,"tram":0,"n":1,"imp":0.054,"node":0,"deg":2,"term":0,"major":0},"geometry":{"type":"Point","coordinates":[19.826041,50.003179]}},{"type":"Feature","properties":{"id":"s1098","name":"Wielkie Drogi Szkoła","bus":1,"tram":0,"n":1,"imp":0.054,"node":0,"deg":2,"term":0,"major":0},"geometry":{"type":"Point","coordinates":[19.822721,50.004375]}},{"type":"Feature","properties":{"id":"s1099","name":"Wola Radziszowska Mała Ostra Góra","bus":1,"tram":0,"n":1,"imp":0.054,"node":0,"deg":2,"term":0,"major":0},"geometry":{"type":"Point","coordinates":[19.863035,49.986646]}},{"type":"Feature","properties":{"id":"s1100","name":"Wola Radziszowska Most","bus":1,"tram":0,"n":1,"imp":0.054,"node":0,"deg":2,"term":0,"major":0},"geometry":{"type":"Point","coordinates":[19.863035,49.985461]}},{"type":"Feature","properties":{"id":"s1101","name":"Wola Radziszowska Lipki","bus":1,"tram":0,"n":1,"imp":0.054,"node":0,"deg":2,"term":0,"major":0},"geometry":{"type":"Point","coordinates":[19.863035,49.984275]}},{"type":"Feature","properties":{"id":"s1102","name":"Wola Radziszowska Centrum","bus":1,"tram":0,"n":1,"imp":0.054,"node":0,"deg":2,"term":0,"major":0},"geometry":{"type":"Point","coordinates":[19.862901,49.981941]}},{"type":"Feature","properties":{"id":"s1103","name":"Wola Radziszowska Pętla","bus":1,"tram":0,"n":1,"imp":0.059,"node":1,"deg":1,"term":1,"major":0},"geometry":{"type":"Point","coordinates":[19.860289,49.980264]}},{"type":"Feature","properties":{"id":"s1104","name":"Wola Radziszowska Chorzyny","bus":1,"tram":0,"n":1,"imp":0.054,"node":0,"deg":2,"term":0,"major":0},"geometry":{"type":"Point","coordinates":[19.861595,49.981102]}},{"type":"Feature","properties":{"id":"s1105","name":"Skawina 29 Listopada","bus":1,"tram":0,"n":1,"imp":0.074,"node":1,"deg":3,"term":0,"major":0},"geometry":{"type":"Point","coordinates":[19.876768,49.999654]}},{"type":"Feature","properties":{"id":"s1106","name":"Skawina Starostwo Powiatowe","bus":1,"tram":0,"n":1,"imp":0.054,"node":0,"deg":2,"term":0,"major":0},"geometry":{"type":"Point","coordinates":[19.87852,49.998529]}},{"type":"Feature","properties":{"id":"s1107","name":"Skawina Ogrody","bus":1,"tram":0,"n":1,"imp":0.054,"node":0,"deg":2,"term":0,"major":0},"geometry":{"type":"Point","coordinates":[19.880587,49.997891]}},{"type":"Feature","properties":{"id":"s1108","name":"Skawina Kopernika","bus":1,"tram":0,"n":1,"imp":0.054,"node":0,"deg":2,"term":0,"major":0},"geometry":{"type":"Point","coordinates":[19.883065,49.997891]}},{"type":"Feature","properties":{"id":"s1109","name":"Skawina Cmentarz Komunalny","bus":1,"tram":0,"n":1,"imp":0.054,"node":0,"deg":2,"term":0,"major":0},"geometry":{"type":"Point","coordinates":[19.885543,49.997891]}},{"type":"Feature","properties":{"id":"s1110","name":"Skawina Centrum Sportowe","bus":1,"tram":0,"n":1,"imp":0.054,"node":0,"deg":2,"term":0,"major":0},"geometry":{"type":"Point","coordinates":[19.869902,50.000535]}},{"type":"Feature","properties":{"id":"s1111","name":"Skawina SCK","bus":1,"tram":0,"n":1,"imp":0.059,"node":1,"deg":1,"term":1,"major":0},"geometry":{"type":"Point","coordinates":[19.863035,50.006704]}},{"type":"Feature","properties":{"id":"s1112","name":"Ochodza Dom Ludowy","bus":1,"tram":0,"n":1,"imp":0.054,"node":0,"deg":2,"term":0,"major":0},"geometry":{"type":"Point","coordinates":[19.838317,50.01023]}},{"type":"Feature","properties":{"id":"s1113","name":"Ochodza Staw","bus":1,"tram":0,"n":1,"imp":0.054,"node":0,"deg":2,"term":0,"major":0},"geometry":{"type":"Point","coordinates":[19.838317,50.011992]}},{"type":"Feature","properties":{"id":"s1114","name":"Ochodza Odwiśle","bus":1,"tram":0,"n":1,"imp":0.059,"node":1,"deg":1,"term":1,"major":0},"geometry":{"type":"Point","coordinates":[19.838317,50.013755]}},{"type":"Feature","properties":{"id":"s1115","name":"Wola Radziszowska Podgaźle","bus":1,"tram":0,"n":1,"imp":0.054,"node":0,"deg":2,"term":0,"major":0},"geometry":{"type":"Point","coordinates":[19.863035,49.98309]}},{"type":"Feature","properties":{"id":"s1116","name":"Raciborowice Centrum","bus":1,"tram":0,"n":1,"imp":0.054,"node":0,"deg":2,"term":0,"major":0},"geometry":{"type":"Point","coordinates":[20.000115,50.102044]}},{"type":"Feature","properties":{"id":"s1117","name":"Kończyce","bus":1,"tram":0,"n":1,"imp":0.054,"node":0,"deg":2,"term":0,"major":0},"geometry":{"type":"Point","coordinates":[19.994137,50.105881]}},{"type":"Feature","properties":{"id":"s1118","name":"Książniczki Paszczykówka","bus":1,"tram":0,"n":1,"imp":0.054,"node":0,"deg":2,"term":0,"major":0},"geometry":{"type":"Point","coordinates":[19.991148,50.1078]}},{"type":"Feature","properties":{"id":"s1119","name":"Książniczki Centrum","bus":1,"tram":0,"n":1,"imp":0.054,"node":0,"deg":2,"term":0,"major":0},"geometry":{"type":"Point","coordinates":[19.988158,50.109718]}},{"type":"Feature","properties":{"id":"s1120","name":"Książniczki Las","bus":1,"tram":0,"n":1,"imp":0.054,"node":0,"deg":2,"term":0,"major":0},"geometry":{"type":"Point","coordinates":[19.985169,50.111637]}},{"type":"Feature","properties":{"id":"s1121","name":"Młodziejowice Młyn","bus":1,"tram":0,"n":1,"imp":0.054,"node":0,"deg":2,"term":0,"major":0},"geometry":{"type":"Point","coordinates":[19.98218,50.113555]}},{"type":"Feature","properties":{"id":"s1122","name":"Młodziejowice Park","bus":1,"tram":0,"n":1,"imp":0.074,"node":1,"deg":3,"term":0,"major":0},"geometry":{"type":"Point","coordinates":[19.978386,50.114227]}},{"type":"Feature","properties":{"id":"s1123","name":"Michałowice Ogrodowa","bus":1,"tram":0,"n":1,"imp":0.054,"node":0,"deg":2,"term":0,"major":0},"geometry":{"type":"Point","coordinates":[19.974267,50.116871]}},{"type":"Feature","properties":{"id":"s1124","name":"Giebułtów Zbiornik","bus":1,"tram":0,"n":1,"imp":0.054,"node":0,"deg":2,"term":0,"major":0},"geometry":{"type":"Point","coordinates":[19.895993,50.11599]}},{"type":"Feature","properties":{"id":"s1125","name":"Modlniczka Poligon","bus":1,"tram":0,"n":3,"imp":0.086,"node":0,"deg":2,"term":0,"major":0},"geometry":{"type":"Point","coordinates":[19.886838,50.100126]}},{"type":"Feature","properties":{"id":"s1126","name":"Korzkiew Botoja","bus":1,"tram":0,"n":1,"imp":0.054,"node":0,"deg":2,"term":0,"major":0},"geometry":{"type":"Point","coordinates":[19.912472,50.119998]}},{"type":"Feature","properties":{"id":"s1127","name":"Korzkiew Zamek","bus":1,"tram":0,"n":1,"imp":0.054,"node":0,"deg":2,"term":0,"major":0},"geometry":{"type":"Point","coordinates":[19.912472,50.121121]}},{"type":"Feature","properties":{"id":"s1128","name":"Grębynice Remiza","bus":1,"tram":0,"n":1,"imp":0.054,"node":0,"deg":2,"term":0,"major":0},"geometry":{"type":"Point","coordinates":[19.912472,50.122243]}},{"type":"Feature","properties":{"id":"s1129","name":"Grębynice Parkowa","bus":1,"tram":0,"n":1,"imp":0.054,"node":0,"deg":2,"term":0,"major":0},"geometry":{"type":"Point","coordinates":[19.912472,50.123366]}},{"type":"Feature","properties":{"id":"s1130","name":"Grębynice Mogiełki","bus":1,"tram":0,"n":1,"imp":0.054,"node":0,"deg":2,"term":0,"major":0},"geometry":{"type":"Point","coordinates":[19.912472,50.124489]}},{"type":"Feature","properties":{"id":"s1131","name":"Maszyce Sadzawka","bus":1,"tram":0,"n":1,"imp":0.054,"node":0,"deg":2,"term":0,"major":0},"geometry":{"type":"Point","coordinates":[19.912472,50.125612]}},{"type":"Feature","properties":{"id":"s1132","name":"Maszyce Remiza","bus":1,"tram":0,"n":1,"imp":0.054,"node":0,"deg":2,"term":0,"major":0},"geometry":{"type":"Point","coordinates":[19.912472,50.126734]}},{"type":"Feature","properties":{"id":"s1133","name":"Maszyce Skrzyżowanie","bus":1,"tram":0,"n":1,"imp":0.054,"node":0,"deg":2,"term":0,"major":0},"geometry":{"type":"Point","coordinates":[19.912472,50.127857]}},{"type":"Feature","properties":{"id":"s1134","name":"Smardzowice Wołówka","bus":1,"tram":0,"n":1,"imp":0.054,"node":0,"deg":2,"term":0,"major":0},"geometry":{"type":"Point","coordinates":[19.912472,50.12898]}},{"type":"Feature","properties":{"id":"s1135","name":"Smardzowice Remiza","bus":1,"tram":0,"n":1,"imp":0.054,"node":0,"deg":2,"term":0,"major":0},"geometry":{"type":"Point","coordinates":[19.912472,50.130103]}},{"type":"Feature","properties":{"id":"s1136","name":"Zabierzów Eximius Park","bus":1,"tram":0,"n":2,"imp":0.07,"node":0,"deg":2,"term":0,"major":0},"geometry":{"type":"Point","coordinates":[19.858916,50.090431]}},{"type":"Feature","properties":{"id":"s1137","name":"Brzegi Użytek Ekologiczny","bus":1,"tram":0,"n":1,"imp":0.054,"node":0,"deg":2,"term":0,"major":0},"geometry":{"type":"Point","coordinates":[20.040348,50.041958]}},{"type":"Feature","properties":{"id":"s1138","name":"Czarnochowice Kokotowska","bus":1,"tram":0,"n":1,"imp":0.054,"node":0,"deg":2,"term":0,"major":0},"geometry":{"type":"Point","coordinates":[20.034186,50.026094]}},{"type":"Feature","properties":{"id":"s1139","name":"Balice Olszanica Bory","bus":1,"tram":0,"n":1,"imp":0.074,"node":1,"deg":3,"term":0,"major":0},"geometry":{"type":"Point","coordinates":[19.84381,50.059584]}},{"type":"Feature","properties":{"id":"s1140","name":"Kokotów Centrum","bus":1,"tram":0,"n":3,"imp":0.163,"node":1,"deg":6,"term":0,"major":0},"geometry":{"type":"Point","coordinates":[20.038808,50.026094]}},{"type":"Feature","properties":{"id":"s1141","name":"Kokotów OSP","bus":1,"tram":0,"n":2,"imp":0.07,"node":0,"deg":2,"term":0,"major":0},"geometry":{"type":"Point","coordinates":[20.041555,50.026094]}},{"type":"Feature","properties":{"id":"s1142","name":"Węgrzce Wielkie Gościniec","bus":1,"tram":0,"n":3,"imp":0.125,"node":1,"deg":4,"term":0,"major":0},"geometry":{"type":"Point","coordinates":[20.044301,50.026094]}},{"type":"Feature","properties":{"id":"s1143","name":"Węgrzce Wielkie OSP","bus":1,"tram":0,"n":3,"imp":0.125,"node":1,"deg":4,"term":0,"major":0},"geometry":{"type":"Point","coordinates":[20.047048,50.027856]}},{"type":"Feature","properties":{"id":"s1144","name":"Węgrzce Wielkie Pętla","bus":1,"tram":0,"n":3,"imp":0.178,"node":1,"deg":3,"term":1,"major":1},"geometry":{"type":"Point","coordinates":[20.05254,50.027856]}},{"type":"Feature","properties":{"id":"s1145","name":"Skawina Sąsiedzka","bus":1,"tram":0,"n":2,"imp":0.07,"node":0,"deg":2,"term":0,"major":0},"geometry":{"type":"Point","coordinates":[19.85186,50.004942]}},{"type":"Feature","properties":{"id":"s1146","name":"Radziszów Zacisze","bus":1,"tram":0,"n":1,"imp":0.054,"node":0,"deg":2,"term":0,"major":0},"geometry":{"type":"Point","coordinates":[19.863035,49.991387]}},{"type":"Feature","properties":{"id":"s1147","name":"Radziszów Podwale","bus":1,"tram":0,"n":1,"imp":0.054,"node":0,"deg":2,"term":0,"major":0},"geometry":{"type":"Point","coordinates":[19.863035,49.990202]}},{"type":"Feature","properties":{"id":"s1148","name":"Radziszów Zawodzie","bus":1,"tram":0,"n":1,"imp":0.054,"node":0,"deg":2,"term":0,"major":0},"geometry":{"type":"Point","coordinates":[19.863035,49.989017]}},{"type":"Feature","properties":{"id":"s1149","name":"Radziszów PKP","bus":1,"tram":0,"n":1,"imp":0.054,"node":0,"deg":2,"term":0,"major":0},"geometry":{"type":"Point","coordinates":[19.863035,49.987831]}},{"type":"Feature","properties":{"id":"s1150","name":"Piekary Pałac","bus":1,"tram":0,"n":2,"imp":0.07,"node":0,"deg":2,"term":0,"major":0},"geometry":{"type":"Point","coordinates":[19.844726,50.033732]}},{"type":"Feature","properties":{"id":"s1151","name":"Giebułtów Plac Zabaw","bus":1,"tram":0,"n":1,"imp":0.054,"node":0,"deg":2,"term":0,"major":0},"geometry":{"type":"Point","coordinates":[19.895993,50.114227]}},{"type":"Feature","properties":{"id":"s1152","name":"Giebułtów Morgi","bus":1,"tram":0,"n":1,"imp":0.059,"node":1,"deg":1,"term":1,"major":0},"geometry":{"type":"Point","coordinates":[19.895993,50.117752]}},{"type":"Feature","properties":{"id":"s1153","name":"Wieliczka Różana","bus":1,"tram":0,"n":2,"imp":0.07,"node":0,"deg":2,"term":0,"major":0},"geometry":{"type":"Point","coordinates":[20.001329,50.012616]}},{"type":"Feature","properties":{"id":"s1154","name":"Wieliczka Modrzewiowa","bus":1,"tram":0,"n":3,"imp":0.125,"node":1,"deg":4,"term":0,"major":0},"geometry":{"type":"Point","coordinates":[19.997611,50.01023]}},{"type":"Feature","properties":{"id":"s1155","name":"Krzyszkowice Kasztanowa II","bus":1,"tram":0,"n":2,"imp":0.09,"node":1,"deg":3,"term":0,"major":0},"geometry":{"type":"Point","coordinates":[19.997611,50.008467]}},{"type":"Feature","properties":{"id":"s1156","name":"Krzyszkowice Kasztanowa I","bus":1,"tram":0,"n":2,"imp":0.09,"node":1,"deg":3,"term":0,"major":0},"geometry":{"type":"Point","coordinates":[19.997611,50.004942]}},{"type":"Feature","properties":{"id":"s1157","name":"Wieliczka Krzyszkowice Kościół","bus":1,"tram":0,"n":2,"imp":0.128,"node":1,"deg":5,"term":0,"major":0},"geometry":{"type":"Point","coordinates":[20.003104,50.006704]}},{"type":"Feature","properties":{"id":"s1158","name":"Wieliczka Os. Szymanowskiego","bus":1,"tram":0,"n":2,"imp":0.09,"node":1,"deg":3,"term":0,"major":0},"geometry":{"type":"Point","coordinates":[20.008597,50.006704]}},{"type":"Feature","properties":{"id":"s1159","name":"Skawina Nad Potokiem","bus":1,"tram":0,"n":1,"imp":0.054,"node":0,"deg":2,"term":0,"major":0},"geometry":{"type":"Point","coordinates":[19.863035,49.994943]}},{"type":"Feature","properties":{"id":"s1160","name":"Konary Sęk","bus":1,"tram":0,"n":1,"imp":0.054,"node":0,"deg":2,"term":0,"major":0},"geometry":{"type":"Point","coordinates":[19.934443,49.982027]}},{"type":"Feature","properties":{"id":"s1161","name":"Lusina Łany","bus":1,"tram":0,"n":1,"imp":0.054,"node":0,"deg":2,"term":0,"major":0},"geometry":{"type":"Point","coordinates":[19.914772,49.994079]}},{"type":"Feature","properties":{"id":"s1162","name":"Wołowice Skrzyżowanie","bus":1,"tram":0,"n":1,"imp":0.054,"node":0,"deg":2,"term":0,"major":0},"geometry":{"type":"Point","coordinates":[19.831726,50.024331]}},{"type":"Feature","properties":{"id":"s1163","name":"Wołowice Sklep","bus":1,"tram":0,"n":1,"imp":0.054,"node":0,"deg":2,"term":0,"major":0},"geometry":{"type":"Point","coordinates":[19.825134,50.022568]}},{"type":"Feature","properties":{"id":"s1164","name":"Wołowice Pichonówka","bus":1,"tram":0,"n":1,"imp":0.054,"node":0,"deg":2,"term":0,"major":0},"geometry":{"type":"Point","coordinates":[19.822937,50.022568]}},{"type":"Feature","properties":{"id":"s1165","name":"Wołowice Niwka","bus":1,"tram":0,"n":1,"imp":0.054,"node":0,"deg":2,"term":0,"major":0},"geometry":{"type":"Point","coordinates":[19.82074,50.022568]}},{"type":"Feature","properties":{"id":"s1166","name":"Czernichów Stacja Paliw","bus":1,"tram":0,"n":1,"imp":0.054,"node":0,"deg":2,"term":0,"major":0},"geometry":{"type":"Point","coordinates":[19.818543,50.022568]}},{"type":"Feature","properties":{"id":"s1167","name":"Czernichów Studzienki","bus":1,"tram":0,"n":2,"imp":0.09,"node":1,"deg":3,"term":0,"major":0},"geometry":{"type":"Point","coordinates":[19.816346,50.022568]}},{"type":"Feature","properties":{"id":"s1168","name":"Czernichów Zakamycze","bus":1,"tram":0,"n":2,"imp":0.09,"node":1,"deg":3,"term":0,"major":0},"geometry":{"type":"Point","coordinates":[19.808106,50.024331]}},{"type":"Feature","properties":{"id":"s1169","name":"Czernichów Bór","bus":1,"tram":0,"n":1,"imp":0.054,"node":0,"deg":2,"term":0,"major":0},"geometry":{"type":"Point","coordinates":[19.808106,50.026183]}},{"type":"Feature","properties":{"id":"s1170","name":"Przeginia Narodowa Bunar","bus":1,"tram":0,"n":1,"imp":0.054,"node":0,"deg":2,"term":0,"major":0},"geometry":{"type":"Point","coordinates":[19.808303,50.027982]}},{"type":"Feature","properties":{"id":"s1171","name":"Przeginia Narodowa Dwór","bus":1,"tram":0,"n":1,"imp":0.054,"node":0,"deg":2,"term":0,"major":0},"geometry":{"type":"Point","coordinates":[19.810343,50.029292]}},{"type":"Feature","properties":{"id":"s1172","name":"Przeginia Duchowna Kościół","bus":1,"tram":0,"n":1,"imp":0.054,"node":0,"deg":2,"term":0,"major":0},"geometry":{"type":"Point","coordinates":[19.812383,50.030601]}},{"type":"Feature","properties":{"id":"s1173","name":"Przeginia Duchowna Remiza","bus":1,"tram":0,"n":1,"imp":0.054,"node":0,"deg":2,"term":0,"major":0},"geometry":{"type":"Point","coordinates":[19.814423,50.03191]}},{"type":"Feature","properties":{"id":"s1174","name":"Przeginia Duchowna Szkoła","bus":1,"tram":0,"n":1,"imp":0.054,"node":0,"deg":2,"term":0,"major":0},"geometry":{"type":"Point","coordinates":[19.816463,50.03322]}},{"type":"Feature","properties":{"id":"s1175","name":"Nowa Wieś Szlachecka Jesionka","bus":1,"tram":0,"n":1,"imp":0.054,"node":0,"deg":2,"term":0,"major":0},"geometry":{"type":"Point","coordinates":[19.818504,50.034529]}},{"type":"Feature","properties":{"id":"s1176","name":"Czułówek Skrzyżowanie","bus":1,"tram":0,"n":1,"imp":0.074,"node":1,"deg":3,"term":0,"major":0},"geometry":{"type":"Point","coordinates":[19.810853,50.047246]}},{"type":"Feature","properties":{"id":"s1177","name":"Przeginia Duchowna Rezerwat","bus":1,"tram":0,"n":1,"imp":0.054,"node":0,"deg":2,"term":0,"major":0},"geometry":{"type":"Point","coordinates":[19.806733,50.047246]}},{"type":"Feature","properties":{"id":"s1178","name":"Rybna Pawilon","bus":1,"tram":0,"n":1,"imp":0.054,"node":0,"deg":2,"term":0,"major":0},"geometry":{"type":"Point","coordinates":[19.802211,50.049267]}},{"type":"Feature","properties":{"id":"s1179","name":"Rybna Dół","bus":1,"tram":0,"n":1,"imp":0.074,"node":1,"deg":3,"term":0,"major":0},"geometry":{"type":"Point","coordinates":[19.799867,50.050771]}},{"type":"Feature","properties":{"id":"s1180","name":"Rybna Kościół","bus":1,"tram":0,"n":1,"imp":0.054,"node":0,"deg":2,"term":0,"major":0},"geometry":{"type":"Point","coordinates":[19.801714,50.051956]}},{"type":"Feature","properties":{"id":"s1181","name":"Rybna Szkoła","bus":1,"tram":0,"n":1,"imp":0.054,"node":0,"deg":2,"term":0,"major":0},"geometry":{"type":"Point","coordinates":[19.803561,50.053142]}},{"type":"Feature","properties":{"id":"s1182","name":"Rybna Nowy Świat Góra","bus":1,"tram":0,"n":1,"imp":0.054,"node":0,"deg":2,"term":0,"major":0},"geometry":{"type":"Point","coordinates":[19.805408,50.054327]}},{"type":"Feature","properties":{"id":"s1183","name":"Rybna Nowy Świat","bus":1,"tram":0,"n":1,"imp":0.054,"node":0,"deg":2,"term":0,"major":0},"geometry":{"type":"Point","coordinates":[19.807254,50.055512]}},{"type":"Feature","properties":{"id":"s1184","name":"Rączna Dzikowiec","bus":1,"tram":0,"n":1,"imp":0.054,"node":0,"deg":2,"term":0,"major":0},"geometry":{"type":"Point","coordinates":[19.827332,50.035058]}},{"type":"Feature","properties":{"id":"s1185","name":"Rączna Podlas","bus":1,"tram":0,"n":1,"imp":0.054,"node":0,"deg":2,"term":0,"major":0},"geometry":{"type":"Point","coordinates":[19.830882,50.032628]}},{"type":"Feature","properties":{"id":"s1186","name":"Czernichów Ratanice Most","bus":1,"tram":0,"n":1,"imp":0.054,"node":0,"deg":2,"term":0,"major":0},"geometry":{"type":"Point","coordinates":[19.806628,50.02528]}},{"type":"Feature","properties":{"id":"s1187","name":"Czernichów Ratanice","bus":1,"tram":0,"n":1,"imp":0.054,"node":0,"deg":2,"term":0,"major":0},"geometry":{"type":"Point","coordinates":[19.805149,50.026229]}},{"type":"Feature","properties":{"id":"s1188","name":"Kłokoczyn Szkoła","bus":1,"tram":0,"n":1,"imp":0.054,"node":0,"deg":2,"term":0,"major":0},"geometry":{"type":"Point","coordinates":[19.80367,50.027178]}},{"type":"Feature","properties":{"id":"s1189","name":"Rusocice Łęg","bus":1,"tram":0,"n":1,"imp":0.054,"node":0,"deg":2,"term":0,"major":0},"geometry":{"type":"Point","coordinates":[19.800712,50.029077]}},{"type":"Feature","properties":{"id":"s1190","name":"Rusocice Skład","bus":1,"tram":0,"n":1,"imp":0.054,"node":0,"deg":2,"term":0,"major":0},"geometry":{"type":"Point","coordinates":[19.796276,50.031924]}},{"type":"Feature","properties":{"id":"s1191","name":"Rusocice Na Brzegu","bus":1,"tram":0,"n":1,"imp":0.054,"node":0,"deg":2,"term":0,"major":0},"geometry":{"type":"Point","coordinates":[19.794797,50.032873]}},{"type":"Feature","properties":{"id":"s1192","name":"Rusocice Wieś","bus":1,"tram":0,"n":1,"imp":0.054,"node":0,"deg":2,"term":0,"major":0},"geometry":{"type":"Point","coordinates":[19.797754,50.030975]}},{"type":"Feature","properties":{"id":"s1193","name":"Rusocice Granica","bus":1,"tram":0,"n":1,"imp":0.054,"node":0,"deg":2,"term":0,"major":0},"geometry":{"type":"Point","coordinates":[19.791839,50.034771]}},{"type":"Feature","properties":{"id":"s1194","name":"Kamień Remiza","bus":1,"tram":0,"n":1,"imp":0.054,"node":0,"deg":2,"term":0,"major":0},"geometry":{"type":"Point","coordinates":[19.79036,50.035721]}},{"type":"Feature","properties":{"id":"s1195","name":"Kamień Szkoła","bus":1,"tram":0,"n":1,"imp":0.059,"node":1,"deg":1,"term":1,"major":0},"geometry":{"type":"Point","coordinates":[19.788881,50.03667]}},{"type":"Feature","properties":{"id":"s1196","name":"Dąbrowa Szlachecka Krzemiennik","bus":1,"tram":0,"n":2,"imp":0.094,"node":1,"deg":2,"term":1,"major":0},"geometry":{"type":"Point","coordinates":[19.830078,50.024331]}},{"type":"Feature","properties":{"id":"s1197","name":"Nielepice Stadnina","bus":1,"tram":0,"n":2,"imp":0.07,"node":0,"deg":2,"term":0,"major":0},"geometry":{"type":"Point","coordinates":[19.819389,50.078783]}},{"type":"Feature","properties":{"id":"s1198","name":"Pisary Dwór","bus":1,"tram":0,"n":1,"imp":0.054,"node":0,"deg":2,"term":0,"major":0},"geometry":{"type":"Point","coordinates":[19.824585,50.096013]}},{"type":"Feature","properties":{"id":"s1199","name":"Maciejowice Skrzyżowanie","bus":1,"tram":0,"n":1,"imp":0.054,"node":0,"deg":2,"term":0,"major":0},"geometry":{"type":"Point","coordinates":[20.023703,50.106295]}},{"type":"Feature","properties":{"id":"s1200","name":"Ściejowice Na Bagnach","bus":1,"tram":0,"n":3,"imp":0.086,"node":0,"deg":2,"term":0,"major":0},"geometry":{"type":"Point","coordinates":[19.846557,50.024563]}},{"type":"Feature","properties":{"id":"s1201","name":"Wołowice Grotowa","bus":1,"tram":0,"n":2,"imp":0.07,"node":0,"deg":2,"term":0,"major":0},"geometry":{"type":"Point","coordinates":[19.838412,50.015518]}},{"type":"Feature","properties":{"id":"s1202","name":"Krzysztoforzyce Góra","bus":1,"tram":0,"n":1,"imp":0.054,"node":0,"deg":2,"term":0,"major":0},"geometry":{"type":"Point","coordinates":[20.048906,50.087217]}},{"type":"Feature","properties":{"id":"s1203","name":"Krzysztoforzyce Sklep","bus":1,"tram":0,"n":1,"imp":0.054,"node":0,"deg":2,"term":0,"major":0},"geometry":{"type":"Point","coordinates":[20.052658,50.08955]}},{"type":"Feature","properties":{"id":"s1204","name":"Krzysztoforzyce Pętla","bus":1,"tram":0,"n":1,"imp":0.059,"node":1,"deg":1,"term":1,"major":0},"geometry":{"type":"Point","coordinates":[20.055287,50.08955]}},{"type":"Feature","properties":{"id":"s1205","name":"Krzysztoforzyce przy Dworze","bus":1,"tram":0,"n":1,"imp":0.054,"node":0,"deg":2,"term":0,"major":0},"geometry":{"type":"Point","coordinates":[20.050765,50.08841]}},{"type":"Feature","properties":{"id":"s1206","name":"Kocmyrzów Krzyżówka","bus":1,"tram":0,"n":1,"imp":0.054,"node":0,"deg":2,"term":0,"major":0},"geometry":{"type":"Point","coordinates":[20.043563,50.095311]}},{"type":"Feature","properties":{"id":"s1207","name":"Rusocice Załęg","bus":1,"tram":0,"n":1,"imp":0.054,"node":0,"deg":2,"term":0,"major":0},"geometry":{"type":"Point","coordinates":[19.799233,50.030026]}},{"type":"Feature","properties":{"id":"s1208","name":"Rusocice Jałowce","bus":1,"tram":0,"n":1,"imp":0.054,"node":0,"deg":2,"term":0,"major":0},"geometry":{"type":"Point","coordinates":[19.793318,50.033822]}},{"type":"Feature","properties":{"id":"s1209","name":"Zastów Działki","bus":1,"tram":0,"n":1,"imp":0.054,"node":0,"deg":2,"term":0,"major":0},"geometry":{"type":"Point","coordinates":[20.016837,50.101888]}},{"type":"Feature","properties":{"id":"s1210","name":"Wiktorowice Skrzyżowanie","bus":1,"tram":0,"n":1,"imp":0.074,"node":1,"deg":3,"term":0,"major":0},"geometry":{"type":"Point","coordinates":[20.019583,50.103651]}},{"type":"Feature","properties":{"id":"s1211","name":"Wiktorowice Rozlewnia Wód","bus":1,"tram":0,"n":1,"imp":0.054,"node":0,"deg":2,"term":0,"major":0},"geometry":{"type":"Point","coordinates":[20.020956,50.104532]}},{"type":"Feature","properties":{"id":"s1212","name":"Maciejowice Góra","bus":1,"tram":0,"n":1,"imp":0.054,"node":0,"deg":2,"term":0,"major":0},"geometry":{"type":"Point","coordinates":[20.022329,50.105414]}},{"type":"Feature","properties":{"id":"s1213","name":"Maciejowice Pętla","bus":1,"tram":0,"n":1,"imp":0.035,"node":1,"deg":1,"term":0,"major":0},"geometry":{"type":"Point","coordinates":[20.025076,50.107176]}},{"type":"Feature","properties":{"id":"s1214","name":"Wiktorowice Centrum","bus":1,"tram":0,"n":1,"imp":0.054,"node":0,"deg":2,"term":0,"major":0},"geometry":{"type":"Point","coordinates":[20.016189,50.105829]}},{"type":"Feature","properties":{"id":"s1215","name":"Wiktorowice Granica","bus":1,"tram":0,"n":1,"imp":0.054,"node":0,"deg":2,"term":0,"major":0},"geometry":{"type":"Point","coordinates":[20.012795,50.108007]}},{"type":"Feature","properties":{"id":"s1216","name":"Libertów Świetlista","bus":1,"tram":0,"n":1,"imp":0.054,"node":0,"deg":2,"term":0,"major":0},"geometry":{"type":"Point","coordinates":[19.919014,49.996802]}},{"type":"Feature","properties":{"id":"s1217","name":"Libertów Dolny","bus":1,"tram":0,"n":1,"imp":0.054,"node":0,"deg":2,"term":0,"major":0},"geometry":{"type":"Point","coordinates":[19.919862,49.997346]}},{"type":"Feature","properties":{"id":"s1218","name":"Libertów Góra Libertowska","bus":1,"tram":0,"n":1,"imp":0.054,"node":0,"deg":2,"term":0,"major":0},"geometry":{"type":"Point","coordinates":[19.913158,49.997891]}},{"type":"Feature","properties":{"id":"s1219","name":"Libertów Góra Libertowska","bus":1,"tram":0,"n":3,"imp":0.086,"node":0,"deg":2,"term":0,"major":0},"geometry":{"type":"Point","coordinates":[19.916402,49.995125]}},{"type":"Feature","properties":{"id":"s1220","name":"Libertów Szkoła","bus":1,"tram":0,"n":1,"imp":0.054,"node":0,"deg":2,"term":0,"major":0},"geometry":{"type":"Point","coordinates":[19.909382,49.997891]}},{"type":"Feature","properties":{"id":"s1221","name":"Libertów Działy","bus":1,"tram":0,"n":1,"imp":0.054,"node":0,"deg":2,"term":0,"major":0},"geometry":{"type":"Point","coordinates":[19.905605,49.997891]}},{"type":"Feature","properties":{"id":"s1222","name":"Libertów Krzyżówka","bus":1,"tram":0,"n":1,"imp":0.054,"node":0,"deg":2,"term":0,"major":0},"geometry":{"type":"Point","coordinates":[19.901829,49.997891]}},{"type":"Feature","properties":{"id":"s1223","name":"Libertów Droga do Sidziny","bus":1,"tram":0,"n":1,"imp":0.054,"node":0,"deg":2,"term":0,"major":0},"geometry":{"type":"Point","coordinates":[19.898053,49.997891]}},{"type":"Feature","properties":{"id":"s1224","name":"Brzyczyna","bus":1,"tram":0,"n":1,"imp":0.054,"node":0,"deg":2,"term":0,"major":0},"geometry":{"type":"Point","coordinates":[19.894276,49.997891]}},{"type":"Feature","properties":{"id":"s1225","name":"Golkowice Sklep","bus":1,"tram":0,"n":2,"imp":0.128,"node":1,"deg":5,"term":0,"major":0},"geometry":{"type":"Point","coordinates":[19.97564,49.996128]}},{"type":"Feature","properties":{"id":"s1226","name":"Rzeszotary Tempo","bus":1,"tram":0,"n":3,"imp":0.086,"node":0,"deg":2,"term":0,"major":0},"geometry":{"type":"Point","coordinates":[19.961908,49.98379]}},{"type":"Feature","properties":{"id":"s1227","name":"Świątniki Górne Krakowska","bus":1,"tram":0,"n":2,"imp":0.07,"node":0,"deg":2,"term":0,"major":0},"geometry":{"type":"Point","coordinates":[19.945429,49.983398]}},{"type":"Feature","properties":{"id":"s1228","name":"Libertów Zgodna","bus":1,"tram":0,"n":1,"imp":0.054,"node":0,"deg":2,"term":0,"major":0},"geometry":{"type":"Point","coordinates":[19.916935,49.997891]}},{"type":"Feature","properties":{"id":"s1229","name":"Kocmyrzów-Luborzyca Urząd Gminy","bus":1,"tram":0,"n":5,"imp":0.162,"node":1,"deg":3,"term":1,"major":0},"geometry":{"type":"Point","coordinates":[20.041555,50.100126]}},{"type":"Feature","properties":{"id":"s1230","name":"Rzeszotary Pod Dębiną","bus":1,"tram":0,"n":3,"imp":0.086,"node":0,"deg":2,"term":0,"major":0},"geometry":{"type":"Point","coordinates":[19.959848,49.982468]}},{"type":"Feature","properties":{"id":"s1231","name":"Węgrzce Sudół","bus":1,"tram":0,"n":2,"imp":0.09,"node":1,"deg":3,"term":0,"major":0},"geometry":{"type":"Point","coordinates":[19.978386,50.098363]}},{"type":"Feature","properties":{"id":"s1232","name":"Wola Luborzycka Działki","bus":1,"tram":0,"n":1,"imp":0.054,"node":0,"deg":2,"term":0,"major":0},"geometry":{"type":"Point","coordinates":[20.038808,50.107321]}},{"type":"Feature","properties":{"id":"s1233","name":"Mników Pańska Góra","bus":1,"tram":0,"n":1,"imp":0.054,"node":0,"deg":2,"term":0,"major":0},"geometry":{"type":"Point","coordinates":[19.819092,50.059584]}},{"type":"Feature","properties":{"id":"s1234","name":"Mników Skały","bus":1,"tram":0,"n":1,"imp":0.059,"node":1,"deg":1,"term":1,"major":0},"geometry":{"type":"Point","coordinates":[19.813599,50.06311]}},{"type":"Feature","properties":{"id":"s1235","name":"Czułów Na Skałce","bus":1,"tram":0,"n":1,"imp":0.054,"node":0,"deg":2,"term":0,"major":0},"geometry":{"type":"Point","coordinates":[19.810988,50.057822]}},{"type":"Feature","properties":{"id":"s1236","name":"Rudawa Stadion","bus":1,"tram":0,"n":2,"imp":0.109,"node":1,"deg":4,"term":0,"major":0},"geometry":{"type":"Point","coordinates":[19.824585,50.086024]}},{"type":"Feature","properties":{"id":"s1237","name":"Rząska Podkamycze","bus":1,"tram":0,"n":4,"imp":0.122,"node":1,"deg":3,"term":0,"major":0},"geometry":{"type":"Point","coordinates":[19.860289,50.080736]}},{"type":"Feature","properties":{"id":"s1238","name":"Rybna Droga do Sanki","bus":1,"tram":0,"n":1,"imp":0.054,"node":0,"deg":2,"term":0,"major":0},"geometry":{"type":"Point","coordinates":[19.809101,50.056698]}},{"type":"Feature","properties":{"id":"s1239","name":"Rybna Ośrodek Zdrowia","bus":1,"tram":0,"n":1,"imp":0.074,"node":1,"deg":3,"term":0,"major":0},"geometry":{"type":"Point","coordinates":[19.802614,50.047246]}},{"type":"Feature","properties":{"id":"s1240","name":"Przeginia Duchowna Zagórze","bus":1,"tram":0,"n":1,"imp":0.054,"node":0,"deg":2,"term":0,"major":0},"geometry":{"type":"Point","coordinates":[19.798494,50.047246]}},{"type":"Feature","properties":{"id":"s1241","name":"Rybna Dolna","bus":1,"tram":0,"n":1,"imp":0.078,"node":1,"deg":2,"term":1,"major":0},"geometry":{"type":"Point","coordinates":[19.794374,50.047246]}},{"type":"Feature","properties":{"id":"s1242","name":"Czułówek Kapliczka","bus":1,"tram":0,"n":1,"imp":0.059,"node":1,"deg":1,"term":1,"major":0},"geometry":{"type":"Point","coordinates":[19.810853,50.050771]}},{"type":"Feature","properties":{"id":"s1243","name":"Rączna Kościół","bus":1,"tram":0,"n":1,"imp":0.054,"node":0,"deg":2,"term":0,"major":0},"geometry":{"type":"Point","coordinates":[19.8346,50.030242]}},{"type":"Feature","properties":{"id":"s1244","name":"Golkowice Kościół","bus":1,"tram":0,"n":1,"imp":0.054,"node":0,"deg":2,"term":0,"major":0},"geometry":{"type":"Point","coordinates":[19.968774,49.996128]}},{"type":"Feature","properties":{"id":"s1245","name":"Skawina Podlipki","bus":1,"tram":0,"n":5,"imp":0.118,"node":0,"deg":2,"term":0,"major":0},"geometry":{"type":"Point","coordinates":[19.877683,50.009055]}},{"type":"Feature","properties":{"id":"s1246","name":"Niepołomice Kolejowa","bus":1,"tram":0,"n":1,"imp":0.054,"node":0,"deg":2,"term":0,"major":0},"geometry":{"type":"Point","coordinates":[20.082751,50.051136]}},{"type":"Feature","properties":{"id":"s1247","name":"Niepołomice Dworzec","bus":1,"tram":0,"n":3,"imp":0.134,"node":1,"deg":2,"term":1,"major":0},"geometry":{"type":"Point","coordinates":[20.082751,50.047246]}},{"type":"Feature","properties":{"id":"s1248","name":"Niepołomice Rynek","bus":1,"tram":0,"n":3,"imp":0.106,"node":1,"deg":3,"term":0,"major":0},"geometry":{"type":"Point","coordinates":[20.082751,50.04372]}},{"type":"Feature","properties":{"id":"s1249","name":"Niepołomice Batorego","bus":1,"tram":0,"n":1,"imp":0.054,"node":0,"deg":2,"term":0,"major":0},"geometry":{"type":"Point","coordinates":[20.084895,50.045096]}},{"type":"Feature","properties":{"id":"s1250","name":"Niepołomice Grobla","bus":1,"tram":0,"n":1,"imp":0.054,"node":0,"deg":2,"term":0,"major":0},"geometry":{"type":"Point","coordinates":[20.087038,50.046472]}},{"type":"Feature","properties":{"id":"s1251","name":"Niepołomice Jazy","bus":1,"tram":0,"n":1,"imp":0.054,"node":0,"deg":2,"term":0,"major":0},"geometry":{"type":"Point","coordinates":[20.089182,50.047848]}},{"type":"Feature","properties":{"id":"s1252","name":"Niepołomice Słoneczna","bus":1,"tram":0,"n":1,"imp":0.054,"node":0,"deg":2,"term":0,"major":0},"geometry":{"type":"Point","coordinates":[20.091325,50.049223]}},{"type":"Feature","properties":{"id":"s1253","name":"Wola Batorska Ruskie","bus":1,"tram":0,"n":1,"imp":0.054,"node":0,"deg":2,"term":0,"major":0},"geometry":{"type":"Point","coordinates":[20.093469,50.050599]}},{"type":"Feature","properties":{"id":"s1254","name":"Wola Batorska Żwirownia","bus":1,"tram":0,"n":1,"imp":0.054,"node":0,"deg":2,"term":0,"major":0},"geometry":{"type":"Point","coordinates":[20.095613,50.051975]}},{"type":"Feature","properties":{"id":"s1255","name":"Wola Batorska Kościół","bus":1,"tram":0,"n":1,"imp":0.054,"node":0,"deg":2,"term":0,"major":0},"geometry":{"type":"Point","coordinates":[20.097756,50.05335]}},{"type":"Feature","properties":{"id":"s1256","name":"Wola Batorska Cmentarz","bus":1,"tram":0,"n":1,"imp":0.054,"node":0,"deg":2,"term":0,"major":0},"geometry":{"type":"Point","coordinates":[20.0999,50.054726]}},{"type":"Feature","properties":{"id":"s1257","name":"Wola Batorska Borek","bus":1,"tram":0,"n":1,"imp":0.054,"node":0,"deg":2,"term":0,"major":0},"geometry":{"type":"Point","coordinates":[20.102043,50.056102]}},{"type":"Feature","properties":{"id":"s1258","name":"Wola Batorska Mikoniowiec","bus":1,"tram":0,"n":1,"imp":0.054,"node":0,"deg":2,"term":0,"major":0},"geometry":{"type":"Point","coordinates":[20.104187,50.057478]}},{"type":"Feature","properties":{"id":"s1259","name":"Wola Batorska Zamoglice","bus":1,"tram":0,"n":1,"imp":0.054,"node":0,"deg":2,"term":0,"major":0},"geometry":{"type":"Point","coordinates":[20.10633,50.058853]}},{"type":"Feature","properties":{"id":"s1260","name":"Zabierzów Bocheński Centrum","bus":1,"tram":0,"n":1,"imp":0.054,"node":0,"deg":2,"term":0,"major":0},"geometry":{"type":"Point","coordinates":[20.108474,50.060229]}},{"type":"Feature","properties":{"id":"s1261","name":"Wola Zabierzowska Chałupki","bus":1,"tram":0,"n":1,"imp":0.054,"node":0,"deg":2,"term":0,"major":0},"geometry":{"type":"Point","coordinates":[20.110617,50.061605]}},{"type":"Feature","properties":{"id":"s1262","name":"Chobot Kapliczka","bus":1,"tram":0,"n":1,"imp":0.054,"node":0,"deg":2,"term":0,"major":0},"geometry":{"type":"Point","coordinates":[20.112761,50.06298]}},{"type":"Feature","properties":{"id":"s1263","name":"Chobot Leśniczówka","bus":1,"tram":0,"n":1,"imp":0.059,"node":1,"deg":1,"term":1,"major":0},"geometry":{"type":"Point","coordinates":[20.112962,50.064872]}},{"type":"Feature","properties":{"id":"s1264","name":"Rząska Cmentarz","bus":1,"tram":0,"n":7,"imp":0.17,"node":1,"deg":3,"term":0,"major":0},"geometry":{"type":"Point","coordinates":[19.882261,50.087787]}},{"type":"Feature","properties":{"id":"s1265","name":"Brzegi Dom Kultury","bus":1,"tram":0,"n":3,"imp":0.106,"node":1,"deg":3,"term":0,"major":0},"geometry":{"type":"Point","coordinates":[20.049794,50.04372]}},{"type":"Feature","properties":{"id":"s1266","name":"Grabie Szczurów","bus":1,"tram":0,"n":3,"imp":0.106,"node":1,"deg":3,"term":0,"major":0},"geometry":{"type":"Point","coordinates":[20.05254,50.045483]}},{"type":"Feature","properties":{"id":"s1267","name":"Grabie Dom Kultury","bus":1,"tram":0,"n":3,"imp":0.144,"node":1,"deg":5,"term":0,"major":0},"geometry":{"type":"Point","coordinates":[20.06078,50.045483]}},{"type":"Feature","properties":{"id":"s1268","name":"Grabie Kościół","bus":1,"tram":0,"n":3,"imp":0.11,"node":1,"deg":2,"term":1,"major":0},"geometry":{"type":"Point","coordinates":[20.066273,50.045483]}},{"type":"Feature","properties":{"id":"s1269","name":"Niepołomice Podgrabie","bus":1,"tram":0,"n":1,"imp":0.054,"node":0,"deg":2,"term":0,"major":0},"geometry":{"type":"Point","coordinates":[20.067545,50.044666]}},{"type":"Feature","properties":{"id":"s1270","name":"Niepołomice Pasternik","bus":1,"tram":0,"n":1,"imp":0.054,"node":0,"deg":2,"term":0,"major":0},"geometry":{"type":"Point","coordinates":[20.068818,50.043849]}},{"type":"Feature","properties":{"id":"s1271","name":"Niepołomice Kątek","bus":1,"tram":0,"n":1,"imp":0.054,"node":0,"deg":2,"term":0,"major":0},"geometry":{"type":"Point","coordinates":[20.070091,50.043033]}},{"type":"Feature","properties":{"id":"s1272","name":"Niepołomice Poręby","bus":1,"tram":0,"n":1,"imp":0.054,"node":0,"deg":2,"term":0,"major":0},"geometry":{"type":"Point","coordinates":[20.071363,50.042216]}},{"type":"Feature","properties":{"id":"s1273","name":"Niepołomice Diesla","bus":1,"tram":0,"n":1,"imp":0.054,"node":0,"deg":2,"term":0,"major":0},"geometry":{"type":"Point","coordinates":[20.072636,50.041399]}},{"type":"Feature","properties":{"id":"s1274","name":"Niepołomice Wodna","bus":1,"tram":0,"n":1,"imp":0.054,"node":0,"deg":2,"term":0,"major":0},"geometry":{"type":"Point","coordinates":[20.073909,50.040582]}},{"type":"Feature","properties":{"id":"s1275","name":"Niepołomice Płaszowska","bus":1,"tram":0,"n":1,"imp":0.054,"node":0,"deg":2,"term":0,"major":0},"geometry":{"type":"Point","coordinates":[20.075459,50.040195]}},{"type":"Feature","properties":{"id":"s1276","name":"Niepołomice Kościuszki","bus":1,"tram":0,"n":2,"imp":0.09,"node":1,"deg":3,"term":0,"major":0},"geometry":{"type":"Point","coordinates":[20.077258,50.040195]}},{"type":"Feature","properties":{"id":"s1277","name":"Niepołomice Boryczów","bus":1,"tram":0,"n":1,"imp":0.054,"node":0,"deg":2,"term":0,"major":0},"geometry":{"type":"Point","coordinates":[20.074713,50.038561]}},{"type":"Feature","properties":{"id":"s1278","name":"Niepołomice Wielicka","bus":1,"tram":0,"n":1,"imp":0.054,"node":0,"deg":2,"term":0,"major":0},"geometry":{"type":"Point","coordinates":[20.072168,50.036928]}},{"type":"Feature","properties":{"id":"s1279","name":"Staniątki Wiadukt","bus":1,"tram":0,"n":1,"imp":0.054,"node":0,"deg":2,"term":0,"major":0},"geometry":{"type":"Point","coordinates":[20.069622,50.035294]}},{"type":"Feature","properties":{"id":"s1280","name":"Podłęże Centrum","bus":1,"tram":0,"n":1,"imp":0.074,"node":1,"deg":3,"term":0,"major":0},"geometry":{"type":"Point","coordinates":[20.069019,50.033144]}},{"type":"Feature","properties":{"id":"s1281","name":"Podłęże Remiza","bus":1,"tram":0,"n":1,"imp":0.054,"node":0,"deg":2,"term":0,"major":0},"geometry":{"type":"Point","coordinates":[20.064497,50.032005]}},{"type":"Feature","properties":{"id":"s1282","name":"Podłęże Balachówka","bus":1,"tram":0,"n":1,"imp":0.074,"node":1,"deg":3,"term":0,"major":0},"geometry":{"type":"Point","coordinates":[20.06078,50.029619]}},{"type":"Feature","properties":{"id":"s1283","name":"Zakrzów Ogrodzieniec","bus":1,"tram":0,"n":1,"imp":0.054,"node":0,"deg":2,"term":0,"major":0},"geometry":{"type":"Point","coordinates":[20.055555,50.026266]}},{"type":"Feature","properties":{"id":"s1284","name":"Ochmanów Oknoplast","bus":1,"tram":0,"n":1,"imp":0.054,"node":0,"deg":2,"term":0,"major":0},"geometry":{"type":"Point","coordinates":[20.05033,50.022913]}},{"type":"Feature","properties":{"id":"s1285","name":"Sułków Zbój","bus":1,"tram":0,"n":3,"imp":0.202,"node":1,"deg":8,"term":0,"major":1},"geometry":{"type":"Point","coordinates":[20.044301,50.020806]}},{"type":"Feature","properties":{"id":"s1286","name":"Mała Wieś Skrzyżowanie","bus":1,"tram":0,"n":2,"imp":0.07,"node":0,"deg":2,"term":0,"major":0},"geometry":{"type":"Point","coordinates":[20.039613,50.020806]}},{"type":"Feature","properties":{"id":"s1287","name":"Zabawa Centrum","bus":1,"tram":0,"n":2,"imp":0.09,"node":1,"deg":3,"term":0,"major":0},"geometry":{"type":"Point","coordinates":[20.036062,50.019043]}},{"type":"Feature","properties":{"id":"s1288","name":"Wieliczka Park","bus":1,"tram":0,"n":4,"imp":0.122,"node":1,"deg":3,"term":0,"major":0},"geometry":{"type":"Point","coordinates":[20.011344,50.01023]}},{"type":"Feature","properties":{"id":"s1289","name":"Wieliczka Niepołomska Granica","bus":1,"tram":0,"n":1,"imp":0.054,"node":0,"deg":2,"term":0,"major":0},"geometry":{"type":"Point","coordinates":[20.034688,50.018162]}},{"type":"Feature","properties":{"id":"s1290","name":"Zabawa Granica","bus":1,"tram":0,"n":2,"imp":0.07,"node":0,"deg":2,"term":0,"major":0},"geometry":{"type":"Point","coordinates":[20.034688,50.018162]}},{"type":"Feature","properties":{"id":"s1291","name":"Podłęże Przedszkole","bus":1,"tram":0,"n":1,"imp":0.054,"node":0,"deg":2,"term":0,"major":0},"geometry":{"type":"Point","coordinates":[20.065302,50.030758]}},{"type":"Feature","properties":{"id":"s1292","name":"Wysiołek Luborzycki","bus":1,"tram":0,"n":1,"imp":0.054,"node":0,"deg":2,"term":0,"major":0},"geometry":{"type":"Point","coordinates":[20.033315,50.112313]}},{"type":"Feature","properties":{"id":"s1293","name":"Wysiołek Luborzycki Radwany","bus":1,"tram":0,"n":1,"imp":0.054,"node":0,"deg":2,"term":0,"major":0},"geometry":{"type":"Point","coordinates":[20.029764,50.114743]}},{"type":"Feature","properties":{"id":"s1294","name":"Marszowice Góry","bus":1,"tram":0,"n":1,"imp":0.054,"node":0,"deg":2,"term":0,"major":0},"geometry":{"type":"Point","coordinates":[20.026047,50.117129]}},{"type":"Feature","properties":{"id":"s1295","name":"Marszowice Centrum","bus":1,"tram":0,"n":2,"imp":0.109,"node":1,"deg":4,"term":0,"major":0},"geometry":{"type":"Point","coordinates":[20.022329,50.119515]}},{"type":"Feature","properties":{"id":"s1296","name":"Marszowice","bus":1,"tram":0,"n":1,"imp":0.054,"node":0,"deg":2,"term":0,"major":0},"geometry":{"type":"Point","coordinates":[20.022329,50.122099]}},{"type":"Feature","properties":{"id":"s1297","name":"Polanowice Kolonia","bus":1,"tram":0,"n":1,"imp":0.054,"node":0,"deg":2,"term":0,"major":0},"geometry":{"type":"Point","coordinates":[20.022329,50.124682]}},{"type":"Feature","properties":{"id":"s1298","name":"Polanowice Boisko","bus":1,"tram":0,"n":1,"imp":0.054,"node":0,"deg":2,"term":0,"major":0},"geometry":{"type":"Point","coordinates":[20.022329,50.127266]}},{"type":"Feature","properties":{"id":"s1299","name":"Niedźwiedź PKP","bus":1,"tram":0,"n":1,"imp":0.054,"node":0,"deg":2,"term":0,"major":0},"geometry":{"type":"Point","coordinates":[20.022329,50.129849]}},{"type":"Feature","properties":{"id":"s1300","name":"Niedźwiedź Felix","bus":1,"tram":0,"n":1,"imp":0.054,"node":0,"deg":2,"term":0,"major":0},"geometry":{"type":"Point","coordinates":[20.022329,50.132433]}},{"type":"Feature","properties":{"id":"s1301","name":"Ratajów Skrzyżowanie","bus":1,"tram":0,"n":1,"imp":0.054,"node":0,"deg":2,"term":0,"major":0},"geometry":{"type":"Point","coordinates":[20.022329,50.135016]}},{"type":"Feature","properties":{"id":"s1302","name":"Słomniki Zagłoby","bus":1,"tram":0,"n":1,"imp":0.054,"node":0,"deg":2,"term":0,"major":0},"geometry":{"type":"Point","coordinates":[20.019883,50.136949]}},{"type":"Feature","properties":{"id":"s1303","name":"Słomniki Rynek","bus":1,"tram":0,"n":1,"imp":0.054,"node":0,"deg":2,"term":0,"major":0},"geometry":{"type":"Point","coordinates":[20.017037,50.138776]}},{"type":"Feature","properties":{"id":"s1304","name":"Słomniki Osiedle","bus":1,"tram":0,"n":1,"imp":0.059,"node":1,"deg":1,"term":1,"major":0},"geometry":{"type":"Point","coordinates":[20.011344,50.14243]}},{"type":"Feature","properties":{"id":"s1305","name":"Głęboka Zakręt","bus":1,"tram":0,"n":1,"imp":0.054,"node":0,"deg":2,"term":0,"major":0},"geometry":{"type":"Point","coordinates":[20.058932,50.093075]}},{"type":"Feature","properties":{"id":"s1306","name":"Karniów Błonie","bus":1,"tram":0,"n":1,"imp":0.054,"node":0,"deg":2,"term":0,"major":0},"geometry":{"type":"Point","coordinates":[20.062294,50.093075]}},{"type":"Feature","properties":{"id":"s1307","name":"Słomniki Kościuszki","bus":1,"tram":0,"n":1,"imp":0.054,"node":0,"deg":2,"term":0,"major":0},"geometry":{"type":"Point","coordinates":[20.01419,50.140603]}},{"type":"Feature","properties":{"id":"s1308","name":"Wieliczka Klaśnieńska","bus":1,"tram":0,"n":2,"imp":0.109,"node":1,"deg":4,"term":0,"major":0},"geometry":{"type":"Point","coordinates":[20.016837,50.003179]}},{"type":"Feature","properties":{"id":"s1309","name":"Wieliczka Sąd","bus":1,"tram":0,"n":3,"imp":0.125,"node":1,"deg":4,"term":0,"major":0},"geometry":{"type":"Point","coordinates":[20.011344,50.003179]}},{"type":"Feature","properties":{"id":"s1310","name":"Wieliczka Solne Miasto","bus":1,"tram":0,"n":5,"imp":0.253,"node":1,"deg":9,"term":0,"major":1},"geometry":{"type":"Point","coordinates":[20.011344,50.006704]}},{"type":"Feature","properties":{"id":"s1311","name":"Wieliczka Krzyszkowice Dom Ludowy","bus":1,"tram":0,"n":3,"imp":0.144,"node":1,"deg":5,"term":0,"major":0},"geometry":{"type":"Point","coordinates":[20.000358,50.008467]}},{"type":"Feature","properties":{"id":"s1312","name":"Owczary Spacerowa","bus":1,"tram":0,"n":1,"imp":0.054,"node":0,"deg":2,"term":0,"major":0},"geometry":{"type":"Point","coordinates":[19.928307,50.126979]}},{"type":"Feature","properties":{"id":"s1313","name":"Owczary Gajowa","bus":1,"tram":0,"n":1,"imp":0.054,"node":0,"deg":2,"term":0,"major":0},"geometry":{"type":"Point","coordinates":[19.92895,50.125241]}},{"type":"Feature","properties":{"id":"s1314","name":"Owczary Górna","bus":1,"tram":0,"n":1,"imp":0.054,"node":0,"deg":2,"term":0,"major":0},"geometry":{"type":"Point","coordinates":[19.92895,50.123332]}},{"type":"Feature","properties":{"id":"s1315","name":"Garliczka Chochół","bus":1,"tram":0,"n":1,"imp":0.054,"node":0,"deg":2,"term":0,"major":0},"geometry":{"type":"Point","coordinates":[19.92895,50.121424]}},{"type":"Feature","properties":{"id":"s1316","name":"Garlica Duchowna Rozjazd","bus":1,"tram":0,"n":2,"imp":0.09,"node":1,"deg":3,"term":0,"major":0},"geometry":{"type":"Point","coordinates":[19.92895,50.119515]}},{"type":"Feature","properties":{"id":"s1317","name":"Michałowice Las Michałowski","bus":1,"tram":0,"n":2,"imp":0.07,"node":0,"deg":2,"term":0,"major":0},"geometry":{"type":"Point","coordinates":[19.943653,50.122417]}},{"type":"Feature","properties":{"id":"s1318","name":"Michałowice Nad Dłubnią","bus":1,"tram":0,"n":1,"imp":0.054,"node":0,"deg":2,"term":0,"major":0},"geometry":{"type":"Point","coordinates":[19.974267,50.116871]}},{"type":"Feature","properties":{"id":"s1319","name":"Garlica Murowana Kasztany","bus":1,"tram":0,"n":1,"imp":0.054,"node":0,"deg":2,"term":0,"major":0},"geometry":{"type":"Point","coordinates":[19.927985,50.113608]}},{"type":"Feature","properties":{"id":"s1320","name":"Bosutów Krakowska","bus":1,"tram":0,"n":1,"imp":0.054,"node":0,"deg":2,"term":0,"major":0},"geometry":{"type":"Point","coordinates":[19.986626,50.101062]}},{"type":"Feature","properties":{"id":"s1321","name":"Bibice Cmentarz","bus":1,"tram":0,"n":1,"imp":0.054,"node":0,"deg":2,"term":0,"major":0},"geometry":{"type":"Point","coordinates":[19.948175,50.108939]}},{"type":"Feature","properties":{"id":"s1322","name":"Zielonki Galicyjska","bus":1,"tram":0,"n":1,"imp":0.054,"node":0,"deg":2,"term":0,"major":0},"geometry":{"type":"Point","coordinates":[19.933639,50.107176]}},{"type":"Feature","properties":{"id":"s1323","name":"Brzoskwinia Góra","bus":1,"tram":0,"n":2,"imp":0.07,"node":0,"deg":2,"term":0,"major":0},"geometry":{"type":"Point","coordinates":[19.828346,50.073035]}},{"type":"Feature","properties":{"id":"s1324","name":"Łuczyce Zwierzyniec","bus":1,"tram":0,"n":1,"imp":0.054,"node":0,"deg":2,"term":0,"major":0},"geometry":{"type":"Point","coordinates":[20.02588,50.113711]}},{"type":"Feature","properties":{"id":"s1325","name":"Sadowie Wiadukt","bus":1,"tram":0,"n":1,"imp":0.054,"node":0,"deg":2,"term":0,"major":0},"geometry":{"type":"Point","coordinates":[20.024393,50.114665]}},{"type":"Feature","properties":{"id":"s1326","name":"Goszcza Cmentarz","bus":1,"tram":0,"n":1,"imp":0.054,"node":0,"deg":2,"term":0,"major":0},"geometry":{"type":"Point","coordinates":[20.022906,50.11562]}},{"type":"Feature","properties":{"id":"s1327","name":"Tomaszowice Kolberga","bus":1,"tram":0,"n":2,"imp":0.07,"node":0,"deg":2,"term":0,"major":0},"geometry":{"type":"Point","coordinates":[19.873335,50.104092]}},{"type":"Feature","properties":{"id":"s1328","name":"Goszcza Dworek","bus":1,"tram":0,"n":1,"imp":0.054,"node":0,"deg":2,"term":0,"major":0},"geometry":{"type":"Point","coordinates":[20.022329,50.116816]}},{"type":"Feature","properties":{"id":"s1329","name":"Michałowice Ośrodek Zdrowia","bus":1,"tram":0,"n":2,"imp":0.109,"node":1,"deg":4,"term":0,"major":0},"geometry":{"type":"Point","coordinates":[19.967401,50.12304]}},{"type":"Feature","properties":{"id":"s1330","name":"Zielonki Marszowiec Pętla","bus":1,"tram":0,"n":3,"imp":0.154,"node":1,"deg":3,"term":1,"major":0},"geometry":{"type":"Point","coordinates":[19.942682,50.108939]}},{"type":"Feature","properties":{"id":"s1331","name":"Kleszczów Pod Lipką","bus":1,"tram":0,"n":2,"imp":0.07,"node":0,"deg":2,"term":0,"major":0},"geometry":{"type":"Point","coordinates":[19.833345,50.082165]}},{"type":"Feature","properties":{"id":"s1332","name":"Skawina Bukowska","bus":1,"tram":0,"n":1,"imp":0.054,"node":0,"deg":2,"term":0,"major":0},"geometry":{"type":"Point","coordinates":[19.874992,49.995505]}},{"type":"Feature","properties":{"id":"s1333","name":"Skawina Wyspiańskiego Szkoła","bus":1,"tram":0,"n":1,"imp":0.054,"node":0,"deg":2,"term":0,"major":0},"geometry":{"type":"Point","coordinates":[19.888022,49.997891]}},{"type":"Feature","properties":{"id":"s1334","name":"Skawina Graniczna","bus":1,"tram":0,"n":2,"imp":0.07,"node":0,"deg":2,"term":0,"major":0},"geometry":{"type":"Point","coordinates":[19.891873,49.998772]}},{"type":"Feature","properties":{"id":"s1335","name":"Wieliczka Goliana","bus":1,"tram":0,"n":3,"imp":0.144,"node":1,"deg":5,"term":0,"major":0},"geometry":{"type":"Point","coordinates":[20.022329,50.011992]}},{"type":"Feature","properties":{"id":"s1336","name":"Wieliczka Magistrat","bus":1,"tram":0,"n":4,"imp":0.16,"node":1,"deg":5,"term":0,"major":0},"geometry":{"type":"Point","coordinates":[20.019583,50.011992]}},{"type":"Feature","properties":{"id":"s1337","name":"Tomaszowice Spacerowa","bus":1,"tram":0,"n":2,"imp":0.07,"node":0,"deg":2,"term":0,"major":0},"geometry":{"type":"Point","coordinates":[19.872305,50.104753]}},{"type":"Feature","properties":{"id":"s1338","name":"Dziekanowice Batowice SKA","bus":1,"tram":0,"n":2,"imp":0.07,"node":0,"deg":2,"term":0,"major":0},"geometry":{"type":"Point","coordinates":[19.992119,50.098363]}},{"type":"Feature","properties":{"id":"s1339","name":"Dziekanowice Kapliczka","bus":1,"tram":0,"n":1,"imp":0.059,"node":1,"deg":1,"term":1,"major":0},"geometry":{"type":"Point","coordinates":[19.992119,50.103651]}},{"type":"Feature","properties":{"id":"s1340","name":"Zielonki Rondo","bus":1,"tram":0,"n":4,"imp":0.102,"node":0,"deg":2,"term":0,"major":0},"geometry":{"type":"Point","coordinates":[19.923457,50.105414]}},{"type":"Feature","properties":{"id":"s1341","name":"Gaj Wiadukt","bus":1,"tram":0,"n":1,"imp":0.074,"node":1,"deg":3,"term":0,"major":0},"geometry":{"type":"Point","coordinates":[19.912472,49.99084]}},{"type":"Feature","properties":{"id":"s1342","name":"Lusina Kwiatowa","bus":1,"tram":0,"n":1,"imp":0.054,"node":0,"deg":2,"term":0,"major":0},"geometry":{"type":"Point","coordinates":[19.913923,49.993535]}},{"type":"Feature","properties":{"id":"s1343","name":"Gaj Kwiatowa","bus":1,"tram":0,"n":1,"imp":0.054,"node":0,"deg":2,"term":0,"major":0},"geometry":{"type":"Point","coordinates":[19.913075,49.99299]}},{"type":"Feature","properties":{"id":"s1344","name":"Gaj Rudawa","bus":1,"tram":0,"n":1,"imp":0.054,"node":0,"deg":2,"term":0,"major":0},"geometry":{"type":"Point","coordinates":[19.912472,49.992381]}},{"type":"Feature","properties":{"id":"s1345","name":"Gaj Zgody","bus":1,"tram":0,"n":1,"imp":0.054,"node":0,"deg":2,"term":0,"major":0},"geometry":{"type":"Point","coordinates":[19.912472,49.99161]}},{"type":"Feature","properties":{"id":"s1346","name":"Pisary Kasztanowa","bus":1,"tram":0,"n":1,"imp":0.054,"node":0,"deg":2,"term":0,"major":0},"geometry":{"type":"Point","coordinates":[19.824585,50.098363]}},{"type":"Feature","properties":{"id":"s1347","name":"Będkowice Długa","bus":1,"tram":0,"n":2,"imp":0.07,"node":0,"deg":2,"term":0,"major":0},"geometry":{"type":"Point","coordinates":[19.855345,50.118105]}},{"type":"Feature","properties":{"id":"s1348","name":"Będkowice Cmentarz","bus":1,"tram":0,"n":2,"imp":0.07,"node":0,"deg":2,"term":0,"major":0},"geometry":{"type":"Point","coordinates":[19.856444,50.11881]}},{"type":"Feature","properties":{"id":"s1349","name":"Wieliczka Asnyka","bus":1,"tram":0,"n":4,"imp":0.179,"node":1,"deg":6,"term":0,"major":1},"geometry":{"type":"Point","coordinates":[20.025076,50.01023]}},{"type":"Feature","properties":{"id":"s1350","name":"Prusy Rondo","bus":1,"tram":0,"n":5,"imp":0.138,"node":1,"deg":3,"term":0,"major":0},"geometry":{"type":"Point","coordinates":[20.033315,50.093075]}},{"type":"Feature","properties":{"id":"s1351","name":"Konary Pod Sosenką","bus":1,"tram":0,"n":1,"imp":0.054,"node":0,"deg":2,"term":0,"major":0},"geometry":{"type":"Point","coordinates":[19.928856,49.980204]}},{"type":"Feature","properties":{"id":"s1352","name":"Włosań Dział Wschodni","bus":1,"tram":0,"n":1,"imp":0.054,"node":0,"deg":2,"term":0,"major":0},"geometry":{"type":"Point","coordinates":[19.922747,49.976283]}},{"type":"Feature","properties":{"id":"s1353","name":"Wieliczka Szyb Daniłowicza","bus":1,"tram":0,"n":2,"imp":0.09,"node":1,"deg":3,"term":0,"major":0},"geometry":{"type":"Point","coordinates":[20.01409,50.011992]}},{"type":"Feature","properties":{"id":"s1354","name":"Wieliczka Rondo Armii Krajowej","bus":1,"tram":0,"n":3,"imp":0.106,"node":1,"deg":3,"term":0,"major":0},"geometry":{"type":"Point","coordinates":[20.033315,50.01728]}},{"type":"Feature","properties":{"id":"s1355","name":"Lusina Krakówka","bus":1,"tram":0,"n":1,"imp":0.054,"node":0,"deg":2,"term":0,"major":0},"geometry":{"type":"Point","coordinates":[19.942641,49.996102]}},{"type":"Feature","properties":{"id":"s1356","name":"Skawina Piastowska","bus":1,"tram":0,"n":1,"imp":0.074,"node":1,"deg":3,"term":0,"major":0},"geometry":{"type":"Point","coordinates":[19.854796,50.01023]}},{"type":"Feature","properties":{"id":"s1357","name":"Kłokoczyn Machaczki","bus":1,"tram":0,"n":1,"imp":0.054,"node":0,"deg":2,"term":0,"major":0},"geometry":{"type":"Point","coordinates":[19.802191,50.028128]}},{"type":"Feature","properties":{"id":"s1358","name":"Skawina Żwirowa","bus":1,"tram":0,"n":1,"imp":0.054,"node":0,"deg":2,"term":0,"major":0},"geometry":{"type":"Point","coordinates":[19.854796,50.00888]}},{"type":"Feature","properties":{"id":"s1359","name":"Skawina Żwirownia","bus":1,"tram":0,"n":1,"imp":0.054,"node":0,"deg":2,"term":0,"major":0},"geometry":{"type":"Point","coordinates":[19.855828,50.007805]}},{"type":"Feature","properties":{"id":"s1360","name":"Mników Zarynnie","bus":1,"tram":0,"n":1,"imp":0.054,"node":0,"deg":2,"term":0,"major":0},"geometry":{"type":"Point","coordinates":[19.816346,50.061347]}},{"type":"Feature","properties":{"id":"s1361","name":"Mników Granica","bus":1,"tram":0,"n":1,"imp":0.054,"node":0,"deg":2,"term":0,"major":0},"geometry":{"type":"Point","coordinates":[19.827332,50.059584]}},{"type":"Feature","properties":{"id":"s1362","name":"Morawica Rudki","bus":1,"tram":0,"n":1,"imp":0.054,"node":0,"deg":2,"term":0,"major":0},"geometry":{"type":"Point","coordinates":[19.830078,50.061347]}},{"type":"Feature","properties":{"id":"s1363","name":"Kryspinów Stopień Wodny","bus":1,"tram":0,"n":2,"imp":0.07,"node":0,"deg":2,"term":0,"major":0},"geometry":{"type":"Point","coordinates":[19.855973,50.04095]}},{"type":"Feature","properties":{"id":"s1364","name":"Wieliczka Centrum Dw.","bus":1,"tram":0,"n":11,"imp":0.613,"node":1,"deg":9,"term":1,"major":1},"geometry":{"type":"Point","coordinates":[20.016837,50.01023]}},{"type":"Feature","properties":{"id":"s1365","name":"Brzegi Granica","bus":1,"tram":0,"n":3,"imp":0.086,"node":0,"deg":2,"term":0,"major":0},"geometry":{"type":"Point","coordinates":[20.051167,50.044602]}},{"type":"Feature","properties":{"id":"s1366","name":"Wieliczka Ochronka","bus":1,"tram":0,"n":1,"imp":0.054,"node":0,"deg":2,"term":0,"major":0},"geometry":{"type":"Point","coordinates":[20.028391,50.008467]}},{"type":"Feature","properties":{"id":"s1367","name":"Wieliczka Polna","bus":1,"tram":0,"n":3,"imp":0.144,"node":1,"deg":5,"term":0,"major":0},"geometry":{"type":"Point","coordinates":[20.033315,50.006704]}},{"type":"Feature","properties":{"id":"s1368","name":"Lednica Górna Świdówka","bus":1,"tram":0,"n":3,"imp":0.13,"node":1,"deg":3,"term":1,"major":0},"geometry":{"type":"Point","coordinates":[20.036062,50.004942]}},{"type":"Feature","properties":{"id":"s1369","name":"Lednica Górna Gory","bus":1,"tram":0,"n":2,"imp":0.07,"node":0,"deg":2,"term":0,"major":0},"geometry":{"type":"Point","coordinates":[20.038808,50.004942]}},{"type":"Feature","properties":{"id":"s1370","name":"Tomaszkowice Urząd Gminy Biskupice","bus":1,"tram":0,"n":2,"imp":0.109,"node":1,"deg":4,"term":0,"major":0},"geometry":{"type":"Point","coordinates":[20.041555,50.004942]}},{"type":"Feature","properties":{"id":"s1371","name":"Przebieczany Gdowska","bus":1,"tram":0,"n":1,"imp":0.054,"node":0,"deg":2,"term":0,"major":0},"geometry":{"type":"Point","coordinates":[20.043307,50.004942]}},{"type":"Feature","properties":{"id":"s1372","name":"Biskupice Rymarówka","bus":1,"tram":0,"n":1,"imp":0.054,"node":0,"deg":2,"term":0,"major":0},"geometry":{"type":"Point","coordinates":[20.044837,50.004597]}},{"type":"Feature","properties":{"id":"s1373","name":"Biskupice Szczygłów","bus":1,"tram":0,"n":1,"imp":0.054,"node":0,"deg":2,"term":0,"major":0},"geometry":{"type":"Point","coordinates":[20.046077,50.003802]}},{"type":"Feature","properties":{"id":"s1374","name":"Trąbki Pacówki","bus":1,"tram":0,"n":1,"imp":0.054,"node":0,"deg":2,"term":0,"major":0},"geometry":{"type":"Point","coordinates":[20.047316,50.003007]}},{"type":"Feature","properties":{"id":"s1375","name":"Trąbki Remiza","bus":1,"tram":0,"n":1,"imp":0.054,"node":0,"deg":2,"term":0,"major":0},"geometry":{"type":"Point","coordinates":[20.048555,50.002212]}},{"type":"Feature","properties":{"id":"s1376","name":"Trąbki P+R","bus":1,"tram":0,"n":1,"imp":0.059,"node":1,"deg":1,"term":1,"major":0},"geometry":{"type":"Point","coordinates":[20.049794,50.001416]}},{"type":"Feature","properties":{"id":"s1377","name":"Pękowice Ojcowska","bus":1,"tram":0,"n":2,"imp":0.099,"node":1,"deg":1,"term":1,"major":0},"geometry":{"type":"Point","coordinates":[19.909725,50.108939]}},{"type":"Feature","properties":{"id":"s1378","name":"Ojców Złota Góra","bus":1,"tram":0,"n":1,"imp":0.054,"node":0,"deg":2,"term":0,"major":0},"geometry":{"type":"Point","coordinates":[19.875695,50.131165]}},{"type":"Feature","properties":{"id":"s1379","name":"Ojców Zamek","bus":1,"tram":0,"n":1,"imp":0.059,"node":1,"deg":1,"term":1,"major":0},"geometry":{"type":"Point","coordinates":[19.885007,50.133616]}},{"type":"Feature","properties":{"id":"s1380","name":"Podstolice Centrum","bus":1,"tram":0,"n":2,"imp":0.099,"node":1,"deg":1,"term":1,"major":0},"geometry":{"type":"Point","coordinates":[19.981133,49.989078]}},{"type":"Feature","properties":{"id":"s1381","name":"Podstolice Zamłynie","bus":1,"tram":0,"n":2,"imp":0.07,"node":0,"deg":2,"term":0,"major":0},"geometry":{"type":"Point","coordinates":[19.983879,49.992238]}},{"type":"Feature","properties":{"id":"s1382","name":"Michałowice P+R","bus":1,"tram":0,"n":1,"imp":0.059,"node":1,"deg":1,"term":1,"major":0},"geometry":{"type":"Point","coordinates":[19.961908,50.121278]}},{"type":"Feature","properties":{"id":"s1383","name":"Zielonki Słoneczna","bus":1,"tram":0,"n":1,"imp":0.054,"node":0,"deg":2,"term":0,"major":0},"geometry":{"type":"Point","coordinates":[19.912472,50.099713]}},{"type":"Feature","properties":{"id":"s1384","name":"Zielonki Na Popielówkę","bus":1,"tram":0,"n":1,"imp":0.054,"node":0,"deg":2,"term":0,"major":0},"geometry":{"type":"Point","coordinates":[19.912472,50.101269]}},{"type":"Feature","properties":{"id":"s1385","name":"Zielonki Długopolska","bus":1,"tram":0,"n":1,"imp":0.054,"node":0,"deg":2,"term":0,"major":0},"geometry":{"type":"Point","coordinates":[19.91144,50.102551]}},{"type":"Feature","properties":{"id":"s1386","name":"Luborzyca Przy Źródle","bus":1,"tram":0,"n":1,"imp":0.054,"node":0,"deg":2,"term":0,"major":0},"geometry":{"type":"Point","coordinates":[20.04414,50.101785]}},{"type":"Feature","properties":{"id":"s1387","name":"Luborzyca Piotrowiec","bus":1,"tram":0,"n":1,"imp":0.054,"node":0,"deg":2,"term":0,"major":0},"geometry":{"type":"Point","coordinates":[20.046726,50.103445]}},{"type":"Feature","properties":{"id":"s1388","name":"Rawałowice Góra","bus":1,"tram":0,"n":1,"imp":0.054,"node":0,"deg":2,"term":0,"major":0},"geometry":{"type":"Point","coordinates":[20.049311,50.105104]}},{"type":"Feature","properties":{"id":"s1389","name":"Rawałowice Skrzyżowanie","bus":1,"tram":0,"n":1,"imp":0.054,"node":0,"deg":2,"term":0,"major":0},"geometry":{"type":"Point","coordinates":[20.051897,50.106763]}},{"type":"Feature","properties":{"id":"s1390","name":"Rawałowice Kapliczka","bus":1,"tram":0,"n":1,"imp":0.059,"node":1,"deg":1,"term":1,"major":0},"geometry":{"type":"Point","coordinates":[20.05254,50.108939]}},{"type":"Feature","properties":{"id":"s1391","name":"Skawina Groble","bus":1,"tram":0,"n":1,"imp":0.054,"node":0,"deg":2,"term":0,"major":0},"geometry":{"type":"Point","coordinates":[19.865782,49.997891]}},{"type":"Feature","properties":{"id":"s1392","name":"Wieliczka Czarnochowska","bus":1,"tram":0,"n":1,"imp":0.074,"node":1,"deg":3,"term":0,"major":0},"geometry":{"type":"Point","coordinates":[20.025076,50.01728]}},{"type":"Feature","properties":{"id":"s1393","name":"Wieliczka Orzechowa","bus":1,"tram":0,"n":1,"imp":0.054,"node":0,"deg":2,"term":0,"major":0},"geometry":{"type":"Point","coordinates":[20.025076,50.018162]}},{"type":"Feature","properties":{"id":"s1394","name":"Wieliczka Dębowa","bus":1,"tram":0,"n":1,"imp":0.054,"node":0,"deg":2,"term":0,"major":0},"geometry":{"type":"Point","coordinates":[20.025076,50.019043]}},{"type":"Feature","properties":{"id":"s1395","name":"Wieliczka Zbożowa","bus":1,"tram":0,"n":1,"imp":0.054,"node":0,"deg":2,"term":0,"major":0},"geometry":{"type":"Point","coordinates":[20.025076,50.019924]}},{"type":"Feature","properties":{"id":"s1396","name":"Krasieniec Zakupny Kotryska","bus":1,"tram":0,"n":1,"imp":0.054,"node":0,"deg":2,"term":0,"major":0},"geometry":{"type":"Point","coordinates":[19.954473,50.138904]}},{"type":"Feature","properties":{"id":"s1397","name":"Iwanowice Dworskie Kotryska","bus":1,"tram":0,"n":1,"imp":0.054,"node":0,"deg":2,"term":0,"major":0},"geometry":{"type":"Point","coordinates":[19.95561,50.137142]}},{"type":"Feature","properties":{"id":"s1398","name":"Kończyce Rycerza Racibora","bus":1,"tram":0,"n":1,"imp":0.054,"node":0,"deg":2,"term":0,"major":0},"geometry":{"type":"Point","coordinates":[19.997126,50.103963]}},{"type":"Feature","properties":{"id":"s1399","name":"Skawina Obwodnica","bus":1,"tram":0,"n":5,"imp":0.118,"node":0,"deg":2,"term":0,"major":0},"geometry":{"type":"Point","coordinates":[19.878599,50.009642]}},{"type":"Feature","properties":{"id":"s1400","name":"Golkowice Granica","bus":1,"tram":0,"n":1,"imp":0.054,"node":0,"deg":2,"term":0,"major":0},"geometry":{"type":"Point","coordinates":[19.97976,49.996128]}},{"type":"Feature","properties":{"id":"s1401","name":"Januszowice Plac Zabaw","bus":1,"tram":0,"n":1,"imp":0.054,"node":0,"deg":2,"term":0,"major":0},"geometry":{"type":"Point","coordinates":[19.912472,50.118875]}},{"type":"Feature","properties":{"id":"s1402","name":"Dojazdów Przedszkole","bus":1,"tram":0,"n":1,"imp":0.054,"node":0,"deg":2,"term":0,"major":0},"geometry":{"type":"Point","coordinates":[20.047048,50.089399]}},{"type":"Feature","properties":{"id":"s1403","name":"Dojazdów Plac św. Stanisława","bus":1,"tram":0,"n":1,"imp":0.054,"node":0,"deg":2,"term":0,"major":0},"geometry":{"type":"Point","coordinates":[20.043497,50.091829]}},{"type":"Feature","properties":{"id":"s1404","name":"Dojazdów Na Górce","bus":1,"tram":0,"n":1,"imp":0.054,"node":0,"deg":2,"term":0,"major":0},"geometry":{"type":"Point","coordinates":[20.039779,50.094215]}},{"type":"Feature","properties":{"id":"s1405","name":"Smardzowice Kościelna","bus":1,"tram":0,"n":1,"imp":0.054,"node":0,"deg":2,"term":0,"major":0},"geometry":{"type":"Point","coordinates":[19.912472,50.131226]}},{"type":"Feature","properties":{"id":"s1406","name":"Smardzowice Podgóry","bus":1,"tram":0,"n":1,"imp":0.054,"node":0,"deg":2,"term":0,"major":0},"geometry":{"type":"Point","coordinates":[19.911927,50.132203]}},{"type":"Feature","properties":{"id":"s1407","name":"Cianowice Małe","bus":1,"tram":0,"n":1,"imp":0.054,"node":0,"deg":2,"term":0,"major":0},"geometry":{"type":"Point","coordinates":[19.91069,50.132997]}},{"type":"Feature","properties":{"id":"s1408","name":"Cianowice Szczodrkowicka","bus":1,"tram":0,"n":1,"imp":0.054,"node":0,"deg":2,"term":0,"major":0},"geometry":{"type":"Point","coordinates":[19.909453,50.133791]}},{"type":"Feature","properties":{"id":"s1409","name":"Cianowice Marianów","bus":1,"tram":0,"n":1,"imp":0.054,"node":0,"deg":2,"term":0,"major":0},"geometry":{"type":"Point","coordinates":[19.908216,50.134585]}},{"type":"Feature","properties":{"id":"s1410","name":"Cianowice Poręba","bus":1,"tram":0,"n":1,"imp":0.074,"node":1,"deg":3,"term":0,"major":0},"geometry":{"type":"Point","coordinates":[19.906979,50.135379]}},{"type":"Feature","properties":{"id":"s1411","name":"Cianowice Do Cegielni","bus":1,"tram":0,"n":1,"imp":0.054,"node":0,"deg":2,"term":0,"major":0},"geometry":{"type":"Point","coordinates":[19.904232,50.137142]}},{"type":"Feature","properties":{"id":"s1412","name":"Skała Wieś","bus":1,"tram":0,"n":1,"imp":0.054,"node":0,"deg":2,"term":0,"major":0},"geometry":{"type":"Point","coordinates":[19.904232,50.137142]}},{"type":"Feature","properties":{"id":"s1413","name":"Skała Rzeplińska","bus":1,"tram":0,"n":1,"imp":0.074,"node":1,"deg":3,"term":0,"major":0},"geometry":{"type":"Point","coordinates":[19.901486,50.138904]}},{"type":"Feature","properties":{"id":"s1414","name":"Skała Rynek","bus":1,"tram":0,"n":1,"imp":0.059,"node":1,"deg":1,"term":1,"major":0},"geometry":{"type":"Point","coordinates":[19.898739,50.140667]}},{"type":"Feature","properties":{"id":"s1415","name":"Balice Krakowska","bus":1,"tram":0,"n":4,"imp":0.122,"node":1,"deg":3,"term":0,"major":0},"geometry":{"type":"Point","coordinates":[19.841064,50.073686]}},{"type":"Feature","properties":{"id":"s1416","name":"Jerzmanowice Pod Lasem","bus":1,"tram":0,"n":1,"imp":0.054,"node":0,"deg":2,"term":0,"major":0},"geometry":{"type":"Point","coordinates":[19.889584,50.098951]}},{"type":"Feature","properties":{"id":"s1417","name":"Jerzmanowice Lepianka","bus":1,"tram":0,"n":1,"imp":0.054,"node":0,"deg":2,"term":0,"major":0},"geometry":{"type":"Point","coordinates":[19.883176,50.103064]}},{"type":"Feature","properties":{"id":"s1418","name":"Jerzmanowice Centralna","bus":1,"tram":0,"n":1,"imp":0.054,"node":0,"deg":2,"term":0,"major":0},"geometry":{"type":"Point","coordinates":[19.876768,50.107176]}},{"type":"Feature","properties":{"id":"s1419","name":"Jerzmanowice Ojcowska","bus":1,"tram":0,"n":1,"imp":0.054,"node":0,"deg":2,"term":0,"major":0},"geometry":{"type":"Point","coordinates":[19.870359,50.111289]}},{"type":"Feature","properties":{"id":"s1420","name":"Gotkowice Wieś","bus":1,"tram":0,"n":1,"imp":0.054,"node":0,"deg":2,"term":0,"major":0},"geometry":{"type":"Point","coordinates":[19.863951,50.115402]}},{"type":"Feature","properties":{"id":"s1421","name":"Przeginia Ostra Góra","bus":1,"tram":0,"n":1,"imp":0.054,"node":0,"deg":2,"term":0,"major":0},"geometry":{"type":"Point","coordinates":[19.857543,50.119515]}},{"type":"Feature","properties":{"id":"s1422","name":"Przeginia Skotnica","bus":1,"tram":0,"n":1,"imp":0.054,"node":0,"deg":2,"term":0,"major":0},"geometry":{"type":"Point","coordinates":[19.851134,50.123628]}},{"type":"Feature","properties":{"id":"s1423","name":"Przeginia Dom Ludowy","bus":1,"tram":0,"n":1,"imp":0.054,"node":0,"deg":2,"term":0,"major":0},"geometry":{"type":"Point","coordinates":[19.844726,50.127741]}},{"type":"Feature","properties":{"id":"s1424","name":"Przeginia Kościół","bus":1,"tram":0,"n":1,"imp":0.059,"node":1,"deg":1,"term":1,"major":0},"geometry":{"type":"Point","coordinates":[19.838317,50.131854]}},{"type":"Feature","properties":{"id":"s1425","name":"Węgrzce Warszawska","bus":1,"tram":0,"n":4,"imp":0.102,"node":0,"deg":2,"term":0,"major":0},"geometry":{"type":"Point","coordinates":[19.961908,50.10982]}},{"type":"Feature","properties":{"id":"s1426","name":"Sąspów Cmentarz","bus":1,"tram":0,"n":1,"imp":0.054,"node":0,"deg":2,"term":0,"major":0},"geometry":{"type":"Point","coordinates":[19.867992,50.126222]}},{"type":"Feature","properties":{"id":"s1427","name":"Mogilany Pętla","bus":1,"tram":0,"n":4,"imp":0.126,"node":1,"deg":2,"term":1,"major":0},"geometry":{"type":"Point","coordinates":[19.898739,49.987315]}},{"type":"Feature","properties":{"id":"s1428","name":"Rudawa Granica","bus":1,"tram":0,"n":1,"imp":0.054,"node":0,"deg":2,"term":0,"major":0},"geometry":{"type":"Point","coordinates":[19.829006,50.094149]}},{"type":"Feature","properties":{"id":"s1429","name":"Goszcza Kościół","bus":1,"tram":0,"n":1,"imp":0.054,"node":0,"deg":2,"term":0,"major":0},"geometry":{"type":"Point","coordinates":[20.022329,50.118165]}},{"type":"Feature","properties":{"id":"s1430","name":"Wilków Kaplica","bus":1,"tram":0,"n":1,"imp":0.054,"node":0,"deg":2,"term":0,"major":0},"geometry":{"type":"Point","coordinates":[20.026449,50.119515]}},{"type":"Feature","properties":{"id":"s1431","name":"Wilków Pętla","bus":1,"tram":0,"n":1,"imp":0.059,"node":1,"deg":1,"term":1,"major":0},"geometry":{"type":"Point","coordinates":[20.030569,50.119515]}},{"type":"Feature","properties":{"id":"s1432","name":"Modlniczka Centrum Logistyczne","bus":1,"tram":0,"n":1,"imp":0.059,"node":1,"deg":1,"term":1,"major":0},"geometry":{"type":"Point","coordinates":[19.874021,50.0966]}},{"type":"Feature","properties":{"id":"s1433","name":"Modlnica Bukowa","bus":1,"tram":0,"n":2,"imp":0.07,"node":0,"deg":2,"term":0,"major":0},"geometry":{"type":"Point","coordinates":[19.902669,50.104654]}},{"type":"Feature","properties":{"id":"s1434","name":"Garbarska","bus":1,"tram":0,"n":7,"imp":0.15,"node":0,"deg":2,"term":0,"major":0},"geometry":{"type":"Point","coordinates":[19.92895,50.071923]}},{"type":"Feature","properties":{"id":"s1435","name":"Węgrzce Kuźnia","bus":1,"tram":0,"n":1,"imp":0.074,"node":1,"deg":3,"term":0,"major":0},"geometry":{"type":"Point","coordinates":[19.97564,50.108939]}},{"type":"Feature","properties":{"id":"s1436","name":"Bosutów C3","bus":1,"tram":0,"n":1,"imp":0.054,"node":0,"deg":2,"term":0,"major":0},"geometry":{"type":"Point","coordinates":[19.978614,50.10703]}},{"type":"Feature","properties":{"id":"s1437","name":"Wodzickich","bus":1,"tram":0,"n":2,"imp":0.07,"node":0,"deg":2,"term":0,"major":0},"geometry":{"type":"Point","coordinates":[20.069019,50.07281]}},{"type":"Feature","properties":{"id":"s1438","name":"Łempickiego","bus":1,"tram":0,"n":5,"imp":0.157,"node":1,"deg":4,"term":0,"major":0},"geometry":{"type":"Point","coordinates":[20.033315,50.071923]}},{"type":"Feature","properties":{"id":"s1439","name":"Grodzki Urząd Pracy","bus":0,"tram":1,"n":1,"imp":0.054,"node":0,"deg":2,"term":0,"major":0},"geometry":{"type":"Point","coordinates":[20.03154,50.078351]}},{"type":"Feature","properties":{"id":"s1440","name":"Solvay","bus":0,"tram":1,"n":3,"imp":0.086,"node":0,"deg":2,"term":0,"major":0},"geometry":{"type":"Point","coordinates":[19.926204,50.013755]}},{"type":"Feature","properties":{"id":"s1441","name":"Dworzec Towarowy","bus":0,"tram":1,"n":8,"imp":0.234,"node":1,"deg":3,"term":1,"major":1},"geometry":{"type":"Point","coordinates":[19.93719,50.084262]}},{"type":"Feature","properties":{"id":"s1442","name":"Reymana","bus":0,"tram":1,"n":2,"imp":0.07,"node":0,"deg":2,"term":0,"major":0},"geometry":{"type":"Point","coordinates":[19.899259,50.061347]}},{"type":"Feature","properties":{"id":"s1443","name":"Wawel","bus":0,"tram":1,"n":5,"imp":0.138,"node":1,"deg":3,"term":0,"major":0},"geometry":{"type":"Point","coordinates":[19.93719,50.054296]}},{"type":"Feature","properties":{"id":"s1444","name":"Orzeszkowej","bus":0,"tram":1,"n":4,"imp":0.102,"node":0,"deg":2,"term":0,"major":0},"geometry":{"type":"Point","coordinates":[19.933874,50.046881]}},{"type":"Feature","properties":{"id":"s1445","name":"Bardosa","bus":1,"tram":1,"n":3,"imp":0.142,"node":1,"deg":2,"term":1,"major":0},"geometry":{"type":"Point","coordinates":[20.036062,50.064872]}},{"type":"Feature","properties":{"id":"s1446","name":"Kopiec Wandy","bus":0,"tram":1,"n":3,"imp":0.158,"node":1,"deg":2,"term":1,"major":0},"geometry":{"type":"Point","coordinates":[20.038808,50.066635]}},{"type":"Feature","properties":{"id":"s1447","name":"Brama nr 4","bus":0,"tram":1,"n":2,"imp":0.07,"node":0,"deg":2,"term":0,"major":0},"geometry":{"type":"Point","coordinates":[20.044033,50.061347]}},{"type":"Feature","properties":{"id":"s1448","name":"Brama nr 5","bus":0,"tram":1,"n":2,"imp":0.07,"node":0,"deg":2,"term":0,"major":0},"geometry":{"type":"Point","coordinates":[20.04899,50.061347]}},{"type":"Feature","properties":{"id":"s1449","name":"Meksyk","bus":0,"tram":1,"n":2,"imp":0.07,"node":0,"deg":2,"term":0,"major":0},"geometry":{"type":"Point","coordinates":[20.051468,50.061347]}},{"type":"Feature","properties":{"id":"s1450","name":"Koksochemia","bus":0,"tram":1,"n":2,"imp":0.07,"node":0,"deg":2,"term":0,"major":0},"geometry":{"type":"Point","coordinates":[20.053534,50.061985]}},{"type":"Feature","properties":{"id":"s1452","name":"Borsucza","bus":0,"tram":1,"n":3,"imp":0.106,"node":1,"deg":3,"term":0,"major":0},"geometry":{"type":"Point","coordinates":[19.926204,50.024331]}},{"type":"Feature","properties":{"id":"s1453","name":"Brożka","bus":0,"tram":1,"n":3,"imp":0.086,"node":0,"deg":2,"term":0,"major":0},"geometry":{"type":"Point","coordinates":[19.930323,50.024331]}},{"type":"Feature","properties":{"id":"s1455","name":"Prokocim","bus":0,"tram":1,"n":5,"imp":0.118,"node":0,"deg":2,"term":0,"major":0},"geometry":{"type":"Point","coordinates":[19.990745,50.019043]}},{"type":"Feature","properties":{"id":"s1456","name":"Oleandry","bus":0,"tram":1,"n":2,"imp":0.07,"node":0,"deg":2,"term":0,"major":0},"geometry":{"type":"Point","coordinates":[19.91356,50.061347]}},{"type":"Feature","properties":{"id":"s1457","name":"Park Jordana","bus":0,"tram":1,"n":2,"imp":0.07,"node":0,"deg":2,"term":0,"major":0},"geometry":{"type":"Point","coordinates":[19.90641,50.061347]}},{"type":"Feature","properties":{"id":"s1458","name":"Zabłocie","bus":0,"tram":1,"n":4,"imp":0.102,"node":0,"deg":2,"term":0,"major":0},"geometry":{"type":"Point","coordinates":[19.969176,50.053157]}},{"type":"Feature","properties":{"id":"s1459","name":"Suche Stawy","bus":1,"tram":1,"n":3,"imp":0.118,"node":0,"deg":2,"term":0,"major":0},"geometry":{"type":"Point","coordinates":[20.033315,50.064872]}},{"type":"Feature","properties":{"id":"s1460","name":"Limanowskiego","bus":0,"tram":1,"n":2,"imp":0.07,"node":0,"deg":2,"term":0,"major":0},"geometry":{"type":"Point","coordinates":[19.955846,50.03667]}},{"type":"Feature","properties":{"id":"s1461","name":"Łagiewniki ZUS","bus":0,"tram":1,"n":4,"imp":0.102,"node":0,"deg":2,"term":0,"major":0},"geometry":{"type":"Point","coordinates":[19.934443,50.021322]}},{"type":"Feature","properties":{"id":"s1462","name":"Teatr Variete","bus":0,"tram":1,"n":4,"imp":0.102,"node":0,"deg":2,"term":0,"major":0},"geometry":{"type":"Point","coordinates":[19.969176,50.058961]}},{"type":"Feature","properties":{"id":"s1463","name":"Dworzec Płaszów Estakada","bus":0,"tram":1,"n":5,"imp":0.138,"node":1,"deg":3,"term":0,"major":0},"geometry":{"type":"Point","coordinates":[19.983879,50.029619]}},{"type":"Feature","properties":{"id":"s1464","name":"Giedroycia","bus":0,"tram":1,"n":2,"imp":0.07,"node":0,"deg":2,"term":0,"major":0},"geometry":{"type":"Point","coordinates":[20.046511,50.061347]}},{"type":"Feature","properties":{"id":"s1465","name":"św. Gertrudy","bus":0,"tram":1,"n":5,"imp":0.138,"node":1,"deg":3,"term":0,"major":0},"geometry":{"type":"Point","coordinates":[19.93719,50.059584]}},{"type":"Feature","properties":{"id":"s1466","name":"Muzeum Fotografii","bus":0,"tram":1,"n":1,"imp":0.054,"node":0,"deg":2,"term":0,"major":0},"geometry":{"type":"Point","coordinates":[19.960534,50.07633]}},{"type":"Feature","properties":{"id":"s1467","name":"Sanktuarium Bożego Miłosierdzia","bus":0,"tram":1,"n":3,"imp":0.086,"node":0,"deg":2,"term":0,"major":0},"geometry":{"type":"Point","coordinates":[19.937592,50.017022]}},{"type":"Feature","properties":{"id":"s1468","name":"UJ / AST","bus":0,"tram":1,"n":2,"imp":0.07,"node":0,"deg":2,"term":0,"major":0},"geometry":{"type":"Point","coordinates":[19.924831,50.061347]}},{"type":"Feature","properties":{"id":"s1469","name":"Bociana","bus":0,"tram":1,"n":4,"imp":0.102,"node":0,"deg":2,"term":0,"major":0},"geometry":{"type":"Point","coordinates":[19.952864,50.0966]}},{"type":"Feature","properties":{"id":"s1470","name":"Muzeum Lotnictwa Polskiego","bus":0,"tram":1,"n":6,"imp":0.134,"node":0,"deg":2,"term":0,"major":0},"geometry":{"type":"Point","coordinates":[19.996238,50.075448]}},{"type":"Feature","properties":{"id":"s1471","name":"Byszyce Centrum","bus":1,"tram":0,"n":1,"imp":0.054,"node":0,"deg":2,"term":0,"major":0},"geometry":{"type":"Point","coordinates":[20.007224,49.988196]}},{"type":"Feature","properties":{"id":"s1472","name":"Byszyce Centrum","bus":1,"tram":0,"n":1,"imp":0.054,"node":0,"deg":2,"term":0,"major":0},"geometry":{"type":"Point","coordinates":[20.005851,49.98768]}},{"type":"Feature","properties":{"id":"s1473","name":"Byszyce Kopce","bus":1,"tram":0,"n":1,"imp":0.054,"node":0,"deg":2,"term":0,"major":0},"geometry":{"type":"Point","coordinates":[20.006324,49.988774]}},{"type":"Feature","properties":{"id":"s1474","name":"Czarnochowice Kościół","bus":1,"tram":0,"n":1,"imp":0.054,"node":0,"deg":2,"term":0,"major":0},"geometry":{"type":"Point","coordinates":[20.035683,50.015274]}},{"type":"Feature","properties":{"id":"s1475","name":"Czarnochowice Kościół","bus":1,"tram":0,"n":1,"imp":0.054,"node":0,"deg":2,"term":0,"major":0},"geometry":{"type":"Point","coordinates":[20.029117,50.021637]}},{"type":"Feature","properties":{"id":"s1476","name":"Czarnochowice Osiedle","bus":1,"tram":0,"n":1,"imp":0.054,"node":0,"deg":2,"term":0,"major":0},"geometry":{"type":"Point","coordinates":[20.02707,50.020323]}},{"type":"Feature","properties":{"id":"s1477","name":"Czarnochowice Osiedle","bus":1,"tram":0,"n":1,"imp":0.054,"node":0,"deg":2,"term":0,"major":0},"geometry":{"type":"Point","coordinates":[20.033725,50.014018]}},{"type":"Feature","properties":{"id":"s1478","name":"Czarnochowice Wygoda","bus":1,"tram":0,"n":1,"imp":0.054,"node":0,"deg":2,"term":0,"major":0},"geometry":{"type":"Point","coordinates":[20.031768,50.012762]}},{"type":"Feature","properties":{"id":"s1479","name":"Czarnochowice Wygoda","bus":1,"tram":0,"n":1,"imp":0.054,"node":0,"deg":2,"term":0,"major":0},"geometry":{"type":"Point","coordinates":[20.025024,50.019009]}},{"type":"Feature","properties":{"id":"s1480","name":"Dobranowice Szkoła","bus":1,"tram":0,"n":1,"imp":0.059,"node":1,"deg":1,"term":1,"major":0},"geometry":{"type":"Point","coordinates":[20.036062,49.996128]}},{"type":"Feature","properties":{"id":"s1481","name":"Dobranowice Szkoła","bus":1,"tram":0,"n":1,"imp":0.059,"node":1,"deg":1,"term":1,"major":0},"geometry":{"type":"Point","coordinates":[20.036062,49.992603]}},{"type":"Feature","properties":{"id":"s1482","name":"Dobranowice Las Winny","bus":1,"tram":0,"n":1,"imp":0.054,"node":0,"deg":2,"term":0,"major":0},"geometry":{"type":"Point","coordinates":[20.035409,49.996128]}},{"type":"Feature","properties":{"id":"s1483","name":"Dobranowice Las Winny","bus":1,"tram":0,"n":1,"imp":0.054,"node":0,"deg":2,"term":0,"major":0},"geometry":{"type":"Point","coordinates":[20.035571,49.992918]}},{"type":"Feature","properties":{"id":"s1484","name":"Dobranowice Wola Dobranowska","bus":1,"tram":0,"n":1,"imp":0.054,"node":0,"deg":2,"term":0,"major":0},"geometry":{"type":"Point","coordinates":[20.035081,49.993233]}},{"type":"Feature","properties":{"id":"s1485","name":"Dobranowice Wola Dobranowska","bus":1,"tram":0,"n":1,"imp":0.054,"node":0,"deg":2,"term":0,"major":0},"geometry":{"type":"Point","coordinates":[20.034756,49.996128]}},{"type":"Feature","properties":{"id":"s1486","name":"Gorzkow Czarnociny Dolne","bus":1,"tram":0,"n":1,"imp":0.054,"node":0,"deg":2,"term":0,"major":0},"geometry":{"type":"Point","coordinates":[20.008597,49.986111]}},{"type":"Feature","properties":{"id":"s1487","name":"Gorzkow Czarnociny Dolne","bus":1,"tram":0,"n":1,"imp":0.054,"node":0,"deg":2,"term":0,"major":0},"geometry":{"type":"Point","coordinates":[20.005851,49.986013]}},{"type":"Feature","properties":{"id":"s1488","name":"Gorzków Czarnociny Dolne I","bus":1,"tram":0,"n":1,"imp":0.054,"node":0,"deg":2,"term":0,"major":0},"geometry":{"type":"Point","coordinates":[20.008597,49.985294]}},{"type":"Feature","properties":{"id":"s1489","name":"Gorzków Czarnociny Dolne II","bus":1,"tram":0,"n":1,"imp":0.054,"node":0,"deg":2,"term":0,"major":0},"geometry":{"type":"Point","coordinates":[20.008597,49.984477]}},{"type":"Feature","properties":{"id":"s1490","name":"Gorzków Czarnociny Dolne II","bus":1,"tram":0,"n":1,"imp":0.054,"node":0,"deg":2,"term":0,"major":0},"geometry":{"type":"Point","coordinates":[20.005851,49.985457]}},{"type":"Feature","properties":{"id":"s1491","name":"Gorzków Czarnociny Dolne III","bus":1,"tram":0,"n":1,"imp":0.054,"node":0,"deg":2,"term":0,"major":0},"geometry":{"type":"Point","coordinates":[20.005851,49.984901]}},{"type":"Feature","properties":{"id":"s1492","name":"Gorzków Czarnociny Dolne III","bus":1,"tram":0,"n":1,"imp":0.054,"node":0,"deg":2,"term":0,"major":0},"geometry":{"type":"Point","coordinates":[20.008597,49.983661]}},{"type":"Feature","properties":{"id":"s1493","name":"Gorzków OSP","bus":1,"tram":0,"n":1,"imp":0.054,"node":0,"deg":2,"term":0,"major":0},"geometry":{"type":"Point","coordinates":[20.008597,49.986928]}},{"type":"Feature","properties":{"id":"s1494","name":"Gorzków OSP","bus":1,"tram":0,"n":1,"imp":0.054,"node":0,"deg":2,"term":0,"major":0},"geometry":{"type":"Point","coordinates":[20.005851,49.986569]}},{"type":"Feature","properties":{"id":"s1495","name":"Gorzków Pod Pasiekami","bus":1,"tram":0,"n":1,"imp":0.054,"node":0,"deg":2,"term":0,"major":0},"geometry":{"type":"Point","coordinates":[20.005851,49.987124]}},{"type":"Feature","properties":{"id":"s1496","name":"Gorzków Pod Pasiekami","bus":1,"tram":0,"n":1,"imp":0.054,"node":0,"deg":2,"term":0,"major":0},"geometry":{"type":"Point","coordinates":[20.008124,49.987619]}},{"type":"Feature","properties":{"id":"s1497","name":"Grabie Gruczyn","bus":1,"tram":0,"n":1,"imp":0.054,"node":0,"deg":2,"term":0,"major":0},"geometry":{"type":"Point","coordinates":[20.05685,50.039435]}},{"type":"Feature","properties":{"id":"s1498","name":"Grabie Gruczyn","bus":1,"tram":0,"n":1,"imp":0.054,"node":0,"deg":2,"term":0,"major":0},"geometry":{"type":"Point","coordinates":[20.059975,50.041441]}},{"type":"Feature","properties":{"id":"s1499","name":"Grabie Skrzyżowanie","bus":1,"tram":0,"n":1,"imp":0.054,"node":0,"deg":2,"term":0,"major":0},"geometry":{"type":"Point","coordinates":[20.05666,50.045483]}},{"type":"Feature","properties":{"id":"s1500","name":"Grabie Skrzyżowanie","bus":1,"tram":0,"n":1,"imp":0.054,"node":0,"deg":2,"term":0,"major":0},"geometry":{"type":"Point","coordinates":[20.060757,50.041943]}},{"type":"Feature","properties":{"id":"s1501","name":"Grabówki Babiny","bus":1,"tram":0,"n":1,"imp":0.054,"node":0,"deg":2,"term":0,"major":0},"geometry":{"type":"Point","coordinates":[19.998416,49.997891]}},{"type":"Feature","properties":{"id":"s1502","name":"Grabówki Babiny","bus":1,"tram":0,"n":1,"imp":0.054,"node":0,"deg":2,"term":0,"major":0},"geometry":{"type":"Point","coordinates":[19.994698,49.997784]}},{"type":"Feature","properties":{"id":"s1503","name":"Grabówki Granica","bus":1,"tram":0,"n":1,"imp":0.054,"node":0,"deg":2,"term":0,"major":0},"geometry":{"type":"Point","coordinates":[19.97976,49.996128]}},{"type":"Feature","properties":{"id":"s1504","name":"Grabówki Kowalówka","bus":1,"tram":0,"n":1,"imp":0.054,"node":0,"deg":2,"term":0,"major":0},"geometry":{"type":"Point","coordinates":[19.998901,50.000482]}},{"type":"Feature","properties":{"id":"s1505","name":"Grabówki Kowalówka","bus":1,"tram":0,"n":1,"imp":0.054,"node":0,"deg":2,"term":0,"major":0},"geometry":{"type":"Point","coordinates":[20.006253,49.997891]}},{"type":"Feature","properties":{"id":"s1506","name":"Grabówki Krzyżowa","bus":1,"tram":0,"n":1,"imp":0.054,"node":0,"deg":2,"term":0,"major":0},"geometry":{"type":"Point","coordinates":[19.989823,49.996128]}},{"type":"Feature","properties":{"id":"s1507","name":"Grabówki Krzyżowa","bus":1,"tram":0,"n":1,"imp":0.054,"node":0,"deg":2,"term":0,"major":0},"geometry":{"type":"Point","coordinates":[19.990579,49.997891]}},{"type":"Feature","properties":{"id":"s1508","name":"Grabówki Krzyżówka","bus":1,"tram":0,"n":2,"imp":0.09,"node":1,"deg":3,"term":0,"major":0},"geometry":{"type":"Point","coordinates":[20.003104,50.003179]}},{"type":"Feature","properties":{"id":"s1509","name":"Grabówki Krzyżówka","bus":1,"tram":0,"n":2,"imp":0.09,"node":1,"deg":3,"term":0,"major":0},"geometry":{"type":"Point","coordinates":[20.01409,49.997891]}},{"type":"Feature","properties":{"id":"s1510","name":"Grabówki Żłobek","bus":1,"tram":0,"n":2,"imp":0.07,"node":0,"deg":2,"term":0,"major":0},"geometry":{"type":"Point","coordinates":[20.011344,50.000342]}},{"type":"Feature","properties":{"id":"s1511","name":"Grabówki Żłobek","bus":1,"tram":0,"n":2,"imp":0.07,"node":0,"deg":2,"term":0,"major":0},"geometry":{"type":"Point","coordinates":[20.006387,50.003523]}},{"type":"Feature","properties":{"id":"s1512","name":"Grajów Boisko","bus":1,"tram":0,"n":1,"imp":0.054,"node":0,"deg":2,"term":0,"major":0},"geometry":{"type":"Point","coordinates":[20.031648,49.995436]}},{"type":"Feature","properties":{"id":"s1513","name":"Grajów Boisko","bus":1,"tram":0,"n":1,"imp":0.054,"node":0,"deg":2,"term":0,"major":0},"geometry":{"type":"Point","coordinates":[20.031102,49.997549]}},{"type":"Feature","properties":{"id":"s1514","name":"Grajów Dębówka","bus":1,"tram":0,"n":1,"imp":0.054,"node":0,"deg":2,"term":0,"major":0},"geometry":{"type":"Point","coordinates":[20.031564,49.997253]}},{"type":"Feature","properties":{"id":"s1515","name":"Grajów Dębówka","bus":1,"tram":0,"n":1,"imp":0.054,"node":0,"deg":2,"term":0,"major":0},"geometry":{"type":"Point","coordinates":[20.032138,49.995121]}},{"type":"Feature","properties":{"id":"s1516","name":"Grajów Katy","bus":1,"tram":0,"n":1,"imp":0.054,"node":0,"deg":2,"term":0,"major":0},"geometry":{"type":"Point","coordinates":[20.031157,49.995751]}},{"type":"Feature","properties":{"id":"s1517","name":"Grajów Katy","bus":1,"tram":0,"n":1,"imp":0.054,"node":0,"deg":2,"term":0,"major":0},"geometry":{"type":"Point","coordinates":[20.03064,49.997845]}},{"type":"Feature","properties":{"id":"s1518","name":"Grajów Podlas","bus":1,"tram":0,"n":1,"imp":0.054,"node":0,"deg":2,"term":0,"major":0},"geometry":{"type":"Point","coordinates":[20.030667,49.996065]}},{"type":"Feature","properties":{"id":"s1519","name":"Grajów Podlas","bus":1,"tram":0,"n":1,"imp":0.054,"node":0,"deg":2,"term":0,"major":0},"geometry":{"type":"Point","coordinates":[20.030179,49.998141]}},{"type":"Feature","properties":{"id":"s1520","name":"Grajów Przymiarki","bus":1,"tram":0,"n":1,"imp":0.054,"node":0,"deg":2,"term":0,"major":0},"geometry":{"type":"Point","coordinates":[20.028793,49.99903]}},{"type":"Feature","properties":{"id":"s1521","name":"Grajów Przymiarki","bus":1,"tram":0,"n":1,"imp":0.054,"node":0,"deg":2,"term":0,"major":0},"geometry":{"type":"Point","coordinates":[20.029196,49.99701]}},{"type":"Feature","properties":{"id":"s1522","name":"Grajów Sklep","bus":1,"tram":0,"n":1,"imp":0.054,"node":0,"deg":2,"term":0,"major":0},"geometry":{"type":"Point","coordinates":[20.029686,49.996695]}},{"type":"Feature","properties":{"id":"s1523","name":"Grajów Sklep","bus":1,"tram":0,"n":1,"imp":0.054,"node":0,"deg":2,"term":0,"major":0},"geometry":{"type":"Point","coordinates":[20.029255,49.998734]}},{"type":"Feature","properties":{"id":"s1524","name":"Grajów Szkoła","bus":1,"tram":0,"n":1,"imp":0.054,"node":0,"deg":2,"term":0,"major":0},"geometry":{"type":"Point","coordinates":[20.030176,49.99638]}},{"type":"Feature","properties":{"id":"s1525","name":"Grajów Szkoła","bus":1,"tram":0,"n":1,"imp":0.054,"node":0,"deg":2,"term":0,"major":0},"geometry":{"type":"Point","coordinates":[20.029717,49.998438]}},{"type":"Feature","properties":{"id":"s1526","name":"Grajów Żakowa","bus":1,"tram":0,"n":1,"imp":0.054,"node":0,"deg":2,"term":0,"major":0},"geometry":{"type":"Point","coordinates":[20.032025,49.996956]}},{"type":"Feature","properties":{"id":"s1527","name":"Grajów Żakowa","bus":1,"tram":0,"n":1,"imp":0.054,"node":0,"deg":2,"term":0,"major":0},"geometry":{"type":"Point","coordinates":[20.032629,49.994806]}},{"type":"Feature","properties":{"id":"s1528","name":"Hucisko Centrum","bus":1,"tram":0,"n":1,"imp":0.054,"node":0,"deg":2,"term":0,"major":0},"geometry":{"type":"Point","coordinates":[20.0341,49.993862]}},{"type":"Feature","properties":{"id":"s1529","name":"Hucisko Centrum","bus":1,"tram":0,"n":1,"imp":0.054,"node":0,"deg":2,"term":0,"major":0},"geometry":{"type":"Point","coordinates":[20.03345,49.996128]}},{"type":"Feature","properties":{"id":"s1530","name":"Hucisko Las","bus":1,"tram":0,"n":1,"imp":0.054,"node":0,"deg":2,"term":0,"major":0},"geometry":{"type":"Point","coordinates":[20.03361,49.994177]}},{"type":"Feature","properties":{"id":"s1531","name":"Hucisko Las","bus":1,"tram":0,"n":1,"imp":0.054,"node":0,"deg":2,"term":0,"major":0},"geometry":{"type":"Point","coordinates":[20.032949,49.996364]}},{"type":"Feature","properties":{"id":"s1532","name":"Hucisko Pasternik","bus":1,"tram":0,"n":1,"imp":0.054,"node":0,"deg":2,"term":0,"major":0},"geometry":{"type":"Point","coordinates":[20.034103,49.996128]}},{"type":"Feature","properties":{"id":"s1533","name":"Hucisko Pasternik","bus":1,"tram":0,"n":1,"imp":0.054,"node":0,"deg":2,"term":0,"major":0},"geometry":{"type":"Point","coordinates":[20.03459,49.993547]}},{"type":"Feature","properties":{"id":"s1534","name":"Hucisko Skrzyżowanie","bus":1,"tram":0,"n":1,"imp":0.054,"node":0,"deg":2,"term":0,"major":0},"geometry":{"type":"Point","coordinates":[20.032487,49.99666]}},{"type":"Feature","properties":{"id":"s1535","name":"Hucisko Skrzyżowanie","bus":1,"tram":0,"n":1,"imp":0.054,"node":0,"deg":2,"term":0,"major":0},"geometry":{"type":"Point","coordinates":[20.033119,49.994492]}},{"type":"Feature","properties":{"id":"s1536","name":"Jankówka Pogwizdów","bus":1,"tram":0,"n":1,"imp":0.054,"node":0,"deg":2,"term":0,"major":0},"geometry":{"type":"Point","coordinates":[20.008597,49.982844]}},{"type":"Feature","properties":{"id":"s1537","name":"Jankówka Pogwizdów","bus":1,"tram":0,"n":1,"imp":0.054,"node":0,"deg":2,"term":0,"major":0},"geometry":{"type":"Point","coordinates":[20.005851,49.984345]}},{"type":"Feature","properties":{"id":"s1538","name":"Jankówka Skrzyżowanie","bus":1,"tram":0,"n":1,"imp":0.059,"node":1,"deg":1,"term":1,"major":0},"geometry":{"type":"Point","coordinates":[20.005851,49.98379]}},{"type":"Feature","properties":{"id":"s1539","name":"Jankówka Skrzyżowanie","bus":1,"tram":0,"n":1,"imp":0.059,"node":1,"deg":1,"term":1,"major":0},"geometry":{"type":"Point","coordinates":[20.008597,49.982027]}},{"type":"Feature","properties":{"id":"s1540","name":"Janowice Bałówka I","bus":1,"tram":0,"n":1,"imp":0.054,"node":0,"deg":2,"term":0,"major":0},"geometry":{"type":"Point","coordinates":[19.990818,49.982955]}},{"type":"Feature","properties":{"id":"s1541","name":"Janowice Bałówka II","bus":1,"tram":0,"n":1,"imp":0.054,"node":0,"deg":2,"term":0,"major":0},"geometry":{"type":"Point","coordinates":[19.99389,49.984927]}},{"type":"Feature","properties":{"id":"s1542","name":"Janowice Dwór","bus":1,"tram":0,"n":1,"imp":0.054,"node":0,"deg":2,"term":0,"major":0},"geometry":{"type":"Point","coordinates":[19.998577,49.989697]}},{"type":"Feature","properties":{"id":"s1543","name":"Janowice Granica","bus":1,"tram":0,"n":1,"imp":0.054,"node":0,"deg":2,"term":0,"major":0},"geometry":{"type":"Point","coordinates":[19.983879,49.987315]}},{"type":"Feature","properties":{"id":"s1544","name":"Janowice Granica","bus":1,"tram":0,"n":1,"imp":0.054,"node":0,"deg":2,"term":0,"major":0},"geometry":{"type":"Point","coordinates":[19.987074,49.982027]}},{"type":"Feature","properties":{"id":"s1545","name":"Janowice Karczma","bus":1,"tram":0,"n":1,"imp":0.054,"node":0,"deg":2,"term":0,"major":0},"geometry":{"type":"Point","coordinates":[19.996961,49.986898]}},{"type":"Feature","properties":{"id":"s1546","name":"Janowice Panciawa I","bus":1,"tram":0,"n":1,"imp":0.054,"node":0,"deg":2,"term":0,"major":0},"geometry":{"type":"Point","coordinates":[19.980162,49.984929]}},{"type":"Feature","properties":{"id":"s1547","name":"Janowice Panciawa I","bus":1,"tram":0,"n":1,"imp":0.054,"node":0,"deg":2,"term":0,"major":0},"geometry":{"type":"Point","coordinates":[19.98273,49.982027]}},{"type":"Feature","properties":{"id":"s1548","name":"Janowice Pod Szkołą","bus":1,"tram":0,"n":1,"imp":0.054,"node":0,"deg":2,"term":0,"major":0},"geometry":{"type":"Point","coordinates":[19.995548,49.989078]}},{"type":"Feature","properties":{"id":"s1549","name":"Janowice Szkoła","bus":1,"tram":0,"n":1,"imp":0.059,"node":1,"deg":1,"term":1,"major":0},"geometry":{"type":"Point","coordinates":[19.992119,49.989078]}},{"type":"Feature","properties":{"id":"s1550","name":"Janowice Szkoła","bus":1,"tram":0,"n":1,"imp":0.059,"node":1,"deg":1,"term":1,"major":0},"geometry":{"type":"Point","coordinates":[19.989372,49.992603]}},{"type":"Feature","properties":{"id":"s1551","name":"Janowice Szwaby","bus":1,"tram":0,"n":1,"imp":0.054,"node":0,"deg":2,"term":0,"major":0},"geometry":{"type":"Point","coordinates":[19.987597,49.989701]}},{"type":"Feature","properties":{"id":"s1552","name":"Janowice Wilga","bus":1,"tram":0,"n":1,"imp":0.054,"node":0,"deg":2,"term":0,"major":0},"geometry":{"type":"Point","coordinates":[20.001001,49.991253]}},{"type":"Feature","properties":{"id":"s1553","name":"Kokotów Strefa Aktywności Gospodarczej","bus":1,"tram":0,"n":1,"imp":0.054,"node":0,"deg":2,"term":0,"major":0},"geometry":{"type":"Point","coordinates":[20.044301,50.035058]}},{"type":"Feature","properties":{"id":"s1554","name":"Kokotów Strefa Aktywności Gospodarczej","bus":1,"tram":0,"n":1,"imp":0.054,"node":0,"deg":2,"term":0,"major":0},"geometry":{"type":"Point","coordinates":[20.03921,50.036928]}},{"type":"Feature","properties":{"id":"s1555","name":"Kokotów Wiadukt","bus":1,"tram":0,"n":1,"imp":0.074,"node":1,"deg":3,"term":0,"major":0},"geometry":{"type":"Point","coordinates":[20.036062,50.033144]}},{"type":"Feature","properties":{"id":"s1556","name":"Kokotów Wiadukt","bus":1,"tram":0,"n":1,"imp":0.074,"node":1,"deg":3,"term":0,"major":0},"geometry":{"type":"Point","coordinates":[20.038808,50.031382]}},{"type":"Feature","properties":{"id":"s1557","name":"Koźmice Wielkie Bugaj","bus":1,"tram":0,"n":1,"imp":0.054,"node":0,"deg":2,"term":0,"major":0},"geometry":{"type":"Point","coordinates":[20.005851,49.991915]}},{"type":"Feature","properties":{"id":"s1558","name":"Koźmice Wielkie Bugaj","bus":1,"tram":0,"n":1,"imp":0.054,"node":0,"deg":2,"term":0,"major":0},"geometry":{"type":"Point","coordinates":[20.004329,49.990054]}},{"type":"Feature","properties":{"id":"s1559","name":"Koźmice Wielkie Centrum","bus":1,"tram":0,"n":1,"imp":0.054,"node":0,"deg":2,"term":0,"major":0},"geometry":{"type":"Point","coordinates":[20.005851,49.992732]}},{"type":"Feature","properties":{"id":"s1560","name":"Koźmice Wielkie Centrum","bus":1,"tram":0,"n":1,"imp":0.054,"node":0,"deg":2,"term":0,"major":0},"geometry":{"type":"Point","coordinates":[20.003717,49.990447]}},{"type":"Feature","properties":{"id":"s1561","name":"Koźmice Wielkie Dąbrowy","bus":1,"tram":0,"n":1,"imp":0.054,"node":0,"deg":2,"term":0,"major":0},"geometry":{"type":"Point","coordinates":[20.005851,49.989465]}},{"type":"Feature","properties":{"id":"s1562","name":"Koźmice Wielkie Dąbrowy","bus":1,"tram":0,"n":1,"imp":0.054,"node":0,"deg":2,"term":0,"major":0},"geometry":{"type":"Point","coordinates":[20.005851,49.988792]}},{"type":"Feature","properties":{"id":"s1563","name":"Koźmice Wielkie Dąbrowy I","bus":1,"tram":0,"n":1,"imp":0.054,"node":0,"deg":2,"term":0,"major":0},"geometry":{"type":"Point","coordinates":[20.004941,49.989661]}},{"type":"Feature","properties":{"id":"s1564","name":"Koźmice Wielkie Dąbrowy I","bus":1,"tram":0,"n":1,"imp":0.054,"node":0,"deg":2,"term":0,"major":0},"geometry":{"type":"Point","coordinates":[20.005851,49.991098]}},{"type":"Feature","properties":{"id":"s1565","name":"Koźmice Wielkie Dąbrowy II","bus":1,"tram":0,"n":1,"imp":0.054,"node":0,"deg":2,"term":0,"major":0},"geometry":{"type":"Point","coordinates":[20.005851,49.990282]}},{"type":"Feature","properties":{"id":"s1566","name":"Koźmice Wielkie Dąbrowy II","bus":1,"tram":0,"n":1,"imp":0.054,"node":0,"deg":2,"term":0,"major":0},"geometry":{"type":"Point","coordinates":[20.005554,49.989268]}},{"type":"Feature","properties":{"id":"s1567","name":"Koźmice Wielkie Dąbrowy III","bus":1,"tram":0,"n":1,"imp":0.054,"node":0,"deg":2,"term":0,"major":0},"geometry":{"type":"Point","coordinates":[20.005851,49.988236]}},{"type":"Feature","properties":{"id":"s1568","name":"Koźmice Wielkie Kopce","bus":1,"tram":0,"n":2,"imp":0.07,"node":0,"deg":2,"term":0,"major":0},"geometry":{"type":"Point","coordinates":[20.008754,49.990941]}},{"type":"Feature","properties":{"id":"s1569","name":"Koźmice Wielkie Kopce","bus":1,"tram":0,"n":2,"imp":0.09,"node":1,"deg":3,"term":0,"major":0},"geometry":{"type":"Point","coordinates":[20.005851,49.994366]}},{"type":"Feature","properties":{"id":"s1570","name":"Koźmice Wielkie Podjanowice","bus":1,"tram":0,"n":1,"imp":0.054,"node":0,"deg":2,"term":0,"major":0},"geometry":{"type":"Point","coordinates":[20.000033,49.988869]}},{"type":"Feature","properties":{"id":"s1571","name":"Koźmice Wielkie Stara Poczta","bus":1,"tram":0,"n":1,"imp":0.054,"node":0,"deg":2,"term":0,"major":0},"geometry":{"type":"Point","coordinates":[20.005851,49.993549]}},{"type":"Feature","properties":{"id":"s1572","name":"Koźmice Wielkie Stara Poczta","bus":1,"tram":0,"n":2,"imp":0.09,"node":1,"deg":3,"term":0,"major":0},"geometry":{"type":"Point","coordinates":[20.003104,49.99084]}},{"type":"Feature","properties":{"id":"s1573","name":"Koźmice Wielkie Stara Poczta","bus":1,"tram":0,"n":1,"imp":0.054,"node":0,"deg":2,"term":0,"major":0},"geometry":{"type":"Point","coordinates":[20.003426,49.99281]}},{"type":"Feature","properties":{"id":"s1574","name":"Lednica Górna Budzyń","bus":1,"tram":0,"n":1,"imp":0.054,"node":0,"deg":2,"term":0,"major":0},"geometry":{"type":"Point","coordinates":[20.030033,50.005286]}},{"type":"Feature","properties":{"id":"s1575","name":"Lednica Górna Granica","bus":1,"tram":0,"n":1,"imp":0.054,"node":0,"deg":2,"term":0,"major":0},"geometry":{"type":"Point","coordinates":[20.029296,50.005759]}},{"type":"Feature","properties":{"id":"s1576","name":"Lednica Górna Kocowa","bus":1,"tram":0,"n":1,"imp":0.054,"node":0,"deg":2,"term":0,"major":0},"geometry":{"type":"Point","coordinates":[20.032936,50.004942]}},{"type":"Feature","properties":{"id":"s1577","name":"Lednica Górna Skrzyżowanie","bus":1,"tram":0,"n":1,"imp":0.054,"node":0,"deg":2,"term":0,"major":0},"geometry":{"type":"Point","coordinates":[20.031894,50.004942]}},{"type":"Feature","properties":{"id":"s1578","name":"Lednica Górna Świetlica","bus":1,"tram":0,"n":1,"imp":0.054,"node":0,"deg":2,"term":0,"major":0},"geometry":{"type":"Point","coordinates":[20.03502,50.004942]}},{"type":"Feature","properties":{"id":"s1579","name":"Lednica Górna Wieś","bus":1,"tram":0,"n":1,"imp":0.054,"node":0,"deg":2,"term":0,"major":0},"geometry":{"type":"Point","coordinates":[20.030852,50.004942]}},{"type":"Feature","properties":{"id":"s1580","name":"Lednica Górna Winnica","bus":1,"tram":0,"n":1,"imp":0.054,"node":0,"deg":2,"term":0,"major":0},"geometry":{"type":"Point","coordinates":[20.033978,50.004942]}},{"type":"Feature","properties":{"id":"s1581","name":"Mała Wieś Leśna","bus":1,"tram":0,"n":1,"imp":0.054,"node":0,"deg":2,"term":0,"major":0},"geometry":{"type":"Point","coordinates":[20.046337,50.022113]}},{"type":"Feature","properties":{"id":"s1582","name":"Mała Wieś Leśna","bus":1,"tram":0,"n":1,"imp":0.054,"node":0,"deg":2,"term":0,"major":0},"geometry":{"type":"Point","coordinates":[20.046337,50.022113]}},{"type":"Feature","properties":{"id":"s1583","name":"Mała Wieś Miła","bus":1,"tram":0,"n":1,"imp":0.054,"node":0,"deg":2,"term":0,"major":0},"geometry":{"type":"Point","coordinates":[20.044301,50.022921]}},{"type":"Feature","properties":{"id":"s1584","name":"Mała Wieś Miła","bus":1,"tram":0,"n":1,"imp":0.054,"node":0,"deg":2,"term":0,"major":0},"geometry":{"type":"Point","coordinates":[20.044301,50.022921]}},{"type":"Feature","properties":{"id":"s1585","name":"Mała Wieś Sklep","bus":1,"tram":0,"n":1,"imp":0.054,"node":0,"deg":2,"term":0,"major":0},"geometry":{"type":"Point","coordinates":[20.044301,50.021863]}},{"type":"Feature","properties":{"id":"s1586","name":"Mała Wieś Sklep","bus":1,"tram":0,"n":1,"imp":0.054,"node":0,"deg":2,"term":0,"major":0},"geometry":{"type":"Point","coordinates":[20.044301,50.021863]}},{"type":"Feature","properties":{"id":"s1587","name":"Mała Wieś Zakątek","bus":1,"tram":0,"n":1,"imp":0.054,"node":0,"deg":2,"term":0,"major":0},"geometry":{"type":"Point","coordinates":[20.044301,50.023978]}},{"type":"Feature","properties":{"id":"s1588","name":"Mała Wieś Zakątek","bus":1,"tram":0,"n":1,"imp":0.054,"node":0,"deg":2,"term":0,"major":0},"geometry":{"type":"Point","coordinates":[20.044301,50.023978]}},{"type":"Feature","properties":{"id":"s1589","name":"Mietniów Kluczna","bus":1,"tram":0,"n":1,"imp":0.054,"node":0,"deg":2,"term":0,"major":0},"geometry":{"type":"Point","coordinates":[20.02787,49.999623]}},{"type":"Feature","properties":{"id":"s1590","name":"Mietniów Kluczna","bus":1,"tram":0,"n":1,"imp":0.054,"node":0,"deg":2,"term":0,"major":0},"geometry":{"type":"Point","coordinates":[20.028215,49.997639]}},{"type":"Feature","properties":{"id":"s1591","name":"Mietniów Pawlikowice","bus":1,"tram":0,"n":1,"imp":0.054,"node":0,"deg":2,"term":0,"major":0},"geometry":{"type":"Point","coordinates":[20.025561,50.001105]}},{"type":"Feature","properties":{"id":"s1592","name":"Mietniów Pod Aniołem","bus":1,"tram":0,"n":1,"imp":0.054,"node":0,"deg":2,"term":0,"major":0},"geometry":{"type":"Point","coordinates":[20.026023,50.000808]}},{"type":"Feature","properties":{"id":"s1593","name":"Mietniów Pod Aniołem","bus":1,"tram":0,"n":1,"imp":0.054,"node":0,"deg":2,"term":0,"major":0},"geometry":{"type":"Point","coordinates":[20.026253,49.998898]}},{"type":"Feature","properties":{"id":"s1594","name":"Mietniów Skrzynki","bus":1,"tram":0,"n":1,"imp":0.054,"node":0,"deg":2,"term":0,"major":0},"geometry":{"type":"Point","coordinates":[20.027234,49.998269]}},{"type":"Feature","properties":{"id":"s1595","name":"Mietniów Skrzynki","bus":1,"tram":0,"n":1,"imp":0.054,"node":0,"deg":2,"term":0,"major":0},"geometry":{"type":"Point","coordinates":[20.026947,50.000216]}},{"type":"Feature","properties":{"id":"s1596","name":"Mietniów Stawy","bus":1,"tram":0,"n":1,"imp":0.054,"node":0,"deg":2,"term":0,"major":0},"geometry":{"type":"Point","coordinates":[20.027724,49.997954]}},{"type":"Feature","properties":{"id":"s1597","name":"Mietniów Stawy","bus":1,"tram":0,"n":1,"imp":0.054,"node":0,"deg":2,"term":0,"major":0},"geometry":{"type":"Point","coordinates":[20.027408,49.999919]}},{"type":"Feature","properties":{"id":"s1598","name":"Mietniów Szkoła","bus":1,"tram":0,"n":1,"imp":0.054,"node":0,"deg":2,"term":0,"major":0},"geometry":{"type":"Point","coordinates":[20.026485,50.000512]}},{"type":"Feature","properties":{"id":"s1599","name":"Mietniów Szkoła","bus":1,"tram":0,"n":1,"imp":0.054,"node":0,"deg":2,"term":0,"major":0},"geometry":{"type":"Point","coordinates":[20.026743,49.998583]}},{"type":"Feature","properties":{"id":"s1600","name":"Pawlikowice","bus":1,"tram":0,"n":1,"imp":0.054,"node":0,"deg":2,"term":0,"major":0},"geometry":{"type":"Point","coordinates":[20.023801,50.000472]}},{"type":"Feature","properties":{"id":"s1601","name":"Pawlikowice","bus":1,"tram":0,"n":1,"imp":0.054,"node":0,"deg":2,"term":0,"major":0},"geometry":{"type":"Point","coordinates":[20.023715,50.00229]}},{"type":"Feature","properties":{"id":"s1602","name":"Pawlikowice Cmentarz","bus":1,"tram":0,"n":1,"imp":0.054,"node":0,"deg":2,"term":0,"major":0},"geometry":{"type":"Point","coordinates":[20.025272,49.999528]}},{"type":"Feature","properties":{"id":"s1603","name":"Pawlikowice Cmentarz","bus":1,"tram":0,"n":1,"imp":0.054,"node":0,"deg":2,"term":0,"major":0},"geometry":{"type":"Point","coordinates":[20.0251,50.001401]}},{"type":"Feature","properties":{"id":"s1604","name":"Pawlikowice Granica","bus":1,"tram":0,"n":1,"imp":0.054,"node":0,"deg":2,"term":0,"major":0},"geometry":{"type":"Point","coordinates":[20.025763,49.999213]}},{"type":"Feature","properties":{"id":"s1605","name":"Pawlikowice Krzyż","bus":1,"tram":0,"n":1,"imp":0.054,"node":0,"deg":2,"term":0,"major":0},"geometry":{"type":"Point","coordinates":[20.024638,50.001697]}},{"type":"Feature","properties":{"id":"s1606","name":"Pawlikowice Krzyż","bus":1,"tram":0,"n":1,"imp":0.054,"node":0,"deg":2,"term":0,"major":0},"geometry":{"type":"Point","coordinates":[20.024782,49.999843]}},{"type":"Feature","properties":{"id":"s1607","name":"Pawlikowice Rożnowa","bus":1,"tram":0,"n":1,"imp":0.054,"node":0,"deg":2,"term":0,"major":0},"geometry":{"type":"Point","coordinates":[20.02282,50.001102]}},{"type":"Feature","properties":{"id":"s1608","name":"Pawlikowice Rożnowa","bus":1,"tram":0,"n":1,"imp":0.054,"node":0,"deg":2,"term":0,"major":0},"geometry":{"type":"Point","coordinates":[20.022791,50.002883]}},{"type":"Feature","properties":{"id":"s1609","name":"Pawlikowice Skrzyżowanie","bus":1,"tram":0,"n":1,"imp":0.054,"node":0,"deg":2,"term":0,"major":0},"geometry":{"type":"Point","coordinates":[20.024176,50.001994]}},{"type":"Feature","properties":{"id":"s1610","name":"Pawlikowice Skrzyżowanie","bus":1,"tram":0,"n":1,"imp":0.054,"node":0,"deg":2,"term":0,"major":0},"geometry":{"type":"Point","coordinates":[20.024291,50.000157]}},{"type":"Feature","properties":{"id":"s1611","name":"Pawlikowice Taszyce","bus":1,"tram":0,"n":1,"imp":0.054,"node":0,"deg":2,"term":0,"major":0},"geometry":{"type":"Point","coordinates":[20.023253,50.002586]}},{"type":"Feature","properties":{"id":"s1612","name":"Pawlikowice Taszyce","bus":1,"tram":0,"n":1,"imp":0.054,"node":0,"deg":2,"term":0,"major":0},"geometry":{"type":"Point","coordinates":[20.02331,50.000787]}},{"type":"Feature","properties":{"id":"s1613","name":"Raciborsko Krzyżówka","bus":1,"tram":0,"n":1,"imp":0.054,"node":0,"deg":2,"term":0,"major":0},"geometry":{"type":"Point","coordinates":[20.028332,49.999327]}},{"type":"Feature","properties":{"id":"s1614","name":"Raciborsko Krzyżówka","bus":1,"tram":0,"n":1,"imp":0.054,"node":0,"deg":2,"term":0,"major":0},"geometry":{"type":"Point","coordinates":[20.028705,49.997324]}},{"type":"Feature","properties":{"id":"s1615","name":"Siercza Centrum","bus":1,"tram":0,"n":1,"imp":0.054,"node":0,"deg":2,"term":0,"major":0},"geometry":{"type":"Point","coordinates":[20.012599,49.999654]}},{"type":"Feature","properties":{"id":"s1616","name":"Siercza Centrum","bus":1,"tram":0,"n":1,"imp":0.054,"node":0,"deg":2,"term":0,"major":0},"geometry":{"type":"Point","coordinates":[20.018695,49.997321]}},{"type":"Feature","properties":{"id":"s1617","name":"Siercza Chalakówka","bus":1,"tram":0,"n":1,"imp":0.054,"node":0,"deg":2,"term":0,"major":0},"geometry":{"type":"Point","coordinates":[20.016601,49.999654]}},{"type":"Feature","properties":{"id":"s1618","name":"Siercza Chalakówka","bus":1,"tram":0,"n":1,"imp":0.054,"node":0,"deg":2,"term":0,"major":0},"geometry":{"type":"Point","coordinates":[20.020554,49.998514]}},{"type":"Feature","properties":{"id":"s1619","name":"Siercza Kapliczka","bus":1,"tram":0,"n":1,"imp":0.054,"node":0,"deg":2,"term":0,"major":0},"geometry":{"type":"Point","coordinates":[20.003112,49.997896]}},{"type":"Feature","properties":{"id":"s1620","name":"Siercza Kapliczka","bus":1,"tram":0,"n":1,"imp":0.054,"node":0,"deg":2,"term":0,"major":0},"geometry":{"type":"Point","coordinates":[20.002346,50.001416]}},{"type":"Feature","properties":{"id":"s1621","name":"Siercza Klasno","bus":1,"tram":0,"n":1,"imp":0.054,"node":0,"deg":2,"term":0,"major":0},"geometry":{"type":"Point","coordinates":[20.010428,50.002591]}},{"type":"Feature","properties":{"id":"s1622","name":"Siercza Klasno","bus":1,"tram":0,"n":1,"imp":0.054,"node":0,"deg":2,"term":0,"major":0},"geometry":{"type":"Point","coordinates":[20.009286,50.001858]}},{"type":"Feature","properties":{"id":"s1623","name":"Siercza Przetakówka","bus":1,"tram":0,"n":1,"imp":0.054,"node":0,"deg":2,"term":0,"major":0},"geometry":{"type":"Point","coordinates":[20.009513,50.002004]}},{"type":"Feature","properties":{"id":"s1624","name":"Siercza Przetakówka","bus":1,"tram":0,"n":1,"imp":0.054,"node":0,"deg":2,"term":0,"major":0},"geometry":{"type":"Point","coordinates":[20.007228,50.000537]}},{"type":"Feature","properties":{"id":"s1625","name":"Siercza Sklep","bus":1,"tram":0,"n":2,"imp":0.07,"node":0,"deg":2,"term":0,"major":0},"geometry":{"type":"Point","coordinates":[20.005851,49.997375]}},{"type":"Feature","properties":{"id":"s1626","name":"Siercza Sklep","bus":1,"tram":0,"n":2,"imp":0.07,"node":0,"deg":2,"term":0,"major":0},"geometry":{"type":"Point","coordinates":[20.012795,49.993535]}},{"type":"Feature","properties":{"id":"s1627","name":"Siercza Sosna","bus":1,"tram":0,"n":2,"imp":0.09,"node":1,"deg":3,"term":0,"major":0},"geometry":{"type":"Point","coordinates":[20.016837,49.996128]}},{"type":"Feature","properties":{"id":"s1628","name":"Siercza Sosna","bus":1,"tram":0,"n":2,"imp":0.09,"node":1,"deg":3,"term":0,"major":0},"geometry":{"type":"Point","coordinates":[20.008597,49.999654]}},{"type":"Feature","properties":{"id":"s1629","name":"Siercza Stacja Paliw","bus":1,"tram":0,"n":2,"imp":0.109,"node":1,"deg":4,"term":0,"major":0},"geometry":{"type":"Point","coordinates":[20.008597,50.001416]}},{"type":"Feature","properties":{"id":"s1630","name":"Siercza Szkoła","bus":1,"tram":0,"n":1,"imp":0.054,"node":0,"deg":2,"term":0,"major":0},"geometry":{"type":"Point","coordinates":[20.00517,49.999217]}},{"type":"Feature","properties":{"id":"s1631","name":"Siercza Szkoła","bus":1,"tram":0,"n":1,"imp":0.054,"node":0,"deg":2,"term":0,"major":0},"geometry":{"type":"Point","coordinates":[20.005472,50.001416]}},{"type":"Feature","properties":{"id":"s1632","name":"Siercza Zbiorniki","bus":1,"tram":0,"n":1,"imp":0.054,"node":0,"deg":2,"term":0,"major":0},"geometry":{"type":"Point","coordinates":[20.006253,50.002921]}},{"type":"Feature","properties":{"id":"s1633","name":"Siercza Zbiorniki","bus":1,"tram":0,"n":1,"imp":0.054,"node":0,"deg":2,"term":0,"major":0},"geometry":{"type":"Point","coordinates":[20.015463,49.99701]}},{"type":"Feature","properties":{"id":"s1634","name":"Strumiany Kościół","bus":1,"tram":0,"n":1,"imp":0.054,"node":0,"deg":2,"term":0,"major":0},"geometry":{"type":"Point","coordinates":[20.044301,50.025036]}},{"type":"Feature","properties":{"id":"s1635","name":"Strumiany Przedszkole","bus":1,"tram":0,"n":1,"imp":0.054,"node":0,"deg":2,"term":0,"major":0},"geometry":{"type":"Point","coordinates":[20.044301,50.025036]}},{"type":"Feature","properties":{"id":"s1636","name":"Sułków Boisko","bus":1,"tram":0,"n":1,"imp":0.054,"node":0,"deg":2,"term":0,"major":0},"geometry":{"type":"Point","coordinates":[20.044301,50.017487]}},{"type":"Feature","properties":{"id":"s1637","name":"Sułków Kościół","bus":1,"tram":0,"n":1,"imp":0.054,"node":0,"deg":2,"term":0,"major":0},"geometry":{"type":"Point","coordinates":[20.044301,50.012509]}},{"type":"Feature","properties":{"id":"s1638","name":"Sułków Osiedle","bus":1,"tram":0,"n":1,"imp":0.054,"node":0,"deg":2,"term":0,"major":0},"geometry":{"type":"Point","coordinates":[20.044301,50.009743]}},{"type":"Feature","properties":{"id":"s1639","name":"Sułków Osiedle","bus":1,"tram":0,"n":1,"imp":0.054,"node":0,"deg":2,"term":0,"major":0},"geometry":{"type":"Point","coordinates":[20.044301,50.010849]}},{"type":"Feature","properties":{"id":"s1640","name":"Sułków OSP","bus":1,"tram":0,"n":1,"imp":0.054,"node":0,"deg":2,"term":0,"major":0},"geometry":{"type":"Point","coordinates":[20.044301,50.01804]}},{"type":"Feature","properties":{"id":"s1641","name":"Sułków Sklep","bus":1,"tram":0,"n":1,"imp":0.054,"node":0,"deg":2,"term":0,"major":0},"geometry":{"type":"Point","coordinates":[20.044301,50.014168]}},{"type":"Feature","properties":{"id":"s1642","name":"Sułków Sklep","bus":1,"tram":0,"n":1,"imp":0.054,"node":0,"deg":2,"term":0,"major":0},"geometry":{"type":"Point","coordinates":[20.044301,50.015274]}},{"type":"Feature","properties":{"id":"s1643","name":"Sułków Zwólka","bus":1,"tram":0,"n":1,"imp":0.054,"node":0,"deg":2,"term":0,"major":0},"geometry":{"type":"Point","coordinates":[20.04266,50.007414]}},{"type":"Feature","properties":{"id":"s1644","name":"Sułków Zwólka","bus":1,"tram":0,"n":1,"imp":0.054,"node":0,"deg":2,"term":0,"major":0},"geometry":{"type":"Point","coordinates":[20.044301,50.00753]}},{"type":"Feature","properties":{"id":"s1645","name":"Sygneczów Kościół","bus":1,"tram":0,"n":1,"imp":0.054,"node":0,"deg":2,"term":0,"major":0},"geometry":{"type":"Point","coordinates":[19.9897,49.996128]}},{"type":"Feature","properties":{"id":"s1646","name":"Sygneczów Kościół","bus":1,"tram":0,"n":1,"imp":0.054,"node":0,"deg":2,"term":0,"major":0},"geometry":{"type":"Point","coordinates":[19.9883,49.998965]}},{"type":"Feature","properties":{"id":"s1647","name":"Sygneczów Młyn","bus":1,"tram":0,"n":1,"imp":0.054,"node":0,"deg":2,"term":0,"major":0},"geometry":{"type":"Point","coordinates":[20.001054,49.996575]}},{"type":"Feature","properties":{"id":"s1648","name":"Sygneczów Młyn","bus":1,"tram":0,"n":1,"imp":0.054,"node":0,"deg":2,"term":0,"major":0},"geometry":{"type":"Point","coordinates":[19.99922,50.001416]}},{"type":"Feature","properties":{"id":"s1649","name":"Sygneczów Sklep","bus":1,"tram":0,"n":1,"imp":0.054,"node":0,"deg":2,"term":0,"major":0},"geometry":{"type":"Point","coordinates":[19.986089,49.997547]}},{"type":"Feature","properties":{"id":"s1650","name":"Sygneczów Sklep","bus":1,"tram":0,"n":1,"imp":0.054,"node":0,"deg":2,"term":0,"major":0},"geometry":{"type":"Point","coordinates":[19.98679,49.996128]}},{"type":"Feature","properties":{"id":"s1651","name":"Sygneczów Stacja Trafo","bus":1,"tram":0,"n":1,"imp":0.054,"node":0,"deg":2,"term":0,"major":0},"geometry":{"type":"Point","coordinates":[19.99051,50.000384]}},{"type":"Feature","properties":{"id":"s1652","name":"Sygneczów Stacja Trafo","bus":1,"tram":0,"n":1,"imp":0.054,"node":0,"deg":2,"term":0,"major":0},"geometry":{"type":"Point","coordinates":[19.992611,49.996128]}},{"type":"Feature","properties":{"id":"s1653","name":"Sygneczów Wilga","bus":1,"tram":0,"n":1,"imp":0.054,"node":0,"deg":2,"term":0,"major":0},"geometry":{"type":"Point","coordinates":[19.996095,50.001416]}},{"type":"Feature","properties":{"id":"s1654","name":"Sygneczów Wilga","bus":1,"tram":0,"n":1,"imp":0.054,"node":0,"deg":2,"term":0,"major":0},"geometry":{"type":"Point","coordinates":[19.998431,49.996128]}},{"type":"Feature","properties":{"id":"s1655","name":"Sygneczów Zakręt","bus":1,"tram":0,"n":1,"imp":0.054,"node":0,"deg":2,"term":0,"major":0},"geometry":{"type":"Point","coordinates":[19.992969,50.001416]}},{"type":"Feature","properties":{"id":"s1656","name":"Sygneczów Zakręt","bus":1,"tram":0,"n":1,"imp":0.054,"node":0,"deg":2,"term":0,"major":0},"geometry":{"type":"Point","coordinates":[19.995521,49.996128]}},{"type":"Feature","properties":{"id":"s1657","name":"Śledziejowice Arka","bus":1,"tram":0,"n":1,"imp":0.054,"node":0,"deg":2,"term":0,"major":0},"geometry":{"type":"Point","coordinates":[20.039597,50.017787]}},{"type":"Feature","properties":{"id":"s1658","name":"Śledziejowice Europejska","bus":1,"tram":0,"n":1,"imp":0.054,"node":0,"deg":2,"term":0,"major":0},"geometry":{"type":"Point","coordinates":[20.03764,50.016531]}},{"type":"Feature","properties":{"id":"s1659","name":"Śledziejowice Europejska","bus":1,"tram":0,"n":1,"imp":0.054,"node":0,"deg":2,"term":0,"major":0},"geometry":{"type":"Point","coordinates":[20.031164,50.02295]}},{"type":"Feature","properties":{"id":"s1660","name":"Śledziejowice Europejska","bus":1,"tram":0,"n":1,"imp":0.054,"node":0,"deg":2,"term":0,"major":0},"geometry":{"type":"Point","coordinates":[20.036062,50.022082]}},{"type":"Feature","properties":{"id":"s1661","name":"Śledziejowice Europejska","bus":1,"tram":0,"n":1,"imp":0.054,"node":0,"deg":2,"term":0,"major":0},"geometry":{"type":"Point","coordinates":[20.033211,50.024264]}},{"type":"Feature","properties":{"id":"s1662","name":"Śledziejowice Europejska","bus":1,"tram":0,"n":2,"imp":0.09,"node":1,"deg":3,"term":0,"major":0},"geometry":{"type":"Point","coordinates":[20.041555,50.019043]}},{"type":"Feature","properties":{"id":"s1663","name":"Śledziejowice Kresy","bus":1,"tram":0,"n":1,"imp":0.054,"node":0,"deg":2,"term":0,"major":0},"geometry":{"type":"Point","coordinates":[20.038742,50.017238]}},{"type":"Feature","properties":{"id":"s1664","name":"Śledziejowice Kresy","bus":1,"tram":0,"n":1,"imp":0.054,"node":0,"deg":2,"term":0,"major":0},"geometry":{"type":"Point","coordinates":[20.034989,50.020117]}},{"type":"Feature","properties":{"id":"s1665","name":"Śledziejowice Szkoła","bus":1,"tram":0,"n":2,"imp":0.09,"node":1,"deg":3,"term":0,"major":0},"geometry":{"type":"Point","coordinates":[20.036062,50.024331]}},{"type":"Feature","properties":{"id":"s1666","name":"Śledziejowice Szkoła","bus":1,"tram":0,"n":2,"imp":0.07,"node":0,"deg":2,"term":0,"major":0},"geometry":{"type":"Point","coordinates":[20.041555,50.022933]}},{"type":"Feature","properties":{"id":"s1667","name":"ul. Sadowa Gościniec","bus":1,"tram":0,"n":1,"imp":0.054,"node":0,"deg":2,"term":0,"major":0},"geometry":{"type":"Point","coordinates":[20.00076,50.0052]}},{"type":"Feature","properties":{"id":"s1668","name":"ul. Sadowa Szkoła","bus":1,"tram":0,"n":1,"imp":0.074,"node":1,"deg":3,"term":0,"major":0},"geometry":{"type":"Point","coordinates":[20.005851,50.008467]}},{"type":"Feature","properties":{"id":"s1669","name":"ul. Sadowa Szkoła","bus":1,"tram":0,"n":2,"imp":0.109,"node":1,"deg":4,"term":0,"major":0},"geometry":{"type":"Point","coordinates":[20.005851,50.01023]}},{"type":"Feature","properties":{"id":"s1670","name":"Węgrzce Wielkie Dąbrowy","bus":1,"tram":0,"n":1,"imp":0.054,"node":0,"deg":2,"term":0,"major":0},"geometry":{"type":"Point","coordinates":[20.052446,50.026033]}},{"type":"Feature","properties":{"id":"s1671","name":"Węgrzce Wielkie Dąbrowy","bus":1,"tram":0,"n":1,"imp":0.054,"node":0,"deg":2,"term":0,"major":0},"geometry":{"type":"Point","coordinates":[20.052446,50.026033]}},{"type":"Feature","properties":{"id":"s1672","name":"Węgrzce Wielkie Krótka","bus":1,"tram":0,"n":1,"imp":0.054,"node":0,"deg":2,"term":0,"major":0},"geometry":{"type":"Point","coordinates":[20.047048,50.031403]}},{"type":"Feature","properties":{"id":"s1673","name":"Węgrzce Wielkie Krótka","bus":1,"tram":0,"n":1,"imp":0.054,"node":0,"deg":2,"term":0,"major":0},"geometry":{"type":"Point","coordinates":[20.047048,50.032112]}},{"type":"Feature","properties":{"id":"s1674","name":"Węgrzce Wielkie Krupy","bus":1,"tram":0,"n":1,"imp":0.054,"node":0,"deg":2,"term":0,"major":0},"geometry":{"type":"Point","coordinates":[20.050598,50.035423]}},{"type":"Feature","properties":{"id":"s1675","name":"Węgrzce Wielkie Krupy","bus":1,"tram":0,"n":1,"imp":0.054,"node":0,"deg":2,"term":0,"major":0},"geometry":{"type":"Point","coordinates":[20.049036,50.03442]}},{"type":"Feature","properties":{"id":"s1676","name":"Węgrzce Wielkie Krupy II","bus":1,"tram":0,"n":1,"imp":0.054,"node":0,"deg":2,"term":0,"major":0},"geometry":{"type":"Point","coordinates":[20.055287,50.038432]}},{"type":"Feature","properties":{"id":"s1677","name":"Węgrzce Wielkie Krupy II","bus":1,"tram":0,"n":1,"imp":0.054,"node":0,"deg":2,"term":0,"major":0},"geometry":{"type":"Point","coordinates":[20.052943,50.036928]}},{"type":"Feature","properties":{"id":"s1678","name":"Węgrzce Wielkie os. Piaski","bus":1,"tram":0,"n":1,"imp":0.054,"node":0,"deg":2,"term":0,"major":0},"geometry":{"type":"Point","coordinates":[20.05041,50.024726]}},{"type":"Feature","properties":{"id":"s1679","name":"Węgrzce Wielkie os. Piaski","bus":1,"tram":0,"n":1,"imp":0.054,"node":0,"deg":2,"term":0,"major":0},"geometry":{"type":"Point","coordinates":[20.05041,50.024726]}},{"type":"Feature","properties":{"id":"s1680","name":"Węgrzce Wielkie SUW","bus":1,"tram":0,"n":1,"imp":0.054,"node":0,"deg":2,"term":0,"major":0},"geometry":{"type":"Point","coordinates":[20.048374,50.023419]}},{"type":"Feature","properties":{"id":"s1681","name":"Węgrzce Wielkie SUW","bus":1,"tram":0,"n":1,"imp":0.054,"node":0,"deg":2,"term":0,"major":0},"geometry":{"type":"Point","coordinates":[20.048374,50.023419]}},{"type":"Feature","properties":{"id":"s1682","name":"Wieliczka Arena Lekkoatletyczna","bus":1,"tram":0,"n":1,"imp":0.054,"node":0,"deg":2,"term":0,"major":0},"geometry":{"type":"Point","coordinates":[20.025098,50.01023]}},{"type":"Feature","properties":{"id":"s1683","name":"Wieliczka Arena Lekkoatletyczna","bus":1,"tram":0,"n":1,"imp":0.054,"node":0,"deg":2,"term":0,"major":0},"geometry":{"type":"Point","coordinates":[20.018883,50.015069]}},{"type":"Feature","properties":{"id":"s1684","name":"Wieliczka Chopina","bus":1,"tram":0,"n":2,"imp":0.09,"node":1,"deg":3,"term":0,"major":0},"geometry":{"type":"Point","coordinates":[20.025076,50.006704]}},{"type":"Feature","properties":{"id":"s1685","name":"Wieliczka Chopina","bus":1,"tram":0,"n":3,"imp":0.125,"node":1,"deg":4,"term":0,"major":0},"geometry":{"type":"Point","coordinates":[20.027822,50.006704]}},{"type":"Feature","properties":{"id":"s1686","name":"Wieliczka Gdowska","bus":1,"tram":0,"n":2,"imp":0.09,"node":1,"deg":3,"term":0,"major":0},"geometry":{"type":"Point","coordinates":[20.030569,50.008467]}},{"type":"Feature","properties":{"id":"s1687","name":"Wieliczka Mickiewicza","bus":1,"tram":0,"n":4,"imp":0.122,"node":1,"deg":3,"term":0,"major":0},"geometry":{"type":"Point","coordinates":[20.022329,50.01023]}},{"type":"Feature","properties":{"id":"s1688","name":"Wieliczka Mickiewicza","bus":1,"tram":0,"n":4,"imp":0.102,"node":0,"deg":2,"term":0,"major":0},"geometry":{"type":"Point","coordinates":[20.016837,50.011992]}},{"type":"Feature","properties":{"id":"s1689","name":"Wieliczka Mietniowska","bus":1,"tram":0,"n":1,"imp":0.054,"node":0,"deg":2,"term":0,"major":0},"geometry":{"type":"Point","coordinates":[20.028559,50.006232]}},{"type":"Feature","properties":{"id":"s1690","name":"Wieliczka Os. Bogucice","bus":1,"tram":0,"n":1,"imp":0.054,"node":0,"deg":2,"term":0,"major":0},"geometry":{"type":"Point","coordinates":[20.02981,50.011506]}},{"type":"Feature","properties":{"id":"s1691","name":"Wieliczka Os. Bogucice","bus":1,"tram":0,"n":1,"imp":0.054,"node":0,"deg":2,"term":0,"major":0},"geometry":{"type":"Point","coordinates":[20.022977,50.017696]}},{"type":"Feature","properties":{"id":"s1692","name":"Wieliczka Os. Lekarka","bus":1,"tram":0,"n":1,"imp":0.054,"node":0,"deg":2,"term":0,"major":0},"geometry":{"type":"Point","coordinates":[20.029054,50.013755]}},{"type":"Feature","properties":{"id":"s1693","name":"Wieliczka Os. Lekarka","bus":1,"tram":0,"n":1,"imp":0.054,"node":0,"deg":2,"term":0,"major":0},"geometry":{"type":"Point","coordinates":[20.027554,50.015346]}},{"type":"Feature","properties":{"id":"s1694","name":"Wieliczka Osiedle Zdrojowe","bus":1,"tram":0,"n":1,"imp":0.054,"node":0,"deg":2,"term":0,"major":0},"geometry":{"type":"Point","coordinates":[20.0195,50.001363]}},{"type":"Feature","properties":{"id":"s1695","name":"Wieliczka Osiedle Zdrojowe","bus":1,"tram":0,"n":1,"imp":0.054,"node":0,"deg":2,"term":0,"major":0},"geometry":{"type":"Point","coordinates":[20.022329,49.999729]}},{"type":"Feature","properties":{"id":"s1696","name":"Wieliczka Pod Baranem","bus":1,"tram":0,"n":2,"imp":0.109,"node":1,"deg":4,"term":0,"major":0},"geometry":{"type":"Point","coordinates":[20.022329,50.003179]}},{"type":"Feature","properties":{"id":"s1697","name":"Wieliczka Pod Baranem","bus":1,"tram":0,"n":2,"imp":0.109,"node":1,"deg":4,"term":0,"major":0},"geometry":{"type":"Point","coordinates":[20.022329,50.001416]}},{"type":"Feature","properties":{"id":"s1698","name":"Wieliczka Politechniczna","bus":1,"tram":0,"n":1,"imp":0.054,"node":0,"deg":2,"term":0,"major":0},"geometry":{"type":"Point","coordinates":[20.030033,50.016936]}},{"type":"Feature","properties":{"id":"s1699","name":"Wieliczka Politechniczna","bus":1,"tram":0,"n":1,"imp":0.054,"node":0,"deg":2,"term":0,"major":0},"geometry":{"type":"Point","coordinates":[20.033033,50.013755]}},{"type":"Feature","properties":{"id":"s1700","name":"Wieliczka Sienkiewicza","bus":1,"tram":0,"n":1,"imp":0.054,"node":0,"deg":2,"term":0,"major":0},"geometry":{"type":"Point","coordinates":[20.023703,50.011111]}},{"type":"Feature","properties":{"id":"s1701","name":"Wieliczka ul.J.Jedynaka","bus":1,"tram":0,"n":2,"imp":0.07,"node":0,"deg":2,"term":0,"major":0},"geometry":{"type":"Point","coordinates":[20.011344,50.003523]}},{"type":"Feature","properties":{"id":"s1702","name":"Wieliczka ul.J.Jedynaka","bus":1,"tram":0,"n":2,"imp":0.07,"node":0,"deg":2,"term":0,"major":0},"geometry":{"type":"Point","coordinates":[20.008865,50.005114]}},{"type":"Feature","properties":{"id":"s1703","name":"Wieliczka Winnicka","bus":1,"tram":0,"n":1,"imp":0.054,"node":0,"deg":2,"term":0,"major":0},"geometry":{"type":"Point","coordinates":[20.027853,50.010249]}},{"type":"Feature","properties":{"id":"s1704","name":"Wieliczka Winnicka","bus":1,"tram":0,"n":1,"imp":0.054,"node":0,"deg":2,"term":0,"major":0},"geometry":{"type":"Point","coordinates":[20.02093,50.016382]}},{"type":"Feature","properties":{"id":"s1705","name":"Zabawa Lurańce","bus":1,"tram":0,"n":1,"imp":0.054,"node":0,"deg":2,"term":0,"major":0},"geometry":{"type":"Point","coordinates":[20.035928,50.015432]}},{"type":"Feature","properties":{"id":"s1706","name":"Zabawa Lurańce","bus":1,"tram":0,"n":1,"imp":0.054,"node":0,"deg":2,"term":0,"major":0},"geometry":{"type":"Point","coordinates":[20.032511,50.018527]}}]}